-1.0,5.0,2.324573410394064e-96,-4.745658258241624e-99,-7.900155162170328e-99,-1.1018030236709276e-98,-1.4170441329932593e-98,-1.7218882677369795e-98,0.0
-0.997997997997998,5.0,1.8445485816089113e-95,-3.765678971418796e-98,-6.268771695362935e-98,-8.742805004295805e-98,-1.1244242637821667e-97,-1.3663180296830692e-97,0.0
-0.995995995995996,5.0,1.6178270463135945e-94,-3.302822895768751e-97,-5.498249543027533e-97,-7.668188595096889e-97,-9.862163586341037e-97,-1.1983779035839149e-96,0.0
-0.993993993993994,5.0,1.4159929309046103e-93,-2.8907749336339845e-96,-4.812308276720068e-96,-6.71153376267382e-96,-8.63179655297769e-96,-1.0488727110191908e-95,0.0
-0.991991991991992,5.0,1.2356007470632123e-92,-2.5225010588915e-95,-4.199238267393835e-95,-5.856509556020088e-95,-7.532138075395083e-95,-9.152502650430492e-95,0.0
-0.98998998998999,5.0,1.0754039979946808e-91,-2.1954565260059325e-94,-3.6548032461302475e-94,-5.097207820412437e-94,-6.555589593952745e-94,-7.965872443282299e-94,0.0
-0.987987987987988,5.0,9.339540962827445e-91,-1.9066840178178941e-93,-3.1740801309980805e-93,-4.4267625305054725e-93,-5.693320618332855e-93,-6.918106323523391e-93,0.0
-0.985985985985986,5.0,8.096693375749316e-90,-1.652954456558173e-92,-2.7516934368655974e-92,-3.837676712315434e-92,-4.935689186432697e-92,-5.9974880848366385e-92,0.0
-0.983983983983984,5.0,7.00917788104211e-89,-1.4309362202079568e-91,-2.3820969719385166e-91,-3.322215314108069e-91,-4.27274714105635e-91,-5.1919294550487e-91,0.0
-0.9819819819819819,5.0,6.060835178536522e-88,-1.2373303586909443e-90,-2.059798933803596e-90,-2.87271913884218e-90,-3.69464388277951e-90,-4.489460707046659e-90,0.0
-0.97997997997998,5.0,5.2361547665953345e-87,-1.0689703753133767e-89,-1.7795280168084008e-89,-2.4818365074844753e-89,-3.19192431534816e-89,-3.878592700209521e-89,0.0
-0.977977977977978,5.0,4.520604537406651e-86,-9.228895142335664e-89,-1.536345426332205e-88,-2.1426794808303386e-88,-2.7557297647265387e-88,-3.3485610225230615e-88,0.0
-0.975975975975976,5.0,3.9008258087717374e-85,-7.963605765507523e-88,-1.3257111611145517e-87,-1.8489163008148233e-87,-2.3779168691478854e-87,-2.8894704570637894e-87,0.0
-0.973973973973974,5.0,3.3647221449914635e-84,-6.8691405324817545e-87,-1.1435141993866715e-86,-1.5948134899020741e-86,-2.0511117237224093e-86,-2.492360774561839e-86,0.0
-0.9719719719719719,5.0,2.901469662009395e-83,-5.923402290065005e-86,-9.860760011153335e-86,-1.3752407355246666e-85,-1.7687161623823963e-85,-2.1492143667606643e-85,0.0
-0.96996996996997,5.0,2.501473251114994e-82,-5.106802451944069e-85,-8.50135630454322e-85,-1.1856501409620888e-84,-1.5248810721495671e-84,-1.8529238198687886e-84,0.0
-0.967967967967968,5.0,2.1562887089509497e-81,-4.402102025700936e-84,-7.328232913178096e-84,-1.0220393164640424e-83,-1.3144589241174241e-83,-1.5972342336854597e-83,0.0
-0.965965965965966,5.0,1.858526115978251e-80,-3.79421435821842e-83,-6.3162749016753705e-83,-8.809055825038835e-83,-1.1329448736210391e-82,-1.3766716508398978e-82,0.0
-0.963963963963964,5.0,1.6017455589860428e-79,-3.2699922513160695e-82,-5.443595968931718e-82,-7.591965442567503e-82,-9.764131933886359e-82,-1.1864658150117675e-81,0.0
-0.9619619619619619,5.0,1.3803527392818566e-78,-2.818014844000522e-81,-4.691183668406878e-81,-6.542606118923888e-81,-8.414536370047108e-81,-1.0224728444713265e-80,0.0
-0.95995995995996,5.0,1.1894992292139543e-77,-2.4283839843691186e-80,-4.0425604259489564e-80,-5.6379972408787005e-80,-7.251106359647717e-80,-8.811013487926275e-80,0.0
-0.957957957957958,5.0,1.0249900896263005e-76,-2.092535628989356e-79,-3.483469574041946e-79,-4.858255604805987e-79,-6.248269839045275e-79,-7.592439980525335e-79,0.0
-0.955955955955956,5.0,8.83200129195007e-76,-1.8030688848341548e-78,-3.00159075583103e-78,-4.186198502066878e-78,-5.383927888612096e-78,-6.542154933566344e-78,0.0
-0.953953953953954,5.0,7.609991420026577e-75,-1.5535933804506035e-77,-2.586285842046315e-77,-3.6069893595116495e-77,-4.638998986076176e-77,-5.63697187842371e-77,0.0
-0.9519519519519519,5.0,6.556858763230427e-74,-1.3385944620511476e-76,-2.228374521292291e-76,-3.107824764237418e-76,-3.997016484726131e-76,-4.856881751779546e-76,0.0
-0.94994994994995,5.0,5.6493015827082984e-73,-1.1533150379076354e-75,-1.9199376049700313e-75,-2.6776601408349545e-75,-3.443775803117898e-75,-4.184624186389691e-75,0.0
-0.9479479479479479,5.0,4.867224346893454e-72,-9.93652569252867e-75,-1.6541455467750974e-74,-2.3069705943951533e-74,-2.9670268419520974e-74,-3.605313758595774e-74,0.0
-0.9459459459459459,5.0,4.1932994857078946e-71,-8.56069601615918e-74,-1.4251095031206417e-73,-1.9875431904417614e-73,-2.5562068324177877e-73,-3.106115365194651e-73,0.0
-0.943943943943944,5.0,3.612587741409508e-70,-7.375162587675045e-73,-1.2277523078632928e-72,-1.7122970085452232e-72,-2.2022089046522744e-72,-2.6759630047772785e-72,0.0
-0.9419419419419419,5.0,3.1122098824876976e-69,-6.353632225237059e-72,-1.0576969029652925e-71,-1.4751275410322244e-71,-1.8971819667657736e-71,-2.3053166053732877e-71,0.0
-0.93993993993994,5.0,2.6810632059046923e-68,-5.4734385617068895e-71,-9.111699906539966e-71,-1.2707723205084304e-70,-1.6343578865368256e-70,-1.9859520283018254e-70,0.0
-0.9379379379379379,5.0,2.3095769527754263e-67,-4.715042721376219e-70,-7.849189104681928e-70,-1.0946949916016082e-69,-1.4079023944750637e-69,-1.7107798964910183e-69,0.0
-0.9359359359359359,5.0,1.9895014324741606e-66,-4.061602813052916e-69,-6.761399722472768e-69,-9.42985359849778e-69,-1.2127865353115602e-68,-1.4736893917419644e-68,0.0
-0.933933933933934,5.0,1.713726260274446e-65,-3.4986028589470464e-68,-5.8241668347049195e-68,-8.122732398434206e-68,-1.0446758669009785e-67,-1.2694136173480138e-67,0.0
-0.9319319319319319,5.0,1.4761236639476e-64,-3.013532902284762e-67,-5.016664963813952e-67,-6.996541855711778e-67,-8.99834940990256e-67,-1.093413530119241e-66,0.0
-0.92992992992993,5.0,1.2714133207213394e-63,-2.595613069538119e-66,-4.3209487229082934e-66,-6.026254257415745e-66,-7.750449087483255e-66,-9.417778206554755e-66,0.0
-0.9279279279279279,5.0,1.0950456629574144e-62,-2.2355553368755845e-65,-3.7215562254748127e-65,-5.190305529218298e-65,-6.67532384701272e-65,-8.111364740092226e-65,0.0
-0.9259259259259259,5.0,9.431010427276007e-62,-1.92535767283762e-64,-3.205166392181021e-64,-4.470117294890351e-64,-5.7490797814400763e-64,-6.985860775581529e-64,0.0
-0.9239239239239239,5.0,8.12202562082433e-61,-1.6581260797688016e-63,-2.760302701077426e-63,-3.849683708564819e-63,-4.951131550652551e-63,-6.016252515073629e-63,0.0
-0.9219219219219219,5.0,6.994407394254993e-60,-1.427920798871461e-62,-2.3770771632752475e-62,-3.31521438786054e-62,-4.263743152819391e-62,-5.18098846785777e-62,0.0
-0.91991991991992,5.0,6.023084779289955e-59,-1.2296235470611057e-61,-2.0469693105209655e-61,-2.8548261766975258e-61,-3.671631496278267e-61,-4.461497740046176e-61,0.0
-0.9179179179179179,5.0,5.1864502546986855e-58,-1.0588231101721905e-60,-1.7626357408111068e-60,-2.4582775261879745e-60,-3.1616247831193616e-60,-3.841774927320204e-60,0.0
-0.9159159159159159,5.0,4.4658777674452036e-57,-9.117169461118996e-60,-1.5177463159626794e-59,-2.1167400459432103e-59,-2.7223686981563094e-59,-3.3080230972820677e-59,0.0
-0.9139139139139139,5.0,3.845308855978324e-56,-7.850266911884566e-59,-1.3068435039677508e-58,-1.8226023344847993e-58,-2.3440741125002335e-58,-2.8483472173123372e-58,0.0
-0.9119119119119119,5.0,3.310897493790479e-55,-6.759256542874548e-58,-1.1252216776647873e-57,-1.569301641931988e-57,-2.018300582609927e-57,-2.4524910784689548e-57,0.0
-0.9099099099099099,5.0,2.85070515071245e-54,-5.819765630889288e-57,-9.688234801072048e-57,-1.3511793349287318e-56,-1.737770461732138e-56,-2.1116114173210973e-56,0.0
-0.9079079079079079,5.0,2.4544385411098294e-53,-5.010780248918797e-56,-8.341506972452008e-56,-1.1633565943399624e-55,-1.496209032986666e-55,-1.818083657380406e-55,0.0
-0.9059059059059059,5.0,2.1132236817833296e-52,-4.314184001298872e-55,-7.181874706048125e-55,-1.001627323048136e-54,-1.2882067765998603e-54,-1.5653345463285743e-54,0.0
-0.9039039039039038,5.0,1.8194111481437255e-51,-3.7143604507037056e-54,-6.183341128246521e-54,-8.6236584113105e-54,-1.1091006553940318e-53,-1.3476979028369206e-53,0.0
-0.9019019019019019,5.0,1.566408520595388e-50,-3.197851054436431e-53,-5.323501638931437e-53,-7.424474686748358e-53,-9.548719752430039e-53,-1.1602905040711142e-52,0.0
-0.8998998998998999,5.0,1.34853663151249e-49,-2.7530616900559434e-52,-4.583055361118135e-52,-6.3918038960946005e-52,-8.220587542070024e-52,-9.989056030806401e-52,0.0
-0.8978978978978979,5.0,1.1609062829799609e-48,-2.3700109724366596e-51,-3.9453861612937276e-51,-5.502472182924374e-51,-7.076805705064373e-51,-8.599216095595262e-51,0.0
-0.8958958958958959,5.0,9.993119303908564e-48,-2.0401132069280667e-50,-3.3962013288956096e-50,-4.736546075817098e-50,-6.0917375276631e-50,-7.402233377770219e-50,0.0
-0.8938938938938938,5.0,8.601389346584017e-47,-1.7559890430841778e-49,-2.923216369266361e-49,-4.076892881705386e-49,-5.243348415957916e-49,-6.37133305229115e-49,0.0
-0.8918918918918919,5.0,7.402816774640421e-46,-1.5112983054756036e-48,-2.515876715068442e-48,-3.508792567922384e-48,-4.512706732006368e-48,-5.483510778994499e-48,0.0
-0.8898898898898899,5.0,6.370709484871095e-45,-1.3005917534181718e-47,-2.1651109488970676e-47,-3.019593591656078e-47,-3.883541151324935e-47,-4.718994835831255e-47,0.0
-0.8878878878878879,5.0,5.48210059770267e-44,-1.1191806573055796e-46,-1.8631136854110326e-46,-2.5984100943463258e-46,-3.3418512204080077e-46,-4.060772896880853e-46,0.0
-0.8858858858858859,5.0,4.717196712885504e-43,-9.630241590202308e-46,-1.603158058835313e-45,-2.2358603855090713e-45,-2.8755710171511996e-45,-3.4941833371259555e-45,0.0
-0.8838838838838838,5.0,4.0589120612767295e-42,-8.28634168185254e-45,-1.3794374025922843e-44,-1.923846139654062e-44,-2.474285172948244e-44,-3.0065701632987963e-44,0.0
-0.8818818818818819,5.0,3.492482094141662e-41,-7.129964757281947e-44,-1.186933926089407e-43,-1.655369245056251e-43,-2.1289933193585374e-43,-2.586996786719918e-43,0.0
-0.8798798798798799,5.0,3.005144396814953e-40,-6.13505611833348e-43,-1.0213102719582545e-42,-1.4243805629769997e-42,-1.8319155752462574e-42,-2.2260096655127787e-42,0.0
-0.8778778778778779,5.0,2.5858723047043582e-39,-5.2791046317174517e-42,-8.788189843942294e-42,-1.2256536667806011e-41,-1.5763301609089184e-41,-1.9154409851834328e-41,0.0
-0.8758758758758759,5.0,2.2251484925323321e-38,-4.542680507392474e-41,-7.56225562560092e-41,-1.05467752759562e-40,-1.3564353796197016e-40,-1.648240948697136e-40,0.0
-0.8738738738738738,5.0,1.9147699147728784e-37,-3.909037080973111e-40,-6.5074216881785e-40,-9.075640598389377e-40,-1.1672307106450758e-39,-1.4183332894202904e-39,0.0
-0.8718718718718719,5.0,1.6476783044416314e-36,-3.3637647739734946e-39,-5.5997002306861826e-39,-7.809677809069602e-39,-1.0044134824606343e-38,-1.2204897159784055e-38,0.0
-0.8698698698698699,5.0,1.4178109628021222e-35,-2.894486478319816e-38,-4.818486930410202e-38,-6.720150883702787e-38,-8.642879151713633e-38,-1.0502193872655505e-37,0.0
-0.8678678678678678,5.0,1.2199668577785495e-34,-2.490584193861362e-37,-4.146105873043644e-37,-5.782407932003585e-37,-7.436834950152237e-37,-9.036697271181162e-37,0.0
-0.8658658658658659,5.0,1.0496850473690223e-33,-2.1429508275908095e-36,-3.567396369822368e-36,-4.975304948090629e-36,-6.39880862103155e-36,-7.775363685233137e-36,0.0
-0.8638638638638638,5.0,9.031354545342581e-33,-1.8437672086229113e-35,-3.0693417516413675e-35,-4.280688104496457e-35,-5.505452275344665e-35,-6.689822469733151e-35,0.0
-0.8618618618618619,5.0,7.770237462500812e-32,-1.5863078970762362e-34,-2.640746096732597e-34,-3.6829428971972952e-34,-4.7366838831451015e-34,-5.75567141239149e-34,0.0
-0.8598598598598599,5.0,6.685113738341563e-31,-1.3647779449678499e-33,-2.2719624845361148e-33,-3.1686151521625446e-33,-4.075199844819553e-33,-4.9518844460095066e-33,0.0
-0.8578578578578578,5.0,5.751498582737004e-30,-1.1741787385326687e-32,-1.954669661773444e-32,-2.7260995504652305e-32,-3.5060743989173055e-32,-4.260324878207169e-32,0.0
-0.8558558558558559,5.0,4.9482688416628045e-29,-1.0101979480379575e-31,-1.681688840562022e-31,-2.345384123944051e-31,-3.016431014481475e-31,-3.6653460914461963e-31,0.0
-0.8538538538538538,5.0,4.257213609471891e-28,-8.691177844740137e-31,-1.4468309722096362e-30,-2.0178372540766504e-30,-2.5951684473490287e-30,-3.153458666705296e-30,0.0
-0.8518518518518519,5.0,3.662645277696992e-27,-7.477355944704648e-30,-1.2447645606034653e-29,-1.73602331660349e-29,-2.2327236381475057e-29,-2.7130422744875105e-29,0.0
-0.8498498498498499,5.0,3.1510582774930765e-26,-6.432941919545854e-29,-1.0708996844722763e-28,-1.493540932018415e-28,-1.9208636840100766e-28,-2.334092894081173e-28,0.0
-0.8478478478478478,5.0,2.7108388248396964e-25,-5.534226021144105e-28,-9.212893531393617e-28,-1.2848853903850663e-27,-1.6525089012259844e-27,-2.008007812248911e-27,0.0
-0.8458458458458459,5.0,2.3320170593285652e-24,-4.760854600882176e-27,-7.925452699039818e-27,-1.1053311698961689e-26,-1.421581730732067e-26,-1.7274020242448016e-26,0.0
-0.8438438438438438,5.0,2.006041000273489e-23,-4.0953686369944895e-26,-6.817610101265572e-26,-9.50824796423399e-26,-1.2228689432955307e-25,-1.4859407956424658e-25,0.0
-0.8418418418418419,5.0,1.7255655621385627e-22,-3.5227730057843267e-25,-5.864403172830476e-25,-8.1788484089405175e-25,-1.0518930247546594e-24,-1.2781833790973594e-24,0.0
-0.8398398398398399,5.0,1.484271721348426e-21,-3.030167307427641e-24,-5.044356460864107e-24,-7.035162078420736e-24,-9.048019413368595e-24,-1.0994490652331659e-23,0.0
-0.8378378378378378,5.0,1.2767045648021714e-20,-2.606415239113102e-23,-4.3389312263012076e-23,-6.051333735229497e-23,-7.782704151347671e-23,-9.456972198294396e-23,0.0
-0.8358358358358359,5.0,1.0981515804920376e-19,-2.241896123159939e-22,-3.73211180971006e-22,-5.205026980111692e-22,-6.69425730895597e-22,-8.134371296647994e-22,0.0
-0.8338338338338338,5.0,9.445524923770468e-19,-1.928320833297305e-21,-3.2100992015254916e-21,-4.476996886669707e-21,-5.757927719736565e-21,-6.996612142311514e-21,0.0
-0.8318318318318318,5.0,8.124189766252056e-18,-1.658567893934584e-20,-2.761038194505859e-20,-3.8507094718146566e-20,-4.9524507989789724e-20,-6.017855569038291e-20,0.0
-0.8298298298298299,5.0,6.987568922383639e-17,-1.4265247125889227e-19,-2.374753081419443e-19,-3.311973083907111e-19,-4.25957446690024e-19,-5.175922985979725e-19,0.0
-0.8278278278278278,4.999999999999999,3.3201373360402756e-16,-6.778119846344138e-19,-1.1283618747917521e-18,-1.5736811491927815e-18,-2.0239331275712142e-18,-2.459335334664318e-18,0.0
-0.8258258258258259,4.999999999999998,8.456883422488814e-16,-1.7264878998214675e-18,-2.874105456395197e-18,-4.008399856966081e-18,-5.155258587946349e-18,-6.264292743645517e-18,0.0
-0.8238238238238238,4.9999999999999964,1.4478856066413736e-15,-2.955884402455595e-18,-4.920696803290416e-18,-6.8626989029210654e-18,-8.826212134073823e-18,-1.0724966688311168e-17,0.0
-0.8218218218218218,4.999999999999995,2.0916237998450054e-15,-4.270087455395311e-18,-7.108466648451707e-18,-9.913893950377043e-18,-1.275039635550588e-17,-1.5493348006858694e-17,0.0
-0.8198198198198199,4.999999999999993,2.982272525341083e-15,-6.088362783007497e-18,-1.0135371754974232e-17,-1.413539736426099e-17,-1.8179730380316017e-17,-2.209067715228076e-17,0.0
-0.8178178178178178,4.999999999999989,4.300080476332562e-15,-8.778691321325869e-18,-1.4613994473544178e-17,-2.0381553233237687e-17,-2.6212997976918992e-17,-3.185211570180835e-17,0.0
-0.8158158158158157,4.999999999999985,6.427686516732161e-15,-1.3122237165376256e-17,-2.1844748197204118e-17,-3.0465996073420696e-17,-3.9182739622368663e-17,-4.7611996043506737e-17,0.0
-0.8138138138138138,4.999999999999977,9.874941893068973e-15,-2.0159870768097133e-17,-3.356038265938707e-17,-4.6805322592560015e-17,-6.019697382175017e-17,-7.314695468093425e-17,0.0
-0.8118118118118118,4.999999999999965,1.527471756517599e-14,-3.118360953083345e-17,-5.19117349805542e-17,-7.239921924503758e-17,-9.311363888134895e-17,-1.1314487574739163e-16,0.0
-0.8098098098098099,4.999999999999946,2.37771420990335e-14,-4.854146152370196e-17,-8.080756282224513e-17,-1.1269907391106065e-16,-1.4494384027678905e-16,-1.7612514123053986e-16,0.0
-0.8078078078078078,4.9999999999999165,3.715647565055747e-14,-7.585561063796766e-17,-1.262777598703802e-16,-1.7611453799516721e-16,-2.2650334718577256e-16,-2.7523028185332658e-16,0.0
-0.8058058058058057,4.999999999999869,5.798699363521425e-14,-1.1838148624823e-16,-1.9707110347972557e-16,-2.7484718114381585e-16,-3.5348476736972692e-16,-4.2952880548044565e-16,0.0
-0.8038038038038038,4.999999999999797,9.037727136895536e-14,-1.8450681846039735e-16,-3.0715075022187076e-16,-4.2837085901523036e-16,-5.509336963792102e-16,-6.694542858679205e-16,0.0
-0.8018018018018018,4.999999999999685,1.4049362522833867e-13,-2.8682025261666597e-16,-4.774731714803519e-16,-6.659127235600697e-16,-8.564395792475057e-16,-1.0406826641431707e-15,0.0
-0.7997997997997999,4.9999999999995115,2.1749536240520074e-13,-4.4402067842315273e-16,-7.391666369282079e-16,-1.030886126723154e-15,-1.3258369293543412e-15,-1.6110599524979787e-15,0.0
-0.7977977977977978,4.999999999999247,3.354308270826654e-13,-6.847880421827817e-16,-1.1399750028455094e-15,-1.5898775141264434e-15,-2.044763496894941e-15,-2.4846468741683012e-15,0.0
-0.7957957957957957,4.999999999998843,5.157475545052683e-13,-1.0529078712947542e-15,-1.752788570532485e-15,-2.4445440718888175e-15,-3.1439619972835476e-15,-3.8203124033252675e-15,0.0
-0.7937937937937938,4.999999999998228,7.900162737167464e-13,-1.6128323746398223e-15,-2.684901717922535e-15,-3.744524974941917e-15,-4.8158854464833546e-15,-5.851911352646887e-15,0.0
-0.7917917917917918,4.999999999997297,1.2054202616524905e-12,-2.4608870572928847e-15,-4.096668687726788e-15,-5.71345986814183e-15,-7.34815989002123e-15,-8.928945831317396e-15,0.0
-0.7897897897897898,4.999999999995893,1.8319224786879992e-12,-3.739902556132812e-15,-6.225861382566971e-15,-8.682959708330366e-15,-1.1167274773590794e-14,-1.356965458416842e-14,0.0
-0.7877877877877878,4.999999999993784,2.772863546616629e-12,-5.660850601729788e-15,-9.423687014517737e-15,-1.314283913870823e-14,-1.6903187495647182e-14,-2.0539515713341117e-14,0.0
-0.7857857857857857,4.999999999990628,4.180648749082642e-12,-8.534869310737105e-15,-1.4208100999807712e-14,-1.9815469849467166e-14,-2.548495029459883e-14,-3.096744546934842e-14,0.0
-0.7837837837837838,4.999999999985926,6.2781780889094975e-12,-1.2817013031812994e-14,-2.1336637860729337e-14,-2.975735492195619e-14,-3.827134642003869e-14,-4.650453776055656e-14,0.0
-0.7817817817817818,4.9999999999789475,9.39101198692342e-12,-1.9171919195968558e-14,-3.191572763203176e-14,-4.45115880457831e-14,-5.724697004401066e-14,-6.956232610345694e-14,0.0
-0.7797797797797797,4.999999999968633,1.3991943317627953e-11,-2.8564802925840625e-14,-4.75521756963952e-14,-6.631911638305535e-14,-8.529393435752082e-14,-1.036429434057938e-13,0.0
-0.7777777777777778,4.999999999953448,2.0765168719731973e-11,-4.239246391567617e-14,-7.05712515347938e-14,-9.842290022049506e-14,-1.2658305551291462e-13,-1.5381446004900107e-13,0.0
-0.7757757757757757,4.999999999931181,3.069655299462012e-11,-6.266756281778565e-14,-1.0432345587374564e-13,-1.4549574883274095e-13,-1.8712409825485765e-13,-2.273795020873797e-13,0.0
-0.7737737737737738,4.999999999898663,4.520088170260306e-11,-9.227840969738757e-14,-1.5361699369346638e-13,-2.1424347327904277e-13,-2.7554149908817303e-13,-3.348178532395296e-13,0.0
-0.7717717717717718,4.999999999851359,6.62995699483315e-11,-1.353517597015548e-13,-2.2532172460121501e-13,-3.1424719181858304e-13,-4.041576669416866e-13,-4.911028025306471e-13,0.0
-0.7697697697697697,4.999999999782819,9.686865791865618e-11,-1.9775910039252284e-13,-3.2921198552777115e-13,-4.591387809950817e-13,-5.905047470927002e-13,-7.175381291150222e-13,0.0
-0.7677677677677678,4.999999999683905,1.409838311281191e-10,-2.878210167600139e-13,-4.791391557511571e-13,-6.682362051487584e-13,-8.59427841107991e-13,-1.0443137811405967e-12,0.0
-0.7657657657657657,4.99999999954172,2.0439624170960814e-10,-4.172785889110476e-13,-6.946487544742645e-13,-9.687988176908108e-13,-1.2459855810575998e-12,-1.5140304411397294e-12,0.0
-0.7637637637637638,4.999999999338142,2.9518725003127295e-10,-6.026300588122721e-13,-1.0032056062476172e-12,-1.3991307102663085e-12,-1.799441389866671e-12,-2.1865494133496686e-12,0.0
-0.7617617617617618,4.999999999047809,4.2466526981638184e-10,-8.66961755673194e-13,-1.443241804777685e-12,-2.0128315858965917e-12,-2.588730588154996e-12,-3.145635851616291e-12,0.0
-0.7597597597597597,4.999999998635379,6.085890309230985e-10,-1.2424454088347682e-12,-2.0683140201400417e-12,-2.8845947889718434e-12,-3.709917320935716e-12,-4.5080198706864405e-12,0.0
-0.7577577577577578,4.999999998051806,8.688275508088939e-10,-1.7737270092710963e-12,-2.952744977838584e-12,-4.118075250319932e-12,-5.296313630769975e-12,-6.43569250293812e-12,0.0
-0.7557557557557557,4.9999999972293105,1.235602297365287e-09,-2.5225042252228903e-12,-4.199243538418839e-12,-5.856516907283103e-12,-7.532147529958681e-12,-9.152514138865211e-12,0.0
-0.7537537537537538,4.999999996074607,1.7505038767317453e-09,-3.57368502448894e-12,-5.949157031082951e-12,-8.297051223106107e-12,-1.0670952524417704e-11,-1.2966560129919194e-11,0.0
-0.7517517517517518,4.99999999445985,2.4705312675420397e-09,-5.043633843650009e-12,-8.396198752134452e-12,-1.1709842379633295e-11,-1.5060190511241163e-11,-1.8300040730616367e-11,0.0
-0.7497497497497497,4.999999992210554,3.4734742718214664e-09,-7.091159958284947e-12,-1.1804740438847471e-11,-1.646359905853524e-11,-2.1174062833974708e-11,-2.5729170690312682e-11,0.0
-0.7477477477477478,4.99999998908957,4.8650559427411895e-09,-9.932098877724774e-12,-1.653408609508989e-11,-2.305942817444537e-11,-2.965705003780919e-11,-3.603707557550452e-11,0.0
-0.7457457457457457,4.999999984775923,6.788364938831829e-09,-1.3858568666168976e-11,-2.307052822385708e-11,-3.217554241955061e-11,-4.138141086205352e-11,-5.0283660335089334e-11,0.0
-0.7437437437437437,4.999999978836989,9.436254615507138e-09,-1.9264282912036044e-11,-3.20694866359611e-11,-4.472602957362076e-11,-5.752276626395001e-11,-6.989745347140455e-11,0.0
-0.7417417417417418,4.999999970692092,1.3067568036262279e-08,-2.6677674382449347e-11,-4.441064980148727e-11,-6.193775594003894e-11,-7.965900599317031e-11,-9.679579106699771e-11,0.0
-0.7397397397397397,4.999999959565081,1.80282701429842e-08,-3.680503673381069e-11,-6.126979338134968e-11,-8.545052877743579e-11,-1.0989910888279011e-10,-1.3354134976911482e-10,0.0
-0.7377377377377378,4.99999994442285,2.477884283287959e-08,-5.058645206353101e-11,-8.421188350448758e-11,-1.1744694371415095e-10,-1.5105014140793863e-10,-1.8354507120925362e-10,0.0
-0.7357357357357357,4.999999923896018,3.39296325916306e-08,-6.92679537568125e-11,-1.1531120713863944e-10,-1.6081992576830675e-10,-2.0683273451284581e-10,-2.513279936642753e-10,0.0
-0.7337337337337337,4.999999896177037,4.628624535318712e-08,-9.449420094250884e-11,-1.5730564838676698e-10,-2.1938789232356163e-10,-2.821578076948646e-10,-3.4285750689869347e-10,0.0
-0.7317317317317318,4.999999858889978,6.290756659991168e-08,-1.2842692763108065e-10,-2.137938722108984e-10,-2.9816975737620877e-10,-3.834802557766546e-10,-4.659771264288476e-10,0.0
-0.7297297297297297,4.999999808924856,8.51795669097319e-08,-1.7389561817336786e-10,-2.894861557049519e-10,-4.037347558709688e-10,-5.192488628310674e-10,-6.309531959747674e-10,0.0
-0.7277277277277278,4.99999974222791,1.1490873511165805e-07,-2.345882529156836e-10,-3.9052192471158544e-10,-5.44645299309032e-10,-7.004758649142603e-10,-8.511669783790012e-10,0.0
-0.7257257257257257,4.999999653537352,1.5443978772631833e-07,-3.1529161446544493e-10,-5.248697945910965e-10,-7.320148965925803e-10,-9.41454499793796e-10,-1.1439865694794194e-09,0.0
-0.7237237237237237,4.999999536052065,2.0680324059988435e-07,-4.221925583951687e-10,-7.028290992332076e-10,-9.802076164558003e-10,-1.2606585952724366e-09,-1.5318600119436343e-09,0.0
-0.7217217217217218,4.999999381018269,2.7589951003795613e-07,-5.632538599687762e-10,-9.376555676808508e-10,-1.3077106935947871e-09,-1.6818648400224932e-09,-2.043678996567414e-09,0.0
-0.7197197197197197,4.99999917721638,3.667274482792565e-07,-7.486807750210824e-10,-1.2463380137081387e-09,-1.7382177465092504e-09,-2.2355459250616565e-09,-2.716471705714091e-09,0.0
-0.7177177177177176,4.999998910327158,4.856666185593289e-07,-9.914973122449386e-10,-1.6505576633119688e-09,-2.301966713113743e-09,-2.960591281282924e-09,-3.597493727444609e-09,0.0
-0.7157157157157157,4.999998562152706,6.408241875006024e-07,-1.3082544246539267e-09,-2.1778670896565394e-09,-3.0373840640431108e-09,-3.9064217249732775e-09,-4.74679761771646e-09,0.0
-0.7137137137137137,4.999998109663948,8.424590480154052e-07,-1.7198958713409493e-09,-2.863131623670457e-09,-3.99309508019526e-09,-5.135574903624327e-09,-6.240374544501742e-09,0.0
-0.7117117117117118,4.999997523841957,1.1034976878801774e-06,-2.252811384183848e-09,-3.750282573454684e-09,-5.23036899746206e-09,-6.726850030466169e-09,-8.173975538413374e-09,0.0
-0.7097097097097097,4.999996768275906,1.4401583690685502e-06,-2.9401109600739154e-09,-4.894438554015699e-09,-6.826077540069343e-09,-8.779112895216421e-09,-1.0667735062330686e-08,0.0
-0.7077077077077076,4.999995797475462,1.8727023528810487e-06,-3.823158530695319e-09,-6.364458605924697e-09,-8.876255652447817e-09,-1.141587537072248e-08,-1.3871735691236306e-08,0.0
-0.7057057057057057,4.999994554850433,2.4263331630233083e-06,-4.95340787202797e-09,-8.2459984560588e-09,-1.1500363942911739e-08,-1.4790777400912096e-08,-1.7972669420496863e-08,0.0
-0.7037037037037037,4.999992970305238,3.1322671779384053e-06,-6.3945883128099926e-09,-1.0645149092825798e-08,-1.484636325755148e-08,-1.909411348071106e-08,-2.3201768163127147e-08,0.0
-0.7017017017017018,4.999990957390686,4.029001107151892e-06,-8.2252924269642e-09,-1.3692744528827453e-08,-1.9096722542311458e-08,-2.456055945089908e-08,-2.984419278007716e-08,0.0
-0.6996996996996997,4.999988409950666,5.163804062008169e-06,-1.0542022302899999e-08,-1.754943296178388e-08,-2.44754913849256e-08,-3.1478268592591766e-08,-3.825008598042731e-08,0.0
-0.6976976976976976,4.999985198196957,6.594463874092172e-06,-1.3462754959509219e-08,-2.2411612164905593e-08,-3.125657786135113e-08,-4.019951788070401e-08,-4.884750885715471e-08,0.0
-0.6956956956956957,4.999981164141702,8.391318923444533e-06,-1.7131090778058576e-08,-2.851833543036489e-08,-3.977337997119232e-08,-5.115309510721622e-08,-6.215749279426956e-08,0.0
-0.6936936936936937,4.999976116314503,1.0639607876447098e-05,-2.1721051163236397e-08,-3.615929829160954e-08,-5.042992438831195e-08,-6.485862458375638e-08,-7.881144698450099e-08,0.0
-0.6916916916916918,4.9999698236898835,1.3442170242874339e-05,-2.7442592716953252e-08,-4.5684018031953186e-08,-6.371366873714069e-08,-8.194303232817178e-08,-9.957116567794809e-08,0.0
-0.6896896896896897,4.999962008751424,1.6922530385324525e-05,-3.454790468615685e-08,-5.751231711716449e-08,-8.021012239148805e-08,-1.0315935007887325e-07,-1.2535167738363376e-07,0.0
-0.6876876876876876,4.99995233962164,2.1228396368365234e-05,-4.3338553959852205e-08,-7.214621755095734e-08,-1.0061943501937496e-07,-1.294080500557347e-07,-1.5724716922111081e-07,0.0
-0.6856856856856857,4.999940421191896,2.653560266206266e-05,-5.417353712487009e-08,-9.018334521853722e-08,-1.257750910311144e-07,-1.617610881539561e-07,-1.9656020232175978e-07,0.0
-0.6836836836836837,4.999925785194897,3.305252203688916e-05,-6.747829168715537e-08,-1.1233193095945405e-07,-1.5666483089830687e-07,-2.0148881114975128e-07,-2.448344073114106e-07,0.0
-0.6816816816816818,4.99990787917387,4.102496678643179e-05,-8.37547080883659e-08,-1.3942747766928902e-07,-1.944538959836138e-07,-2.5008985220864256e-07,-3.038908108809015e-07,0.0
-0.6796796796796797,4.999886054318292,5.0741592398647654e-05,-1.0359217000909858e-07,-1.724511391924761e-07,-2.4051066069141133e-07,-3.0932409676465995e-07,-3.7586789313757856e-07,0.0
-0.6776776776776776,4.99985955215651,6.253980764849403e-05,-1.276796320135059e-07,-2.1254982607604163e-07,-2.964346729394803e-07,-3.812487457806947e-07,-4.632654085179247e-07,0.0
-0.6756756756756757,4.999827490120599,7.681218393822581e-05,-1.5681872114061852e-07,-2.6105801588094606e-07,-3.6408707182357653e-07,-4.682574363578563e-07,-5.689919215632815e-07,0.0
-0.6736736736736737,4.999788846024554,9.401334526629309e-05,-1.919378260694816e-07,-3.1952120749404915e-07,-4.456232979888641e-07,-5.731223110380748e-07,-6.964159254575173e-07,0.0
-0.6716716716716717,4.999742441517546,0.00011466731104060909,-2.3410711925907937e-07,-3.897209285405095e-07,-5.435279698949494e-07,-6.990388727073909e-07,-8.494203450569749e-07,0.0
-0.6696696696696697,4.999686924596241,0.00013937525415277715,-2.845544380569171e-07,-4.7370117268677477e-07,-6.606517540894475e-07,-8.496734040409569e-07,-1.0324601556806546e-06,0.0
-0.6676676676676676,4.999620751580944,0.00016882349413714583,-3.446816603530519e-07,-5.737956601606959e-07,-8.002493833251699e-07,-1.0292118632313272e-06,-1.2506217951415893e-06,0.0
-0.6656656656656657,4.999542168795289,0.0002037916276048086,-4.1608137935012597e-07,-6.926555961378939e-07,-9.660183686901045e-07,-1.2424096723294214e-06,-1.5096836596021227e-06,0.0
-0.6636636636636637,4.999449193576882,0.00024516110757741614,-5.005545190123233e-07,-8.332789949903594e-07,-1.1621398951440803e-06,-1.4946443137377326e-06,-1.816180010644401e-06,0.0
-0.6616616616616617,4.999339597564315,0.00029392519480370404,-6.0013078118739e-07,-9.99044718332112e-07,-1.3933262906429263e-06,-1.7919763811396166e-06,-2.177475154225711e-06,0.0
-0.6596596596596597,4.999210928616119,0.00035121297438164855,-6.9223683977224586e-06,-1.018350793397429e-05,-1.218624781689715e-05,-1.3003202369239219e-05,-1.2499231134469115e-05,0.0
-0.6576576576576576,4.999060450497584,0.00041817399592208345,-7.396792956946542e-06,-1.0969509671245259e-05,-1.325908251931088e-05,-1.4342597392221267e-05,-1.396763419579962e-05,0.0
-0.6556556556556556,4.998885133144015,0.0004961812202023527,-8.815102540726133e-06,-1.3324382651526474e-05,-1.648487481222366e-05,-1.84497699192495e-05,-1.8618319752630203e-05,0.0
-0.6536536536536537,4.998681686343103,0.0005867124462886432,-1.1260591018261345e-05,-1.7391978147429102e-05,-2.2099277343887466e-05,-2.58050079021299e-05,-2.7446250333130064e-05,3.0
-0.6516516516516517,4.998446505728055,0.0006913755177837119,-1.4442047433038085e-05,-2.2653286437447347e-05,-2.933191329129397e-05,-3.533492507228505e-05,-3.906997656859435e-05,5.0
-0.6496496496496497,4.998175663062197,0.0008119174091364284,-1.815874266373996e-05,-2.870463623623502e-05,-3.7472329181802865e-05,-4.5756417111825155e-05,-5.122135363552329e-05,5.0
-0.6476476476476476,4.9978649031829585,0.0009502270521215303,-2.23411630416826e-05,-3.540070509461251e-05,-4.62583549963448e-05,-5.662481549620009e-05,-6.320630563904066e-05,5.0
-0.6456456456456456,4.997509645383033,0.0011083351236932464,-2.706037579526011e-05,-4.289771433591581e-05,-5.599392651735898e-05,-6.858718798103494e-05,-7.630166994875473e-05,5.0
-0.6436436436436437,4.997104995239913,0.0012884126134292337,-3.246640804469138e-05,-5.1493349855692366e-05,-6.7182780670677e-05,-8.249116310985178e-05,-9.178089190909304e-05,5.0
-0.6416416416416417,4.996645761598525,0.001492768614510414,-3.870528390313844e-05,-6.143442315176025e-05,-8.015764386942797e-05,-9.871506455788259e-05,-0.00010991903785955947,5.0
-0.6396396396396397,4.9961264687306315,0.001723843574221288,-4.5885244119777546e-05,-7.287025749193965e-05,-9.506055595638487e-05,-0.00011731907332133532,-0.00013059841172664374,5.0
-0.6376376376376376,4.9955413675133356,0.0019841978348377996,-5.40979751333625e-05,-8.592398033978272e-05,-0.00011201393055011297,-0.00013840929007640144,-0.00015389526307140968,5.0
-0.6356356356356356,4.994884456601491,0.002276499575613083,-6.344956297307935e-05,-0.0001007573710293116,-0.00013122082659487272,-0.000162249841483958,-0.0001801200447908522,5.0
-0.6336336336336337,4.994149514111238,0.002603512855624836,-7.407067118136202e-05,-0.00011757934958696218,-0.00015295492425965976,-0.00018919974009015526,-0.0002096828278765485,5.0
-0.6316316316316316,4.993330134562833,0.0029680838564614996,-8.611003245340257e-05,-0.00013662584558622398,-0.000177519246079814,-0.000219640473251034,-0.00024299684014749093,5.0
-0.6296296296296297,4.992419768891542,0.003373124625818326,-9.972590160938443e-05,-0.0001581432615666891,-0.00020522228456838486,-0.00025394699230456297,-0.000280449648592656,5.0
-0.6276276276276276,4.9914117669125755,0.0038215943896685897,-0.00011508246601384762,-0.0001823841718061886,-0.00023637544215942324,-0.0002924926076248865,-0.00032241954148822926,5.0
-0.6256256256256256,4.990299422323162,0.004316478939785862,-0.00013235047317682825,-0.00020961028731167385,-0.00027129992844389,-0.00033566373074867103,-0.00036929880705198796,5.0
-0.6236236236236237,4.989076020371084,0.004860768748109652,-0.00015170901034914573,-0.00024009609025516307,-0.0003103324482084202,-0.0003838678281651659,-0.0004215025303263845,5.0
-0.6216216216216216,4.987734887874221,0.005457436360955951,-0.00017334639719567138,-0.0002741299535761677,-0.000353825961791311,-0.0004375321584862235,-0.00047946402584510056,5.0
-0.6196196196196196,4.986269444814095,0.006109413486122066,-0.00019745986779491075,-0.0003120130075674825,-0.00040214718095953837,-0.0004970986024678885,-0.0005436267257553419,5.0
-0.6176176176176176,4.984673256557575,0.0068195681445589506,-0.00022425465934833964,-0.00035405729906063147,-0.0004556735958473664,-0.0005630193635560645,-0.0006144388157940777,5.0
-0.6156156156156156,4.982940085732637,0.007590682255631881,-0.0002539431144742665,-0.000400584282519725,-0.0005147913867314565,-0.0006357547405364674,-0.000692351054735534,5.0
-0.6136136136136137,4.981063942684925,0.008425429970978742,-0.0002867439889964905,-0.0004519237632405536,-0.0005798940659735528,-0.0007157719024049226,-0.0007778156400442513,5.0
-0.6116116116116116,4.979039133361905,0.009326357006277694,-0.0003228818520326173,-0.0005084129491097722,-0.0006513811906970833,-0.0008035434127706459,-0.00087128443782677,5.0
-0.6096096096096096,4.976860303602279,0.010295861226952396,-0.00036258641422588794,-0.0005703953069058496,-0.0007296567240721312,-0.0008995450118130372,-0.0009732061842526772,5.0
-0.6076076076076076,4.9745224791259375,0.011336174813025752,-0.0004060917125128039,-0.0006382191444724928,-0.0008151270063137409,-0.0010042528046854654,-0.0010840230399416003,5.0
-0.6056056056056056,4.972021100823324,0.012449348373254919,-0.00045363517541211986,-0.0007122360023539896,-0.0009081985012316003,-0.0011181402054644617,-0.001204166983935921,5.0
-0.6036036036036037,4.9693520550904005,0.013637237340125136,-0.0005054566310682922,-0.0007927989770234358,-0.0010092754963040977,-0.0012416748996393863,-0.0013340563319888025,5.0
-0.6016016016016016,4.9665116989636235,0.014901490867487273,-0.0005617973111656207,-0.0008802610626059897,-0.0011187578632446628,-0.0013753159432521897,-0.001474092469963326,5.0
-0.5995995995995996,4.963496879783973,0.016243543323376724,-0.000622898879117347,-0.000974973550812259,-0.0012370389202940692,-0.0015195110263601823,-0.0016246568081340455,5.0
-0.5975975975975976,4.960304949151872,0.01766460836721573,-0.0006890024919740535,-0.0010772844994764645,-0.001364503405341097,-0.0016746938979410428,-0.001786107951296633,5.0
-0.5955955955955956,4.956933771053642,0.019165675539709857,-0.0007603478972996668,-0.0011875372698023669,-0.0015015255614705468,-0.0018412819468038345,-0.0019587790876460912,5.0
-0.5935935935935936,4.953381724216713,0.020747509266273997,-0.0008371725651452503,-0.0013060691320639158,-0.0016484673380891672,-0.002019673936255825,-0.0021429756026438503,5.0
-0.5915915915915916,4.949647698936155,0.022410650161886033,-0.0009197108567362479,-0.0014332099420622055,-0.0018056767133015764,-0.002210247894064889,-0.0023389729242597993,5.0
-0.5895895895895895,4.945731088768939,0.024155418511104813,-0.0010081932333421352,-0.0015692808935453449,-0.001973486145372056,-0.0024133591649878367,-0.002547014608914959,5.0
-0.5875875875875876,4.941631777593057,0.025981919773588175,-0.001102845510449792,-0.0017145933545813323,-0.002152211163324835,-0.0026293386402302167,-0.0027673106829505262,5.0
-0.5855855855855856,4.937350122573614,0.027890051932349388,-0.0012038881636219835,-0.0018694477980624163,-0.0023421491085040746,-0.002858491183524069,-0.0030000362582039367,5.0
-0.5835835835835836,4.932886933580076,0.029879514465178576,-0.0013115356929641003,-0.0020341328373387263,-0.0025435780391137052,-0.003101094274341308,-0.0032453304390860594,5.0
-0.5815815815815816,4.928243449580959,0.03194981868892435,-0.0014259960526649166,-0.0022089243769543294,-0.0027567558077841573,-0.003357396884775571,-0.003503295532572365,5.0
-0.5795795795795795,4.923421312526309,0.03410029921059875,-0.0015474701506481181,-0.0023940848857949633,-0.0029819193184343214,-0.003627618599549716,-0.0037739965641300026,5.0
-0.5775775775775776,4.918422539225041,0.03633012622204306,-0.001676151421315936,-0.002589862796376337,-0.003219283964080742,-0.003911948980744411,-0.004057461094339908,5.0
-0.5755755755755756,4.913249491729821,0.03863831839287683,-0.0018122254721533912,-0.00279649203032435,-0.003469043242758492,-0.0042105471718991705,-0.004353679324297072,5.0
-0.5735735735735736,4.907904846743875,0.041023756142083236,-0.0019558698029784522,-0.0030141916469149667,-0.003731368544961206,-0.004523541730859567,-0.004662604473098895,5.0
-0.5715715715715716,4.902391564549174,0.043485195094231814,-0.002107253595077889,-0.0032431656091190743,-0.004006409103186556,-0.004851030677167275,-0.004984153407556242,5.0
-0.5695695695695695,4.896712857918324,0.046021279547573804,-0.002266537566403088,-0.0034836026599534328,-0.0042942920922415025,-0.005193081737619793,-0.005318207502255918,5.0
-0.5675675675675675,4.890872161416451,0.04863055579768403,-0.002433873888354789,-0.0037356763009579025,-0.004595122867773617,-0.005549732772510986,-0.005664613706946217,5.0
-0.5655655655655656,4.884873101433693,0.05131148517444987,-0.002609406159360684,-0.003999544864144687,-0.004908985329892322,-0.005920992364692527,-0.0060231857977098785,5.0
-0.5635635635635636,4.878719467223966,0.0540624566652434,-0.002793269430342598,-0.004275351668643567,-0.0052359423985802135,-0.006306840553717137,-0.006393705788391917,5.0
-0.5615615615615616,4.8724151831689335,0.05688179901512654,-0.002985590277192949,-0.004563225253363833,-0.005576036587736767,-0.006707229697730529,-0.006775925479136453,5.0
-0.5595595595595595,4.865964282439804,0.05976779221600366,-0.003186486915467518,-0.004863279677203856,-0.005929290665028379,-0.007122085446313712,-0.007169568119536076,5.0
-0.5575575575575575,4.859370882191969,0.06271867831911118,-0.003396069352611804,-0.0051756148785915375,-0.006295708385151425,-0.007551307808041818,-0.007574330164710943,5.0
-0.5555555555555556,4.852639160394494,0.06573267152675868,-0.003614439573153671,-0.005500317086400275,-0.006675275284595756,-0.007994772297085529,-0.007989883103552767,5.0
-0.5535535535535536,4.84577333436478,0.06880796753788297,-0.0038416917524175106,-0.005837459274553422,-0.007067959526508022,-0.008452331143753893,-0.008415875339373633,5.0
-0.5515515515515516,4.838777641047061,0.07194275213691531,-0.004077912494457529,-0.006187101652924467,-0.007473712784805845,-0.008923814554510972,-0.008851934104301296,5.0
-0.5495495495495495,4.8316563190424615,0.075135209026967,-0.00432318109008538,-0.006549292187483572,-0.007892471157303583,-0.009409032007743283,-0.00929766738998153,5.0
-0.5475475475475475,4.824413592370221,0.07838352691734327,-0.004577569791088852,-0.006924067143049182,-0.008324156098290398,-0.009907773572438067,-0.009752665878490493,5.0
-0.5455455455455456,4.817053655916266,0.08168590588287951,-0.004841144097004017,-0.007311451642476726,-0.008768675361750956,-0.01041981123795149,-0.010216504858813133,5.0
-0.5435435435435436,4.809580662507394,0.08504056301918851,-0.005113963051102843,-0.007711460236640766,-0.009225923947221461,-0.010944900244165758,-0.010688746115771232,5.0
-0.5415415415415415,4.801998711536699,0.08844573742373527,-0.005396079542577069,-0.008124097480119,-0.009695785041104334,-0.011482780402505234,-0.011168939779841205,5.0
-0.5395395395395395,4.794311839057401,0.09189969453752016,-0.005687540612219895,-0.008549358508040379,-0.010178130947094627,-0.012033177399447887,-0.011656626127839818,5.0
-0.5375375375375375,4.7865240092566435,0.09540072988578217,-0.0059883877592160325,-0.0089872296100933,-0.0106728240001775,-0.012595804075287433,-0.012151337325939681,5.0
-0.5355355355355356,4.77863910721707,0.09894717225839157,-0.0062986572469387655,-0.009437688798190302,-0.011179717459422058,-0.013170361671944781,-0.012652599107881439,5.0
-0.5335335335335336,4.770660932871699,0.10253738637158319,-0.006618380405915884,-0.009900706364745607,-0.011698656375514527,-0.013756541044584713,-0.013159932382565024,5.0
-0.5315315315315315,4.762593196056667,0.10616977505267332,-0.006947583932365581,-0.01037624542894349,-0.012229478429640532,-0.01435402383266652,-0.013672854766423636,5.0
-0.5295295295295295,4.754439512566957,0.10984278098871798,-0.007286290180921133,-0.01086426246876148,-0.012772014740942488,-0.01496248358685359,-0.014190882037110306,5.0
-0.5275275275275275,4.746203401122283,0.11355488807898613,-0.007634517450363414,-0.011364707836868502,-0.01332609064034534,-0.015581586848935501,-0.014713529506055796,5.0
-0.5255255255255256,4.737888281153662,0.11730462242977728,-0.007992280261365739,-0.011877526258848173,-0.013891526409062632,-0.01621099418258387,-0.015240313308387148,5.0
-0.5235235235235236,4.729497471325512,0.12109055302854192,-0.008359589625429173,-0.012402657312504645,-0.014468137980567343,-0.016850361153375567,-0.01577075160952625,5.0
-0.5215215215215215,4.721034188712963,0.1249112921324583,-0.008736453304348142,-0.012940035887293123,-0.015055737605237283,-0.017499339257074333,-0.016304365728518042,5.0
-0.5195195195195195,4.712501548559042,0.1287654954045802,-0.009122876059696859,-0.013489592623180464,-0.015654134477266202,-0.018157576795667804,-0.016840681178772958,5.0
-0.5175175175175175,4.703902564541454,0.13265186182843158,-0.009518859891965879,-0.014051254328481895,-0.016263135323770057,-0.01882471970110969,-0.017379228627452774,5.0
-0.5155155155155156,4.695240149483598,0.13656913342958235,-0.009924404269104035,-0.014624944376437604,-0.016882544956315436,-0.019500412307119682,-0.01791954477519247,5.0
-0.5135135135135136,4.686517116449415,0.14051609483038296,-0.0103395063443336,-0.01521058308048644,-0.017512166785356338,-0.020184298069744873,-0.018461173158239752,5.0
-0.5115115115115115,4.677736180166512,0.14449157266173976,-0.010764161163204668,-0.015808088048363048,-0.018151803298287108,-0.020876020237688996,-0.019003664875417523,5.0
-0.5095095095095095,4.66889995872687,0.14849443485362862,-0.011198361859939221,-0.016417374515289667,-0.01880125650200731,-0.02157522247367078,-0.019546579242577626,5.0
-0.5075075075075075,4.660010975519148,0.1525235898239791,-0.011642099843185096,-0.01703835565665433,-0.01946032833104774,-0.022281549428281866,-0.020089484377424326,5.0
-0.5055055055055055,4.651071661351125,0.15657798558361766,-0.012095364971357965,-0.017670942880666344,-0.020128821022431395,-0.022994647267982463,-0.020631957717746768,5.0
-0.5035035035035035,4.642084356725077,0.16065660877313073,-0.01255814571779508,-0.01831504610155843,-0.020806537458538565,-0.02371416415900215,-0.021173586476217334,5.0
-0.5015015015015015,4.633051314232953,0.16475848364580933,-0.013030429325981354,-0.01897057399396625,-0.02149328147931798,-0.024439750709009868,-0.02171396803499174,5.0
-0.49949949949949946,4.623974701041974,0.1688826710092733,-0.013512201955136235,-0.019637434229162462,-0.022188858165235397,-0.02517106036848316,-0.022252710283390906,5.0
-0.4974974974974975,4.614856601444857,0.17302826713696076,-0.014003448816472062,-0.020315533693856032,-0.022893074092383555,-0.02590774979374954,-0.022789431901959135,5.0
-0.49549549549549554,4.605699019452182,0.17719440265939554,-0.01450415430045078,-0.021004778692290504,-0.023605737561192587,-0.0266494791736917,-0.023323762596179378,5.0
-0.4934934934934935,4.596503881407525,0.1813802414439892,-0.015014302095377793,-0.021705075132388733,-0.02432665880018197,-0.027395912522109784,-0.0238553432830895,5.0
-0.4914914914914915,4.5872730386087195,0.18558497947107477,-0.015533875297679486,-0.022416328696696592,-0.025055650146183363,-0.028146717937717374,-0.024383826233984125,5.0
-0.48948948948948945,4.57800826992103,0.1898078437128631,-0.016062856514215327,-0.023138444998877277,-0.025792526202443152,-0.02890156783371766,-0.024908875176309974,5.0
-0.4874874874874875,4.568711284370095,0.19404809102105544,-0.016601227956976813,-0.02387132972649984,-0.02653710397598237,-0.029660139138864502,-0.0254301653577701,5.0
-0.48548548548548554,4.55938372370424,0.19830500702792733,-0.01714897153052455,-0.02461488877085431,-0.02728920299555531,-0.030422113471861065,-0.025947383575549175,5.0
-0.48348348348348347,4.550027164917244,0.20257790506484855,-0.017706068912511717,-0.02536902834450997,-0.02804864541150606,-0.031187177290891103,-0.026460228173459912,5.0
-0.4814814814814815,4.540643122723957,0.2068661251014358,-0.018272501627638688,-0.026133655087316583,-0.02881525607877755,-0.031955022020015045,-0.02696840900969392,5.0
-0.47947947947947944,4.531233051982368,0.21116903270786513,-0.018848251115378342,-0.026908676161529466,-0.029588862624281332,-0.032725344154098016,-0.02747164739773998,5.0
-0.4774774774774775,4.521798350056863,0.2154860180423224,-0.01943329879180633,-0.027693999336719656,-0.03036929549978753,-0.03349784534386862,-0.027969676022910672,5.0
-0.47547547547547553,4.51234035911851,0.21981649486511817,-0.02002762610586527,-0.02848953306511123,-0.03115638802144711,-0.03427223246263923,-0.028462238836795533,5.0
-0.47347347347347346,4.5028603683791895,0.2241598995806319,-0.02063121459038495,-0.029295186547966718,-0.031949976397009035,-0.035048217656148385,-0.02894909093183552,5.0
-0.4714714714714715,4.493359616257359,0.22851569030795044,-0.021244045908174344,-0.030110869793620626,-0.03274989974174532,-0.03582551837691537,-0.029429998398090042,5.0
-0.46946946946946944,4.483839292474026,0.23288334598080884,-0.02186610189349312,-0.030936493667739675,-0.03355600008404719,-0.03660385740442522,-0.029904738164145225,5.0
-0.4674674674674675,4.474300540078175,0.23726236547721455,-0.022497364589202422,-0.03177196993636563,-0.0343681223616055,-0.03738296285239166,-0.030373097823991016,5.0
-0.4654654654654655,4.464744457401481,0.24165226677892265,-0.023137816279884912,-0.032617211302273054,-0.03518611440903825,-0.03816256816427362,-0.03083487545157473,5.0
-0.46346346346346345,4.455172099942583,0.24605258616075346,-0.02378743952121447,-0.03347213143515171,-0.03600982693777892,-0.03894241209815183,-0.03128987940462471,5.0
-0.4614614614614615,4.445584482181576,0.2504628774095622,-0.024446217165845024,-0.03433664499609827,-0.03683911350899109,-0.03972223870200321,-0.03173792811922417,5.0
-0.45945945945945943,4.435982579325666,0.254882711072547,-0.025114132386076522,-0.03521066765687837,-0.03767383050022657,-0.04050179728034498,-0.03217884989650999,5.0
-0.4574574574574575,4.426367328987228,0.25931167373444686,-0.025791168693544125,-0.03609411611439572,-0.03851383706649933,-0.041280842353155954,-0.03261248268276786,5.0
-0.4554554554554555,4.416739632795666,0.2637493673230929,-0.02647730995616447,-0.03698690810078024,-0.03935899509640261,-0.0420591336079222,-0.033038673844099725,5.0
-0.45345345345345345,4.4071003579446755,0.2681954084426882,-0.027172540412559548,-0.03788896238948362,-0.04020916916385366,-0.04283643584559458,-0.03345727993674622,5.0
-0.4514514514514515,4.397450338676599,0.27264942773412537,-0.027876844684165913,-0.038800198797745766,-0.04106422647600978,-0.04361251892119052,-0.03386816647406135,5.0
-0.4494494494494494,4.387790377705693,0.27711106926159484,-0.028590207785224114,-0.039720538185773105,-0.041924036817859604,-0.044387157679718674,-0.034271207691054906,5.0
-0.44744744744744747,4.378121247582134,0.28157998992469035,-0.029312615130829323,-0.04064990245294561,-0.04278847249395654,-0.04516013188805486,-0.0346662863073407,5.0
-0.4454454454454454,4.368443691998691,0.2860558588951886,-0.03004405254321221,-0.041588214531348165,-0.04365740826772498,-0.04593122616335017,-0.03505329328925813,5.0
-0.44344344344344344,4.358758427041978,0.2905383570776603,-0.030784506256406264,-0.042535398376899576,-0.044530721298736975,-0.046700229898506945,-0.03543212761186603,5.0
-0.4414414414414415,4.349066142390246,0.29502717659306144,-0.03153396291944611,-0.04349137895833322,-0.04540829107832492,-0.04746693718521658,-0.035802696021445195,5.0
-0.4394394394394394,4.339367502459683,0.2995220202844573,-0.03229240959823028,-0.04445608224426299,-0.046289999363865665,-0.04823114673501274,-0.036164912799086825,5.0
-0.43743743743743746,4.329663147501178,0.30402260124403546,-0.033059833776171235,-0.04542943518855074,-0.04717573011204358,-0.04899266179875626,-0.03651869952588814,5.0
-0.4354354354354354,4.319953694649514,0.30852864236057453,-0.03383622335374581,-0.04641136571417364,-0.048065369411373106,-0.04975129008493296,-0.036863984850224386,5.0
-0.43343343343343343,4.310239738926889,0.3130398758865472,-0.034621566647049844,-0.0474018026957742,-0.04895880541423634,-0.05050684367711196,-0.037200704257517314,5.0
-0.4314314314314315,4.30052185420266,0.3175560430240388,-0.03541585238545278,-0.0484006759410596,-0.04985592826866732,-0.05125913895088075,-0.03752879984287432,5.0
-0.4294294294294294,4.290800594111117,0.3220768935286827,-0.036219069708439716,-0.04940791617120426,-0.050756630050093184,-0.052007996490544155,-0.037848220086929694,5.0
-0.42742742742742745,4.28107649292904,0.3266021853308162,-0.03703120816172169,-0.050423455000394544,-0.05166080469322076,-0.05275324100584676,-0.038158919635178895,5.0
-0.4254254254254254,4.271350066414772,0.33113168417308436,-0.037852257692688324,-0.051447224914644464,-0.052568347924239214,-0.05349470124895316,-0.038460859081060755,5.0
-0.42342342342342343,4.2616218126104295,0.33566516326373497,-0.03868220864527149,-0.052479159249998866,-0.053479157193490834,-0.05423220993189641,-0.038754004753007686,5.0
-0.42142142142142147,4.251892212608884,0.34020240294488546,-0.039521051754282964,-0.053519192170230025,-0.054393131608746044,-0.054965603644683614,-0.03903832850565215,5.0
-0.4194194194194194,4.2421617312870925,0.34474319037505896,-0.04036877813928454,-0.05456725864412625,-0.05531017186920395,-0.05569472277422673,-0.039313807515349485,5.0
-0.41741741741741745,4.232430818007304,0.3492873192253432,-0.04122537929804484,-0.05562329442246035,-0.056230180200325566,-0.0564194114242486,-0.03958042408014901,5.0
-0.4154154154154154,4.222699907287682,0.3538345893885381,-0.04209084709963275,-0.05668723601471902,-0.05715306028959411,-0.05713951733629556,-0.03983816542432124,5.0
-0.4134134134134134,4.2129694194438025,0.3583848067007065,-0.04296517377719372,-0.05775902066566661,-0.05807871722328443,-0.05785489181197248,-0.04008702350752499,5.0
-0.41141141141141147,4.203239761202461,0.3629377826745644,-0.04384835192045155,-0.058838586331809134,-0.05900705742431269,-0.05856538963649938,-0.04032699483867739,5.0
-0.4094094094094094,4.193511326289167,0.36749333424417124,-0.04474037446797489,-0.05992587165781898,-0.0599379885912273,-0.059270869003675675,-0.04055808029456956,5.0
-0.40740740740740744,4.183784495990649,0.37205128352039807,-0.0456412346992438,-0.06102081595297282,-0.060871419638391114,-0.059971191442323206,-0.040780284943251845,5.0
-0.4054054054054054,4.174059639693594,0.3766114575566641,-0.04655092622654887,-0.06212335916765043,-0.06180726063739744,-0.06066622174426713,-0.040993617872196755,5.0
-0.4034034034034034,4.164337115400815,0.38117368812444924,-0.04746944298675246,-0.06323344186993661,-0.06274542275975255,-0.06135582789390299,-0.04119809202123237,5.0
-0.40140140140140146,4.154617270225936,0.3857378114980915,-0.04839677923293718,-0.06435100522236212,-0.06368581822085126,-0.06203988099938585,-0.041393724020224246,5.0
-0.3993993993993994,4.144900440867628,0.39030366824839546,-0.04933292952596613,-0.06547599095881615,-0.06462836022526458,-0.06271825522547046,-0.041580534031474534,5.0
-0.39739739739739743,4.135186954064376,0.3948711030445846,-0.050277888725974516,-0.06660834136165734,-0.06557296291335236,-0.06339082772802067,-0.04175854559679349,5.0
-0.39539539539539537,4.1254771270306945,0.3994399644641526,-0.05123165198381101,-0.06774799923904737,-0.06651954130920877,-0.0640574785901996,-0.04192778548919178,5.0
-0.3933933933933934,4.115771267875672,0.40401010481018057,-0.05219421473244517,-0.06889490790252684,-0.06746801126994459,-0.06471809076034701,-0.04208828356913362,5.0
-0.39139139139139134,4.106069676004688,0.40858137993570454,-0.053165572678354124,-0.07004901114485043,-0.06841828943630447,-0.06537254999154138,-0.042240072645282914,5.0
-0.3893893893893894,4.096372642505128,0.413153649074753,-0.054145721792901634,-0.07121025321809583,-0.06937029318461577,-0.06602074478284199,-0.04238318833967098,5.0
-0.3873873873873874,4.086680450516876,0.4177267746796804,-0.05513465830371895,-0.0723785788120575,-0.07032394058006056,-0.06666256632219957,-0.04251766895720727,5.0
-0.38538538538538536,4.07699337558838,0.42230062226445797,-0.05613237868609761,-0.07355393303293488,-0.0712791503312618,-0.06729790843102133,-0.04264355535945187,5.0
-0.3833833833833834,4.067311686019034,0.4268750602536024,-0.05713887965440203,-0.07473626138232263,-0.07223584174616965,-0.06792666751037155,-0.042760890842564084,5.0
-0.38138138138138133,4.057635643188619,0.43144995983643597,-0.058154158153508335,-0.07592550973650743,-0.07319393468923414,-0.06854874248878523,-0.042869721019337885,5.0
-0.3793793793793794,4.04796550187452,0.4360251948264067,-0.05917821135027622,-0.07712162432607632,-0.07415334953984631,-0.06916403477166973,-0.04297009370523311,5.0
-0.3773773773773774,4.038301510557416,0.44060064152518996,-0.06021103662505868,-0.07832455171583734,-0.07511400715202944,-0.06977244819226554,-0.043062058808307616,5.0
-0.37537537537537535,4.028643911716095,0.4451761785913253,-0.06125263156325424,-0.07953423878505378,-0.07607582881535915,-0.07037388896413488,-0.043145668222954445,5.0
-0.3733733733733734,4.0189929421120585,0.44975168691314094,-0.06230299394690534,-0.08075063270799071,-0.07703873621708979,-0.07096826563514295,-0.04322097572734512,5.0
-0.37137137137137133,4.009348833064478,0.45432704948572894,-0.06336212174634696,-0.08197368093477131,-0.07800265140546336,-0.07155548904289641,-0.043288036884480026,5.0
-0.36936936936936937,3.9997118107161143,0.45890215129173734,-0.06443001311190759,-0.0832033311725405,-0.0789674967541753,-0.07213547227159896,-0.04334690894674446,5.0
-0.3673673673673674,3.990082096290713,0.4634768791857506,-0.06550666636566503,-0.08443953136692936,-0.0799331949279699,-0.072708130610283,-0.04339765076386878,5.0
-0.36536536536536535,3.980459906342384,0.4680511217820393,-0.0665920799932598,-0.08568222968381638,-0.0808996688493383,-0.07327338151237495,-0.04344032269419098,5.0
-0.3633633633633634,3.9708454529974504,0.4726247693454473,-0.06768625263576676,-0.08693137449137735,-0.08186684166628942,-0.07383114455654925,-0.04347498651911909,5.0
-0.3613613613613613,3.9612389441892057,0.4771977136852073,-0.06878918308162713,-0.08818691434241771,-0.08283463672116426,-0.07438134140882602,-0.04350170536069217,5.0
-0.35935935935935936,3.951640583886014,0.4817698480514687,-0.06990087025864224,-0.08944879795697804,-0.08380297752046438,-0.07492389578586599,-0.043520543602139,5.0
-0.3573573573573574,3.942050572313162,0.48634106703433216,-0.0710213132260292,-0.09071697420520496,-0.0847717877056627,-0.0754587334194148,-0.04353156681133407,5.0
-0.35535535535535534,3.9324691061688566,0.49091126646519107,-0.07215051116654053,-0.09199139209047719,-0.08574099102496673,-0.07598578202185065,-0.04353484166705273,5.0
-0.3533533533533534,3.922896378834765,0.49548034332018687,-0.07328846337864729,-0.093272000732779,-0.08671051130600325,-0.07650497125278642,-0.04353043588792784,5.0
-0.3513513513513513,3.91333258058146,0.5000481956255971,-0.07443516926878754,-0.0945587493523089,-0.08768027242939337,-0.07701623268667938,-0.043518418164012314,5.0
-0.34934934934934936,3.9037778987691576,0.5046147223649798,-0.07559062834368004,-0.09585158725331551,-0.08865019830318714,-0.07751949978140005,-0.043498858090853576,5.0
-0.3473473473473474,3.894232518044107,0.5091798233879005,-0.0767548402027033,-0.09715046380814962,-0.08962021283812698,-0.07801470784771342,-0.0434718261059871,5.0
-0.34534534534534533,3.884696620530987,0.5137433993200863,-0.07792780453034098,-0.09845532844152109,-0.09059023992370896,-0.07850179401962437,-0.04343739342775867,5.0
-0.3433433433433434,3.875170386021672,0.5183053514748436,-0.07910952108869303,-0.09976613061495145,-0.09156020340501217,-0.07898069722554048,-0.04339563199638582,5.0
-0.3413413413413413,3.8656539921607003,0.5228655817655862,-0.08029998971005262,-0.10108281981140946,-0.09253002706026395,-0.07945135816020438,-0.04334661441717119,5.0
-0.33933933933933935,3.856147614627777,0.5274239926193229,-0.0814992102895483,-0.1024053455201195,-0.09349963457911237,-0.07991371925734944,-0.043290413905781804,5.0
-0.3373373373373374,3.8466514273176435,0.5319804868909487,-0.0827071827778507,-0.10373365722153073,-0.0944689495415743,-0.080367724663031,-0.043227104235509864,5.0
-0.3353353353353353,3.837165602517608,0.5365349677781883,-0.08392390717394241,-0.10506770437243483,-0.0954378953976282,-0.08081332020958715,-0.043156759686432254,5.0
-0.33333333333333337,3.8276903110830496,0.5410873387370426,-0.0851493835179504,-0.106407436391221,-0.0964063954474236,-0.08125045339018205,-0.043079454996388135,5.0
-0.3313313313313313,3.8182257226111727,0.5456375033975793,-0.08638361188403906,-0.10775280264325553,-0.09737437282207416,-0.08167907333388624,-0.04299526531369495,5.0
-0.32932932932932935,3.8087720056133008,0.5501853654799136,-0.08762659237336179,-0.10910375242637275,-0.09834175046500655,-0.08209913078124688,-0.04290426615152492,5.0
-0.3273273273273274,3.799329327685975,0.5547308287102244,-0.0888783251070704,-0.11046023495646669,-0.09930845111383464,-0.08251057806030407,-0.04280653334386688,5.0
-0.3253253253253253,3.789897855681131,0.5592737967366492,-0.09013881021937913,-0.11182219935316837,-0.10027439728272877,-0.08291336906300648,-0.042702143002998384,5.0
-0.32332332332332336,3.7804777558756184,0.5638141730449042,-0.09140804785068271,-0.11318959462559895,-0.10123951124525225,-0.08330745922198236,-0.04259117147839661,5.0
-0.3213213213213213,3.7710691941403325,0.5683518608734729,-0.0926860381407258,-0.11456236965818346,-0.10220371501763481,-0.08369280548762187,-0.04247369531701678,5.0
-0.31931931931931934,3.761672336109222,0.5728867631282137,-0.09397278122182307,-0.11594047319651568,-0.1031669303424557,-0.08406936630542641,-0.042349791224869746,5.0
-0.31731731731731727,3.752287347348459,0.5774187822962359,-0.09526827721212772,-0.1173238538332597,-0.10412907867270686,-0.08443710159358139,-0.042219536029831216,5.0
-0.3153153153153153,3.7429143935260307,0.5819478203588963,-0.09657252620894909,-0.11871245999407855,-0.1050900811562098,-0.08479597272071031,-0.04208300664561734,5.0
-0.31331331331331336,3.733553640582064,0.5864737787037699,-0.09788552828211666,-0.12010623992357596,-0.10604985862035621,-0.08514594248376503,-0.04194028003686202,5.0
-0.3113113113113113,3.7242052549001494,0.5909965580354535,-0.09920728346739291,-0.12150514167124239,-0.1070083315571472,-0.08548697508601198,-0.04179143318523372,5.0
-0.30930930930930933,3.714869403479976,0.5955160582850529,-0.10053779175993303,-0.1229091130773927,-0.10796542010850173,-0.08581903611506904,-0.04163654305652982,5.0
-0.30730730730730726,3.7055462541115696,0.600032178518217,-0.10187705310779441,-0.12431810175908524,-0.10892104405180751,-0.08614209252095169,-0.04147568656868787,5.0
-0.3053053053053053,3.696235975551447,0.60454481684157,-0.10322506740549602,-0.12573205509601146,-0.10987512278568666,-0.08645611259408408,-0.04130894056065471,5.0
-0.30330330330330335,3.686938737700982,0.6090538703073941,-0.10458183448763027,-0.1271509202163455,-0.11082757531594804,-0.08676106594323114,-0.04113638176205394,5.0
-0.3013013013013013,3.677654711787299,0.6135592348164188,-0.10594735412252994,-0.1285746439825438,-0.11177832024169812,-0.08705692347330847,-0.040958086763594415,5.0
-0.2992992992992993,3.668384070546999,0.6180608050185565,-0.10732162600599288,-0.13000317297708383,-0.11272727574158202,-0.08734365736302362,-0.04077413198816208,5.0
-0.29729729729729726,3.6591269884130257,0.6225584742114307,-0.10870464975506863,-0.13143645348813213,-0.11367435956012516,-0.0876212410423041,-0.04058459366253791,5.0
-0.2952952952952953,3.6498836417049785,0.6270521342365307,-0.11009642490191116,-0.13287443149513098,-0.11461948899414635,-0.08788964916946483,-0.04038954778968654,5.0
-0.29329329329329334,3.6406542088231735,0.631541675372826,-0.1114969508877021,-0.1343170526542936,-0.11556258087921194,-0.0881488576080685,-0.04018907012155892,5.0
-0.2912912912912913,3.631438870446767,0.6360269862276658,-0.1129062270566509,-0.13576426228399785,-0.11650355157609953,-0.08839884340342984,-0.03998323613235406,5.0
-0.2892892892892893,3.6222378097362324,0.6405079536247765,-0.11432425265007722,-0.13721600535006753,-0.11744231695724082,-0.08863958475871471,-0.03977212099218503,5.0
-0.28728728728728725,3.613051212540505,0.6449844624891795,-0.11575102680058309,-0.13867222645093188,-0.11837879239311028,-0.08887106101058487,-0.039555799541094734,5.0
-0.2852852852852853,3.603879267609088,0.6494563957288322,-0.11718654852632206,-0.1401328698026518,-0.1193128927385266,-0.08909325260433566,-0.03933434626336771,5.0
-0.28328328328328334,3.594722166809435,0.6539236341127923,-0.11863081672537322,-0.14159787922380357,-0.12024453231883361,-0.08930614106847659,-0.03910783526208456,5.0
-0.28128128128128127,3.5855801053499152,0.6583860561457099,-0.12008383017023062,-0.14306719812020918,-0.12117362491592523,-0.08950970898870006,-0.038876340233866595,5.0
-0.2792792792792793,3.5764532820086643,0.6628435379384345,-0.12154558750241665,-0.14454076946950253,-0.12210008375407931,-0.08970393998118603,-0.038639934443758316,5.0
-0.27727727727727725,3.5673418993686514,0.6672959530745332,-0.12301608722723062,-0.14601853580552301,-0.12302382148556402,-0.08988881866518672,-0.03839869070019665,5.0
-0.2752752752752753,3.5582461640592746,0.6717431724725018,-0.12449532770864472,-0.1475004392025236,-0.12394475017597885,-0.09006433063483625,-0.03815268133001598,5.0
-0.27327327327327333,3.549166287004808,0.6761850642434627,-0.12598330716436,-0.14898642125918604,-0.12486278128929265,-0.0902304624301287,-0.037901978153439396,5.0
-0.27127127127127126,3.540102483680047,0.6806214935441232,-0.1274800236610349,-0.1504764230824301,-0.1257778256725388,-0.09038720150700655,-0.03764665245900642,5.0
-0.2692692692692693,3.531054974373473,0.685052322424789,-0.1289854751097031,-0.15197038527100978,-0.126689793540128,-0.09053453620650163,-0.03738677497838946,5.0
-0.26726726726726724,3.522023984458292,0.6894774096722032,-0.13049965926139453,-0.1534682478988832,-0.1275985944577359,-0.09067245572286882,-0.03712241586105092,5.0
-0.2652652652652653,3.513009744671687,0.693896610647002,-0.13202257370297674,-0.1549699504983481,-0.12850413732572397,-0.0908009500706518,-0.036853644648694436,5.0
-0.2632632632632632,3.5040124914026305,0.698309777115566,-0.13355421585323513,-0.15647543204293055,-0.1294063303620494,-0.09092001005062031,-0.03658053024946473,5.0
-0.26126126126126126,3.495032466988614,0.7027167570760472,-0.13509458295920904,-0.15798463093001738,-0.1303050810846177,-0.09102962721451593,-0.036303140911851065,5.0
-0.2592592592592593,3.48606992002163,0.7071173945783623,-0.13664367209280542,-0.1594974849632213,-0.131200296293033,-0.09112979382854287,-0.036021544198250814,5.0
-0.25725725725725723,3.4771251056637564,0.7115115295379303,-0.1382014801477081,-0.1610139313344658,-0.13209188204969585,-0.09122050283554052,-0.03573580695815082,5.0
-0.2552552552552553,3.468198285972677,0.7158989975429467,-0.139768003836606,-0.16253390660577818,-0.1329797436601991,-0.091301747815772,-0.035445995300885526,5.0
-0.2532532532532532,3.4592897302374643,0.7202796296549808,-0.1413432396887608,-0.1640573466907799,-0.133863785652971,-0.09137352294626329,-0.035152174567932744,5.0
-0.25125125125125125,3.4503997153249357,0.7246532522026963,-0.14292718404793775,-0.16558418683585743,-0.13474391175811054,-0.09143582295862662,-0.0348544093047093,5.0
-0.2492492492492493,3.4415285260368886,0.7290196865684913,-0.14451983307072183,-0.1671143616010024,-0.1356200248853612,-0.09148864309530215,-0.03455276323183168,5.0
-0.24724724724724723,3.4326764554784885,0.7333787489678668,-0.14612118272524374,-0.16864780484030348,-0.13649202710116598,-0.09153197906414981,-0.03424729921580837,5.0
-0.24524524524524527,3.4238438054380698,0.7377302502213404,-0.1477312287903392,-0.17018444968207494,-0.13735981960474355,-0.09156582699132686,-0.033938079239134396,5.0
-0.2432432432432432,3.415030886778581,0.7420739955187367,-0.14934996685516463,-0.17172422850860397,-0.13822330270312713,-0.09159018337238287,-0.03362516436976109,5.0
-0.24124124124124124,3.4062380198408797,0.7464097841756939,-0.15097739231929552,-0.17326707293549692,-0.13908237578510255,-0.09160504502150925,-0.03330861472991854,5.0
-0.2392392392392393,3.3974655348590437,0.7507374093822508,-0.15261350039332774,-0.17481291379060515,-0.13993693729398202,-0.09161040901887754,-0.03298848946427215,5.0
-0.23723723723723722,3.3887137723878245,0.7550566579433925,-0.15425828610000744,-0.17636168109250644,-0.14078688469914774,-0.091606272656006,-0.032664846707399636,5.0
-0.23523523523523526,3.379983083742332,0.7593673100114644,-0.15591174427590992,-0.17791330402851915,-0.1416321144663,-0.09159263337909461,-0.03233774355058094,5.0
-0.2332332332332332,3.3712738314499866,0.76366913881039,-0.15757386957368893,-0.17946771093222225,-0.14247252202633998,-0.0915694887302723,-0.03200723600789941,5.0
-0.23123123123123124,3.362586389714708,0.7679619103516533,-0.15924465646491476,-0.18102482926045044,-0.14330800174281821,-0.09153683628670344,-0.031673378981659984,5.0
-0.22922922922922928,3.3539211448932575,0.7722453831420646,-0.16092409924351866,-0.18258458556973658,-0.14413844687788077,-0.09149467359750754,-0.031336226227138365,5.0
-0.2272272272272272,3.3452784959835777,0.7765193078833468,-0.16261219202985622,-0.18414690549216167,-0.1449637495566384,-0.09144299811844846,-0.030995830316683837,5.0
-0.22522522522522526,3.3366588551248717,0.7807834271636537,-0.16430892877540224,-0.18571171371057857,-0.14578380072989183,-0.09138180714435952,-0.03065224260320931,5.0
-0.2232232232232232,3.3280626481091002,0.7850374751411638,-0.16601430326808084,-0.18727893393316475,-0.14659849013513876,-0.09131109773927598,-0.030305513183112445,5.0
-0.22122122122122123,3.3194903149034483,0.7892811772199719,-0.16772830913823494,-0.18884848886726,-0.14740770625579325,-0.09123086666425848,-0.02995569085868531,5.0
-0.21921921921921927,3.3109423101832074,0.7935142497185663,-0.16945093986522747,-0.190420300192436,-0.14821133627854705,-0.09114111030289873,-0.029602823100083508,5.0
-0.2172172172172172,3.3024191038743904,0.7977363995312514,-0.17118218878466596,-0.19199428853274325,-0.1490092660488051,-0.09104182458451424,-0.029246956006941154,5.0
-0.21521521521521525,3.293921181705244,0.8019473237829667,-0.1729220490962282,-0.19357037342807482,-0.1498013800241277,-0.0909330049050502,-0.02888813426973575,5.0
-0.21321321321321318,3.2854490457656826,0.8061467094780442,-0.1746705138720605,-0.19514847330457424,-0.1505875612256152,-0.09081464604572502,-0.02852640113102506,5.0
-0.21121121121121122,3.277003215073471,0.810334233143557,-0.17642757606570997,-0.19672850544401912,-0.15136769118717683,-0.09068674208947357,-0.02816179834670014,5.0
-0.20920920920920927,3.268584226145805,0.814509560468017,-0.17819322852153552,-0.1983103859520917,-0.15214164990262555,-0.09054928633526234,-0.027794366147420136,5.0
-0.2072072072072072,3.2601926335747304,0.8186723459363112,-0.1799674639845334,-0.19989402972544978,-0.1529093157705503,-0.09040227121037601,-0.027424143200420928,5.0
-0.20520520520520524,3.251829010604597,0.8228222324619069,-0.18175027511049266,-0.20147935041749487,-0.1536705655369211,-0.09024568818079928,-0.02705116657191574,5.0
-0.20320320320320318,3.24349394970951,0.8269588510174964,-0.18354165447638102,-0.20306626040273115,-0.15442527423539304,-0.09007952765984914,-0.026675471690337273,5.0
-0.20120120120120122,3.235188063168455,0.8310818202654269,-0.18534159459083807,-0.20465467073959082,-0.15517331512528157,-0.08990377891524459,-0.026297092310701795,5.0
-0.19919919919919926,3.226911983635493,0.8351907461894246,-0.18715008790463364,-0.20624449113159804,-0.15591455962719739,-0.0897184299748389,-0.02591606048041236,5.0
-0.1971971971971972,3.218666364702106,0.8392852217293274,-0.18896712682092087,-0.20783562988672635,-0.15664887725633816,-0.08952346753127811,-0.025532406506855482,5.0
-0.19519519519519524,3.2104518814484173,0.843364826420737,-0.19079270370508605,-0.2094279938747911,-0.1573761355534528,-0.08931887684589715,-0.025146158927186874,5.0
-0.19319319319319317,3.2022692309796756,0.8474291260417239,-0.19262681089396877,-0.21102148848271016,-0.15809620001351155,-0.08910464165221285,-0.024757344480746443,5.0
-0.1911911911911912,3.1941191329439977,0.8514776722689593,-0.1944694407041884,-0.2126160175674458,-0.1588089340121342,-0.0888807440594277,-0.02436598808458921,5.0
-0.18918918918918914,3.186002330026949,0.8555100023459009,-0.19632058543927858,-0.21421148340642981,-0.15951419872985484,-0.08864716445641876,-0.02397211281266961,5.0
-0.1871871871871872,3.1779195884181273,0.8595256387659205,-0.19818023739529,-0.21580778664525824,-0.16021185307432603,-0.0884038814167502,-0.023575739879269676,5.0
-0.18518518518518523,3.1698716982444597,0.8635240889735444,-0.2000483888644776,-0.217404826242422,-0.1609017536005962,-0.08815087160531786,-0.023176888627317795,5.0
-0.18318318318318316,3.161859473964448,0.8675048450872954,-0.20192503213664373,-0.21900249941083338,-0.16158375442963058,-0.08788810968731327,-0.022775576522304265,5.0
-0.1811811811811812,3.153883754717124,0.8714673836478984,-0.20381015949765338,-0.22060070155587996,-0.16225770716527863,-0.08761556824027257,-0.02237181915256058,5.0
-0.17917917917917914,3.145945404618955,0.8754111653959668,-0.2057037632245913,-0.22219932620973493,-0.16292346080994072,-0.08733321767006694,-0.021965630236734226,5.0
-0.17717717717717718,3.138045313001447,0.8793356350836037,-0.20760583557696508,-0.22379826496162575,-0.16358086167922686,-0.08704102613178359,-0.021557021639355734,5.0
-0.17517517517517522,3.1301843945816437,0.8832402213246953,-0.20951636878330676,-0.22539740738376082,-0.16422975331595896,-0.08673895945654725,-0.021146003395462354,5.0
-0.17317317317317316,3.1223635895572235,0.8871243364890111,-0.211435355022457,-0.22699664095259145,-0.16486997640392184,-0.08642698108543558,-0.020732583745309927,5.0
-0.1711711711711712,3.1145838636173497,0.8909873766455867,-0.21336278639875428,-0.2285958509650811,-0.1655013686818334,-0.08610505201175479,-0.020316769180272625,5.0
-0.16916916916916913,3.106846207859925,0.8948287215611943,-0.2152986549102838,-0.23019492044964784,-0.16612376485807204,-0.08577313073305529,-0.019898564501096647,5.0
-0.16716716716716717,3.0991516386054045,0.898647734760039,-0.2172429524092747,-0.23179373007143333,-0.1667369965267783,-0.08543117321438831,-0.019477972889738366,5.0
-0.16516516516516522,3.0915011970968624,0.9024437636511546,-0.21919567055366446,-0.23339215803156224,-0.16734089208602423,-0.08507913286442534,-0.019054995996078485,5.0
-0.16316316316316315,3.0838959490755546,0.9062161397302596,-0.22115680074878644,-0.23499007996004959,-0.16793527665883598,-0.08471696052618986,-0.018629634040859853,5.0
-0.1611611611611612,3.076336984220864,0.9099641788631065,-0.22312633407806812,-0.2365873688020322,-0.1685199720179484,-0.08434460448427289,-0.018201885936245943,5.0
-0.15915915915915912,3.0688254154431824,0.9136871816576109,-0.22510426122157182,-0.23818389469701315,-0.16909479651526962,-0.083962010490534,-0.017771749425437775,5.0
-0.15715715715715717,3.0613623780180537,0.9173844339322188,-0.22709057236114952,-0.23977952485083479,-0.16965956501714186,-0.08356912181040592,-0.017339221242816928,5.0
-0.1551551551551552,3.0539490285497477,0.9210552072881172,-0.2290852570709405,-0.24137412340013312,-0.17021408884659534,-0.083165879292043,-0.01690429729609918,5.0
-0.15315315315315314,3.046586543752418,0.9246987597929659,-0.2310883041918979,-0.24296755126906813,-0.17075817573390967,-0.08275222146066094,-0.016466972871984124,5.0
-0.1511511511511512,3.039276119037085,0.9283143367838068,-0.23309970168900845,-0.2445596660181875,-0.17129162977691947,-0.08232808464051525,-0.01602724286676826,5.0
-0.14914914914914912,3.032018966892933,0.9319011717967247,-0.23511943648985473,-0.2461503216853502,-0.17181425141262338,-0.08189340310705076,-0.015585102043349189,5.0
-0.14714714714714716,3.0248163150518406,0.9354584876306085,-0.23714749430317603,-0.2477393686187216,-0.17232583740178192,-0.08144810927182144,-0.015140545315983972,5.0
-0.1451451451451452,3.0176694044256736,0.9389854975520634,-0.2391838594161128,-0.24932665330196244,-0.17282618082832107,-0.08099213390282706,-0.014693568064071032,5.0
-0.14314314314314314,3.0105794868066935,0.9424814066480383,-0.24122851446886834,-0.2509120181718456,-0.1733150711154734,-0.08052540638292863,-0.014244166476099508,5.0
-0.14114114114114118,3.0035478223224934,0.9459454133321606,-0.24328144020559847,-0.25249530142868193,-0.1737922940607209,-0.08004785500899585,-0.013792337924749026,5.0
-0.1391391391391391,2.9965756766382055,0.9493767110099879,-0.24534261520045425,-0.2540763368400962,-0.1742576318917084,-0.07955940733438747,-0.013338081373922301,5.0
-0.13713713713713716,2.9896643179002895,0.9527744899074629,-0.24741201555784156,-0.25565495353887246,-0.1747108633454084,-0.0790599905572753,-0.012881397818250446,5.0
-0.1351351351351351,2.9828150134181173,0.9561379390657286,-0.24948961458614358,-0.25723097581579424,-0.1751517637729027,-0.07854953195718208,-0.012422290755321929,5.0
-0.13313313313313313,2.976029026081725,0.9594662485041631,-0.2515753824443784,-0.2588042229086252,-0.17558010527222567,-0.078027959381911,-0.011960766690549855,5.0
-0.13113113113113117,2.969307610516623,0.9627586115519609,-0.25366928576152714,-0.2603745087886279,-0.17599565685176574,-0.07749520178679126,-0.011496835674204639,5.0
-0.1291291291291291,2.962652008979347,0.9660142273468847,-0.25577128722857956,-0.2619416419462725,-0.17639818462674464,-0.07695118982784616,-0.011030511869699675,5.0
-0.12712712712712715,2.9560634470005653,0.9692323034978817,-0.2578813451637104,-0.26350542517807896,-0.1767874520512967,-0.07639585651010287,-0.010561814151726027,5.0
-0.12512512512512508,2.9495431287859994,0.9724120589061198,-0.25999941305140045,-0.26506565537682836,-0.17716322018862235,-0.07582913789180083,-0.010090766732287995,5.0
-0.12312312312312312,2.943092232389118,0.9755527267367083,-0.26212543905678076,-0.2666221233276886,-0.17752524802161443,-0.07525097384471448,-0.009617399812097418,5.0
-0.12112112112112117,2.9367119046735715,0.9786535575308274,-0.2642593655169773,-0.268174613513117,-0.17787329280622127,-0.07466130887018554,-0.009141750254143228,5.0
-0.1191191191191191,2.930403256087528,0.9817138224453756,-0.26640112841178604,-0.2697229039297187,-0.17820711046963292,-0.07406009296975793,-0.008663862275570129,5.0
-0.11711711711711714,2.9241673552764875,0.9847328166044258,-0.2685506568165884,-0.27126676592054816,-0.1785264560551335,-0.07344728256852186,-0.008183788153281553,5.0
-0.11511511511511507,2.918005223565648,0.9877098625439205,-0.27070787234104726,-0.2728059640266462,-0.17883108421516408,-0.07282284148841482,-0.007701588937938295,5.0
-0.11311311311311312,2.9119178293475008,0.9906443137280817,-0.2728726885577565,-0.27434025586187355,-0.17912074975376935,-0.07218674196778768,-0.007217335170263919,5.0
-0.11111111111111116,2.905906082414843,0.9935355581130979,-0.2750450104256894,-0.27586939201535415,-0.17939520821916763,-0.07153896572254374,-0.006731107592807039,5.0
-0.10910910910910909,2.8999708282838665,0.9963830217307391,-0.27722473371393985,-0.2773931159860346,-0.17965421654667013,-0.07087950504309969,-0.006242997849561592,5.0
-0.10710710710710714,2.894112842556167,0.9991861722618041,-0.27941174443190975,-0.27891116415402273,-0.17989753375160009,-0.07020836392031723,-0.005753109165129322,5.0
-0.10510510510510507,2.8883328253724105,1.0019445225667214,-0.28160591827271336,-0.2804232657934462,-0.1801249216712102,-0.06952555919242705,-0.005261556994441292,5.0
-0.10310310310310311,2.8826313960138394,1.0046576341383018,-0.2838071200771431,-0.28192914313157935,-0.18033614575387938,-0.06883112170383349,-0.004768469633459756,5.0
-0.10110110110110115,2.877009087710663,1.0073251204396658,-0.2860152033260566,-0.2834285114589055,-0.18053097589309455,-0.06812509746557233,-0.004273988780780225,5.0
-0.09909909909909909,2.8714663427185747,1.0099466500888092,-0.2882300096694642,-0.28492107929459776,-0.18070918730289165,-0.06740754880611743,-0.003778270039669005,5.0
-0.09709709709709713,2.866003507726006,1.0125219498502085,-0.2904513685009225,-0.2864065486116181,-0.18087056143056043,-0.0666785555002289,-0.003281483349828212,5.0
-0.09509509509509506,2.860620829655208,1.0150508073933497,-0.2926790965860261,-0.28788461512522395,-0.18101488690151382,-0.0659382158626282,-0.002783813338100084,5.0
-0.0930930930930931,2.855318451919665,1.0175330737782404,-0.2949129977538457,-0.2893549686481521,-0.18114196049031778,-0.06518664779251435,-0.0022854595774282277,5.0
-0.09109109109109115,2.8500964111987117,1.0199686656287634,-0.29715286266004104,-0.2908172935151018,-0.18125158811096762,-0.06442398975432544,-0.001786636743703532,5.0
-0.08908908908908908,2.844954634787365,1.022357566956321,-0.29939846863008746,-0.2922712690783656,-0.1813435858186208,-0.06365040167973536,-0.0012875746606540663,5.0
-0.08708708708708712,2.839892938575334,1.0246998305985775,-0.3016495795905744,-0.2937165702755802,-0.18141778081417684,-0.06286606577569025,-0.0007885182237030355,5.0
-0.08508508508508505,2.8349110257039065,1.026995579241226,-0.3039059460958515,-0.2951528682695656,-0.18147401244233666,-0.062071187223353516,-0.00028972719472380114,5.0
-0.0830830830830831,2.83000848594289,1.0292450059946177,-0.30616730545642046,-0.2965798311591437,-0.18151213317313103,-0.06126599475317527,0.00020852413913210294,5.0
-0.08108108108108114,2.825184795822175,1.0314483745017826,-0.3084333819743969,-0.2979971247586537,-0.18153200955638357,-0.06045074108194222,0.0007059474478753594,5.0
-0.07907907907907907,2.820439319543735,1.033606018559696,-0.3107038872900978,-0.2994044134426651,-0.18153352313819657,-0.05962570319861487,0.0012022409860226214,5.0
-0.07707707707707712,2.815771310690231,1.035718341241679,-0.312978520842373,-0.3008013610511385,-0.18151657132835086,-0.05879118248702535,0.0016970903665689148,5.0
-0.07507507507507505,2.8111799147359284,1.0377858135153069,-0.31525697044371664,-0.30218763184902964,-0.18148106820750104,-0.057947504675086074,0.0021901694812297466,5.0
-0.07307307307307309,2.8066641723545884,1.039808972357154,-0.3175389129694738,-0.3035628915331085,-0.18142694526324324,-0.05709501960203478,0.00268114156436891,5.0
-0.07107107107107113,2.8022230235075676,1.0417884183728991,-0.3198240151586637,-0.30492680827760976,-0.1813541520445507,-0.05623410079739637,0.003169660395706599,5.0
-0.06906906906906907,2.7978553122837995,1.043724812938641,-0.32211193452208964,-0.3062790538092605,-0.18126265672471487,-0.05536514486774215,0.0036553716345317064,5.0
-0.06706706706706711,2.7935597924518967,1.0456188748865691,-0.3244023203515394,-0.30761930450129854,-0.18115244656378834,-0.05448857068993206,0.004137914275776293,5.0
-0.06506506506506504,2.7893351336735703,1.0474713767651995,-0.3266948148220713,-0.30894724247532246,-0.18102352826261103,-0.05360481841229015,0.004616922216006158,5.0
-0.06306306306306309,2.7851799283171825,1.0492831407110725,-0.328989054177635,-0.31026255669922176,-0.18087592820177678,-0.05271434826802489,0.005092025915197552,5.0
-0.06106106106106102,2.781092698800783,1.051055033974951,-0.3312846699886742,-0.31156494406906493,-0.18070969256036126,-0.051817639208108446,0.005562854138165323,5.0
-0.05905905905905906,2.7770719053856774,1.052787964151007,-0.33358129046893786,-0.3128541104626814,-0.18052488731084493,-0.05091518736370067,0.006029035757738128,5.0
-0.0570570570570571,2.773115954334652,1.054482874162038,-0.3358785418375027,-0.3141297717527632,-0.18032159808839515,-0.05000750435097751,0.006490201600294492,5.0
-0.055055055055055035,2.769223206343597,1.0561407370574132,-0.33817604971106524,-0.3153916547676663,-0.18009992993448937,-0.049095115433832465,0.006945986313124304,5.0
-0.05305305305305308,2.7653919851515947,1.0577625506829873,-0.340473440510872,-0.31663949818867804,-0.1798600069167078,-0.04817855756229343,0.00739603023230293,5.0
-0.05105105105105101,2.7616205862326404,1.059349332283685,-0.3427703428683005,-0.31787305337334587,-0.17960197162837627,-0.047258377306580175,0.007839981229386483,5.0
-0.049049049049049054,2.757907285472091,1.0609021130997336,-0.3450663890130269,-0.3190920850955041,-0.17932598457353072,-0.04633512870845888,0.008277496515274728,5.0
-0.0470470470470471,2.754250347732693,1.062421933016665,-0.347361216127998,-0.32029637219388,-0.17903222344437986,-0.045409371072889865,0.008708244380048278,5.0
-0.04504504504504503,2.7506480352185436,1.0639098353272216,-0.34965446765598734,-0.32148570812255806,-0.17872088230000097,-0.044481666723875636,0.009131905848462445,5.0
-0.04304304304304307,2.7470986155504917,1.0653668616602616,-0.3519457945433923,-0.3226599013981162,-0.17839217065639537,-0.043552578748875914,0.009548176232052624,5.0
-0.041041041041041004,2.7436003694731586,1.0667940471277417,-0.3542348564080783,-0.32381877593987307,-0.17804631249920688,-0.04262266875615604,0.00995676656044628,5.0
-0.03903903903903905,2.7401515981216926,1.0681924157360128,-0.3565213226194605,-0.3249621713013565,-0.1776835452313506,-0.041692494668977835,0.010357404876443285,5.0
-0.03703703703703709,2.736750629785452,1.0695629761020853,-0.3588048732806087,-0.32608994279278103,-0.1773041185684879,-0.04076260857964201,0.01074983738167022,5.0
-0.03503503503503502,2.733395826115665,1.0709067175094111,-0.36108520010391437,-0.3272019614959806,-0.17690829339570782,-0.03983355468508079,0.011133829422080396,5.0
-0.033033033033033066,2.730085587734618,1.072224606331189,-0.3633620071737252,-0.3282981141748042,-0.1764963405989251,-0.03890586732401252,0.011509166305195344,5.0
-0.031031031031030998,2.7268183592146915,1.07351758284247,-0.3656350115912891,-0.32937830308546434,-0.17606853988439564,-0.037980069133659915,0.011875653943703037,5.0
-0.02902902902902904,2.723592633406416,1.0747865584355087,-0.3679039439992973,-0.33044244569264597,-0.1756251785993797,-0.03705666934175283,0.012233119322776473,5.0
-0.027027027027027084,2.720406955105394,1.076032413246098,-0.37016854898524515,-0.33149047429835693,-0.1751665505663868,-0.03613616220704879,0.012581410791188768,5.0
-0.025025025025025016,2.7172599240581503,1.0772559941921227,-0.37242858536467455,-0.3325223355914705,-0.17469295494261847,-0.035219025618971556,0.012920398178917528,5.0
-0.02302302302302306,2.714150197316631,1.0784581134194664,-0.3746838263471056,-0.33353799012670265,-0.1742046951152377,-0.0343057198642592,0.013249972746395533,5.0
-0.02102102102102099,2.711076490959858,1.079639547144782,-0.3769340595890567,-0.33453741174233065,-0.17370207764194892,-0.03339668656578918,0.013570046972827893,5.0
-0.019019019019019034,2.7080375812091657,1.080801034879543,-0.3791790871399755,-0.33552058692633163,-0.17318541124512155,-0.032492347796071186,0.013880554193015825,5.0
-0.017017017017017078,2.7050323049702767,1.0819432790154422,-0.3814187252881244,-0.33648751414078754,-0.1726550058663559,-0.03159310536532644,0.014181448093873006,5.0
-0.01501501501501501,2.7020595598412105,1.083066944747408,-0.38365280431448484,-0.3374382031143634,-0.17211117178702168,-0.03069934028165301,0.014472702083266507,5.0
-0.013013013013013053,2.6991183036296014,1.0841726603075879,-0.3858811681635406,-0.3383726741124725,-0.17155421881891939,-0.02981141237855434,0.014754308544948917,5.0
-0.011011011011010985,2.696207553426428,1.0852610174813042,-0.38810367404038276,-0.3392909571943611,-0.1709844555678606,-0.02892966010311664,0.015026277994164004,5.0
-0.009009009009009028,2.6933263842854527,1.0863325723744766,-0.390320191943935,-0.3401930914658447,-0.1704021887716673,-0.028054400456386387,0.015288638149010941,5.0
-0.00700700700700696,2.690473927558898,1.0873878464010804,-0.39253060414626917,-0.34107912433579707,-0.16980772271286573,-0.0271859290760391,0.015541432932850797,5.0
-0.005005005005005003,2.687649368940098,1.088427327458999,-0.3947348046279344,-0.3419491107837785,-0.1692013587052352,-0.026324520450254872,0.015784721422953802,5.0
-0.0030030030030030463,2.6848519462631755,1.0894514712629335,-0.3969326984790204,-0.3428031126453923,-0.16858339465236324,-0.025470428250823893,0.016018576760238566,5.0
-0.0010010010010009784,2.6820809471082896,1.0904607028039097,-0.399124201275316,-0.3436411979211293,-0.16795412467548487,-0.024623885772894764,0.016243085034375215,5.0
0.0010010010010010895,2.679335706258809,1.0914554179062042,-0.4013092384384153,-0.34446344011359187,-0.1673138388071395,-0.02378510646843151,0.016458344157742805,5.0
0.0030030030030030463,2.6766156030539876,1.0924359848541911,-0.4034877445880345,-0.3452699175971303,-0.1666628227465763,-0.022954284560351354,0.01666446274078313,5.0
0.005005005005005003,2.673920058677507,1.0934027460635751,-0.4056596628940942,-0.3460607130230684,-0.16600135767237129,-0.02213159572444675,0.016861558980210127,5.0
0.00700700700700696,2.6712485334186553,1.0943560197736886,-0.4078249444353731,-0.3468359127628759,-0.1653297201073842,-0.02131719782653133,0.017049759570353835,5.0
0.009009009009008917,2.668600523939141,1.095296101739855,-0.40998354757074223,-0.34759560639087445,-0.16464818183097915,-0.02051123170276059,0.017229198646670545,5.0
0.011011011011011096,2.665975560574599,1.0962232669072927,-0.41213543732815827,-0.3483398862073343,-0.16395700983333583,-0.019713821971737083,0.017400016769170697,5.0
0.013013013013013053,2.663373204695891,1.097137771050478,-0.4142805848157798,-0.34906884680216976,-0.16325646630669982,-0.018925077867788735,0.01756235995222999,5.0
0.01501501501501501,2.6607930461514044,1.09803985236435,-0.4164189666587521,-0.3497825846588491,-0.16254680866852403,-0.018145094085677643,0.017716378745985018,5.0
0.017017017017016967,2.65823470080777,1.0989297329961203,-0.41855056446442707,-0.3504811977976236,-0.16182828961164566,-0.01737395162793042,0.017862227373293793,5.0
0.019019019019018923,2.6556978082028198,1.0998076205086942,-0.42067536431802904,-0.35116478545673574,-0.16110115717689794,-0.016611718646953957,0.018000062925083722,5.0
0.021021021021021102,2.653182029321253,1.1006737092688696,-0.4227933563100894,-0.3518334478099062,-0.16036565484386686,-0.015858451275088288,0.018130044615831356,5.0
0.02302302302302306,2.6506870445003825,1.1015281817554212,-0.4249045340963175,-0.3524872857180994,-0.15962202163585806,-0.015114194436732979,0.018252333099929397,5.0
0.025025025025025016,2.648212551470541,1.1023712097839655,-0.42700889448999707,-0.3531264005133456,-0.15887049223551586,-0.014378982637644476,0.018367089848808773,5.0
0.027027027027026973,2.64575826353226,1.1032029556470775,-0.4291064370864709,-0.35375089381223707,-0.1581112971079442,-0.013652840727426422,0.018474476587899965,5.0
0.02902902902902893,2.6433239078701627,1.1040235731695325,-0.4311971639188055,-0.35436086735660166,-0.15734466262857935,-0.012935784632109107,0.01857465479184177,5.0
0.03103103103103111,2.640909224001699,1.104833208679701,-0.4332810791433433,-0.3549564228788219,-0.15657081121348274,-0.012227822054529883,0.018667785235777855,5.0
0.033033033033033066,2.638513962357319,1.1056320018991512,-0.435358188753485,-0.3555376619892468,-0.15578996145011786,-0.011528953140975226,0.018754027600117712,5.0
0.03503503503503502,2.636137882987468,1.1064200867532716,-0.4374285003197726,-0.35610468608318513,-0.15500232822706606,-0.010839171113223939,0.018833540125776187,5.0
0.03703703703703698,2.6337807543908687,1.107197592106381,-0.4394920227540945,-0.35665759626503224,-0.15420812286150956,-0.010158462865736562,0.01890647931663783,5.0
0.039039039039038936,2.631442352457848,1.1079646424252365,-0.4415487660956412,-0.35719649328717656,-0.15340755322365515,-0.009486809528268782,0.01897299968581189,5.0
0.041041041041041115,2.6291224595220806,1.1087213583751534,-0.44359874131608146,-0.357721477501438,-0.15260082385760154,-0.008824186994647166,0.01903325354214238,5.0
0.04304304304304307,2.6268208635138426,1.109467857353148,-0.4456419601413051,-0.35823264882092687,-0.1517881360984558,-0.008170566418837295,0.019087390813407757,5.0
0.04504504504504503,2.624537357207869,1.1102042539625647,-0.4476784348869742,-0.3587301066903406,-0.15096968818577805,-0.007525914679761035,0.019135558902675733,5.0
0.047047047047046986,2.6222717375589895,1.1109306604336178,-0.44970817830504717,-0.35921395006285556,-0.15014567537368773,-0.006890194816585935,0.01917790257436241,5.0
0.04904904904904894,2.620023805118963,1.1116471869941673,-0.45173120343836565,-0.3596842773819258,-0.14931629003819652,-0.006263366436421012,0.019214563866673064,5.0
0.05105105105105112,2.6177933635282766,1.1123539421948883,-0.45374752348034036,-0.3601411865664255,-0.1484817217825379,-0.005645386096515286,0.019245682027264618,5.0
0.05305305305305308,2.6155802190770685,1.1130510331927443,-0.4557571516367062,-0.36058477499772207,-0.14764215754145507,-0.005036207663174034,0.019271393469159903,5.0
0.055055055055055035,2.613384180329809,1.1137385659964498,-0.45776010098626063,-0.3610151395073918,-0.1467977816855819,-0.00443578264968866,0.019291831744154716,5.0
0.05705705705705699,2.6112050578088644,1.1144166456773308,-0.45975638433743954,-0.36143237636442094,-0.14594877612721138,-0.0038440605356245346,0.019307127531182085,5.0
0.05905905905905895,2.6090426637325783,1.1150853765486963,-0.4617460140775019,-0.36183658126084817,-0.14509532042889098,-0.003260989069832176,0.019317408637330606,5.0
0.06106106106106113,2.606896811803998,1.1157448623165862,-0.4637290020110295,-0.3622278492949258,-0.14423759191642635,-0.0026865145595452115,0.01932280000944822,5.0
0.06306306306306309,2.6047673170468704,1.1163952062044742,-0.46570535918435596,-0.3626062749509814,-0.14337576579800262,-0.0021205821479069746,0.019323423754497863,5.0
0.06506506506506504,2.6026539956859907,1.117036511054261,-0.4676750956924465,-0.36297195207526994,-0.14251001529125856,-0.001563136082229472,0.019319399167061248,5.0
0.067067067067067,2.6005566650694054,1.1176688794056853,-0.46963822046465525,-0.3633249738472125,-0.14164051176026982,-0.0010141199752358794,0.01931084276261173,5.0
0.06906906906906896,2.598475143630363,1.1182924135560341,-0.4715947410256946,-0.36366543274552776,-0.14076742486451077,-0.00047347706147144754,0.019297868315394477,5.0
0.07107107107107113,2.596409250887246,1.1189072156019046,-0.4735446632280507,-0.363993420508865,-0.13989092272197656,5.8849549011173964e-05,0.0192805868999598,5.0
0.07307307307307309,2.594358807480011,1.119513387464593,-0.4754879909520041,-0.36430902809067833,-0.13901117208875136,0.0005829166176783009,0.019259106935596272,5.0
0.07507507507507505,2.592323635241916,1.1201110309005413,-0.4774247257693449,-0.3646123456081979,-0.13812833855740422,0.0010987805233459683,0.01923353423310053,5.0
0.077077077077077,2.59030355730553,1.120700247498213,-0.47935486656682763,-0.3649034622855033,-0.13724258677668344,0.0016064970050298076,0.01920397204350426,5.0
0.07907907907907896,2.588298398242169,1.1212811386626296,-0.48127840912539216,-0.3651824663908445,-0.13635408069504973,0.0021061209001686163,0.019170521108553967,5.0
0.08108108108108114,2.5863079842340375,1.121853805588777,-0.4831953456512121,-0.36544944516854183,-0.13546298383064986,0.0025977058767355657,0.01913327971290771,5.0
0.0830830830830831,2.584332143278454,1.122418349225009,-0.4851056642546878,-0.36570448476596407,-0.1345694595703644,0.0030813041579329167,0.01909234373817543,5.0
0.08508508508508505,2.582370705423568,1.1229748702275322,-0.48700934837362714,-0.36594767015629986,-0.13367367150057344,0.0035569662383716284,0.01904780671908534,5.0
0.08708708708708701,2.580423503035027,1.123523468907042,-0.4889063761370449,-0.36617908505805064,-0.13277578377226384,0.004024740590869461,0.018999759902209503,5.0
0.08908908908908897,2.578490371093018,1.1240642451685268,-0.4907967196662511,-0.36639881185241263,-0.13187596150304268,0.004484673363260893,0.01894829230782568,5.0
0.09109109109109115,2.576571147519093,1.124597298445248,-0.4926803443102272,-0.3666069314999668,-0.130974371218523,0.004936808064900188,0.01889349079562941,5.0
0.0930930930930931,2.5746656735321043,1.1251227276278752,-0.49455720781268575,-0.36680352345835665,-0.13007118133540188,0.0053811852428560375,0.018835440135139898,5.0
0.09509509509509506,2.5727737940324875,1.1256406309897427,-0.49642725940869553,-0.36698866560291027,-0.1291665626883546,0.0058178421481412425,0.01877422308176137,5.0
0.09709709709709702,2.5708953580140044,1.1261511061091631,-0.4982904388493186,-0.36716243415243804,-0.1282606891026139,0.006246812392692208,0.01870992045956878,5.0
0.0990990990990992,2.5690302190018968,1.1266542497897378,-0.500146675353362,-0.36732490360271414,-0.1273537380137911,0.006668125598208237,0.018642611251978487,5.0
0.10110110110110115,2.5671782355162276,1.1271501579795673,-0.5019958864860858,-0.3674761466704228,-0.126445891136119,0.007081807038375853,0.018572372701538303,5.0
0.10310310310310311,2.5653392715589547,1.1276389256902648,-0.5038379769655411,-0.36761623425061074,-0.12553733517985372,0.007487877276434086,0.018499280420124498,5.0
0.10510510510510507,2.563513197123044,1.128120646916672,-0.5056728373981105,-0.36774523539092635,-0.12462826261806483,0.007886351800476624,0.01842340851086069,5.0
0.10710710710710702,2.561699888721656,1.1285954145581325,-0.5075003429458192,-0.3678632172861416,-0.12371887250246488,0.008277240659330014,0.01834482970307445,5.0
0.1091091091091092,2.5598992299351213,1.1290633203422238,-0.5093203519290286,-0.3679702452966342,-0.12280937132728804,0.008660548102285266,0.018263615501575285,5.0
0.11111111111111116,2.5581111119731146,1.129524454751782,-0.5111327043692507,-0.3680663829946455,-0.12189997393952,0.009036272226385618,0.018179836351471464,5.0
0.11311311311311312,2.556335434249074,1.12997890695609,-0.5129372204779843,-0.36815169224222277,-0.12099090449301321,0.009404404635376682,0.01809356181964009,5.0
0.11511511511511507,2.5545721049635612,1.1304267647470605,-0.5147336990986844,-0.3682262333047842,-0.12008239744319991,0.009764930114797267,0.01800486079382114,5.0
0.11711711711711703,2.5528210416929005,1.1308681144812345,-0.5165219161102121,-0.36829006500421385,-0.11917469857824187,0.010117826328020628,0.0179138017001227,5.0
0.11911911911911921,2.551082171979052,1.1313030410283962,-0.5183016228013543,-0.36834324491529247,-0.1182680660815449,0.01046306353833658,0.017820452739498057,5.0
0.12112112112112117,2.5493554339163382,1.1317316277275702,-0.520072544227247,-0.3683858296090872,-0.11736277161962083,0.010800604362385972,0.017724882143488656,5.0
0.12312312312312312,2.5476407767303035,1.1321539563511076,-0.5218343775597547,-0.36841787494665545,-0.11645910144831646,0.011130403560410283,0.017627158449218035,5.0
0.12512512512512508,2.5459381613436567,1.1325701070775416,-0.5235867904450231,-0.3684394364260717,-0.11555735752945885,0.011452407868853268,0.017527350793276233,5.0
0.12712712712712704,2.5442475609239907,1.1329801584737835,-0.5253294193825543,-0.3684505695853352,-0.11465785864900119,0.011766555880839696,0.017425529223752453,5.0
0.12912912912912922,2.542568961407715,1.1333841874871828,-0.5270618681411612,-0.36845133046318507,-0.11376094152681356,0.012072777979951795,0.017321765029261426,5.0
0.13113113113113117,2.540902361994451,1.1337822694478474,-0.5287837062281028,-0.3684417761192168,-0.1128669619073583,0.012370996332521846,0.017216131083370886,5.0
0.13313313313313313,2.5392477756059835,1.1341744780815326,-0.5304944674284893,-0.3684219652139794,-0.11197629561964838,0.012661124943354557,0.017108702202380702,5.0
0.1351351351351351,2.5376052293037703,1.1345608855332723,-0.5321936484327082,-0.36839195864892166,-0.11108933959411411,0.012943069779383292,0.01699955551393484,5.0
0.13713713713713704,2.535974764658963,1.1349415624018293,-0.5338807075701114,-0.36835182026518076,-0.1102065128233318,0.013216728965248902,0.016888770833474908,5.0
0.13913913913913922,2.534356438068907,1.1353165777848724,-0.5355550636674973,-0.368301617599239,-0.10932825725300623,0.01348199305417009,0.016776431045076187,5.0
0.14114114114114118,2.532750321014136,1.135685999334717,-0.5372160950510415,-0.36824142269247756,-0.10845503858917278,0.013738745376753767,0.01666262248275514,5.0
0.14314314314314314,2.5311565002500025,1.136049893324316,-0.5388631387102021,-0.36817131295058514,-0.10758734700731103,0.013986862469577194,0.016547435307909933,5.0
0.1451451451451451,2.5295750779272397,1.1364083247230867,-0.5404954896417871,-0.3680913720476972,-0.10672569774895499,0.014226214584470178,0.016430963878164336,5.0
0.14714714714714705,2.5280061716359663,1.136761357282091,-0.5421124003917955,-0.368001690869047,-0.10587063159146852,0.01445666627844498,0.01631330710254128,5.0
0.14914914914914923,2.526449914367905,1.1371090536279809,-0.5437130808118124,-0.3679023684848176,-0.1050227151769332,0.01467807708317595,0.01619456877760471,5.0
0.1511511511511512,2.524906454391904,1.1374514753650904,-0.5452966980456724,-0.3677935131468301,-0.10418254118658882,0.01489030225183629,0.016074857898990387,5.0
0.15315315315315314,2.523375955038222,1.137788683184999,-0.5468623767607873,-0.36767524329869966,-0.10335072834797794,0.01509319357997187,0.01595428894260464,5.0
0.1551551551551551,2.521858594387455,1.1381207369828834,-0.5484091996369826,-0.36754768858916836,-0.10252792126288396,0.015286600295950433,0.015832982109716783,5.0
0.15715715715715706,2.5203545648604875,1.1384476959799525,-0.5499362081238945,-0.3674109908774936,-0.10171479004531239,0.015470370015389284,0.01571106353021225,5.0
0.15915915915915924,2.5188640727063936,1.138769618851263,-0.5514424034759804,-0.36726530521907264,-0.10091202976015284,0.01564434975285644,0.015588665418416277,5.0
0.1611611611611612,2.5173873373858635,1.1390865638582208,-0.5529267480719882,-0.36711080081891984,-0.10012035965475975,0.015808386983080798,0.015465926176147707,5.0
0.16316316316316315,2.5159245908484253,1.1393985889850724,-0.5543881670233406,-0.36694766194021744,-0.09934052217749463,0.015962330742918147,0.015342990438020671,5.0
0.1651651651651651,2.514476076702551,1.1397057520786806,-0.5558255500733441,-0.3667760887549395,-0.09857328177926716,0.016106032764422403,0.01522000905448005,5.0
0.16716716716716706,2.5130420492785954,1.140008110990876,-0.5572377537864515,-0.36659629812351907,-0.09781942349627067,0.016239348628584883,0.015097139008631615,5.0
0.16916916916916924,2.5116227725855063,1.1403057237226297,-0.5586236040240155,-0.36640852429070225,-0.09707975131441027,0.01636213892864756,0.014974543263605622,5.0
0.1711711711711712,2.5102185191632898,1.1405986485692505,-0.5599818987001158,-0.36621301948510454,-0.09635508631833749,0.016474270431383897,0.014852390537964815,5.0
0.17317317317317316,2.50882956883434,1.140886944265747,-0.5613114108081171,-0.3660100544105715,-0.09564626463050087,0.01657561722438604,0.014730855007524968,5.0
0.1751751751751751,2.507456207357938,1.1411706701313893,-0.5626108917057095,-0.3657999186182297,-0.09495413514816531,0.016666061837210533,0.01461011593288455,5.0
0.17717717717717707,2.5060987249934654,1.1414498862124334,-0.5638790746432726,-0.36558292074909,-0.09427955708890491,0.016745496324220455,0.014490357212944692,5.0
0.17917917917917925,2.5047574149791623,1.1417246534218295,-0.5651146785175585,-0.3653593886382323,-0.09362339735759447,0.016813823297125594,0.01437176686572435,5.0
0.1811811811811812,2.503432571934501,1.141995033674634,-0.5663164118299504,-0.3651296692729239,-0.0929865277503793,0.016870956895559244,0.014254536438818886,5.0
0.18318318318318316,2.5021244901955533,1.1422610900177415,-0.5674829768259102,-0.364894128598498,-0.09236982201344263,0.016916823684538437,0.014138860352892637,5.0
0.18518518518518512,2.5008334620938997,1.1425228867524222,-0.5686130737897718,-0.36465315116741687,-0.09177415277658486,0.016951363468324626,0.014024935182617698,5.0
0.18718718718718708,2.4995597761907917,1.142780489548102,-0.5697054054667985,-0.3644071396286379,-0.09120038838363625,0.01697453001102243,0.013912958880450164,5.0
0.18918918918918926,2.498303715479297,1.143033965545735,-0.570758681582349,-0.36415651405616517,-0.09064938964350426,0.016986291655211396,0.013803129949551051,5.0
0.1911911911911912,2.4970655555680676,1.1432833834491214,-0.5717716234262887,-0.3639017111174767,-0.09012200652718771,0.01698663183098308,0.013695646572994146,5.0
0.19319319319319317,2.495845562861117,1.143528813602521,-0.572742968469287,-0.36364318308433785,-0.08961907483732721,0.01697554944893561,0.013590705707137662,5.0
0.19519519519519513,2.4946439927485566,1.1437703280529783,-0.5736714749765438,-0.36338139669031605,-0.08914141287779168,0.016953059171939507,0.013488502147657967,5.0
0.19719719719719708,2.4934610878236265,1.1440080005958786,-0.5745559265837068,-0.3631168318410698,-0.08868981815139604,0.016919191561813214,0.013389227577236394,5.0
0.19919919919919926,2.4922970761415035,1.1442419068023995,-0.5753951367993678,-0.36284998018517534,-0.088265064114091,0.016873993098412268,0.013293069604247048,5.0
0.20120120120120122,2.4911521695353356,1.1444721240277023,-0.5761879533985402,-0.36258134355484356,-0.08786789701385343,0.016817526070023132,0.01320021080200614,5.0
0.20320320320320318,2.490026562004651,1.144698731398943,-0.5769332626719582,-0.3623114322873541,-0.0874990328420288,0.016749868335340704,0.013110827758208893,5.0
0.20520520520520513,2.4889204281908066,1.1449218097824343,-0.5776299934968904,-0.3620407634393568,-0.08715915442403677,0.016671112958677757,0.013025090144098347,5.0
0.2072072072072071,2.4878339219533983,1.1451414417295742,-0.5782771211964428,-0.36176985890737484,-0.08684890867515829,0.016581367721387928,0.012943159812683855,5.0
0.20920920920920927,2.486767175060646,1.145357711401458,-0.5788736711560104,-0.36149924346882495,-0.08656890404558598,0.016480754513762595,0.01286518993496114,5.0
0.21121121121121122,2.4857202960056113,1.145570704472412,-0.5794187221676397,-0.3612294427586989,-0.08631970817706447,0.016369408612872244,0.01279132418258955,5.0
0.21321321321321318,2.4846933689588133,1.1457805080129981,-0.5799114094755252,-0.36096098119766107,-0.08610184579129714,0.01624747785294957,0.01272169596486511,5.0
0.21521521521521514,2.483686452866332,1.1459872103533544,-0.5803509274986851,-0.36069437988774294,-0.0859157968278785,0.016115121695941818,0.012656427727103457,5.0
0.21721721721721732,2.4826995807008814,1.146190900928046,-0.5807365322099902,-0.360430154492042,-0.08576199484686924,0.015972510210784538,0.012595630316728812,5.0
0.21921921921921927,2.481732758871635,1.1463916701038732,-0.5810675431541164,-0.36016881311485427,-0.0856408257082949,0.015819822970757364,0.012539402422468439,5.0
0.22122122122122123,2.4807859667967986,1.1465896089923457,-0.5813433450906115,-0.35991085419851204,-0.08555262653786996,0.01565724787896912,0.012487830091095005,5.0
0.2232232232232232,2.4798591566410986,1.1467848092487427,-0.5815633892520536,-0.35965676445285116,-0.0854976849851629,0.01548497993257792,0.012440986325155669,5.0
0.22522522522522515,2.4789522532185226,1.146977362859863,-0.5817271942111721,-0.35940701683270576,-0.08547623877727913,0.015303219936780257,0.012398930764097258,5.0
0.22722722722722732,2.4780651540588527,1.1471673619226903,-0.581834346354761,-0.35916206857815663,-0.08548847556798514,0.015112173179897844,0.012361709450155984,5.0
0.22922922922922928,2.4771977296347742,1.147354898416271,-0.5818844999661639,-0.3589223593314246,-0.08553453307908193,0.014912048081054364,0.01232935467934543,5.0
0.23123123123123124,2.47634982374471,1.1475400639691296,-0.5818773769219862,-0.35868830934334295,-0.08561449952779891,0.014703054821965798,0.012301884936863416,5.0
0.2332332332332332,2.475521254044987,1.1477229496245003,-0.5818127660124609,-0.3584603177812652,-0.08572841433106265,0.014485403974272138,0.01227930491526223,5.0
0.23523523523523515,2.4747118127235543,1.1479036456055514,-0.5816905218984786,-0.3582387611490836,-0.0858762690747422,0.014259305133617898,0.012261605612798581,5.0
0.23723723723723733,2.4739212673062543,1.1480822410826692,-0.581510563721646,-0.3580239918287737,-0.0860580087334161,0.014024965571348833,0.012248764508513746,5.0
0.2392392392392393,2.473149361585552,1.1482588239446554,-0.5812728733868211,-0.35781633675153685,-0.08627353312387959,0.01378258891423849,0.012240745809797667,5.0
0.24124124124124124,2.4723958166607636,1.1484334805755192,-0.5809774935393204,-0.3576160962052255,-0.08652269857354261,0.013532373862095092,0.012237500767472083,5.0
0.2432432432432432,2.471660332078044,1.148606295638322,-0.5806245252614103,-0.35742354278329497,-0.0868053197830865,0.01327451295243492,0.01223896805279212,5.0
0.24524524524524516,2.470942587057819,1.1487773518673257,-0.5802141255146872,-0.3572389204790578,-0.08712117186126135,0.01300919138064687,0.012245074190216709,5.0
0.24724724724724734,2.4702422417968775,1.1489467298695433,-0.5797465043565759,-0.35706244392753667,-0.08746999250854355,0.012736585883223456,0.012255734039336904,5.0
0.2492492492492493,2.4695589388319603,1.1491145079366345,-0.5792219219603375,-0.3568942977957094,-0.08785148432552851,0.01245686369070151,0.012270851318978204,5.0
0.25125125125125125,2.468892304451452,1.1492807618680332,-0.5786406854687577,-0.356734636320473,-0.08826531722142784,0.012170181555952652,0.012290319166208248,5.0
0.2532532532532532,2.4682419501415493,1.1494455648061737,-0.5780031457120182,-0.3565835829921754,-0.08871113089785379,0.011876684862396087,0.012314020722781142,5.0
0.25525525525525516,2.46760747405321,1.1496089870847457,-0.5773096938201918,-0.3564412303801414,-0.08918853738321704,0.011576506815588106,0.012341829741434702,5.0
0.25725725725725734,2.4669884624761003,1.149771096091027,-0.5765607577603878,-0.35630764009524274,-0.08969712359351295,0.011269767720487451,0.012373611204424421,5.0
0.2592592592592593,2.4663844913058135,1.149931956143505,-0.5757567988277871,-0.35618284288323365,-0.09023645389601397,0.010956574345517462,0.01240922194672674,5.0
0.26126126126126126,2.4657951274907655,1.1500916283861848,-0.5748983081187437,-0.3560668388413428,-0.09080607265339935,0.010637019373364982,0.012448511276474956,5.0
0.2632632632632632,2.4652199304454125,1.1502501707011785,-0.5739858030128204,-0.3559595977494595,-0.09140550672711063,0.010311180937290734,0.012491321585403531,5.0
0.26526526526526517,2.464658453416875,1.1504076376413122,-0.5730198236891008,-0.35586105950621855,-0.09203426792019277,0.009979122240598664,0.012537488942371732,5.0
0.26726726726726735,2.464110244792654,1.1505640803845507,-0.5720009297004475,-0.3557711346593645,-0.09269185534152984,0.009640891255845507,0.012586843663416617,5.0
0.2692692692692693,2.4635748493379777,1.1507195467120224,-0.5709296966276168,-0.3556897050190004,-0.09337775767518106,0.00929652049938898,0.012639210852249772,5.0
0.27127127127127126,2.4630518093524283,1.1508740810112363,-0.5698067128333069,-0.3556166243416887,-0.09409145534042346,0.008946026875996988,0.01269441090566047,5.0
0.2732732732732732,2.4625406657369013,1.1510277243057383,-0.5686325763343725,-0.35555171907289007,-0.09483242253007956,0.00858941158748933,0.012752259978919746,5.0
0.2752752752752752,2.4620409589636383,1.1511805143119327,-0.5674078918085887,-0.3554947891349009,-0.09560012911671216,0.008226660098777464,0.012812570406988936,5.0
0.27727727727727736,2.461552229944053,1.151332485523078,-0.5661332677505546,-0.35544560874730463,-0.09639404241827405,0.007857742154218127,0.01287515107811714,5.0
0.2792792792792793,2.4610740207913233,1.151483669319605,-0.564809313789537,-0.3554039272669437,-0.09721362881676704,0.007482611836912326,0.012939807757252049,5.0
0.28128128128128127,2.460605875477153,1.151634094103855,-0.5634366381803245,-0.35536947003459685,-0.09805835522537555,0.007101207663464592,0.013006343357573088,5.0
0.2832832832832832,2.4601473403846983,1.1517837854562403,-0.5620158454764494,-0.35534193921585916,-0.09892769040135826,0.006713452706764789,0.013074558159366539,5.0
0.2852852852852852,2.4596979647622916,1.1519327663086532,-0.5605475343934427,-0.35532101462419485,-0.09982110610369703,0.0063192547395558045,0.013144249976374934,5.0
0.28728728728728736,2.459257301085168,1.1520810571298183,-0.5590322958680543,-0.3553063545147322,-0.10073807809609275,0.0059185063918888985,0.013215214270642378,5.0
0.2892892892892893,2.458824905334785,1.15222867611624,-0.5574707113176277,-0.35529759633808783,-0.10167808699735335,0.005511085316021764,0.013287244217713729,5.0
0.2912912912912913,2.4584003372074212,1.1523756393815816,-0.5558633511019858,-0.35529435744434873,-0.10264061898253586,0.005096854352855632,0.013360130724798974,5.0
0.29329329329329323,2.4579831602653766,1.1525219611367146,-0.5542107731882542,-0.3552962357282514,-0.10362516633937344,0.004675661694605705,0.01343366240515246,5.0
0.2952952952952952,2.4575729420451697,1.152667653852477,-0.5525135220170129,-0.35530281020760496,-0.1046312278855408,0.004247341039020795,0.013507625512411093,5.0
0.29729729729729737,2.4571692541375487,1.1528127283973932,-0.550772127566005,-0.35531364152806333,-0.10565830925319548,0.0038117117310793886,0.01358180383895832,5.0
0.2992992992992993,2.456771672253769,1.1529571941432661,-0.5489871046053282,-0.35532827238846726,-0.10670592304796879,0.003368578888658869,0.013655978582509606,5.0
0.3013013013013013,2.4563797762914525,1.1531010590327326,-0.547158952135661,-0.3553462278821289,-0.10777358889018664,0.0029177335091745004,0.013729928185034915,5.0
0.30330330330330324,2.455993150411404,1.1532443296045136,-0.5452881529985857,-0.35536701575061536,-0.10886083334656839,0.0024589525545931127,0.013803428147836602,5.0
0.3053053053053052,2.45561138313408,1.153387010974179,-0.5433751736456354,-0.35539012654782026,-0.1099671897609943,0.0019919990125319468,0.013876250826093183,5.0
0.3073073073073074,2.4552340674611184,1.153529106770659,-0.5414204640502532,-0.35541503371335237,-0.11109219799313591,0.0015166219313531664,0.013948165205473009,5.0
0.30930930930930933,2.454860801023623,1.153670619031376,-0.5394244577446475,-0.35544119355558157,-0.11223540407382034,0.0010325564272708827,0.014018936662551343,5.0
0.3113113113113113,2.454491186255002,1.1538115480615039,-0.5373875719615475,-0.35546804514602304,-0.11339635978592737,0.000539523661523408,0.014088326709766648,5.0
0.31331331331331325,2.454124830582398,1.1539518922653713,-0.535310207859309,-0.35549501012815293,-0.11457462217940177,3.723078566489878e-05,0.014156092724586095,5.0
0.3153153153153152,2.453761346627404,1.1540916479600698,-0.5331927508077651,-0.35552149244521947,-0.11576975302858261,-0.00047462914695690635,0.014221987661477618,5.0
0.3173173173173174,2.4534003524042345,1.1542308091828344,-0.5310355707117688,-0.3555468779931508,-0.11698131823949508,-0.0009963773053939797,0.014285759744278212,5.0
0.31931931931931934,2.4530414715020172,1.1543693675043478,-0.5288390223496275,-0.3555705342062487,-0.11820888721401679,-0.0015283492426277918,0.014347152135675884,5.0
0.3213213213213213,2.452684333237729,1.15450731185988,-0.5266034457046024,-0.3555918095849691,-0.11945203217690502,-0.0020708950957454664,0.014405902579850357,5.0
0.32332332332332325,2.4523285727675397,1.1546446284087444,-0.5243291662693235,-0.3556100331766635,-0.12071032747055613,-0.002624379825519829,0.01446174301389901,5.0
0.3253253253253252,2.451973831147003,1.154781300430289,-0.5220164953053164,-0.3556245140216499,-0.12198334882108387,-0.0031891834953863126,0.01451439914354097,5.0
0.3273273273273274,2.4516197553344807,1.1549173082613755,-0.519665730042679,-0.3556345405782681,-0.12327067257786119,-0.003765701588845514,0.014563589978752586,5.0
0.32932932932932935,2.4512659981370026,1.1550526292765224,-0.5172771538081407,-0.35563938014159163,-0.12457187492711727,-0.00435434536319821,0.014609027325417868,5.0
0.3313313313313313,2.4509122181030545,1.1551872379077783,-0.5148510360730513,-0.3556382782710557,-0.12588653107856582,-0.004955542236311678,0.014650415229726656,5.0
0.33333333333333326,2.4505580793719264,1.1553211056975077,-0.5123876324160288,-0.35563045824234274,-0.12721421442242792,-0.005569736201924259,0.014687449372837433,5.0
0.3353353353353352,2.45020325149355,1.1554542013739224,-0.509887184397824,-0.3556151205383361,-0.12855449565267946,-0.006197388267938196,0.014719816414139022,5.0
0.3373373373373374,2.4498474092356832,1.1555864909369742,-0.5073499193481998,-0.3555914423927108,-0.12990694185097532,-0.00683897691135955,0.014747193282179388,5.0
0.33933933933933935,2.44949023239624,1.1557179377413167,-0.5047760500661772,-0.3555585773978133,-0.13127111552456763,-0.00749499854314228,0.014769246412865622,5.0
0.3413413413413413,2.4491314056372615,1.1558485025638132,-0.5021657744357152,-0.3555156551858478,-0.13264657359069837,-0.008165967976281475,0.014785630934779612,5.0
0.34334334334334327,2.4487706183533327,1.1559781436454317,-0.49951927495891296,-0.3554617811891813,-0.13403286629947975,-0.008852418891142404,0.014795989801331044,5.0
0.3453453453453452,2.448407564581466,1.1561068167012651,-0.4968367182081978,-0.35539603648192936,-0.13542953608719707,-0.009554904293216183,0.014799952868961663,5.0
0.3473473473473474,2.4480419429520373,1.1562344748973195,-0.49411825419795874,-0.3553174777010708,-0.13683611635227963,-0.010273996960208488,0.014797135919750563,5.0
0.34934934934934936,2.4476734566721534,1.1563610687982397,-0.4913640156750146,-0.355225137041458,-0.13825213014687013,-0.011010289877481707,0.01478713962563417,5.0
0.3513513513513513,2.447301813524749,1.1564865462954417,-0.48857411732644584,-0.35511802231541245,-0.13967708877790128,-0.011764396663211276,0.01476954845017793,5.0
0.35335335335335327,2.446926725859853,1.1566108525296104,-0.48574865490304286,-0.3549951170644359,-0.14111049031279563,-0.012536951986974859,0.014743929482586102,5.0
0.35535535535535545,2.44654791054977,1.1567339298244406,-0.48288770425707433,-0.35485538070804173,-0.1425518179862091,-0.013328611987636383,0.014709831197589986,5.0
0.3573573573573574,2.4461650888781064,1.15685571764947,-0.4799913202944865,-0.35469774871299814,-0.144000538505546,-0.014140054698097293,0.014666782134183425,5.0
0.35935935935935936,2.445777986334102,1.1569761526285214,-0.4770595358439061,-0.35452113276537833,-0.14545610025415584,-0.014971980485578984,0.014614289486005582,5.0
0.3613613613613613,2.445386332288452,1.15709516860677,-0.47409236044782077,-0.3543244209276743,-0.14691793139208098,-0.01582511251645134,0.014551837596576845,5.0
0.3633633633633633,2.4449898595343615,1.1572126967841267,-0.47108977908473937,-0.3541064777637289,-0.14838543785489222,-0.01670019725418789,0.014478886353567456,5.0
0.36536536536536546,2.444588303687026,1.1573286659160238,-0.4680517508346208,-0.3538661444151729,-0.14985800125147988,-0.017598004997847846,0.014394869477736308,5.0
0.3673673673673674,2.4441814024449875,1.157443002575699,-0.4649782075029665,-0.35360223861418616,-0.1513349766616629,-0.01851933046667486,0.014299192703961145,5.0
0.36936936936936937,2.443768894726666,1.1575556314653774,-0.46186905222133234,-0.3533135546185487,-0.15281569033416967,-0.01946499343413619,0.01419123185368594,5.0
0.37137137137137133,2.443350519703733,1.157666475758244,-0.45872415804334127,-0.3529988630559299,-0.1542994372850067,-0.020435839412206402,0.014070330799904385,5.0
0.3733733733733733,2.442926015758985,1.1577754574491474,-0.45554336655540584,-0.35265691066510363,-0.1557854787955348,-0.021432740384128738,0.013935799327262702,5.0
0.37537537537537546,2.442495119399653,1.1578824976900222,-0.4523264865203067,-0.3522864199222581,-0.15727303980883667,-0.022456595581432946,0.01378691089082286,5.0
0.3773773773773774,2.4420575641574467,1.1579875170859035,-0.44907329256964185,-0.3518860885408381,-0.15876130622224144,-0.023508332298768045,0.013622900277357013,5.0
0.3793793793793794,2.4416130795045015,1.1580904359290556,-0.4457835239581854,-0.3514545888335197,-0.1602494220732747,-0.024588906738178356,0.01344296117269985,5.0
0.38138138138138133,2.4411613898100684,1.1581911743517177,-0.44245688338959716,-0.35099056692501995,-0.16173648661584006,-0.025699304872813376,0.0132462436376708,5.0
0.3833833833833833,2.440702213356815,1.158289652382019,-0.43909303591890303,-0.35049264180455914,-0.1632215512831479,-0.026840543318676715,0.013031851493442902,5.0
0.38538538538538547,2.4402352614282177,1.1583857898924994,-0.4356916079328403,-0.3499594042068735,-0.164703616533771,-0.028013670201836104,0.01279883961503597,5.0
0.3873873873873874,2.4397602374698235,1.1584795064363445,-0.43225218620455924,-0.34938941531064094,-0.16618162857721155,-0.02921976600747467,0.012546211128899644,5.0
0.3893893893893894,2.4392768363171515,1.158570720972898,-0.428774317014308,-0.34878120524294415,-0.1676544759754852,-0.030459944396217103,0.012272914507359739,5.0
0.39139139139139134,2.4387847434717242,1.1586593514911687,-0.4252575053226191,-0.3481332713778505,-0.1691209861174729,-0.031735352972250996,0.011977840549054342,5.0
0.3933933933933933,2.4382836343946193,1.15874531454768,-0.42170121397737476,-0.34744407641641945,-0.17057992156316745,-0.03304717398679476,0.01165981923043645,5.0
0.3953953953953955,2.437773173775176,1.158828524742198,-0.4181048629312945,-0.3467120462345905,-0.17202997625551525,-0.03439662495927338,0.011317616409082592,5.0
0.39739739739739743,2.437253014723039,1.1589088941603574,-0.41446782844244195,-0.345935567484824,-0.17346977159836333,-0.035784959196886255,0.010949930355143736,5.0
0.3993993993993994,2.43672279782729,1.1589863318141267,-0.41078944222799685,-0.3451129849374962,-0.17489785240014644,-0.037213466190710254,0.01055538808314559,5.0
0.40140140140140135,2.4361821500301026,1.1590607431073487,-0.4070689905413495,-0.3442425985492661,-0.17631268268438846,-0.03868347186259866,0.01013254145292555,5.0
0.4034034034034033,2.4356306832767913,1.1591320293425258,-0.4033057131449247,-0.3433226602481363,-0.17771264136979914,-0.040196338631413614,0.00967986300623764,5.0
0.4054054054054055,2.4350679929306596,1.159200087265874,-0.39949880215578853,-0.34235137042855146,-0.17909601782458295,-0.04175346525912604,0.009195741504821952,5.0
0.40740740740740744,2.4344936559787613,1.159264808621059,-0.39564740074707705,-0.34132687415383933,-0.18046100730127118,-0.04335628642677219,0.008678477136627899,5.0
0.4094094094094094,2.433907229099704,1.1593260796508362,-0.3917506016940022,-0.34024725706640907,-0.181805706259616,-0.04500627197718306,0.008126276359133641,5.0
0.41141141141141135,2.4333082467100673,1.1593837804546183,-0.3878074457563497,-0.3391105410065982,-0.18312810758543765,-0.046704925746132324,0.007537246351585374,5.0
0.4134134134134133,2.4326962191423966,1.159437784085285,-0.38381691988765143,-0.3379146793371094,-0.18442609571242552,-0.04845378388671367,0.006909389050311932,5.0
0.4154154154154155,2.432070631124411,1.1594879552572626,-0.3797779552524724,-0.33665755195988156,-0.18569744165144725,-0.05025441257414867,0.006240594741556911,5.0
0.41741741741741745,2.431430940715695,1.1595341485467916,-0.37568942501643177,-0.33533695999507207,-0.1869397979278072,-0.0521084049606221,0.005528635182945045,5.0
0.4194194194194194,2.430776578807075,1.1595762059990034,-0.3715501418489264,-0.33395062006756643,-0.18815069342115254,-0.05401737723260766,0.00477115621646112,5.0
0.42142142142142136,2.430106949195938,1.1596139541166275,-0.36735885504810634,-0.3324961581165351,-0.18932752809570477,-0.055982963606396464,0.003965669822020579,5.0
0.4234234234234233,2.4294214291212257,1.1596472002889708,-0.3631142471654341,-0.33097110261085,-0.190467567600756,-0.05800681008025937,0.003109545541738394,5.0
0.4254254254254255,2.4287193699859118,1.15967572881933,-0.35881492997864767,-0.32937287702189283,-0.19156793771373828,-0.06009056674196791,0.002200001182605555,5.0
0.42742742742742745,2.428000097831954,1.1596992968106739,-0.3544594396440312,-0.3276987913807904,-0.19262561859169663,-0.0622358784053324,0.0012340926827904145,5.0
0.4294294294294294,2.4272629129905647,1.1597176302548378,-0.3500462308585664,-0.3259460327351278,-0.1936374387927883,-0.06444437331511099,0.0002087030091564289,5.0
0.43143143143143137,2.4265070882421225,1.1597304207177963,-0.34557366988588323,-0.32411165432589345,-0.19460006902846874,-0.0667176496115267,-0.0008794700527719214,5.0
0.4334334334334333,2.425731864818596,1.1597373230013297,-0.3410400263502804,-0.32219256333202995,-0.1955100156097416,-0.06905725917889154,-0.002033927342911522,5.0
0.4354354354354355,2.4249364456938456,1.1597379540729191,-0.33644346377916423,-0.32018550707702254,-0.19636361355659213,-0.07146468841298063,-0.0032583830929583837,5.0
0.43743743743743746,2.424119985845109,1.1597318933849816,-0.33178202896876874,-0.3180870576540425,-0.19715701934617383,-0.07394133532526427,-0.004556781032067398,5.0
0.4394394394394394,2.423281579520997,1.1597186844611371,-0.32705364034710604,-0.31589359499204867,-0.1978862032781137,-0.076488482256777,-0.005933311740442469,5.0
0.4414414414414414,2.422420244978278,1.1596978373386289,-0.3222560755923338,-0.31360128843843577,-0.1985469414278115,-0.07910726329973379,-0.007392431011053732,5.0
0.44344344344344333,2.4215349075842005,1.159668831168125,-0.3173869588114923,-0.31120607695411046,-0.1991348071321342,-0.08179862532174224,-0.008938878791517243,5.0
0.4454454454454455,2.420624382530741,1.159631116045607,-0.3124437475715077,-0.3087036479829143,-0.1996451618959391,-0.0845632812566273,-0.01057769805136785,5.0
0.44744744744744747,2.41968735856187,1.15958411305606,-0.30742371998361956,-0.3060894149499486,-0.2000731455107189,-0.08740165406728029,-0.012314252654753928,5.0
0.4494494494494494,2.418722383961574,1.1595272116138455,-0.30232396186598354,-0.30335849315019925,-0.20041366502668653,-0.09031380949603982,-0.014154243010551756,5.0
0.4514514514514514,2.417727855500684,1.1594597635361987,-0.29714135375645007,-0.3005056735112472,-0.20066138200779798,-0.09329937538771096,-0.016103717906257822,5.0
0.45345345345345334,2.416702010080093,1.1593810738730723,-0.2918725572538426,-0.29752539337561734,-0.20081069722319633,-0.0963574449820905,-0.01816908047535294,5.0
0.4554554554554555,2.4156429175544925,1.159290389225293,-0.2865139998985369,-0.2944117031024109,-0.2008557315960567,-0.09948646109891185,-0.020357085637608695,5.0
0.4574574574574575,2.4145484719566244,1.1591868848684934,-0.2810618576529944,-0.29115822701102195,-0.20079030185707825,-0.10268407753775818,-0.022674825486306966,5.0
0.45945945945945943,2.4134163774537636,1.1590696521064983,-0.2755120340948404,-0.28775811705458487,-0.2006078889426286,-0.10594699323255301,-0.025129697829925336,5.0
0.4614614614614614,2.4122441251392392,1.1589376865389198,-0.26986013571417417,-0.28420399763402043,-0.20030159670702713,-0.10927075365948966,-0.027729351244293318,5.0
0.46346346346346334,2.411028957037121,1.1587898761164261,-0.2641014431257412,-0.280487900050486,-0.1998640978819776,-0.11264951259931247,-0.030481597346454024,5.0
0.4654654654654655,2.40976781355683,1.1586249849611572,-0.2582308783558402,-0.27660118502140835,-0.19928756322038366,-0.11607574547029063,-0.03339427734427284,5.0
0.4674674674674675,2.40845725828034,1.1584416249682667,-0.2522429683793653,-0.2725344511598621,-0.19856356814602621,-0.11953990291218873,-0.036475065006418624,5.0
0.46946946946946944,2.4070933669095864,1.1582382016520953,-0.24613180457143768,-0.2682774260968044,-0.19768296872733251,-0.12302998990689777,-0.03973118172600505,5.0
0.4714714714714714,2.405671552406493,1.1580128115863548,-0.23989099666518593,-0.26381883490831803,-0.19663573517100139,-0.12653105119842575,-0.04316899085213025,5.0
0.47347347347347357,2.40418627144995,1.1577630517677757,-0.23351361821081684,-0.2591462376520603,-0.1954107260303672,-0.13002453773276845,-0.04679342722085011,5.0
0.47547547547547553,2.40263050974962,1.1574856688631714,-0.22699213823958778,-0.25424582383317945,-0.19399537944521755,-0.13348752064049835,-0.05060720279288807,5.0
0.4774774774774775,2.4009948570877424,1.1571759170555302,-0.22031833016256672,-0.24910214562925811,-0.19237528797066747,-0.1368917078564198,-0.05460970907201314,5.0
0.47947947947947944,2.399265820775509,1.1568263884541776,-0.21348314265712073,-0.24369776214799435,-0.19053360930814317,-0.14020220206823222,-0.05879550956474188,5.0
0.4814814814814814,2.397422724049877,1.1564248958151904,-0.20647650699014417,-0.23801275193245577,-0.1884502445095478,-0.14337591466624833,-0.06315227811204722,5.0
0.4834834834834836,2.3954319880951496,1.1559506573357579,-0.1992870393239816,-0.23202402812842407,-0.1861006857228017,-0.146359514870863,-0.06765798738606518,5.0
0.48548548548548554,2.3932366320452805,1.1553674308233994,-0.19190157189642948,-0.22570435622281076,-0.18345439405745576,-0.14908674053710516,-0.07227708082470766,5.0
0.4874874874874875,2.3907371582234154,1.1546111433856758,-0.18430440536824225,-0.21902091867998347,-0.18047250830930314,-0.15147481862068157,-0.07695526503003484,5.0
0.48948948948948945,2.387757123210305,1.153567588907346,-0.17647609952784094,-0.21193317539216705,-0.17710459505795279,-0.1534196264791557,-0.08161243433205946,5.0
0.4914914914914914,2.383981789789954,1.152032342661801,-0.16839148821653305,-0.20438960697430808,-0.17328401324964945,-0.15478905589922168,-0.08613308738466749,5.0
0.4934934934934936,2.378850069060485,1.1496393538658232,-0.16001640038646187,-0.19632267843695786,-0.16892127003220334,-0.15541381519059635,-0.09035343878727697,5.0
0.49549549549549554,2.371367268729058,1.1457357815202107,-0.15130230257082397,-0.1876410351949777,-0.16389450711249892,-0.15507465996040273,-0.09404434949052004,5.0
0.4974974974974975,2.3597898446645207,1.1391683004076676,-0.14217780947441364,-0.1782176333421256,-0.15803608205925987,-0.1534849655969313,-0.096889474526344,5.0
0.49949949949949946,2.341123422532595,1.1279340961800213,-0.13253592881204818,-0.16787252050889373,-0.15111444867986437,-0.150268281712816,-0.0984594858416279,5.0
0.5015015015015014,2.3104101330469593,1.1086559851311064,-0.12221668489998423,-0.15635033388034789,-0.14281228262473863,-0.14493395314691557,-0.09818808591075323,5.0
0.5035035035035036,2.2599665264874136,1.0759213039887594,-0.1109886384626846,-0.14329832914198354,-0.13270807435672788,-0.1368648962040994,-0.09536874261297026,5.0
0.5055055055055055,2.1792688227260015,1.0218041861598381,-0.09854548582807668,-0.12826824976981305,-0.12028604188476462,-0.12535914583746088,-0.08922022191806692,5.0
0.5075075075075075,2.0571526710682253,0.9365220887297879,-0.08456375782942799,-0.11080495141591808,-0.10503729182499866,-0.10981612228226872,-0.07911271191950402,5.0
0.5095095095095095,1.8884112331814042,0.8119420855791718,-0.06890811619574172,-0.09073660117928867,-0.08676345038817455,-0.09019227055444878,-0.06505112832832834,5.0
0.5115115115115114,1.683590037883183,0.6490549795093866,-0.05204607772085877,-0.06874291903476923,-0.06615336851729113,-0.06771398449693551,-0.04831838449831977,5.0
0.5135135135135136,1.472659898984943,0.46591542011709325,-0.03546504495161711,-0.046908562414279896,-0.04533483248698751,-0.04531193393994298,-0.03166961124212064,5.0
0.5155155155155156,1.292045340121293,0.2953832963524169,-0.021402448839650104,-0.02832247636806528,-0.027454997003733266,-0.026693547909435397,-0.018204902608454417,5.0
0.5175175175175175,1.1630845841727346,0.16631671911658047,-0.011495126760636286,-0.015222666582087329,-0.01480209650473213,-0.014044227701383907,-0.009394713827872863,5.0
0.5195195195195195,1.0842664985996686,0.08553803221148384,-0.0056650470215035085,-0.007514806101897409,-0.007336498300648866,-0.006850741838137719,-0.004542125565728926,5.0
0.5215215215215214,1.0413513036831197,0.041608129575137015,-0.0026619083008497108,-0.003540073252749193,-0.003472039984801162,-0.003218741125426336,-0.0021332350263342597,5.0
0.5235235235235236,1.0196815034334055,0.01965697081553656,-0.0012265028250922937,-0.0016356833539758013,-0.0016113357208138162,-0.001491003831942609,-0.0009913014542475315,5.0
0.5255255255255256,1.0092126328406779,0.009157310244727582,-0.0005619049105704025,-0.0007514212019451836,-0.0007433504257377392,-0.000688524604470969,-0.0004588907679660469,5.0
0.5275275275275275,1.0042749098856543,0.0042377954359778406,-0.0002567497179266921,-0.0003441056196571628,-0.0003417361635974658,-0.00031801653430628526,-0.00021442586524520618,5.0
0.5295295295295295,1.0019747024844479,0.0019545269895392247,-0.00011641018587455711,-0.00015573878003012222,-0.00015437458507573898,-0.00014247847385627475,-9.584438719034413e-05,5.0
0.5315315315315314,1.0009098560086904,0.0008995119500629053,-5.172401585018967e-05,-6.822733113352438e-05,-6.627921950884202e-05,-5.64803556592075e-05,-3.143576604322923e-05,2.0
0.5335335335335336,1.0004184857464042,0.0004132909627677104,-2.2023600147488047e-05,-2.811534284440777e-05,-2.606442851838995e-05,-1.9032898695673394e-05,-7.4619949384636615e-06,0.0
0.5355355355355356,1.0001921950463817,0.00018966367671845524,-8.937896213612292e-06,-1.0974749777313348e-05,-9.83599321886185e-06,-7.015055825733866e-06,-3.8030232118881728e-06,0.0
0.5375375375375375,1.0000881579583776,8.695806873695606e-05,-4.027697267450028e-06,-4.8580533321195534e-06,-4.512920754647942e-06,-3.449240422595145e-06,-1.7445494678093457e-06,0.0
0.5395395395395395,1.00004039638456,3.980080452810303e-05,0.0,0.0,0.0,0.0,0.0,0.0
0.5415415415415414,1.0000184950747597,1.8217389665518736e-05,0.0,0.0,0.0,0.0,0.0,0.0
0.5435435435435436,1.0000084632886108,8.335786091586187e-06,0.0,0.0,0.0,0.0,0.0,0.0
0.5455455455455456,1.0000038709231078,3.812586201032368e-06,0.0,0.0,0.0,0.0,0.0,0.0
0.5475475475475475,1.0000017696520365,1.7429892708115487e-06,0.0,0.0,0.0,0.0,0.0,0.0
0.5495495495495495,1.0000008086512904,7.964724067774699e-07,0.0,0.0,0.0,0.0,0.0,0.0
0.5515515515515514,1.0000003693477137,3.637874935174773e-07,0.0,0.0,0.0,0.0,0.0,0.0
0.5535535535535536,1.0000001686203943,1.6608310334990438e-07,0.0,0.0,0.0,0.0,0.0,0.0
0.5555555555555556,1.0000000769458208,7.57885212432653e-08,0.0,0.0,0.0,0.0,0.0,0.0
0.5575575575575575,1.0000000350961764,3.456855848452338e-08,0.0,0.0,0.0,0.0,0.0,0.0
0.5595595595595595,1.0000000160005054,1.576007399565836e-08,0.0,0.0,0.0,0.0,0.0,0.0
0.5615615615615615,1.000000007291315,7.1818035060153745e-09,0.0,0.0,0.0,0.0,0.0,0.0
0.5635635635635636,1.0000000033210505,3.2711935970774754e-09,0.0,0.0,0.0,0.0,0.0,0.0
0.5655655655655656,1.0000000015119652,1.489277794838421e-09,0.0,0.0,0.0,0.0,0.0,0.0
0.5675675675675675,1.0000000006880247,6.777057406692266e-10,0.0,0.0,0.0,0.0,0.0,0.0
0.5695695695695695,1.0000000003129403,3.0824906957251036e-10,0.0,0.0,0.0,0.0,0.0,0.0
0.5715715715715715,1.0000000001422698,1.4013824520667581e-10,0.0,0.0,0.0,0.0,0.0,0.0
0.5735735735735736,1.000000000064648,6.368023010974904e-11,0.0,0.0,0.0,0.0,0.0,0.0
0.5755755755755756,1.0000000000293623,2.8923063455772924e-11,0.0,0.0,0.0,0.0,0.0,0.0
0.5775775775775776,1.0000000000133293,1.3130285335386503e-11,0.0,0.0,0.0,0.0,0.0,0.0
0.5795795795795795,1.0000000000060478,5.9578580277419526e-12,0.0,0.0,0.0,0.0,0.0,0.0
0.5815815815815815,1.0000000000027427,2.7019803688535755e-12,0.0,0.0,0.0,0.0,0.0,0.0
0.5835835835835836,1.0000000000012432,1.224711228617286e-12,0.0,0.0,0.0,0.0,0.0,0.0
0.5855855855855856,1.000000000000563,5.54798734125214e-13,0.0,0.0,0.0,0.0,0.0,0.0
0.5875875875875876,1.000000000000255,2.511649819782325e-13,0.0,0.0,0.0,0.0,0.0,0.0
0.5895895895895895,1.0000000000001152,1.1361859590185243e-13,0.0,0.0,0.0,0.0,0.0,0.0
0.5915915915915915,1.0000000000000522,5.1333118761851924e-14,0.0,0.0,0.0,0.0,0.0,0.0
0.5935935935935936,1.0000000000000235,2.3164583155652472e-14,0.0,0.0,0.0,0.0,0.0,0.0
0.5955955955955956,1.0000000000000104,1.0428368027265666e-14,0.0,0.0,0.0,0.0,0.0,0.0
0.5975975975975976,1.0000000000000044,4.63703866498274e-15,0.0,0.0,0.0,0.0,0.0,0.0
0.5995995995995995,1.0000000000000018,2.0206209042644147e-15,0.0,0.0,0.0,0.0,0.0,0.0
0.6016016016016015,1.0000000000000007,8.363190216906726e-16,0.0,0.0,0.0,0.0,0.0,0.0
0.6036036036036037,1.0000000000000002,3.2713894142428834e-16,0.0,0.0,0.0,0.0,0.0,0.0
0.6056056056056056,1.0,1.1380277534563668e-16,0.0,0.0,0.0,0.0,0.0,0.0
0.6076076076076076,1.0,2.3436816938142727e-17,0.0,0.0,0.0,0.0,0.0,0.0
0.6096096096096095,1.0,5.2802093202268125e-18,0.0,0.0,0.0,0.0,0.0,0.0
0.6116116116116117,1.0,1.1082211610115066e-18,0.0,0.0,0.0,0.0,0.0,0.0
0.6136136136136137,1.0,2.406592337043504e-19,0.0,0.0,0.0,0.0,0.0,0.0
0.6156156156156156,1.0,5.3022103586929896e-20,0.0,0.0,0.0,0.0,0.0,0.0
0.6176176176176176,1.0,1.188772429872269e-20,0.0,0.0,0.0,0.0,0.0,0.0
0.6196196196196195,1.0,2.639204611485151e-21,0.0,0.0,0.0,0.0,0.0,0.0
0.6216216216216217,1.0,5.805040238476804e-22,0.0,0.0,0.0,0.0,0.0,0.0
0.6236236236236237,1.0,1.271474731696889e-22,0.0,0.0,0.0,0.0,0.0,0.0
0.6256256256256256,1.0,2.7855380393929695e-23,0.0,0.0,0.0,0.0,0.0,0.0
0.6276276276276276,1.0,6.119845621818348e-24,0.0,0.0,0.0,0.0,0.0,0.0
0.6296296296296295,1.0,1.3479374670560988e-24,0.0,0.0,0.0,0.0,0.0,0.0
0.6316316316316317,1.0,2.9711666555441564e-25,0.0,0.0,0.0,0.0,0.0,0.0
0.6336336336336337,1.0,6.543657454665719e-26,0.0,0.0,0.0,0.0,0.0,0.0
0.6356356356356356,1.0,1.4393911834708973e-26,0.0,0.0,0.0,0.0,0.0,0.0
0.6376376376376376,1.0,3.1640188863910087e-27,0.0,0.0,0.0,0.0,0.0,0.0
0.6396396396396395,1.0,6.955112475669084e-28,0.0,0.0,0.0,0.0,0.0,0.0
0.6416416416416417,1.0,1.5293239272226934e-28,0.0,0.0,0.0,0.0,0.0,0.0
0.6436436436436437,1.0,3.363271983311957e-29,0.0,0.0,0.0,0.0,0.0,0.0
0.6456456456456456,1.0,7.395334397546635e-30,0.0,0.0,0.0,0.0,0.0,0.0
0.6476476476476476,1.0,1.625509897393054e-30,0.0,0.0,0.0,0.0,0.0,0.0
0.6496496496496496,1.0,3.571328823829628e-31,0.0,0.0,0.0,0.0,0.0,0.0
0.6516516516516517,1.0,7.84320853415188e-32,0.0,0.0,0.0,0.0,0.0,0.0
0.6536536536536537,1.0,1.721854682277553e-32,0.0,0.0,0.0,0.0,0.0,0.0
0.6556556556556556,1.0,3.778588052628787e-33,0.0,0.0,0.0,0.0,0.0,0.0
0.6576576576576576,1.0,8.288291199349666e-34,0.0,0.0,0.0,0.0,0.0,0.0
0.6596596596596596,1.0,1.8170787120059194e-34,0.0,0.0,0.0,0.0,0.0,0.0
0.6616616616616617,1.0,3.981443718513583e-35,0.0,0.0,0.0,0.0,0.0,0.0
0.6636636636636637,1.0,8.719036562443958e-36,0.0,0.0,0.0,0.0,0.0,0.0
0.6656656656656657,1.0,1.908421978022384e-36,0.0,0.0,0.0,0.0,0.0,0.0
0.6676676676676676,1.0,4.175254383958304e-37,0.0,0.0,0.0,0.0,0.0,0.0
0.6696696696696696,1.0,9.131089002314633e-38,0.0,0.0,0.0,0.0,0.0,0.0
0.6716716716716717,1.0,1.99629416006437e-38,0.0,0.0,0.0,0.0,0.0,0.0
0.6736736736736737,1.0,4.3633730555567234e-39,0.0,0.0,0.0,0.0,0.0,0.0
0.6756756756756757,1.0,9.535645361451687e-40,0.0,0.0,0.0,0.0,0.0,0.0
0.6776776776776776,1.0,2.0837177863192746e-40,0.0,0.0,0.0,0.0,0.0,0.0
0.6796796796796796,1.0,4.553156051855347e-41,0.0,0.0,0.0,0.0,0.0,0.0
0.6816816816816818,1.0,9.94909333427595e-42,0.0,0.0,0.0,0.0,0.0,0.0
0.6836836836836837,1.0,2.1739554799480183e-42,0.0,0.0,0.0,0.0,0.0,0.0
0.6856856856856857,1.0,4.7500542873790376e-43,0.0,0.0,0.0,0.0,0.0,0.0
0.6876876876876876,1.0,1.0377646318906832e-43,0.0,0.0,0.0,0.0,0.0,0.0
0.6896896896896896,1.0,2.266797427012429e-44,0.0,0.0,0.0,0.0,0.0,0.0
0.6916916916916918,1.0,4.9498802508435074e-45,0.0,0.0,0.0,0.0,0.0,0.0
0.6936936936936937,1.0,1.080431746862087e-45,0.0,0.0,0.0,0.0,0.0,0.0
0.6956956956956957,1.0,2.3570887683401996e-46,0.0,0.0,0.0,0.0,0.0,0.0
0.6976976976976976,1.0,5.139170852902243e-47,0.0,0.0,0.0,0.0,0.0,0.0
0.6996996996996996,1.0,1.1197526096376964e-47,0.0,0.0,0.0,0.0,0.0,0.0
0.7017017017017018,1.0,2.4380882823229743e-48,0.0,0.0,0.0,0.0,0.0,0.0
0.7037037037037037,1.0,5.304873986515297e-49,0.0,0.0,0.0,0.0,0.0,0.0
0.7057057057057057,1.0,1.1534839598755812e-49,0.0,0.0,0.0,0.0,0.0,0.0
0.7077077077077076,1.0,2.506580438426374e-50,0.0,0.0,0.0,0.0,0.0,0.0
0.7097097097097096,1.0,5.443961268108262e-51,0.0,0.0,0.0,0.0,0.0,0.0
0.7117117117117118,1.0,1.1818016449966992e-51,0.0,0.0,0.0,0.0,0.0,0.0
0.7137137137137137,1.0,2.5644997097483013e-52,0.0,0.0,0.0,0.0,0.0,0.0
0.7157157157157157,1.0,5.563109302431793e-53,0.0,0.0,0.0,0.0,0.0,0.0
0.7177177177177176,1.0,1.2064551589809754e-53,0.0,0.0,0.0,0.0,0.0,0.0
0.7197197197197196,1.0,2.615754088267272e-54,0.0,0.0,0.0,0.0,0.0,0.0
0.7217217217217218,1.0,5.6699512481001576e-55,0.0,0.0,0.0,0.0,0.0,0.0
0.7237237237237237,1.0,1.2287242927921072e-55,0.0,0.0,0.0,0.0,0.0,0.0
0.7257257257257257,1.0,2.662018691134851e-56,0.0,0.0,0.0,0.0,0.0,0.0
0.7277277277277276,1.0,5.765446429484193e-57,0.0,0.0,0.0,0.0,0.0,0.0
0.7297297297297298,1.0,1.248247923907837e-57,0.0,0.0,0.0,0.0,0.0,0.0
0.7317317317317318,1.0,2.701440826746807e-58,0.0,0.0,0.0,0.0,0.0,0.0
0.7337337337337337,1.0,5.843854901866183e-59,0.0,0.0,0.0,0.0,0.0,0.0
0.7357357357357357,1.0,1.2635700151621337e-59,0.0,0.0,0.0,0.0,0.0,0.0
0.7377377377377377,1.0,2.7307808938157673e-60,0.0,0.0,0.0,0.0,0.0,0.0
0.7397397397397398,1.0,5.8987443819065375e-61,0.0,0.0,0.0,0.0,0.0,0.0
0.7417417417417418,1.0,1.2735639395518023e-61,0.0,0.0,0.0,0.0,0.0,0.0
0.7437437437437437,1.0,2.7483930658991843e-62,0.0,0.0,0.0,0.0,0.0,0.0
0.7457457457457457,1.0,5.928522646552207e-63,0.0,0.0,0.0,0.0,0.0,0.0
0.7477477477477477,1.0,1.278318921739863e-63,0.0,0.0,0.0,0.0,0.0,0.0
0.7497497497497498,1.0,2.7553332461481953e-64,0.0,0.0,0.0,0.0,0.0,0.0
0.7517517517517518,1.0,5.937020030449933e-65,0.0,0.0,0.0,0.0,0.0,0.0
0.7537537537537538,1.0,1.2789060854717622e-65,0.0,0.0,0.0,0.0,0.0,0.0
0.7557557557557557,1.0,2.7542215505259735e-66,0.0,0.0,0.0,0.0,0.0,0.0
0.7577577577577577,1.0,5.930083314542687e-67,0.0,0.0,0.0,0.0,0.0,0.0
0.7597597597597598,1.0,1.2765354690670753e-67,0.0,0.0,0.0,0.0,0.0,0.0
0.7617617617617618,1.0,2.7473893492187497e-68,0.0,0.0,0.0,0.0,0.0,0.0
0.7637637637637638,1.0,5.91186330641735e-69,0.0,0.0,0.0,0.0,0.0,0.0
0.7657657657657657,1.0,1.2718727740688753e-69,0.0,0.0,0.0,0.0,0.0,0.0
0.7677677677677677,1.0,2.735729611020086e-70,0.0,0.0,0.0,0.0,0.0,0.0
0.7697697697697699,1.0,5.883084189220041e-71,0.0,0.0,0.0,0.0,0.0,0.0
0.7717717717717718,1.0,1.2648204308099388e-71,0.0,0.0,0.0,0.0,0.0,0.0
0.7737737737737738,1.0,2.718515047982731e-72,0.0,0.0,0.0,0.0,0.0,0.0
0.7757757757757757,1.0,5.84115460450856e-73,0.0,0.0,0.0,0.0,0.0,0.0
0.7777777777777777,1.0,1.2546220953353088e-73,0.0,0.0,0.0,0.0,0.0,0.0
0.7797797797797799,1.0,2.693742128458397e-74,0.0,0.0,0.0,0.0,0.0,0.0
0.7817817817817818,1.0,5.781069801422618e-75,0.0,0.0,0.0,0.0,0.0,0.0
0.7837837837837838,1.0,1.2400771266198896e-75,0.0,0.0,0.0,0.0,0.0,0.0
0.7857857857857857,1.0,2.6586174631114655e-76,0.0,0.0,0.0,0.0,0.0,0.0
0.7877877877877877,1.0,5.6964927423888995e-77,0.0,0.0,0.0,0.0,0.0,0.0
0.7897897897897899,1.0,1.219779759086475e-77,0.0,0.0,0.0,0.0,0.0,0.0
0.7917917917917918,1.0,2.6100881784878086e-78,0.0,0.0,0.0,0.0,0.0,0.0
0.7937937937937938,1.0,5.580933906915056e-79,0.0,0.0,0.0,0.0,0.0,0.0
0.7957957957957957,1.0,1.1923814632658626e-79,0.0,0.0,0.0,0.0,0.0,0.0
0.7977977977977977,1.0,2.5454219353626877e-80,0.0,0.0,0.0,0.0,0.0,0.0
0.7997997997997999,1.0,5.4290183535430215e-81,0.0,0.0,0.0,0.0,0.0,0.0
0.8018018018018018,1.0,1.1568628527299705e-81,0.0,0.0,0.0,0.0,0.0,0.0
0.8038038038038038,1.0,2.4627769307621916e-82,0.0,0.0,0.0,0.0,0.0,0.0
0.8058058058058057,1.0,5.2376461998190944e-83,0.0,0.0,0.0,0.0,0.0,0.0
0.8078078078078077,1.0,1.1127615377600982e-83,0.0,0.0,0.0,0.0,0.0,0.0
0.8098098098098099,1.0,2.361629062510272e-84,0.0,0.0,0.0,0.0,0.0,0.0
0.8118118118118118,1.0,5.006744638378862e-85,0.0,0.0,0.0,0.0,0.0,0.0
0.8138138138138138,1.0,1.0602924274184205e-85,0.0,0.0,0.0,0.0,0.0,0.0
0.8158158158158157,1.0,2.2429328674455666e-86,0.0,0.0,0.0,0.0,0.0,0.0
0.8178178178178177,1.0,4.739393327543969e-87,0.0,0.0,0.0,0.0,0.0,0.0
0.8198198198198199,1.0,1.0003268629817404e-87,0.0,0.0,0.0,0.0,0.0,0.0
0.8218218218218218,1.0,2.1089769658584793e-88,0.0,0.0,0.0,0.0,0.0,0.0
0.8238238238238238,1.0,4.441313852832094e-89,0.0,0.0,0.0,0.0,0.0,0.0
0.8258258258258258,1.0,9.342444947083324e-90,0.0,0.0,0.0,0.0,0.0,0.0
0.8278278278278277,1.0,1.9629954552956674e-90,0.0,0.0,0.0,0.0,0.0,0.0
0.8298298298298299,1.0,4.119913678997267e-91,0.0,0.0,0.0,0.0,0.0,0.0
0.8318318318318318,1.0,8.637087973732272e-92,0.0,0.0,0.0,0.0,0.0,0.0
0.8338338338338338,1.0,1.808659949795158e-92,0.0,0.0,0.0,0.0,0.0,0.0
0.8358358358358358,1.0,3.78317230742556e-93,0.0,0.0,0.0,0.0,0.0,0.0
0.8378378378378377,1.0,7.904296729779646e-94,0.0,0.0,0.0,0.0,0.0,0.0
0.8398398398398399,1.0,1.6495872315642953e-94,0.0,0.0,0.0,0.0,0.0,0.0
0.8418418418418419,1.0,3.4386482774681356e-95,0.0,0.0,0.0,0.0,0.0,0.0
0.8438438438438438,1.0,7.159691862202665e-96,0.0,0.0,0.0,0.0,0.0,0.0
0.8458458458458458,1.0,1.4889725201483441e-96,0.0,0.0,0.0,0.0,0.0,0.0
0.8478478478478477,1.0,3.0928174054828773e-97,0.0,0.0,0.0,0.0,0.0,0.0
0.8498498498498499,1.0,6.416294093844873e-98,0.0,0.0,0.0,0.0,0.0,0.0
0.8518518518518519,1.0,1.3294173473223017e-98,0.0,0.0,0.0,0.0,0.0,0.0
0.8538538538538538,1.0,2.7508555547352273e-99,0.0,0.0,0.0,0.0,0.0,0.0
0.8558558558558558,1.0,5.684384464291132e-100,0.0,0.0,0.0,0.0,0.0,0.0
0.8578578578578577,1.0,1.1729670902771645e-100,0.0,0.0,0.0,0.0,0.0,0.0
0.8598598598598599,1.0,2.416853130528888e-101,0.0,0.0,0.0,0.0,0.0,0.0
0.8618618618618619,1.0,4.972216868988801e-102,0.0,0.0,0.0,0.0,0.0,0.0
0.8638638638638638,1.0,1.0213081356041937e-102,0.0,0.0,0.0,0.0,0.0,0.0
0.8658658658658658,1.0,2.0943077558745924e-103,0.0,0.0,0.0,0.0,0.0,0.0
0.867867867867868,1.0,4.287163408239351e-104,0.0,0.0,0.0,0.0,0.0,0.0
0.8698698698698699,1.0,8.760186279427623e-105,0.0,0.0,0.0,0.0,0.0,0.0
0.8718718718718719,1.0,1.78664289947957e-105,0.0,0.0,0.0,0.0,0.0,0.0
0.8738738738738738,1.0,3.636723957154054e-106,0.0,0.0,0.0,0.0,0.0,0.0
0.8758758758758758,1.0,7.38751075400933e-107,0.0,0.0,0.0,0.0,0.0,0.0
0.877877877877878,1.0,1.4975055181669546e-107,0.0,0.0,0.0,0.0,0.0,0.0
0.8798798798798799,1.0,3.0289288041877734e-108,0.0,0.0,0.0,0.0,0.0,0.0
0.8818818818818819,1.0,6.112636280033153e-109,0.0,0.0,0.0,0.0,0.0,0.0
0.8838838838838838,1.0,1.2307116774112604e-109,0.0,0.0,0.0,0.0,0.0,0.0
0.8858858858858858,1.0,2.4719678967885442e-110,0.0,0.0,0.0,0.0,0.0,0.0
0.887887887887888,1.0,4.952901408088077e-111,0.0,0.0,0.0,0.0,0.0,0.0
0.8898898898898899,1.0,9.89873589767654e-112,0.0,0.0,0.0,0.0,0.0,0.0
0.8918918918918919,1.0,1.9732273056950955e-112,0.0,0.0,0.0,0.0,0.0,0.0
0.8938938938938938,1.0,3.9230807968473914e-113,0.0,0.0,0.0,0.0,0.0,0.0
0.8958958958958958,1.0,7.77869738662001e-114,0.0,0.0,0.0,0.0,0.0,0.0
0.897897897897898,1.0,1.5381333652180872e-114,0.0,0.0,0.0,0.0,0.0,0.0
0.8998998998998999,1.0,3.032968036452259e-115,0.0,0.0,0.0,0.0,0.0,0.0
0.9019019019019019,1.0,5.963603931516704e-116,0.0,0.0,0.0,0.0,0.0,0.0
0.9039039039039038,1.0,1.1692256901972592e-116,0.0,0.0,0.0,0.0,0.0,0.0
0.9059059059059058,1.0,2.2856986790366304e-117,0.0,0.0,0.0,0.0,0.0,0.0
0.907907907907908,1.0,4.4550650047948905e-118,0.0,0.0,0.0,0.0,0.0,0.0
0.9099099099099099,1.0,8.657404487648628e-119,0.0,0.0,0.0,0.0,0.0,0.0
0.9119119119119119,1.0,1.6772770303796548e-119,0.0,0.0,0.0,0.0,0.0,0.0
0.9139139139139139,1.0,3.2395949216543214e-120,0.0,0.0,0.0,0.0,0.0,0.0
0.9159159159159158,1.0,6.237797573695423e-121,0.0,0.0,0.0,0.0,0.0,0.0
0.917917917917918,1.0,1.1973267169987724e-121,0.0,0.0,0.0,0.0,0.0,0.0
0.91991991991992,1.0,2.2909799737529097e-122,0.0,0.0,0.0,0.0,0.0,0.0
0.9219219219219219,1.0,4.3696197969730215e-123,0.0,0.0,0.0,0.0,0.0,0.0
0.9239239239239239,1.0,8.307422265269537e-124,0.0,0.0,0.0,0.0,0.0,0.0
0.9259259259259258,1.0,1.5742571727345578e-124,0.0,0.0,0.0,0.0,0.0,0.0
0.927927927927928,1.0,2.9734331713387394e-125,0.0,0.0,0.0,0.0,0.0,0.0
0.92992992992993,1.0,5.5975753142095796e-126,0.0,0.0,0.0,0.0,0.0,0.0
0.9319319319319319,1.0,1.0502359718028066e-126,0.0,0.0,0.0,0.0,0.0,0.0
0.9339339339339339,1.0,1.9638334971753225e-127,0.0,0.0,0.0,0.0,0.0,0.0
0.9359359359359358,1.0,3.6596422899971433e-128,0.0,0.0,0.0,0.0,0.0,0.0
0.937937937937938,1.0,6.796321288513882e-129,0.0,0.0,0.0,0.0,0.0,0.0
0.93993993993994,1.0,1.2577527740524325e-129,0.0,0.0,0.0,0.0,0.0,0.0
0.9419419419419419,1.0,2.319462653789361e-130,0.0,0.0,0.0,0.0,0.0,0.0
0.9439439439439439,1.0,4.2622077927715924e-131,0.0,0.0,0.0,0.0,0.0,0.0
0.9459459459459458,1.0,7.804072188183132e-132,0.0,0.0,0.0,0.0,0.0,0.0
0.947947947947948,1.0,1.423742974222063e-132,0.0,0.0,0.0,0.0,0.0,0.0
0.94994994994995,1.0,2.5879138523973686e-133,0.0,0.0,0.0,0.0,0.0,0.0
0.9519519519519519,1.0,4.686625882410356e-134,0.0,0.0,0.0,0.0,0.0,0.0
0.9539539539539539,1.0,8.455660381061033e-135,0.0,0.0,0.0,0.0,0.0,0.0
0.9559559559559558,1.0,1.5198346201430285e-135,0.0,0.0,0.0,0.0,0.0,0.0
0.957957957957958,1.0,2.721396455931404e-136,0.0,0.0,0.0,0.0,0.0,0.0
0.95995995995996,1.0,4.85422065035391e-137,0.0,0.0,0.0,0.0,0.0,0.0
0.9619619619619619,1.0,8.625125939481451e-138,0.0,0.0,0.0,0.0,0.0,0.0
0.9639639639639639,1.0,1.5265680292817415e-138,0.0,0.0,0.0,0.0,0.0,0.0
0.9659659659659658,1.0,2.6912794881557438e-139,0.0,0.0,0.0,0.0,0.0,0.0
0.967967967967968,1.0,4.7258628216580425e-140,0.0,0.0,0.0,0.0,0.0,0.0
0.96996996996997,1.0,8.265544659307878e-141,0.0,0.0,0.0,0.0,0.0,0.0
0.9719719719719719,1.0,1.4398555433289768e-141,0.0,0.0,0.0,0.0,0.0,0.0
0.9739739739739739,1.0,2.498118895024173e-142,0.0,0.0,0.0,0.0,0.0,0.0
0.9759759759759759,1.0,4.316624622642046e-143,0.0,0.0,0.0,0.0,0.0,0.0
0.977977977977978,1.0,7.428537040313913e-144,0.0,0.0,0.0,0.0,0.0,0.0
0.97997997997998,1.0,1.2731555997112728e-144,0.0,0.0,0.0,0.0,0.0,0.0
0.9819819819819819,1.0,2.1730547416651524e-145,0.0,0.0,0.0,0.0,0.0,0.0
0.9839839839839839,1.0,3.6937120279911536e-146,0.0,0.0,0.0,0.0,0.0,0.0
0.9859859859859861,1.0,6.252462292898581e-147,0.0,0.0,0.0,0.0,0.0,0.0
0.987987987987988,1.0,1.0539682295727384e-147,0.0,0.0,0.0,0.0,0.0,0.0
0.98998998998999,1.0,1.7692336043121247e-148,0.0,0.0,0.0,0.0,0.0,0.0
0.991991991991992,1.0,2.957446828562141e-149,0.0,0.0,0.0,0.0,0.0,0.0
0.9939939939939939,1.0,4.922852774920794e-150,0.0,0.0,0.0,0.0,0.0,0.0
0.9959959959959961,1.0,8.160644367621108e-151,0.0,0.0,0.0,0.0,0.0,0.0
0.997997997997998,1.0,1.3526397333982409e-151,0.0,0.0,0.0,0.0,0.0,0.0
1.0,1.0,2.5754631620224085e-152,0.0,0.0,0.0,0.0,0.0,0.0
