-1.0,4.999999975965449,1.0683087622007011e-08,-2.2255932341856108e-11,-3.7082783122055676e-11,-5.182861638497608e-11,-6.551342067019215e-11,-7.960427498207279e-11,0.0
-0.997997997997998,4.99999996961197,1.3520011982141692e-08,-2.8166058630253776e-11,-4.6930221908688164e-11,-6.559185323687693e-11,-8.291069631529928e-11,-1.0074341716282214e-10,0.0
-0.995995995995996,4.999999960447404,1.7608846187394118e-08,-3.6684271854123184e-11,-6.112324913013054e-11,-8.542868589201529e-11,-1.0798523723322293e-10,-1.3121107752382277e-10,0.0
-0.993993993993994,4.99999994846234,2.2953101995955894e-08,-4.781788804044307e-11,-7.967405473362909e-11,-1.1135615158541027e-10,-1.4075857916108262e-10,-1.7103342378221458e-10,0.0
-0.991991991991992,4.999999932988459,2.985063494106899e-08,-6.218742565455263e-11,-1.0361654515450573e-10,-1.4481928586962598e-10,-1.8305730417818022e-10,-2.224299056399208e-10,0.0
-0.98998998998999,4.99999991308748,3.871959602851265e-08,-8.066401313153673e-11,-1.3440219258146557e-10,-1.878467335470033e-10,-2.374456995322978e-10,-2.8851634615857724e-10,0.0
-0.987987987987988,4.999999887565771,5.0091816909842654e-08,-1.0435560831807824e-10,-1.7387707382238396e-10,-2.4301865712412486e-10,-3.071851926558324e-10,-3.7325565191699657e-10,0.0
-0.985985985985986,4.999999854924907,6.46348164619261e-08,-1.3465284451706112e-10,-2.2435825887802157e-10,-3.1357350102258576e-10,-3.9636930534817196e-10,-4.816217936068903e-10,0.0
-0.983983983983984,4.999999813291621,8.318299381518295e-08,-1.7329401455717e-10,-2.887420872488167e-10,-4.035593235632685e-10,-5.101149433850124e-10,-6.198322388741823e-10,0.0
-0.9819819819819819,4.999999760331258,1.0677616188236922e-07,-2.22445347259963e-10,-3.706379243990362e-10,-5.180207411992322e-10,-6.547987014163377e-10,-7.956350824924593e-10,0.0
-0.97997997997998,4.999999693142759,1.3670630003005446e-07,-2.847984067853174e-10,-4.745304483213223e-10,-6.632257477388223e-10,-8.383435714259891e-10,-1.0186574210692171e-09,0.0
-0.977977977977978,4.999999608131882,1.7457398809568232e-07,-3.636876610696402e-10,-6.059755417969983e-10,-8.469395024461123e-10,-1.0705650217050747e-09,-1.3008258678792968e-09,0.0
-0.975975975975976,4.999999500858711,2.2235627932712642e-07,-4.6323188093386164e-10,-7.718358912632779e-10,-1.0787536139345292e-09,-1.3635872246956478e-09,-1.6568723044265954e-09,0.0
-0.973973973973974,4.999999365854891,2.8248804378975973e-07,-5.885036022130364e-10,-9.805633442221656e-10,-1.370480775964072e-09,-1.7323418922143592e-09,-2.1049400068607613e-09,0.0
-0.9719719719719719,4.999999196405329,3.5795911456850943e-07,-7.457315099061187e-10,-1.2425361212431578e-09,-1.7366260705590636e-09,-2.195164021185101e-09,-2.667307526740726e-09,0.0
-0.96996996996997,4.999998984288388,4.5242989678209514e-07,-9.42541286061284e-10,-1.5704601161529847e-09,-2.1949478437432004e-09,-2.7745008626780096e-09,-3.371250147549832e-09,0.0
-0.967967967967968,4.999998719467788,5.703684562351224e-07,-1.1882412065125288e-09,-1.9798447566575383e-09,-2.7671227903854787e-09,-3.497752615349509e-09,-4.250061397328449e-09,0.0
-0.965965965965966,4.99999838972854,7.172124946285305e-07,-1.4941595843585974e-09,-2.489565251885378e-09,-3.479531777404319e-09,-4.3982657368879716e-09,-5.3442600048851524e-09,0.0
-0.963963963963964,4.999997980248318,8.995600309171485e-07,-1.8740420179199776e-09,-3.1225244860133394e-09,-4.3641849369437014e-09,-5.516502298131902e-09,-6.703010762493749e-09,0.0
-0.9619619619619619,4.999997473094688,1.1253930511906827e-06,-2.344517323561603e-09,-3.906429354455044e-09,-5.45980670976363e-09,-6.9014115204671405e-09,-8.385791058068376e-09,0.0
-0.95995995995996,4.999996846637536,1.4043388497487604e-06,-2.925641992976428e-09,-4.874697937322188e-09,-6.813103752844001e-09,-8.612032460649903e-09,-1.0464338270634179e-08,0.0
-0.957957957957958,4.9999960748650025,1.7479742635939752e-06,-3.64153401397159e-09,-6.067515570143641e-09,-8.480240952663577e-09,-1.0719359749183653e-08,-1.3024916797647026e-08,0.0
-0.955955955955956,4.999995126590094,2.170178488267755e-06,-4.5211079062141655e-09,-7.533059558710945e-09,-1.0528553143277935e-08,-1.3308507268522833e-08,-1.6170947103816986e-08,0.0
-0.953953953953954,4.999993964534076,2.6875406479803765e-06,-5.5989238346253825e-09,-9.328913969830135e-09,-1.303852248322422e-08,-1.648120763402232e-08,-2.0026042797930626e-08,0.0
-0.9519519519519519,4.999992544271647,3.319828770091319e-06,-6.916164658142377e-09,-1.1523697587675867e-08,-1.6106053762452332e-08,-2.035868826948404e-08,-2.4737505303018904e-08,0.0
-0.94994994994995,4.999990813021904,4.090527260525892e-06,-8.52175570330678e-09,-1.419892967790597e-08,-1.9845082080263386e-08,-2.508496761175355e-08,-3.048032901764472e-08,0.0
-0.9479479479479479,4.999988708268143,5.02745039051401e-06,-1.047364291623941e-08,-1.7451159641453614e-08,-2.439054934749403e-08,-3.083061752227318e-08,-3.746177295650632e-08,0.0
-0.9459459459459459,4.999986156188784,6.163439651269938e-06,-1.2840245770622763e-08,-2.1394387846343274e-08,-2.990178775232484e-08,-3.779704011468163e-08,-4.592655744800316e-08,0.0
-0.943943943943944,4.999983069881045,7.537153109827741e-06,-1.5702101889256927e-08,-2.6162805892173978e-08,-3.656634967960283e-08,-4.622130891443287e-08,-5.616274654025883e-08,0.0
-0.9419419419419419,4.999979347358611,9.193955068692502e-06,-1.9153720694721002e-08,-3.191388515835173e-08,-4.460432440713956e-08,-5.638162531977954e-08,-6.850837804682228e-08,0.0
-0.93993993993994,4.999974869304424,1.1186914378540672e-05,-2.3305663508279592e-08,-3.883184265977724e-08,-5.4273182143661126e-08,-6.860344163798551e-08,-8.335890353300803e-08,0.0
-0.9379379379379379,4.999969496559935,1.3577919649299331e-05,-2.8286867308374776e-08,-4.7131512887452226e-08,-6.587318548909327e-08,-8.326630135833241e-08,-1.0117549979947619e-07,0.0
-0.9359359359359359,4.999963067332778,1.6438919319880415e-05,-3.4247228777506334e-08,-5.706265334083426e-08,-7.975340704117266e-08,-1.0081144560790795e-07,-1.22494311334606e-07,0.0
-0.933933933933934,4.999955394105916,1.9853294063809677e-05,-4.1360464274655625e-08,-6.891470980647532e-08,-9.631838956293611e-08,-1.2175023181607408e-07,-1.4793667965844933e-07,0.0
-0.9319319319319319,4.9999462602328855,2.39173682843569e-05,-4.98272598817093e-08,-8.302206495699406e-08,-1.1603548165864877e-07,-1.4667340622999186e-07,-1.7822041015390924e-07,0.0
-0.92992992992993,4.999935416205957,2.8742066483654177e-05,-5.987872367739962e-08,-9.97697905204462e-08,-1.3944287725978627e-07,-1.7626126604949987e-07,-2.141721198422847e-07,0.0
-0.9279279279279279,4.999922575586814,3.4454719036103816e-05,-7.178014980981085e-08,-1.1959991896722608e-07,-1.6715838120846873e-07,-2.1129473934564965e-07,-2.5674070031955e-07,0.0
-0.9259259259259259,4.999907410592832,4.120102034702654e-05,-8.58351007488182e-08,-1.4301824534695592e-07,-1.99888915797405e-07,-2.52667401535233e-07,-3.070119186561161e-07,0.0
-0.9239239239239239,4.999889547336157,4.914714052851659e-05,-1.0238981029515626e-07,-1.7060166356843998e-07,-2.384407742648207e-07,-3.0139843598072643e-07,-3.662241654483504e-07,0.0
-0.9219219219219219,4.999868560717649,5.848198957732576e-05,-1.21837905507946e-07,-2.0300603405966556e-07,-2.83730616961162e-07,-3.586465332851782e-07,-4.3578534341171943e-07,0.0
-0.91991991991992,4.9998439689831615,6.941963060680764e-05,-1.4462544071539828e-07,-2.409745714185882e-07,-3.3679719426665787e-07,-4.2572470913685264e-07,-5.172908720228161e-07,0.0
-0.9179179179179179,4.999815227955861,8.220183592935603e-05,-1.7125623111865687e-07,-2.853467312434175e-07,-3.9881376716949126e-07,-5.041160039068086e-07,-6.125427634807792e-07,0.0
-0.9159159159159159,4.999781724965369,9.710077663719402e-05,-2.0229746704222467e-07,-3.37067564573184e-07,-4.71101181377721e-07,-5.954900081896504e-07,-7.235697021519736e-07,0.0
-0.9139139139139139,4.99974277250206,0.00011442183296685426,-2.3838558300123225e-07,-3.9719749690050773e-07,-5.551415348077212e-07,-7.017201382074657e-07,-8.526480350266318e-07,0.0
-0.9119119119119119,4.999697601630679,0.00013450651016867472,-2.802323505574114e-07,-4.6692248005679065e-07,-6.52592366184777e-07,-8.249015696846077e-07,-1.0023235621043274e-06,0.0
-0.9099099099099099,4.999645355201388,0.00015773544285797007,-3.2863116046766645e-07,-5.475644594915801e-07,-7.65301284413887e-07,-9.673697285807454e-07,-1.1754340031996732e-06,0.0
-0.9079079079079079,4.999585080914625,0.00018453146270769699,-3.8446344290933453e-07,-6.405920716091696e-07,-8.953209194407281e-07,-1.1317191878390714e-06,-1.375131957832406e-06,0.0
-0.9059059059059059,4.999515724345116,0.0002153626825006197,-4.487051292717153e-07,-7.476314103556939e-07,-1.0449239698409826e-06,-1.3208226859611367e-06,-1.604908012831369e-06,0.0
-0.9039039039039038,4.999436122081931,0.00025074552668752505,-5.224330115780241e-07,-8.704766232296308e-07,-1.2166180119319594e-06,-1.5378498436006546e-06,-1.8686134826236227e-06,0.0
-0.9019019019019019,4.999344994925363,0.0002912477830477664,-6.068311568369611e-07,-1.0111005988054553e-06,-1.413160436700222e-06,-1.78628604107405e-06,-2.17048334458808e-06,0.0
-0.8998998998998999,4.999240942703035,0.00033749287096729254,-2.2199384725008653e-06,-2.4398596967655887e-06,-1.6233963152373842e-06,-2.0508747430625505e-06,-2.493393177021038e-06,0.0
-0.8978978978978979,4.999122438674761,0.0003901544383163911,-2.381328785896072e-06,-2.6717614244852485e-06,-1.8784524865772287e-06,-2.373225498561911e-06,-2.8851337513253435e-06,0.0
-0.8958958958958959,4.998987843588989,0.0004499634740860789,-3.37914689257188e-06,-3.028231592459489e-06,-2.163392998461723e-06,-2.733607677189537e-06,-3.3227709569649076e-06,0.0
-0.8938938938938938,4.998835417180741,0.0005177038835114307,-6.601172052240629e-06,-8.27748634129126e-06,-2.45146330379008e-06,-3.091719318734829e-06,-3.7652606742347357e-06,0.0
-0.8918918918918919,4.9986633223083246,0.0005942237348303759,-1.1386354996297394e-05,-1.847190496173943e-05,-3.0037100200137664e-05,-3.451578378811135e-05,-3.647825554339953e-05,0.0
-0.8898898898898899,4.9984695654282145,0.0006803635688596034,-1.5419159311602687e-05,-2.4862329467009884e-05,-3.1403105735971686e-05,-3.6265617466907614e-05,-3.85518883800781e-05,2.0
-0.8878878878878879,4.998251992840324,0.0007770824225269405,-1.830424447662176e-05,-2.8179666868435828e-05,-3.554070468798429e-05,-4.161018291301991e-05,-4.482632693601683e-05,5.0
-0.8858858858858859,4.998008342455898,0.0008853874433524169,-2.1559978154676368e-05,-3.343999805475811e-05,-4.2592918349673035e-05,-5.071799879803234e-05,-5.548560266674008e-05,5.0
-0.8838838838838838,4.997736231761796,0.0010063463727241243,-2.574643631469226e-05,-4.02326317729517e-05,-5.1619868613782695e-05,-6.22991539173212e-05,-6.891350785080718e-05,5.0
-0.8818818818818819,4.997433145711914,0.001141089447823675,-3.064637848528377e-05,-4.8104590039361654e-05,-6.195203731736768e-05,-7.537529105850093e-05,-8.379680330791878e-05,5.0
-0.8798798798798799,4.997096426396824,0.0012907985063140373,-3.6129775886285734e-05,-5.682517207814081e-05,-7.324985312104015e-05,-8.945793094208989e-05,-9.948589285553468e-05,5.0
-0.8778778778778779,4.9967232850459204,0.0014567033339079856,-4.218123866310703e-05,-6.637983194938671e-05,-8.551200241735495e-05,-0.00010460107303735425,-0.00011612140941800179,5.0
-0.8758758758758759,4.996310818323753,0.0016400811243308436,-4.8867928709626304e-05,-7.69024776443194e-05,-9.895712055657276e-05,-0.00012117850662960436,-0.00013425933711634156,5.0
-0.8738738738738738,4.995856025445299,0.0018422568602233735,-5.6293502131187756e-05,-8.85770338737425e-05,-0.00011385188377474224,-0.00013957408870645993,-0.00015438202064991323,5.0
-0.8718718718718719,4.9953558217457505,0.002064601092745539,-6.456069805473671e-05,-0.00010156717781580163,-0.00013040428433288534,-0.00016003152281349103,-0.00017672185946208098,5.0
-0.8698698698698699,4.994807047003711,0.002308523602688613,-7.375776342809053e-05,-0.00011600177664614361,-0.00014875983569288093,-0.00018269447514927782,-0.00020137984224134384,5.0
-0.8678678678678678,4.994206472310939,0.0025754647653320455,-8.39646734370558e-05,-0.00013199621007527876,-0.0001690483292035661,-0.00020770247534713826,-0.00022847822469838347,5.0
-0.8658658658658659,4.993550810683346,0.0028668873543760565,-9.52641906525915e-05,-0.00014967477990024804,-0.00019141868625470863,-0.00023523729496265045,-0.0002582070470211676,5.0
-0.8638638638638638,4.992836732565442,0.0031842696114886032,-0.00010774725073694742,-0.0001691774854781983,-0.0002160434406247545,-0.00026551492693421895,-0.0002907957511890966,5.0
-0.8618618618618619,4.992060883862391,0.0035290986859168485,-0.0001215120687434492,-0.00019065539600660747,-0.00024310778493911195,-0.0002987624130960857,-0.0003264781306711927,5.0
-0.8598598598598599,4.9912199046425645,0.003902863717216926,-0.00013666123549445884,-0.00021426459055864293,-0.00027280012834919517,-0.00033520494030016284,-0.0003654785962963084,5.0
-0.8578578578578578,4.9903104482621625,0.0043070485730962475,-0.00015329999162972253,-0.0002401636489689756,-0.0003053095274376476,-0.0003750653612772004,-0.0004080150006182494,5.0
-0.8558558558558559,4.989329200711603,0.00474312432088224,-0.000171536167957131,-0.00026851424806654894,-0.0003408274283783424,-0.0004185687868695656,-0.00045430578912980247,5.0
-0.8538538538538538,4.988272899462648,0.005212541310698612,-0.00019148087396918858,-0.00029948264064322977,-0.00037954995659324686,-0.0004659462361222973,-0.0005045741963731984,5.0
-0.8518518518518519,4.987138351288723,0.005716720845801097,-0.00021324904483466012,-0.00033324051599615726,-0.0004216788767870812,-0.0005174355020683453,-0.0005590484138330269,5.0
-0.8498498498498499,4.98592244917826,0.006257046702155259,-0.000236959513161076,-0.00036996492680951913,-0.0004674211797961197,-0.0005732800560311501,-0.0006179596425353619,5.0
-0.8478478478478478,4.984622188828644,0.006834856916133972,-0.0002627346938985744,-0.0004098376156781105,-0.0005169879784213046,-0.0006337273104596739,-0.0006815398636866115,5.0
-0.8458458458458459,4.98323468502657,0.007451436168580827,-0.0002907000924926005,-0.00045304413991513617,-0.0005705932792021063,-0.000699026960538558,-0.0007500200047035811,5.0
-0.8438438438438438,4.981757187764571,0.008108008877895602,-0.0003209837833250262,-0.0004997730060925068,-0.0006284528473044702,-0.0007694295214379616,-0.0008236284055054657,5.0
-0.8418418418418419,4.980187097609081,0.00880573295015753,-0.00035371591199233104,-0.0005502148612224835,-0.0006907831647340102,-0.000845184963496419,-0.000902589362679861,5.0
-0.8398398398398399,4.978521979787826,0.009545694094473535,-0.00038902822555449574,-0.0006045617284937109,-0.000757800441094826,-0.0009265413911986112,-0.0009871216861851214,5.0
-0.8378378378378378,4.976759576619876,0.010328900660090585,-0.0004270536270680111,-0.0006630062811345082,-0.0008297196684890683,-0.0010137437887019608,-0.0010774373204299828,5.0
-0.8358358358358359,4.974897818116197,0.011156279020277179,-0.00046792575620870774,-0.0007257411614482347,-0.0009067537345734914,-0.0011070328686675977,-0.0011737400828112554,5.0
-0.8338338338338338,4.972934830739142,0.012028669575737887,-0.000511778598915073,-0.0007929583508978155,-0.0009891126025020958,-0.0012066440314531604,-0.0012762245243907214,5.0
-0.8318318318318318,4.970868944399831,0.012946823466214041,-0.0005587461244555993,-0.0008648485870649404,-0.0010770025512639178,-0.0013128064135994313,-0.0013850748857791083,5.0
-0.8298298298298299,4.968698697793684,0.013911400063795931,-0.0006089619435424061,-0.0009416008156759535,-0.00117062546156492,-0.0014257419976167036,-0.0015004641215820818,5.0
-0.8278278278278278,4.96642284214151,0.014922965282603357,-0.000662558979639249,-0.0010234016650667868,-0.0012701781340356496,-0.0015456647633304403,-0.001622552982014933,5.0
-0.8258258258258259,4.964040343350143,0.015981990692405183,-0.0007196691472785886,-0.001110434934334321,-0.0013758516329708357,-0.001672779872110614,-0.0017514891529871398,5.0
-0.8238238238238238,4.961550382573141,0.01708885338713061,-0.0007804230341466862,-0.0012028810913551232,-0.0014878306547876192,-0.0018072828828567756,-0.0018874064609409893,5.0
-0.8218218218218218,4.958952355162286,0.018243836544157354,-0.0008449495864478379,-0.0013009167808436673,-0.0016062929240924114,-0.0019493590028499712,-0.0020304241493139365,5.0
-0.8198198198198199,4.956245868048729,0.01944713061455706,-0.0009133757991375542,-0.0014047143454362907,-0.0017314086222523458,-0.002099182379646362,-0.0021806462336656438,5.0
-0.8178178178178178,4.953430735652936,0.020698835096849735,-0.000985826414093398,-0.0015144413647893466,-0.0018633398546011246,-0.0022569154429134173,-0.002338160943306191,5.0
-0.8158158158158157,4.950506974468968,0.021998960855730415,-0.0010624236302747216,-0.0016302602190101472,-0.002002240163132629,-0.0024227083068584176,-0.0025030402576039197,5.0
-0.8138138138138138,4.947474796488658,0.023347432947134678,-0.0011432868303759983,-0.001752327683253881,-0.002148254091519464,-0.0025966982438394093,-0.0026753395439594522,5.0
-0.8118118118118118,4.944334601627653,0.024744093903056274,-0.0012285323283453388,-0.0018807945599021128,-0.0023015168083621433,-0.0027790092378070733,-0.002855097301712409,5.0
-0.8098098098098099,4.94108696929939,0.026188707418691462,-0.001318273141472475,-0.0020158053535154615,-0.002462153792889439,-0.0029697516231096716,-0.0030423350128642437,5.0
-0.8078078078078078,4.937732649266942,0.027680962375993108,-0.0014126187897299067,-0.0021574979920637857,-0.0026302805853059565,-0.0031690218108650185,-0.00323705709743404,5.0
-0.8058058058058057,4.934272551893687,0.02922047713467394,-0.0015116751239064269,-0.0023060035961617142,-0.0028060026020454167,-0.0033769021022787594,-0.0034392509690785475,5.0
-0.8038038038038038,4.930707737912983,0.030806804024365673,-0.0016155441829916967,-0.0024614462964488017,-0.0029894150146006207,-0.0035934605862481196,-0.003648887185363724,5.0
-0.8018018018018018,4.927039407840627,0.03243943397800256,-0.0017243240803569316,-0.0026239430979710853,-0.0031806026894314705,-0.0038187511172689684,-0.003865919686520957,5.0
-0.7997997997997999,4.923268891156117,0.03411780125372488,-0.0018381089175595671,-0.0027936037894495383,-0.0033796401856430866,-0.004052813368848189,-0.004090286116337315,5.0
-0.7977977977977978,4.919397635375549,0.03584128819853704,-0.0019569887240699167,-0.002970530894619167,-0.0035865918065828605,-0.0042956729571122275,-0.004321908218777869,5.0
-0.7957957957957957,4.915427195129369,0.037609230010922964,-0.002081049420857772,-0.0031548196623491726,-0.0038015117011539683,-0.004547341628977049,-0.0045606923039032835,5.0
-0.7937937937937938,4.911359221344542,0.039420919462311486,-0.002210372805573246,-0.003346558091985077,-0.0040244440104424415,-0.004807817509061178,-0.004806529776599273,5.0
-0.7917917917917918,4.907195450616063,0.04127561153996369,-0.0023450365569973953,-0.0035458269902714228,-0.004255423055184388,-0.005077085399474891,-0.00505929772158759,5.0
-0.7897897897897898,4.902937694840026,0.043172527977469705,-0.0024851142565081594,-0.00375270005629745,-0.004494473559642471,-0.005355117126698549,-0.005318859538154,5.0
-0.7877877877877878,4.898587831170279,0.04511086164376997,-0.002630675424480267,-0.003967243991124296,-0.004741610907592879,-0.005641871929948963,-0.00558506561801274,5.0
-0.7857857857857857,4.894147792352298,0.04708978076691434,-0.0027817855697798784,-0.004189518629056581,-0.004996841426318005,-0.005937296885688973,-0.005857754059729489,5.0
-0.7837837837837838,4.889619557479744,0.04910843297382353,-0.002938506250788014,-0.004419577087864951,-0.005260162694727921,-0.006241327363223225,-0.006136751413152625,5.0
-0.7817817817817818,4.885005143210195,0.051165949131523995,-0.0031008951466549883,-0.0046574659356053835,-0.005531563871973143,-0.0065538875066128936,-0.006421873447370908,5.0
-0.7797797797797797,4.880306595466708,0.0532614469785887,-0.0032690061377218652,-0.004903225371981055,-0.005811026043147222,-0.006874890738416309,-0.006712925935847659,5.0
-0.7777777777777778,4.875525981642074,0.05539403453818344,-0.0034428893942246176,-0.0051568894224319406,-0.006098522578901398,-0.007204240281016783,-0.007009705452596936,5.0
-0.7757757757757757,4.870665383314162,0.05756281330670033,-0.003622591472512871,-0.005418486143306333,-0.006394019506000402,-0.007541829691534011,-0.0073120001735743215,5.0
-0.7737737737737738,4.865726889474334,0.05976688121483324,-0.003808155418068386,-0.005688037836568657,-0.006697475886035191,-0.007887543406535684,-0.007619590677846558,5.0
-0.7717717717717718,4.860712590266723,0.06200533536111397,-0.0039996208746078095,-0.005965561272539496,-0.0070088441996746,-0.008241257292974154,-0.00793225074355849,5.0
-0.7697697697697697,4.855624571233315,0.06427727452106248,-0.004197024198514626,-0.006251067919163473,-0.00732807073398573,-0.008602839201973324,-0.008249748134204425,5.0
-0.7677677677677678,4.850464908057251,0.0665818014377549,-0.004400398577785855,-0.006544564176279686,-0.007655095970488778,-0.008972149522288609,-0.008571845371207684,5.0
-0.7657657657657657,4.845235661793772,0.06891802490141953,-0.004609774154619139,-0.006846051613350102,-0.007989854971746126,-0.009349041730466127,-0.008898300489297059,5.0
-0.7637637637637638,4.83993887457439,0.0712850616265714,-0.004825178150722972,-0.007155527209103632,-0.008332277764428834,-0.009733362934944671,-0.009228867771632681,5.0
-0.7617617617617618,4.8345765657658175,0.07368203793541073,-0.0050466349944187396,-0.007472983591591115,-0.008682289716965087,-0.01012495441158228,-0.009563298462072408,5.0
-0.7597597597597597,4.829150728561433,0.07610809125613467,-0.005274166448624039,-0.007798409277226026,-0.009039811910059299,-0.010523652128350491,-0.009901341452382915,5.0
-0.7577577577577578,4.8236633269805305,0.07856237144481168,-0.0055077917388608195,-0.008131788907503474,-0.0094047614985736,-0.010929287257218713,-0.010242743942585937,5.0
-0.7557557557557557,4.818116293249549,0.081044041939766,-0.0057475276805130536,-0.0084731034822384,-0.009777052063479097,-0.011341686671539031,-0.010587252072986171,5.0
-0.7537537537537538,4.812511525539719,0.08355228075797812,-0.0059933888046563915,-0.008822330588327185,-0.010156593952799641,-0.01176067342752599,-0.010934611526750158,5.0
-0.7517517517517518,4.806850886036697,0.08608628134364929,-0.006245387481886403,-0.009179444623203477,-0.01054329461067642,-0.01218606722869384,-0.011284568102192688,5.0
-0.7497497497497497,4.801136199319026,0.08864525327956131,-0.006503534043672805,-0.009544417012315258,-0.01093705889386912,-0.012617684872358967,-0.011636868254180853,5.0
-0.7477477477477478,4.795369251023247,0.09122842287200451,-0.00676783690085816,-0.009917216420090308,-0.011337789375174837,-0.013055340677533193,-0.011991259604291057,5.0
-0.7457457457457457,4.789551786774091,0.09383503361981034,-0.007038302658997277,-0.010297808953976232,-0.011745386633390044,-0.013498846893726432,-0.012347491419558394,5.0
-0.7437437437437437,4.783685511358365,0.09646434657749937,-0.007314936230297291,-0.010686158361240834,-0.012159749529566072,-0.013948014090347885,-0.012705315059848572,5.0
-0.7417417417417418,4.777772088121389,0.09911564062190599,-0.0075977409419692955,-0.011082226218299743,-0.012580775469418434,-0.014402651526547528,-0.013064484394064364,5.0
-0.7397397397397397,4.771813138565315,0.10178821263102292,-0.007886718640842226,-0.011485972112404859,-0.013008360651847295,-0.0148625675014763,-0.013424756185572146,5.0
-0.7377377377377378,4.765810242129543,0.1044813775833169,-0.008181869794121707,-0.011897353815581728,-0.013442400303612503,-0.015327569685065276,-0.013785890447397088,5.0
-0.7357357357357357,4.759764936134733,0.10719446858540278,-0.008483193586202413,-0.012316327450749932,-0.013882788900281783,-0.015797465429530876,-0.014147650767882389,5.0
-0.7337337337337337,4.753678715873326,0.1099268368356635,-0.008790688011465316,-0.012742847649999684,-0.014329420373635719,-0.01627206206190354,-0.014509804607633934,5.0
-0.7317317317317318,4.747553034830959,0.11267785153107811,-0.009104349963012008,-0.013176867705032583,-0.014782188305767807,-0.01675116715795249,-0.014872123568673476,5.0
-0.7297297297297297,4.741389305024333,0.11544689972410549,-0.009424175317309843,-0.013618339709807368,-0.015240986110163855,-0.017234588797939755,-0.015234383636800165,5.0
-0.7277277277277278,4.7351888974420415,0.11823338613595111,-0.009750159014743976,-0.01406721469546332,-0.015705707200083643,-0.017722135804685256,-0.015596365398213905,5.0
-0.7257257257257257,4.728953142575624,0.12103673293193745,-0.010082295136096677,-0.014523442757626383,-0.016176245144600976,-0.018213617964463923,-0.015957854231488298,5.0
-0.7237237237237237,4.722683331028677,0.12385637946408386,-0.01042057697499989,-0.014986973176236405,-0.016652493812687543,-0.018708846231289156,-0.016318640476000595,5.0
-0.7217217217217218,4.716380714192565,0.12669178198542608,-0.010764997106433104,-0.015457754528066688,-0.017134347505752354,-0.01920763291516466,-0.016678519577934748,5.0
-0.7197197197197197,4.710046504977997,0.12954241334012526,-0.011115547451363677,-0.015935734792138855,-0.017621701079071503,-0.019709791854910872,-0.01703729221497478,5.0
-0.7177177177177176,4.703681878592691,0.13240776263304,-0.011472219337649298,-0.016420861448264698,-0.01811445005256283,-0.020215138576191918,-0.01739476440080108,5.0
-0.7157157157157157,4.697287973356274,0.13528733488213943,-0.01183500355734044,-0.016913081568969823,-0.018612490711375274,-0.02072349043538456,-0.017750747570493705,5.0
-0.7137137137137137,4.690865891544669,0.13818065065690366,-0.012203890420534042,-0.017412341905072085,-0.019115720196772962,-0.02123466674994046,-0.018105058647933974,5.0
-0.7117117117117118,4.684416700257128,0.1410872457056434,-0.012578869805936815,-0.01791858896519766,-0.019624036587799095,-0.021748488915897323,-0.018457520096280045,5.0
-0.7097097097097097,4.677941432299989,0.14400667057445696,-0.012959931208298985,-0.018431769089522685,-0.0201373389742052,-0.022264780513194846,-0.018807959952573873,5.0
-0.7077077077077076,4.671441087081943,0.1469384902203099,-0.013347063782875984,-0.01895182851802621,-0.02065552752112654,-0.02278336739944529,-0.01915621184751591,5.0
-0.7057057057057057,4.664916631516252,0.14988228362048783,-0.01374025638706957,-0.019478713453534253,-0.021178503525977055,-0.023304077792800335,-0.01950211501142127,5.0
-0.7037037037037037,4.658369000925883,0.15283764338042619,-0.01413949761939073,-0.02001237011982593,-0.021706169468026854,-0.02382674234454326,-0.01984551426734606,5.0
-0.7017017017017018,4.6517990999479855,0.1558041753416836,-0.014544775855876615,-0.020552744815061058,-0.022238429051112788,-0.024351194202021913,-0.020186260012345723,5.0
-0.6996996996996997,4.645207803434551,0.15878149819160278,-0.01495607928408367,-0.02109978396077724,-0.0227751872399192,-0.024877269062521128,-0.02052420818779807,5.0
-0.6976976976976976,4.6385959573464675,0.161769243075996,-0.015373395934769508,-0.02165343414669312,-0.02331635029025174,-0.025404805218655655,-0.02085922023969178,5.0
-0.6956956956956957,4.63196437963852,0.16476705321600357,-0.01579671371136801,-0.022213642171543375,-0.023861825773711882,-0.025933643595846243,-0.021191163069747596,5.0
-0.6936936936936937,4.625313861133184,0.16777458353009497,-0.016226020417355567,-0.022780355080161782,-0.024411522597164687,-0.02646362778242066,-0.02151990897820288,5.0
-0.6916916916916918,4.618645166381329,0.17079150026202483,-0.01666130378160135,-0.023353520197019886,-0.024965351017376562,-0.026994604052861023,-0.021845335599051705,5.0
-0.6896896896896897,4.611959034508192,0.17381748061540744,-0.017102551481791444,-0.023933085156421542,-0.025523222651184133,-0.027526421384697686,-0.022167325828494153,5.0
-0.6876876876876876,4.60525618004319,0.176852212395438,-0.01754975116601439,-0.02451899792954707,-0.0260850504815394,-0.028058931469527384,-0.022485767747307386,5.0
-0.6856856856856857,4.598537293732357,0.17989539365817947,-0.01800289047259497,-0.025111206848535014,-0.02665074885976081,-0.028591988718612453,-0.022800554537811806,5.0
-0.6836836836836837,4.591803043332371,0.1829467323677282,-0.0184619570482627,-0.02570966062778374,-0.027220233504303956,-0.029125450263495948,-0.02311158439606596,5.0
-0.6816816816816818,4.585054074385337,0.1860059460615008,-0.018926938564741237,-0.026314308382650267,-0.027793421496350543,-0.029659175952046122,-0.02341876043988543,5.0
-0.6796796796796797,4.578291010973688,0.18907276152381847,-0.01939782273384552,-0.02692509964571788,-0.028370231272498256,-0.030193028340322597,-0.023721990613243735,5.0
-0.6776776776776776,4.571514456454757,0.19214691446792437,-0.019874597321172426,-0.027541984380798697,-0.028950582614819864,-0.03072687268063629,-0.024021187587577802,5.0
-0.6756756756756757,4.564724994174753,0.19522814922653922,-0.020357250158470907,-0.028164912994831343,-0.0295343966385442,-0.031260576906154525,-0.024316268660485973,5.0
-0.6736736736736737,4.557923188162058,0.19831621845103467,-0.020845769154775498,-0.028793836347826972,-0.030121595777597043,-0.03179401161238225,-0.024607155652273394,5.0
-0.6716716716716717,4.551109583799901,0.20141088281928832,-0.02134014230638606,-0.02942870576101084,-0.0307121037682256,-0.03232705003583159,-0.024893774800768174,5.0
-0.6696696696696697,4.54428470847862,0.20451191075226274,-0.021840357705773694,-0.030069473023298335,-0.031305845630915326,-0.03285956803017071,-0.02517605665480001,5.0
-0.6676676676676676,4.537449072227788,0.20761907813933467,-0.022346403549490246,-0.030716090396237967,-0.03190274765079425,-0.033391444040125805,-0.025453935966704245,5.0
-0.6656656656656657,4.530603168328571,0.21073216807235878,-0.02285826814515496,-0.03136851061754525,-0.03250273735670595,-0.03392255907338903,-0.025727351584184762,5.0
-0.6636636636636637,4.523747473906706,0.21385097058843028,-0.02337593991758869,-0.032026686903344335,-0.03310574349911888,-0.034452796670768684,-0.02599624634184197,5.0
-0.6616616616616617,4.516882450506496,0.2169752824212628,-0.023899407414161855,-0.032690572949226594,-0.03371169602702776,-0.03498204287479971,-0.02626056695264563,5.0
-0.6596596596596597,4.510008544646214,0.22010490676105826,-0.024428659309418232,-0.03336012293022823,-0.03432052606399039,-0.035510186197015625,-0.026520263899607453,5.0
-0.6576576576576576,4.503126188355285,0.2232396530227056,-0.02496368440903276,-0.034035291499821735,-0.034932165883432016,-0.03603711758406842,-0.026775291327884816,5.0
-0.6556556556556556,4.496235799693581,0.22637933662211043,-0.025504471653157387,-0.034716033788010144,-0.03554654888333961,-0.03656273038286755,-0.027025606937525433,5.0
-0.6536536536536537,4.489337783253172,0.22952377876042468,-0.026051010119205378,-0.0354023053986069,-0.03616360956045885,-0.037086920304896444,-0.02727117187704257,5.0
-0.6516516516516517,4.482432530642818,0.23267280621592873,-0.02660328902412017,-0.03609406240577796,-0.03678328348409768,-0.037609585389852526,-0.027511950637991615,5.0
-0.6496496496496497,4.475520420955553,0.2358262511432982,-0.027161297726172012,-0.03679126134991876,-0.03740550726963308,-0.03813062596874573,-0.027747910950702396,5.0
-0.6476476476476476,4.468601821219637,0.23898395087999363,-0.027725025726321805,-0.03749385923293302,-0.038030218551810234,-0.03864994462658035,-0.027979023681305372,5.0
-0.6456456456456456,4.461677086833269,0.24214574775950384,-0.0282944626691884,-0.03820181351297625,-0.038657355957916514,-0.03916744616473567,-0.028205262730176258,5.0
-0.6436436436436437,4.4547465619833915,0.24531148893119178,-0.028869598343653047,-0.03891508209872295,-0.03928685908090706,-0.03968303756315248,-0.02842660493190951,5.0
-0.6416416416416417,4.4478105800490075,0.24848102618649934,-0.029450422683131427,-0.03963362334321199,-0.03991866845255254,-0.040196627942424255,-0.02864302995691996,5.0
-0.6396396396396397,4.440869463989447,0.2516542157912888,-0.03003692576554163,-0.04035739603732167,-0.040552725516674756,-0.04070812852588437,-0.028854520214759424,5.0
-0.6376376376376376,4.433923526718047,0.2548309183241144,-0.030629097812994013,-0.04108635940292157,-0.04118897260252941,-0.041217452601773286,-0.029061060759224405,5.0
-0.6356356356356356,4.426973071461739,0.25801099852023573,-0.0312269291912265,-0.04182047308574579,-0.041827352898392074,-0.04172451548556317,-0.029262639195321762,5.0
-0.6336336336336337,4.420018392107066,0.2611943251211996,-0.031830410408807554,-0.042559697148028146,-0.042467810425396296,-0.042229234482509884,-0.02945924558814768,5.0
-0.6316316316316316,4.413059773533164,0.2643807707298344,-0.0324395321161271,-0.04330399206093734,-0.04311029001166993,-0.04273152885049659,-0.029650872373727464,5.0
-0.6296296296296297,4.406097491932245,0.26757021167050565,-0.033054285104194066,-0.04405331869684626,-0.04375473726680957,-0.04323131976322596,-0.02983751427185401,5.0
-0.6276276276276276,4.399131815118108,0.27076252785449334,-0.033674660303258455,-0.044807638321468106,-0.044401098556729,-0.0437285302738118,-0.03001916820095382,5.0
-0.6256256256256256,4.392163002823211,0.2739576026503536,-0.03430064878127399,-0.045566912585887284,-0.04504932097891306,-0.044223085278816035,-0.030195833195002564,5.0
-0.6236236236236237,4.385191306984811,0.277155322759125,-0.03493224174221727,-0.046331103518512384,-0.04569935233810364,-0.04471491148276884,-0.030367510322503018,5.0
-0.6216216216216216,4.378216972020631,0.28035557809424283,-0.035569430524277704,-0.04710017351697446,-0.046351141122440966,-0.0452039373632065,-0.030534202607532115,5.0
-0.6196196196196196,4.371240235094531,0.283558261666017,-0.03621220659793241,-0.04787408533999275,-0.047004636480078514,-0.045690093136254536,-0.030695914952856944,5.0
-0.6176176176176176,4.364261326372569,0.2867632694705245,-0.03686056156391925,-0.048652802099226795,-0.047659788196287585,-0.04617331072277952,-0.03085265406511313,5.0
-0.6156156156156156,4.35728046926986,0.2899705003827622,-0.03751448715112034,-0.049436287251132624,-0.04831654667106247,-0.04665352371512843,-0.031004428382034432,5.0
-0.6136136136136137,4.350297880688557,0.29317985605389724,-0.0381739752143686,-0.05022450458883853,-0.048974862897236016,-0.0471306673444698,-0.031151248001716543,5.0
-0.6116116116116116,4.34331377124729,0.2963912408124513,-0.038839017732188154,-0.05101741823405433,-0.049634688439110966,-0.047604678448747634,-0.03129312461389499,5.0
-0.6096096096096096,4.336328345502331,0.29960456156924636,-0.039509606804479826,-0.05181499262902631,-0.05029597541161114,-0.048075495441255646,-0.03143007143321293,5.0
-0.6076076076076076,4.329341802160755,0.30281972772594135,-0.04018573465016195,-0.05261719252854915,-0.05095867645995413,-0.04854305827983681,-0.031562103134451916,5.0
-0.6056056056056056,4.322354334285845,0.30603665108698963,-0.04086739360477604,-0.053423982992044476,-0.0516227447398456,-0.04900730843671036,-0.031689235789696554,5.0
-0.6036036036036037,4.315366129494956,0.3092552457748491,-0.04155457611806661,-0.05423532937571506,-0.05228813389819351,-0.04946818886892717,-0.03181148680740195,5.0
-0.6016016016016016,4.308377370150089,0.31247542814828677,-0.04224727475154315,-0.05505119732478178,-0.052954798054339794,-0.04992564398945209,-0.03192887487333165,5.0
-0.5995995995995996,4.301388233541387,0.3156971167236298,-0.04294548217603257,-0.05587155276581127,-0.05362269178180647,-0.05037961963887174,-0.03204141989333324,5.0
-0.5975975975975976,4.294398892063788,0.31892023209882264,-0.04364919116922867,-0.056696361899139874,-0.054291770090551424,-0.05083006305772368,-0.03214914293791698,5.0
-0.5955955955955956,4.28740951338709,0.3221446968801663,-0.0443583946132453,-0.05752559119139946,-0.05496198840972972,-0.05127692285944377,-0.032252066188603434,5.0
-0.5935935935935936,4.280420260619657,0.3253704356116265,-0.045073085492178575,-0.05835920736814997,-0.05563330257095484,-0.051720149003926026,-0.032350212886004946,5.0
-0.5915915915915916,4.273431292466042,0.32859737470661254,-0.04579325688968288,-0.059197177406622496,-0.05630566879205445,-0.052159692771690434,-0.032443607279605616,5.0
-0.5895895895895895,4.266442763378772,0.33182544238213274,-0.04651890198656484,-0.060039468528576646,-0.056979043661314274,-0.05259550673865202,-0.032532274579203935,5.0
-0.5875875875875876,4.2594548237045675,0.33505456859524474,-0.04725001405839812,-0.06088604819327443,-0.05765338412220401,-0.053027544751484586,-0.03261624090798188,5.0
-0.5855855855855856,4.252467619825226,0.3382846849817249,-0.04798658647316148,-0.06173688409057252,-0.058328647458577944,-0.05345576190357202,-0.03269553325716399,5.0
-0.5835835835835836,4.245481294293451,0.3415157247968783,-0.048728612688901565,-0.06259194413413391,-0.059004791280342826,-0.053880114511538325,-0.03277017944222898,5.0
-0.5815815815815816,4.238495985963815,0.3447476228584219,-0.049476086251421206,-0.06345119645475972,-0.05968177350958537,-0.054300560092348696,-0.03284020806063685,5.0
-0.5795795795795795,4.231511830119111,0.3479803154913625,-0.0502290007919935,-0.06431460939384054,-0.06035955236715103,-0.054717057340971285,-0.032905648451033595,5.0
-0.5775775775775776,4.224528958592256,0.351213740474797,-0.05098735002510109,-0.06518215149692638,-0.06103808635966533,-0.05512956610859068,-0.03296653065389553,5.0
-0.5755755755755756,4.217547499883971,0.35444783699056226,-0.05175112774619993,-0.06605379150741428,-0.06171733426698891,-0.055538047381362136,-0.03302288537357521,5.0
-0.5735735735735736,4.210567579276367,0.35768254557365564,-0.05252032782950665,-0.06692949836035157,-0.06239725513009747,-0.05594246325969622,-0.033074743941711233,5.0
-0.5715715715715716,4.203589318942625,0.36091780806435236,-0.05329494422580738,-0.06780924117635259,-0.06307780823937648,-0.05634277693806271,-0.03312213828196371,5.0
-0.5695695695695695,4.196612838052904,0.36415356756194733,-0.05407497096028797,-0.06869298925562736,-0.06375895312332275,-0.056738952685302976,-0.033165100876038425,5.0
-0.5675675675675675,4.189638252876627,0.36738976838004644,-0.05486040213038289,-0.06958071207211891,-0.06444064953764186,-0.057130955825438534,-0.03320366473096202,5.0
-0.5655655655655656,4.1826656768812684,0.37062635600334176,-0.0556512319036426,-0.070472379267748,-0.06512285745473333,-0.05751875271896575,-0.033237863347572255,5.0
-0.5635635635635636,4.175695220827814,0.37386327704580974,-0.05644745451561767,-0.071367960646762,-0.06580553705355321,-0.05790231074462377,-0.03326773069018678,5.0
-0.5615615615615616,4.168726992862981,0.3771004792102677,-0.05724906426775931,-0.07226742617018622,-0.06648864870984568,-0.05828159828162551,-0.033293301157415404,5.0
-0.5595595595595595,4.161761098608379,0.3803379112492404,-0.058056055525335354,-0.07317074595037541,-0.06717215298673367,-0.058656584692339274,-0.03331460955408047,5.0
-0.5575575575575575,4.154797641246728,0.3835755229270855,-0.05886842271536147,-0.07407789024566334,-0.06785601062565944,-0.05902724030540955,-0.03333169106421148,5.0
-0.5555555555555556,4.147836721605273,0.3868132649833351,-0.059686160324547835,-0.07498882945510842,-0.06854018253766618,-0.059393536399305606,-0.033344581225079786,5.0
-0.5535535535535536,4.140878438236524,0.39005108909720887,-0.06050926289726037,-0.07590353411333292,-0.0692246297950106,-0.059755445186285894,-0.03335331590224052,5.0
-0.5515515515515516,4.133922887496463,0.393288947853261,-0.06133772503349781,-0.07682197488545434,-0.06990931362309802,-0.06011293979676611,-0.03335793126554846,5.0
-0.5495495495495495,4.126970163620334,0.39652679470812335,-0.062171541386883904,-0.07774412256210614,-0.07059419539272942,-0.06046599426407914,-0.0333584637661158,5.0
-0.5475475475475475,4.120020358796125,0.39976458395830283,-0.06301070666267562,-0.07866994805454613,-0.07127923661265216,-0.060814583509614606,-0.033354950114180014,5.0
-0.5455455455455456,4.113073563235851,0.403002270708994,-0.06385521561578708,-0.07959942238984952,-0.07196439892240367,-0.06115868332832547,-0.033347427257850316,5.0
-0.5435435435435436,4.106129865244744,0.40623981084386596,-0.06470506304882921,-0.08053251670618414,-0.07264964408543886,-0.06149827037458944,-0.03333593236270203,5.0
-0.5415415415415415,4.09918935128841,0.40947716099577786,-0.06556024381016615,-0.0814692022481662,-0.073334933982532,-0.06183332214841263,-0.03332050279218851,5.0
-0.5395395395395395,4.092252106058036,0.4127142785183762,-0.06642075279198675,-0.08240945036229196,-0.07402023060544292,-0.06216381698196335,-0.03330117608884142,5.0
-0.5375375375375375,4.085318212533732,0.41595112145852897,-0.06728658492839207,-0.08335323249244417,-0.07470549605083848,-0.062489734026423736,-0.03327798995623023,5.0
-0.5355355355355356,4.078387752046015,0.41918764852954477,-0.0681577351934983,-0.08430052017546975,-0.0753906925144603,-0.06281105323914676,-0.03325098224165311,5.0
-0.5335335335335336,4.07146080433555,0.42242381908513144,-0.06903419859955431,-0.08525128503682544,-0.07607578228552908,-0.06312775537110779,-0.033220190919532246,5.0
-0.5315315315315315,4.064537447611139,0.42565959309404555,-0.06991597019507408,-0.08620549878628986,-0.07676072774137827,-0.06343982195463876,-0.03318565407548736,5.0
-0.5295295295295295,4.057617758606045,0.42889493111539045,-0.07080304506298288,-0.08716313321373813,-0.07744549134230744,-0.06374723529143445,-0.033147409891062164,5.0
-0.5275275275275275,4.050701812632693,0.4321297942745167,-0.07169541831877727,-0.08812416018497767,-0.0781300356266489,-0.06404997844082008,-0.033105496629079564,5.0
-0.5255255255255256,4.043789683635788,0.4353641442394933,-0.07259308510869864,-0.08908855163764207,-0.07881432320603962,-0.06434803520827095,-0.03305995261960279,5.0
-0.5235235235235236,4.036881444243938,0.4385979431981122,-0.07349604060791948,-0.09005627957714207,-0.07949831676089165,-0.0646413901341735,-0.033010816246479134,5.0
-0.5215215215215215,4.029977165819815,0.4418311538353987,-0.07440428001874294,-0.09102731607267085,-0.08018197903605502,-0.06493002848282026,-0.0329581259344459,5.0
-0.5195195195195195,4.023076918508947,0.44506373931160625,-0.07531779856881553,-0.09200163325326306,-0.0808652728366665,-0.0652139362316284,-0.03290192013677712,5.0
-0.5175175175175175,4.0161807712872015,0.4482956632406694,-0.07623659150935239,-0.09297920330390508,-0.08154816102417874,-0.06549310006057459,-0.03284223732345129,5.0
-0.5155155155155156,4.009288792007052,0.45152688966910676,-0.07716065411337637,-0.09395999846169668,-0.08223060651256392,-0.06576750734183709,-0.03277911596982065,5.0
-0.5135135135135136,4.002401047442682,0.45475738305535207,-0.07808998167397052,-0.09494399101206169,-0.08291257226468737,-0.06603714612963812,-0.0327125945457632,5.0
-0.5115115115115115,3.9955176033340396,0.45798710824950634,-0.07902456950254434,-0.09593115328500687,-0.0835940212888446,-0.0663020051502774,-0.03264271150529908,5.0
-0.5095095095095095,3.988638524429886,0.46121603047349835,-0.07996441292711458,-0.09692145765142872,-0.08427491663545715,-0.06656207379234973,-0.03256950527665308,5.0
-0.5075075075075075,3.981763874529935,0.46444411530164087,-0.08090950729060079,-0.09791487651946632,-0.08495522139392238,-0.06681734209713872,-0.03249301425274596,5.0
-0.5055055055055055,3.974893716526145,0.46767132864157074,-0.08185984794913576,-0.09891138233089854,-0.08563489868961094,-0.06706780074917851,-0.03241327678209702,5.0
-0.5035035035035035,3.968028112443227,0.4708976367155592,-0.08281543027039166,-0.09991094755758544,-0.08631391168100684,-0.06731344106697548,-0.03233033116012086,5.0
-0.5015015015015015,3.9611671234784254,0.47412300604217433,-0.08377624963192135,-0.10091354469795154,-0.08699222355698462,-0.06755425499388258,-0.03224421562080202,5.0
-0.49949949949949946,3.954310810040621,0.47734740341827897,-0.0847423014195158,-0.10191914627350945,-0.08766979753421798,-0.06779023508911779,-0.03215496832873069,5.0
-0.4974974974974975,3.9474592317887964,0.4805707959013397,-0.08571358102557712,-0.10292772482542206,-0.08834659685471351,-0.06802137451891922,-0.03206262737148396,5.0
-0.49549549549549554,3.9406124476699045,0.48379315079202595,-0.08669008384750723,-0.10393925291110136,-0.08902258478346449,-0.06824766704782878,-0.03196723075233681,5.0
-0.4934934934934935,3.9337705159561587,0.4870144356170696,-0.08767180528611197,-0.10495370310084189,-0.08969772460621805,-0.06846910703009747,-0.03186881638328831,5.0
-0.4914914914914915,3.926933494281784,0.49023461811236263,-0.08865874074402037,-0.10597104797448631,-0.09037197962735063,-0.06868568940120362,-0.03176742207838785,5.0
-0.48948948948948945,3.9201014396792386,0.49345366620625547,-0.08965088562411838,-0.10699126011812078,-0.09104531316784484,-0.06889740966947887,-0.03166308554734825,5.0
-0.4874874874874875,3.913274408614931,0.4966715480030401,-0.09064823532799705,-0.10801431212079886,-0.0917176885633634,-0.06910426390783288,-0.03155584438943219,5.0
-0.48548548548548554,3.9064524570244523,0.49988823176657604,-0.09165078525441411,-0.10904017657128987,-0.09238906916241363,-0.0693062487455727,-0.03144573608759922,5.0
-0.48348348348348347,3.8996356403473444,0.5031036859040426,-0.09265853079776831,-0.11006882605485108,-0.09305941832459726,-0.0695033613603085,-0.03133279800290168,5.0
-0.4814814814814815,3.8928240135614263,0.5063178789497851,-0.09367146734658631,-0.11110023315002046,-0.093728699418941,-0.0696955994699415,-0.031217067369117925,5.0
-0.47947947947947944,3.8860176312167067,0.509530779549237,-0.09468959028202104,-0.1121343704254286,-0.0943968758223025,-0.06988296132472872,-0.031098581287612448,5.0
-0.4774774774774775,3.8792165474689155,0.5127423564428923,-0.09571289497636082,-0.11317121043662728,-0.0950639109178474,-0.07006544569941876,-0.030977376722412478,5.0
-0.47547547547547553,3.872420816112684,0.5159525784503145,-0.09674137679154904,-0.11421072572293318,-0.09572976809359313,-0.070243051885455,-0.03085349049549161,5.0
-0.47347347347347346,3.8656304906144188,0.5191614144541622,-0.09777503107771279,-0.11525288880428475,-0.09639441074101505,-0.07041577968324159,-0.030726959282251207,5.0
-0.4714714714714715,3.8588456241449083,0.5223688333842206,-0.09881385317170086,-0.11629767217811028,-0.09705780225371125,-0.07058362939446806,-0.03059781960719078,5.0
-0.46946946946946944,3.852066269611711,0.5255748042014236,-0.09985783839562944,-0.11734504831620629,-0.09771990602612267,-0.07074660181448923,-0.030466107839758977,5.0
-0.4674674674674675,3.845292479691368,0.5287792958818606,-0.10090698205543507,-0.11839498966162366,-0.09838068545230376,-0.07090469822475598,-0.03033186019037674,5.0
-0.4654654654654655,3.8385243068614963,0.5319822774007534,-0.10196127943943509,-0.1194474686255615,-0.09904010392474188,-0.07105792038529367,-0.030195112706624665,5.0
-0.46346346346346345,3.8317618034328045,0.535183717716394,-0.10302072581689294,-0.12050245758426499,-0.09969812483322034,-0.07120627052722445,-0.030055901269586693,5.0
-0.4614614614614615,3.825005021581082,0.5383835857540377,-0.10408531643658894,-0.12155992887592794,-0.10035471156372293,-0.07134975134533005,-0.02991426159034218,5.0
-0.45945945945945943,3.8182540133792093,0.5415818503897337,-0.10515504652539591,-0.12261985479759747,-0.10100982749737587,-0.07148836599065052,-0.02977022920659838,5.0
-0.4574574574574575,3.811508830829235,0.5447784804340876,-0.10622991128685742,-0.12368220760207911,-0.10166343600942405,-0.07162211806311562,-0.029623839479455773,5.0
-0.4554554554554555,3.804769525894551,0.547973444615936,-0.10730990589976899,-0.12474695949484112,-0.10231550046823795,-0.07175101160420493,-0.029475127590298186,5.0
-0.45345345345345345,3.7980361505322184,0.5511667115659257,-0.10839502551676117,-0.12581408263091626,-0.10296598423434795,-0.07187505108963185,-0.029324128537800146,5.0
-0.4514514514514515,3.791308756725469,0.5543582497999697,-0.10948526526288309,-0.12688354911179942,-0.10361485065950234,-0.07199424142204831,-0.029170877135043433,5.0
-0.4494494494494494,3.784587396516418,0.5575480277025748,-0.11058062023418609,-0.12795533098233944,-0.10426206308574554,-0.07210858792376416,-0.029015408006735206,5.0
-0.44744744744744747,3.777872122039017,0.5607360135100065,-0.11168108549630665,-0.12902940022762302,-0.10490758484451265,-0.07221809632947879,-0.028857755586520043,5.0
-0.4454454454454454,3.7711629855522744,0.5639221752932817,-0.11278665608304744,-0.13010572876984972,-0.10555137925573717,-0.07232277277901837,-0.028697954114378147,5.0
-0.44344344344344344,3.7644600394737724,0.5671064809409562,-0.11389732699495586,-0.13118428846519542,-0.10619340962696744,-0.07242262381007533,-0.02853603763410232,5.0
-0.4414414414414415,3.7577633364135044,0.5702888981416947,-0.11501309319789993,-0.13226505110066414,-0.10683363925248902,-0.07251765635094481,-0.02837203999084635,5.0
-0.4394394394394394,3.751072929208055,0.5734693943665876,-0.11613394962164064,-0.13334798839092457,-0.10747203141244871,-0.07260787771325335,-0.028205994828737393,5.0
-0.43743743743743746,3.7443888709551567,0.5766479368511989,-0.1172598911584004,-0.13443307197513132,-0.10810854937197588,-0.07269329558467498,-0.028037935588545556,5.0
-0.4354354354354354,3.7377112150486407,0.5798244925773175,-0.11839091266142761,-0.13552027341372927,-0.1087431563802997,-0.07277391802162997,-0.027867895505403553,5.0
-0.43343343343343343,3.731040015213818,0.5829990282543893,-0.11952700894355743,-0.13660956418523876,-0.10937581566985509,-0.07284975344196122,-0.027695907606569967,5.0
-0.4314314314314315,3.724375325543321,0.5861715103006049,-0.12066817477576798,-0.13770091568302117,-0.11000649045537682,-0.07292081061758329,-0.02752200470922922,5.0
-0.4294294294294294,3.717717200533435,0.5893419048236238,-0.12181440488573397,-0.13879429921202377,-0.11063514393297633,-0.07298709866709971,-0.02734621941832254,5.0
-0.42742742742742745,3.711065695120957,0.5925101776009086,-0.12296569395637666,-0.13988968598550128,-0.11126173927919804,-0.07304862704838308,-0.027168584124403112,5.0
-0.4254254254254254,3.7044208647206207,0.5956762940596497,-0.1241220366244117,-0.14098704712171523,-0.11188623965005096,-0.07310540555111293,-0.026989131001509785,5.0
-0.42342342342342343,3.697782765263128,0.5988402192562603,-0.12528342747889554,-0.1420863536406085,-0.11250860818001242,-0.07315744428926699,-0.02680789200505339,5.0
-0.42142142142142147,3.691151453233828,0.6020019178554185,-0.12644986105977082,-0.14318757646045435,-0.11312880798099935,-0.07320475369355961,-0.02662489886970981,5.0
-0.4194194194194194,3.6845269857120853,0.6051613541086374,-0.12762133185641336,-0.1442906863944794,-0.11374680214130332,-0.07324734450382366,-0.026440183107314396,5.0
-0.41741741741741745,3.67790942041139,0.6083184918323433,-0.12879783430617953,-0.14539565414745884,-0.11436255372448531,-0.07328522776132937,-0.026253776004751917,5.0
-0.4154154154154154,3.6712988157202493,0.6114732943854383,-0.1299793627929584,-0.146502450312284,-0.11497602576822553,-0.07331841480103488,-0.026065708621836714,5.0
-0.4134134134134134,3.664695230743912,0.6146257246463311,-0.13116591164572675,-0.14761104536649983,-0.11558718128312473,-0.07334691724376376,-0.02587601178917754,5.0
-0.41141141141141147,3.658098725346972,0.6177757449894095,-0.1323574751371118,-0.148721409668812,-0.11619598325145122,-0.07337074698830319,-0.025684716106021944,5.0
-0.4094094094094094,3.6515093601969024,0.620923317260934,-0.13355404748196015,-0.14983351345556228,-0.11680239462582968,-0.07338991620341649,-0.025491851938074392,5.0
-0.40740740740740744,3.644927196808563,0.6240684027543313,-0.13475562283591658,-0.15094732683717113,-0.11740637832786646,-0.07340443731976574,-0.025297449415283228,5.0
-0.4054054054054054,3.6383522975897358,0.6272109621848623,-0.13596219529401368,-0.15206281979454542,-0.11800789724670667,-0.0734143230217368,-0.02510153842959119,5.0
-0.4034034034034034,3.6317847258877345,0.6303509556636359,-0.13717375888927327,-0.15317996217545024,-0.11860691423751686,-0.07341958623916058,-0.02490414863264376,5.0
-0.40140140140140146,3.62522454603713,0.6334883426709494,-0.13839030759132206,-0.15429872369084352,-0.11920339211988866,-0.07342024013892597,-0.02470530943345061,5.0
-0.3993993993993994,3.6186718234086483,0.6366230820289234,-0.13961183530502305,-0.15541907391117074,-0.11979729367615703,-0.07341629811647528,-0.024505049995994767,5.0
-0.39739739739739743,3.612126624459283,0.6397551318734016,-0.14083833586912364,-0.1565409822626193,-0.12038858164962758,-0.07340777378717799,-0.024303399236784283,5.0
-0.39539539539539537,3.6055890167836653,0.6428844496250911,-0.14206980305492276,-0.1576644180233286,-0.12097721874270657,-0.07339468097757433,-0.024100385822341332,5.0
-0.3933933933933934,3.599059069166747,0.6460109919599096,-0.143306230564958,-0.15878935031955554,-0.12156316761492751,-0.07337703371648313,-0.023896038166623758,5.0
-0.39139139139139134,3.592536851637833,0.6491347147785086,-0.14454761203171504,-0.1599157481217926,-0.12214639088086761,-0.07335484622596594,-0.023690384428373974,5.0
-0.3893893893893894,3.58602243552602,0.6522555731749375,-0.14579394101635978,-0.16104358024083562,-0.122726851107948,-0.07332813291214127,-0.023483452508390453,5.0
-0.3873873873873874,3.5795158935170743,0.6553735214044263,-0.1470452110074961,-0.16217281532379968,-0.12330451081411013,-0.0732969083558415,-0.023275270046716826,5.0
-0.38538538538538536,3.573017299711812,0.6584885128502391,-0.14830141541995004,-0.1633034218500796,-0.12387933246536213,-0.07326118730310484,-0.023065864419744037,5.0
-0.3833833833833834,3.5665267296860157,0.6616004999895775,-0.14956254759358184,-0.16443536812725407,-0.12445127847318736,-0.0732209846554959,-0.022855262737220765,5.0
-0.38138138138138133,3.560044260551944,0.6647094343584902,-0.150828600792128,-0.1655686222869285,-0.12502031119180848,-0.07317631546024746,-0.02264349183916794,5.0
-0.3793793793793794,3.5535699710214774,0.6678152665157653,-0.15209956820207515,-0.16670315228051566,-0.1255863929152995,-0.07312719490021535,-0.022430578292692627,5.0
-0.3773773773773774,3.547103941470955,0.67091794600576,-0.15337544293156624,-0.16783892587495003,-0.12614948587453764,-0.07307363828363996,-0.02221654838869735,5.0
-0.37537537537537535,3.5406462540077492,0.6740174213201436,-0.15465621800934218,-0.1689759106483338,-0.12670955223398814,-0.07301566103370635,-0.022001428138480647,5.0
-0.3733733733733734,3.5341969925386305,0.6771136398585128,-0.15594188638372045,-0.1701140739855112,-0.12726655408831383,-0.07295327867789637,-0.02178524327022497,5.0
-0.37137137137137133,3.527756242839976,0.6802065478878521,-0.15723244092161157,-0.171253383073567,-0.12782045345880136,-0.0728865068371237,-0.021568019225368256,5.0
-0.36936936936936937,3.5213240926298695,0.6832960905008022,-0.1585278744075762,-0.1723938048972479,-0.12837121228959586,-0.07281536121464606,-0.021349781154855384,5.0
-0.3673673673673674,3.5149006316421536,0.686382211572708,-0.15982817954292486,-0.173535306234302,-0.12891879244373608,-0.0727398575847459,-0.021130553915266477,5.0
-0.36536536536536535,3.508485951702478,0.6894648537174066,-0.16113334894486164,-0.17467785365073338,-0.12946315569898112,-0.07266001178117217,-0.020910362064818343,5.0
-0.3633633633633634,3.502080146806401,0.6925439582417388,-0.16244337514567478,-0.1758214134959689,-0.1300042637434204,-0.07257583968533635,-0.020689229859236543,5.0
-0.3613613613613613,3.495683313199598,0.6956194650987348,-0.16375825059197516,-0.17696595189793243,-0.13054207817085808,-0.07248735721425373,-0.020467181247494977,5.0
-0.35935935935935936,3.489295549460221,0.6986913128394625,-0.16507796764398538,-0.17811143475802363,-0.13107656047596217,-0.07239458030822354,-0.02024423986742049,5.0
-0.3573573573573574,3.482916956583467,0.7017594385634935,-0.1664025185748818,-0.179257827745997,-0.13160767204916968,-0.07229752491823978,-0.02002042904116037,5.0
-0.35535535535535534,3.4765476380683924,0.7048237778679747,-0.16773189557019091,-0.18040509629473733,-0.13213537417133905,-0.07219620699312544,-0.01979577177051049,5.0
-0.3533533533533534,3.470187700007031,0.7078842647952599,-0.16906609072724252,-0.1815532055949266,-0.13265962800813855,-0.07209064246638223,-0.019570290732102667,5.0
-0.3513513513513513,3.4638372511758413,0.7109408317790974,-0.17040509605468201,-0.1827021205895998,-0.13318039460416234,-0.07198084724274907,-0.019344008272449677,5.0
-0.34934934934934936,3.457496403129537,0.7139934095893252,-0.171748903472042,-0.18385180596858156,-0.13369763487676328,-0.07186683718446156,-0.019116946402847192,5.0
-0.3473473473473474,3.4511652702973272,0.7170419272750721,-0.17309750480937847,-0.1850022261628024,-0.13421130960959332,-0.07174862809720546,-0.018889126794132086,5.0
-0.34534534534534533,3.444843970081595,0.7200863121064277,-0.1744508918069696,-0.18615334533848732,-0.13472137944583948,-0.07162623571575773,-0.018660570771297083,5.0
-0.3433433433433434,3.4385326229590474,0.7231264895145714,-0.1758090561150806,-0.18730512739121094,-0.13522780488114655,-0.07149967568930796,-0.01843129930796251,5.0
-0.3413413413413413,3.432231352584343,0.7261623830303382,-0.17717198929379663,-0.18845753593981596,-0.1357305462562153,-0.0713689635664549,-0.01820133302070624,5.0
-0.33933933933933935,3.425940285896227,0.729193914221209,-0.17853968281292346,-0.18961053432018632,-0.13622956374906509,-0.07123411477987118,-0.017970692163253706,5.0
-0.3373373373373374,3.4196595532261687,0.7322210026267151,-0.17991212805195728,-0.19076408557887006,-0.1367248173669506,-0.07109514463063223,-0.017739396620530885,5.0
-0.3353353353353353,3.413389288409505,0.7352435656922486,-0.1812893163001259,-0.19191815246654653,-0.13721626693792238,-0.07095206827220395,-0.017507465902583643,5.0
-0.33333333333333337,3.4071296288990847,0.7382615187012718,-0.18267123875649882,-0.1930726974313274,-0.13770387210201862,-0.07080490069408535,-0.01727491913836796,5.0
-0.3313313313313313,3.400880715881392,0.7412747747059382,-0.18405788653016947,-0.19422768261189002,-0.13818759230208,-0.07065365670510364,-0.017041775069416645,5.0
-0.32932932932932935,3.3946426943951304,0.7442832444561122,-0.1854492506405056,-0.1953830698304291,-0.13866738677417417,-0.07049835091635838,-0.016808052043389102,5.0
-0.3273273273273274,3.3884157134522237,0.7472868363268251,-0.18684532201747123,-0.1965388205854249,-0.1391432145376226,-0.07033899772381505,-0.016573768007512164,5.0
-0.3253253253253253,3.382199926161195,0.750285456244161,-0.18824609150201427,-0.19769489604421536,-0.13961503438461617,-0.07017561129054643,-0.016338940501921077,5.0
-0.32332332332332336,3.3759954898528615,0.7532790076096164,-0.18965154984652105,-0.19885125703536605,-0.1400828048694121,-0.07000820552862445,-0.016103586652911523,5.0
-0.3213213213213213,3.369802566208272,0.7562673912229584,-0.1910616877153331,-0.20000786404082613,-0.14054648429710156,-0.06983679408066433,-0.01586772316611474,5.0
-0.31931931931931934,3.363621321388803,0.7592505052036259,-0.19247649568532396,-0.2011646771878656,-0.14100603071193873,-0.06966139030102608,-0.015631366319609947,5.0
-0.31731731731731727,3.3574519261683147,0.7622282449107237,-0.1938959642465298,-0.20232165624077766,-0.14146140188522255,-0.06948200723667847,-0.015394531956989517,5.0
-0.3153153153153153,3.3512945560672436,0.7652005028616723,-0.19532008380283047,-0.20347876059234077,-0.14191255530272373,-0.0692986576077349,-0.015157235480395149,5.0
-0.31331331331331336,3.3451493914884978,0.7681671686495829,-0.19674884467267237,-0.20463594925502682,-0.1423594481516488,-0.06911135378767043,-0.014919491843544545,5.0
-0.3113113113113113,3.3390166178549965,0.7711281288594413,-0.1981822370898274,-0.2057931808519442,-0.14280203730713506,-0.06892010778323274,-0.014681315544770972,5.0
-0.30930930930930933,3.332896425748678,0.7740832669831988,-0.19962025120417615,-0.20695041360750394,-0.14324027931827069,-0.06872493121406295,-0.01444272062010039,5.0
-0.30730730730730726,3.326789011050774,0.7770324633338757,-0.20106287708250759,-0.20810760533779576,-0.1436741303936352,-0.06852583529204367,-0.014203720636393385,5.0
-0.3053053053053053,3.32069457508312,0.7799755949588016,-0.20251010470932015,-0.20926471344066092,-0.14410354638635717,-0.06832283080039558,-0.01396432868458192,5.0
-0.30330330330330335,3.3146133247502547,0.7829125355521349,-0.20396192398761215,-0.21042169488544663,-0.1445284827786869,-0.06811592807254793,-0.013724557373034275,5.0
-0.3013013013013013,3.3085454726820274,0.7858431553668133,-0.20541832473964322,-0.21157850620242932,-0.14494889466608374,-0.06790513697081024,-0.013484418821084199,5.0
-0.2992992992992993,3.3024912373763913,0.7887673211261104,-0.20687929670765115,-0.21273510347188931,-0.14536473674081907,-0.06769046686487813,-0.013243924652764229,5.0
-0.29729729729729726,3.2964508433420545,0.7916848959349925,-0.20834482955449943,-0.2138914423128199,-0.1457759632750983,-0.06747192661021023,-0.013003085990786558,5.0
-0.2952952952952953,3.2904245212406016,0.7945957391914881,-0.20981491286423715,-0.21504747787125816,-0.14618252810370758,-0.06724952452631654,-0.012761913450818457,5.0
-0.29329329329329334,3.2844125080276716,0.7974997064983033,-0.21128953614254006,-0.21620316480821405,-0.1465843846061916,-0.06702326837500593,-0.01252041713610383,5.0
-0.2912912912912913,3.2784150470927442,0.8003966495749435,-0.21276868881700772,-0.21735845728718375,-0.14698148568857491,-0.06679316533864352,-0.012278606632486309,5.0
-0.2892892892892893,3.2724323883970428,0.803286416170623,-0.2142523602372828,-0.21851330896122523,-0.14737378376463792,-0.06655922199847632,-0.012036491003894012,5.0
-0.28728728728728725,3.2664647886090155,0.8061688499782719,-0.21574053967495585,-0.21966767295957806,-0.14776123073676525,-0.06632144431309059,-0.011794078788350839,5.0
-0.2852852852852853,3.2605125112368234,0.8090437905499738,-0.21723321632321893,-0.22082150187380545,-0.1481437779763867,-0.06607983759707182,-0.01155137799458404,5.0
-0.28328328328328334,3.2545758267572036,0.8119110732142014,-0.21873037929622222,-0.22197474774343823,-0.14852137630403325,-0.06583440649994464,-0.01130839609930302,5.0
-0.28128128128128127,3.2486550127400413,0.8147705289952435,-0.22023201762808772,-0.2231273620410978,-0.14889397596903778,-0.06558515498547812,-0.011065140045229708,5.0
-0.2792792792792793,3.2427503539679265,0.817621984535246,-0.22173812027152728,-0.22427929565707605,-0.14926152662891104,-0.06533208631144911,-0.010821616239966275,5.0
-0.27727727727727725,3.2368621425499158,0.8204652620193331,-0.2232486760960095,-0.22543049888334937,-0.14962397732843255,-0.06507520300996586,-0.010577830555791892,5.0
-0.2752752752752753,3.2309906780286806,0.8233001791042881,-0.22476367388541363,-0.22658092139700228,-0.1499812764784968,-0.06481450686846126,-0.010333788330485894,5.0
-0.27327327327327333,3.2251362674801443,0.8261265488513336,-0.2262831023351029,-0.22773051224303772,-0.1503333718347647,-0.06454999891147656,-0.010089494369280933,5.0
-0.27127127127127126,3.2192992256046766,0.8289441796635666,-0.2278069500483471,-0.22887921981654885,-0.1506802104761741,-0.0642816793833641,-0.009844952948055735,5.0
-0.2692692692692693,3.213479874808845,0.8317528752286467,-0.22933520553201636,-0.23002699184422848,-0.15102173878337033,-0.06400954773204924,-0.009600167817883278,5.0
-0.26726726726726724,3.2076785452766545,0.8345524344673797,-0.2308678571914614,-0.23117377536519212,-0.15135790241712566,-0.06373360259400149,-0.009355142211056522,5.0
-0.2652652652652653,3.201895575029169,0.8373426514888657,-0.23240489332449293,-0.23231951671108944,-0.15168864629682163,-0.06345384178057613,-0.009109878848719928,5.0
-0.2632632632632632,3.196131309971325,0.8401233155529263,-0.23394630211436318,-0.23346416148548163,-0.15201391457908012,-0.06317026226589897,-0.008864379950241473,5.0
-0.26126126126126126,3.190386103924701,0.8428942110405665,-0.23549207162164865,-0.23460765454246046,-0.15233365063663243,-0.06288286017647861,-0.008618647244465502,5.0
-0.2592592592592593,3.1846603186449474,0.8456551174332478,-0.23704218977492514,-0.23574993996448865,-0.15264779703753004,-0.06259163078274205,-0.008372681982993176,5.0
-0.25725725725725723,3.178954323822506,0.8484058093018202,-0.23859664436012099,-0.2368909610394383,-0.1529562955248048,-0.06229656849270284,-0.008126484955642476,5.0
-0.2552552552552553,3.173268497065222,0.8511460563059499,-0.2401554230084287,-0.2380306602368116,-0.15325908699670157,-0.06199766684798177,-0.007880056508245236,5.0
-0.2532532532532532,3.167603223861365,0.8538756232049705,-0.24171851318264495,-0.23916897918312338,-0.15355611148761164,-0.06169491852241352,-0.007633396562943647,5.0
-0.25125125125125125,3.1619588975215476,0.8565942698810644,-0.243285902161809,-0.24030585863643364,-0.15384730814985018,-0.061388315323485175,-0.007386504641152779,5.0
-0.2492492492492493,3.1563359190979714,0.8593017513757576,-0.24485757702399824,-0.24144123846001767,-0.1541326152364297,-0.06107784819686369,-0.007139379889359551,5.0
-0.24724724724724723,3.1507346972793973,0.8619978179407102,-0.24643352462713758,-0.24257505759516637,-0.15441197008499521,-0.060763507234282914,-0.006892021107931494,5.0
-0.24524524524524527,3.1451556482601872,0.8646822151038269,-0.24801373158767218,-0.2437072540331132,-0.1546853091030962,-0.06044528168507069,-0.006644426783110625,5.0
-0.2432432432432432,3.139599195581755,0.867354683751723,-0.24959818425695046,-0.24483776478608973,-0.15495256775498636,-0.06012315997160928,-0.006396595122368823,5.0
-0.24124124124124124,3.1340657699447245,0.8700149602296079,-0.251186868695158,-0.24596652585751713,-0.1552136805501516,-0.05979712970903131,-0.006148524093300782,5.0
-0.2392392392392393,3.1285558089900958,0.8726627764596488,-0.25277977064264395,-0.247093472211347,-0.15546858103378147,-0.05946717772946385,-0.0059002114662291705,5.0
-0.23723723723723722,3.12306975704771,0.875297860078894,-0.2543768754884754,-0.2482185377405745,-0.15571720177941192,-0.059133290111141094,-0.005651654860693384,5.0
-0.23523523523523526,3.117608064850326,0.8779199345978191,-0.2559781682360575,-0.24934165523495247,-0.15595947438397928,-0.05879545221271286,-0.0054028517959884255,5.0
-0.2332332332332332,3.1121711892116304,0.880528719580568,-0.2575836334656554,-0.25046275634794535,-0.15619532946553902,-0.05845364871308232,-0.005153799745913985,5.0
-0.23123123123123124,3.106759592666553,0.8831239308479242,-0.25919325529365855,-0.2515817715629751,-0.1564246966639155,-0.05810786365710901,-0.004904496197884432,5.0
-0.22922922922922928,3.101373743072321,0.8857052807040291,-0.26080701732843065,-0.2526986301590178,-0.15664750464456148,-0.05775808050751505,-0.004654938716539661,5.0
-0.2272272272272272,3.096014113168742,0.8882724781878282,-0.26242490262259144,-0.25381326017562583,-0.15686368110591437,-0.05740428220333147,-0.004405125011982962,5.0
-0.22522522522522526,3.0906811800963063,0.8908252293501643,-0.264046893621592,-0.254925588377467,-0.15707315279055467,-0.05704645122521776,-0.004155053012755478,5.0
-0.2232232232232232,3.0853754248708203,0.893363237557387,-0.26567297210844465,-0.25603554021847785,-0.15727584550047236,-0.05668456966798018,-0.003904720943637828,5.0
-0.22122122122122123,3.0800973318134006,0.8958862038222627,-0.26730311914449256,-0.257143039805758,-0.15747168411676424,-0.05631861932060581,-0.0036541274083467298,5.0
-0.21921921921921927,3.0748473879348306,0.8983938271628793,-0.2689373150061102,-0.2582480098633375,-0.15766059262408727,-0.05594858175411319,-0.003403271477168957,5.0
-0.2172172172172172,3.0696260822734556,0.9008858049901444,-0.2705755391172498,-0.25935037169597763,-0.15784249414020127,-0.055574438417503876,-0.003152152779545893,5.0
-0.21521521521521525,3.0644339051860032,0.9033618335243392,-0.2722177699777693,-0.2604500451531792,-0.1580173109509374,-0.05519617074207626,-0.002900771601588824,5.0
-0.21321321321321318,3.059271347590953,0.9058216082410687,-0.2738639850875017,-0.26154694859359956,-0.15818496455093123,-0.05481376025433514,-0.002649128988469152,5.0
-0.21121121121121122,3.054138900164332,0.9082648243467794,-0.27551416086605285,-0.2626409988500961,-0.15834537569045706,-0.05442718869769889,-0.0023972268515871096,5.0
-0.20920920920920927,3.0490370524881096,0.9106911772838566,-0.27716827256834947,-0.26373211119564155,-0.15849846442869728,-0.05403643816316777,-0.002145068080378684,5.0
-0.2072072072072072,3.043966292151677,0.9131003632651228,-0.2788262941959932,-0.2648201993103792,-0.15864415019377506,-0.0536414912290735,-0.0018926566585724036,5.0
-0.20520520520520524,3.0389271038072385,0.9154920798373416,-0.2804881984045146,-0.26590517525011015,-0.15878235184986603,-0.0532423311099809,-0.0016399977846561164,5.0
-0.20320320320320318,3.033919968180318,0.9178660264731251,-0.28215395640666746,-0.2669869494165325,-0.1589129877716924,-0.052838941814756735,-0.0013870979962583025,5.0
-0.20120120120120122,3.0289453610369694,0.9202219051903907,-0.2838235378719465,-0.2680654305295724,-0.15903597592668442,-0.05243130831375929,-0.0011339652980898885,5.0
-0.19919919919919926,3.024003752109703,0.9225594211982674,-0.2854969108225653,-0.26914052560218016,-0.15915123396507183,-0.0520194167150338,-0.0008806092930300481,5.0
-0.1971971971971972,3.0190956039845895,0.9248782835680692,-0.2871740415261835,-0.2702121399179812,-0.15925867931814094,-0.05160325444932513,-0.0006270413158749275,5.0
-0.19519519519519524,3.014221370952444,0.92717820592769,-0.28885489438572653,-0.2712801770121999,-0.15935822930485966,-0.051182810463637186,-0.000373274569200313,5.0
-0.19319319319319317,3.0093814978274813,0.9294589071774619,-0.2905394318267081,-0.2723445386562979,-0.15944980124703825,-0.05075807542298419,-0.0001193242607200912,5.0
-0.1911911911911912,3.0045764187373276,0.9317201122252277,-0.2922276141825179,-0.27340512484678403,-0.15953331259314857,-0.05032904191988359,0.00013479225854859535,5.0
-0.18918918918918914,2.999806555888753,0.933961552738064,-0.29391939957820795,-0.27446183379867867,-0.15960868105087722,-0.04989570469104613,0.0003890553560741167,5.0
-0.1871871871871872,2.9950723183139987,0.9361829679077828,-0.2956147438133744,-0.2755145619441251,-0.15967582472843644,-0.0494580608406135,0.0006434429803849443,5.0
-0.18518518518518523,2.990374100603073,0.938384105227024,-0.2973136002447928,-0.27656320393665557,-0.1597346622845933,-0.04901611006918942,0.0008979305253321746,5.0
-0.18318318318318316,2.9857122816278636,0.9405647212724443,-0.2990159196695372,-0.2776076526616284,-0.15978511308731777,-0.048569854907800414,0.0011524906970105018,5.0
-0.1811811811811812,2.9810872232644035,0.9427245824912034,-0.30072165020936936,-0.27864779925335653,-0.15982709738087775,-0.04811930095580939,0.0014070933843731014,5.0
-0.17917917917917914,2.9764992691200596,0.9448634659866683,-0.3024307371972529,-0.2796835331194447,-0.1598605364611344,-0.04766445712169476,0.0016617055346365818,5.0
-0.17717717717717718,2.9719487432728533,0.9469811602989744,-0.3041431230668996,-0.280714741972848,-0.15988535285871155,-0.04720533586549352,0.001916291034627344,5.0
-0.17517517517517522,2.967435949030478,0.9490774661758351,-0.30585874724631523,-0.2817413118721516,-0.15990147052963138,-0.046741953441596824,0.0021708105992690164,5.0
-0.17317317317317316,2.962961167716938,0.9511521973287802,-0.3075775460563513,-0.28276312727054903,-0.15990881505291799,-0.04627433014047889,0.002425221668450478,5.0
-0.1711711711711712,2.9585246574950084,0.9532051811697836,-0.3092994526153214,-0.2837800710739709,-0.1599073138345816,-0.045802490527837185,0.0026794783135444065,5.0
-0.16916916916916913,2.9541266522329126,0.955236259523122,-0.31102439675076443,-0.28479202470878157,-0.15989689631730605,-0.0453264636795264,0.002933531154865811,5.0
-0.16716716716716717,2.9497673604238086,0.9572452893071661,-0.31275230491946787,-0.28579886819941835,-0.15987749419506708,-0.044846283410581,0.003187327291366918,5.0
-0.16516516516516522,2.945446964166701,0.9592321431807499,-0.31448310013686837,-0.28680048025629273,-0.15984904163181388,-0.04436198849654464,0.003440810243858279,5.0
-0.16316316316316315,2.9411656182174095,0.9611967101487568,-0.3162167019169613,-0.2877967383742208,-0.15981147548326158,-0.04387362288526027,0.0036939199130247616,5.0
-0.1611611611611612,2.9369234491181175,0.9631388961215873,-0.3179530262238246,-0.2887875189415749,-0.1597647355207454,-0.04338123589722491,0.003946592553467812,5.0
-0.15915915915915912,2.9327205544138186,0.9650586244232858,-0.3196919854358479,-0.28977269736027766,-0.1597087646560074,-0.042884882412579914,0.004198760764951516,5.0
-0.15715715715715717,2.9285570019636897,0.9669558362432605,-0.32143348832371266,-0.29075214817667233,-0.15964350916570627,-0.042384623042791794,0.004450353501958734,5.0
-0.1551551551551552,2.924432829355011,0.9688304910267531,-0.323177440043114,-0.29172574522321504,-0.15956891891436645,-0.041880524285083466,0.004701296102574095,5.0
-0.15315315315315314,2.920348043426755,0.9706825667995095,-0.32492374214314534,-0.2926933617708324,-0.15948494757442055,-0.04137265865770212,0.004951510337603532,5.0
-0.1511511511511512,2.9163026199093527,0.9725120604224575,-0.32667229259117925,-0.2936548706916907,-0.159391552841946,-0.04086110481415789,0.005200914480714147,5.0
-0.14914914914914912,2.9122965031864427,0.9743189877726102,-0.3284229858149732,-0.2946101446320081,-0.1592886966466513,-0.04034594763464072,0.005449423400235397,5.0
-0.14714714714714716,2.9083296061835933,0.9761033838469039,-0.33017571276261787,-0.2955590561944331,-0.1591763453546422,-0.03982727829291891,0.005696948673102301,5.0
-0.1451451451451452,2.9044018103880997,0.9778653027862073,-0.3319303609808018,-0.2965014781293992,-0.15905446996247935,-0.0393051942971449,0.00594339872124537,5.0
-0.14314314314314314,2.900512966002967,0.9796048178173486,-0.33368681471173306,-0.2974372835347466,-0.15892304628104142,-0.03877979950314004,0.006188678970541659,5.0
-0.14114114114114118,2.896662892237138,0.9813220211116273,-0.3354449550088886,-0.29836634606279683,-0.15878205510772442,-0.038251204098900524,0.006432692032238148,5.0
-0.1391391391391391,2.892851377732902,0.9830170235589832,-0.33720465987160086,-0.2992885401339458,-0.15863148238554048,-0.037719524559260774,0.0066753379065453,5.0
-0.13713713713713716,2.8890781811302517,0.984689954457699,-0.3389658043983099,-0.30020374115574217,-0.15847131934773245,-0.03718488356986649,0.006916514207877017,5.0
-0.1351351351351351,2.885343031766746,0.986340961120263,-0.34072826095812575,-0.30111182574631745,-0.15830156264658932,-0.03664740991984502,0.0071561164109864555,5.0
-0.13313313313313313,2.8816456305102127,0.9879702083967729,-0.3424918993801569,-0.3020126719609421,-0.1581222144652352,-0.03610723836281575,0.007394038117018389,5.0
-0.13113113113113117,2.8779856507203956,0.9895778781180309,-0.3442565871598734,-0.302906159520401,-0.15793328261126935,-0.035564509446150604,0.00763017133827081,5.0
-0.1291291291291291,2.8743627393344253,0.9911641684612401,-0.346022189681582,-0.30379217003981807,-0.15773478059125612,-0.035019369308676926,0.007864406800235282,5.0
-0.12712712712712715,2.8707765180698197,0.9927292932419409,-0.3477885704559092,-0.3046705872564983,-0.15752672766520176,-0.03447196944730404,0.008096634259270192,5.0
-0.12512512512512508,2.8672265847375815,0.9942734811365715,-0.34955559137101216,-0.30554129725532286,-0.15730914888030587,-0.033922466453348184,0.008326742834057462,5.0
-0.12312312312312312,2.863712514656881,0.9957969748406725,-0.35132311295606616,-0.3064041886902027,-0.15708207508343994,-0.033371021719625825,0.00855462134880452,5.0
-0.12112112112112117,2.8602338621618397,0.9973000301684243,-0.3530909946554356,-0.30725915300009843,-0.15684554291198197,-0.03281780111967637,0.008780158685983664,5.0
-0.1191191191191191,2.856790162190042,0.9987829150997433,-0.3548590951117849,-0.3081060846181181,-0.156599594762817,-0.03226297466075716,0.009003244146251881,5.0
-0.11711711711711714,2.8533809319416243,1.0002459087816815,-0.3566272724562775,-0.3089448811722373,-0.1563442787395067,-0.0317067161125255,0.009223767813070976,5.0
-0.11511511511511507,2.8500056725971477,1.0016893004912868,-0.35839538460390996,-0.3097754436762401,-0.15607964857782092,-0.03114920261357614,0.009441620919450687,5.0
-0.11311311311311312,2.846663871081949,1.0031133885674368,-0.36016328955194943,-0.31059767670953553,-0.15580576355001927,-0.0305906142582353,0.009656696214170389,5.0
-0.11111111111111116,2.8433550018643023,1.0045184793193902,-0.3619308456793997,-0.31141148858459705,-0.15552268834846406,-0.03003113366622287,0.009868888324798306,5.0
-0.10910910910910909,2.840078528774498,1.0059048859199853,-0.36369791204538615,-0.31221679150087045,-0.15523049294932934,-0.029470945537974,0.010078094114822907,5.0
-0.10710710710710714,2.8368339068318953,1.007272927291465,-0.36546434868435407,-0.31301350168410597,-0.15492925245735037,-0.028910236198563147,0.010284213032239649,5.0
-0.10510510510510507,2.8336205840670816,1.0086229269918718,-0.3672300168960032,-0.3138015395102082,-0.15461904693272804,-0.028349193133288993,0.010487147446996997,5.0
-0.10310310310310311,2.8304380033265186,1.00995521210986,-0.36899477952792514,-0.31458082961283007,-0.1542999612014543,-0.027788004518062098,0.010686802974799632,5.0
-0.10110110110110115,2.827285604047446,1.011270112175534,-0.37075850124899584,-0.3153513009740917,-0.153972084650467,-0.027226858747780303,0.01088308878489007,5.0
-0.09909909909909909,2.824162823991329,1.012567958094615,-0.37252104881166864,-0.31611288699796053,-0.1536355110091619,-0.026665943965886462,0.011075917889584489,5.0
-0.09709709709709713,2.821069100924788,1.0138490811128895,-0.3742822913014377,-0.316865525565993,-0.15329033811889622,-0.026105447598271825,0.011265207413518467,5.0
-0.09509509509509506,2.8180038742377365,1.015113811817398,-0.37604210037188585,-0.3176091590752995,-0.15293666769219594,-0.02554555589462303,0.011450878840763668,5.0
-0.0930930930930931,2.8149665864892937,1.0163624791803176,-0.37780035046388927,-0.31834373445876407,-0.1525746050634443,-0.024986453480208358,0.011632858238202225,5.0
-0.09109109109109115,2.8119566848730297,1.0175954096509192,-0.3795569190077229,-0.31906920318770654,-0.1522042589328641,-0.024428322920963384,0.01181107645378974,5.0
-0.08908908908908908,2.808973622594109,1.0188129263003354,-0.38131168660700493,-0.3197855212573368,-0.1518257411056253,-0.023871344304569758,0.011985469288594742,5.0
-0.08708708708708712,2.80601686015199,1.020015348023231,-0.3830645372036088,-0.3204926491554978,-0.15143916622790335,-0.02331569484002503,0.012155977641770215,5.0
-0.08508508508508505,2.8030858665234653,1.0212029887997707,-0.38481535822287055,-0.32119055181533646,-0.1510446515216853,-0.022761548477982774,0.012322547627885866,5.0
-0.0830830830830831,2.8001801202419547,1.0223761570205812,-0.3865640406986376,-0.3218791985526702,-0.15064231652007679,-0.022209075553899855,0.012485130666324139,5.0
-0.08108108108108114,2.7972991103701172,1.0235351548767009,-0.3883104793778864,-0.32255856298893226,-0.15023228280479048,-0.021658442455770085,0.01264368354271553,5.0
-0.07907907907907907,2.7944423373639644,1.024680277815807,-0.3900545728048628,-0.3232286229606881,-0.14981467374742133,-0.02110981131795168,0.012798168442654304,5.0
-0.07707707707707712,2.79160931382777,1.025811814065331,-0.3917962233848711,-0.3238893604167908,-0.14938961425600317,-0.02056333974231618,0.012948552958191795,5.0
-0.07507507507507505,2.7887995651600956,1.0269300442224178,-0.3935353374280394,-0.3245407613043315,-0.14895723052823914,-0.020019180547660706,0.013094810067846054,5.0
-0.07307307307307309,2.7860126300922916,1.0280352409100586,-0.39527182517355375,-0.32518281544458055,-0.1485176498126645,-0.019477481548041346,0.013236918091092835,5.0
-0.07107107107107113,2.783248061121709,1.0291276684981483,-0.3970056007950188,-0.3258155164001655,-0.14807100017887193,-0.018938385360403095,0.013374860618508894,5.0
-0.06906906906906907,2.7805054248427536,1.030207582887672,-0.3987365823877494,-0.32643886133475214,-0.14761741029778838,-0.01840202924160786,0.013508626418923668,5.0
-0.06706706706706711,2.777784302179645,1.0312752313557585,-0.4004646919389237,-0.32705285086649927,-0.147157009232844,-0.01786854495469863,0.013638209325096896,5.0
-0.06506506506506504,2.7750842885254383,1.0323308524588917,-0.40218985528164497,-0.3276574889165536,-0.14668992624273253,-0.017338058663988864,0.013763608099576713,5.0
-0.06306306306306309,2.772404993792433,1.0333746759912128,-0.40391200203405164,-0.32825278255383,-0.14621629059631122,-0.016810690858333085,0.013884826282504911,5.0
-0.06106106106106102,2.7697460423795848,1.034406922994526,-0.4056310655246912,-0.32883874183728534,-0.1457362314000468,-0.01628655630172169,0.014001872023221344,5.0
-0.05905905905905906,2.7671070730629186,1.0354278058163682,-0.4073469827054316,-0.3294153796568458,-0.14524987743827214,-0.01576576401014979,0.014114757897580318,5.0
-0.0570570570570571,2.7644877388152325,1.0364375282123275,-0.4090596940532232,-0.3299827115740998,-0.1447573570263856,-0.015248417253540335,0.014223500712926515,5.0
-0.055055055055055035,2.761887706561579,1.0374362854886245,-0.4107691434620464,-0.3305407556637884,-0.1442587978769979,-0.014734613581353972,0.014328121302689399,5.0
-0.05305305305305308,2.7593066568771265,1.0384242646809307,-0.4124752781263877,-0.33108953235706634,-0.14375432697891297,-0.014224444870395349,0.01442864431254278,5.0
-0.05105105105105101,2.7567442836340246,1.039401644765337,-0.41417804841757205,-0.33162906428741706,-0.1432440704887208,-0.013717997393226237,0.014525097980042803,5.0
-0.049049049049049054,2.7542002936038523,1.0403685968974228,-0.415877407754262,-0.3321593761400267,-0.1427281536346842,-0.013215351905519946,0.014617513909604531,5.0
-0.0470470470470471,2.7516744060221106,1.0413252846754344,-0.41757331246838936,-0.3326804945053326,-0.14220670063251295,-0.012716583750639186,0.014705926844606853,5.0
-0.04504504504504503,2.7491663521210286,1.0422718644236835,-0.419265721667745,-0.333192447737378,-0.1416798346125453,-0.012221762979688343,0.014790374438328773,5.0
-0.04304304304304307,2.746675874636733,1.0432084854924175,-0.4209545970963841,-0.33369526581750864,-0.14114767755779195,-0.011730954485281846,0.014870897025321314,5.0
-0.041041041041041004,2.7442027272965377,1.044135290570578,-0.4226399029939488,-0.33418898022386967,-0.14061035025224605,-0.011244218147279392,0.014947537394708455,5.0
-0.03903903903903905,2.7417466742917873,1.0450524160080552,-0.4243216059549238,-0.3346736238070647,-0.14006797223882272,-0.010761608988766021,0.015020340566791582,5.0
-0.03703703703703709,2.739307489741345,1.0459599921442686,-0.4259996747887766,-0.335149230672267,-0.13952066178626038,-0.010283177340598245,0.015089353574206604,5.0
-0.03503503503503502,2.736884957150437,1.0468581436401112,-0.42767408038183563,-0.33561583606798523,-0.1389685358642954,-0.009808969012894455,0.015154625248752924,5.0
-0.033033033033033066,2.734478868869169,1.0477469898105611,-0.42934479556169103,-0.3360734762816195,-0.13841171012641437,-0.009339025471917312,0.015216206014881727,5.0
-0.031031031031030998,2.73208902555464,1.0486266449554809,-0.4310117949648031,-0.33652218854186916,-0.13785029889948294,-0.008873384020874828,0.015274147690698469,5.0
-0.02902902902902904,2.7297152356401684,1.0494972186863947,-0.4326750549079271,-0.3369620109279935,-0.13728441517955833,-0.008412077983255179,0.015328503297204163,5.0
-0.027027027027027084,2.7273573148147485,1.0503588162472712,-0.43433455326388026,-0.33739298228586806,-0.1367141706332064,-0.007955136887403928,0.015379326876371863,5.0
-0.025025025025025016,2.7250150855154573,1.0512115388275818,-0.43599026934208374,-0.33781514215072594,-0.13613967560366175,-0.007502586651151602,0.015426673318531715,5.0
-0.02302302302302306,2.7226883764351584,1.0520554838661416,-0.43764218377425046,-0.3382285306764322,-0.1355610391211961,-0.00705444976540104,0.015470598199419964,5.0
-0.02102102102102099,2.720377022047473,1.0528907453444725,-0.4392902784054977,-0.33863318857109315,-0.13497836891708698,-0.006610745475687517,0.015511157627136538,5.0
-0.019019019019019034,2.7180808621506527,1.0537174140686412,-0.44093453619111056,-0.33902915703877595,-0.13439177144061415,-0.006171489960827681,0.015548408099151785,5.0
-0.017017017017017078,2.7157997414316517,1.054535577938724,-0.44257494109910017,-0.3394164777270813,-0.13380135187854353,-0.005736696507875746,0.01558240636940742,5.0
-0.01501501501501501,2.7135335090513926,1.0553453222052491,-0.4442114780186505,-0.33979519268028735,-0.1332072141765971,-0.005306375682705042,0.015613209325469436,5.0
-0.013013013013013053,2.7112820182519446,1.0561467297121387,-0.4458441326744923,-0.3401653442977749,-0.13260946106244642,-0.004880535495629421,0.015640873875612023,5.0
-0.011011011011010985,2.7090451259860733,1.0569398811258381,-0.4474728915471846,-0.34052697529741743,-0.13200819406980402,-0.004459181561571867,0.015665456845641933,5.0
-0.009009009009009028,2.7068226925693883,1.0577248551504552,-0.4490977417992517,-0.3408801286836239,-0.13140351356322794,-0.004042317254375081,0.015687014885211376,5.0
-0.00700700700700696,2.704614581355106,1.0585017287288796,-0.4507186712070694,-0.3412248477197086,-0.13079551876329268,-0.0036299438549316225,0.015705604383315273,5.0
-0.005005005005005003,2.7024206584312673,1.0592705772299547,-0.4523356680983791,-0.3415611759042682,-0.13018430777181736,-0.003222060692887906,0.015721281392624405,5.0
-0.0030030030030030463,2.700240792340086,1.060031474621888,-0.4539487212952587,-0.34188915695124183,-0.12956997759687688,-0.0028186652817477616,0.015734101562269624,5.0
-0.0010010010010009784,2.6980748538189636,1.0607844936321578,-0.45555782006237083,-0.34220883477334046,-0.12895262417735948,-0.0024197534472662446,0.015744120078663926,5.0
0.0010010010010010895,2.6959227155625918,1.0615297058942694,-0.4571629540602818,-0.34252025346853726,-0.12833234240686478,-0.0020253194490835592,0.01575139161392689,5.0
0.0030030030030030463,2.6937842520054667,1.062267182081766,-0.4587641133036271,-0.34282345730931785,-0.12770922615676744,-0.0016353560956024152,0.015755970281461203,5.0
0.005005005005005003,2.691659339124056,1.0629969920299414,-0.4603612881238926,-0.3431184907344038,-0.1270833682983017,-0.0012498548521588922,0.015757909598221594,5.0
0.00700700700700696,2.6895478542578033,1.0637192048457702,-0.46195446913656624,-0.3434053983426733,-0.12645486072354853,-0.0008688059425794594,0.015757262453212083,5.0
0.009009009009008917,2.6874496759480984,1.0644338890065745,-0.4635436472124118,-0.34368422488901357,-0.12582379436523047,-0.0004921984442524582,0.015754081081748868,5.0
0.011011011011011096,2.685364683794309,1.0651411124479855,-0.46512881345261503,-0.3439550152818598,-0.12519025921524354,-0.0001200203768738141,0.015748417045030584,5.0
0.013013013013013053,2.6832927583259596,1.0658409426417699,-0.46670995916754554,-0.34421781458218303,-0.12455434434187393,0.00024774121494672416,0.01574032121456641,5.0
0.01501501501501501,2.6812337808901083,1.0665334466641032,-0.46828707585888735,-0.344472668003708,-0.12391613790566793,0.0006111001850107477,0.015729843761024227,5.0
0.017017017017016967,2.679187633552996,1.067218691254869,-0.4698601552048893,-0.344719620914158,-0.12327572717393746,0.0009700712145619122,0.01571703414707521,5.0
0.019019019019018923,2.677154199015019,1.0678967428685617,-0.47142918904848763,-0.3449587188373307,-0.12263319853389852,0.001324669746782232,0.01570194112382756,5.0
0.021021021021021102,2.6751333605381213,1.06856766771738,-0.472994169388072,-0.34519000745583756,-0.12198863750445432,0.001674911926503452,0.015684612730460155,5.0
0.02302302302302306,2.6731250018846926,1.0692315318070564,-0.47455508837065824,-0.3454135326143373,-0.12134212874664384,0.0020208145448756274,0.015665096296686176,5.0
0.025025025025025016,2.6711290072670923,1.0698884009659906,-0.47611193828724596,-0.3456293403231207,-0.12069375607278592,0.0023623949887302143,0.01564343844769697,5.0
0.027027027027026973,2.6691452613069493,1.0705383408682125,-0.4776647115701547,-0.3458374767619099,-0.12004360245435922,0.002699671194373026,0.015619685111257223,5.0
0.02902902902902893,2.6671736490034155,1.0711814170507,-0.47921340079212577,-0.3460379882837537,-0.11939175002866347,0.0030326616055420226,0.015593881526643682,5.0
0.03103103103103111,2.6652140557095785,1.071817694925536,-0.4807579986669994,-0.34623092141890377,-0.11873828010431273,0.003361385135267111,0.015566072255140641,5.0
0.033033033033033066,2.663266367116273,1.072447239787407,-0.4822984980517858,-0.34641632287858226,-0.11808327316561791,0.0036858611313726006,0.015536301191826864,5.0
0.03503503503503502,2.66133046924258,1.073070116816869,-0.4838348919499469,-0.3465942395585472,-0.11742680887591697,0.004006109345367748,0.015504611578408774,5.0
0.03703703703703698,2.6594062484323153,1.073686391079845,-0.4853671735157335,-0.3467647185423837,-0.11676896607991685,0.004322149904477085,0.015471046016875356,5.0
0.039039039039038936,2.6574935913558737,1.0742961275237422,-0.4868953360594164,-0.34692780710445403,-0.11610982280511017,0.004634003286569393,0.015435646483769836,5.0
0.041041041041041115,2.6555923850168033,1.0748993909705884,-0.4884193730532697,-0.34708355271244906,-0.1154494562623334,0.004941690297752024,0.015398454344891845,5.0
0.04304304304304307,2.6537025167625448,1.0754962461075548,-0.48993927813817006,-0.34723200302949275,-0.11478794284553377,0.005245232052405988,0.01535951037026244,5.0
0.04504504504504503,2.6518238742987985,1.0760867574752049,-0.4914550451306864,-0.3473732059157611,-0.11412535813081043,0.005544649955446363,0.015318854749201007,5.0
0.047047047047046986,2.6499563457070114,1.0766709894537874,-0.4929666680305426,-0.3475072094295796,-0.11346177687479886,0.005839965686601849,0.01527652710538038,5.0
0.04904904904904894,2.6480998194645293,1.0772490062478801,-0.4944741410283456,-0.34763406182797557,-0.11279727301246281,0.006131201186517292,0.015232566511741279,5.0
0.05105105105105112,2.6462541844669714,1.0778208718696545,-0.4959774585134789,-0.347753811566665,-0.1121319196543614,0.006418378644492822,0.01518701150516246,5.0
0.05305305305305308,2.6444193300524366,1.0783866501210213,-0.4974766150820712,-0.3478665072994586,-0.1114657890834543,0.00670152048768309,0.015139900100796345,5.0
0.055055055055055035,2.642595146027181,1.0789464045748927,-0.4989716055449487,-0.3479721978770792,-0.1107989527515099,0.006980649371589865,0.01509126980599268,5.0
0.05705705705705699,2.6407815226924183,1.0795001985557748,-0.5004624249355026,-0.3480709323453849,-0.11013148127517712,0.007255788171691417,0.015041157633745148,5.0
0.05905905905905895,2.638978350871958,1.080048095119894,-0.5019490685173907,-0.3481627599429982,-0.10946344443178269,0.007526959976061039,0.014989600115606141,5.0
0.06106106106106113,2.6371855219403906,1.0805901570350305,-0.5034315317920123,-0.348247730098345,-0.10879491115491298,0.007794188078836778,0.014936633314025715,5.0
0.06306306306306309,2.635402927851583,1.0811264467602306,-0.50490981050569,-0.34832589242610684,-0.1081259495298378,0.008057495974413117,0.014882292834079597,5.0
0.06506506506506504,2.633630461167252,1.0816570264255356,-0.5063839006565031,-0.3483972967230992,-0.10745662678883404,0.008316907352233862,0.014826613834559474,5.0
0.067067067067067,2.6318680150854243,1.0821819578118668,-0.5078537985007123,-0.348461992963583,-0.10678700930646344,0.008572446092073716,0.014769631038406885,5.0
0.06906906906906896,2.630115483468604,1.0827013023311851,-0.5093195005587295,-0.3485200312940257,-0.10611716259486115,0.008824136259703162,0.014711378742478265,5.0
0.07107107107107113,2.6283727608714895,1.0832151210070264,-0.5107810036205727,-0.3485714620273225,-0.1054471512990879,0.009072002102838915,0.014651890826635363,5.0
0.07307307307307309,2.6266397425681087,1.083723474455513,-0.5122383047507585,-0.3486163356364979,-0.10477703919260085,0.009316068047288116,0.014591200762160104,5.0
0.07507507507507505,2.6249163245782476,1.0842264228669225,-0.5136914012925815,-0.3486547027479002,-0.10410688917289712,0.009556358693200645,0.014529341619498273,5.0
0.077077077077077,2.623202403693074,1.084724025987884,-0.5151402908717194,-0.3486866141339066,-0.1034367632573848,0.009792898811349085,0.014466346075340057,5.0
0.07907907907907896,2.6214978774998707,1.0852163431042725,-0.516584971399115,-0.3487121207051563,-0.10276672257953715,0.010025713339360663,0.014402246419049339,5.0
0.08108108108108114,2.6198026444057976,1.0857034330248607,-0.518025441073068,-0.34873127350233124,-0.10209682738538767,0.010254827377829616,0.014337074558456625,5.0
0.0830830830830831,2.6181166036606287,1.0861853540657658,-0.5194616983804797,-0.34874412368749874,-0.10142713703042508,0.01048026618624208,0.014270862025033254,5.0
0.08508508508508505,2.616439655378415,1.0866621640357526,-0.5208937420971731,-0.34875072253503625,-0.10075770997695058,0.010702055178648057,0.014203639978466413,5.0
0.08708708708708701,2.6147717005580318,1.0871339202224122,-0.5223215712872142,-0.34875112142215375,-0.10008860379196152,0.010920219919018469,0.01413543921065696,5.0
0.08908908908908897,2.6131126411025916,1.0876006793792663,-0.5237451853011552,-0.3487453718190356,-0.09941987514563186,0.011134786116226309,0.01406629014916325,5.0
0.09109109109109115,2.611462379837698,1.0880624977138098,-0.5251645837731014,-0.34873352527861456,-0.09875157981046087,0.01134577961859315,0.013996222860115997,5.0
0.0930930930930931,2.609820820528547,1.0885194308765205,-0.5265797666165036,-0.34871563342600115,-0.09808377266116929,0.011553226407943115,0.01392526705063034,5.0
0.09509509509509506,2.6081878678958694,1.0889715339508572,-0.5279907340185702,-0.3486917479475854,-0.09741650767542641,0.01175715259310753,0.01385345207074279,5.0
0.09709709709709702,2.6065634276307463,1.0894188614442464,-0.5293974864331682,-0.3486619205798292,-0.0967498379354969,0.011957584402823834,0.013780806914901926,5.0
0.0990990990990992,2.6049474064083125,1.0898614672800802,-0.5308000245720917,-0.3486262030977749,-0.09608381563090476,0.012154548177973084,0.013707360223043282,5.0
0.10110110110110115,2.6033397119004014,1.0902994047907175,-0.5321983493945442,-0.34858464730328614,-0.09541849206221702,0.012348070363100436,0.01363314028128014,5.0
0.10310310310310311,2.6017402527871782,1.0907327267114864,-0.5335924620946875,-0.34853730501305086,-0.09475391764605907,0.012538177497163695,0.013558175022244072,5.0
0.10510510510510507,2.6001489387678323,1.0911614851756846,-0.5349823640870799,-0.34848422804636936,-0.0940901419214806,0.012724896203454884,0.013482492025110673,5.0
0.10710710710710702,2.5985656805704163,1.0915857317105573,-0.5363680569898244,-0.34842546821275727,-0.09342721355779957,0.012908253178640559,0.01340611851534819,5.0
0.1091091091091092,2.596990389960919,1.0920055172342353,-0.5377495426052321,-0.3483610772993961,-0.09276518036406257,0.01308827518086734,0.013329081364229445,5.0
0.11111111111111116,2.595422979751705,1.0924208920536003,-0.5391268228977817,-0.34829110705846605,-0.0921040893002665,0.013264989016879693,0.013251407088150148,5.0
0.11311311311311312,2.5938633638094357,1.0928319058630462,-0.5404998999691574,-0.34821560919440236,-0.09144398649049848,0.013438421528098486,0.01317312184779967,5.0
0.11511511511511507,2.5923114570626278,1.0932386077440943,-0.5418687760301183,-0.34813463535111794,-0.09078491723815928,0.013608599575610173,0.013094251447234053,5.0
0.11711711711711703,2.5907671755090194,1.0936410461658086,-0.543233453368945,-0.3480482370992439,-0.09012692604344676,0.01377555002401861,0.013014821332904452,5.0
0.11911911911911921,2.5892304362229166,1.0940392689859595,-0.5445939343161875,-0.3479564659234411,-0.08947005662328505,0.013939299724113952,0.012934856592698657,5.0
0.12112112112112117,2.5877011573627327,1.0944333234528723,-0.5459502212054348,-0.34785937320984844,-0.08881435193389645,0.014099875494315968,0.012854381955057115,5.0
0.12312312312312312,2.5861792581789267,1.0948232562078846,-0.547302316329792,-0.3477570102337333,-0.08815985419622234,0.014257304100852644,0.012773421788229891,5.0
0.12512512512512508,2.5846646590225806,1.095209113288345,-0.5486502218937567,-0.34764942814742306,-0.08750660492441018,0.014411612236639008,0.012692000099745035,5.0
0.12712712712712704,2.5831572813548553,1.0955909401310695,-0.5499939399601556,-0.3475366779686035,-0.086854644957593,0.014562826498825973,0.01261014053616427,5.0
0.12912912912912922,2.5816570477575853,1.0959687815761698,-0.5513334723917956,-0.3474188105690754,-0.08620401449519818,0.014710973364994075,0.012527866383206234,5.0
0.13113113113113117,2.5801638819452815,1.0963426818711663,-0.5526688207874701,-0.34729587666407813,-0.08555475313603023,0.014856079167973369,0.012445200566322475,5.0
0.13313313313313313,2.578677708778818,1.0967126846752986,-0.5539999864119414,-0.3471679268022886,-0.08490689992138176,0.014998170069276865,0.012362165651816134,5.0
0.1351351351351351,2.5771984542810795,1.097078833063944,-0.5553269701195211,-0.34703501135662895,-0.0842604933824351,0.015137272031143173,0.012278783848598008,5.0
0.13713713713713704,2.5757260456548585,1.0974411695330542,-0.5566497722708474,-0.34689718051601276,-0.08361557159222144,0.01527341078719133,0.012195077010678557,5.0
0.13913913913913922,2.5742604113032836,1.0977997360035243,-0.5579683926424586,-0.34675448427818567,-0.08297217222241414,0.015406611811700189,0.01211106664049904,5.0
0.14114114114114118,2.5728014808530526,1.0981545738254195,-0.5592828303287511,-0.3466069724438205,-0.08233033260523337,0.015536900287534187,0.012026773893208106,5.0
0.14314314314314314,2.571349185180748,1.0985057237819746,-0.5605930836359084,-0.3464546946120453,-0.08169008980074535,0.015664301072748014,0.011942219581993813,5.0
0.1451451451451451,2.5699034564424967,1.098853226093312,-0.5618991499673853,-0.34629770017759504,-0.08105148066983907,0.0157888386659135,0.011857424184583203,5.0
0.14714714714714705,2.5684642281072056,1.0991971204198077,-0.5632010257005324,-0.3461360383297934,-0.08041454195316425,0.015910537170224403,0.011772407851024274,5.0
0.14914914914914923,2.5670314349936207,1.0995374458650737,-0.5644987060539518,-0.3459697580535853,-0.07977931035630964,0.016029420256447303,0.011687190412865568,5.0
0.1511511511511512,2.5656050133114006,1.0998742409785074,-0.5657921849451848,-0.3457989081328587,-0.07914582264149839,0.01614551112480057,0.011601791393850204,5.0
0.15315315315315314,2.5641849007063935,1.1002075437573997,-0.5670814548383406,-0.345623537156305,-0.07851411572606638,0.016258832465857215,0.011516230022239926,5.0
0.1551551551551551,2.5627710363102696,1.1005373916485903,-0.5683665065812973,-0.34544369352608784,-0.07788422678798103,0.016369406420582797,0.011430525244883945,5.0
0.15715715715715706,2.561363360794633,1.1008638215496833,-0.5696473292321217,-0.34525942546960303,-0.07725619337864284,0.01647725453963463,0.011344695743144912,5.0
0.15915915915915924,2.5599618164296998,1.1011868698098435,-0.5709239098743872,-0.3450707810546245,-0.07663005354319487,0.016582397742065193,0.011258759950790962,5.0
0.1611611611611612,2.558566347147604,1.1015065722302213,-0.5721962334210969,-0.34487780820815206,-0.07600584594854412,0.016684856273588497,0.011172736073957835,5.0
0.16316316316316315,2.557176898610338,1.101822964064068,-0.5734642824069572,-0.3446805547392819,-0.0753836100192745,0.016784649664585944,0.011086642113279756,5.0
0.1651651651651651,2.5557934182823163,1.1021360800166065,-0.574728036768785,-0.34447906836643477,-0.07476338608159934,0.016881796688044456,0.011000495888279678,5.0
0.16716716716716706,2.5544158555074885,1.1024459542447596,-0.5759874736138911,-0.3442733967492926,-0.07414521551547165,0.016976315317637748,0.01091431506410169,5.0
0.16916916916916924,2.5530441615909103,1.1027526203568425,-0.5772425669763225,-0.34406358752579314,-0.07352914091492882,0.01706822268617827,0.010828117180657406,5.0
0.1711711711711712,2.5516782898846166,1.1030561114123298,-0.5784932875609171,-0.3438496883545433,-0.07291520625670696,0.017157535044684546,0.01074191968424694,5.0
0.17317317317317316,2.5503181958776184,1.1033564599218468,-0.5797396024751861,-0.3436317469630159,-0.07230345707711337,0.01724426772232533,0.010655739961701778,5.0
0.1751751751751751,2.5489638372897954,1.1036536978475167,-0.5809814749491073,-0.34340981120189024,-0.07169394065709135,0.017328435087517503,0.010569595377081548,5.0
0.17717717717717707,2.5476151741694184,1.103947856603824,-0.582218864043003,-0.343183929105898,-0.07108670621535641,0.0174100505104703,0.010483503310940617,5.0
0.17917917917917925,2.5462721689940078,1.104238967059152,-0.5834517243437399,-0.3429541489615246,-0.07048180510941918,0.017489126327481935,0.010397481202162096,5.0
0.1811811811811812,2.5449347867741774,1.1045270595381522,-0.5846800056495964,-0.34272051938191117,-0.0698792910442447,0.017565673807308103,0.010311546592337002,5.0
0.18318318318318316,2.5436029951601102,1.1048121638251254,-0.585903652644228,-0.34248308938927674,-0.06927922028822539,0.01763970311993236,0.010225717172645058,5.0
0.18518518518518512,2.5422767645502633,1.1050943091685503,-0.5871226045602559,-0.34224190850517267,-0.06868165189607031,0.017711223308078415,0.010140010833170976,5.0
0.18718718718718708,2.5409560682018757,1.1053735242869356,-0.5883367948331214,-0.34199702684884126,-0.06808664793813192,0.017780242261811758,0.01005444571456521,5.0
0.18918918918918926,2.5396408823428445,1.1056498373761343,-0.5895461507459429,-0.3417484952439351,-0.06749427373560891,0.017846766696583267,0.00996904026193338,5.0
0.1911911911911912,2.5383311862845024,1.105923276118243,-0.5907505930662291,-0.3414963653338007,-0.0669045981009751,0.017910802135070427,0.009883813280811048,5.0
0.19319319319319317,2.5370269625348225,1.1061938676922107,-0.5919500356754239,-0.34124068970550264,-0.06631769358289484,0.017972352893171867,0.009798783995053155,5.0
0.19519519519519513,2.5357281969115744,1.106461638786249,-0.5931443851923606,-0.3409815220227055,-0.06573363671479228,0.018031422070508736,0.00971397210643846,5.0
0.19719719719719708,2.534434878654932,1.1067266156121056,-0.5943335405918377,-0.34071891716748315,-0.06515250826614642,0.018088011545780137,0.009629397855760021,5.0
0.19919919919919926,2.533147000539054,1.106988823921256,-0.5955173928196382,-0.34045293139105937,-0.06457439349548842,0.018142121977311815,0.009545082085142782,5.0
0.20120120120120122,2.5318645589821402,1.107248289023015,-0.5966958244054386,-0.3401836224734236,-0.06399938240398109,0.018193752809124112,0.009461046301299255,5.0
0.20320320320320318,2.530587554154488,1.1075050358045606,-0.5978687090751739,-0.3399110498916869,-0.06342756998836444,0.018242902282830174,0.009377312739403985,5.0
0.20520520520520513,2.5293159900840645,1.107759088752811,-0.5990359113645416,-0.3396352749969713,-0.06285905649195564,0.018289567455655707,0.00929390442723775,5.0
0.2072072072072071,2.528049874759126,1.108010471978076,-0.6001972862354437,-0.3393563611995403,-0.06229394765230117,0.01833374422484798,0.009210845249222796,5.0
0.20920920920920927,2.526789220227426,1.1082592092393584,-0.6013526786972762,-0.3390743741617896,-0.06173235494398797,0.01837542735871566,0.009128160009942139,5.0
0.21121121121121122,2.5255340426915494,1.1085053239711669,-0.6025019234350816,-0.3387893819986277,-0.06117439581503741,0.018414610534509015,0.009045874496708172,5.0
0.21321321321321318,2.524284362599917,1.1087488393116438,-0.6036448444466855,-0.3385014554846781,-0.06062019391522664,0.01845128638331622,0.00896401554072,5.0
0.21521521521521514,2.523040204733028,1.1089897781318077,-0.6047812546910221,-0.33821066826763807,-0.06006987931461043,0.018485446542112077,0.008882611076324518,5.0
0.21721721721721732,2.521801598284469,1.1092281630656786,-0.6059109557499491,-0.3379170970870269,-0.0595235887104533,0.01851708171305327,0.00880169019787401,5.0
0.21921921921921927,2.520568576936247,1.109464016541022,-0.6070337375059163,-0.3376208219974537,-0.058981465620727945,0.01854618173006862,0.008721283213653813,5.0
0.22122122122122123,2.5193411789279634,1.109697360810451,-0.6081493778379257,-0.3373219265954376,-0.05844366056229269,0.018572735632742324,0.008641421696336032,5.0
0.2232232232232232,2.518119447119353,1.1099282179826058,-0.609257642338269,-0.3370204982487048,-0.05791033121183024,0.018596731747436295,0.00856213852940232,5.0
0.22522522522522515,2.516903429045679,1.1101566100531184,-0.6103582840525649,-0.33671662832679516,-0.057381642547612154,0.01861815777554147,0.008483467948968275,5.0
0.22722722722722732,2.5156931769654296,1.1103825589351042,-0.6114510432456475,-0.33641041243171155,-0.056857766970151075,0.018637000888690098,0.008405445580436472,5.0
0.22922922922922928,2.5144887478997653,1.1106060864888785,-0.6125356471958615,-0.3361019506272544,-0.05633888439981412,0.018653247830700673,0.008328108469403215,5.0
0.23123123123123124,2.5132902036630806,1.1108272145506748,-0.6136118100203197,-0.3357913476656051,-0.05582518234950126,0.018666885025965387,0.008251495106247626,5.0
0.2332332332332332,2.5120976108840445,1.1110459649601114,-0.6146792325336435,-0.33547871320963524,-0.055316855970538606,0.01867789869392737,0.008175645443840102,5.0
0.23523523523523515,2.5109110410163957,1.1112623595862101,-0.6157376021426758,-0.33516416204936395,-0.054814108070001026,0.018686274969231642,0.0081006009078213,5.0
0.23723723723723733,2.509730570338755,1.1114764203517884,-0.6167865927795823,-0.33484781431091193,-0.05431714909776232,0.018692000027071456,0.008026404398922691,5.0
0.2392392392392393,2.5085562799426517,1.1116881692560976,-0.6178258648756845,-0.3345297956562688,-0.05382619710167372,0.018695060213189514,0.0079531002868259,5.0
0.24124124124124124,2.507388255707916,1.1118976283956041,-0.6188550653782683,-0.3342102374721503,-0.05334147764939368,0.018695442177934375,0.00788073439509071,5.0
0.2432432432432432,2.5062265882645547,1.1121048199828687,-0.6198738278124761,-0.3338892770462001,-0.05286322371553229,0.018693133013714842,0.007809353976720815,5.0
0.24524524524524516,2.505071372940194,1.112309766363507,-0.620881772390264,-0.3335670577287882,-0.052391675532934626,0.01868812039514137,0.007739007679982047,5.0
0.24724724724724734,2.5039227096921395,1.112512490031274,-0.6218785061682308,-0.3332437290786683,-0.05192708040710572,0.01868039272109401,0.007669745504140655,5.0
0.2492492492492493,2.5027807030230957,1.112713013641345,-0.6228636232559439,-0.3329194469907808,-0.05146969249297712,0.018669939257911643,0.007601618744848096,5.0
0.25125125125125125,2.5016454618795803,1.1129113600219218,-0.6238367050761787,-0.33259437380452855,-0.05101977253342752,0.018656750282857695,0.007534679928964286,5.0
0.2532532532532532,2.5005170995320896,1.1131075521843095,-0.6247973206782599,-0.33226867839091656,-0.050577587559200825,0.018640817226984657,0.00746898273868268,5.0
0.25525525525525516,2.499395733436093,1.1133016133316658,-0.6257450271054458,-0.3319425362170154,-0.05014341055010781,0.018622132816492946,0.007404581924897841,5.0
0.25725725725725734,2.4982814850729773,1.1134935668666386,-0.6266793698170235,-0.3316161293863049,-0.049717520057655465,0.018600691211660428,0.007341533209837606,5.0
0.2592592592592593,2.497174479770138,1.1136834363981374,-0.6275998831655017,-0.3312896466535613,-0.04930019978951437,0.01857648814240667,0.00727989317906886,5.0
0.26126126126126126,2.4960748464994875,1.1138712457475066,-0.6285060909289693,-0.3309632834130686,-0.048891738156512966,0.0185495210395516,0.007219719163075094,5.0
0.2632632632632632,2.4949827176537585,1.114057018954364,-0.6293975068983784,-0.33063724165908354,-0.048492427783129864,0.01851978916083227,0.007161069108696793,5.0
0.26526526526526517,2.493898228800102,1.1142407802823968,-0.6302736355191607,-0.33031172991762286,-0.04810256498274368,0.01848729371075208,0.007104001440819117,5.0
0.26726726726726735,2.492821518410624,1.1144225542253867,-0.6311339725862365,-0.3299869631488111,-0.04772244919918885,0.018452037953356697,0.0070485749147862495,5.0
0.2692692692692693,2.491752727569649,1.1146023655137358,-0.6319780059911189,-0.32966316261920103,-0.047352382416455556,0.01841402731705733,0.006994848460115135,5.0
0.27127127127127126,2.4906919996577015,1.1147802391217498,-0.6328052165194342,-0.32934055574366017,-0.04699266853865545,0.018373269490657068,0.00694288101617378,5.0
0.2732732732732732,2.4896394800123636,1.114956200275913,-0.633615078696814,-0.3290193758966103,-0.04664361274265304,0.018329774509777325,0.006892731360578425,5.0
0.2752752752752752,2.4885953155663847,1.1151302744643623,-0.6344070616807282,-0.3286998621926009,-0.04630552080603081,0.018283554832930177,0.006844457931148875,5.0
0.27727727727727736,2.4875596544636336,1.1153024874477353,-0.6351806301954567,-0.32838225923640235,-0.045978698413310856,0.018234625406537565,0.006798118642341354,5.0
0.2792792792792793,2.4865326456537145,1.1154728652715313,-0.6359352455070293,-0.32806681684300687,-0.04566345044359541,0.018183003718259563,0.006753770697152134,5.0
0.28128128128128127,2.4855144384662995,1.1156414342800696,-0.6366703664345903,-0.327753789728123,-0.04536008024300781,0.018128709838060357,0.0067114703955512695,5.0
0.2832832832832832,2.4845051821664703,1.1158082211320965,-0.6373854503943169,-0.3274434371699617,-0.04506888888551512,0.018071766446513222,0.00667127294056462,5.0
0.2852852852852852,2.483505025492609,1.1159732528180337,-0.6380799544716766,-0.327136022643299,-0.04479017442588567,0.01801219884992143,0.0066332322431714805,5.0
0.28728728728728736,2.482514116178615,1.116136556678789,-0.63875333651751,-0.3268318134269969,-0.04452423114868219,0.017950034981913006,0.006597400727224864,5.0
0.2892892892892893,2.4815326004624625,1.1162981604260287,-0.6394050562631423,-0.3265310801863475,-0.044271348817307384,0.017885305391251126,0.006563829135631029,5.0
0.2912912912912913,2.4805606225833485,1.1164580921636984,-0.6400345764494916,-0.32623409653177743,-0.04403181192720386,0.01781804321568875,0.006532566339043869,5.0
0.29329329329329323,2.4795983242698987,1.1166163804105658,-0.6406413639649077,-0.32594113855561335,-0.04380589896736152,0.01774828414178522,0.006503659148337038,5.0
0.2952952952952952,2.4786458442221067,1.1167730541234602,-0.6412248909863236,-0.32565248434875843,-0.04359388169430278,0.017676066350693347,0.006477152132113763,5.0
0.29729729729729737,2.477703317589873,1.1169281427208375,-0.641784636118156,-0.32536841349926315,-0.043396024422695745,0.017601430450017202,0.006453087440498949,5.0
0.2992992992992993,2.476770875451181,1.1170816761062305,-0.6423200855233009,-0.32508920657489415,-0.04321258333669008,0.017524419391932836,0.006431504636432348,5.0
0.3013013013013013,2.475848644293094,1.1172336846910917,-0.6428307340405405,-0.3248151445919058,-0.04304380582597833,0.01744507837785604,0.006412440535644249,5.0
0.30330330330330324,2.474936745498875,1.1173841994164788,-0.6433160862826689,-0.3245465084723006,-0.04288992985045653,0.017363454750031114,0.006395929056446623,5.0
0.3053053053053052,2.47403529484462,1.117533251772983,-0.6437756577097077,-0.3242835784919355,-0.04275118333719357,0.01727959787050379,0.006382001080414186,5.0
0.3073073073073074,2.4731444020088555,1.1176808738182604,-0.6442089756716787,-0.32402663372187035,-0.04262778361322226,0.017193558988026218,0.006370684324960678,5.0
0.30930930930930933,2.4722641700985646,1.1178270981915046,-0.6446155804155543,-0.3237759514653837,-0.04251993687743379,0.01710539109352449,0.00636200322873729,5.0
0.3113113113113113,2.4713946951950887,1.1179719581241603,-0.6449950260512053,-0.3235318066930924,-0.042427837714597995,0.017015148764836344,0.006355978850692334,5.0
0.31331331331331325,2.470536065923293,1.118115487446188,-0.645346881471401,-0.3232944714785918,-0.042351668654245,0.016922888001498146,0.0063526287835357215,5.0
0.3153153153153152,2.46968836304728,1.1182577205871815,-0.6456707312212089,-0.32306421443700994,-0.04229159977683206,0.01682866605042658,0.00635196708224816,5.0
0.3173173173173174,2.4688516590957787,1.11839869257167,-0.6459661763124528,-0.32284130016881407,-0.04224778836928831,0.016732541223397665,0.006354004208164547,5.0
0.31931931931931934,2.4680260180201614,1.1185384390079791,-0.6462328349792602,-0.322625988711147,-0.04222037863168139,0.016634572707276547,0.006358746989044896,5.0
0.3213213213213213,2.467211494887785,1.1186769960700613,-0.6464703433711,-0.3224185349988864,-0.0422095014363878,0.01653482036799233,0.006366198595424802,5.0
0.32332332332332325,2.4664081356130816,1.1188144004718055,-0.6466783561801506,-0.3222191883375223,-0.04221527414077919,0.016433344549283604,0.006376358533412035,5.0
0.3253253253253252,2.4656159767285013,1.1189506894334138,-0.6468565472002455,-0.3220281918898415,-0.0422378004540609,0.0163302058672616,0.006389222653967166,5.0
0.3273273273273274,2.464835045197036,1.1190859006395446,-0.6470046098151232,-0.32184578217828097,-0.04227717035852367,0.016225465001848027,0.006404783178575749,5.0
0.32932932932932935,2.464065358267661,1.1192200721890533,-0.6471222574141539,-0.32167218860468366,-0.04233346008509766,0.016119182486143725,0.006423028741087869,5.0
0.3313313313313313,2.4633069233745992,1.1193532425363077,-0.6472092237341922,-0.32150763298904794,-0.042406732142732224,0.016011418494772344,0.006443944445370127,5.0
0.33333333333333326,2.4625597380808477,1.1194854504242089,-0.6472652631266842,-0.32135232912871514,-0.0424970354007729,0.015902232632219456,0.006467511938285027,5.0
0.3353353353353352,2.4618237900659365,1.1196167348092145,-0.6472901507496105,-0.32120648237928673,-0.04260440522316753,0.01579168372215299,0.006493709497386431,5.0
0.3373373373373374,2.461099057157393,1.119747134778848,-0.6472836826843272,-0.32107028925840947,-0.04272886365301242,0.01567982959866621,0.006522512132597078,5.0
0.33933933933933935,2.4603855074048986,1.1198766894623442,-0.6472456759778079,-0.3209439370734078,-0.04287041964564918,0.015566726900329383,0.0065538917010174984,5.0
0.3413413413413413,2.4596830991956318,1.1200054379352693,-0.6471759686112316,-0.3208276035735918,-0.04302906934824494,0.015452430867873316,0.00658781703390623,5.0
0.34334334334334327,2.4589917814088214,1.1201334191191148,-0.6470744193962856,-0.3207214566279097,-0.0432047964235346,0.01533699514625702,0.006624254074770274,5.0
0.3453453453453452,2.458311493607092,1.120260671677032,-0.6469409078009534,-0.32062565392846876,-0.04339757241517581,0.015220471591795334,0.006663166027414366,5.0
0.3473473473473474,2.457642166261771,1.120387233907015,-0.6467753337069434,-0.3205403427203031,-0.04360735715196648,0.015102910084942101,0.00670451351271881,5.0
0.34934934934934936,2.456983721008964,1.120513143633943,-0.6465776171012746,-0.3204656595576237,-0.04383409918799878,0.014984358349240808,0.006748254732849708,5.0
0.3513513513513513,2.4563360709329016,1.120638438101997,-0.6463476977048743,-0.3204017300866618,-0.04407773627567596,0.014864861776872703,0.006794345641554728,5.0
0.35335335335335327,2.4556991208728163,1.120763153869023,-0.64608553454136,-0.32034866885508484,-0.044338195868396525,0.0147444632611497,0.006842740119161441,5.0
0.35535535535535545,2.455072767749443,1.1208873267044004,-0.6457911054494639,-0.3203065791478529,-0.044615395649613865,0.01462320303622237,0.006893390150876566,5.0
0.3573573573573574,2.45445690090713,1.1210109914919937,-0.6454644065428308,-0.32027555284927267,-0.044909244084908095,0.014501118524200654,0.006946246006982377,5.0
0.35935935935935936,2.4538514024675506,1.121134182139663,-0.6451054516211484,-0.32025567033090585,-0.04521964099365808,0.014378244189819098,0.007001256423542354,5.0
0.3613613613613613,2.45325614769106,1.1212569314967227,-0.6447142715367982,-0.32024700036489856,-0.04554647813687732,0.014254611402721632,0.007058368782261229,5.0
0.3633633633633633,2.452671005341896,1.1213792712805695,-0.6442909135213789,-0.32024960006220776,-0.045889639817771805,0.014130248307392275,0.0071175292881952516,5.0
0.36536536536536546,2.452095838053649,1.121501232013533,-0.6438354404766282,-0.3202635148351234,-0.04624900349159432,0.01400517970071985,0.007178683144074636,5.0
0.3673673673673674,2.4515305026917047,1.1216228429707635,-0.6433479302343748,-0.3202887783834127,-0.0466244403814057,0.013879426917155994,0.0072417747200825226,5.0
0.36936936936936937,2.450974850709733,1.1217441321397201,-0.6428284747902556,-0.32032541270333587,-0.04701581609640583,0.013753007721405863,0.007306747718029602,5.0
0.37137137137137133,2.4504287284976876,1.121865126191576,-0.6422771795159846,-0.3203734281187221,-0.04742299124957054,0.013625936208579938,0.007373545328970218,5.0
0.3733733733733733,2.449891977719219,1.1219858504645464,-0.641694162354968,-0.32043282333322426,-0.04784582207141849,0.013498222711730982,0.007442110383422016,5.0
0.37537537537537546,2.4493644356368653,1.1221063289588775,-0.6410795530060622,-0.3205035855028119,-0.04828416101683976,0.013369873716701518,0.007512385493472855,5.0
0.3773773773773774,2.448845935423856,1.1222265843429613,-0.6404334921001854,-0.3205856903274944,-0.04873785736204099,0.01324089178421145,0.007584313186185365,5.0
0.3793793793793794,2.4483363064618127,1.1223466379697593,-0.6397561303744089,-0.32067910216120266,-0.04920675778880283,0.013111275479121234,0.0076578360278360905,5.0
0.38138138138138133,2.447835374624066,1.1224665099025148,-0.639047627848012,-0.32078377413870135,-0.049690706953403996,0.012981019306810764,0.007732896738651629,5.0
0.3833833833833833,2.4473429625447327,1.1225862189485012,-0.6383081530047844,-0.3208996483183269,-0.050189548037739395,0.012850113656615161,0.007809438297824393,5.0
0.38538538538538547,2.4468588898740093,1.122705782699413,-0.6375378819856617,-0.32102665583929885,-0.05070312328035338,0.012718544752254632,0.007887404038704238,5.0
0.3873873873873874,2.4463829735204694,1.1228252175768851,-0.6367369977954906,-0.3211647170922706,-0.05123127448531403,0.012586294609184324,0.007966737734166368,5.0
0.3893893893893894,2.4459150278813637,1.1229445388815553,-0.6359056895274491,-0.3213137419017418,-0.05177384350707846,0.012453340998770285,0.008047383672249123,5.0
0.39139139139139134,2.4454548650620924,1.1230637608440766,-0.635044151608304,-0.32147362971887916,-0.05233067270973441,0.012319657419167972,0.00812928672223642,5.0
0.3933933933933933,2.4450022950861072,1.1231828966765234,-0.634152583067341,-0.3216442698232489,-0.052901605399252136,0.012185213072741155,0.008212392391427419,5.0
0.3953953953953955,2.444557126096535,1.1233019586227042,-0.6332311868314349,-0.32182554153190857,-0.05348648622763898,0.01204997284980966,0.0082966468728907,5.0
0.39739739739739743,2.4441191645507665,1.1234209580060344,-0.6322801690483255,-0.32201731441426223,-0.05408516156815466,0.011913897318457234,0.008381997084541652,5.0
0.3993993993993994,2.4436882154091637,1.1235399052737733,-0.6312997384397938,-0.32221944851105344,-0.05469747986101657,0.011776942720065275,0.008468390699910844,5.0
0.40140140140140135,2.4432640823189025,1.1236588100366378,-0.6302901056860101,-0.3224317945558424,-0.05532329192929537,0.01163906097016793,0.008555776170988546,5.0
0.4034034034034033,2.4428465677937723,1.1237776811029956,-0.6292514828419611,-0.32265419419730457,-0.05596245126497217,0.011500199664149556,0.008644102743538386,5.0
0.4054054054054055,2.4424354733905673,1.12389652650709,-0.62818408278647,-0.3228864802206911,-0.056614814285390704,0.011360302087231442,0.008733320465272101,5.0
0.40740740740740744,2.442030599882465,1.1240153535309703,-0.6270881187039723,-0.3231284767668073,-0.05728024056059354,0.011219307228121929,0.00882338018726976,5.0
0.4094094094094094,2.441631747429579,1.1241341687200246,-0.6259638035988693,-0.323379999546896,-0.057958593012269924,0.01107714979563676,0.008914233559017604,5.0
0.41141141141141135,2.4412387157466475,1.124252977892225,-0.6248113498419812,-0.3236408560518693,-0.05864973808526725,0.010933760237537084,0.009005833017419706,5.0
0.4134134134134133,2.44085130426763,1.1243717861414029,-0.6236309687483349,-0.32391084575439,-0.059353545892819236,0.01078906476078353,0.009098131770122565,5.0
0.4154154154154155,2.4404693123068033,1.1244905978350224,-0.6224228701852926,-0.32418976030239427,-0.06006989033682258,0.010642985352368873,0.009191083773473585,5.0
0.41741741741741745,2.4400925392158164,1.12460941660707,-0.6211872622098032,-0.32447738370274504,-0.0607986492046451,0.010495439799870488,0.009284643705417645,5.0
0.4194194194194194,2.4397207845360596,1.1247282453467857,-0.6199243507333992,-0.3247734924938186,-0.06153970424407139,0.010346341710858487,0.009378766933619576,5.0
0.42142142142142136,2.4393538481456303,1.1248470861840263,-0.6186343392134157,-0.3250778559059653,-0.06229294121808485,0.010195600530307472,0.009473409479085827,5.0
0.4234234234234233,2.4389915304001657,1.1249659404721037,-0.617317428368808,-0.325390236008924,-0.06305824994124498,0.010043121555188635,0.009568527975545698,5.0
0.4254254254254255,2.4386336322668116,1.1250848087689385,-0.6159738159188584,-0.3257103878454298,-0.06383552429944928,0.009888805945464773,0.009664079624840094,5.0
0.42742742742742745,2.438279955450654,1.1252036908173522,-0.6146036963430296,-0.3260380595504216,-0.0646246622548661,0.009732550730772324,0.009760022148554167,5.0
0.4294294294294294,2.4379303025130015,1.1253225855252804,-0.6132072606601855,-0.3263729924554333,-0.06542556583779283,0.009574248812150656,0.009856313736118087,5.0
0.43143143143143137,2.4375844769810247,1.125441490946604,-0.6117846962254005,-0.32671492117793066,-0.0662381411271301,0.009413788958266668,0.009952912989586045,5.0
0.4334334334334333,2.4372422834483634,1.1255604042632374,-0.6103361865425947,-0.3270635736955458,-0.06706229822107534,0.009251055795681478,0.010049778865287571,5.0
0.4354354354354355,2.4369035276664466,1.1256793217689889,-0.6088619110912588,-0.32741867140534375,-0.06789795119952265,0.009085929792811288,0.010146870612525194,5.0
0.43743743743743746,2.4365680166264085,1.1257982388556234,-0.6073620451655594,-0.3277799291684421,-0.0687450180795195,0.008918287237344714,0.010244147709467917,5.0
0.4394394394394394,2.4362355586316222,1.1259171500014364,-0.6058367597241763,-0.32814705534048405,-0.06960342076497542,0.008748000206990411,0.010341569796359952,5.0
0.4414414414414414,2.4359059633609914,1.1260360487625654,-0.6042862212492607,-0.3285197517886408,-0.07047308499164452,0.008574936533539357,0.010439096606128608,5.0
0.44344344344344333,2.435579041923275,1.1261549277671339,-0.6027105916129538,-0.32889771389597733,-0.0713539402682189,0.00839895976033164,0.010536687892432976,5.0
0.4454454454454455,2.435254606902816,1.126273778712263,-0.601110027949972,-0.3292806305541738,-0.07224591981417693,0.008219929093317518,0.010634303355147047,5.0
0.44744744744744747,2.434932472397135,1.1263925923638753,-0.5994846825348057,-0.32966818414572235,-0.07314896049482889,0.00803769934599194,0.01073190256321666,5.0
0.4494494494494494,2.434612454046919,1.126511358559169,-0.5978347026621428,-0.33006005051684667,-0.07406300275380145,0.007852120878560765,0.01082944487477084,5.0
0.4514514514514514,2.4342943690589824,1.1266300662115694,-0.5961602305291865,-0.33045589894248145,-0.07498799054300102,0.007663039531762621,0.0109268893543043,5.0
0.45345345345345334,2.4339780362228147,1.126748703317913,-0.594461403118588,-0.33085539208473125,-0.07592387124989823,0.007470296555821953,0.01102419468668166,5.0
0.4554554554554555,2.433663275921321,1.1268672569676175,-0.5927383520807902,-0.33125818594628176,-0.07687059562178614,0.007273728535045539,0.011121319087645801,5.0
0.4574574574574575,2.433349910136367,1.1269857133535117,-0.5909912036146362,-0.33166392982025916,-0.07782811768648465,0.007073167308595691,0.011218220210445162,5.0
0.45945945945945943,2.433037762449707,1.127104057784065,-0.589220078345175,-0.3320722662380452,-0.07879639466879332,0.0068684398879790085,0.011314855048127816,5.0
0.4614614614614614,2.4327266580398237,1.1272222746966738,-0.5874250911976776,-0.3324828309165174,-0.07977538690184262,0.006659368371780165,0.011411179830987977,5.0
0.46346346346346334,2.432416423675168,1.1273403476717339,-0.5856063512669709,-0.33289525270614634,-0.08076505773235247,0.006445769858145768,0.011507149918592289,5.0
0.4654654654654655,2.432106887704212,1.127458259447194,-0.5837639616812927,-0.33330915354129076,-0.08176537341868693,0.006227456355485988,0.011602719685762177,5.0
0.4674674674674675,2.431797880042649,1.1275759919333344,-0.5818980194599909,-0.3337241483939315,-0.08277630302049009,0.006004234691811486,0.011697842401845196,5.0
0.46946946946946944,2.4314892321580084,1.1276935262275045,-0.5800086153645104,-0.33413984523195067,-0.08379781827860369,0.005775906423061827,0.011792470102573884,5.0
0.4714714714714714,2.431180777051861,1.12781084262861,-0.5780958337422459,-0.3345558449829054,-0.08482989348390196,0.005542267740710867,0.011886553453785831,5.0
0.47347347347347357,2.430872349239701,1.1279279206511368,-0.5761597523629975,-0.3349717415040725,-0.08587250533363529,0.00530310937885561,0.011980041606264839,5.0
0.47547547547547553,2.4305637847285153,1.1280447390385295,-0.5742004422479009,-0.33538712155933054,-0.08692563277384574,0.0050582165209094275,0.012072882040958492,5.0
0.4774774774774775,2.430254920991965,1.128161275775789,-0.5722179674908924,-0.33580156480323786,-0.08798925682641338,0.004807368705929494,0.01216502040383384,5.0
0.47947947947947944,2.429945596943026,1.1282775081011334,-0.5702123850729253,-0.33621464377243404,-0.08906336039930149,0.0045503397345142095,0.012256400329648963,5.0
0.4814814814814814,2.429635652903872,1.128393412516631,-0.5681837446693196,-0.3366259238842392,-0.09014792807859728,0.004286897574108961,0.012346963253941932,5.0
0.4834834834834836,2.4293249305727174,1.128508964797701,-0.5661320884508139,-0.33703496344208905,-0.09124294590099008,0.0040168042634604675,0.012436648212571177,5.0
0.48548548548548554,2.4290132729872957,1.1286241400014057,-0.5640574508790309,-0.33744131364718094,-0.0923484011053862,0.003739815815861182,0.012525391628178747,5.0
0.4874874874874875,2.428700524484604,1.1287389124734706,-0.561959858497231,-0.3378445186154484,-0.09346428186243173,0.0034556821207267865,0.01261312708298994,5.0
0.48948948948948945,2.428386530656527,1.1288532558539661,-0.5598393297173553,-0.3382441153987389,-0.09459057698079862,0.0031641468429526552,0.01269978507740692,5.0
0.4914914914914914,2.4280711383009295,1.128967143081619,-0.5576958746044713,-0.33863963400881336,-0.09572727558917939,0.0028649473193987115,0.012785292773898326,5.0
0.4934934934934936,2.4277541953678217,1.1290805463966875,-0.5555294946598229,-0.3390305974425596,-0.09687436679303775,0.002557814451758204,0.012869573725728898,5.0
0.49549549549549554,2.427435550900192,1.1291934373423869,-0.5533401826037279,-0.33941652170658276,-0.09803183930526602,0.0022424725949729647,0.012952547590111201,5.0
0.4974974974974975,2.4271150549691427,1.129305786764819,-0.5511279221595989,-0.33979691583913874,-0.09919968105000958,0.001918639440267802,0.013034129825394022,5.0
0.49949949949949946,2.4267925586029757,1.1294175648113884,-0.548892687840331,-0.34017128192718565,-0.10037787873902586,0.0015860258917890467,0.013114231371925716,5.0
0.5015015015015014,2.42646791370995,1.1295287409276777,-0.5466344447382463,-0.3405391151161734,-0.10156641742005497,0.001244335935747979,0.01319275831624634,5.0
0.5035035035035036,2.426140972994453,1.1296392838527647,-0.5443531483196944,-0.3408999036100566,-0.1027652799967805,0.0008932665008904228,0.013269611538268451,5.0
0.5055055055055055,2.4258115898664308,1.129749161612953,-0.5420487442252656,-0.3412531286589074,-0.10397444672005383,0.0005325073090393195,0.01334468634110013,5.0
0.5075075075075075,2.425479618343981,1.1298583415138843,-0.5397211680764178,-0.34159826453143927,-0.10519389465014292,0.00016174071439000064,0.013417872063149639,5.0
0.5095095095095095,2.4251449129491207,1.1299667901309964,-0.537370345289121,-0.34193477846970166,-0.10642359708983667,-0.00021935846982077103,0.01348905167212352,5.0
0.5115115115115114,2.4248073285968115,1.1300744732982562,-0.5349961908948972,-0.34226213062320365,-0.10766352298829368,-0.0006111231586998794,0.013558101340494401,5.0
0.5135135135135136,2.424466720477445,1.130181356095114,-0.5325986093693993,-0.3425797739597426,-0.10891363631556054,-0.0010138941986027419,0.013624890001967002,5.0
0.5155155155155156,2.424122943933053,1.1302874028315844,-0.5301774944684098,-0.3428871541502719,-0.11017389540770454,-0.0014280205870494612,0.01368927888841438,5.0
0.5175175175175175,2.42377585432758,1.1303925770313794,-0.5277327290708805,-0.3431837094252198,-0.11144425228249578,-0.0018538597111563383,0.013751121046689053,5.0
0.5195195195195195,2.4234253069116,1.1304968414130168,-0.5252641850283611,-0.34346887039979024,-0.11272465192554855,-0.0022917776060868565,0.01381026083463722,5.0
0.5215215215215214,2.4230711566818695,1.1306001578688374,-0.5227717230199105,-0.34374205986590556,-0.1140150315467729,-0.00274214923501158,0.01386653339555802,5.0
0.5235235235235236,2.422713258236094,1.1307024874419025,-0.5202551924113316,-0.34400269254861754,-0.11531531980690767,-0.0032053587920378916,0.013919764110254916,5.0
0.5255255255255256,2.4223514656232665,1.1308037903007482,-0.5177144311173569,-0.34425017482499387,-0.11662543601379712,-0.0036818000295260446,0.013969768025725152,5.0
0.5275275275275275,2.421985632189892,1.130904025712009,-0.5151492654652268,-0.34448390440369225,-0.11794528928793946,-0.004171876611147236,0.014016349259425203,5.0
0.5295295295295295,2.421615610422371,1.1310031520109116,-0.5125595100579544,-0.3447032699636527,-0.1192747776966723,-0.00467600249196127,0.014059300377940393,5.0
0.5315315315315314,2.421241251785804,1.1311011265696276,-0.5099449676354815,-0.34490765075057156,-0.12061378735617245,-0.005194602326694432,0.014098401748774431,5.0
0.5335335335335336,2.420862406559453,1.1311979057634334,-0.5073054289318697,-0.34509641613005576,-0.1219621915002324,-0.00572811190728518,0.014133420863862035,5.0
0.5355355355355356,2.4204789236691013,1.1312934449345597,-0.504640672526669,-0.3452689250965933,-0.12331984951454007,-0.006276978630635326,0.01416411163329473,5.0
0.5375375375375375,2.420090650516535,1.1313876983535813,-0.5019504646886129,-0.3454245257376889,-0.12468660593492781,-0.006841661997365199,0.014190213647633334,5.0
0.5395395395395395,2.4196974328063083,1.1314806191781097,-0.49923455920983023,-0.3455625546527122,-0.12606228940778447,-0.0074226341422260625,0.014211451407057396,5.0
0.5415415415415414,2.4192991143698546,1.131572159408607,-0.49649269722878864,-0.34568233632615514,-0.1274467116105379,-0.008020380396681811,0.014227533515466486,5.0
0.5435435435435436,2.418895536986801,1.131662269841109,-0.493724607040212,-0.3457831824551109,-0.12883966612982395,-0.008635399884040114,0.014238151837495144,5.0
0.5455455455455456,2.418486540203072,1.1317509000168062,-0.49093000389022184,-0.34586439123085033,-0.13024092729467332,-0.009268206147398235,0.01424298061622838,5.0
0.5475475475475475,2.4180719611450487,1.131837998168495,-0.4881085897549396,-0.34592524657438395,-0.13165024896176206,-0.009919327810572373,0.014241675549206216,5.0
0.5495495495495495,2.417651634328714,1.1319235111640664,-0.48526005310078646,-0.34596501732588364,-0.1330673632495081,-0.010589309272099771,0.014233872820086445,5.0
0.5515515515515514,2.4172253914624524,1.1320073844472491,-0.48238406862472355,-0.3459829563877853,-0.13449197921754139,-0.011278711432332948,0.014219188083100274,5.0
0.5535535535535536,2.416793061242049,1.132089561975801,-0.4794802969726885,-0.34597829982131884,-0.13592378148783715,-0.011988112453574864,0.014197215397195779,5.0
0.5555555555555556,2.4163544691364947,1.1321699861571635,-0.47654838443456926,-0.3459502658961346,-0.13736242880358307,-0.012718108553118732,0.014167526106527857,5.0
0.5575575575575575,2.415909437163477,1.1322485977813168,-0.4735879626141014,-0.3458980540925735,-0.1388075525216349,-0.013469314828947487,0.014129667663726532,5.0
0.5595595595595595,2.4154577836538174,1.132325335950136,-0.47059864807215435,-0.345820844055985,-0.14025875503421525,-0.014242366117709859,0.014083162392158581,5.0
0.5615615615615615,2.4149993230045546,1.1324001380021755,-0.4675800419418547,-0.34571779450227536,-0.14171560811531247,-0.015037917884423808,0.014027506183177538,5.0
0.5635635635635636,2.4145338654206308,1.1324729394314772,-0.4645317295138777,-0.3455880420735561,-0.14317765118704834,-0.015856647143176656,0.013962167124115426,5.0
0.5655655655655656,2.4140612166450617,1.1325436737989278,-0.4614532797899446,-0.34543070014232335,-0.1446443895011124,-0.01669925340790746,0.013886584052477358,5.0
0.5675675675675675,2.4135811776769414,1.1326122726349095,-0.458344245002094,-0.3452448575620365,-0.14611529223020733,-0.0175664596721865,0.013800165031428042,5.0
0.5695695695695695,2.4130935444756014,1.132678665332538,-0.4552041600946565,-0.34502957736128304,-0.14758979046433843,-0.01845901341675211,0.013702285741186747,5.0
0.5715715715715715,2.412598107647848,1.132742779031543,-0.45203254216514194,-0.3447838953779856,-0.1490672751067128,-0.019377687643412123,0.013592287780369807,5.0
0.5735735735735736,2.4120946521137734,1.1328045384935757,-0.4488288898595385,-0.3445068188293726,-0.15054709466399815,-0.02032328193372466,0.013469476870656949,5.0
0.5755755755755756,2.4115829567455296,1.1328638659702306,-0.44559268271699626,-0.34419732481281906,-0.15202855292573506,-0.021296623530576757,0.013333120957452389,5.0
0.5775775775775776,2.411062793973177,1.1329206810649042,-0.44232338045860126,-0.34385435873219616,-0.15351090652777952,-0.022298568440294587,0.013182448198521882,5.0
0.5795795795795795,2.410533929352517,1.1329749005887069,-0.43902042221499926,-0.34347683264410817,-0.15499336239475586,-0.023330002552160296,0.01301664483197289,5.0
0.5815815815815815,2.4099961210918033,1.1330264384088717,-0.43568322568797624,-0.3430636235182719,-0.15647507505659625,-0.024391842771107744,0.01283485291443815,5.0
0.5835835835835836,2.409449119536947,1.1330752052858188,-0.43231118624151244,-0.34261357140620075,-0.1579551438342983,-0.025485038157891778,0.012636167919915637,5.0
0.5855855855855856,2.408892666617624,1.1331211086926638,-0.4289036759180772,-0.3421254775120806,-0.1594326098900068,-0.026610571069193355,0.012419636189329751,5.0
0.5875875875875876,2.4083264952583834,1.1331640526093585,-0.4254600423756527,-0.341598102159056,-0.16090645313643334,-0.02776945828800462,0.012184252220374779,5.0
0.5895895895895895,2.4077503287583966,1.133203937283441,-0.4219796077399447,-0.3410301626429038,-0.162375589000454,-0.028962752132335384,0.01192895578639745,5.0
0.5915915915915915,2.4071638801400437,1.1332406589511717,-0.4184616673643006,-0.34042033096315977,-0.16383886503554207,-0.030191541527885765,0.011652628871786292,5.0
0.5935935935935936,2.406566851460014,1.1332741095166121,-0.4149054884872246,-0.33976723141931847,-0.16529505737756145,-0.031456953027871895,0.01135409240943593,5.0
0.5955955955955956,2.405958933067922,1.1333041761912785,-0.4113103087744424,-0.3390694380570198,-0.16674286703846838,-0.03276015176059199,0.011032102803330788,5.0
0.5975975975975976,2.4053398027885513,1.1333307411020574,-0.40767533472995676,-0.33832547194665474,-0.16818091603274127,-0.03410234228235714,0.010685348216287182,5.0
0.5995995995995995,2.4047091249974373,1.13335368087819,-0.4039997399591805,-0.33753379827507857,-0.1696077433319336,-0.03548476930971402,0.010312444599704717,5.0
0.6016016016016015,2.404066549558479,1.1333728662274314,-0.40028266326765805,-0.3366928232305119,-0.17102180064363084,-0.036908718299993544,0.009911931439204878,5.0
0.6036036036036037,2.4034117105984816,1.1333881615057007,-0.39652320658125206,-0.33580089066134255,-0.1724214480121938,-0.03837551584264583,0.009482267187668965,5.0
0.6056056056056056,2.4027442251072832,1.133399424273633,-0.3927204326775067,-0.33485627849102506,-0.1738049492397966,-0.03988652981520093,0.00902182435566589,5.0
0.6076076076076076,2.402063691370848,1.1334065048191395,-0.38887336272198775,-0.33385719487268056,-0.17517046712714548,-0.04144316924685978,0.008528884228523095,5.0
0.6096096096096095,2.401369687263404,1.1334092456110036,-0.3849809736059965,-0.3328017740670358,-0.17651605853359792,-0.043046883819787995,0.008001631178888689,5.0
0.6116116116116117,2.4006617684362923,1.1334074806393373,-0.38104219508126796,-0.33168807202452866,-0.17783966925593647,-0.04469916292352443,0.007438146542741246,5.0
0.6136136136136137,2.399939466438579,1.1334010345992218,-0.37705590668163314,-0.3305140616456356,-0.17913912872368423,-0.046401534162011766,0.006836402024387438,5.0
0.6156156156156156,2.399202286782667,1.1333897218871845,-0.3730209344109133,-0.3292776276825226,-0.18041214450674067,-0.04815556119599337,0.006194252591106572,5.0
0.6176176176176176,2.3984497069271216,1.1333733454060353,-0.3689360471618009,-0.3279765612308578,-0.18165629662867513,-0.049962840785876796,0.0055094288102931705,5.0
0.6196196196196195,2.397681174095072,1.1333516952074403,-0.3647999528152286,-0.3266085537453767,-0.18286903167692764,-0.05182499888097069,0.004779528571617738,5.0
0.6216216216216217,2.396896102793009,1.1333245470342557,-0.3606112939579769,-0.32517119049971405,-0.18404765670021495,-0.05374368557877289,0.004002008125380945,5.0
0.6236236236236237,2.396093871859458,1.1332916608440862,-0.35636864315236527,-0.32366194340343823,-0.1851893328842191,-0.055720568750476054,0.0031741723584646944,5.0
0.6256256256256256,2.3952738208738666,1.1332527793896883,-0.3520704976988715,-0.32207816308945775,-0.18629106899931863,-0.05775732609332444,0.002293164224405274,5.0
0.6276276276276276,2.3944352458056524,1.1332076268928815,-0.3477152738505423,-0.3204170701929904,-0.18734971461801966,-0.059855635324123,0.0013559532475047207,5.0
0.6296296296296295,2.393577393882019,1.1331559077769744,-0.34330130046330526,-0.31867574575592206,-0.18836195310315695,-0.06201716216880844,0.00035932303516594317,5.0
0.6316316316316317,2.392699457784372,1.1330973053301467,-0.3388268120907688,-0.316851120700896,-0.18932429436802978,-0.06424354572925137,-0.0007001422411602903,5.0
0.6336336336336337,2.39180056941212,1.133031480082821,-0.3342899415449323,-0.31493996431858207,-0.1902330674027543,-0.0665363807202411,-0.0018260723987615583,5.0
0.6356356356356356,2.3908797935307478,1.1329580676282465,-0.3296887119341837,-0.3129388716893181,-0.19108441254331207,-0.06889719596768502,-0.0030223267866459277,5.0
0.6376376376376376,2.389936121597778,1.1328766756305744,-0.3250210281495768,-0.31084424990953813,-0.19187427342792274,-0.07132742844429943,-0.004293010723316413,5.0
0.6396396396396395,2.3889684659013577,1.132786879869723,-0.32028466770038716,-0.30865230291346707,-0.19259838853831118,-0.07382839199113339,-0.0056424926763894104,5.0
0.6416416416416417,2.3879756538551,1.1326882193623984,-0.3154772707126018,-0.30635901458048487,-0.1932522821630234,-0.07640123972900253,-0.007075421962504604,5.0
0.6436436436436437,2.3869564219253854,1.1325801908329691,-0.31059632882305516,-0.30396012971727127,-0.19383125455092812,-0.0790469189958938,-0.008596746651819772,5.0
0.6456456456456456,2.3859094083303334,1.1324622430113203,-0.30563917265720253,-0.3014511324258356,-0.1943303709511705,-0.0817661174420424,-0.010211731215826131,5.0
0.6476476476476476,2.3848331434731187,1.1323337713161774,-0.3006029575952401,-0.29882722133457135,-0.1947444491636775,-0.0845591986560791,-0.011925973223125245,5.0
0.6496496496496496,2.3837260371596294,1.1321941133665356,-0.29548464761704596,-0.2960832811847088,-0.1950680451457862,-0.08742612536184963,-0.013745418019563697,5.0
0.6516516516516517,2.382586362023559,1.1320425454244052,-0.290280997152461,-0.29321385030982056,-0.19529543611644967,-0.09036636779244377,-0.01567636977687124,5.0
0.6536536536536537,2.3814122331511176,1.1318782793440219,-0.2849885310062733,-0.2902130835781159,-0.19542060043658716,-0.09337879429080258,-0.01772549650637811,5.0
0.6556556556556556,2.380201584474507,1.131700458959433,-0.27960352252185705,-0.28707471032942744,-0.19543719327867856,-0.0964615404786225,-0.01989982555669248,5.0
0.6576576576576576,2.3789521428431453,1.1315081541452259,-0.2741219701446556,-0.2837919866757917,-0.19533851668085098,-0.09961185244582903,-0.022206724679627296,5.0
0.6596596596596596,2.377661400493382,1.1313003500350793,-0.26853957241160603,-0.2803576411988187,-0.1951174819536025,-0.10282589829823591,-0.02465386186498933,5.0
0.6616616616616617,2.3763265854935067,1.1310759280088802,-0.26285170109628114,-0.2767638125195889,-0.19476656149642035,-0.10609854099459144,-0.027249134679228508,5.0
0.6636636636636637,2.3749446268714838,1.1308336339219205,-0.2570533717463695,-0.2730019763723991,-0.19427772577962585,-0.1094230636024529,-0.030000556604822724,5.0
0.6656656656656657,2.3735121052071695,1.1305720273457225,-0.2511392101302232,-0.2690628586106073,-0.19364235941163108,-0.11279083575060646,-0.03291608359179107,5.0
0.6676676676676676,2.3720251685271845,1.1302894024651478,-0.24510341219466916,-0.26493632898755576,-0.19285114769057063,-0.11619090693675502,-0.03600335829161816,5.0
0.6696696696696696,2.3704793748596362,1.12998366451119,-0.2389396941815172,-0.26061126867571116,-0.19189392170046435,-0.11960950817046885,-0.039269341629685865,5.0
0.6716716716716717,2.3688693934141725,1.1296521304579192,-0.2326412287765665,-0.25607540246144783,-0.1907594457111651,-0.12302943779366422,-0.04271979057945238,5.0
0.6736736736736737,2.3671884499524865,1.1292911907302277,-0.22620056255955734,-0.251315084283381,-0.1894351250223705,-0.1264292996310672,-0.04635852600482115,5.0
0.6756756756756757,2.3654273246641586,1.128895706726838,-0.21960950881715455,-0.24631502136108854,-0.18790660450788155,-0.12978255091462845,-0.0501864137416105,5.0
0.6776776776776776,2.363572571935769,1.1284579077148422,-0.2128590060246753,-0.24105791536354568,-0.18615721605300914,-0.13305630208877714,-0.054199954004616996,5.0
0.6796796796796796,2.3616033697493597,1.1279653598967203,-0.20593892302709912,-0.23552398541786915,-0.1841672139356562,-0.13620978809392298,-0.05838933676798423,5.0
0.6816816816816818,2.3594859145759743,1.127397256857478,-0.19883777401342995,-0.22969031335575785,-0.18191270761930456,-0.1391923973385773,-0.06273577133551843,5.0
0.6836836836836837,2.357163381375421,1.1267177225713785,-0.19154227705914706,-0.22352991279349463,-0.179364158167662,-0.14194109523230908,-0.06720783305040536,5.0
0.6856856856856857,2.354537895495912,1.1258638345468108,-0.18403664549346446,-0.21701036566596962,-0.1764842438625768,-0.14437700703571876,-0.07175648412056755,5.0
0.6876876876876876,2.3514382875438082,1.1247243296874547,-0.176301432178511,-0.21009178212017193,-0.1732248158593345,-0.1464008209229138,-0.07630831537209051,5.0
0.6896896896896896,2.347562957727021,1.1231019131408677,-0.16831163367568044,-0.20272370109684415,-0.1695225433677072,-0.14788652713039868,-0.0807564260198575,5.0
0.6916916916916918,2.3423800104165053,1.1206470016983359,-0.16003358090167064,-0.19484033338228443,-0.1652926761826282,-0.14867282343439644,-0.08494823750195969,5.0
0.6936936936936937,2.3349560095207056,1.1167428029380428,-0.15141989595905297,-0.186353257411087,-0.1604201409228495,-0.14855133640382875,-0.08866951620938125,5.0
0.6956956956956957,2.323671076913115,1.1103108235140629,-0.14240156360179623,-0.17714041564921237,-0.1547470415841565,-0.1472508190179679,-0.09162422169997037,5.0
0.6976976976976976,2.3057700758312585,1.0994957749676297,-0.13287621438579525,-0.16703039360820218,-0.14805592837020637,-0.14441727130773999,-0.09341122533994943,5.0
0.6996996996996996,2.2767293065181304,1.0811948823642126,-0.12269272565366153,-0.15578249658255441,-0.1400499943625327,-0.13959309953666396,-0.09350329374526456,5.0
0.7017017017017018,2.2295729859535407,1.050465493377835,-0.1116359522570462,-0.14306859390404378,-0.13033733282353221,-0.13220785719385697,-0.09124496993881115,5.0
0.7037037037037037,2.1547194745963667,1.0000808300150859,-0.09942580150003635,-0.12847751330402776,-0.11844204953860658,-0.12161586988175274,-0.08591001368345923,5.0
0.7057057057057057,2.041759315432276,0.9210358749803085,-0.08576801649644653,-0.11159412030402259,-0.10389681928942217,-0.10725652840562612,-0.07689480532118623,5.0
0.7077077077077076,1.885021912740802,0.8054790645944006,-0.07052665472790526,-0.09224563615126925,-0.08650894260839972,-0.08904268119444946,-0.06413054088021647,5.0
0.7097097097097096,1.6923268180008286,0.6531766512803209,-0.054076977895369284,-0.07098315130937899,-0.06685622619617297,-0.0679795950224504,-0.04864920392154985,5.0
0.7117117117117118,1.4894729461932978,0.4789372041629677,-0.037697404181538205,-0.04959191761900746,-0.04678082116261845,-0.04659911235166019,-0.03282633821430303,5.0
0.7137137137137137,1.3105145263446587,0.31209740964637506,-0.023439561499773623,-0.030881336465457414,-0.029125481162307378,-0.02829681196172894,-0.01954040740093446,5.0
0.7157157157157157,1.1782751694758815,0.18113090083299513,-0.013011260581333103,-0.017169588441339107,-0.016190564450318534,-0.01537275740438303,-0.010444379296825316,5.0
0.7177177177177176,1.0946025158409243,0.09588741327658512,-0.006613947838858907,-0.008747444956652764,-0.008258638688733447,-0.007719498693646454,-0.005205204925493515,5.0
0.7197197197197196,1.0475692300872361,0.04784573489749904,-0.0031912633847424234,-0.004232643770775524,-0.004006547682286228,-0.0037167713280441927,-0.0025063750910546655,5.0
0.7217217217217218,1.0231486467301945,0.023115799159237747,-0.001503841844658525,-0.0020003024220638494,-0.0018993873018514728,-0.0017583488220279456,-0.0011900616092463648,5.0
0.7237237237237237,1.0110606031203366,0.010990936759053683,-0.0007030523411364187,-0.0009373521467233521,-0.0008926236890133754,-0.000826558176572487,-0.0005618112817094561,5.0
0.7257257257257257,1.0052337421500548,0.005185948684630936,-0.0003283931353706218,-0.0004390543941400755,-0.00041886720356675716,-0.00038779887835159845,-0.0002643307730144026,5.0
0.7277277277277276,1.0024639842536234,0.002437615424631045,-0.00015313325213950203,-0.0002061277805031018,-0.00019968503308013925,-0.00018395817817907522,-0.00012442643106254784,5.0
0.7297297297297298,1.001156824977602,0.0011432465837541755,-6.968667228065997e-05,-9.329918873083803e-05,-9.06896822835112e-05,-9.904249972729378e-05,-6.499720402742885e-05,3.0
0.7317317317317318,1.0005421733025226,0.0005352342743093516,-2.9248908483969343e-05,-3.6140505497818574e-05,-2.8377359014623988e-05,0.0,0.0,0.0
0.7337337337337337,1.0002537189547371,0.00025019632299967605,-1.0697611614484138e-05,-1.0988077893255399e-05,-5.084341168967652e-06,0.0,0.0,0.0
0.7357357357357357,1.0001185646097785,0.00011683797718999841,-3.640623096967094e-06,-3.5125604625790038e-06,-2.4543127364790933e-06,0.0,0.0,0.0
0.7377377377377377,1.0000553494090871,5.4527160007992616e-05,-1.585407802031093e-06,-1.7339064079731177e-06,-1.1469279650363717e-06,0.0,0.0,0.0
0.7397397397397398,1.0000258216961349,2.542689196892622e-05,0.0,0.0,0.0,0.0,0.0,0.0
0.7417417417417418,1.0000120398149606,1.185482363203981e-05,0.0,0.0,0.0,0.0,0.0,0.0
0.7437437437437437,1.000005611432028,5.525157064813494e-06,0.0,0.0,0.0,0.0,0.0,0.0
0.7457457457457457,1.0000026143147498,2.574124578861578e-06,0.0,0.0,0.0,0.0,0.0,0.0
0.7477477477477477,1.000001217518314,1.198806853994869e-06,0.0,0.0,0.0,0.0,0.0,0.0
0.7497497497497498,1.0000005667968783,5.580891513082619e-07,0.0,0.0,0.0,0.0,0.0,0.0
0.7517517517517518,1.0000002637634322,2.597127378474059e-07,0.0,0.0,0.0,0.0,0.0,0.0
0.7537537537537538,1.0000001226982473,1.2081464931511445e-07,0.0,0.0,0.0,0.0,0.0,0.0
0.7557557557557557,1.0000000570558218,5.618026632843238e-08,0.0,0.0,0.0,0.0,0.0,0.0
0.7577577577577577,1.0000000265216118,2.6114778223023793e-08,0.0,0.0,0.0,0.0,0.0,0.0
0.7597597597597598,1.0000000123236161,1.2134648659374602e-08,0.0,0.0,0.0,0.0,0.0,0.0
0.7617617617617618,1.0000000057241947,5.6364551825144874e-09,0.0,0.0,0.0,0.0,0.0,0.0
0.7637637637637638,1.0000000026578355,2.617112702702814e-09,0.0,0.0,0.0,0.0,0.0,0.0
0.7657657657657657,1.0000000012336128,1.2147189137617337e-09,0.0,0.0,0.0,0.0,0.0,0.0
0.7677677677677677,1.0000000005723555,5.635930614274534e-10,0.0,0.0,0.0,0.0,0.0,0.0
0.7697697697697699,1.0000000002654537,2.613914505525265e-10,0.0,0.0,0.0,0.0,0.0,0.0
0.7717717717717718,1.0000000001230684,1.2118598319553894e-10,0.0,0.0,0.0,0.0,0.0,0.0
0.7737737737737738,1.0000000000570348,5.616271135057819e-11,0.0,0.0,0.0,0.0,0.0,0.0
0.7757757757757757,1.000000000026422,2.601818509675261e-11,0.0,0.0,0.0,0.0,0.0,0.0
0.7777777777777777,1.0000000000122355,1.2048631308024909e-11,0.0,0.0,0.0,0.0,0.0,0.0
0.7797797797797799,1.000000000005664,5.57739167635406e-12,0.0,0.0,0.0,0.0,0.0,0.0
0.7817817817817818,1.0000000000026208,2.5808060128326247e-12,0.0,0.0,0.0,0.0,0.0,0.0
0.7837837837837838,1.0000000000012121,1.1937503353847829e-12,0.0,0.0,0.0,0.0,0.0,0.0
0.7857857857857857,1.0000000000005602,5.51974419620349e-13,0.0,0.0,0.0,0.0,0.0,0.0
0.7877877877877877,1.0000000000002587,2.551111339376516e-13,0.0,0.0,0.0,0.0,0.0,0.0
0.7897897897897899,1.0000000000001192,1.1783342331342366e-13,0.0,0.0,0.0,0.0,0.0,0.0
0.7917917917917918,1.0000000000000548,5.4361171026933326e-14,0.0,0.0,0.0,0.0,0.0,0.0
0.7937937937937938,1.000000000000025,2.5026582749817524e-14,0.0,0.0,0.0,0.0,0.0,0.0
0.7957957957957957,1.0000000000000113,1.1452536833025348e-14,0.0,0.0,0.0,0.0,0.0,0.0
0.7977977977977977,1.000000000000005,5.160754070201008e-15,0.0,0.0,0.0,0.0,0.0,0.0
0.7997997997997999,1.0000000000000022,2.2680657764393424e-15,0.0,0.0,0.0,0.0,0.0,0.0
0.8018018018018018,1.0000000000000009,9.539971134129576e-16,0.0,0.0,0.0,0.0,0.0,0.0
0.8038038038038038,1.0000000000000004,3.83121676563361e-16,0.0,0.0,0.0,0.0,0.0,0.0
0.8058058058058057,1.0,1.2558896375673603e-16,0.0,0.0,0.0,0.0,0.0,0.0
0.8078078078078077,1.0,2.780329089276396e-17,0.0,0.0,0.0,0.0,0.0,0.0
0.8098098098098099,1.0,6.786752536384795e-18,0.0,0.0,0.0,0.0,0.0,0.0
0.8118118118118118,1.0,1.568972784560491e-18,0.0,0.0,0.0,0.0,0.0,0.0
0.8138138138138138,1.0,3.6453560878542363e-19,0.0,0.0,0.0,0.0,0.0,0.0
0.8158158158158157,1.0,8.286944706689912e-20,0.0,0.0,0.0,0.0,0.0,0.0
0.8178178178178177,1.0,1.865043700239276e-20,0.0,0.0,0.0,0.0,0.0,0.0
0.8198198198198199,1.0,4.150878805974106e-21,0.0,0.0,0.0,0.0,0.0,0.0
0.8218218218218218,1.0,9.205803832334278e-22,0.0,0.0,0.0,0.0,0.0,0.0
0.8238238238238238,1.0,2.044657942881415e-22,0.0,0.0,0.0,0.0,0.0,0.0
0.8258258258258258,1.0,4.566349956076509e-23,0.0,0.0,0.0,0.0,0.0,0.0
0.8278278278278277,1.0,1.0253400882635171e-23,0.0,0.0,0.0,0.0,0.0,0.0
0.8298298298298299,1.0,2.309084178951051e-24,0.0,0.0,0.0,0.0,0.0,0.0
0.8318318318318318,1.0,5.200454871243167e-25,0.0,0.0,0.0,0.0,0.0,0.0
0.8338338338338338,1.0,1.1697781778533243e-25,0.0,0.0,0.0,0.0,0.0,0.0
0.8358358358358358,1.0,2.6288114533803607e-26,0.0,0.0,0.0,0.0,0.0,0.0
0.8378378378378377,1.0,5.9076859725088036e-27,0.0,0.0,0.0,0.0,0.0,0.0
0.8398398398398399,1.0,1.3283578307374077e-27,0.0,0.0,0.0,0.0,0.0,0.0
0.8418418418418419,1.0,2.987921456079224e-28,0.0,0.0,0.0,0.0,0.0,0.0
0.8438438438438438,1.0,6.71858173924024e-29,0.0,0.0,0.0,0.0,0.0,0.0
0.8458458458458458,1.0,1.509085255312572e-29,0.0,0.0,0.0,0.0,0.0,0.0
0.8478478478478477,1.0,3.384394969647783e-30,0.0,0.0,0.0,0.0,0.0,0.0
0.8498498498498499,1.0,7.578278902476159e-31,0.0,0.0,0.0,0.0,0.0,0.0
0.8518518518518519,1.0,1.6948251001164966e-31,0.0,0.0,0.0,0.0,0.0,0.0
0.8538538538538538,1.0,3.7874810314357204e-32,0.0,0.0,0.0,0.0,0.0,0.0
0.8558558558558558,1.0,8.461219779484496e-33,0.0,0.0,0.0,0.0,0.0,0.0
0.8578578578578577,1.0,1.8901206563285865e-33,0.0,0.0,0.0,0.0,0.0,0.0
0.8598598598598599,1.0,4.222451054338441e-34,0.0,0.0,0.0,0.0,0.0,0.0
0.8618618618618619,1.0,9.433101010244665e-35,0.0,0.0,0.0,0.0,0.0,0.0
0.8638638638638638,1.0,2.1073569187785075e-35,0.0,0.0,0.0,0.0,0.0,0.0
0.8658658658658658,1.0,4.707596391457199e-36,0.0,0.0,0.0,0.0,0.0,0.0
0.867867867867868,1.0,1.051560298955432e-36,0.0,0.0,0.0,0.0,0.0,0.0
0.8698698698698699,1.0,2.348814480803357e-37,0.0,0.0,0.0,0.0,0.0,0.0
0.8718718718718719,1.0,5.246270107232658e-38,0.0,0.0,0.0,0.0,0.0,0.0
0.8738738738738738,1.0,1.1717746939458606e-38,0.0,0.0,0.0,0.0,0.0,0.0
0.8758758758758758,1.0,2.6171452065199952e-39,0.0,0.0,0.0,0.0,0.0,0.0
0.877877877877878,1.0,5.845162023115714e-40,0.0,0.0,0.0,0.0,0.0,0.0
0.8798798798798799,1.0,1.305400636558338e-40,0.0,0.0,0.0,0.0,0.0,0.0
0.8818818818818819,1.0,2.9151680151626225e-41,0.0,0.0,0.0,0.0,0.0,0.0
0.8838838838838838,1.0,6.50954320858531e-42,0.0,0.0,0.0,0.0,0.0,0.0
0.8858858858858858,1.0,1.4534463191306795e-42,0.0,0.0,0.0,0.0,0.0,0.0
0.887887887887888,1.0,3.244905448894417e-43,0.0,0.0,0.0,0.0,0.0,0.0
0.8898898898898899,1.0,7.243535671143463e-44,0.0,0.0,0.0,0.0,0.0,0.0
0.8918918918918919,1.0,1.6167152755305693e-44,0.0,0.0,0.0,0.0,0.0,0.0
0.8938938938938938,1.0,3.607764439098667e-45,0.0,0.0,0.0,0.0,0.0,0.0
0.8958958958958958,1.0,8.04916622718202e-46,0.0,0.0,0.0,0.0,0.0,0.0
0.897897897897898,1.0,1.795385731903851e-46,0.0,0.0,0.0,0.0,0.0,0.0
0.8998998998998999,1.0,4.003547312439365e-47,0.0,0.0,0.0,0.0,0.0,0.0
0.9019019019019019,1.0,8.924814205068536e-48,0.0,0.0,0.0,0.0,0.0,0.0
0.9039039039039038,1.0,1.9888779922458588e-48,0.0,0.0,0.0,0.0,0.0,0.0
0.9059059059059058,1.0,4.4305860905047384e-49,0.0,0.0,0.0,0.0,0.0,0.0
0.907907907907908,1.0,9.86620059211936e-50,0.0,0.0,0.0,0.0,0.0,0.0
0.9099099099099099,1.0,2.1961855561133383e-50,0.0,0.0,0.0,0.0,0.0,0.0
0.9119119119119119,1.0,4.8867096105260275e-51,0.0,0.0,0.0,0.0,0.0,0.0
0.9139139139139139,1.0,1.0869117740181092e-51,0.0,0.0,0.0,0.0,0.0,0.0
0.9159159159159158,1.0,2.4166176441976417e-52,0.0,0.0,0.0,0.0,0.0,0.0
0.917917917917918,1.0,5.371141673051147e-53,0.0,0.0,0.0,0.0,0.0,0.0
0.91991991991992,1.0,1.1933899297888092e-53,0.0,0.0,0.0,0.0,0.0,0.0
0.9219219219219219,1.0,2.650754192243296e-54,0.0,0.0,0.0,0.0,0.0,0.0
0.9239239239239239,1.0,5.886311949600408e-55,0.0,0.0,0.0,0.0,0.0,0.0
0.9259259259259258,1.0,1.3068306029281916e-55,0.0,0.0,0.0,0.0,0.0,0.0
0.927927927927928,1.0,2.9007610623239623e-56,0.0,0.0,0.0,0.0,0.0,0.0
0.92992992992993,1.0,6.437742810829368e-57,0.0,0.0,0.0,0.0,0.0,0.0
0.9319319319319319,1.0,1.4285444221635914e-57,0.0,0.0,0.0,0.0,0.0,0.0
0.9339339339339339,1.0,3.1695552169929394e-58,0.0,0.0,0.0,0.0,0.0,0.0
0.9359359359359358,1.0,7.031526253860335e-59,0.0,0.0,0.0,0.0,0.0,0.0
0.937937937937938,1.0,1.5597184851438786e-59,0.0,0.0,0.0,0.0,0.0,0.0
0.93993993993994,1.0,3.4592627054284114e-60,0.0,0.0,0.0,0.0,0.0,0.0
0.9419419419419419,1.0,7.671041072918035e-61,0.0,0.0,0.0,0.0,0.0,0.0
0.9439439439439439,1.0,1.700784730716185e-61,0.0,0.0,0.0,0.0,0.0,0.0
0.9459459459459458,1.0,3.770148138334874e-62,0.0,0.0,0.0,0.0,0.0,0.0
0.947947947947948,1.0,8.355470921278122e-63,0.0,0.0,0.0,0.0,0.0,0.0
0.94994994994995,1.0,1.851299363423219e-63,0.0,0.0,0.0,0.0,0.0,0.0
0.9519519519519519,1.0,4.100777079431713e-64,0.0,0.0,0.0,0.0,0.0,0.0
0.9539539539539539,1.0,9.080948774760777e-65,0.0,0.0,0.0,0.0,0.0,0.0
0.9559559559559558,1.0,2.0103189952337412e-65,0.0,0.0,0.0,0.0,0.0,0.0
0.957957957957958,1.0,4.448995574944357e-66,0.0,0.0,0.0,0.0,0.0,0.0
0.95995995995996,1.0,9.84278921774867e-67,0.0,0.0,0.0,0.0,0.0,0.0
0.9619619619619619,1.0,2.1768620419562257e-67,0.0,0.0,0.0,0.0,0.0,0.0
0.9639639639639639,1.0,4.8128095276131785e-68,0.0,0.0,0.0,0.0,0.0,0.0
0.9659659659659658,1.0,1.0637049267287074e-68,0.0,0.0,0.0,0.0,0.0,0.0
0.967967967967968,1.0,2.3501692908437263e-69,0.0,0.0,0.0,0.0,0.0,0.0
0.96996996996997,1.0,5.1908006831756235e-70,0.0,0.0,0.0,0.0,0.0,0.0
0.9719719719719719,1.0,1.1461183528579077e-70,0.0,0.0,0.0,0.0,0.0,0.0
0.9739739739739739,1.0,2.529810635202523e-71,0.0,0.0,0.0,0.0,0.0,0.0
0.9759759759759759,1.0,5.582314016088573e-72,0.0,0.0,0.0,0.0,0.0,0.0
0.977977977977978,1.0,1.231439535786946e-72,0.0,0.0,0.0,0.0,0.0,0.0
0.97997997997998,1.0,2.715750278357667e-73,0.0,0.0,0.0,0.0,0.0,0.0
0.9819819819819819,1.0,5.987562738300631e-74,0.0,0.0,0.0,0.0,0.0,0.0
0.9839839839839839,1.0,1.31977375218355e-74,0.0,0.0,0.0,0.0,0.0,0.0
0.9859859859859861,1.0,2.908329389844028e-75,0.0,0.0,0.0,0.0,0.0,0.0
0.987987987987988,1.0,6.407485115897677e-76,0.0,0.0,0.0,0.0,0.0,0.0
0.98998998998999,1.0,1.411355051641427e-76,0.0,0.0,0.0,0.0,0.0,0.0
0.991991991991992,1.0,3.1080943250313117e-77,0.0,0.0,0.0,0.0,0.0,0.0
0.9939939939939939,1.0,6.843433878922237e-78,0.0,0.0,0.0,0.0,0.0,0.0
0.9959959959959961,1.0,1.5072018269253773e-78,0.0,0.0,0.0,0.0,0.0,0.0
0.997997997997998,1.0,3.3508036446978096e-79,0.0,0.0,0.0,0.0,0.0,0.0
1.0,1.0,8.900812083479067e-80,0.0,0.0,0.0,0.0,0.0,0.0
