-3.0,5.0,6.667984712288902e-135,-7.710132891086509e-137
-2.998999799959992,5.0,4.999915119844377e-134,-5.7814102172926994e-136
-2.997999599919984,5.0,4.182358158943716e-133,-4.836107204442843e-135
-2.996999399879976,5.0,3.504196121484818e-132,-4.0519738088867806e-134
-2.995999199839968,5.0,2.936011130501543e-131,-3.3949974153095708e-133
-2.99499899979996,5.0,2.459908941276444e-130,-2.844489310466071e-132
-2.993998799759952,5.0,2.06097281459773e-129,-2.3832031383138195e-131
-2.992998599719944,5.0,1.726702007549513e-128,-1.9966857386933455e-130
-2.991998399679936,5.0,1.4466198666838644e-127,-1.6728240726963155e-129
-2.990998199639928,5.0,1.2119462476567072e-126,-1.4014665114729227e-128
-2.98999799959992,5.0,1.0153229334092823e-125,-1.1741053933389248e-127
-2.988997799559912,5.0,8.505834714324958e-125,-9.83610931421451e-127
-2.987997599519904,5.0,7.125602479626119e-124,-8.240081692930683e-126
-2.986997399479896,5.0,5.969227777644114e-123,-6.902900238774472e-125
-2.985997199439888,5.0,5.000421613386177e-122,-5.782605798659028e-124
-2.98499699939988,5.0,4.18877477362455e-121,-4.844037431212066e-123
-2.983996799359872,5.0,3.50880562319609e-120,-4.057731514037262e-122
-2.982996599319864,5.0,2.939162028847902e-119,-3.398999038390757e-121
-2.981996399279856,5.0,2.461952475492565e-118,-2.847152264893759e-120
-2.980996199239848,5.0,2.062185471765589e-117,-2.3848565749498657e-119
-2.97999599919984,5.0,1.727299722155556e-116,-1.9975872603029034e-118
-2.978995799159832,5.0,1.4467703769692085e-115,-1.6731742693349085e-117
-2.977995599119824,5.0,1.2117790472696075e-114,-1.4014206752969808e-116
-2.976995399079816,5.0,1.0149372637025003e-113,-1.1737829342464353e-115
-2.975995199039808,5.0,8.500547278683268e-113,-9.831029307741096e-115
-2.9749949989998,5.0,7.119451046458137e-112,-8.233834278023068e-114
-2.973994798959792,5.0,5.9626327726305235e-111,-6.895998932569689e-113
-2.972994598919784,5.0,4.993689705300881e-110,-5.775428135602618e-112
-2.971994398879776,5.0,4.182124721695071e-109,-4.8368555711260825e-111
-2.970994198839768,5.0,3.502388733282568e-108,-4.050736499681885e-110
-2.96999399879976,5.0,2.9330782868903684e-107,-3.3923199568290636e-109
-2.968993798759752,5.0,2.4562632220247585e-106,-2.8408713272866007e-108
-2.967993598719744,5.0,2.0569233148946555e-105,-2.379020934447113e-107
-2.966993398679736,5.0,1.7224762512410658e-104,-1.9922182292630446e-106
-2.965993198639728,5.0,1.4423821295523572e-103,-1.6682744684824578e-105
-2.96499299859972,5.0,1.207812092897079e-102,-1.3969795431179006e-104
-2.963992798559712,5.0,1.0113706963079452e-101,-1.169780940425832e-103
-2.962992598519704,5.0,8.468633001686006e-101,-9.795147691173738e-103
-2.961992398479696,5.0,7.091011910058032e-100,-8.201804088422539e-102
-2.960992198439688,5.0,5.9373831358070785e-99,-6.867517121780696e-101
-2.95999199839968,5.0,4.971344891775642e-98,-5.750188331609365e-100
-2.958991798359672,5.0,4.1624082549893175e-97,-4.8145571664172095e-99
-2.957991598319664,5.0,3.485037195725292e-96,-4.031090874788962e-98
-2.956991398279656,5.0,2.9178443833193122e-95,-3.375054529600486e-97
-2.955991198239648,5.0,2.4429175030401415e-94,-2.825731969813938e-96
-2.95499099819964,5.0,2.0452549141925244e-93,-2.3657731809591944e-95
-2.953990798159632,5.0,1.71229291179651e-92,-1.980647603912138e-94
-2.952990598119624,5.0,1.433509730208871e-91,-1.6581861870351942e-93
-2.951990398079616,5.0,1.2000938369803996e-90,-1.3881977832972274e-92
-2.950990198039608,5.0,1.0046660845780006e-89,-1.162147828925859e-91
-2.9499899979996,5.0,8.410469796170005e-89,-9.728891966221141e-91
-2.948989797959592,5.0,7.04061746976183e-88,-8.144367556969373e-90
-2.947989597919584,5.0,5.89377054047877e-87,-6.817785450557117e-89
-2.946989397879576,5.0,4.933642556531367e-86,-5.707176158235799e-88
-2.945989197839568,5.0,4.129848540403122e-85,-4.777395646599205e-87
-2.94498899779956,5.0,3.4569456704119616e-84,-3.999015866983224e-86
-2.943988797759552,5.0,2.8936298280220885e-83,-3.347395539133119e-85
-2.942988597719544,5.0,2.4220626990735064e-82,-2.801901917955914e-84
-2.941988397679536,5.0,2.0273082255732636e-81,-2.3452590231127053e-83
-2.940988197639528,5.0,1.696860646636113e-80,-1.9630017914133866e-82
-2.93998799759952,5.0,1.4202492506528222e-79,-1.6430189464249956e-81
-2.938987797559512,5.0,1.1887073763651814e-78,-1.3751701731120284e-80
-2.937987597519504,5.0,9.948952241222783e-78,-1.1509655254371048e-79
-2.9369873974794958,5.0,8.326677337657173e-77,-9.63296955184963e-79
-2.9359871974394878,5.0,6.968802056175834e-76,-8.062134924347001e-78
-2.9349869973994798,5.0,5.832255305613492e-75,-6.747329837098616e-77
-2.9339867973594718,5.0,4.8809789161224945e-74,-5.646844461297013e-76
-2.9329865973194638,5.0,4.0847863400436834e-73,-4.725760611011835e-75
-2.9319863972794558,5.0,3.418406999295441e-72,-3.954846395874579e-74
-2.9309861972394478,5.0,2.8606860964267068e-71,-3.309630681982343e-73
-2.9299859971994398,5.0,2.3939146112579424e-70,-2.7696281257882587e-72
-2.9289857971594317,5.0,2.0032683131697517e-69,-2.3176902967917587e-71
-2.9279855971194237,5.0,1.676338059919637e-68,-1.9394623841719154e-70
-2.9269853970794157,5.0,1.4027365357168556e-67,-1.6229283154105908e-69
-2.9259851970394077,5.0,1.1737689949249761e-66,-1.3580299063861501e-68
-2.9249849969993997,5.0,9.821575992234326e-66,-1.1363480003080157e-67
-2.9239847969593917,5.0,8.218106290339808e-65,-9.508355108612031e-67
-2.9229845969193837,5.0,6.876292678579548e-64,-7.955939247370839e-66
-2.9219843968793757,5.0,5.753458455668484e-63,-6.656861920250175e-65
-2.9209841968393677,5.0,4.813884210777773e-62,-5.569800830218572e-64
-2.9199839967993597,5.0,4.027674175842169e-61,-4.660170531464087e-63
-2.9189837967593517,5.0,3.369807208664984e-60,-3.89902464198957e-62
-2.9179835967193437,5.0,2.819342351756535e-59,-3.262136856244698e-61
-2.9169833966793357,5.0,2.358753801947137e-58,-2.729231650321069e-60
-2.9159831966393277,5.0,1.97337422066844e-57,-2.2833403084196643e-59
-2.9149829965993197,5.0,1.650928743659269e-56,-1.9102618652191285e-58
-2.9139827965593117,5.0,1.3811449199880405e-55,-1.5981118796371726e-57
-2.9129825965193037,5.0,1.1554262143675946e-54,-1.3369447361532694e-56
-2.9119823964792957,5.0,9.665787197103105e-54,-1.1184374981764155e-55
-2.9109821964392877,5.0,8.085824123296491e-53,-9.356252874520866e-55
-2.9099819963992797,5.0,6.763996933989765e-52,-7.826797958066203e-54
-2.9089817963592717,5.0,5.65815141831998e-51,-6.547239022113918e-53
-2.9079815963192637,5.0,4.733013930037854e-50,-5.47676512414098e-52
-2.9069813962792557,5.0,3.9590688596851236e-49,-4.581226964092175e-51
-2.9059811962392477,5.0,3.3116191524604285e-48,-3.832050011024459e-50
-2.9049809961992397,5.0,2.7700000378137994e-47,-3.2053248703680438e-49
-2.9039807961592317,5.0,2.3169209969728518e-46,-2.6810460023699067e-48
-2.9029805961192237,5.0,1.9379150634110934e-45,-2.2424746088277795e-47
-2.9019803960792157,5.0,1.6208779574961074e-44,-1.875605445369589e-46
-2.9009801960392076,5.0,1.3556824080356886e-43,-1.568720615007849e-45
-2.8999799959991996,5.0,1.1338554004754468e-42,-1.3120161599438054e-44
-2.8989797959591916,5.0,9.48308089712382e-42,-1.0972895800745094e-43
-2.8979795959191836,5.0,7.931097881915619e-41,-9.176783416021753e-43
-2.8969793958791756,5.0,6.6329884015270995e-40,-7.674410588721556e-42
-2.8959791958391676,5.0,5.5472436495933564e-39,-6.417743883992038e-41
-2.8949789957991596,5.0,4.63913833516181e-38,-5.3665980894558966e-40
-2.8939787957591516,5.0,3.879622629581401e-37,-4.4873541145902e-39
-2.8929785957191436,5.0,3.2443950212105025e-36,-3.751886177857361e-38
-2.8919783956791356,5.0,2.713126555977456e-35,-3.136664125743372e-37
-2.8909781956391276,5.0,2.268811757057217e-34,-2.6220022980404347e-36
-2.8899779955991196,5.0,1.8972255472503515e-33,-2.1914310158524156e-35
-2.8889777955591116,5.0,1.5864688708968128e-32,-1.8311706708037168e-34
-2.8879775955191036,5.0,1.3265885353490432e-31,-1.5296916595903632e-33
-2.8869773954790956,5.0,1.1092591547434424e-30,-1.277346140942861e-32
-2.8859771954390876,5.0,9.275170560543749e-30,-1.0660598790240081e-31
-2.8849769953990796,5.0,7.755376621200195e-29,-8.89074350989161e-31
-2.8839767953590716,5.0,6.484492512335495e-28,-7.407308978524393e-30
-2.8829765953190636,5.0,5.421771520087965e-27,-6.162900378760486e-29
-2.881976395279056,5.0,4.5331340225154945e-26,-5.1178018292991985e-28
-2.880976195239048,5.0,3.790077122087238e-25,-4.2387093617792656e-27
-2.87997599519904,5.0,3.1687625169740296e-24,-3.497669338783443e-26
-2.878975795159032,5.0,2.6492534904379064e-23,-2.871188501636057e-25
-2.877975595119024,5.0,2.214876651150559e-22,-2.339487319892621e-24
-2.876975395079016,5.0,1.8516880354601907e-21,-1.885872897058992e-23
-2.875975195039008,5.0,1.548026514883743e-20,-1.4962115181334771e-22
-2.874974994999,5.0,1.2941402403823201e-19,-1.158484123867907e-21
-2.873974794958992,5.0,1.0818741857317685e-18,-8.62410663699231e-21
-2.872974594918984,5.0,9.04408801537586e-18,-5.991315001214577e-20
-2.871974394878976,5.0,7.560414227633175e-17,-3.609358846882121e-19
-2.870974194838968,4.999999999999999,3.530468824843737e-16,-1.4102906048181617e-18
-2.86997399479896,4.999999999999998,8.944707334371514e-16,-3.6876980064017e-18
-2.868973794758952,4.9999999999999964,1.5234438176997428e-15,-7.347105709255565e-18
-2.867973594718944,4.999999999999995,2.163412731943395e-15,-1.2440597782250115e-17
-2.866973394678936,4.999999999999993,2.820298311257423e-15,-1.8962017484383184e-17
-2.865973194638928,4.999999999999991,3.4670590532130286e-15,-2.6877557677947062e-17
-2.86497299459892,4.999999999999989,4.11583388848552e-15,-3.6203416957937726e-17
-2.863972794558912,4.999999999999988,4.7640960151524665e-15,-4.69279952803134e-17
-2.862972594518904,4.999999999999986,5.411594733946551e-15,-5.904760261914365e-17
-2.861972394478896,4.999999999999984,6.058753848082763e-15,-7.255848799913632e-17
-2.860972194438888,4.999999999999982,6.70540426043592e-15,-8.7455792065759e-17
-2.85997199439888,4.9999999999999805,7.351577762993754e-15,-1.0373527525348037e-16
-2.858971794358872,4.999999999999979,7.997281691949041e-15,-1.2139254817435266e-16
-2.857971594318864,4.999999999999977,8.642510944530735e-15,-1.4042323899937725e-16
-2.856971394278856,4.999999999999975,9.287269247782676e-15,-1.6082300858750054e-16
-2.855971194238848,4.999999999999973,9.931557616765068e-15,-1.825875212868042e-16
-2.85497099419884,4.999999999999972,1.0575377291053778e-14,-2.0571245754757075e-16
-2.853970794158832,4.99999999999997,1.1218729721516746e-14,-2.301935112476126e-16
-2.852970594118824,4.999999999999968,1.1861616225042707e-14,-2.560263893789893e-16
-2.851970394078816,4.999999999999966,1.2504038150131108e-14,-2.8320681246114224e-16
-2.850970194038808,4.9999999999999645,1.3145996839575844e-14,-3.1173051431012526e-16
-2.8499699939988,4.999999999999963,1.3787493628392752e-14,-3.415932420334213e-16
-2.848969793958792,4.999999999999961,1.442852984930492e-14,-3.7279075599401552e-16
-2.847969593918784,4.999999999999959,1.506910683042159e-14,-4.05318829762338e-16
-2.846969393878776,4.999999999999957,1.570922589571795e-14,-4.3917325007780747e-16
-2.845969193838768,4.999999999999956,1.634888836511335e-14,-4.743498168071648e-16
-2.84496899379876,4.999999999999954,1.698809555439883e-14,-5.1084434290313e-16
-2.843968793758752,4.999999999999952,1.762684877527948e-14,-5.486526543633049e-16
-2.842968593718744,4.99999999999995,1.826514933537779e-14,-5.877705901890575e-16
-2.841968393678736,4.9999999999999485,1.8902998538241563e-14,-6.281940023446378e-16
-2.840968193638728,4.999999999999947,1.9540397683355832e-14,-6.699187557165116e-16
-2.83996799359872,4.999999999999945,2.0177348066154582e-14,-7.129407280729101e-16
-2.838967793558712,4.999999999999943,2.0813850978034212e-14,-7.572558100235683e-16
-2.837967593518704,4.999999999999941,2.1449907706367654e-14,-8.028599049796086e-16
-2.836967393478696,4.99999999999994,2.2085519534518486e-14,-8.497489291135312e-16
-2.835967193438688,4.999999999999938,2.272068774185466e-14,-8.979188113192878e-16
-2.83496699339868,4.999999999999936,2.3355413603761538e-14,-9.47365493172437e-16
-2.833966793358672,4.999999999999934,2.3989698391654396e-14,-9.980849288903829e-16
-2.832966593318664,4.9999999999999325,2.46235433729904e-14,-1.0500730852927318e-15
-2.831966393278656,4.999999999999931,2.5256949811280393e-14,-1.103325941761767e-15
-2.830966193238648,4.999999999999929,2.5889918966100706e-14,-1.157839490203073e-15
-2.82996599319864,4.999999999999927,2.652245209310513e-14,-1.2136097350062997e-15
-2.828965793158632,4.999999999999925,2.7154550444037094e-14,-1.2706326930060772e-15
-2.827965593118624,4.999999999999924,2.7786215266742e-14,-1.3289043934430585e-15
-2.826965393078616,4.999999999999922,2.8417447805179638e-14,-1.3884208779250931e-15
-2.825965193038608,4.99999999999992,2.9048249299436586e-14,-1.4491782003885133e-15
-2.8249649929986,4.999999999999918,2.967862098573854e-14,-1.511172427059533e-15
-2.823964792958592,4.9999999999999165,3.0308564096462516e-14,-1.5743996364157584e-15
-2.822964592918584,4.999999999999915,3.093807986014891e-14,-1.6388559191478138e-15
-2.821964392878576,4.999999999999913,3.156716950151345e-14,-1.7045373781210808e-15
-2.820964192838568,4.999999999999911,3.219583424145909e-14,-1.7714401283375658e-15
-2.81996399279856,4.999999999999909,3.282407529708785e-14,-1.8395602968978887e-15
-2.818963792758552,4.999999999999908,3.345189388171268e-14,-1.9088940229633893e-15
-2.817963592718544,4.999999999999906,3.4079291204869266e-14,-1.9794374577183734e-15
-2.816963392678536,4.999999999999904,3.470626847232796e-14,-2.0511867643324626e-15
-2.815963192638528,4.999999999999902,3.533282688610547e-14,-2.124138117923074e-15
-2.81496299259852,4.9999999999999005,3.595896764447675e-14,-2.198287705518013e-15
-2.813962792558512,4.999999999999899,3.6584691941986703e-14,-2.2736317260181748e-15
-2.812962592518504,4.999999999999897,3.7210000969461875e-14,-2.350166390160376e-15
-2.8119623924784958,4.999999999999895,3.783489591402211e-14,-2.4278879204802846e-15
-2.8109621924384878,4.999999999999893,3.8459377959092134e-14,-2.5067925512754798e-15
-2.8099619923984798,4.999999999999892,3.908344828441308e-14,-2.5868765285686184e-15
-2.8089617923584718,4.99999999999989,3.9707108066054036e-14,-2.668136110070723e-15
-2.8079615923184638,4.999999999999888,4.033035847642351e-14,-2.750567565144589e-15
-2.8069613922784558,4.999999999999886,4.095320068428087e-14,-2.834167174768302e-15
-2.8059611922384478,4.9999999999998845,4.1575635854747775e-14,-2.918931231498875e-15
-2.8049609921984398,4.999999999999883,4.2197665149319584e-14,-3.004856039435998e-15
-2.8039607921584317,4.999999999999881,4.2819289725876675e-14,-3.0919379141858994e-15
-2.8029605921184237,4.999999999999879,4.344051073869579e-14,-3.180173182825332e-15
-2.8019603920784157,4.999999999999877,4.4061329338461306e-14,-3.2695581838656517e-15
-2.8009601920384077,4.999999999999876,4.46817466722765e-14,-3.360089267217028e-15
-2.7999599919983997,4.999999999999874,4.530176388367472e-14,-3.451762794152762e-15
-2.7989597919583917,4.999999999999872,4.5921382112630605e-14,-3.5445751372737032e-15
-2.7979595919183837,4.99999999999987,4.65406024955712e-14,-3.638522680472799e-15
-2.7969593918783757,4.9999999999998685,4.715942616538702e-14,-3.733601818899746e-15
-2.7959591918383677,4.999999999999867,4.777785425144318e-14,-3.82980895892575e-15
-2.7949589917983597,4.999999999999865,4.839588787959041e-14,-3.9271405181084015e-15
-2.7939587917583517,4.999999999999863,4.9013528172176036e-14,-4.0255929251566625e-15
-2.7929585917183437,4.9999999999998614,4.963077624805498e-14,-4.125162619895963e-15
-2.7919583916783357,4.99999999999986,5.0247633222600654e-14,-4.2258460532334e-15
-2.7909581916383277,4.999999999999858,5.086410020771588e-14,-4.327639687123057e-15
-2.7899579915983197,4.999999999999856,5.148017831184377e-14,-4.430539994531425e-15
-2.7889577915583117,4.999999999999854,5.209586863997853e-14,-4.534543459402934e-15
-2.7879575915183037,4.999999999999853,5.27111722936762e-14,-4.639646576625599e-15
-2.7869573914782957,4.999999999999851,5.3326090371065556e-14,-4.745845851996762e-15
-2.7859571914382877,4.999999999999849,5.3940623966858707e-14,-4.853137802188948e-15
-2.7849569913982797,4.999999999999847,5.455477417236182e-14,-4.961518954715836e-15
-2.7839567913582717,4.9999999999998455,5.5168542075485813e-14,-5.070985847898324e-15
-2.7829565913182637,4.999999999999844,5.5781928760756943e-14,-5.181535030830709e-15
-2.7819563912782557,4.999999999999842,5.6394935309327395e-14,-5.293163063346965e-15
-2.7809561912382477,4.99999999999984,5.700756279898584e-14,-5.405866515987144e-15
-2.7799559911982397,4.999999999999838,5.761981230416802e-14,-5.5196419699638595e-15
-2.7789557911582317,4.999999999999837,5.823168489596711e-14,-5.634486017128895e-15
-2.7779555911182237,4.999999999999835,5.88431816421443e-14,-5.750395259939905e-15
-2.7769553910782157,4.999999999999833,5.945430360713914e-14,-5.8673663114272304e-15
-2.7759551910382076,4.999999999999831,6.006505185207996e-14,-5.9853957951608114e-15
-2.7749549909981996,4.9999999999998295,6.067542743479423e-14,-6.104480345217201e-15
-2.7739547909581916,4.999999999999828,6.128543140981889e-14,-6.224616606146694e-15
-2.7729545909181836,4.999999999999826,6.189506482841063e-14,-6.3458012329405576e-15
-2.7719543908781756,4.999999999999824,6.250432873855612e-14,-6.468030890998346e-15
-2.7709541908381676,4.999999999999822,6.311322418498232e-14,-6.5913022560953476e-15
-2.7699539907981596,4.999999999999821,6.372175220916659e-14,-6.715612014350111e-15
-2.7689537907581516,4.999999999999819,6.432991384934696e-14,-6.840956862192086e-15
-2.7679535907181436,4.999999999999817,6.49377101405321e-14,-6.967333506329362e-15
-2.7669533906781356,4.999999999999815,6.554514211451163e-14,-7.094738663716505e-15
-2.7659531906381276,4.9999999999998135,6.615221079986601e-14,-7.223169061522502e-15
-2.7649529905981196,4.999999999999812,6.67589172219767e-14,-7.352621437098804e-15
-2.7639527905581116,4.99999999999981,6.736526240303611e-14,-7.483092537947463e-15
-2.7629525905181036,4.999999999999808,6.797124736205754e-14,-7.61457912168939e-15
-2.7619523904780956,4.999999999999806,6.857687311488524e-14,-7.747077956032682e-15
-2.7609521904380876,4.999999999999805,6.918214067420422e-14,-7.880585818741068e-15
-2.7599519903980796,4.999999999999803,6.978705104955021e-14,-8.015099497602463e-15
-2.7589517903580716,4.999999999999801,7.039160524731942e-14,-8.150615790397589e-15
-2.7579515903180636,4.999999999999799,7.099580427077842e-14,-8.287131504868729e-15
-2.7569513902780556,4.9999999999997975,7.159964912007396e-14,-8.42464345868856e-15
-2.7559511902380476,4.999999999999796,7.220314079224266e-14,-8.563148479429085e-15
-2.7549509901980396,4.999999999999794,7.280628028122072e-14,-8.702643404530677e-15
-2.7539507901580316,4.999999999999792,7.340906857785376e-14,-8.843125081271187e-15
-2.7529505901180236,4.99999999999979,7.401150666990628e-14,-8.984590366735203e-15
-2.7519503900780156,4.999999999999789,7.461359554207151e-14,-9.127036127783345e-15
-2.7509501900380076,4.999999999999787,7.521533617598078e-14,-9.270459241021702e-15
-2.7499499899979996,4.999999999999785,7.581672955021333e-14,-9.414856592771337e-15
-2.7489497899579916,4.999999999999783,7.641777664030566e-14,-9.560225079037911e-15
-2.7479495899179835,4.9999999999997815,7.701847841876118e-14,-9.706561605481385e-15
-2.7469493898779755,4.99999999999978,7.761883585505959e-14,-9.85386308738582e-15
-2.7459491898379675,4.999999999999778,7.821884991566645e-14,-1.0002126449629285e-14
-2.7449489897979595,4.999999999999776,7.881852156404245e-14,-1.0151348626653843e-14
-2.7439487897579515,4.999999999999774,7.941785176065296e-14,-1.0301526562435635e-14
-2.7429485897179435,4.999999999999773,8.001684146297732e-14,-1.0452657210455072e-14
-2.7419483896779355,4.999999999999771,8.061549162551817e-14,-1.060473753366709e-14
-2.7409481896379275,4.999999999999769,8.121380319981075e-14,-1.0757764504471547e-14
-2.7399479895979195,4.999999999999767,8.181177713443223e-14,-1.0911735104683659e-14
-2.7389477895579115,4.9999999999997655,8.240941437501093e-14,-1.1066646325504574e-14
-2.7379475895179035,4.999999999999764,8.300671586423554e-14,-1.1222495167492005e-14
-2.7369473894778955,4.999999999999762,8.360368254186428e-14,-1.1379278640530976e-14
-2.7359471894378875,4.99999999999976,8.420031534473412e-14,-1.1536993763804656e-14
-2.7349469893978795,4.999999999999758,8.47966152067699e-14,-1.169563756576528e-14
-2.7339467893578715,4.999999999999757,8.539258305899336e-14,-1.1855207084105151e-14
-2.7329465893178635,4.999999999999755,8.59882198295324e-14,-1.201569936572778e-14
-2.7319463892778555,4.999999999999753,8.658352644362986e-14,-1.2177111466719035e-14
-2.7309461892378475,4.999999999999751,8.717850382365276e-14,-1.2339440452318472e-14
-2.7299459891978395,4.9999999999997495,8.777315288910125e-14,-1.2502683396890702e-14
-2.7289457891578315,4.999999999999748,8.836747455661745e-14,-1.2666837383896816e-14
-2.7279455891178235,4.999999999999746,8.896146973999457e-14,-1.2831899505866023e-14
-2.7269453890778155,4.999999999999744,8.955513935018563e-14,-1.2997866864367209e-14
-2.7259451890378075,4.999999999999742,9.014848429531252e-14,-1.3164736569980746e-14
-2.7249449889977995,4.999999999999741,9.074150548067471e-14,-1.3332505742270268e-14
-2.7239447889577915,4.999999999999739,9.133420380875814e-14,-1.3501171509754593e-14
-2.7229445889177835,4.999999999999737,9.192658017924398e-14,-1.3670731009879766e-14
-2.7219443888777755,4.999999999999735,9.251863548901739e-14,-1.384118138899108e-14
-2.7209441888377675,4.9999999999997335,9.311037063217636e-14,-1.4012519802305302e-14
-2.7199439887977594,4.999999999999732,9.370178650004031e-14,-1.418474341388293e-14
-2.7189437887577514,4.99999999999973,9.429288398115884e-14,-1.4357849396600527e-14
-2.7179435887177434,4.999999999999728,9.488366396132029e-14,-1.4531834932123173e-14
-2.7169433886777354,4.999999999999726,9.547412732356053e-14,-1.470669721087699e-14
-2.7159431886377274,4.999999999999725,9.60642749481714e-14,-1.4882433432021747e-14
-2.7149429885977194,4.999999999999723,9.665410771270937e-14,-1.5059040803423565e-14
-2.7139427885577114,4.999999999999721,9.724362649200413e-14,-1.52365165416277e-14
-2.7129425885177034,4.999999999999719,9.783283215816705e-14,-1.5414857871831402e-14
-2.7119423884776954,4.999999999999718,9.842172558059959e-14,-1.5594062027856875e-14
-2.7109421884376874,4.999999999999716,9.901030762600197e-14,-1.577412625212432e-14
-2.7099419883976794,4.999999999999714,9.959857915838148e-14,-1.5955047795625057e-14
-2.7089417883576714,4.999999999999712,1.0018654103906092e-13,-1.6136823917894715e-14
-2.7079415883176634,4.9999999999997105,1.0077419412668695e-13,-1.6319451886986557e-14
-2.7069413882776554,4.999999999999709,1.0136153927723855e-13,-1.650292897944484e-14
-2.7059411882376474,4.999999999999707,1.0194857734403522e-13,-1.668725248027826e-14
-2.7049409881976394,4.999999999999705,1.0253530917774545e-13,-1.687241968293353e-14
-2.7039407881576314,4.999999999999703,1.0312173562639485e-13,-1.705842788926897e-14
-2.7029405881176234,4.999999999999702,1.0370785753537455e-13,-1.7245274409528245e-14
-2.7019403880776154,4.9999999999997,1.0429367574744931e-13,-1.743295656231412e-14
-2.7009401880376074,4.999999999999698,1.0487919110276577e-13,-1.7621471674562377e-14
-2.6999399879975994,4.999999999999696,1.0546440443886064e-13,-1.781081708151576e-14
-2.6989397879575914,4.9999999999996945,1.0604931659066893e-13,-1.8000990126697985e-14
-2.6979395879175834,4.999999999999693,1.0663392839053186e-13,-1.81919881618879e-14
-2.6969393878775754,4.999999999999691,1.0721824066820516e-13,-1.8383808547093647e-14
-2.6959391878375674,4.999999999999689,1.0780225425086716e-13,-1.8576448650526977e-14
-2.6949389877975594,4.999999999999687,1.0838596996312666e-13,-1.8769905848577597e-14
-2.6939387877575514,4.999999999999686,1.0896938862703116e-13,-1.8964177525787608e-14
-2.6929385877175434,4.999999999999684,1.0955251106207471e-13,-1.9159261074826045e-14
-2.6919383876775353,4.999999999999682,1.10135338085206e-13,-1.9355153896463455e-14
-2.6909381876375273,4.99999999999968,1.1071787051083618e-13,-1.9551853399546626e-14
-2.6899379875975193,4.9999999999996785,1.11300109150847e-13,-1.9749357000973297e-14
-2.6889377875575113,4.999999999999677,1.1188205481459842e-13,-1.9947662125667036e-14
-2.6879375875175033,4.999999999999675,1.1246370830893681e-13,-2.0146766206552152e-14
-2.6869373874774953,4.999999999999673,1.1304507043820248e-13,-2.0346666684528684e-14
-2.6859371874374873,4.999999999999671,1.1362614200423774e-13,-2.0547361008447495e-14
-2.6849369873974793,4.99999999999967,1.1420692380639465e-13,-2.0748846635085424e-14
-2.6839367873574713,4.999999999999668,1.147874166415428e-13,-2.0951121029120505e-14
-2.6829365873174633,4.999999999999666,1.153676213040769e-13,-2.1154181663107325e-14
-2.6819363872774553,4.999999999999664,1.1594753858592489e-13,-2.1358026017452347e-14
-2.6809361872374473,4.9999999999996625,1.1652716927655518e-13,-2.156265158038944e-14
-2.6799359871974393,4.999999999999661,1.1710651416298467e-13,-2.1768055847955408e-14
-2.6789357871574313,4.999999999999659,1.1768557402978636e-13,-2.1974236323965576e-14
-2.6779355871174233,4.999999999999657,1.1826434965909673e-13,-2.218119051998953e-14
-2.6769353870774153,4.999999999999655,1.1884284183062375e-13,-2.2388915955326866e-14
-2.6759351870374073,4.999999999999654,1.1942105132165411e-13,-2.2597410156983054e-14
-2.6749349869973993,4.999999999999652,1.1999897890706098e-13,-2.2806670659645372e-14
-2.6739347869573913,4.99999999999965,1.2057662535931152e-13,-2.3016695005658876e-14
-2.6729345869173833,4.999999999999648,1.2115399144847438e-13,-2.3227480745002516e-14
-2.6719343868773757,4.9999999999996465,1.2173107794222713e-13,-2.3439025435265258e-14
-2.6709341868373677,4.999999999999645,1.223078856058638e-13,-2.3651326641622333e-14
-2.6699339867973597,4.999999999999643,1.2288441520230233e-13,-2.3864381936811533e-14
-2.6689337867573517,4.999999999999641,1.234606674920919e-13,-2.4078188901109575e-14
-2.6679335867173437,4.999999999999639,1.2403664323342048e-13,-2.4292745122308568e-14
-2.6669333866773357,4.999999999999638,1.2461234318212206e-13,-2.4508048195692525e-14
-2.6659331866373277,4.999999999999636,1.25187768091684e-13,-2.4724095724013963e-14
-2.6649329865973197,4.999999999999634,1.2576291871325454e-13,-2.4940885317470594e-14
-2.6639327865573117,4.999999999999632,1.263377957956499e-13,-2.5158414593682043e-14
-2.6629325865173037,4.9999999999996305,1.2691240008536168e-13,-2.5376681177666694e-14
-2.6619323864772957,4.999999999999629,1.2748673232656396e-13,-2.5595682701818533e-14
-2.6609321864372877,4.999999999999627,1.2806079326112077e-13,-2.5815416805884176e-14
-2.6599319863972797,4.999999999999625,1.2863458362859321e-13,-2.6035881136939846e-14
-2.6589317863572717,4.999999999999623,1.2920810416624647e-13,-2.625707334936852e-14
-2.6579315863172637,4.999999999999622,1.2978135560905728e-13,-2.647899110483711e-14
-2.6569313862772557,4.99999999999962,1.3035433868972094e-13,-2.6701632072273662e-14
-2.6559311862372477,4.999999999999618,1.3092705413865826e-13,-2.6924993927844743e-14
-2.6549309861972397,4.999999999999616,1.3149950268402298e-13,-2.7149074354932808e-14
-2.6539307861572317,4.9999999999996145,1.3207168505170866e-13,-2.7373871044113643e-14
-2.6529305861172237,4.999999999999613,1.326436019653557e-13,-2.759938169313394e-14
-2.6519303860772157,4.999999999999611,1.3321525414635846e-13,-2.7825604006888866e-14
-2.6509301860372076,4.999999999999609,1.337866423138723e-13,-2.8052535697399793e-14
-2.6499299859971996,4.999999999999607,1.343577671848205e-13,-2.8280174483792e-14
-2.6489297859571916,4.999999999999606,1.3492862947390123e-13,-2.850851809227247e-14
-2.6479295859171836,4.999999999999604,1.354992298935945e-13,-2.873756425610785e-14
-2.6469293858771756,4.999999999999602,1.3606956915416918e-13,-2.896731071560231e-14
-2.6459291858371676,4.9999999999996,1.3663964796368978e-13,-2.9197755218075667e-14
-2.6449289857971596,4.9999999999995985,1.3720946702802335e-13,-2.942889551784142e-14
-2.6439287857571516,4.999999999999597,1.3777902705084634e-13,-2.9660729376184906e-14
-2.6429285857171436,4.999999999999595,1.3834832873365156e-13,-2.989325456134156e-14
-2.6419283856771356,4.999999999999593,1.3891737277575483e-13,-3.0126468848475204e-14
-2.6409281856371276,4.999999999999591,1.3948615987430185e-13,-3.0360370019656406e-14
-2.6399279855971196,4.99999999999959,1.4005469072427495e-13,-3.0594955863840976e-14
-2.6389277855571116,4.999999999999588,1.4062296601849988e-13,-3.083022417684833e-14
-2.6379275855171036,4.999999999999586,1.4119098644765253e-13,-3.10661727613402e-14
-2.6369273854770956,4.999999999999584,1.4175875270026558e-13,-3.1302799426799205e-14
-2.6359271854370876,4.999999999999583,1.423262654627353e-13,-3.154010198950757e-14
-2.6349269853970796,4.999999999999581,1.4289352541932811e-13,-3.1778078272525906e-14
-2.6339267853570716,4.999999999999579,1.434605332521873e-13,-3.201672610567204e-14
-2.6329265853170636,4.999999999999577,1.440272896413396e-13,-3.2256043325499924e-14
-2.6319263852770556,4.9999999999995755,1.445937952647018e-13,-3.249602777527856e-14
-2.6309261852370476,4.999999999999574,1.451600507980874e-13,-3.2736677304971127e-14
-2.6299259851970396,4.999999999999572,1.4572605691521313e-13,-3.297798977121403e-14
-2.6289257851570316,4.99999999999957,1.4629181428770539e-13,-3.321996303729603e-14
-2.6279255851170236,4.999999999999568,1.46857323585107e-13,-3.346259497313756e-14
-2.6269253850770156,4.999999999999567,1.4742258547488346e-13,-3.3705883455269986e-14
-2.6259251850370076,4.999999999999565,1.479876006224296e-13,-3.3949826366814934e-14
-2.6249249849969996,4.999999999999563,1.4855236969107598e-13,-3.4194421597463815e-14
-2.6239247849569916,4.999999999999561,1.491168933420953e-13,-3.44396670434572e-14
-2.6229245849169835,4.9999999999995595,1.496811722347088e-13,-3.4685560607564456e-14
-2.6219243848769755,4.999999999999558,1.5024520702609297e-13,-3.493210019906332e-14
-2.6209241848369675,4.999999999999556,1.508089983713854e-13,-3.517928373371967e-14
-2.6199239847969595,4.999999999999554,1.513725469236915e-13,-3.5427109133767166e-14
-2.6189237847569515,4.999999999999552,1.5193585333409076e-13,-3.567557432788711e-14
-2.6179235847169435,4.999999999999551,1.5249891825164316e-13,-3.5924677251188355e-14
-2.6169233846769355,4.999999999999549,1.5306174232339524e-13,-3.617441584518717e-14
-2.6159231846369275,4.999999999999547,1.536243261943866e-13,-3.642478805778734e-14
-2.6149229845969195,4.999999999999545,1.5418667050765605e-13,-3.6675791843260136e-14
-2.6139227845569115,4.9999999999995435,1.547487759042479e-13,-3.6927425162224465e-14
-2.6129225845169035,4.999999999999542,1.5531064302321822e-13,-3.7179685981627144e-14
-2.6119223844768955,4.99999999999954,1.558722725016409e-13,-3.7432572274722996e-14
-2.6109221844368875,4.999999999999538,1.5643366497461396e-13,-3.7686082021055335e-14
-2.6099219843968795,4.999999999999536,1.5699482107526564e-13,-3.794021320643622e-14
-2.6089217843568715,4.999999999999535,1.5755574143476067e-13,-3.8194963822926925e-14
-2.6079215843168635,4.999999999999533,1.581164266823062e-13,-3.8450331868818464e-14
-2.6069213842768555,4.999999999999531,1.586768774451581e-13,-3.870631534861213e-14
-2.6059211842368475,4.999999999999529,1.5923709434862688e-13,-3.896291227300011e-14
-2.6049209841968395,4.9999999999995275,1.597970780160839e-13,-3.9220120658846164e-14
-2.6039207841568315,4.999999999999526,1.6035682906896731e-13,-3.94779385291664e-14
-2.6029205841168235,4.999999999999524,1.609163481267882e-13,-3.973636391311004e-14
-2.6019203840768155,4.999999999999522,1.6147563580713647e-13,-3.999539484594028e-14
-2.6009201840368075,4.99999999999952,1.6203469272568688e-13,-4.025502936901527e-14
-2.5999199839967995,4.999999999999519,1.6259351949620534e-13,-4.0515265529769046e-14
-2.5989197839567915,4.999999999999517,1.631521167305555e-13,-4.077610138169259e-14
-2.5979195839167835,4.999999999999515,1.6371048503870962e-13,-4.103753498431498e-14
-2.5969193838767755,4.999999999999513,1.6426862502878318e-13,-4.1299564403185024e-14
-2.5959191838367675,4.9999999999995115,1.6482653730720556e-13,-4.1562187709854617e-14
-2.5949189837967594,4.99999999999951,1.6538422247968552e-13,-4.182540298187299e-14
-2.5939187837567514,4.999999999999508,1.6594168115680512e-13,-4.20892083028418e-14
-2.5929185837167434,4.999999999999506,1.664989139864333e-13,-4.2353601762816876e-14
-2.5919183836767354,4.999999999999504,1.6705592183762616e-13,-4.261858146063653e-14
-2.5909181836367274,4.999999999999503,1.676127068309537e-13,-4.288414551671339e-14
-2.5899179835967194,4.999999999999501,1.6816927834667596e-13,-4.315029214313758e-14
-2.5889177835567114,4.999999999999499,1.6872569186154284e-13,-4.3417020045945815e-14
-2.5879175835167034,4.999999999999497,1.692822619874434e-13,-4.3684330533142214e-14
-2.5869173834766954,4.9999999999994955,1.6984067793712112e-13,-4.3952237480598063e-14
-2.5859171834366874,4.999999999999494,1.7041108307224223e-13,-4.422081465978333e-14
-2.5849169833966794,4.999999999999492,1.7106589287014125e-13,-4.4490408090626875e-14
-2.5839167833566714,4.99999999999949,1.7199591920113692e-13,-4.4761836993828653e-14
-2.5829165833166634,4.999999999999487,1.7344174476420112e-13,-4.503631639391042e-14
-2.5819163832766554,4.999999999999482,1.7526026933856072e-13,-4.531487296912509e-14
-2.5809161832366474,4.999999999999477,1.7758407842211619e-13,-4.5598970486301426e-14
-2.5799159831966394,4.99999999999947,1.8066679669840832e-13,-4.589049116889387e-14
-2.5789157831566314,4.999999999999461,1.844795091286996e-13,-4.619131470265913e-14
-2.5779155831166234,4.99999999999945,1.891639732325815e-13,-4.650376274208965e-14
-2.5769153830766154,4.999999999999438,1.9504396258006212e-13,-4.6830926501271576e-14
-2.5759151830366074,4.999999999999421,2.023548234771437e-13,-4.717647755364915e-14
-2.5749149829965994,4.999999999999401,2.1100993399345697e-13,-4.754412299760638e-14
-2.5739147829565914,4.999999999999378,2.213464284133478e-13,-4.7938317670857306e-14
-2.5729145829165834,4.999999999999351,2.3368191254120627e-13,-4.836392924646575e-14
-2.5719143828765754,4.999999999999318,2.48202359601847e-13,-4.8826300218722537e-14
-2.5709141828365674,4.99999999999928,2.6528466540462157e-13,-4.9331930724355606e-14
-2.5699139827965594,4.999999999999235,2.8523949237806427e-13,-4.988831461583033e-14
-2.5689137827565514,4.999999999999183,3.0847568131808084e-13,-5.050406483723472e-14
-2.5679135827165434,4.9999999999991225,3.354945495656986e-13,-5.118910985883303e-14
-2.5669133826765353,4.999999999999051,3.6701931570312504e-13,-5.195488037349523e-14
-2.5659131826365273,4.99999999999897,4.0353569261247025e-13,-5.2813971767253036e-14
-2.5649129825965193,4.999999999998875,4.4572256883119876e-13,-5.378109669948172e-14
-2.5639127825565113,4.999999999998765,4.94563948862983e-13,-5.4873458822484056e-14
-2.5629125825165033,4.999999999998638,5.508776677910734e-13,-5.611038562693195e-14
-2.5619123824764953,4.999999999998493,6.158919477164698e-13,-5.751429207277135e-14
-2.5609121824364873,4.999999999998325,6.909168809160549e-13,-5.911076008507613e-14
-2.5599119823964793,4.99999999999813,7.774142645487118e-13,-6.092904315977564e-14
-2.5589117823564713,4.9999999999979075,8.769343480033164e-13,-6.300251111768316e-14
-2.5579115823164633,4.999999999997651,9.91296085622629e-13,-6.536945856392848e-14
-2.5569113822764553,4.999999999997355,1.122675929938941e-12,-6.807390026625282e-14
-2.5559111822364473,4.999999999997017,1.2735203981264745e-12,-7.11661934125261e-14
-2.5549109821964393,4.999999999996628,1.4467764886926783e-12,-7.470383477551304e-14
-2.5539107821564313,4.999999999996182,1.645492104897484e-12,-7.875185320939825e-14
-2.5529105821164233,4.999999999995671,1.873205861720312e-12,-8.338467374513253e-14
-2.5519103820764153,4.999999999995086,2.134062379259933e-12,-8.868762165767173e-14
-2.5509101820364073,4.999999999994416,2.432779383163104e-12,-9.475797060267135e-14
-2.5499099819963993,4.999999999993649,2.7744530538516267e-12,-1.0170631971218687e-13
-2.5489097819563913,4.999999999992772,3.16515830726539e-12,-1.0965920056889617e-13
-2.5479095819163833,4.999999999991769,3.611917655209946e-12,-1.1876076956920815e-13
-2.5469093818763753,4.999999999990624,4.1222190268189524e-12,-1.2917438815802965e-13
-2.5459091818363673,4.999999999989317,4.7050529440255124e-12,-1.4108639942273933e-13
-2.5449089817963593,4.999999999987825,5.370255060626673e-12,-1.5470823462561025e-13
-2.5439087817563513,4.999999999986122,6.128902503557309e-12,-1.7028015303923436e-13
-2.5429085817163433,4.9999999999841815,6.993980151619955e-12,-1.8807589887751815e-13
-2.5419083816763353,4.999999999981969,7.979900330631283e-12,-2.084061664780632e-13
-2.5409081816363273,4.999999999979449,9.102960325914676e-12,-2.31623427888433e-13
-2.5399079815963193,4.9999999999765805,1.0381410477730581e-11,-2.5812740955290225e-13
-2.5389077815563112,4.999999999973316,1.183626628203824e-11,-2.8837199745476097e-13
-2.5379075815163032,4.999999999969601,1.349122940306125e-11,-3.228715539555917e-13
-2.5369073814762952,4.99999999996538,1.537280169890475e-11,-3.622084525350327e-13
-2.5359071814362872,4.999999999960582,1.7510878054835918e-11,-4.070423505339919e-13
-2.5349069813962792,4.999999999955132,1.9939552079195097e-11,-4.581204808224293e-13
-2.5339067813562712,4.999999999948945,2.2696994544372614e-11,-5.162879547370222e-13
-2.5329065813162632,4.999999999941923,2.5825984313143927e-11,-5.825003710096515e-13
-2.5319063812762552,4.999999999933958,2.937520618710387e-11,-6.5783856218774e-13
-2.530906181236247,4.999999999924928,3.339908568244184e-11,-7.4352315161556e-13
-2.529905981196239,4.999999999914695,3.7959194112295375e-11,-8.409327987721753e-13
-2.528905781156231,4.999999999903103,4.312464970071995e-11,-9.516235736477863e-13
-2.527905581116223,4.99999999988998,4.897290419962499e-11,-1.0773511247717326e-12
-2.526905381076215,4.9999999998751266,5.559121512090538e-11,-1.2200959501096258e-12
-2.525905181036207,4.999999999858325,6.307757329278034e-11,-1.3820906553593516e-12
-2.524904980996199,4.9999999998393285,7.154228040429851e-11,-1.5658510626994723e-12
-2.523904780956191,4.999999999817859,8.110861567507448e-11,-1.7742098334624184e-12
-2.522904580916183,4.999999999793606,9.191472739264148e-11,-2.01035536441099e-12
-2.521904380876175,4.999999999766222,1.0411610592498162e-10,-2.2778759232083862e-12
-2.520904180836167,4.999999999735316,1.1788663421791523e-10,-2.580806790182175e-12
-2.519903980796159,4.999999999700451,1.3342092183450718e-10,-2.9236838003653857e-12
-2.518903780756151,4.999999999661137,1.509370542591984e-10,-3.3116035654938495e-12
-2.517903580716143,4.999999999616827,1.7067871869604474e-10,-3.750289403859832e-12
-2.516903380676135,4.999999999566911,1.9291856675487298e-10,-4.246165839968711e-12
-2.515903180636127,4.999999999510702,2.179616540917464e-10,-4.806441676406521e-12
-2.514902980596119,4.999999999447436,2.4614842470379953e-10,-5.439201222046184e-12
-2.513902780556111,4.99999999937626,2.7785886967359845e-10,-6.153506465793263e-12
-2.512902580516103,4.99999999929622,3.1351757602133523e-10,-6.9595113008136065e-12
-2.511902380476095,4.9999999992062545,3.53597840137649e-10,-7.868586717343324e-12
-2.510902180436087,4.999999999105179,3.9862741130822387e-10,-8.893461204481898e-12
-2.509901980396079,4.999999998991671,4.491947542490387e-10,-1.0048376554069331e-11
-2.508901780356071,4.99999999886426,5.059550506042032e-10,-1.1349259305923862e-11
-2.507901580316063,4.999999998721308,5.696378651864996e-10,-1.2813912012023552e-11
-2.506901380276055,4.999999998560993,6.410551588065191e-10,-1.4462225204473586e-11
-2.505901180236047,4.999999998381285,7.211101055839813e-10,-1.6316411987006012e-11
-2.504900980196039,4.9999999981799315,8.108066063023952e-10,-1.8401267269601304e-11
-2.503900780156031,4.999999997954426,9.112603401039354e-10,-2.0744455288817546e-11
-2.502900580116023,4.999999997701987,1.0237106888760534e-09,-2.3376827189700834e-11
-2.501900380076015,4.999999997419525,1.14953313165256e-09,-2.6332771265988577e-11
-2.500900180036007,4.999999997103611,1.2902539728149766e-09,-2.965060102482489e-11
-2.499899979995999,4.9999999967504465,1.4475663288201555e-09,-3.337298351409552e-11
-2.498899779955991,4.999999996355816,1.623346702297274e-09,-3.754741113174132e-11
-2.497899579915983,4.99999999591505,1.8196743107333758e-09,-4.22267228852675e-11
-2.496899379875975,4.999999995422978,2.038851913452894e-09,-4.7469678392430794e-11
-2.495899179835967,4.9999999948738765,2.283427956311233e-09,-5.33415901728969e-11
-2.494898979795959,4.999999994261412,2.556221979360005e-09,-5.99150215473458e-11
-2.493898779755951,4.999999993578583,2.8603521684861175e-09,-6.727055373501747e-11
-2.492898579715943,4.99999999281765,3.1992648276277144e-09,-7.549762860218467e-11
-2.491898379675935,4.999999991970062,3.5767670057666484e-09,-8.469547629405875e-11
-2.490898179635927,4.999999991026379,3.997062439846875e-09,-9.497413514381645e-11
-2.489897979595919,4.999999989976181,4.464790376706293e-09,-1.064555711811566e-10
-2.488897779555911,4.999999988807973,4.9850684580561245e-09,-1.192749076981229e-10
-2.487897579515903,4.999999987509082,5.5635390391924706e-09,-1.3358177421503348e-10
-2.486897379475895,4.999999986065543,6.206419890418934e-09,-1.495417857338224e-10
-2.485897179435887,4.999999984461972,6.920559599681145e-09,-1.6733816386544187e-10
-2.484896979395879,4.999999982681434,7.713498019183357e-09,-1.8717351336316681e-10
-2.483896779355871,4.999999980705292,8.593531712317653e-09,-2.0927176708207652e-10
-2.482896579315863,4.99999997851305,9.569785467833042e-09,-2.338803145641066e-10
-2.481896379275855,4.999999976082175,1.0652290224607961e-08,-2.61272329971726e-10
-2.480896179235847,4.999999973387911,1.1852066990734572e-08,-2.917493161500788e-10
-2.479895979195839,4.999999970403067,1.3181219025578697e-08,-3.2564388618496716e-10
-2.478895779155831,4.9999999670978,1.4653031372193094e-08,-3.6332280026902375e-10
-2.477895579115823,4.999999963439367,1.628207941233282e-08,-4.0519028049904797e-10
-2.476895379075815,4.999999959391862,1.808434560819742e-08,-4.5169162600594977e-10
-2.475895179035807,4.99999995491593,2.0077346868589062e-08,-5.033171557199659e-10
-2.474894978995799,4.99999994996846,2.2280272608892293e-08,-5.606065050159962e-10
-2.473894778955791,4.999999944502249,2.47141335389542e-08,-6.241533042681075e-10
-2.472894578915783,4.999999938465633,2.7401923469328838e-08,-6.946102726486835e-10
-2.471894378875775,4.999999931802104,3.036879349253092e-08,-7.726947595367737e-10
-2.470894178835767,4.999999924449879,3.364224090810372e-08,-8.591947708165648e-10
-2.469893978795759,4.999999916341445,3.725231312987033e-08,-9.549755179680807e-10
-2.468893778755751,4.999999907403064,4.123182719696084e-08,-1.060986531260211e-09
-2.467893578715743,4.999999897554236,4.561660774121523e-08,-1.1782693833840433e-09
-2.466893378675735,4.99999988670713,5.044574286314758e-08,-1.3079660692225295e-09
-2.465893178635727,4.999999874765956,5.576185959366402e-08,-1.4513280930285865e-09
-2.464892978595719,4.999999861626305,6.161142147984679e-08,-1.6097263187813625e-09
-2.463892778555711,4.999999847174423,6.804504807534447e-08,-1.7846616398768206e-09
-2.462892578515703,4.99999983128644,7.511785856149936e-08,-1.977776530797177e-09
-2.461892378475695,4.999999813827544,8.288984224195065e-08,-2.190867548622322e-09
-2.460892178435687,4.999999794651075,9.142625546462035e-08,-2.4258988520709196e-09
-2.459891978395679,4.99999977359758,1.0079804769179514e-07,-2.6850168137305188e-09
-2.458891778355671,4.999999750493774,1.110823198114261e-07,-2.9705658073511507e-09
-2.457891578315663,4.999999725151439,1.22362814976565e-07,-3.285105252897649e-09
-2.456891378275655,4.999999697366244,1.3473044418109166e-07,-3.6314280089931013e-09
-2.455891178235647,4.99999966691647,1.4828384971167358e-07,-4.012580209999171e-09
-2.454890978195639,4.9999996335616625,1.6313000822139422e-07,-4.431882648711352e-09
-2.453890778155631,4.999999597041175,1.7938487607017664e-07,-4.892953812209636e-09
-2.452890578115623,4.999999557072618,1.9717407881044542e-07,-5.39973468418968e-09
-2.451890378075615,4.999999513350205,2.1663364770186608e-07,-5.9565154342665626e-09
-2.450890178035607,4.999999465542977,2.37910806452533e-07,-6.567964122046414e-09
-2.449889977995599,4.999999413292923,2.611648102901464e-07,-7.239157550388412e-09
-2.448889777955591,4.999999356212958,2.8656784108096826e-07,-7.975614411030985e-09
-2.447889577915583,4.99999929388478,3.1430596055039706e-07,-8.783330870592293e-09
-2.446889377875575,4.99999922585659,3.445801257411939e-07,-9.668818755856859e-09
-2.445889177835567,4.999999151640654,3.7760726979570847e-07,-1.0639146505296342e-08
-2.444888977795559,4.999999070710718,4.1362145126863813e-07,-1.1701983061457707e-08
-2.443888777755551,4.999998982499265,4.52875074943815e-07,-1.286564488728586e-08
-2.442888577715543,4.999998886394588,4.956401891764306e-07,-1.4139146301508066e-08
-2.441888377675535,4.9999987817376965,5.422098627940378e-07,-1.5532253335125443e-08
-2.440888177635527,4.999998667819029,5.928996447140685e-07,-1.705554132101033e-08
-2.439887977595519,4.999998543874969,6.480491118915068e-07,-1.8720456441376717e-08
-2.438887777555511,4.999998409084154,7.080235083576487e-07,-2.0539381464601613e-08
-2.437887577515503,4.9999982625635715,7.732154798735855e-07,-2.2525705915685164e-08
-2.436887377475495,4.999998103364429,8.440469091421821e-07,-2.4693900935988702e-08
-2.435887177435487,4.999997930467783,9.209708552136202e-07,-2.7059599097022032e-08
-2.434886977395479,4.999997742779934,1.0044736013053606e-06,-2.9639679445358085e-08
-2.433886777355471,4.999997539127552,1.0950768170307943e-06,-3.245235806929626e-08
-2.432886577315463,4.999997318252543,1.1933398387326337e-06,-3.551728448637658e-08
-2.431886377275455,4.999997078806642,1.2998620721039598e-06,-3.8855644163077764e-08
-2.430886177235447,4.999996819345708,1.415285522923122e-06,-4.2490267492342236e-08
-2.429885977195439,4.999996538323729,1.5402974599767773e-06,-4.6445745564335535e-08
-2.428885777155431,4.999996234086514,1.6756332153757434e-06,-5.0748553078741605e-08
-2.427885577115423,4.999995904865064,1.8220791266792497e-06,-5.5427178758967945e-08
-2.426885377075415,4.999995548768614,1.980475626678221e-06,-6.051226364207552e-08
-2.425885177035407,4.999995163777326,2.1517204848369764e-06,-6.603674762769637e-08
-2.424884976995399,4.99999474773464,2.336772203981702e-06,-7.20360246807204e-08
-2.423884776955391,4.999994298339248,2.5366535803633453e-06,-7.854810709988134e-08
-2.422884576915383,4.999993813136703,2.752455428883572e-06,-8.561379926946825e-08
-2.421884376875375,4.999993289510636,2.9853404785332294e-06,-9.327688132520497e-08
-2.420884176835367,4.999992724673582,3.2365474439689507e-06,-1.0158430317777729e-07
-2.419883976795359,4.999992115657401,3.5073952753179787e-06,-1.1058638934521197e-07
-2.418883776755351,4.999991459303274,3.7992875934714564e-06,-1.2033705506050572e-07
-2.417883576715343,4.999990752251292,4.113717311819583e-06,-1.3089403412319332e-07
-2.416883376675335,4.999989990929595,4.452271449566163e-06,-1.4231911897812797e-07
-2.415883176635327,4.999989171543083,4.816636140908089e-06,-1.546784135133892e-07
-2.414882976595319,4.999988290061669,5.208601842203818e-06,-1.680425990742855e-07
-2.413882776555311,4.999987342208082,5.6300687407863636e-06,-1.8248721419881287e-07
-2.412882576515303,4.999986323445207,6.083052367727059e-06,-1.9809294858566208e-07
-2.411882376475295,4.999985228962954,6.569689417509921e-06,-2.1494595181207503e-07
-2.410882176435287,4.9999840536646625,7.092243775725508e-06,-2.3313815732094644e-07
-2.409881976395279,4.999982792153024,7.653112756727776e-06,-2.527676222013606e-07
-2.408881776355271,4.999981438715531,8.254833552890468e-06,-2.739388832885366e-07
-2.407881576315263,4.999979987309442,8.9000898944896e-06,-2.9676333010661887e-07
-2.406881376275255,4.9999784315462765,9.591718921476021e-06,-3.21359595180426e-07
-2.4058811762352468,4.999976764675817,1.033271826632959e-05,-3.4785396223843735e-07
-2.4048809761952388,4.999974979569655,1.1126253346373431e-05,-3.763807928241427e-07
-2.4038807761552308,4.999973068704239,1.1975664864731222e-05,-4.0708297182891983e-07
-2.4028805761152228,4.999971024143486,1.2884476515951235e-05,-4.401123724498228e-07
-2.401880376075215,4.999968837520906,1.3856402894380743e-05,-4.756303410682315e-07
-2.400880176035207,4.999966500021294,1.4895357600830396e-05,-5.138082025315548e-07
-2.399879975995199,4.999964002361975,1.6005461542274397e-05,-5.548277863077693e-07
-2.398879775955191,4.999961334773619,1.719105141920402e-05,-5.988819739676756e-07
-2.397879575915183,4.999958486980648,1.8456688396088286e-05,-6.46175268432665e-07
-2.396879375875175,4.999955448181241,1.9807166944072338e-05,-6.9692438539954e-07
-2.395879175835167,4.999952207026964,2.1247523849403534e-05,-7.513588673375958e-07
-2.394878975795159,4.9999487516020364,2.2783047380342215e-05,-8.097217204278955e-07
-2.393878775755151,4.999945069402267,2.441928659825118e-05,-8.722700747797933e-07
-2.392878575715143,4.999941147313681,2.616206080465542e-05,-9.392758682374766e-07
-2.391878375675135,4.999936971590854,2.801746911137715e-05,-1.0110265540520295e-06
-2.390878175635127,4.999932527835005,2.9991900119531995e-05,-1.0878258326583766e-06
-2.389877975595119,4.999927800971862,3.209204169356398e-05,-1.169994407759872e-06
-2.388877775555111,4.9999227752293365,3.4324890815505866e-05,-1.2578707668815196e-06
-2.387877575515103,4.99991743411506,3.669776350182258e-05,-1.3518119865064202e-06
-2.386877375475095,4.999911760393804,3.921830476512428e-05,-1.4521945618641508e-06
-2.385877175435087,4.999905736064827,4.189449860341909e-05,-1.5594152613920177e-06
-2.384876975395079,4.999899342339207,4.4734677995396556e-05,-1.673892005833835e-06
-2.383876775355071,4.999892559617196,4.7747534881588174e-05,-1.796064771887147e-06
-2.382876575315063,4.999885367465644,5.094213010873571e-05,-1.926396520250619e-06
-2.381876375275055,4.999877744595546,5.4327903315084005e-05,-2.0653741478644192e-06
-2.380876175235047,4.9998696688397795,5.791468273209724e-05,-2.213509464070741e-06
-2.379875975195039,4.999861117131064,6.171269487710278e-05,-2.371340190354842e-06
-2.378875775155031,4.999852065480224,6.573257411108192e-05,-2.5394309832595657e-06
-2.377875575115023,4.999842488954801,6.998537203387426e-05,-2.7183744799945674e-06
-2.376875375075015,4.999832361658093,7.448256669029248e-05,-2.908792366189998e-06
-2.375875175035007,4.9998216567086615,7.923607155677923e-05,-3.111336465165291e-06
-2.374874974994999,4.999810346220404,8.42582442790311e-05,-3.3266898480080852e-06
-2.373874774954991,4.999798401283239,8.956189513169468e-05,-3.555567963681334e-06
-2.372874574914983,4.9997857919444675,9.516029516807896e-05,-3.7987197882931174e-06
-2.371874374874975,4.999772487190911,0.00010106718402788398,-4.056928992581704e-06
-2.370874174834967,4.999758454931866,0.00010729677737209363,-4.3310151265872375e-06
-2.369873974794959,4.999743661982973,0.00011386377391251905,-4.62183482039652e-06
-2.368873774754951,4.9997280740510455,0.00012078336200190183,-4.9302829997606465e-06
-2.367873574714943,4.999711655719973,0.0001280712257535725,-5.257294115303558e-06
-2.366873374674935,4.999694370437733,0.0001357435506560173,-5.603843383951053e-06
-2.365873174634927,4.999676180504606,0.00014381702865059895,-5.97094804112817e-06
-2.364872974594919,4.999657047062674,0.00015230886263906148,-6.359668602186747e-06
-2.363872774554911,4.999636930086653,0.00016123677038804658,-6.771110131441073e-06
-2.362872574514903,4.999615788376156,0.00017061898779973005,-7.2064235171088825e-06
-2.361872374474895,4.999593579549445,0.00018047427151490232,-7.666806750371948e-06
-2.360872174434887,4.99957026003874,0.00019082190081932534,-8.153506206695023e-06
-2.359871974394879,4.999545785087172,0.00020168167882256199,-8.667817927462099e-06
-2.358871774354871,4.999520108747412,0.00021307393287982844,-9.211088899916686e-06
-2.357871574314863,4.999493183882082,0.00022501951422922457,-9.78471833332238e-06
-2.356871374274855,4.999464962165969,0.00023753979681694737,-1.0390158929191329e-05
-2.355871174234847,4.999435394090131,0.000250656675285269,-1.1028918143365594e-05
-2.354870974194839,4.999404428967935,0.0002643925620991798,-1.1702559437676232e-05
-2.353870774154831,4.999372014943073,0.00027877038378854165,-1.241270351884919e-05
-2.352870574114823,4.99933809899962,0.00029381357628684623,-1.3161029562279126e-05
-2.351870374074815,4.999302626974166,0.00030954607934619336,-1.394927641824371e-05
-2.350870174034807,4.999265543570057,0.00032599233001233375,-1.4779243798094192e-05
-2.349869973994799,4.999226792373788,0.0003431772551451007,-1.5652793437923472e-05
-2.348869773954791,4.999186315873569,0.00036112626297204813,-1.657185023718602e-05
-2.347869573914783,4.999144055480094,0.00037986523366733896,-1.7538403369724162e-05
-2.346869373874775,4.999099951549521,0.0003994205089450719,-1.8554507364634452e-05
-2.345869173834767,4.9990539434086845,0.00041981888066408926,-1.962228315440736e-05
-2.344868973794759,4.999005969382537,0.00044108757844326876,-2.074391908777287e-05
-2.343868773754751,4.998955966823831,0.0004632542562863688,-2.192167190468904e-05
-2.342868573714743,4.998903872145012,0.00048634697822127197,-2.3157867670927662e-05
-2.341868373674735,4.998849620852339,0.0005103942029596237,-2.4454902669731747e-05
-2.340868173634727,4.998793147582189,0.0005354247675857986,-2.581524424805094e-05
-2.339867973594719,4.9987343861395255,0.0005614678702884245,-2.7241431614901042e-05
-2.338867773554711,4.998673269538497,0.0005885530521505848,-2.873607658943947e-05
-2.337867573514703,4.998609730045133,0.00061671017801518,-3.030186429640001e-05
-2.336867373474695,4.998543699222071,0.0006459694164489414,-3.194155380659711e-05
-2.335867173434687,4.998475107975282,0.0006763612188294371,-3.365797872027829e-05
-2.334866973394679,4.99840388660272,0.0007079162975809185,-3.5454047691179554e-05
-2.333866773354671,4.998329964844826,0.0007406656035919756,-3.733274488922906e-05
-2.332866573314663,4.998253271936827,0.000774640302845796,-3.929713039993268e-05
-2.331866373274655,4.998173736662734,0.0008098717523016047,-4.135034055858066e-05
-2.330866173234647,4.99809128741096,0.0008463914750653704,-4.349558821751963e-05
-2.329865973194639,4.998005852231468,0.0008842311348896404,-4.5736162944846374e-05
-2.328865773154631,4.9979173588943375,0.0009234225100488831,-4.8075431153007315e-05
-2.327865573114623,4.997825734949669,0.0009639974666356842,-5.051683615591069e-05
-2.326865373074615,4.9977309077886884,0.001005987931326591,-5.306389815329211e-05
-2.325865173034607,4.997632804705971,0.001049425863668325,-5.572021414121276e-05
-2.324864972994599,4.997531352962631,0.001094343227937584,-5.848945774771372e-05
-2.323864772954591,4.997426479850388,0.0011407719646277282,-6.137537899279547e-05
-2.322864572914583,4.997318112756363,0.0011887439616196686,-6.438180397204658e-05
-2.321864372874575,4.997206179228483,0.0012382910250944912,-6.75126344633996e-05
-2.320864172834567,4.997090607041361,0.0012894448502456723,-7.077184745664814e-05
-2.319863972794559,4.99697132426252,0.0013422369918510047,-7.416349460552211e-05
-2.318863772754551,4.9968482593188215,0.0013966988347640017,-7.769170160227954e-05
-2.317863572714543,4.996721341062961,0.0014528615643882976,-8.136066747494021e-05
-2.316863372674535,4.996590498839902,0.001510756137194069,-8.517466380744405e-05
-2.315863172634527,4.99645566255309,0.0015704132513380388,-8.913803388318559e-05
-2.314862972594519,4.996316762730328,0.0016318633174507392,-9.325519175254115e-05
-2.313862772554511,4.996173730589173,0.0016951364296505871,-9.753062122516484e-05
-2.312862572514503,4.996026498101695,0.001760262336845467,-0.00010196887478799097
-2.311862372474495,4.995874998058499,0.0018272704143834292,-0.00010657457245004096
-2.310862172434487,4.995719164131842,0.0018961896361100055,-0.00011135240051528718
-2.309861972394479,4.995558930937738,0.001967048546889945,-0.00011630711028497696
-2.308861772354471,4.995394234096917,0.0020398752356523392,-0.00012144351669097471
-2.307861572314463,4.9952250102945,0.0021146973090114627,-0.00012676649686181552
-2.306861372274455,4.995051197338293,0.002191541865517703,-0.0001322809886233089
-2.305861172234447,4.994872734215571,0.00227043547059128,-0.00013799198893566455
-2.304860972194439,4.994689561148228,0.0023514041321857217,-0.00014390455226923556
-2.303860772154431,4.994501619646214,0.0024344732772306425,-0.00015002378892110214
-2.302860572114423,4.99430885255914,0.002519667728896853,-0.0001563548632748277
-2.301860372074415,4.994111204125947,0.0026070116847265964,-0.0001629029920058323
-2.300860172034407,4.99390862002257,0.002696528695669761,-0.0001696734422349266
-2.299859971994399,4.993701047407506,0.002788241646060048,-0.0001766715296326411
-2.298859771954391,4.993488434965191,0.0028821727345687297,-0.00018390261647707507
-2.297859571914383,4.993270732947143,0.0029783434561643962,-0.00019137210966806078
-2.296859371874375,4.993047893210786,0.0030767745851069442,-0.0001990854587005122
-2.295859171834367,4.992819869255909,0.003177486159003821,-0.00020704815359988757
-2.294858971794359,4.992586616258701,0.0032804974639460516,-0.0002152657228227432
-2.293858771754351,4.992348091103329,0.003385827020745844,-0.00022374373112540232
-2.292858571714343,4.992104252411008,0.003493492572290847,-0.00023248777740379986
-2.291858371674335,4.99185506056655,0.0036035110720272234,-0.00024150349250758767
-2.290858171634327,4.991600477742359,0.00371589867358158,-0.00025079653703160334
-2.289857971594319,4.991340467919856,0.0038306707215270647,-0.00026037259908781417
-2.288857771554311,4.991074996908338,0.003947841743297862,-0.00027023739206085253
-2.287857571514303,4.990804032361251,0.004067425442251837,-0.00028039665235024964
-2.286857371474295,4.990527543789896,0.004189434691878309,-0.0002908561371024595
-2.285857171434287,4.990245502574574,0.004313881531146254,-0.000301621621935747
-2.284856971394279,4.989957881973195,0.004440777160983425,-0.0003126988986609764
-2.283856771354271,4.989664657127356,0.004570131941876163,-0.00032409377300130935
-2.282856571314263,4.989365805065944,0.0047019553925756845,-0.00033581206231376683
-2.281856371274255,4.9890613047062775,0.004836256189894025,-0.00034785959331556986
-2.2808561712342468,4.988751136852839,0.004973042169572575,-0.0003602421998181067
-2.2798559711942388,4.988435284193646,0.005112320328200615,-0.00037296572047131933
-2.2788557711542308,4.9881137312943,0.005254096826161236,-0.0003860359965212282
-2.2778555711142228,4.987786464589781,0.005398376991580718,-0.00039945886958324503
-2.2768553710742148,4.987453472374042,0.005545165325253097,-0.0004132401794338416
-2.2758551710342068,4.987114744787467,0.005694465506510393,-0.0004273857618230586
-2.2748549709941988,4.986770273802263,0.005846280400011128,-0.00044190144631025527
-2.2738547709541908,4.986420053205848,0.006000612063412863,-0.0004567930541254096
-2.2728545709141827,4.986064078582323,0.006157461755895962,-0.0004720663960581775
-2.2718543708741747,4.98570234729209,0.006316829947505502,-0.00048772727037683526
-2.2708541708341667,4.9853348584497095,0.006478716329274878,-0.0005037814607791145
-2.2698539707941587,4.9849616129000545,0.006643119824095605,-0.0005202347343768539
-2.2688537707541507,4.984582613192876,0.006810038598296424,-0.0005370928397162725
-2.2678535707141427,4.984197863555835,0.0069794700738936245,-0.0005543615048355781
-2.2668533706741347,4.983807369866103,0.007151410941474844,-0.0005720464353615055
-2.2658531706341267,4.983411139620605,0.007325857173678809,-0.0005901533126462897
-2.2648529705941187,4.9830091819050075,0.007502804039231392,-0.0006086877919464547
-2.2638527705541107,4.982601507361515,0.007682246117499225,-0.0006276555006447039
-2.2628525705141027,4.982188128155591,0.007864177313523806,-0.0006470620365160854
-2.2618523704740947,4.9817690579416505,0.008048590873496396,-0.0006669129660395049
-2.2608521704340867,4.981344311827859,0.008235479400634703,-0.0006872138227555498
-2.2598519703940787,4.980913906340073,0.008424834871426,-0.0007079701056714861
-2.2588517703540707,4.980477859385044,0.008616648652197344,-0.0007291872777141896
-2.2578515703140627,4.980036190212946,0.00881091151597551,-0.0007508707642316678
-2.2568513702740547,4.979588919379321,0.009007613659602624,-0.0007730259515437355
-2.2558511702340467,4.979136068706512,0.009206744721070368,-0.0007956581855423116
-2.2548509701940387,4.978677661244674,0.00940829379703799,-0.0008187727703416993
-2.2538507701540307,4.9782137212324225,0.009612249460500759,-0.000842374966979138
-2.2528505701140227,4.977744274057211,0.009818599778575547,-0.0008664699921658144
-2.2518503700740147,4.977269346215502,0.010027332330372367,-0.0008910630170884325
-2.2508501700340067,4.976788965272792,0.01023843422491913,-0.0009161591662613768
-2.2498499699939987,4.976303159823579,0.010451892119110915,-0.000941763516429391
-2.2488497699539907,4.975811959451319,0.010667692235654736,-0.0009678810955206565
-2.2478495699139827,4.97531539468844,0.01088582038098192,-0.0009945168816500479
-2.2468493698739747,4.974813496976479,0.011106261963100973,-0.001021675802172296
-2.2458491698339667,4.974306298626391,0.011329002009366224,-0.0010493627327847
-2.2448489697939586,4.973793832779087,0.011554025184138022,-0.0010775824966789945
-2.2438487697539506,4.973276133366265,0.011781315806310472,-0.001106339863741881
-2.2428485697139426,4.972753235071554,0.012010857866686321,-0.001135639549803719
-2.2418483696739346,4.9722251732920535,0.012242635045176763,-0.001165486215934772
-2.2408481696339266,4.971691984100288,0.012476630727807601,-0.0011958844677883958
-2.2398479695939186,4.9711537042066265,0.012712828023513726,-0.0012268388549904767
-2.2388477695539106,4.970610370922203,0.012951209780704229,-0.0012583538705744101
-2.2378475695139026,4.970062022122376,0.013191758603582777,-0.001290433950460843
-2.2368473694738946,4.969508696210764,0.013434456868208197,-0.0013230834729813922
-2.2358471694338866,4.968950432083874,0.013679286738281345,-0.0013563067584454963
-2.2348469693938786,4.968387269096372,0.013926230180647368,-0.0013901080687495398
-2.2338467693538706,4.9678192470269975,0.01417526898049976,-0.0014244916070273598
-2.2328465693138626,4.967246406045175,0.01442638475627774,-0.0014594615173412046
-2.231846369273855,4.966668786678304,0.01467955897424655,-0.0014950218844122232
-2.230846169233847,4.966086429779793,0.014934772962753341,-0.0015311767333895073
-2.229845969193839,4.965499376497814,0.015192007926150707,-0.00156793002965672
-2.228845769153831,4.964907668244808,0.015451244958381702,-0.0016052856786753166
-2.227845569113823,4.964311346667769,0.0157124650562214,-0.0016432475258633572
-2.226845369073815,4.96371045361928,0.01597564913216971,-0.0016818193565088944
-2.225845169033807,4.96310503112935,0.01624077802699338,-0.0017210048957169261
-2.224844968993799,4.962495121378032,0.01650783252191186,-0.0017608078083888746
-2.223844768953791,4.961880766668828,0.016776793350426807,-0.0018012316992335852
-2.222844568913783,4.961262009402907,0.017047641209794163,-0.0018422801128087937
-2.221844368873775,4.960638892054112,0.01732035677213665,-0.0018839565335920612
-2.220844168833767,4.960011457144759,0.0175949206951979,-0.001926264386080127
-2.219843968793759,4.959379747222252,0.01787131363273868,-0.0019692070349156795
-2.218843768753751,4.958743804836478,0.018149516244576388,-0.002012787785040521
-2.217843568713743,4.9581036725179946,0.01842950920626962,-0.0020570098818741317
-2.216843368673735,4.957459392757012,0.018711273218450376,-0.0021018765115166167
-2.215843168633727,4.956811007983146,0.01899478901580669,-0.002147390800975074
-2.214842968593719,4.956158560545949,0.019280037375719226,-0.0021935558184123845
-2.213842768553711,4.955502092696201,0.01956699912655487,-0.0022403745734174783
-2.212842568513703,4.95484164656796,0.019855655155622362,-0.002287850017296122
-2.211842368473695,4.954177264161355,0.02014598641679459,-0.002335985043381289
-2.210842168433687,4.9535089873261136,0.020437973937801283,-0.0023847824873621947
-2.209841968393679,4.952836857745812,0.020731598827198425,-0.002434245127631102
-2.208841768353671,4.952160916922841,0.02102684228101908,-0.0024843756856469928
-2.207841568313663,4.951481206164062,0.02132368558911194,-0.0025351768263152546
-2.206841368273655,4.950797766567158,0.021622110141173444,-0.002586651158382514
-2.205841168233647,4.950110639007645,0.021922097432479085,-0.0026388012348458026
-2.204840968193639,4.9494198641265506,0.02222362906932,-0.0026916295533752203
-2.203840768153631,4.9487254823187365,0.02252668677415294,-0.0027451385567493197
-2.202840568113623,4.94802753372184,0.02283125239046871,-0.0027993306333024166
-2.201840368073615,4.947326058205839,0.02313730788738558,-0.0028542081173830954
-2.200840168033607,4.946621095363211,0.023444835363976287,-0.0029097732898231503
-2.199839967993599,4.945912684499678,0.02375381705333308,-0.002966028378416258
-2.198839767953591,4.945200864625517,0.02406423532637903,-0.0030229755584056856
-2.197839567913583,4.944485674447425,0.024376072695433525,-0.003080616952980354
-2.196839367873575,4.943767152360923,0.024689311817537238,-0.003138954633778599
-2.195839167833567,4.943045336443276,0.02500393549754356,-0.0031979906213990142
-2.194838967793559,4.942320264446923,0.025319926690984512,-0.003257726885917729
-2.193838767753551,4.9415919737933995,0.02563726850671851,-0.0033181653474115484
-2.192838567713543,4.94086050156773,0.025955944209364933,-0.0033793078764863733
-2.191838367673535,4.940125884513286,0.026275937221533815,-0.003441156294810351
-2.190838167633527,4.939388159027078,0.026597231125857577,-0.0035037123756512007
-2.189837967593519,4.9386473611554935,0.02691980966683059,-0.003566977844417222
-2.188837767553511,4.937903526590437,0.027243656752464183,-0.003630954379201466
-2.187837567513503,4.93715669066587,0.027568756455763628,-0.0036956436113286077
-2.186837367473495,4.936406888354745,0.027895093016032657,-0.0037610471259040376
-2.185837167433487,4.935654154266301,0.028222650840012773,-0.0038271664623647575
-2.184836967393479,4.934898522643722,0.028551414502864126,-0.003894003115031624
-2.183836767353471,4.934140027362137,0.02888136874899247,-0.003961558533662552
-2.182836567313463,4.933378701926948,0.029212498492730513,-0.004029834124006283
-2.181836367273455,4.932614579472476,0.0295447888188781,-0.004098831248356343
-2.180836167233447,4.931847692760908,0.029878224983106865,-0.004168551226104834
-2.179835967193439,4.931078074181534,0.03021279241223659,-0.004238995334295711
-2.178835767153431,4.930305755750267,0.030548476704387824,-0.0043101648081772265
-2.177835567113423,4.9295307691094195,0.030885263629016058,-0.00438206084175323
-2.176835367073415,4.928753145527739,0.031223139126833572,-0.004454684588333029
-2.175835167033407,4.9279729159006855,0.03156208930962393,-0.004528037161079518
-2.174834966993399,4.92719011075094,0.03190210045995337,-0.004602119633555321
-2.173834766953391,4.926404760229125,0.032243159030785715,-0.0046769330402666965
-2.172834566913383,4.925616894114742,0.03258525164500402,-0.004752478377204953
-2.171834366873375,4.924826541817305,0.03292836509484405,-0.004828756602385153
-2.170834166833367,4.924033732377657,0.033272486341245563,-0.0049057686363818956
-2.169833966793359,4.923238494469472,0.03361760251312337,-0.004983515362861965
-2.168833766753351,4.922440856400921,0.03396370090656415,-0.005061997629113671
-2.167833566713343,4.921640846116492,0.034310768983953105,-0.005141216246572692
-2.166833366673335,4.920838491198976,0.03465879437303371,-0.005221171991344225
-2.165833166633327,4.920033818871575,0.03500776486590505,-0.0053018656047213635
-2.164832966593319,4.919226856000156,0.035357668417960245,-0.005383297793699456
-2.163832766553311,4.918417629095627,0.03570849314676949,-0.005465469231486392
-2.162832566513303,4.9176061643164255,0.03606022733091171,-0.005548380558008628
-2.161832366473295,4.916792487471124,0.036412859408757936,-0.0056320323804128795
-2.160832166433287,4.915976624021128,0.0367663779772095,-0.005716425273563347
-2.159831966393279,4.915158599083481,0.03712077179039413,-0.005801559780534364
-2.158831766353271,4.914338437433747,0.037476029758323384,-0.005887436413098412
-2.157831566313263,4.913516163508979,0.037832140945514875,-0.005974055652209373
-2.156831366273255,4.912691801410766,0.03818909456958013,-0.006061417948480986
-2.1558311662332468,4.911865374908339,0.03854687999978245,-0.006149523722660401
-2.1548309661932388,4.911036907441758,0.03890548675556746,-0.006238373366096777
-2.1538307661532308,4.91020642212514,0.03926490450506823,-0.006327967241204902
-2.1528305661132228,4.909373941749945,0.039625123063586946,-0.006418305681923727
-2.1518303660732148,4.908539488788317,0.039986132392055895,-0.006509388994169812
-2.1508301660332068,4.907703085396458,0.04034792259548016,-0.0066012174562856485
-2.1498299659931988,4.906864753418043,0.04071048392136429,-0.006693791319482788
-2.1488297659531908,4.906024514387673,0.0410738067581244,-0.0067871108082797876
-2.1478295659131827,4.905182389534348,0.04143788163348699,-0.006881176120934956
-2.1468293658731747,4.904338399784973,0.04180269921287872,-0.006975987429873814
-2.1458291658331667,4.903492565767886,0.042168250297805625,-0.007071544882111387
-2.1448289657931587,4.902644907816392,0.04253452582422597,-0.007167848599669168
-2.1438287657531507,4.901795445972328,0.042901516860917296,-0.007264898679986861
-2.1428285657131427,4.900944199989623,0.04326921460783925,-0.007362695196328884
-2.1418283656731347,4.900091189337873,0.0436376103944941,-0.007461238198185577
-2.1408281656331267,4.899236433205924,0.04400669567828469,-0.0075605277116691854
-2.1398279655931187,4.898379950505443,0.04437646204287383,-0.007660563739904638
-2.1388277655531107,4.897521759874505,0.04474690119654359,-0.007761346263415064
-2.1378275655131027,4.8966618796811625,0.04511800497055763,-0.007862875240502118
-2.1368273654730947,4.895800328027014,0.045489765317527145,-0.007965150607621155
-2.1358271654330867,4.894937122750761,0.04586217430978002,-0.008068172279751222
-2.1348269653930787,4.894072281431763,0.04623522413773626,-0.008171940150759898
-2.1338267653530707,4.893205821393565,0.04660890710829001,-0.008276454093763083
-2.1328265653130627,4.892337759707422,0.04698321564319832,-0.008381713961479664
-2.1318263652730547,4.891468113195802,0.04735814227747795,-0.008487719586581174
-2.1308261652330467,4.890596898435871,0.04773367965781037,-0.008594470782036411
-2.1298259651930387,4.889724131762957,0.04810982054095783,-0.008701967341451115
-2.1288257651530307,4.888849829273995,0.04848655779218838,-0.008810209039402698
-2.1278255651130227,4.887974006830944,0.0488638843837113,-0.008919195631770068
-2.1268253650730147,4.887096680064187,0.04924179339312496,-0.009028926856058635
-2.1258251650330067,4.886217864375899,0.049620278001876066,-0.00913940243172044
-2.1248249649929987,4.885337574943392,0.049999331493731494,-0.009250622060469612
-2.1238247649529907,4.884455826722429,0.05037894725326265,-0.009362585426592988
-2.1228245649129827,4.883572634450513,0.0507591187643438,-0.009475292197256143
-2.1218243648729747,4.88268801265014,0.05113983960866353,-0.009588742022804773
-2.1208241648329667,4.881801975632037,0.05152110346425013,-0.009702934537061435
-2.1198239647929586,4.880914537498342,0.05190290410401209,-0.009817869357617815
-2.1188237647529506,4.880025712145781,0.05228523539429302,-0.009933546086122487
-2.1178235647129426,4.879135513268795,0.05266809129344129,-0.010049964308564226
-2.1168233646729346,4.878243954362637,0.053051465850394934,-0.010167123595550918
-2.1158231646329266,4.877351048726436,0.053435353203282666,-0.01028502350258418
-2.1148229645929186,4.876456809466229,0.05381974757803956,-0.010403663570329654
-2.1138227645529106,4.875561249497961,0.05420464328703913,-0.01052304332488305
-2.1128225645129026,4.874664381550437,0.054590034727741724,-0.010643162278032055
-2.1118223644728946,4.8737662181682575,0.05497591638135813,-0.010764019927514063
-2.1108221644328866,4.872866771714703,0.055362282811530376,-0.010885615757269849
-2.1098219643928786,4.871966054374593,0.05574912866302762,-0.011007949237693205
-2.1088217643528706,4.8710640781571035,0.056136448660459616,-0.011131019825876592
-2.1078215643128626,4.87016085489855,0.056524237607006186,-0.011254826965852881
-2.1068213642728546,4.86925639626514,0.05691249038316299,-0.0113793700888332
-2.1058211642328466,4.868350713755677,0.057301201945503935,-0.011504648613440987
-2.1048209641928386,4.867443818704244,0.05769036732546002,-0.01163066194594225
-2.1038207641528306,4.866535722282833,0.05807998162811477,-0.011757409480472129
-2.1028205641128226,4.8656264355039625,0.05847004003101599,-0.01188489059925776
-2.1018203640728146,4.86471596922323,0.058860537783004145,-0.012013104672837564
-2.1008201640328066,4.863804334141855,0.05925147020305724,-0.012142051060276946
-2.0998199639927986,4.8628915408091675,0.05964283267915155,-0.012271729109380498
-2.0988197639527906,4.8619775996250745,0.060034620667139105,-0.012402138156900718
-2.0978195639127826,4.861062520842476,0.06042682968964195,-0.012533277528743354
-2.0968193638727746,4.860146314569666,0.06081945533496072,-0.012665146540169344
-2.0958191638327666,4.8592289907726745,0.061212493256000644,-0.012797744495993475
-2.0948189637927586,4.858310559277596,0.06160593916921389,-0.012931070690779778
-2.0938187637527506,4.857391029772871,0.061999788853556746,-0.013065124409033695
-2.0928185637127426,4.856470411811533,0.062394038149462545,-0.013199904925391076
-2.0918183636727345,4.855548714813432,0.06278868295783127,-0.013335411504804115
-2.0908181636327265,4.854625948067407,0.06318371923903306,-0.01347164340272414
-2.0898179635927185,4.853702120733444,0.06357914301192834,-0.013608599865281422
-2.0888177635527105,4.852777241844782,0.06397495035290289,-0.01374628012946201
-2.0878175635127025,4.851851320310005,0.06437113739491769,-0.013884683423281658
-2.0868173634726945,4.85092436491508,0.06476770032657406,-0.014023808965956801
-2.0858171634326865,4.849996384325386,0.06516463539119273,-0.014163655968072775
-2.0848169633926785,4.849067387087686,0.06556193888590892,-0.014304223631749201
-2.0838167633526705,4.848137381632091,0.06595960716078098,-0.014445511150802611
-2.0828165633126625,4.8472063762739745,0.06635763661791354,-0.014587517710906425
-2.0818163632726545,4.846274379215869,0.06675602371059476,-0.014730242489748217
-2.0808161632326465,4.845341398549318,0.06715476494244786,-0.014873684657184362
-2.0798159631926385,4.844407442256714,0.06755385686659635,-0.01501784337539215
-2.0788157631526305,4.843472518213093,0.0679532960848426,-0.015162717799019341
-2.0778155631126225,4.842536634187905,0.06835307924686079,-0.015308307075331236
-2.0768153630726145,4.841599797846755,0.06875320304940198,-0.015454610344355274
-2.0758151630326065,4.840662016753116,0.06915366423551347,-0.015601626739023263
-2.0748149629925985,4.83972329837001,0.06955445959377018,-0.015749355385311185
-2.0738147629525905,4.8387836500616626,0.06995558595752017,-0.015897795402376725
-2.0728145629125825,4.837843079095136,0.07035704020414162,-0.016046945902694468
-2.0718143628725745,4.836901592641922,0.07075881925431247,-0.016196805992188857
-2.0708141628325665,4.83595919777952,0.0711609200712932,-0.016347374770364926
-2.0698139627925585,4.835015901492977,0.07156333966022076,-0.016498651330436875
-2.0688137627525505,4.834071710676416,0.07196607506741504,-0.016650634759454455
-2.0678135627125425,4.833126632134523,0.07236912337969706,-0.016803324138427306
-2.0668133626725345,4.832180672584021,0.07277248172371863,-0.016956718542447177
-2.0658131626325265,4.8312338386551055,0.0731761472653038,-0.0171108170408081
-2.0648129625925185,4.830286136892876,0.07358011720880094,-0.01726561869712463
-2.0638127625525104,4.829337573758716,0.07398438879644688,-0.01742112256944804
-2.0628125625125024,4.828388155631675,0.07438895930774177,-0.017577327710380602
-2.0618123624724944,4.827437888809808,0.07479382605883378,-0.017734233167187995
-2.0608121624324864,4.826486779511498,0.07519898640191539,-0.017891837981909815
-2.0598119623924784,4.825534833876765,0.07560443772463005,-0.018050141191468243
-2.0588117623524704,4.8245820579685335,0.07601017744948917,-0.018209141827774937
-2.0578115623124624,4.823628457773895,0.07641620303329894,-0.01836883891783609
-2.0568113622724544,4.822674039205335,0.07682251196659698,-0.018529231483855813
-2.0558111622324464,4.821718808101954,0.0772291017730993,-0.01869031854333774
-2.0548109621924384,4.820762770230649,0.07763597000915698,-0.01885209910918501
-2.0538107621524304,4.819805931287292,0.07804311426322162,-0.019014572189798486
-2.0528105621124224,4.8188482968978725,0.07845053215532109,-0.0191777367891735
-2.0518103620724144,4.81788987261963,0.07885822133654354,-0.019341591906994856
-2.0508101620324064,4.8169306639421645,0.07926617948853129,-0.01950613653873032
-2.0498099619923984,4.815970676288525,0.07967440432298305,-0.019671369675722552
-2.0488097619523904,4.8150099150162795,0.08008289358116537,-0.01983729030527954
-2.0478095619123824,4.8140483854185705,0.08049164503343198,-0.020003897410763524
-2.0468093618723744,4.813086092725143,0.08090065647875241,-0.020171189971678435
-2.0458091618323664,4.812123042103368,0.08130992574424854,-0.02033916696375593
-2.0448089617923584,4.8111592386592275,0.08171945068473874,-0.020507827359039946
-2.0438087617523504,4.810194687438306,0.08212922918229124,-0.020677170125969944
-2.0428085617123424,4.809229393426747,0.08253925914578467,-0.020847194229462736
-2.0418083616723344,4.808263361552199,0.08294953851047648,-0.02101789863099292
-2.0408081616323264,4.807296596684744,0.08336006523757881,-0.021189282288672156
-2.0398079615923184,4.806329103637813,0.08377083731384229,-0.021361344157326895
-2.0388077615523104,4.805360887169076,0.08418185275114662,-0.02153408318857507
-2.0378075615123024,4.8043919519813265,0.08459310958609884,-0.02170749833090141
-2.0368073614722944,4.803422302723346,0.08500460587963904,-0.021881588529731454
-2.0358071614322863,4.802451943990751,0.08541633971665201,-0.022056352727504582
-2.0348069613922783,4.80148088032683,0.0858283092055863,-0.0222317898637456
-2.0338067613522703,4.80050911622336,0.08624051247808086,-0.022407898875135324
-2.0328065613122623,4.799536656121414,0.0866529476885969,-0.022584678695579938
-2.0318063612722543,4.798563504412151,0.0870656130140565,-0.02276212825627922
-2.0308061612322463,4.797589665437592,0.08747850665348864,-0.022940246485793726
-2.0298059611922383,4.796615143491382,0.08789162682768094,-0.023119032310110813
-2.0288057611522303,4.795639942819545,0.08830497177883678,-0.023298484652709582
-2.0278055611122223,4.794664067621212,0.08871853977023986,-0.023478602434624834
-2.0268053610722143,4.793687522049351,0.08913232908592345,-0.023659384574509914
-2.0258051610322063,4.792710310211471,0.08954633803034626,-0.023840829988698634
-2.0248049609921983,4.791732436170329,0.08996056492807375,-0.02402293759126607
-2.0238047609521903,4.790753903944606,0.09037500812346537,-0.024205706294088476
-2.0228045609121823,4.789774717509586,0.09078966598036704,-0.024389135006902197
-2.0218043608721743,4.788794880797816,0.09120453688180843,-0.024573222637361607
-2.0208041608321663,4.787814397699757,0.09161961922970713,-0.02475796809109615
-2.0198039607921583,4.786833272064417,0.09203491144457682,-0.024943370271766484
-2.0188037607521503,4.785851507699988,0.09245041196524066,-0.025129428081119624
-2.0178035607121423,4.784869108374453,0.09286611924855039,-0.02531614041904331
-2.0168033606721343,4.783886077816197,0.09328203176910982,-0.025503506183619476
-2.0158031606321263,4.782902419714599,0.09369814801900327,-0.02569152427117679
-2.0148029605921183,4.781918137720616,0.09411446650752847,-0.02588019357634245
-2.0138027605521103,4.7809332354473595,0.09453098576093534,-0.026069512992093095
-2.0128025605121023,4.779947716470655,0.09494770432216813,-0.026259481409804893
-2.0118023604720943,4.778961584329601,0.09536462075061217,-0.026450097719302932
-2.0108021604320863,4.777974842527112,0.09578173362184542,-0.026641360808909654
-2.0098019603920783,4.776987494530449,0.0961990415273948,-0.026833269565492673
-2.0088017603520703,4.775999543771749,0.09661654307449592,-0.02702582287451175
-2.0078015603120623,4.775010993648545,0.0970342368858575,-0.027219019620065003
-2.0068013602720542,4.774021847524263,0.09745212159942976,-0.027412858684934545
-2.0058011602320462,4.773032108728729,0.09787019586817651,-0.02760733895063114
-2.0048009601920382,4.7720417805586575,0.09828845835985192,-0.02780245929743835
-2.0038007601520302,4.77105086627813,0.09870690775678101,-0.02799821860445594
-2.0028005601120222,4.770059369119069,0.0991255427556434,-0.028194615749642545
-2.0018003600720142,4.769067292281704,0.09954436206726111,-0.028391649609857725
-2.0008001600320062,4.768074638935029,0.09996336441639045,-0.02858931906090334
-1.9997999599919984,4.7670814122172445,0.10038254854151672,-0.02878762297756425
-1.9987997599519904,4.76608761523621,0.10080191319465287,-0.028986560233648363
-1.9977995599119824,4.765093251069868,0.1012214571411424,-0.029186129702026137
-1.9967993598719744,4.7640983227666736,0.10164117915946418,-0.02938633025466936
-1.9957991598319664,4.763102833346013,0.10206107804104134,-0.029587160762689427
-1.9947989597919584,4.762106785798615,0.10248115259005415,-0.029788620096374854
-1.9937987597519504,4.761110183086954,0.10290140162325508,-0.029990707125228458
-1.9927985597119424,4.760113028145651,0.10332182396978715,-0.03019342071800366
-1.9917983596719344,4.759115323881859,0.10374241847100575,-0.030396759742740496
-1.9907981596319264,4.758117073175653,0.1041631839803037,-0.030600723066800832
-1.9897979595919184,4.7571182788804025,0.1045841193629388,-0.030805309556903224
-1.9887977595519104,4.756118943823146,0.1050052234958642,-0.031010518079157084
-1.9877975595119024,4.755119070804953,0.10542649526756268,-0.03121634749909645
-1.9867973594718944,4.754118662601284,0.10584793357788246,-0.0314227966817131
-1.9857971594318864,4.7531177219623455,0.10626953733787663,-0.03162986449148924
-1.9847969593918784,4.7521162516134305,0.1066913054696448,-0.031837549792429656
-1.9837967593518704,4.751114254255264,0.10711323690617806,-0.032045851448093375
-1.9827965593118624,4.7501117325643385,0.10753533059120608,-0.03225476832162482
-1.9817963592718544,4.749108689193237,0.10795758547904663,-0.03246429927578452
-1.9807961592318464,4.748105126770967,0.10838000053445833,-0.032674443172979295
-1.9797959591918384,4.747101047903267,0.10880257473249531,-0.032885198875292024
-1.9787957591518304,4.74609645517293,0.10922530705836403,-0.033096565244510906
-1.9777955591118224,4.745091351140105,0.1096481965072834,-0.033308541142158324
-1.9767953590718144,4.744085738342601,0.11007124208434677,-0.03352112542951922
-1.9757951590318064,4.743079619296187,0.11049444280438603,-0.03373431696766901
-1.9747949589917984,4.74207299649488,0.11091779769183815,-0.03394811461750123
-1.9737947589517904,4.741065872411238,0.11134130578061392,-0.034162517239754525
-1.9727945589117823,4.74005824949664,0.1117649661139691,-0.03437752369503936
-1.9717943588717743,4.739050130181566,0.11218877774437754,-0.03459313284386427
-1.9707941588317663,4.7380415168758665,0.11261273973340642,-0.034809343546661875
-1.9697939587917583,4.737032411969039,0.11303685115159282,-0.03502615466381419
-1.9687937587517503,4.736022817830486,0.11346111107832392,-0.0352435650556778
-1.9677935587117423,4.7350127368097805,0.113885518601718,-0.03546157358260853
-1.9667933586717343,4.73400217123692,0.1143100728185072,-0.035680179104985825
-1.9657931586317263,4.732991123422577,0.11473477283392336,-0.03589938048323665
-1.9647929585917183,4.731979595658353,0.11515961776158473,-0.03611917657785909
-1.9637927585517103,4.730967590217011,0.1155846067233847,-0.0363395662494457
-1.9627925585117023,4.729955109352729,0.11600973884938258,-0.036560548358706146
-1.9617923584716943,4.728942155301327,0.1164350132776961,-0.03678212176648997
-1.9607921584316863,4.727928730280504,0.11686042915439601,-0.03700428533380859
-1.9597919583916783,4.726914836490061,0.11728598563340122,-0.037227037921857324
-1.9587917583516703,4.725900476112132,0.11771168187637698,-0.0374503783920368
-1.9577915583116623,4.724885651311403,0.11813751705263383,-0.03767430560597412
-1.9567913582716543,4.723870364235327,0.11856349033902878,-0.03789881842554386
-1.9557911582316463,4.722854617014342,0.11898960091986743,-0.038123915712888465
-1.9547909581916383,4.7218384117620795,0.11941584798680863,-0.0383495963304386
-1.9537907581516303,4.720821750575574,0.11984223073876941,-0.03857585914093306
-1.9527905581116223,4.719804635535465,0.12026874838183206,-0.03880270300743835
-1.9517903580716143,4.718787068706199,0.12069540012915364,-0.039030126793368085
-1.9507901580316063,4.717769052136226,0.12112218520087517,-0.03925812936250197
-1.9497899579915983,4.716750587858195,0.12154910282403282,-0.03948670957900468
-1.9487897579515903,4.715731677889148,0.12197615223247145,-0.03971586630744412
-1.9477895579115823,4.714712324230706,0.12240333266675865,-0.039945598412809764
-1.9467893578715743,4.713692528869251,0.12283064337410066,-0.04017590476053058
-1.9457891578315663,4.712672293776114,0.12325808360825853,-0.040406784216492596
-1.9447889577915582,4.711651620907756,0.1236856526294668,-0.04063823564705628
-1.9437887577515502,4.71063051220594,0.12411334970435296,-0.040870257919073755
-1.9427885577115422,4.709608969597908,0.12454117410585855,-0.041102849899905515
-1.9417883576715342,4.708586994996553,0.12496912511316044,-0.0413360104574371
-1.9407881576315262,4.707564590300586,0.1253972020115946,-0.041569738460095464
-1.9397879575915182,4.706541757394703,0.12582540409258036,-0.041804032776865056
-1.9387877575515102,4.705518498149752,0.12625373065354606,-0.042038892277303605
-1.9377875575115022,4.704494814422889,0.1266821809978557,-0.04227431583155788
-1.9367873574714942,4.70347070805774,0.12711075443473674,-0.042510302310378924
-1.9357871574314862,4.702446180884557,0.12753945027920946,-0.04274685058513736
-1.9347869573914782,4.701421234720372,0.12796826785201648,-0.04298395952783817
-1.9337867573514702,4.700395871369149,0.1283972064795543,-0.04322162801113548
-1.9327865573114622,4.69937009262193,0.12882626549380502,-0.04345985490834701
-1.9317863572714542,4.6983439002569884,0.12925544423226992,-0.043698639093468265
-1.9307861572314462,4.697317296039969,0.1296847420379041,-0.043937979441186686
-1.9297859571914382,4.696290281724032,0.13011415825905084,-0.0441778748268954
-1.9287857571514302,4.695262859049993,0.13054369224937867,-0.04441832412670687
-1.9277855571114222,4.694235029746465,0.13097334336781782,-0.04465932621746628
-1.9267853570714142,4.6932067955299885,0.13140311097849858,-0.04490087997676478
-1.9257851570314062,4.692178158105173,0.13183299445069058,-0.045142984282952416
-1.9247849569913982,4.691149119164823,0.13226299315874265,-0.04538563801515104
-1.9237847569513902,4.6901196803900715,0.13269310648202348,-0.045628840053266895
-1.9227845569113822,4.689089843450511,0.1331233338048636,-0.045872589278002925
-1.9217843568713742,4.6880596100043155,0.13355367451649805,-0.04611688457087123
-1.9207841568313662,4.687028981698367,0.1339841280110099,-0.046361724814204905
-1.9197839567913582,4.685997960168379,0.13441469368727404,-0.04660710889117002
-1.9187837567513504,4.684966547039017,0.13484537094890264,-0.04685303568577734
-1.9177835567113424,4.68393474392402,0.13527615920419103,-0.04709950408289367
-1.9167833566713344,4.682902552426315,0.13570705786606466,-0.047346512968253346
-1.9157831566313264,4.6818699741381335,0.13613806635202663,-0.04759406122846932
-1.9147829565913184,4.680837010641128,0.1365691840841054,-0.04784214775104418
-1.9137827565513104,4.679803663506484,0.13700041048880446,-0.04809077142438097
-1.9127825565113024,4.678769934295028,0.1374317449970517,-0.048339931137793835
-1.9117823564712944,4.67773582455734,0.13786318704415007,-0.04858962578151846
-1.9107821564312863,4.6767013358338625,0.13829473606972867,-0.04883985424672248
-1.9097819563912783,4.6756664696550025,0.13872639151769475,-0.049090615425515675
-1.9087817563512703,4.674631227541241,0.13915815283618635,-0.04934190821095988
-1.9077815563112623,4.673595611003231,0.13959001947752553,-0.04959373149707893
-1.9067813562712543,4.672559621541906,0.14002199089817277,-0.04984608417886833
-1.9057811562312463,4.671523260648574,0.1404540665586808,-0.05009896515230483
-1.9047809561912383,4.670486529805023,0.14088624592365012,-0.050352373314355874
-1.9037807561512303,4.669449430483612,0.14131852846168508,-0.050606307562988805
-1.9027805561112223,4.66841196414737,0.1417509136453506,-0.05086076679718003
-1.9017803560712143,4.667374132250095,0.1421834009511289,-0.051115749916924004
-1.9007801560312063,4.666335936236441,0.14261598985937737,-0.05137125582324204
-1.8997799559911983,4.665297377542016,0.14304867985428685,-0.05162728341819104
-1.8987797559511903,4.664258457593467,0.14348147042384038,-0.05188383160487207
-1.8977795559111823,4.663219177808578,0.14391436105977323,-0.05214089928743879
-1.8967793558711743,4.662179539596349,0.1443473512575327,-0.052398485371105766
-1.8957791558311663,4.661139544357091,0.1447804405162384,-0.05265658876215656
-1.8947789557911583,4.660099193482511,0.14521362833864354,-0.05291520836795196
-1.8937787557511503,4.65905848835579,0.14564691423109705,-0.053174343096937735
-1.8927785557111423,4.65801743035168,0.14608029770350528,-0.05343399185865249
-1.8917783556711343,4.656976020836572,0.1465137782692948,-0.05369415356373534
-1.8907781556311263,4.65593426116859,0.14694735544537593,-0.05395482712393342
-1.8897779555911183,4.6548921526976645,0.1473810287521064,-0.054216011452109414
-1.8887777555511103,4.653849696765613,0.14781479771325529,-0.05447770546224871
-1.8877775555111023,4.652806894706221,0.14824866185596822,-0.05473990806946678
-1.8867773554710943,4.651763747845316,0.1486826207107321,-0.05500261819001617
-1.8857771554310863,4.650720257500845,0.14911667381134092,-0.05526583474129338
-1.8847769553910783,4.649676424982952,0.14955082069486228,-0.05552955664184588
-1.8837767553510703,4.64863225159405,0.14998506090160343,-0.05579378281137875
-1.8827765553110622,4.647587738628892,0.1504193939750785,-0.05605851217076142
-1.8817763552710542,4.646542887374652,0.1508538194619758,-0.056323743642033935
-1.8807761552310462,4.645497699110986,0.15128833691212654,-0.05658947614841385
-1.8797759551910382,4.644452175110108,0.151722945878472,-0.056855708614302065
-1.8787757551510302,4.643406316636862,0.152157645917033,-0.05712243996528936
-1.8777755551110222,4.642360124948785,0.1525924365868789,-0.05738966912816233
-1.8767753550710142,4.641313601296177,0.15302731745009726,-0.05765739503090949
-1.8757751550310062,4.640266746922169,0.15346228807176343,-0.05792561660272715
-1.8747749549909982,4.63921956306279,0.15389734801991115,-0.05819433277402529
-1.8737747549509902,4.63817205094703,0.15433249686550365,-0.05846354247643318
-1.8727745549109822,4.637124211796903,0.15476773418240428,-0.05873324464280517
-1.8717743548709742,4.636076046827516,0.15520305954734803,-0.05900343820722594
-1.8707741548309662,4.635027557247127,0.15563847253991397,-0.05927412210501637
-1.8697739547909582,4.633978744257208,0.15607397274249638,-0.05954529527273838
-1.8687737547509502,4.63292960905251,0.156509559740278,-0.059816956648200616
-1.8677735547109422,4.6318801528211155,0.15694523312120362,-0.060089105170463286
-1.8667733546709342,4.630830376744507,0.15738099247595227,-0.060361739779843576
-1.8657731546309262,4.629780281997623,0.15781683739791114,-0.0606348594179203
-1.8647729545909182,4.62872986974891,0.15825276748314965,-0.0609084630275391
-1.8637727545509102,4.627679141160391,0.15868878233039369,-0.06118254955281705
-1.8627725545109022,4.626628097387713,0.15912488154100066,-0.06145711793914752
-1.8617723544708942,4.62557673958021,0.15956106471893344,-0.0617321671332048
-1.8607721544308862,4.624525068880952,0.1599973314707366,-0.062007696082948704
-1.8597719543908782,4.623473086426805,0.16043368140551156,-0.06228370373762902
-1.8587717543508702,4.622420793348483,0.16087011413489175,-0.06256018904778994
-1.8577715543108622,4.621368190770601,0.16130662927301956,-0.06283715096527438
-1.8567713542708542,4.620315279811728,0.16174322643652314,-0.06311458844322829
-1.8557711542308462,4.619262061584442,0.16217990524449247,-0.06339250043610477
-1.8547709541908382,4.618208537195378,0.16261666531845617,-0.06367088589966835
-1.8537707541508301,4.617154707745279,0.16305350628235923,-0.06394974379099871
-1.8527705541108221,4.616100574329046,0.16349042776254058,-0.06422907306849501
-1.8517703540708141,4.615046138035794,0.16392742938771074,-0.06450887269187949
-1.8507701540308061,4.613991399948892,0.1643645107889302,-0.06478914162220145
-1.8497699539907981,4.612936361146018,0.16480167159958745,-0.06506987882184094
-1.8487697539507901,4.6118810226992055,0.165238911455378,-0.06535108325451237
-1.8477695539107821,4.610825385674888,0.16567622999428305,-0.06563275388526832
-1.8467693538707741,4.609769451133949,0.16611362685654874,-0.06591488968050283
-1.8457691538307661,4.608713220131769,0.16655110168466541,-0.06619748960795507
-1.8447689537907581,4.607656693718267,0.1669886541233473,-0.06648055263671267
-1.8437687537507501,4.606599872937952,0.1674262838195122,-0.06676407773721506
-1.842768553710742,4.605542758829963,0.1678639904222623,-0.06704806388125673
-1.841768353670734,4.604485352428114,0.1683017735828636,-0.06733251004199045
-1.840768153630726,4.603427654760938,0.1687396329547271,-0.06761741519393051
-1.839767953590718,4.602369666851733,0.16917756819338955,-0.06790277831295569
-1.83876775355071,4.601311389718601,0.16961557895649432,-0.06818859837631233
-1.837767553510702,4.600252824374491,0.17005366490377277,-0.06847487436261729
-1.836767353470694,4.599193971827243,0.17049182569702528,-0.06876160525186088
-1.835767153430686,4.598134833079627,0.17093006100010388,-0.06904879002540973
-1.834766953390678,4.597075409129384,0.17136837047889356,-0.06933642766600939
-1.83376675335067,4.59601570096927,0.17180675380129395,-0.06962451715778745
-1.832766553310662,4.594955709587088,0.1722452106372023,-0.06991305748625574
-1.831766353270654,4.593895435965739,0.17268374065849593,-0.07020204763831331
-1.830766153230646,4.592834881083251,0.1731223435390142,-0.07049148660224874
-1.829765953190638,4.591774045912819,0.17356101895454276,-0.07078137336774296
-1.82876575315063,4.590712931422853,0.17399976658279515,-0.07107170692587132
-1.827765553110622,4.5896515385770025,0.17443858610339683,-0.07136248626910628
-1.826765353070614,4.588589868334203,0.174877477197869,-0.07165371039131956
-1.825765153030606,4.5875279216487055,0.17531643954961174,-0.07194537828778458
-1.824764952990598,4.586465699470123,0.1757554728438876,-0.07223748895517866
-1.82376475295059,4.58540320274346,0.17619457676780625,-0.07253004139158513
-1.822764552910582,4.584340432409148,0.17663375101030818,-0.07282303459649558
-1.821764352870574,4.583277389403083,0.17707299526214923,-0.07311646757081186
-1.820764152830566,4.582214074656662,0.17751230921588526,-0.07341033931684812
-1.819763952790558,4.581150489096814,0.17795169256585663,-0.07370464883833298
-1.81876375275055,4.580086633646037,0.17839114500817307,-0.07399939514041118
-1.817763552710542,4.579022509222432,0.17883066624069888,-0.07429457722964568
-1.816763352670534,4.577958116739737,0.17927025596303825,-0.07459019411401947
-1.815763152630526,4.576893457107355,0.17970991387652,-0.07488624480293729
-1.814762952590518,4.575828531230395,0.18014963968418343,-0.07518272830722747
-1.81376275255051,4.574763340009701,0.18058943309076433,-0.07547964363914368
-1.812762552510502,4.573697884341882,0.18102929380268043,-0.07577698981236648
-1.811762352470494,4.572632165119346,0.18146922152801714,-0.07607476584200494
-1.810762152430486,4.571566183230336,0.18190921597651383,-0.07637297074459835
-1.809761952390478,4.57049993955895,0.18234927685955077,-0.07667160353811768
-1.80876175235047,4.569433434985185,0.18278940389013437,-0.076970663241967
-1.807761552310462,4.568366670384958,0.18322959678288436,-0.07727014887698495
-1.806761352270454,4.567299646630143,0.18366985525402066,-0.07757005946544633
-1.805761152230446,4.566232364588596,0.18411017902134963,-0.07787039403106324
-1.8047609521904382,4.565164825124188,0.18455056780425153,-0.07817115159898648
-1.8037607521504302,4.56409702909683,0.1849910213236672,-0.07847233119580686
-1.8027605521104222,4.563028977362511,0.18543153930208534,-0.07877393184955639
-1.8017603520704142,4.561960670773317,0.18587212146353033,-0.07907595258970959
-1.8007601520304062,4.560892110177467,0.18631276753354928,-0.07937839244718446
-1.7997599519903982,4.559823296419335,0.18675347723919958,-0.07968125045434389
-1.7987597519503902,4.558754230339485,0.18719425030903666,-0.07998452564499646
-1.7977595519103822,4.5576849127746915,0.18763508647310204,-0.08028821705439768
-1.7967593518703742,4.556615344557975,0.1880759854629113,-0.08059232371925093
-1.7957591518303662,4.555545526518622,0.18851694701144198,-0.08089684467770848
-1.7947589517903582,4.554475459482216,0.1889579708531218,-0.08120177896937239
-1.7937587517503502,4.553405144270662,0.1893990567238172,-0.0815071256352954
-1.7927585517103422,4.5523345817022145,0.1898402043608214,-0.0818128837179819
-1.7917583516703341,4.551263772591505,0.1902814135028435,-0.08211905226138862
-1.7907581516303261,4.550192717749565,0.19072268388999664,-0.08242563031092556
-1.7897579515903181,4.549121417983853,0.19116401526378674,-0.08273261691345665
-1.7887577515503101,4.548049874098282,0.19160540736710166,-0.08304001111730057
-1.7877575515103021,4.54697808689324,0.19204685994420057,-0.08334781197223137
-1.7867573514702941,4.545906057165621,0.19248837274070252,-0.08365601852947917
-1.7857571514302861,4.544833785708845,0.19292994550357515,-0.08396462984173092
-1.7847569513902781,4.543761273312883,0.19337157798112461,-0.08427364496313068
-1.7837567513502701,4.542688520764287,0.19381326992298548,-0.0845830629492805
-1.7827565513102621,4.541615528846205,0.19425502108010953,-0.08489288285724081
-1.7817563512702541,4.540542298338413,0.19469683120475523,-0.085203103745531
-1.780756151230246,4.539468830017335,0.19513870005047776,-0.08551372467412978
-1.779755951190238,4.538395124656065,0.19558062737211893,-0.08582474470447574
-1.77875575115023,4.537321183024395,0.19602261292579662,-0.08613616289946763
-1.777755551110222,4.536247005888834,0.1964646564688953,-0.08644797832346489
-1.776755351070214,4.53517259401263,0.19690675776005556,-0.08676019004228801
-1.775755151030206,4.534097948155799,0.19734891655916476,-0.08707279712321858
-1.774754950990198,4.533023069075141,0.19779113262734693,-0.08738579863499996
-1.77375475095019,4.531947957524266,0.19823340572695297,-0.08769919364783725
-1.772754550910182,4.530872614253612,0.19867573562155189,-0.08801298123339782
-1.771754350870174,4.529797040010471,0.19911812207592058,-0.08832716046481118
-1.770754150830166,4.5287212355390105,0.19956056485603413,-0.08864173041666937
-1.769753950790158,4.527645201580292,0.20000306372905774,-0.08895669016502715
-1.76875375075015,4.526568938872296,0.20044561846333608,-0.08927203878740193
-1.767753550710142,4.525492448149939,0.20088822882838506,-0.08958777536277407
-1.766753350670134,4.5244157301450985,0.20133089459488265,-0.08990389897158696
-1.765753150630126,4.523338785586631,0.20177361553465936,-0.09022040869574675
-1.764752950590118,4.522261615200395,0.20221639142068998,-0.09053730361862287
-1.76375275055011,4.521184219709268,0.20265922202708417,-0.09085458282504762
-1.762752550510102,4.520106599833171,0.20310210712907803,-0.09117224540131628
-1.761752350470094,4.519028756289086,0.2035450465030252,-0.0914902904351871
-1.760752150430086,4.517950689791075,0.203988039926389,-0.09180871701588116
-1.759751950390078,4.516872401050304,0.20443108717773245,-0.09212752423408227
-1.75875175035007,4.515793890775058,0.2048741880367113,-0.092446711181937
-1.757751550310062,4.514715159670761,0.20531734228406456,-0.09276627695305419
-1.756751350270054,4.5136362084399995,0.20576054970160665,-0.09308622064250513
-1.755751150230046,4.512557037782537,0.20620381007221894,-0.0934065413468231
-1.754750950190038,4.511477648395337,0.20664712317984166,-0.09372723816400327
-1.75375075015003,4.510398040972577,0.20709048880946607,-0.09404831019350249
-1.752750550110022,4.509318216205671,0.20753390674712568,-0.09436975653623896
-1.751750350070014,4.508238174783287,0.20797737677988923,-0.09469157629459186
-1.750750150030006,4.507157917391366,0.20842089869585176,-0.0950137685724013
-1.749749949989998,4.506077444713138,0.2088644722841275,-0.0953363324749676
-1.74874974994999,4.504996757429143,0.2093080973348417,-0.09565926710905134
-1.747749549909982,4.503915856217247,0.20975177363912284,-0.09598257158287267
-1.746749349869974,4.502834741752664,0.21019550098909548,-0.09630624500611104
-1.745749149829966,4.501753414707963,0.21063927917787195,-0.09663028648990488
-1.744748949789958,4.5006718757531,0.21108310799954497,-0.09695469514685089
-1.74374874974995,4.499590125555424,0.21152698724918048,-0.09727947009100382
-1.742748549709942,4.498508164779702,0.21197091672281018,-0.0976046104378759
-1.741748349669934,4.497425994088131,0.21241489621742346,-0.09793011530443635
-1.740748149629926,4.496343614140355,0.21285892553096103,-0.09825598380911081
-1.739747949589918,4.495261025593487,0.21330300446230702,-0.09858221507178083
-1.73874774954991,4.494178229102122,0.213747132811282,-0.09890880821378342
-1.737747549509902,4.493095225318353,0.21419131037863595,-0.09923576235791028
-1.736747349469894,4.49201201489179,0.21463553696604054,-0.0995630766284073
-1.735747149429886,4.490928598469575,0.2150798123760828,-0.09989075015097389
-1.734746949389878,4.489844976696399,0.21552413641225784,-0.10021878205276244
-1.73374674934987,4.488761150214518,0.21596850887896193,-0.10054717146237759
-1.732746549309862,4.487677119663769,0.21641292958148525,-0.1008759175098755
-1.731746349269854,4.486592885681586,0.21685739832600567,-0.10120501932676332
-1.730746149229846,4.485508448903015,0.21730191491958162,-0.10153447604599829
-1.729745949189838,4.48442380996073,0.2177464791701454,-0.10186428680198721
-1.72874574914983,4.483338969485053,0.21819109088649602,-0.1021944507305855
-1.727745549109822,4.482253928103963,0.21863574987829335,-0.10252496696909656
-1.726745349069814,4.481168686443113,0.21908045595605113,-0.10285583465627096
-1.725745149029806,4.480083245125851,0.21952520893113026,-0.10318705293230564
-1.724744948989798,4.478997604773227,0.2199700086157322,-0.10351862093884308
-1.72374474894979,4.477911766004012,0.2204148548228933,-0.1038505378189705
-1.722744548909782,4.476825729434716,0.22085974736647734,-0.10418280271721893
-1.721744348869774,4.475739495679598,0.2213046860611699,-0.10451541477956246
-1.720744148829766,4.474653065350683,0.2217496707224716,-0.10484837315341726
-1.719743948789758,4.473566439057777,0.22219470116669213,-0.10518167698764086
-1.7187437487497499,4.472479617408479,0.22263977721094366,-0.10551532543253096
-1.7177435487097419,4.4713926010082,0.22308489867313444,-0.10584931763982472
-1.7167433486697339,4.470305390460176,0.2235300653719634,-0.10618365276269777
-1.7157431486297259,4.4692179863654795,0.2239752771269133,-0.10651832995576317
-1.7147429485897179,4.468130389323037,0.22442053375824506,-0.10685334837507049
-1.7137427485497099,4.467042599929641,0.22486583508699148,-0.10718870717810491
-1.7127425485097019,4.465954618779966,0.2253111809349514,-0.10752440552378605
-1.7117423484696939,4.464866446466582,0.22575657112468392,-0.10786044257246699
-1.7107421484296859,4.463778083579965,0.22620200547950173,-0.10819681748593346
-1.7097419483896779,4.462689530708517,0.2266474838234654,-0.10853352942740244
-1.7087417483496699,4.461600788438576,0.22709300598137847,-0.10887057756152138
-1.7077415483096618,4.460511857354431,0.22753857177878062,-0.10920796105436692
-1.7067413482696538,4.459422738038332,0.22798418104194212,-0.10954567907344388
-1.7057411482296458,4.458333431070509,0.22842983359785798,-0.10988373078768428
-1.7047409481896378,4.457243937029182,0.2288755292742429,-0.11022211536744594
-1.7037407481496298,4.456154256490576,0.22932126789952464,-0.11056083198451169
-1.7027405481096218,4.455064390028931,0.22976704930283887,-0.11089987981208799
-1.7017403480696138,4.45397433821652,0.2302128733140234,-0.11123925802480382
-1.7007401480296058,4.452884101623659,0.23065873976361276,-0.11157896579870948
-1.6997399479895978,4.451793680818721,0.23110464848283221,-0.11191900231127559
-1.6987397479495898,4.450703076368148,0.2315505993035932,-0.1122593667413915
-1.6977395479095818,4.449612288836466,0.2319965920584868,-0.1126000582693646
-1.6967393478695738,4.448521318786295,0.23244262658077872,-0.11294107607691865
-1.6957391478295658,4.447430166778363,0.23288870270440365,-0.11328241934719283
-1.6947389477895578,4.446338833371522,0.23333482026396007,-0.11362408726474034
-1.6937387477495498,4.445247319122754,0.23378097909470488,-0.11396607901552706
-1.6927385477095418,4.444155624587189,0.23422717903254803,-0.11430839378693056
-1.6917383476695338,4.4430637503181165,0.2346734199140468,-0.11465103076773872
-1.690738147629526,4.441971696866995,0.23511970157640147,-0.11499398914814811
-1.689737947589518,4.440879464783467,0.23556602385744901,-0.11533726811976311
-1.68873774754951,4.439787054615372,0.2360123865956583,-0.11568086687559438
-1.687737547509502,4.438694466908755,0.23645878963012487,-0.11602478461005755
-1.686737347469494,4.437601702207885,0.23690523280056625,-0.11636902051897201
-1.685737147429486,4.436508761055259,0.23735171594731594,-0.11671357379955925
-1.684736947389478,4.43541564399162,0.2377982389113184,-0.11705844365044189
-1.68373674734947,4.43432235155597,0.23824480153412464,-0.11740362927164177
-1.682736547309462,4.433228884285575,0.2386914036578867,-0.11774912986457915
-1.681736347269454,4.432135242715984,0.2391380451253523,-0.11809494463207115
-1.680736147229446,4.431041427381037,0.23958472577985976,-0.11844107277832999
-1.679735947189438,4.429947438812876,0.24003144546533403,-0.11878751350896188
-1.67873574714943,4.428853277541963,0.2404782040262811,-0.1191342660309655
-1.677735547109422,4.427758944097083,0.24092500130778213,-0.11948132955273079
-1.676735347069414,4.426664439005362,0.24137183715549018,-0.11982870328403702
-1.675735147029406,4.425569762792276,0.24181871141562353,-0.12017638643605173
-1.674734946989398,4.42447491598166,0.242265623934962,-0.12052437822132904
-1.67373474694939,4.423379899095727,0.2427125745608422,-0.12087267785380845
-1.672734546909382,4.422284712655072,0.24315956314115167,-0.12122128454881291
-1.671734346869374,4.421189357178686,0.24360658952432485,-0.12157019752304768
-1.670734146829366,4.4200938331839685,0.24405365355933764,-0.1219194159945986
-1.669733946789358,4.418998141186736,0.24450075509570351,-0.12226893918293076
-1.66873374674935,4.417902281701237,0.2449478939834676,-0.1226187663088869
-1.667733546709342,4.41680625524016,0.2453950700732025,-0.12296889659468566
-1.666733346669334,4.415710062314645,0.24584228321600382,-0.12331932926392035
-1.665733146629326,4.414613703434297,0.24628953326348535,-0.1236700635415571
-1.664732946589318,4.4135171791071945,0.2467368200677737,-0.12402109865393346
-1.66373274654931,4.4124204898399,0.24718414348150455,-0.12437243382875698
-1.662732546509302,4.411323636137475,0.247631503357817,-0.12472406829510325
-1.661732346469294,4.410226618503486,0.24807889955034965,-0.1250760012834145
-1.660732146429286,4.409129437440019,0.24852633191323592,-0.12542823202549797
-1.659731946389278,4.408032093447689,0.24897380030109878,-0.12578075975452435
-1.65873174634927,4.40693458702565,0.24942130456904665,-0.12613358370502598
-1.657731546309262,4.405836918671606,0.2498688445726692,-0.12648670311289542
-1.656731346269254,4.404739088881826,0.25031642016803196,-0.1268401172153838
-1.6557311462292459,4.403641098151145,0.25076403121167207,-0.12719382525109896
-1.6547309461892379,4.402542946972986,0.25121167756059404,-0.127547826460004
-1.6537307461492299,4.401444635839363,0.2516593590722644,-0.12790212008341548
-1.6527305461092219,4.400346165240895,0.2521070756046082,-0.12825670536400183
-1.6517303460692139,4.399247535666813,0.252554827016004,-0.12861158154578167
-1.6507301460292059,4.398148747604977,0.25300261316527906,-0.12896674787412207
-1.6497299459891979,4.397049801541879,0.2534504339117053,-0.12932220359573665
-1.6487297459491899,4.395950697962658,0.25389828911499457,-0.12967794795868445
-1.6477295459091819,4.394851437351112,0.25434617863529463,-0.13003398021236748
-1.6467293458691739,4.393752020189702,0.2547941023331841,-0.1303902996075296
-1.6457291458291659,4.392652446959569,0.25524206006966793,-0.1307469053962544
-1.6447289457891578,4.391552718140541,0.25569005170617404,-0.13110379683196366
-1.6437287457491498,4.390452834211143,0.25613807710454806,-0.13146097316941555
-1.6427285457091418,4.389352795648609,0.2565861361270485,-0.13181843366470275
-1.6417283456691338,4.388252602928892,0.25703422863634323,-0.13217617757525088
-1.6407281456291258,4.387152256526674,0.2574823544955049,-0.13253420415981668
-1.6397279455891178,4.386051756915375,0.25793051356800595,-0.1328925126784861
-1.6387277455491098,4.384951104567165,0.25837870571771504,-0.1332511023926727
-1.6377275455091018,4.3838502999529725,0.25882693080889246,-0.13360997256511561
-1.6367273454690938,4.382749343542497,0.2592751887061854,-0.133969122459878
-1.6357271454290858,4.381648235804217,0.25972347927462347,-0.134328551342345
-1.6347269453890778,4.380546977205403,0.26017180237961524,-0.1346882584792223
-1.6337267453490698,4.3794455682121205,0.26062015788694326,-0.1350482431385337
-1.6327265453090618,4.3783440092892505,0.26106854566275983,-0.13540850458961998
-1.6317263452690538,4.377242300900492,0.2615169655735822,-0.13576904210313642
-1.6307261452290458,4.3761404435083735,0.26196541748628926,-0.13612985495105148
-1.6297259451890378,4.375038437574266,0.2624139012681166,-0.13649094240664442
-1.6287257451490298,4.373936283558388,0.26286241678665223,-0.13685230374450402
-1.6277255451090218,4.372833981919821,0.2633109639098323,-0.1372139382405263
-1.6267253450690138,4.371731533116516,0.26375954250593675,-0.13757584517191265
-1.6257251450290058,4.370628937605303,0.2642081524435855,-0.1379380238171683
-1.6247249449889978,4.369526195841904,0.2646567935917331,-0.13830047345609997
-1.6237247449489898,4.36842330828094,0.2651054658196658,-0.13866319336981445
-1.6227245449089818,4.367320275375944,0.265554168996996,-0.13902618284071622
-1.6217243448689738,4.366217097579366,0.2660029029936584,-0.1393894411525059
-1.6207241448289658,4.365113775342589,0.26645166767990647,-0.13975296759017825
-1.6197239447889578,4.364010309115936,0.26690046292630687,-0.14011676144002
-1.6187237447489498,4.362906699348677,0.26734928860373597,-0.14048082198960832
-1.6177235447089418,4.361802946489046,0.26779814458337575,-0.1408451485278086
-1.6167233446689337,4.360699050984243,0.26824703073670897,-0.14120974034477282
-1.6157231446289257,4.359595013280448,0.26869594693551524,-0.14157459673193717
-1.6147229445889177,4.358490833822834,0.2691448930518664,-0.14193971698202035
-1.6137227445489097,4.357386513055569,0.26959386895812276,-0.14230510038902153
-1.6127225445089017,4.356282051421832,0.2700428745269281,-0.1426707462482186
-1.6117223444688937,4.355177449363822,0.27049190963120606,-0.1430366538561659
-1.6107221444288857,4.354072707322765,0.2709409741441557,-0.14340282251069228
-1.6097219443888777,4.352967825738928,0.271390067939247,-0.1437692515108994
-1.6087217443488697,4.351862805051626,0.27183919089021685,-0.14413594015715936
-1.6077215443088617,4.350757645699232,0.2722883428710645,-0.1445028877511132
-1.6067213442688537,4.349652348119186,0.27273752375604726,-0.1448700935956682
-1.6057211442288457,4.3485469127480085,0.27318673341967686,-0.14523755699499635
-1.6047209441888377,4.34744134002131,0.2736359717367141,-0.1456052772545323
-1.6037207441488297,4.346335630373793,0.2740852385821654,-0.14597325368097144
-1.6027205441088217,4.345229784239274,0.27453453383127774,-0.14634148558226734
-1.6017203440688137,4.344123802050685,0.27498385735953557,-0.14670997226763027
-1.6007201440288057,4.343017684240085,0.27543320904265506,-0.14707871304752518
-1.5997199439887977,4.34191143123867,0.2758825887565808,-0.14744770723366893
-1.5987197439487897,4.340805043476786,0.2763319963774812,-0.14781695413902932
-1.5977195439087817,4.3396985213839345,0.2767814317817437,-0.1481864530778221
-1.5967193438687737,4.338591865388786,0.2772308948459713,-0.14855620336550945
-1.5957191438287657,4.337485075919186,0.2776803854469773,-0.14892620431879752
-1.5947189437887577,4.336378153402168,0.2781299034617818,-0.14929645525563495
-1.5937187437487497,4.335271098263965,0.27857944876760676,-0.14966695549520995
-1.5927185437087417,4.334163910930012,0.2790290212418718,-0.1500377043579491
-1.5917183436687337,4.333056591824965,0.2794786207621898,-0.15040870116551447
-1.5907181436287257,4.331949141372707,0.279928247206363,-0.15077994524080215
-1.5897179435887177,4.330841559996356,0.2803779004523776,-0.15115143590793984
-1.5887177435487096,4.329733848118279,0.28082758037840017,-0.15152317249228453
-1.5877175435087016,4.328626006160098,0.28127728686277315,-0.15189515432042092
-1.5867173434686936,4.327518034542703,0.28172701978401016,-0.15226738072015886
-1.5857171434286856,4.326409933686263,0.28217677902079197,-0.1526398510205315
-1.5847169433886776,4.325301704010232,0.2826265644519612,-0.1530125645517929
-1.5837167433486696,4.32419334593336,0.2830763759565192,-0.1533855206454161
-1.5827165433086616,4.323084859873709,0.2835262134136203,-0.15375871863409102
-1.5817163432686536,4.321976246248654,0.283976076702568,-0.15413215785172188
-1.5807161432286456,4.3208675054749,0.28442596570281087,-0.15450583763342568
-1.5797159431886376,4.31975863796849,0.2848758802939369,-0.15487975731552964
-1.5787157431486296,4.318649644144815,0.28532582035567,-0.15525391623556892
-1.5777155431086216,4.3175405244186225,0.2857757857678653,-0.15562831373228503
-1.5767153430686138,4.316431279204032,0.28622577641050395,-0.15600294914562285
-1.5757151430286058,4.315321908914538,0.28667579216368927,-0.15637782181672905
-1.5747149429885978,4.314212413963028,0.2871258329076421,-0.15675293108794985
-1.5737147429485898,4.313102794761785,0.2875758985226959,-0.15712827630282852
-1.5727145429085818,4.311993051722506,0.28802598888929226,-0.15750385680610327
-1.5717143428685738,4.310883185256304,0.28847610388797634,-0.15787967194370534
-1.5707141428285658,4.309773195773727,0.2889262433993929,-0.15825572106275648
-1.5697139427885578,4.308663083684761,0.2893764073042797,-0.15863200351156687
-1.5687137427485498,4.307552849398843,0.28982659548346523,-0.15900851863963286
-1.5677135427085418,4.306442493324877,0.29027680781786264,-0.15938526579763482
-1.5667133426685338,4.305332015871233,0.29072704418846457,-0.15976224433743455
-1.5657131426285258,4.30422141744577,0.29117730447634,-0.16013945361207368
-1.5647129425885178,4.303110698455837,0.2916275885626285,-0.16051689297577088
-1.5637127425485098,4.301999859308289,0.2920778963285356,-0.16089456178391992
-1.5627125425085018,4.300888900409497,0.2925282276553277,-0.1612724593930871
-1.5617123424684938,4.299777822165355,0.2929785824243283,-0.16165058516100947
-1.5607121424284858,4.298666624981298,0.2934289605169117,-0.16202893844659205
-1.5597119423884778,4.297555309262304,0.2938793618144992,-0.16240751860990607
-1.5587117423484698,4.296443875412913,0.294329786198554,-0.162786325012186
-1.5577115423084618,4.295332323837232,0.2947802335505764,-0.16316535701582804
-1.5567113422684538,4.2942206549389494,0.29523070375209837,-0.16354461398438735
-1.5557111422284458,4.293108869121344,0.2956811966846794,-0.16392409528257607
-1.5547109421884378,4.2919969667872975,0.29613171222990065,-0.16430380027626043
-1.5537107421484297,4.290884948339304,0.2965822502693609,-0.16468372833245917
-1.5527105421084217,4.289772814179484,0.29703281068467086,-0.16506387881934098
-1.5517103420684137,4.28866056470959,0.2974833933574484,-0.16544425110622188
-1.5507101420284057,4.287548200331025,0.2979339981693131,-0.16582484456356333
-1.5497099419883977,4.286435721444848,0.2983846250018815,-0.16620565856296954
-1.5487097419483897,4.285323128451787,0.29883527373676244,-0.16658669247718552
-1.5477095419083817,4.284210421752252,0.29928594425555116,-0.16696794568009427
-1.5467093418683737,4.283097601746345,0.2997366364398243,-0.16734941754671484
-1.5457091418283657,4.2819846688338705,0.30018735017113485,-0.1677311074532
-1.5447089417883577,4.28087162341435,0.300638085331007,-0.1681130147768334
-1.5437087417483497,4.2797584658870305,0.30108884180093065,-0.1684951388960278
-1.5427085417083417,4.278645196650898,0.30153961946235586,-0.16887747919032225
-1.5417083416683337,4.2775318161046885,0.30199041819668837,-0.16926003504038006
-1.5407081416283257,4.276418324646898,0.30244123788528354,-0.16964280582798608
-1.5397079415883177,4.275304722675801,0.3028920784094408,-0.17002579093604472
-1.5387077415483097,4.274191010589454,0.30334293965039905,-0.17040898974857718
-1.5377075415083017,4.273077188785711,0.3037938214893306,-0.1707924016507193
-1.5367073414682937,4.271963257662238,0.30424472380733586,-0.17117602602871893
-1.5357071414282857,4.2708492176165205,0.3046956464854377,-0.17155986226993386
-1.5347069413882777,4.269735069045879,0.30514658940457606,-0.17194390976282908
-1.5337067413482697,4.268620812347481,0.305597552445602,-0.1723281678969745
-1.5327065413082617,4.2675064479183495,0.306048535489273,-0.17271263606304263
-1.5317063412682537,4.266391976155382,0.3064995384162457,-0.1730973136528059
-1.5307061412282457,4.265277397455357,0.30695056110707186,-0.17348220005913453
-1.5297059411882377,4.264162712214948,0.30740160344219175,-0.1738672946759937
-1.5287057411482297,4.26304792083074,0.3078526653019281,-0.17425259689844125
-1.5277055411082217,4.261933023699236,0.30830374656648113,-0.1746381061226255
-1.5267053410682137,4.260818021216875,0.30875484711592244,-0.17502382174578265
-1.5257051410282056,4.259702913780041,0.3092059668301883,-0.1754097431662339
-1.5247049409881976,4.2585877017850775,0.3096571055890751,-0.17579586978338357
-1.5237047409481896,4.2574723856283025,0.31010826327223195,-0.1761822009977163
-1.5227045409081816,4.256356965706017,0.31055943975915556,-0.17656873621079472
-1.5217043408681736,4.255241442414522,0.3110106349291842,-0.1769554748252565
-1.5207041408281656,4.254125816150131,0.31146184866149096,-0.1773424162448127
-1.5197039407881576,4.253010087309182,0.31191308083507807,-0.17772955987424433
-1.5187037407481496,4.25189425628805,0.3123643313287707,-0.17811690511940056
-1.5177035407081416,4.250778323483166,0.31281560002121045,-0.17850445138719573
-1.5167033406681336,4.249662289291024,0.31326688679084946,-0.17889219808560705
-1.5157031406281256,4.2485461541081975,0.3137181915159437,-0.17928014462367223
-1.5147029405881176,4.2474299183313535,0.31416951407454685,-0.17966829041148644
-1.5137027405481096,4.246313582357268,0.31462085434450343,-0.18005663486020018
-1.5127025405081016,4.245197146582835,0.31507221220344317,-0.18044517738201662
-1.5117023404680936,4.244080611405086,0.31552358752877346,-0.1808339173901889
-1.5107021404280856,4.2429639772212,0.31597498019767334,-0.18122285429901783
-1.5097019403880776,4.241847244428519,0.31642639008708723,-0.18161198752384927
-1.5087017403480696,4.240730413424566,0.31687781707371754,-0.18200131648107112
-1.5077015403080616,4.2396134846070535,0.3173292610340181,-0.1823908405881113
-1.5067013402680536,4.238496458373902,0.3177807218441876,-0.18278055926343487
-1.5057011402280456,4.2373793351232525,0.31823219938016245,-0.18317047192654143
-1.5047009401880376,4.236262115253484,0.31868369351761044,-0.18356057799796263
-1.5037007401480296,4.2351447991632245,0.31913520413192314,-0.18395087689925935
-1.5027005401080216,4.234027387251372,0.31958673109820895,-0.18434136805301923
-1.5017003400680136,4.232909879917101,0.3200382742912869,-0.18473205088285413
-1.5007001400280056,4.2317922775598875,0.3204898335856786,-0.18512292481339704
-1.4996999399879976,4.230674580579514,0.3209414088556014,-0.18551398927030027
-1.4986997399479896,4.229556789376094,0.3213929999749609,-0.18590524368023176
-1.4976995399079815,4.228438904350084,0.321844606817344,-0.18629668747087327
-1.4966993398679735,4.227320925902298,0.32229622925601153,-0.1866883200709173
-1.4956991398279655,4.226202854433923,0.3227478671638905,-0.1870801409100645
-1.4946989397879575,4.22508469034654,0.32319952041356675,-0.18747214941902085
-1.4936987397479495,4.223966434042131,0.32365118887727823,-0.18786434502949534
-1.4926985397079415,4.222848085923107,0.3241028724269054,-0.18825672717419675
-1.4916983396679335,4.221729646392313,0.324554570933966,-0.18864929528683128
-1.4906981396279255,4.2206111158530515,0.3250062842696056,-0.18904204880209985
-1.4896979395879175,4.219492494709096,0.3254580123045905,-0.18943498715569518
-1.4886977395479095,4.218373783364708,0.3259097549092994,-0.18982810978429934
-1.4876975395079015,4.217254982224657,0.3263615119537163,-0.19022141612558052
-1.4866973394678935,4.216136091694231,0.3268132833074215,-0.19061490561819083
-1.4856971394278855,4.215017112179261,0.32726506883958395,-0.19100857770176327
-1.4846969393878775,4.213898044086133,0.32771686841895337,-0.19140243181690886
-1.4836967393478695,4.212778887821808,0.3281686819138521,-0.19179646740521392
-1.4826965393078615,4.211659643793837,0.328620509192166,-0.19219068390923763
-1.4816963392678535,4.210540312410381,0.3290723501213367,-0.1925850807725087
-1.4806961392278455,4.209420894080228,0.3295242045683536,-0.19297965743952283
-1.4796959391878375,4.208301389212812,0.32997607239974464,-0.19337441335574002
-1.4786957391478295,4.207181798218229,0.3304279534815676,-0.19376934796758147
-1.4776955391078215,4.206062121507255,0.3308798476794025,-0.194164460722427
-1.4766953390678135,4.20494235949137,0.33133175485834154,-0.19455975106861192
-1.4756951390278055,4.203822512582769,0.3317836748829812,-0.19495521845542443
-1.4746949389877975,4.202702581194384,0.3322356076174132,-0.19535086233310278
-1.4736947389477895,4.201582565739904,0.3326875529252154,-0.19574668215283206
-1.4726945389077815,4.200462466633794,0.33313951066944286,-0.1961426773667418
-1.4716943388677735,4.199342284291308,0.3335914807126183,-0.19653884742790273
-1.4706941388277655,4.198222019128521,0.3340434629167237,-0.19693519179032387
-1.4696939387877574,4.1971016715623355,0.3344954571431903,-0.1973317099089499
-1.4686937387477494,4.195981242010507,0.3349474632528898,-0.19772840123965807
-1.4676935387077414,4.194860730891667,0.3353994811061245,-0.19812526523925503
-1.4666933386677334,4.193740138625334,0.3358515105626177,-0.19852230136547433
-1.4656931386277254,4.192619465631944,0.33630355148150437,-0.19891950907697317
-1.4646929385877174,4.191498712332864,0.33675560372132174,-0.1993168878333296
-1.4636927385477096,4.1903778791504145,0.3372076671399984,-0.19971443709503942
-1.4626925385077016,4.189256966507889,0.33765974159484563,-0.20011215632351326
-1.4616923384676936,4.188135974829578,0.33811182694254655,-0.2005100449810735
-1.4606921384276856,4.187014904540787,0.33856392303914684,-0.20090810253095145
-1.4596919383876776,4.185893756067858,0.339016029740044,-0.20130632843728416
-1.4586917383476696,4.184772529838194,0.3394681468999774,-0.2017047221651112
-1.4576915383076616,4.183651226280277,0.33992027437301764,-0.20210328318037224
-1.4566913382676536,4.182529845823692,0.3403724120125564,-0.2025020109499034
-1.4556911382276456,4.181408388899143,0.3408245596712961,-0.20290090494143445
-1.4546909381876376,4.180286855938489,0.34127671720123864,-0.2032999646235856
-1.4536907381476296,4.179165247374749,0.3417288844536755,-0.2036991894658645
-1.4526905381076216,4.178043563642138,0.34218106127917663,-0.20409857893866334
-1.4516903380676136,4.176921805176083,0.3426332475275785,-0.2044981325132551
-1.4506901380276056,4.175799972413249,0.3430854430479751,-0.20489784966179111
-1.4496899379875976,4.174678065791557,0.34353764768870554,-0.20529772985729758
-1.4486897379475896,4.173556085750216,0.34398986129734294,-0.20569777257367244
-1.4476895379075816,4.172434032729737,0.3444420837206832,-0.20609797728568247
-1.4466893378675736,4.171311907171964,0.344894314804734,-0.20649834346895937
-1.4456891378275656,4.170189709520095,0.34534655439470296,-0.20689887059999776
-1.4446889377875576,4.169067440218704,0.34579880233498606,-0.20729955815615056
-1.4436887377475496,4.167945099713769,0.34625105846915594,-0.2077004056156273
-1.4426885377075416,4.166822688452696,0.3467033226399501,-0.20810141245748934
-1.4416883376675336,4.165700206884341,0.3471555946892592,-0.2085025781616478
-1.4406881376275256,4.164577655459036,0.34760787445811453,-0.20890390220885954
-1.4396879375875176,4.163455034628617,0.34806016178667637,-0.2093053840807247
-1.4386877375475096,4.162332344846447,0.3485124565142219,-0.20970702325968235
-1.4376875375075016,4.161209586567439,0.3489647584791322,-0.21010881922900806
-1.4366873374674936,4.1600867602480855,0.34941706751888046,-0.21051077147281028
-1.4356871374274855,4.158963866346485,0.3498693834700192,-0.21091287947602677
-1.4346869373874775,4.157840905322366,0.35032170616816716,-0.2113151427244216
-1.4336867373474695,4.156717877637113,0.3507740354479975,-0.21171756070458156
-1.4326865373074615,4.155594783753793,0.35122637114322436,-0.2121201329039129
-1.4316863372674535,4.154471624137186,0.3516787130865894,-0.21252285881063807
-1.4306861372274455,4.15334839925381,0.35213106110984926,-0.21292573791379157
-1.4296859371874375,4.152225109571944,0.3525834150437628,-0.21332876970321768
-1.4286857371474295,4.151101755561663,0.353035774718077,-0.21373195366956607
-1.4276855371074215,4.1499783376948605,0.35348813996151357,-0.21413528930428863
-1.4266853370674135,4.148854856445278,0.35394051060175585,-0.21453877609963623
-1.4256851370274055,4.147731312288534,0.35439288646543526,-0.21494241354865476
-1.4246849369873975,4.146607705702151,0.35484526737811645,-0.2153462011451819
-1.4236847369473895,4.145484037165585,0.3552976531642843,-0.21575013838384363
-1.4226845369073815,4.1443603071602535,0.35575004364733026,-0.21615422476005047
-1.4216843368673735,4.143236516169565,0.3562024386495376,-0.21655845976999405
-1.4206841368273655,4.14211266467895,0.35665483799206704,-0.21696284291064352
-1.4196839367873575,4.140988753175889,0.3571072414949428,-0.21736737367974193
-1.4186837367473495,4.13986478214994,0.3575596489770381,-0.21777205157580248
-1.4176835367073415,4.138740752092772,0.3580120602560606,-0.21817687609810502
-1.4166833366673335,4.137616663498196,0.3584644751485369,-0.2185818467466924
-1.4156831366273255,4.136492516862191,0.3589168934697995,-0.21898696302236664
-1.4146829365873175,4.135368312682939,0.3593693150339699,-0.21939222442668524
-1.4136827365473095,4.134244051460852,0.35982173965394487,-0.21979763046195755
-1.4126825365073015,4.133119733698608,0.3602741671413809,-0.22020318063124114
-1.4116823364672935,4.131995359901179,0.3607265973066785,-0.22060887443833752
-1.4106821364272855,4.13087093057586,0.36117902995896783,-0.22101471138778908
-1.4096819363872775,4.129746446232308,0.36163146490609194,-0.22142069098487477
-1.4086817363472695,4.128621907382568,0.36208390195459195,-0.2218268127356064
-1.4076815363072614,4.127497314541111,0.36253634090969117,-0.22223307614672455
-1.4066813362672534,4.1263726682248585,0.3629887815752793,-0.22263948072569542
-1.4056811362272454,4.125247968953222,0.3634412237538958,-0.22304602598070597
-1.4046809361872374,4.124123217248135,0.363893667246715,-0.22345271142066078
-1.4036807361472294,4.122998413634082,0.3643461118535287,-0.22385953655517765
-1.4026805361072214,4.121873558638136,0.3647985573727308,-0.224266500894584
-1.4016803360672134,4.1207486527899935,0.3652510036012998,-0.2246736039499122
-1.4006801360272054,4.1196236966220035,0.36570345033478346,-0.22508084523289634
-1.3996799359871974,4.118498690669203,0.3661558973672815,-0.22548822425596785
-1.3986797359471894,4.117373635469358,0.36660834449142843,-0.22589574053225148
-1.3976795359071814,4.116248531562985,0.36706079149837717,-0.2263033935755609
-1.3966793358671734,4.115123379493399,0.3675132381777829,-0.22671118290039524
-1.3956791358271654,4.113998179806741,0.3679656843177841,-0.22711910802193425
-1.3946789357871574,4.112872933052013,0.36841812970498644,-0.22752716845603477
-1.3936787357471494,4.111747639781119,0.368870574124445,-0.22793536371922585
-1.3926785357071414,4.110622300548894,0.369323017359648,-0.2283436933287051
-1.3916783356671334,4.109496915913145,0.36977545919249777,-0.22875215680233443
-1.3906781356271254,4.108371486434683,0.37022789940329354,-0.22916075365863534
-1.3896779355871174,4.107246012677363,0.3706803377707138,-0.22956948341678465
-1.3886777355471094,4.106120495208118,0.37113277407179907,-0.22997834559661082
-1.3876775355071014,4.104994934596995,0.37158520808193324,-0.23038733971858885
-1.3866773354670934,4.103869331417195,0.37203763957482494,-0.23079646530383652
-1.3856771354270854,4.102743686245106,0.3724900683224909,-0.23120572187410932
-1.3846769353870774,4.101617999660347,0.37294249409523633,-0.23161510895179635
-1.3836767353470694,4.100492272245793,0.37339491666163754,-0.23202462605991606
-1.3826765353070614,4.099366504587628,0.3738473357885226,-0.23243427272211134
-1.3816763352670534,4.098240697275371,0.3742997512409536,-0.23284404846264506
-1.3806761352270454,4.097114850901921,0.3747521627822077,-0.23325395280639563
-1.3796759351870374,4.095988966063588,0.37520457017375813,-0.23366398527885235
-1.3786757351470293,4.0948630433601405,0.3756569731752559,-0.23407414540611093
-1.3776755351070213,4.093737083394835,0.37610937154451085,-0.2344844327148685
-1.3766753350670133,4.092611086774461,0.3765617650374721,-0.23489484673241892
-1.3756751350270053,4.091485054109377,0.3770141534082095,-0.23530538698664855
-1.3746749349869973,4.090358986013549,0.37746653640889477,-0.23571605300603077
-1.3736747349469893,4.089232883104592,0.37791891378978176,-0.23612684431962166
-1.3726745349069813,4.088106746003806,0.3783712852991875,-0.23653776045705502
-1.3716743348669733,4.086980575336217,0.37882365068347257,-0.23694880094853757
-1.3706741348269653,4.085854371730618,0.37927600968702224,-0.23735996532484388
-1.3696739347869573,4.084728135819605,0.3797283620522266,-0.23777125311731157
-1.3686737347469493,4.083601868239619,0.38018070751946065,-0.238182663857836
-1.3676735347069413,4.082475569630986,0.3806330458270657,-0.238594197078866
-1.3666733346669333,4.081349240637955,0.3810853767113288,-0.2390058523133979
-1.3656731346269253,4.0802228819087425,0.381537699906464,-0.23941762909497097
-1.3646729345869173,4.079096494095566,0.3819900151445919,-0.2398295269576621
-1.3636727345469093,4.077970077854689,0.3824423221557202,-0.24024154543608067
-1.3626725345069013,4.076843633846456,0.3828946206677239,-0.24065368406536355
-1.3616723344668933,4.075717162735345,0.38334691040632457,-0.2410659423811695
-1.3606721344268853,4.07459066518999,0.38379919109507243,-0.24147831991967386
-1.3596719343868773,4.073464141883236,0.38425146245532454,-0.24189081621756356
-1.3586717343468693,4.072337593492171,0.3847037242062263,-0.2423034308120313
-1.3576715343068613,4.071211020698173,0.3851559760646907,-0.24271616324077025
-1.3566713342668533,4.070084424186943,0.3856082177453785,-0.24312901304196904
-1.3556711342268453,4.068957804648551,0.3860604489606787,-0.24354197975430564
-1.3546709341868373,4.067831162777475,0.38651266942068824,-0.24395506291694197
-1.3536707341468293,4.066704499272641,0.3869648788331919,-0.24436826206951842
-1.3526705341068213,4.065577814837463,0.38741707690364313,-0.24478157675214815
-1.3516703340668133,4.064451110179883,0.38786926333514327,-0.24519500650541143
-1.3506701340268052,4.0633243860124155,0.3883214378284222,-0.24560855087034952
-1.3496699339867975,4.062197643052181,0.38877360008181855,-0.24602220938845956
-1.3486697339467895,4.06107088202095,0.3892257497912593,-0.24643598160168806
-1.3476695339067815,4.059944103645184,0.3896778866502405,-0.24684986705242545
-1.3466693338667735,4.0588173086560735,0.39013001034980765,-0.24726386528350003
-1.3456691338267655,4.0576904977895785,0.3905821205785357,-0.24767797583817175
-1.3446689337867574,4.05656367178647,0.39103421702250934,-0.2480921982601265
-1.3436687337467494,4.055436831392363,0.3914862993653041,-0.2485065320934697
-1.3426685337067414,4.054309977357766,0.39193836728796627,-0.2489209768827204
-1.3416683336667334,4.053183110438112,0.39239042046899336,-0.24933553217280524
-1.3406681336267254,4.052056231393801,0.3928424585843153,-0.24975019750905136
-1.3396679335867174,4.050929340990241,0.39329448130727507,-0.25016497243718133
-1.3386677335467094,4.049802439997881,0.39374648830860953,-0.2505798565033058
-1.3376675335067014,4.048675529192254,0.39419847925643087,-0.25099484925391735
-1.3366673334666934,4.047548609354013,0.39465045381620656,-0.2514099502358844
-1.3356671334266854,4.0464216812689715,0.3951024116507422,-0.2518251589964442
-1.3346669333866774,4.045294745728139,0.3955543524201612,-0.25224047508319625
-1.3336667333466694,4.044167803527757,0.3960062757818883,-0.25265589804409583
-1.3326665333066614,4.04304085546934,0.39645818139062966,-0.25307142742744765
-1.3316663332666534,4.04191390235971,0.3969100688983551,-0.2534870627818982
-1.3306661332266454,4.04078694501103,0.39736193795428093,-0.2539028036564298
-1.3296659331866374,4.0396599842408465,0.3978137882048513,-0.2543186496003532
-1.3286657331466294,4.03853302087212,0.39826561929372056,-0.25473460016330046
-1.3276655331066214,4.0374060557332605,0.3987174308617373,-0.25515065489521876
-1.3266653330666134,4.036279089658164,0.3991692225469255,-0.2555668133463626
-1.3256651330266054,4.035152123486247,0.39962099398446843,-0.25598307506728674
-1.3246649329865974,4.0340251580624775,0.4000727448066919,-0.2563994396088392
-1.3236647329465894,4.0328981942374105,0.4005244746430477,-0.256815906522154
-1.3226645329065814,4.031771232867222,0.4009761831200977,-0.2572324753586434
-1.3216643328665734,4.030644274813738,0.4014278698614976,-0.2576491456699915
-1.3206641328265654,4.029517320944466,0.40187953448798164,-0.25806591700814524
-1.3196639327865574,4.028390372132631,0.402331176617347,-0.2584827889253082
-1.3186637327465494,4.027263429257203,0.40278279586443877,-0.25889976097393236
-1.3176635327065414,4.026136493202921,0.4032343918411359,-0.25931683270671074
-1.3166633326665333,4.025009564860335,0.4036859641563356,-0.25973400367656907
-1.3156631326265253,4.02388264512582,0.40413751241594104,-0.2601512734366588
-1.3146629325865173,4.022755734901615,0.40458903622284587,-0.2605686415403484
-1.3136627325465093,4.021628835095845,0.4050405351769223,-0.2609861075412161
-1.3126625325065013,4.020501946622545,0.405492008875008,-0.261403670993041
-1.3116623324664933,4.019375070401693,0.40594345691089284,-0.2618213314497961
-1.3106621324264853,4.018248207359225,0.40639487887530773,-0.26223908846563915
-1.3096619323864773,4.017121358427066,0.4068462743559121,-0.26265694159490444
-1.3086617323464693,4.015994524543149,0.40729764293728365,-0.26307489039209525
-1.3076615323064613,4.01486770665144,0.407748984200907,-0.26349293441187455
-1.3066613322664533,4.013740905701955,0.4082002977251635,-0.263911073209057
-1.3056611322264453,4.012614122650781,0.40865158308532157,-0.2643293063386002
-1.3046609321864373,4.011487358460101,0.40910283985352713,-0.2647476333555961
-1.3036607321464293,4.010360614098204,0.4095540675987951,-0.26516605381526187
-1.3026605321064213,4.009233890539503,0.41000526588700137,-0.2655845672729322
-1.3016603320664133,4.008107188764554,0.4104564342808752,-0.26600317328404893
-1.3006601320264053,4.006980509760071,0.4109075723399913,-0.26642187140415324
-1.2996599319863973,4.005853854518937,0.41135867962076367,-0.2668406611888759
-1.2986597319463893,4.004727224040216,0.4118097556764401,-0.26725954219392856
-1.2976595319063813,4.0036006193291644,0.412260800057097,-0.2676785139750943
-1.2966593318663733,4.002474041397246,0.41271181230963344,-0.2680975760882182
-1.2956591318263653,4.0013474912621305,0.4131627919777691,-0.2685167280891984
-1.2946589317863573,4.000220969947711,0.4136137386020392,-0.26893596953397614
-1.2936587317463493,3.999094478484101,0.41406465171979284,-0.2693552999785264
-1.2926585317063413,3.997968017907646,0.41451553086519005,-0.26977471897884836
-1.2916583316663333,3.9968415892609226,0.414966375569202,-0.27019422609095545
-1.2906581316263253,3.9957151935927397,0.41541718535960914,-0.2706138208708657
-1.2896579315863173,3.994588831958141,0.41586795976100244,-0.2710335028745916
-1.2886577315463092,3.993462505418401,0.4163186982947841,-0.2714532716581305
-1.2876575315063012,3.992336215041024,0.41676940047916905,-0.2718731267774541
-1.2866573314662932,3.9912099618997376,0.4172200658291881,-0.2722930677884986
-1.2856571314262852,3.990083747074488,0.41767069385669137,-0.27271309424715434
-1.2846569313862772,3.988957571651429,0.41812128407035226,-0.2731332057092552
-1.2836567313462692,3.987831436722917,0.4185718359756733,-0.27355340173056863
-1.2826565313062612,3.9867053433874937,0.41902234907499164,-0.27397368186678445
-1.2816563312662532,3.9855792927498777,0.41947282286748655,-0.27439404567350545
-1.2806561312262452,3.9844532859209463,0.4199232568491872,-0.27481449270623487
-1.2796559311862372,3.98332732401772,0.42037365051298126,-0.2752350225203676
-1.2786557311462292,3.9822014081633417,0.4208240033486257,-0.27565563467117743
-1.2776555311062212,3.981075539487058,0.4212743148427563,-0.2760763287138076
-1.2766553310662132,3.9799497191241944,0.4217245844789008,-0.27649710420325885
-1.2756551310262052,3.9788239482161303,0.4221748117374915,-0.2769179606943785
-1.2746549309861972,3.977698227910274,0.42262499609587845,-0.2773388977418492
-1.2736547309461892,3.976572559360031,0.42307513702834554,-0.2777599149001777
-1.2726545309061812,3.975446943724774,0.4235252340061261,-0.2781810117236829
-1.2716543308661732,3.974321382169809,0.4239752864974198,-0.2786021877664853
-1.2706541308261652,3.973195875866339,0.42442529396741213,-0.2790234425824949
-1.2696539307861572,3.972070425991427,0.4248752558782929,-0.2794447757253991
-1.2686537307461492,3.970945033727956,0.42532517168927686,-0.2798661867486511
-1.2676535307061412,3.9698197002645843,0.4257750408566267,-0.2802876752054587
-1.2666533306661332,3.968694426795701,0.426224862833675,-0.28070924064877173
-1.2656531306261252,3.9675692145213812,0.42667463707084907,-0.2811308826312701
-1.2646529305861172,3.9664440646473316,0.42712436301569645,-0.28155260070535176
-1.2636527305461092,3.965318978384841,0.4275740401129119,-0.2819743944231202
-1.2626525305061012,3.9641939569507256,0.428023667804365,-0.28239626333637274
-1.2616523304660932,3.963069001567269,0.42847324552913035,-0.2828182069965878
-1.2606521304260851,3.9619441134621636,0.42892277272351764,-0.2832402249549122
-1.2596519303860771,3.9608192938684477,0.4293722488211042,-0.2836623167621489
-1.2586517303460691,3.9596945440244404,0.42982167325276827,-0.2840844819687446
-1.2576515303060611,3.958569865173672,0.430271045446724,-0.28450672012477635
-1.2566513302660531,3.9574452585648134,0.4307203648285579,-0.28492903077993953
-1.2556511302260451,3.956320725451603,0.431169630821266,-0.28535141348353465
-1.2546509301860371,3.95519626709277,0.4316188428452931,-0.2857738677844541
-1.2536507301460291,3.9540718847519543,0.4320680003185737,-0.28619639323116985
-1.2526505301060211,3.9529475796976232,0.4325171026565739,-0.28661898937171976
-1.2516503300660131,3.9518233532029896,0.43296614927233484,-0.2870416557536946
-1.2506501300260051,3.9506992065459188,0.4334151395765179,-0.28746439192422496
-1.249649929985997,3.9495751410088418,0.4338640729774505,-0.287887197429968
-1.248649729945989,3.9484511578786576,0.4343129488811758,-0.28831007181709367
-1.247649529905981,3.947327258446639,0.43476176669150035,-0.28873301463127177
-1.246649329865973,3.9462034440083285,0.43521052581004743,-0.2891560254176583
-1.245649129825965,3.945079715863438,0.43565922563630805,-0.2895791037208818
-1.244648929785957,3.9439560753157408,0.4361078655676965,-0.29000224908503003
-1.243648729745949,3.942832523672962,0.43655644499960516,-0.2904254610536361
-1.242648529705941,3.9417090622466655,0.43700496332546374,-0.2908487391696645
-1.241648329665933,3.9405856923521383,0.4374534199367971,-0.2912720829754983
-1.240648129625925,3.939462415308269,0.4379018142232875,-0.2916954920129242
-1.239647929585917,3.938339232437429,0.4383501455728354,-0.29211896582311947
-1.238647729545909,3.937216145065343,0.43879841337162545,-0.29254250394663794
-1.237647529505901,3.9360931545209623,0.4392466170041914,-0.2929661059233956
-1.236647329465893,3.93497026213633,0.43969475585348383,-0.2933897712926573
-1.2356471294258853,3.9338474692464467,0.4401428293009398,-0.29381349959302233
-1.2346469293858773,3.9327247771891316,0.44059083672655336,-0.29423729036241075
-1.2336467293458693,3.93160218730488,0.44103877750894854,-0.2946611431380489
-1.2326465293058613,3.930479700936716,0.44148665102545365,-0.29508505745645586
-1.2316463292658533,3.9293573194300437,0.44193445665217757,-0.2955090328534291
-1.2306461292258453,3.928235044132497,0.4423821937640873,-0.2959330688640305
-1.2296459291858373,3.9271128763937804,0.4428298617350878,-0.2963571650225722
-1.2286457291458293,3.925990817565512,0.4432774599381033,-0.29678132086260234
-1.2276455291058213,3.924868869001059,0.44372498774516006,-0.29720553591689125
-1.2266453290658133,3.923747032055374,0.44417244452747146,-0.2976298097174176
-1.2256451290258052,3.9226253080848217,0.44461982965552455,-0.2980541417953538
-1.2246449289857972,3.921503698447011,0.44506714249916784,-0.2984785316810519
-1.2236447289457892,3.9203822045006134,0.4455143824277019,-0.2989029789040303
-1.2226445289057812,3.9192608276051883,0.4459615488099706,-0.29932748299295886
-1.2216443288657732,3.918139569120997,0.44640864101445454,-0.2997520434756456
-1.2206441288257652,3.9170184304088176,0.44685565840936603,-0.3001766598790224
-1.2196439287857572,3.915897412829754,0.44730260036274666,-0.30060133172913134
-1.2186437287457492,3.9147765177450453,0.44774946624256523,-0.3010260585511104
-1.2176435287057412,3.913655746515866,0.4481962554168181,-0.3014508398691806
-1.2166433286657332,3.9125351005031312,0.448642967253631,-0.3018756752066309
-1.2156431286257252,3.9114145810672896,0.4490896011213627,-0.3023005640858058
-1.2146429285857172,3.91029418956812,0.4495361563887103,-0.302725506028091
-1.2136427285457092,3.90917392736452,0.449982632424816,-0.30315050055390025
-1.2126425285057012,3.908053795814296,0.4504290285993757,-0.303575547182662
-1.2116423284656932,3.9069337962739454,0.45087534428274967,-0.30400064543280564
-1.2106421284256852,3.9058139300984394,0.45132157884607277,-0.3044257948217484
-1.2096419283856772,3.9046941986410015,0.451767731661369,-0.30485099486588285
-1.2086417283456692,3.9035746032528813,0.452213802101666,-0.3052762450805628
-1.2076415283056612,3.902455145283129,0.45265978954111175,-0.3057015449800913
-1.2066413282656532,3.9013358260783613,0.4531056933550918,-0.30612689407770766
-1.2056411282256452,3.9002166469825323,0.45355151292034857,-0.3065522918855747
-1.2046409281856372,3.8990976093366942,0.453997247615103,-0.3069777379147663
-1.2036407281456292,3.8979787144787585,0.4544428968191762,-0.307403231675255
-1.2026405281056212,3.896859963743255,0.45488845991411314,-0.3078287726759006
-1.2016403280656132,3.895741358461087,0.45533393628330754,-0.3082543604244368
-1.2006401280256052,3.894622899959284,0.455779325312129,-0.3086799944274608
-1.1996399279855972,3.8935045895607523,0.4562246263880491,-0.3091056741904208
-1.1986397279455892,3.8923864285840235,0.45666983890077206,-0.30953139921760486
-1.1976395279055811,3.8912684183429986,0.45711496224236314,-0.30995716901212983
-1.1966393278655731,3.890150560146693,0.45755999580738166,-0.31038298307593015
-1.1956391278255651,3.889032855298976,0.45800493899301226,-0.31080884090974725
-1.1946389277855571,3.887915305098312,0.45844979119919843,-0.31123474201311885
-1.1936387277455491,3.886797910837495,0.45889455182877836,-0.31166068588436874
-1.1926385277055411,3.885680673803383,0.45933922028761937,-0.3120866720205971
-1.1916383276655331,3.8845635952766346,0.45978379598475494,-0.31251269991767
-1.1906381276255251,3.883446676531436,0.4602282783325225,-0.3129387690702106
-1.1896379275855171,3.8823299188352327,0.4606726667467012,-0.31336487897158966
-1.1886377275455091,3.8812133234484585,0.46111696064665203,-0.31379102911391665
-1.1876375275055011,3.8800968916242597,0.4615611594554573,-0.3142172189880311
-1.186637327465493,3.8789806246082215,0.462005262600061,-0.3146434480834944
-1.185637127425485,3.8778645236380904,0.462449269511411,-0.31506971588858174
-1.184636927385477,3.8767485899434986,0.4628931796246007,-0.3154960218902746
-1.183636727345469,3.8756328247456846,0.46333699237901127,-0.31592236557425335
-1.182636527305461,3.8745172292572145,0.4637807072184551,-0.31634874642489036
-1.181636327265453,3.873401804681701,0.4642243235913187,-0.3167751639252436
-1.180636127225445,3.872286552213524,0.46466784095070723,-0.3172016175570501
-1.179635927185437,3.8711714730375477,0.4651112587545877,-0.3176281068007204
-1.178635727145429,3.870056568328839,0.46555457646593423,-0.31805463113533333
-1.177635527105421,3.8689418392523867,0.46599779355287146,-0.3184811900386309
-1.176635327065413,3.867827286962818,0.4664409094888197,-0.3189077829870136
-1.175635127025405,3.866712912604117,0.46688392375263954,-0.3193344094555364
-1.174634926985397,3.8655987173093425,0.46732683582877604,-0.31976106891790496
-1.173634726945389,3.864484702200345,0.4677696452074035,-0.3201877608464727
-1.172634526905381,3.8633708683874866,0.4682123513845693,-0.3206144847122379
-1.171634326865373,3.8622572169693608,0.4686549538623371,-0.32104123998484124
-1.170634126825365,3.861143749032509,0.46909745214893206,-0.3214680261325645
-1.169633926785357,3.8600304656511457,0.46953984575888247,-0.3218948426223289
-1.168633726745349,3.858917367886876,0.46998213421316287,-0.3223216889196944
-1.167633526705341,3.857804456788421,0.47042431703933574,-0.3227485644888596
-1.166633326665333,3.856691733391341,0.47086639377169337,-0.3231754687926618
-1.165633126625325,3.855579198717761,0.4713083639513976,-0.32360240129257817
-1.164632926585317,3.8544668537760987,0.4717502271266207,-0.3240293614487268
-1.163632726545309,3.853354699560793,0.47219198285268266,-0.32445634871986917
-1.162632526505301,3.8522427370520353,0.47263363069218967,-0.32488336256341205
-1.161632326465293,3.8511309672155023,0.4730751702151712,-0.32531040243541093
-1.160632126425285,3.850019391002092,0.47351660099921455,-0.32573746779057416
-1.159631926385277,3.848908009347661,0.4739579226295999,-0.32616455808226674
-1.158631726345269,3.8477968231727657,0.4743991346994326,-0.32659167276251544
-1.157631526305261,3.846685833382406,0.4748402368097745,-0.32701881128201443
-1.156631326265253,3.8455750408657714,0.47528122856977434,-0.3274459730901317
-1.155631126225245,3.8444644464959885,0.4757221095967954,-0.3278731576349155
-1.154630926185237,3.843354051129878,0.4761628795165424,-0.3283003643631021
-1.153630726145229,3.8422438556077068,0.4766035379631861,-0.32872759272012436
-1.152630526105221,3.8411338607529513,0.4770440845794856,-0.3291548421501201
-1.151630326065213,3.840024067372059,0.4774845190169101,-0.32958211209594157
-1.150630126025205,3.838914476254219,0.4779248409357569,-0.33000940199916684
-1.149629925985197,3.8378050881711303,0.4783650500052682,-0.3304367113001091
-1.148629725945189,3.836695903876782,0.4788051459037453,-0.33086403943782927
-1.147629525905181,3.8355869241072313,0.47924512831866145,-0.33129138585014883
-1.146629325865173,3.8344781495803923,0.4796849969467698,-0.33171874997366196
-1.145629125825165,3.833369580995823,0.48012475149421147,-0.3321461312437501
-1.144628925785157,3.832261219034523,0.48056439167661996,-0.3325735290945962
-1.143628725745149,3.831153064358735,0.4810039172192226,-0.3330009429592003
-1.142628525705141,3.830045117611749,0.48144332785693983,-0.33342837226939537
-1.141628325665133,3.828937379417715,0.48188262333448006,-0.3338558164558645
-1.140628125625125,3.827829850381461,0.48232180340643455,-0.33428327494815785
-1.139627925585117,3.8267225310883157,0.48276086783736627,-0.334710747174712
-1.138627725545109,3.8256154221039376,0.4831998164018967,-0.33513823256286845
-1.137627525505101,3.82450852397415,0.4836386488847906,-0.3355657305388937
-1.136627325465093,3.8234018372247855,0.48407736508103566,-0.33599324052799995
-1.135627125425085,3.8222953623615314,0.48451596479591935,-0.3364207619543669
-1.134626925385077,3.821189099869786,0.4849544478451033,-0.33684829424116347
-1.133626725345069,3.82008305021452,0.4853928140546926,-0.33727583681057166
-1.132626525305061,3.818977213840146,0.48583106326130315,-0.33770338908380954
-1.131626325265053,3.8178715911703933,0.48626919531212337,-0.3381309504811565
-1.130626125225045,3.8167661826081924,0.486707210064974,-0.3385585204219788
-1.129625925185037,3.815660988535564,0.4871451073883636,-0.33898609832475546
-1.128625725145029,3.814556009313516,0.4875828871615391,-0.33941368360710555
-1.127625525105021,3.8134512452819522,0.48802054927453353,-0.3398412756858158
-1.126625325065013,3.812346696759583,0.4884580936282096,-0.3402688739768695
-1.125625125025005,3.811242364043847,0.48889552013429893,-0.3406964778954761
-1.1246249249849969,3.810138247410839,0.48933282871543726,-0.3411240868561008
-1.1236247249449889,3.80903434711525,0.48977001930519504,-0.341551700272496
-1.1226245249049809,3.8079306633903083,0.49020709184810485,-0.3419793175577334
-1.121624324864973,3.806827196447737,0.490644046299683,-0.34240693812423606
-1.120624124824965,3.805723946477714,0.49108088262644833,-0.3428345613838117
-1.119623924784957,3.8046209136488414,0.4915176008059356,-0.343262186747687
-1.118623724744949,3.8035180981081265,0.4919542008267043,-0.34368981362654305
-1.117623524704941,3.8024154999809676,0.492390682688344,-0.34411744143054984
-1.116623324664933,3.8013131193711507,0.4928270464014744,-0.3445450695694036
-1.115623124624925,3.800210956360855,0.49326329198774105,-0.3449726974523637
-1.114622924584917,3.799109011010665,0.4936994194798058,-0.34540032448829017
-1.113622724544909,3.798007283359596,0.49413542892133366,-0.3458279500856826
-1.112622524504901,3.7969057734251233,0.49457132036697543,-0.34625557365271975
-1.111622324464893,3.7958044812032217,0.4950070938823432,-0.3466831945972986
-1.110622124424885,3.794703406668418,0.49544274954398404,-0.3471108123270761
-1.109621924384877,3.7936025497738486,0.4958782874393469,-0.3475384262495103
-1.108621724344869,3.7925019104513256,0.4963137076667465,-0.3479660357719019
-1.107621524304861,3.791401488611415,0.4967490103353203,-0.34839364030143755
-1.106621324264853,3.790301284143521,0.49718419556498344,-0.34882123924523295
-1.105621124224845,3.7892012969159823,0.49761926348637664,-0.34924883201037715
-1.104620924184837,3.7881015267761753,0.49805421424081037,-0.3496764180039767
-1.103620724144829,3.787001973550626,0.4984890479802043,-0.3501039966332013
-1.102620524104821,3.7859026370451345,0.4989237648670221,-0.3505315673053296
-1.101620324064813,3.784803517044904,0.49935836507420084,-0.3509591294277946
-1.100620124024805,3.7837046133146806,0.4997928487850768,-0.35138668240823284
-1.099619923984797,3.782605925598904,0.5002272161933049,-0.35181422565452897
-1.098619723944789,3.781507453621864,0.5006614675027756,-0.35224175857486645
-1.097619523904781,3.7804091970878675,0.501095602927526,-0.3526692805777741
-1.096619323864773,3.7793111556814143,0.5015296226916457,-0.3530967910721764
-1.095619123824765,3.7782133290673814,0.50196352702918,-0.35352428946744147
-1.094618923784757,3.7771157168912155,0.5023973161840257,-0.35395177517343224
-1.093618723744749,3.7760183187791347,0.5028309904098262,-0.35437924760055656
-1.092618523704741,3.7749211343383386,0.5032645499698589,-0.3548067061598168
-1.091618323664733,3.773824163157227,0.5036979951369189,-0.35523415026286265
-1.090618123624725,3.7727274048056256,0.5041313261932008,-0.3556615793220407
-1.089617923584717,3.771630858835022,0.5045645434301718,-0.3560889927504474
-1.088617723544709,3.770534524778807,0.5049976471484449,-0.3565163899619807
-1.087617523504701,3.769438402152528,0.5054306376576454,-0.3569437703713927
-1.086617323464693,3.768342490454146,0.5058635152762742,-0.3573711333943412
-1.085617123424685,3.7672467891643007,0.5062962803315669,-0.3577984784474438
-1.084616923384677,3.7661512977465885,0.5067289331593481,-0.3582258049483302
-1.083616723344669,3.7650560156478394,0.5071614741038841,-0.35865311231569535
-1.082616523304661,3.7639609422984077,0.5075939035177295,-0.35908039996935304
-1.081616323264653,3.762866077112469,0.5080262217615703,-0.35950766733028944
-1.080616123224645,3.761771419488319,0.5084584292040659,-0.3599349138207164
-1.079615923184637,3.7606769688086863,0.5088905262216835,-0.36036213886412516
-1.078615723144629,3.7595827244410467,0.5093225131985328,-0.36078934188534023
-1.077615523104621,3.7584886857379454,0.5097543905261956,-0.3612165223105729
-1.076615323064613,3.757394852037326,0.5101861586035515,-0.36164367956747484
-1.075615123024605,3.756301222662865,0.5106178178366021,-0.36207081308519234
-1.074614922984597,3.755207796924311,0.5110493686382911,-0.3624979222944191
-1.073614722944589,3.754114574117832,0.5114808114283214,-0.3629250066274501
-1.072614522904581,3.7530215535263647,0.5119121466329707,-0.3633520655182353
-1.071614322864573,3.7519287344199737,0.5123433746849022,-0.36377909840243233
-1.070614122824565,3.7508361160562105,0.5127744960229749,-0.36420610471745996
-1.069613922784557,3.749743697680481,0.513205511092049,-0.3646330839025503
-1.068613722744549,3.748651478526414,0.5136364203427923,-0.36506003539880244
-1.067613522704541,3.7475594578162386,0.5140672242314805,-0.36548695864923375
-1.066613322664533,3.7464676347611623,0.5144979232197984,-0.3659138530988326
-1.065613122624525,3.7453760085617533,0.5149285177746374,-0.36634071819460967
-1.064612922584517,3.744284578408328,0.5153590083678923,-0.3667675533856494
-1.063612722544509,3.743193343481338,0.5157893954762545,-0.3671943581231612
-1.062612522504501,3.7421023029517664,0.5162196795810061,-0.36762113186052964
-1.0616123224644929,3.7410114559815213,0.5166498611678106,-0.36804787405336475
-1.0606121224244849,3.7399208017238337,0.5170799407265032,-0.36847458415955175
-1.0596119223844769,3.7388303393236604,0.5175099187508784,-0.36890126163930004
-1.0586117223444689,3.737740067918084,0.5179397957384787,-0.36932790595519216
-1.0576115223044609,3.736649986636719,0.5183695721903813,-0.3697545165722312
-1.0566113222644529,3.735560094602117,0.5187992486109829,-0.3701810929578887
-1.0556111222244449,3.7344703909301753,0.5192288255077855,-0.37060763458215196
-1.0546109221844369,3.733380874730545,0.5196583033911815,-0.3710341409175698
-1.0536107221444289,3.7322915451070395,0.5200876827742358,-0.37146061143929776
-1.0526105221044209,3.7312024011580465,0.5205169641724718,-0.3718870456251443
-1.0516103220644129,3.7301134419769353,0.5209461481036538,-0.37231344295561336
-1.0506101220244048,3.72902466665247,0.5213752350875709,-0.37273980291394926
-1.0496099219843968,3.727936074269218,0.5218042256458203,-0.3731661249861785
-1.0486097219443888,3.7268476639079617,0.5222331203015916,-0.373592408661152
-1.0476095219043808,3.7257594346461036,0.5226619195794516,-0.37401865343058627
-1.0466093218643728,3.72467138555808,0.5230906240051281,-0.3744448587891036
-1.0456091218243648,3.723583515715762,0.5235192341052954,-0.37487102423427143
-1.0446089217843568,3.7224958241888664,0.5239477504073612,-0.37529714926664065
-1.0436087217443488,3.721408310045356,0.5243761734392531,-0.3757232333897842
-1.0426085217043408,3.7203209723518427,0.5248045037292073,-0.37614927611033255
-1.0416083216643328,3.7192338101739875,0.5252327418055568,-0.3765752769380105
-1.0406081216243248,3.718146822576897,0.5256608881965223,-0.3770012353856712
-1.0396079215843168,3.7170600086255208,0.5260889434300047,-0.37742715096933044
-1.0386077215443088,3.7159733673850392,0.5265169080333774,-0.3778530232081996
-1.0376075215043008,3.7148868979212555,0.5269447825332825,-0.3782788516247175
-1.0366073214642928,3.7138005993009804,0.5273725674554265,-0.3787046357445805
-1.0356071214242848,3.712714470592415,0.5278002633243791,-0.3791303750967733
-1.0346069213842768,3.7116285108655265,0.5282278706633746,-0.3795560692135971
-1.0336067213442688,3.710542719192426,0.5286553899941132,-0.37998171763069677
-1.0326065213042608,3.709457094647737,0.5290828218365671,-0.3804073198870883
-1.0316063212642528,3.7083716363089616,0.529510166708787,-0.38083287552518397
-1.0306061212242448,3.707286343256842,0.5299374251267119,-0.38125838409081636
-1.0296059211842368,3.706201214575717,0.5303645976039812,-0.3816838451332619
-1.0286057211442288,3.7051162493538747,0.5307916846517491,-0.3821092582052626
-1.0276055211042208,3.704031446683899,0.5312186867785014,-0.38253462286304696
-1.0266053210642128,3.7029468056630104,0.5316456044898773,-0.38295993866635
-1.0256051210242048,3.701862325393402,0.5320724382884908,-0.3833852051784323
-1.0246049209841968,3.7007780049825723,0.5324991886737569,-0.38381042196609616
-1.0236047209441888,3.6996938435436464,0.532925856141722,-0.38423558859970297
-1.0226045209041807,3.6986098401956977,0.5333524411848941,-0.384660704653188
-1.0216043208641727,3.6975259940640606,0.5337789442920794,-0.385085769704074
-1.0206041208241647,3.696442304280636,0.5342053659482207,-0.38551078333348393
-1.0196039207841567,3.695358769984193,0.5346317066342381,-0.38593574512615325
-1.0186037207441487,3.6942753903206604,0.5350579668268768,-0.3863606546704392
-1.0176035207041407,3.6931921644434187,0.5354841469985535,-0.3867855115583304
-1.0166033206641327,3.6921090915135766,0.5359102476172103,-0.3872103153854551
-1.0156031206241247,3.6910261707002485,0.5363362691461698,-0.38763506575108725
-1.0146029205841167,3.6899434011808183,0.5367622120439957,-0.3880597622581527
-1.0136027205441087,3.688860782141203,0.5371880767643543,-0.3884844045132331
-1.0126025205041007,3.687778312776104,0.5376138637558835,-0.38890899212656904
-1.0116023204640927,3.686695992289254,0.5380395734620623,-0.3893335247120628
-1.0106021204240847,3.685613819893657,0.5384652063210859,-0.38975800188727777
-1.0096019203840767,3.6845317948118175,0.5388907627657439,-0.3901824232734401
-1.0086017203440687,3.683449916275967,0.5393162432233027,-0.390606788495435
-1.007601520304061,3.6823681835282818,0.5397416481153922,-0.39103109718180556
-1.006601320264053,3.6812865958210903,0.5401669778578951,-0.39145534896474854
-1.005601120224045,3.6802051524170776,0.5405922328608421,-0.3918795434801091
-1.004600920184037,3.679123852589479,0.5410174135283089,-0.3923036803673754
-1.003600720144029,3.678042695622269,0.5414425202583188,-0.39272775926967013
-1.002600520104021,3.6769616808103383,0.5418675534427497,-0.393151779833744
-1.001600320064013,3.6758808074596683,0.5422925134672426,-0.3935757417099647
-1.000600120024005,3.674800074887497,0.5427174007111165,-0.3939996445523074
-0.9995999199839969,3.6737194824224737,0.5431422155472867,-0.39442348801834265
-0.9985997199439889,3.67263902940481,0.5435669583421867,-0.3948472717692237
-0.9975995199039809,3.6715587151864217,0.5439916294556942,-0.3952709954696736
-0.9965993198639729,3.670478539131065,0.5444162292410617,-0.39569465878796967
-0.9955991198239649,3.6693985006144607,0.5448407580448501,-0.3961182613959282
-0.9945989197839569,3.668318599024419,0.5452652162068665,-0.3965418029688876
-0.9935987197439489,3.667238833760947,0.5456896040601076,-0.39696528318569063
-0.9925985197039409,3.6661592042363567,0.5461139219307038,-0.3973887017286662
-0.9915983196639329,3.6650797098753616,0.5465381701378709,-0.3978120582836095
-0.9905981196239249,3.664000350115169,0.5469623489938616,-0.39823535253976117
-0.9895979195839169,3.662921124405561,0.5473864588039254,-0.3986585841897865
-0.9885977195439088,3.661842032208972,0.5478104998662684,-0.3990817529297527
-0.9875975195039008,3.6607630730005587,0.5482344724720186,-0.39950485845910577
-0.9865973194638928,3.6596842462682604,0.5486583769051961,-0.399927900480647
-0.9855971194238848,3.6586055515128555,0.5490822134426837,-0.40035087870050773
-0.9845969193838768,3.65752698824801,0.5495059823542048,-0.40077379282812287
-0.9835967193438688,3.6564485560003184,0.5499296839023016,-0.4011966425762063
-0.9825965193038608,3.6553702543093385,0.5503533183423208,-0.40161942766072206
-0.9815963192638528,3.654292082727622,0.5507768859223979,-0.40204214780085745
-0.9805961192238448,3.653214040820732,0.5512003868834497,-0.40246480271899376
-0.9795959191838368,3.652136128167264,0.5516238214591668,-0.4028873921406774
-0.9785957191438288,3.651058344358851,0.5520471898760112,-0.4033099157945895
-0.9775955191038208,3.6499806890001683,0.5524704923532169,-0.40373237341251533
-0.9765953190638128,3.64890316170893,0.5528937291027934,-0.4041547647293132
-0.9755951190238048,3.6478257621158816,0.5533169003295324,-0.4045770894828825
-0.9745949189837968,3.646748489864783,0.5537400062310179,-0.40499934741413113
-0.9735947189437888,3.64567134461239,0.554163046997639,-0.4054215382669422
-0.9725945189037808,3.6445943260284266,0.5545860228126068,-0.40584366178814124
-0.9715943188637728,3.6435174337955547,0.5550089338519724,-0.40626571772746134
-0.9705941188237648,3.642440667609338,0.5554317802846489,-0.40668770583750946
-0.9695939187837568,3.6413640271781973,0.5558545622724361,-0.40710962587373
-0.9685937187437488,3.6402875122233667,0.5562772799700476,-0.40753147759437075
-0.9675935187037408,3.639211122478839,0.5566999335251408,-0.40795326076044647
-0.9665933186637328,3.63813485769131,0.5571225230783502,-0.4083749751357026
-0.9655931186237248,3.637058717620117,0.5575450487633206,-0.4087966204865782
-0.9645929185837168,3.635982702037172,0.5579675107067468,-0.4092181965821699
-0.9635927185437088,3.634906810726893,0.5583899090284112,-0.4096397031941936
-0.9625925185037008,3.633831043486127,0.5588122438412281,-0.410061140096948
-0.9615923184636928,3.632755400124072,0.5592345152512856,-0.4104825070672752
-0.9605921184236847,3.6316798804621957,0.5596567233578946,-0.4109038038845238
-0.9595919183836767,3.6306044843341456,0.5600788682536355,-0.4113250303305105
-0.9585917183436687,3.6295292115856617,0.5605009500244091,-0.4117461861894806
-0.9575915183036607,3.6284540620744794,0.5609229687494895,-0.4121672712480701
-0.9565913182636527,3.627379035670236,0.561344924501578,-0.4125882852952659
-0.9555911182236447,3.6263041322543654,0.5617668173468595,-0.4130092281223683
-0.9545909181836367,3.625229351719998,0.5621886473450595,-0.41343009952295007
-0.9535907181436287,3.624154693971852,0.5626104145495036,-0.41385089929281776
-0.9525905181036207,3.623080158926123,0.5630321190071796,-0.4142716272299729
-0.9515903180636127,3.6220057465103728,0.5634537607587983,-0.41469228313457174
-0.9505901180236047,3.620931456663414,0.563875339838858,-0.4151128668088863
-0.9495899179835967,3.6198572893351915,0.564296856275709,-0.4155333780572647
-0.9485897179435887,3.6187832444866626,0.5647183100916217,-0.4159538166860919
-0.9475895179035807,3.6177093220896768,0.5651397013028512,-0.41637418250374936
-0.9465893178635727,3.616635522126848,0.5655610299197091,-0.41679447532057706
-0.9455891178235647,3.615561844591431,0.5659822959466306,-0.41721469494883295
-0.9445889177835567,3.614488289487193,0.566403499382247,-0.417634841202654
-0.9435887177435487,3.6134148568282827,0.5668246402194558,-0.41805491389801686
-0.9425885177035407,3.6123415466390996,0.5672457184454943,-0.4184749128526994
-0.9415883176635327,3.6112683589541623,0.5676667340420118,-0.418894837886241
-0.9405881176235247,3.6101952938179727,0.568087686985145,-0.419314688819904
-0.9395879175835167,3.6091223512848822,0.5685085772455896,-0.4197344654766352
-0.9385877175435087,3.6080495314189536,0.5689294047886787,-0.4201541676810269
-0.9375875175035007,3.6069768342938255,0.5693501695744565,-0.4205737952592795
-0.9365873174634927,3.605904259992574,0.569770871557755,-0.4209933480391622
-0.9355871174234847,3.6048318086075724,0.5701915106882699,-0.42141282584997614
-0.9345869173834767,3.6037594802403525,0.5706120869106375,-0.4218322285225162
-0.9335867173434687,3.6026872750014647,0.5710326001645125,-0.4222515558890337
-0.9325865173034606,3.601615193010337,0.5714530503846451,-0.42267080778319976
-0.9315863172634526,3.600543234395135,0.5718734375009576,-0.4230899840400678
-0.9305861172234446,3.5994713992926197,0.5722937614386224,-0.4235090844960373
-0.9295859171834366,3.5983996878480076,0.5727140221181397,-0.42392810898881705
-0.9285857171434286,3.597328100214828,0.5731342194554155,-0.42434705735739003
-0.9275855171034206,3.596256636554784,0.5735543533618386,-0.42476592944197705
-0.9265853170634126,3.595185297037609,0.5739744237443583,-0.4251847250840021
-0.9255851170234046,3.5941140818409285,0.5743944305055616,-0.4256034441260565
-0.9245849169833966,3.593042991150118,0.5748143735437502,-0.4260220864118647
-0.9235847169433886,3.591972025158164,0.5752342527530182,-0.4264406517862501
-0.9225845169033806,3.590901184065524,0.575654068023328,-0.42685914009510134
-0.9215843168633726,3.589830468079987,0.5760738192405866,-0.4272775511853379
-0.9205841168233646,3.5887598774165377,0.5764935062867224,-0.42769588490487825
-0.9195839167833566,3.5876894122972165,0.5769131290397596,-0.4281141411026057
-0.9185837167433486,3.5866190729509833,0.5773326873738944,-0.428532319628337
-0.9175835167033406,3.585548859613583,0.5777521811595686,-0.4289504203327899
-0.9165833166633326,3.584478772527409,0.5781716102635449,-0.4293684430675518
-0.9155831166233246,3.583408811941369,0.5785909745489799,-0.42978638768504823
-0.9145829165833166,3.582338978110755,0.579010273875497,-0.4302042540385131
-0.9135827165433086,3.5812692712971073,0.5794295080992585,-0.4306220419819569
-0.9125825165033006,3.5801996917680867,0.5798486770730396,-0.431039751370138
-0.9115823164632926,3.5791302397973443,0.5802677806462959,-0.4314573820585327
-0.9105821164232846,3.5780609156643934,0.5806868186652375,-0.43187493390330595
-0.9095819163832766,3.5769917196544823,0.5811057909728968,-0.4322924067612834
-0.9085817163432686,3.575922652058469,0.5815246974091973,-0.43270980048992297
-0.9075815163032606,3.5748537131726965,0.5819435378110226,-0.4331271149472872
-0.9065813162632526,3.573784903298871,0.582362312012284,-0.4335443499920156
-0.9055811162232446,3.5727162227439413,0.5827810198439861,-0.4339615054832983
-0.9045809161832365,3.5716476718199757,0.5831996611342941,-0.4343785812808494
-0.9035807161432285,3.5705792508440477,0.5836182357085985,-0.4347955772448813
-0.9025805161032205,3.5695109601381163,0.5840367433895775,-0.435212493236079
-0.9015803160632125,3.5684428000289135,0.5844551839972623,-0.435629329115575
-0.9005801160232045,3.5673747708478287,0.5848735573490996,-0.4360460847449251
-0.8995799159831965,3.5663068729307983,0.5852918632600113,-0.43646275998608397
-0.8985797159431885,3.565239106618195,0.5857101015424566,-0.4368793547013815
-0.8975795159031805,3.5641714722547193,0.5861282720064908,-0.43729586875349974
-0.8965793158631725,3.563103970189293,0.5865463744598243,-0.4377123020054497
-0.8955791158231645,3.562036600774953,0.5869644087078812,-0.4381286543205497
-0.8945789157831565,3.56096936436875,0.5873823745538549,-0.43854492556240243
-0.8935787157431485,3.5599022613316467,0.5878002717987644,-0.43896111559487455
-0.8925785157031405,3.5588352920284154,0.5882181002415103,-0.43937722428207565
-0.8915783156631325,3.557768456827543,0.5886358596789263,-0.4397932514883362
-0.8905781156231245,3.5567017561011336,0.5890535499058348,-0.44020919707818895
-0.8895779155831165,3.5556351902248124,0.5894711707150972,-0.44062506091634923
-0.8885777155431085,3.5545687595776365,0.5898887218976657,-0.44104084286769435
-0.8875775155031005,3.5535024645420012,0.5903062032426335,-0.44145654279724605
-0.8865773154630925,3.552436305503552,0.5907236145372824,-0.4418721605701508
-0.8855771154230845,3.551370282851096,0.5911409555671341,-0.4422876960516634
-0.8845769153830765,3.5503043969765176,0.5915582261159932,-0.4427031491071276
-0.8835767153430685,3.549238648274696,0.5919754259659968,-0.4431185196019604
-0.8825765153030605,3.5481730371434193,0.5923925548976579,-0.44353380740163445
-0.8815763152630525,3.547107563983308,0.5928096126899096,-0.4439490123716617
-0.8805761152230445,3.5460422291977345,0.5932265991201493,-0.4443641343775774
-0.8795759151830365,3.544977033192747,0.5936435139642804,-0.44477917328492456
-0.8785757151430285,3.5439119763769944,0.5940603569967532,-0.44519412895923943
-0.8775755151030205,3.542847059161653,0.5944771279906067,-0.44560900126603525
-0.8765753150630125,3.541782281960355,0.5948938267175058,-0.4460237900707889
-0.8755751150230044,3.5407176451891202,0.5953104529477818,-0.4464384952389261
-0.8745749149829964,3.5396531492662837,0.595727006450469,-0.4468531166358083
-0.8735747149429884,3.538588794612434,0.5961434869933424,-0.4472676541267196
-0.8725745149029804,3.5375245816503464,0.5965598943429505,-0.44768210757685206
-0.8715743148629724,3.5364605108049196,0.5969762282646544,-0.44809647685129544
-0.8705741148229644,3.535396582503115,0.5973924885226577,-0.44851076181502303
-0.8695739147829564,3.5343327971738945,0.597808674880043,-0.4489249623328809
-0.8685737147429484,3.533269155248166,0.5982247870988007,-0.44933907826957475
-0.8675735147029404,3.532205657158725,0.598640824939863,-0.4497531094896607
-0.8665733146629324,3.531142303340198,0.5990567881631326,-0.4501670558575328
-0.8655731146229244,3.53007909422899,0.599472676527514,-0.4505809172374131
-0.8645729145829164,3.529016030263234,0.5998884897909396,-0.4509946934933407
-0.8635727145429084,3.527953111882738,0.6003042277104006,-0.4514083844891625
-0.8625725145029004,3.5268903395289377,0.6007198900419715,-0.45182199008852286
-0.8615723144628924,3.5258277136448477,0.6011354765408383,-0.45223551015485475
-0.8605721144228844,3.5247652346750162,0.6015509869613233,-0.45264894455136984
-0.8595719143828764,3.5237029030654794,0.6019664210569091,-0.45306229314105045
-0.8585717143428684,3.522640719263719,0.6023817785802634,-0.4534755557866405
-0.8575715143028604,3.5215786837186185,0.6027970592832629,-0.4538887323506383
-0.8565713142628524,3.5205167968804263,0.603212262917013,-0.4543018226952858
-0.8555711142228444,3.5194550592007112,0.603627389231874,-0.4547148266825646
-0.8545709141828364,3.518393471132329,0.6040424379774773,-0.455127744174185
-0.8535707141428284,3.5173320331293825,0.6044574089027487,-0.45554057503158146
-0.8525705141028204,3.5162707456471884,0.6048723017559275,-0.4559533191159035
-0.8515703140628124,3.5152096091422416,0.6052871162845851,-0.4563659762880105
-0.8505701140228044,3.5141486240721815,0.6057018522356434,-0.4567785464084646
-0.8495699139827964,3.5130877908957623,0.6061165093553924,-0.4571910293375238
-0.8485697139427884,3.5120271100728204,0.6065310873895065,-0.457603424935137
-0.8475695139027803,3.5109665820642455,0.6069455860830627,-0.45801573306093735
-0.8465693138627723,3.5099062073319534,0.6073600051805548,-0.45842795357423693
-0.8455691138227643,3.508845986338855,0.6077743444259078,-0.4588400863340213
-0.8445689137827563,3.507785919548834,0.6081886035624956,-0.4592521311989445
-0.8435687137427483,3.50672600742672,0.6086027823331516,-0.459664088027323
-0.8425685137027403,3.505666250438263,0.609016880480184,-0.4600759566771325
-0.8415683136627323,3.5046066490501127,0.6094308977453876,-0.46048773700600204
-0.8405681136227243,3.5035472037297937,0.6098448338700575,-0.4608994288712096
-0.8395679135827163,3.5024879149456853,0.6102586885949999,-0.46131103212967917
-0.8385677135427083,3.501428783167002,0.6106724616605435,-0.4617225466379746
-0.8375675135027008,3.5003698088637725,0.6110861528065502,-0.462133972252297
-0.8365673134626928,3.4993109925068224,0.6114997617724258,-0.4625453088284807
-0.8355671134226847,3.498252334567754,0.6119132882971299,-0.46295655622198945
-0.8345669133826767,3.4971938355189316,0.6123267321191853,-0.4633677142879131
-0.8335667133426687,3.496135495833466,0.6127400929766859,-0.4637787828809642
-0.8325665133026607,3.4950773159851964,0.6131533706073066,-0.464189761855475
-0.8315663132626527,3.4940192964486783,0.6135665647483103,-0.464600651065394
-0.8305661132226447,3.4929614376991682,0.6139796751365564,-0.4650114503642838
-0.8295659131826367,3.4919037402126127,0.6143927015085072,-0.4654221596053169
-0.8285657131426287,3.490846204465633,0.6148056436002356,-0.46583277864127515
-0.8275655131026207,3.489788830935515,0.6152185011474307,-0.4662433073245457
-0.8265653130626127,3.488731620100199,0.6156312738854044,-0.46665374550711863
-0.8255651130226047,3.4876745724382676,0.6160439615490975,-0.46706409304058544
-0.8245649129825967,3.4866176884289373,0.6164565638730838,-0.4674743497761365
-0.8235647129425887,3.4855609685520488,0.6168690805915765,-0.46788451556455873
-0.8225645129025807,3.4845044132880596,0.6172815114384322,-0.46829459025623393
-0.8215643128625727,3.483448023118034,0.6176938561471557,-0.4687045737011371
-0.8205641128225647,3.4823917985236377,0.6181061144509028,-0.4691144657488345
-0.8195639127825567,3.4813357399871308,0.6185182860824864,-0.4695242662484812
-0.8185637127425487,3.480279847991359,0.6189303707743778,-0.4699339750488217
-0.8175635127025407,3.4792241230197516,0.619342368258711,-0.4703435919981854
-0.8165633126625327,3.4781685655563135,0.6197542782672854,-0.470753116944488
-0.8155631126225247,3.477113176085622,0.6201661005315686,-0.47116254973522875
-0.8145629125825167,3.4760579550928226,0.6205778347826982,-0.4715718902174884
-0.8135627125425087,3.4750029030636216,0.6209894807514844,-0.4719811382379305
-0.8125625125025007,3.4739480204842876,0.6214010381684125,-0.47239029364279767
-0.8115623124624927,3.472893307841645,0.6218125067636435,-0.47279935627791264
-0.8105621124224847,3.4718387656230734,0.6222238862670164,-0.47320832598867574
-0.8095619123824767,3.470784394316504,0.6226351764080487,-0.47361720262006485
-0.8085617123424687,3.4697301944104186,0.6230463769159381,-0.4740259860166344
-0.8075615123024606,3.4686761663938466,0.623457487519563,-0.474434676022515
-0.8065613122624526,3.467622310756366,0.6238685079474833,-0.47484327248141106
-0.8055611122224446,3.4665686279881,0.6242794379279413,-0.47525177523660234
-0.8045609121824366,3.4655151185797193,0.6246902771888606,-0.4756601841309418
-0.8035607121424286,3.4644617830224407,0.6251010254578474,-0.4760684990068556
-0.8025605121024206,3.4634086218080253,0.6255116824621908,-0.4764767197063428
-0.8015603120624126,3.4623556354287826,0.625922247928861,-0.4768848460709734
-0.8005601120224046,3.4613028243775665,0.6263327215845108,-0.4772928779418904
-0.7995599119823966,3.4602501891477813,0.6267431031554732,-0.4777008151598071
-0.7985597119423886,3.459197730233379,0.6271533923677622,-0.4781086575650078
-0.7975595119023806,3.4581454481288625,0.6275635889470721,-0.4785164049973474
-0.7965593118623726,3.457093343329286,0.6279736926187747,-0.4789240572962511
-0.7955591118223646,3.4560414163302586,0.6283837031079205,-0.4793316143007134
-0.7945589117823566,3.454989667627945,0.6287936201392363,-0.4797390758492996
-0.7935587117423486,3.453938097719068,0.6292034434371246,-0.4801464417801429
-0.7925585117023406,3.452886707100911,0.6296131727256621,-0.4805537119309469
-0.7915583116623326,3.451835496271322,0.6300228077285966,-0.48096088613898413
-0.7905581116223246,3.450784465728714,0.6304323481693485,-0.4813679642410956
-0.7895579115823166,3.449733615972069,0.6308417937710061,-0.4817749460736916
-0.7885577115423086,3.448682947500943,0.6312511442563257,-0.4821818314727509
-0.7875575115023006,3.447632460815466,0.6316603993477294,-0.48258862027382127
-0.7865573114622926,3.4465821564163486,0.6320695587673024,-0.48299531231201825
-0.7855571114222846,3.4455320348048835,0.632478622236792,-0.48340190742202666
-0.7845569113822766,3.4444820964829495,0.6328875894776047,-0.4838084054380995
-0.7835567113422686,3.4434323419530166,0.6332964602108045,-0.4842148061940585
-0.7825565113022606,3.442382771718149,0.6337052341571108,-0.4846211095232935
-0.7815563112622526,3.4413333862820097,0.6341139110368958,-0.4850273152587633
-0.7805561112222446,3.440284186148864,0.6345224905701818,-0.48543342323299454
-0.7795559111822365,3.439235171823584,0.6349309724766398,-0.48583943327808293
-0.7785557111422285,3.4381863438116538,0.635339356475586,-0.4862453452256925
-0.7775555111022205,3.4371377026191734,0.63574764228598,-0.48665115890705607
-0.7765553110622125,3.4360892487528636,0.6361558296264219,-0.4870568741529748
-0.7755551110222045,3.435040982720069,0.6365639182151498,-0.48746249079381876
-0.7745549109821965,3.4339929050287656,0.6369719077700372,-0.48786800865952673
-0.7735547109421885,3.4329450161875634,0.6373797980085901,-0.48827342757960635
-0.7725545109021805,3.4318973167057125,0.6377875886479448,-0.4886787473831338
-0.7715543108621725,3.430849807093107,0.638195279404864,-0.4890839678987548
-0.7705541108221645,3.4298024878602904,0.6386028699957359,-0.48948908895468385
-0.7695539107821565,3.4287553595184614,0.6390103601365695,-0.4898941103787043
-0.7685537107421485,3.427708422579478,0.6394177495429929,-0.4902990319981689
-0.7675535107021405,3.4266616775558636,0.6398250379302494,-0.4907038536399996
-0.7665533106621325,3.4256151249608107,0.6402322250131959,-0.4911085751306876
-0.7655531106221245,3.424568765308188,0.6406393105062993,-0.49151319629629364
-0.7645529105821165,3.423522599112544,0.6410462941236337,-0.4919177169624478
-0.7635527105421085,3.422476626889114,0.641453175578877,-0.4923221369543493
-0.7625525105021005,3.4214308491538223,0.6418599545853085,-0.4927264560967675
-0.7615523104620925,3.420385266423292,0.6422666308558057,-0.49313067421404105
-0.7605521104220845,3.4193398792148466,0.6426732041028413,-0.49353479113007837
-0.7595519103820765,3.4182946880465175,0.6430796740384807,-0.4939388066683578
-0.7585517103420685,3.417249693437049,0.6434860403743772,-0.4943427206519271
-0.7575515103020605,3.4162048959059033,0.6438923028217717,-0.4947465329034039
-0.7565513102620525,3.4151602959732648,0.6442984610914869,-0.495150243244976
-0.7555511102220445,3.4141158941600493,0.6447045148939264,-0.4955538514984003
-0.7545509101820365,3.4130716909879055,0.645110463939071,-0.4959573574850045
-0.7535507101420285,3.4120276869792225,0.6455163079364746,-0.49636076102568555
-0.7525505101020205,3.410983882657135,0.6459220465952625,-0.49676406194091105
-0.7515503100620124,3.4099402785455277,0.646327679624128,-0.4971672600507176
-0.7505501100220044,3.4088968751690434,0.6467332067313285,-0.4975703551747123
-0.7495499099819964,3.4078536730530855,0.6471386276246842,-0.497973347132072
-0.7485497099419884,3.4068106727238257,0.6475439420115731,-0.49837623574154327
-0.7475495099019804,3.405767874708207,0.6479491495989289,-0.49877902082144293
-0.7465493098619724,3.404725279533953,0.6483542500932381,-0.49918170218965724
-0.7455491098219644,3.4036828877295693,0.6487592432005368,-0.49958427966364255
-0.7445489097819564,3.4026406998243526,0.6491641286264064,-0.49998675306042467
-0.7435487097419484,3.4015987163483925,0.6495689060759732,-0.5003891221965987
-0.7425485097019404,3.40055693783258,0.6499735752539033,-0.5007913868883301
-0.7415483096619324,3.3995153648086123,0.6503781358643996,-0.5011935469513537
-0.7405481096219244,3.398473997808997,0.6507825876112,-0.5015956022009732
-0.7395479095819164,3.397432837367058,0.6511869301975729,-0.5019975524520621
-0.7385477095419084,3.3963918840169423,0.6515911633263154,-0.5023993975190629
-0.7375475095019004,3.395351138293623,0.65199528669975,-0.5028011372159873
-0.7365473094618924,3.394310600732908,0.652399300019721,-0.5032027713564161
-0.7355471094218844,3.3932702718714407,0.6528032029875921,-0.5036042997534983
-0.7345469093818764,3.39223015224671,0.6532069953042434,-0.5040057222199527
-0.7335467093418684,3.391190242397054,0.6536106766700676,-0.5044070385680651
-0.7325465093018604,3.3901505428616634,0.6540142467849684,-0.5048082486096914
-0.7315463092618524,3.3891110541805896,0.6544177053483564,-0.5052093521562543
-0.7305461092218444,3.388071776894748,0.6548210520591473,-0.5056103490187452
-0.7295459091818364,3.3870327115459253,0.6552242866157574,-0.5060112390077235
-0.7285457091418284,3.3859938586767835,0.6556274087161018,-0.5064120219333154
-0.7275455091018204,3.384955218830864,0.6560304180575918,-0.5068126976052155
-0.7265453090618124,3.383916792552595,0.6564333143371299,-0.5072132658326849
-0.7255451090218044,3.3828785803872945,0.6568360972511104,-0.5076137264245518
-0.7245449089817964,3.3818405828811793,0.657238766495413,-0.5080140791892114
-0.7235447089417884,3.380802800581365,0.6576413217654025,-0.5084143239346252
-0.7225445089017803,3.3797652340358746,0.6580437627559239,-0.5088144604683204
-0.7215443088617723,3.378727883793643,0.6584460891613017,-0.5092144885973909
-0.7205441088217643,3.377690750404522,0.6588483006753348,-0.509614408128496
-0.7195439087817563,3.376653834419285,0.659250396991296,-0.5100142188678604
-0.7185437087417483,3.3756171363896312,0.6596523778019269,-0.5104139206212734
-0.7175435087017403,3.374580656868194,0.6600542427994373,-0.5108135131940895
-0.7165433086617323,3.3735443964085423,0.6604559916755,-0.511212996391228
-0.7155431086217243,3.372508355565187,0.6608576241212505,-0.5116123700171714
-0.7145429085817163,3.3714725348935852,0.6612591398272825,-0.5120116338759668
-0.7135427085417083,3.3704369349501473,0.6616605384836466,-0.5124107877712241
-0.7125425085017003,3.3694015562922393,0.6620618197798451,-0.5128098315061167
-0.7115423084616923,3.3683663994781896,0.6624629834048326,-0.5132087648833806
-0.7105421084216843,3.3673314650672928,0.6628640290470105,-0.5136075877053137
-0.7095419083816763,3.3662967536198147,0.6632649563942261,-0.5140062997737765
-0.7085417083416683,3.3652622656969977,0.6636657651337686,-0.5144049008901908
-0.7075415083016603,3.3642280018610644,0.6640664549523678,-0.5148033908555395
-0.7065413082616523,3.3631939626752256,0.6644670255361899,-0.5152017694703661
-0.7055411082216443,3.36216014870368,0.6648674765708361,-0.5156000365347744
-0.7045409081816363,3.3611265605116234,0.6652678077413396,-0.5159981918484285
-0.7035407081416283,3.36009319866525,0.6656680187321627,-0.516396235210552
-0.7025405081016203,3.3590600637317607,0.6660681092271945,-0.5167941664199267
-0.7015403080616123,3.358027156279365,0.6664680789097485,-0.5171919852748936
-0.7005401080216043,3.356994476877286,0.666867927462559,-0.5175896915733516
-0.6995399079815963,3.3559620260957668,0.6672676545677791,-0.5179872851127569
-0.6985397079415883,3.3549298045060727,0.6676672599069804,-0.5183847656901236
-0.6975395079015803,3.353897812680498,0.6680667431611454,-0.5187821331020215
-0.6965393078615723,3.3528660511923682,0.6684661040106703,-0.5191793871445772
-0.6955391078215643,3.351834520616047,0.6688653421353593,-0.5195765276134727
-0.6945389077815562,3.3508032215269403,0.6692644572144226,-0.5199735543039453
-0.6935387077415482,3.3497721545014985,0.6696634489264747,-0.5203704670107862
-0.6925385077015402,3.348741320117224,0.6700623169495308,-0.5207672655283416
-0.6915383076615322,3.3477107189526722,0.6704610609610062,-0.5211639496505105
-0.6905381076215242,3.3466803515874615,0.6708596806377113,-0.5215605191707451
-0.6895379075815162,3.345650218602271,0.6712581756558519,-0.5219569738820501
-0.6885377075415082,3.3446203205788496,0.6716565456910242,-0.5223533135769818
-0.6875375075015002,3.3435906581000197,0.6720547904182139,-0.5227495380476478
-0.6865373074614922,3.342561231749679,0.6724529095117938,-0.523145647085707
-0.6855371074214842,3.3415320421128074,0.6728509026455207,-0.5235416404823674
-0.6845369073814762,3.3405030897754715,0.6732487694925332,-0.5239375180283872
-0.6835367073414682,3.3394743753248264,0.6736465097253503,-0.5243332795140733
-0.6825365073014602,3.338445899349123,0.6740441230158675,-0.5247289247292807
-0.6815363072614522,3.337417662437709,0.6744416090353558,-0.5251244534634126
-0.6805361072214442,3.336389665181037,0.6748389674544577,-0.5255198655054187
-0.6795359071814362,3.3353619081706647,0.6752361979431875,-0.5259151606437953
-0.6785357071414282,3.334334391999262,0.6756333001709265,-0.5263103386665846
-0.6775355071014202,3.3333071172606146,0.6760302738064219,-0.5267053993613736
-0.6765353070614122,3.332280084549627,0.676427118517784,-0.5271003425152944
-0.6755351070214042,3.331253294462328,0.6768238339724847,-0.527495167915022
-0.6745349069813962,3.3302267475958733,0.6772204198373539,-0.5278898753467753
-0.6735347069413882,3.3292004445485515,0.6776168757785794,-0.5282844645963156
-0.6725345069013802,3.3281743859197865,0.6780132014617023,-0.5286789354489457
-0.6715343068613722,3.3271485723101426,0.6784093965516158,-0.5290732876895096
-0.6705341068213642,3.326123004321328,0.6788054607125638,-0.5294675211023916
-0.6695339067813562,3.3250976825561995,0.6792013936081369,-0.5298616354715159
-0.6685337067413482,3.324072607618765,0.6795971949012725,-0.5302556305803459
-0.6675335067013402,3.3230477801141904,0.6799928642542498,-0.5306495062118829
-0.6665333066613321,3.322023200648799,0.6803884013286902,-0.5310432621486657
-0.6655331066213241,3.3209988698300803,0.6807838057855538,-0.5314368981727703
-0.6645329065813161,3.319974788266691,0.6811790772851373,-0.5318304140658086
-0.6635327065413081,3.3189509565684587,0.6815742154870719,-0.5322238096089279
-0.6625325065013001,3.317927375346388,0.6819692200503226,-0.5326170845828103
-0.6615323064612921,3.316904045212662,0.682364090633184,-0.5330102387676717
-0.6605321064212841,3.3158809667806493,0.6827588268932788,-0.5334032719432605
-0.6595319063812761,3.3148581406649034,0.6831534284875563,-0.5337961838888585
-0.6585317063412681,3.3138355674811697,0.6835478950722896,-0.5341889743832785
-0.6575315063012601,3.3128132478463885,0.6839422263030744,-0.534581643204864
-0.6565313062612521,3.3117911823786996,0.6843364218348266,-0.5349741901314886
-0.6555311062212441,3.3107693716974445,0.6847304813217793,-0.5353666149405554
-0.6545309061812361,3.30974781642317,0.685124404417482,-0.5357589174089958
-0.6535307061412281,3.3087265171776346,0.6855181907747977,-0.5361510973132688
-0.6525305061012201,3.307705474583809,0.6859118400459019,-0.5365431544293604
-0.6515303060612121,3.3066846892658814,0.6863053518822798,-0.5369350885327827
-0.6505301060212041,3.305664161849262,0.686698725934724,-0.5373268993985725
-0.6495299059811961,3.304643892960584,0.6870919618533335,-0.5377185868012915
-0.6485297059411881,3.30362388322771,0.6874850592875114,-0.5381101505150251
-0.6475295059011801,3.3026041332797345,0.6878780178859616,-0.5385015903133811
-0.6465293058611721,3.3015846437469865,0.6882708372966893,-0.5388929059694895
-0.6455291058211641,3.300565415261035,0.6886635171669968,-0.5392840972560009
-0.6445289057811561,3.299546448454692,0.689056057143483,-0.5396751639450866
-0.6435287057411481,3.2985277439620133,0.6894484568720413,-0.5400661058084373
-0.6425285057011401,3.2975093024183075,0.6898407159978559,-0.5404569226172619
-0.6415283056611321,3.296491124460134,0.6902328341654032,-0.5408476141422872
-0.640528105621124,3.29547321072531,0.6906248110184465,-0.5412381801537575
-0.639527905581116,3.2944555618529137,0.6910166462000367,-0.5416286204214311
-0.638527705541108,3.293438178483285,0.6914083393525086,-0.5420189347145838
-0.6375275055011,3.292421061258033,0.6917998901174802,-0.542409122802004
-0.636527305461092,3.2914042108200348,0.6921912981358511,-0.5427991844519942
-0.635527105421084,3.2903876278134434,0.6925825630477989,-0.5431891194323686
-0.634526905381076,3.2893713128836892,0.6929736844927786,-0.5435789275104532
-0.633526705341068,3.2883552666774825,0.6933646621095215,-0.543968608453085
-0.63252650530106,3.287339489842817,0.6937554955360319,-0.5443581620266102
-0.631526305261052,3.286323983028976,0.6941461844095859,-0.5447475879968845
-0.630526105221044,3.285308746886531,0.6945367283667299,-0.545136886129271
-0.629525905181036,3.284293782067349,0.6949271270432787,-0.5455260561886399
-0.628525705141028,3.283279089224594,0.6953173800743131,-0.5459150979393678
-0.62752550510102,3.282264669012731,0.6957074870941792,-0.5463040111453361
-0.626525305061012,3.2812505220875283,0.6960974477364851,-0.5466927955699306
-0.625525105021004,3.2802366491060613,0.6964872616341012,-0.5470814509760403
-0.624524904980996,3.2792230507267166,0.696876928419157,-0.5474699771260569
-0.623524704940988,3.278209727609193,0.6972664477230398,-0.5478583737818736
-0.62252450490098,3.277196680414506,0.697655819176393,-0.5482466407048836
-0.621524304860972,3.276183909804993,0.6980450424091137,-0.5486347776559799
-0.620524104820964,3.275171416444312,0.6984341170503525,-0.5490227843955541
-0.619523904780956,3.274159200997449,0.6988230427285105,-0.549410660683496
-0.618523704740948,3.2731472641307175,0.6992118190712389,-0.5497984062791915
-0.61752350470094,3.2721356065117657,0.6996004457054351,-0.5501860209415219
-0.616523304660932,3.2711242288095748,0.699988922257244,-0.5505735044288643
-0.615523104620924,3.2701131316944663,0.7003772483520538,-0.5509608564990891
-0.614522904580916,3.269102315838102,0.700765423614496,-0.5513480769095594
-0.613522704540908,3.2680917819134896,0.7011534476684433,-0.5517351654171305
-0.6125225045009,3.267081530594983,0.7015413201370072,-0.5521221217781485
-0.611522304460892,3.2660715625582895,0.7019290406425378,-0.5525089457484491
-0.610522104420884,3.2650618784804664,0.7023166088066213,-0.5528956370833578
-0.6095219043808764,3.2640524790399303,0.7027040242500782,-0.5532821955376872
-0.6085217043408684,3.2630433649164563,0.7030912865929628,-0.5536686208657373
-0.6075215043008604,3.262034536791181,0.7034783954545606,-0.5540549128212935
-0.6065213042608524,3.2610259953466083,0.7038653504533875,-0.5544410711576269
-0.6055211042208444,3.260017741266609,0.704252151207188,-0.5548270956274923
-0.6045209041808364,3.259009775236425,0.7046387973329327,-0.5552129859831276
-0.6035207041408284,3.258002097942674,0.7050252884468186,-0.5555987419762523
-0.6025205041008204,3.2569947100733483,0.7054116241642662,-0.5559843633580674
-0.6015203040608124,3.255987612317821,0.7057978040999185,-0.556369849879253
-0.6005201040208044,3.254980805366847,0.7061838278676403,-0.5567552012899694
-0.5995199039807964,3.2539742899125677,0.706569695080515,-0.5571404173398536
-0.5985197039407884,3.252968066648511,0.7069554053508446,-0.5575254977780204
-0.5975195039007803,3.2519621362695963,0.7073409582901471,-0.5579104423530599
-0.5965193038607723,3.2509564994721365,0.7077263535091564,-0.5582952508130375
-0.5955191038207643,3.2499511569538413,0.7081115906178191,-0.5586799229054918
-0.5945189037807563,3.248946109413818,0.7084966692252959,-0.559064458377435
-0.5935187037407483,3.247941357552577,0.7088815889399566,-0.5594488569753511
-0.5925185037007403,3.246936902072031,0.7092663493693815,-0.5598331184451935
-0.5915183036607323,3.245932743675502,0.7096509501203591,-0.5602172425323863
-0.5905181036207243,3.244928883067719,0.7100353907988838,-0.5606012289818227
-0.5895179035807163,3.2439253209548258,0.7104196710101564,-0.5609850775378629
-0.5885177035407083,3.2429220580443787,0.7108037903585813,-0.5613687879443335
-0.5875175035007003,3.2419190950453523,0.7111877484477653,-0.5617523599445271
-0.5865173034606923,3.2409164326681403,0.7115715448805178,-0.562135793281201
-0.5855171034206843,3.2399140716245602,0.7119551792588465,-0.5625190876965745
-0.5845169033806763,3.2389120126278526,0.7123386511839591,-0.562902242932331
-0.5835167033406683,3.237910256392687,0.7127219602562604,-0.5632852587296147
-0.5825165033006603,3.236908803635162,0.7131051060753516,-0.5636681348290293
-0.5815163032606523,3.2359076550728085,0.713488088240028,-0.5640508709706388
-0.5805161032206443,3.234906811424592,0.71387090634828,-0.5644334668939645
-0.5795159031806363,3.233906273410916,0.7142535599972887,-0.5648159223379852
-0.5785157031406283,3.232906041753622,0.7146360487834271,-0.5651982370411355
-0.5775155031006203,3.2319061171759955,0.715018372302259,-0.5655804107413054
-0.5765153030606123,3.2309065004027637,0.7154005301485356,-0.5659624431758384
-0.5755151030206043,3.229907192160103,0.715782521916196,-0.5663443340815306
-0.5745149029805963,3.2289081931756365,0.7161643471983662,-0.5667260831946305
-0.5735147029405883,3.2279095041784402,0.7165460055873566,-0.5671076902508364
-0.5725145029005803,3.2269111258990426,0.7169274966746618,-0.567489154985297
-0.5715143028605723,3.225913059069429,0.7173088200509593,-0.5678704771326093
-0.5705141028205643,3.2249153044230416,0.7176899753061087,-0.5682516564268173
-0.5695139027805562,3.2239178626947833,0.7180709620291492,-0.568632692601412
-0.5685137027405482,3.22292073462102,0.7184517798083001,-0.5690135853893293
-0.5675135027005402,3.2219239209395805,0.7188324282309589,-0.5693943345229494
-0.5665133026605322,3.220927422389762,0.7192129068837002,-0.5697749397340954
-0.5655131026205242,3.21993123971233,0.7195932153522749,-0.5701554007540325
-0.5645129025805162,3.2189353736495203,0.7199733532216093,-0.5705357173134674
-0.5635127025405082,3.2179398249450437,0.7203533200758026,-0.5709158891425458
-0.5625125025005002,3.216944594344085,0.7207331154981286,-0.5712959159708527
-0.5615123024604922,3.2159496825933056,0.7211127390710311,-0.5716757975274106
-0.5605121024204842,3.2149550904408475,0.721492190376127,-0.5720555335406785
-0.5595119023804762,3.213960818636333,0.7218714689942014,-0.5724351237385508
-0.5585117023404682,3.2129668679308674,0.7222505745052096,-0.5728145678483569
-0.5575115023004602,3.211973239077042,0.7226295064882735,-0.5731938655968588
-0.5565113022604522,3.2109799328289355,0.723008264521683,-0.5735730167102512
-0.5555111022204442,3.2099869499421145,0.7233868481828938,-0.5739520209141596
-0.5545109021804362,3.208994291173638,0.7237652570485268,-0.5743308779336393
-0.5535107021404282,3.2080019572820566,0.724143490694367,-0.5747095874931751
-0.5525105021004202,3.2070099490274164,0.7245215486953623,-0.5750881493166795
-0.5515103020604122,3.20601826717126,0.7248994306256238,-0.5754665631274907
-0.5505101020204042,3.2050269124766277,0.725277136058423,-0.5758448286483742
-0.5495099019803962,3.204035885708061,0.7256546645661929,-0.5762229456015187
-0.5485097019403882,3.203045187631602,0.7260320157205257,-0.576600913708537
-0.5475095019003802,3.202054819014798,0.7264091890921736,-0.576978732690464
-0.5465093018603722,3.201064780626701,0.7267861842510445,-0.5773564022677555
-0.5455091018203642,3.20007507323787,0.7271630007662059,-0.5777339221602877
-0.5445089017803562,3.1990856976203728,0.7275396382058807,-0.5781112920873558
-0.5435087017403482,3.1980966545477876,0.7279160961374478,-0.578488511767673
-0.5425085017003402,3.1971079447952038,0.7282923741274406,-0.5788655809193688
-0.5415083016603321,3.1961195691392263,0.7286684717415474,-0.579242499259989
-0.5405081016203241,3.1951315283579733,0.7290443885446091,-0.5796192665064939
-0.5395079015803161,3.194143823231082,0.7294201241006194,-0.5799958823752566
-0.5385077015403081,3.193156454539705,0.729795677972724,-0.5803723465820634
-0.5375075015003001,3.1921694230665176,0.7301710497232199,-0.5807486588421116
-0.5365073014602921,3.1911827295957145,0.7305462389135543,-0.5811248188700082
-0.5355071014202841,3.190196374913014,0.730921245104325,-0.5815008263797699
-0.5345069013802761,3.1892103598056587,0.7312960678552785,-0.5818766810848208
-0.5335067013402681,3.188224685062416,0.7316707067253098,-0.5822523826979925
-0.5325065013002601,3.18723935147358,0.7320451612724627,-0.5826279309315219
-0.5315063012602521,3.186254359830975,0.7324194310539267,-0.5830033254970501
-0.5305061012202441,3.1852697109279533,0.7327935156260393,-0.5833785661056229
-0.5295059011802361,3.184285405559399,0.7331674145442844,-0.5837536524676874
-0.5285057011402281,3.183301444521728,0.7335411273632898,-0.5841285842930921
-0.5275055011002201,3.1823178286128897,0.7339146536368301,-0.5845033612910868
-0.5265053010602121,3.181334558632369,0.734287992917824,-0.584877983170319
-0.5255051010202041,3.180351635381186,0.734661144758333,-0.585252449638835
-0.5245049009801961,3.179369059661897,0.7350341087095638,-0.5856267604040781
-0.5235047009401881,3.1783868322785995,0.7354068843218646,-0.5860009151728871
-0.5225045009001801,3.1774049540369274,0.7357794711447274,-0.5863749136514951
-0.5215043008601721,3.1764234257440562,0.7361518687267856,-0.5867487555455299
-0.5205041008201641,3.175442248208704,0.736524076615814,-0.5871224405600106
-0.5195039007801561,3.1744614222411296,0.7368960943587286,-0.5874959683993485
-0.5185037007401481,3.1734809486531366,0.737267921501587,-0.5878693387673447
-0.5175035007001401,3.172500828258073,0.7376395575895864,-0.5882425513671898
-0.5165033006601321,3.1715210618708327,0.7380110021670642,-0.5886156059014622
-0.515503100620124,3.1705416503078556,0.7383822547774975,-0.5889885020721279
-0.514502900580116,3.1695625943871284,0.7387533149635028,-0.589361239580538
-0.513502700540108,3.168583894928188,0.7391241822668357,-0.589733818127429
-0.5125025005001,3.1676055527521187,0.7394948562283905,-0.5901062374129209
-0.511502300460092,3.1666275686815553,0.7398653363881995,-0.5904784971365159
-0.510502100420084,3.1656499435406835,0.7402356222854336,-0.5908505969970989
-0.509501900380076,3.1646726781552403,0.7406057134584014,-0.5912225366929338
-0.508501700340068,3.163695773352515,0.740975609444549,-0.591594315921665
-0.50750150030006,3.16271922996135,0.74134530978046,-0.5919659343803145
-0.506501300260052,3.161743048812141,0.7417148140018556,-0.5923373917652816
-0.505501100220044,3.160767230736838,0.7420841216435939,-0.5927086877723413
-0.504500900180036,3.1597917765689463,0.7424532322396701,-0.5930798220966447
-0.503500700140028,3.158816687143526,0.7428221453232148,-0.5934507944327161
-0.50250050010002,3.1578419632971935,0.743190860426497,-0.5938216044744525
-0.501500300060012,3.156867605868122,0.7435593770809216,-0.5941922519151233
-0.500500100020004,3.1558936156960415,0.7439276948170291,-0.5945627364473673
-0.499499899979996,3.1549199936222396,0.7442958131644972,-0.5949330577631945
-0.498499699939988,3.1539467404895607,0.7446637316521396,-0.5953032155539824
-0.49749949989998,3.1529738571424097,0.7450314498079061,-0.595673209510476
-0.496499299859972,3.1520013444267483,0.7453989671588839,-0.5960430393227872
-0.495499099819964,3.1510292031900975,0.7457662832312941,-0.5964127046803926
-0.494498899779956,3.1500574342815386,0.7461333975504965,-0.5967822052721338
-0.493498699739948,3.1490860385517117,0.7465003096409856,-0.5971515407862146
-0.49249849969994,3.1481150168528167,0.7468670190263923,-0.5975207109102019
-0.49149829965993197,3.147144370038614,0.7472335252294852,-0.5978897153310231
-0.49049809961992397,3.146174098964424,0.7475998277721678,-0.5982585537349655
-0.48949789957991596,3.145204204487127,0.7479659261754816,-0.5986272258076757
-0.48849769953990796,3.1442346874651643,0.7483318199596042,-0.598995731234158
-0.48749749949989996,3.1432655487585377,0.74869750864385,-0.5993640696987735
-0.48649729945989195,3.1422967892288094,0.7490629917466708,-0.5997322408852391
-0.48549709941988395,3.1413284097391014,0.749428268785656,-0.6001002444766268
-0.48449689937987594,3.1403604111540986,0.7497933392775321,-0.6004680801553617
-0.48349669933986794,3.1393927943400435,0.7501582027381637,-0.600835747603222
-0.48249649929985994,3.138425560164741,0.7505228586825526,-0.6012032465013373
-0.48149629925985193,3.1374587094975555,0.7508873066248406,-0.6015705765301876
-0.48049609921984393,3.136492243209412,0.751251546078306,-0.6019377373696025
-0.4794958991798359,3.135526162172794,0.7516155765553681,-0.602304728698761
-0.4784956991398279,3.1345604672617466,0.7519793975675838,-0.6026715501961879
-0.4774954990998199,3.133595159351874,0.7523430086256506,-0.6030382015397558
-0.4764952990598119,3.1326302393203376,0.7527064092394061,-0.6034046824066822
-0.4754950990198039,3.1316657080458596,0.753069598917828,-0.6037709924735294
-0.4744948989797959,3.13070156640872,0.7534325771690348,-0.6041371314162023
-0.4734946989397879,3.129737815290757,0.753795343500286,-0.6045030989099488
-0.4724944988997799,3.1287744555753654,0.754157897417984,-0.6048688946293579
-0.4714942988597719,3.1278114881474974,0.754520238427673,-0.6052345182483592
-0.4704940988197639,3.126848913893662,0.7548823660340396,-0.6055999694402217
-0.4694938987797559,3.125886733701925,0.7552442797409138,-0.6059652478775521
-0.4684936987397479,3.1249249484619055,0.7556059790512704,-0.606330353232295
-0.4674934986997399,3.1239635590647787,0.7559674634672277,-0.6066952851757318
-0.4664932986597319,3.123002566403274,0.7563287324900492,-0.6070600433784777
-0.4654930986197239,3.1220419713716736,0.7566897856201444,-0.6074246275104843
-0.4644928985797159,3.1210817748658117,0.7570506223570698,-0.6077890372410352
-0.46349269853970787,3.1201219777830755,0.7574112421995277,-0.6081532722387464
-0.46249249849969987,3.119162581022403,0.7577716446453696,-0.6085173321715663
-0.46149229845969186,3.1182035854842813,0.7581318291915942,-0.6088812167067728
-0.46049209841968386,3.1172449920707477,0.7584917953343503,-0.6092449255109741
-0.45949189837967586,3.116286801685387,0.7588515425689362,-0.609608458250106
-0.45849169833966785,3.115329015233332,0.7592110703898011,-0.6099718145894326
-0.45749149829965985,3.1143716336212606,0.759570378290546,-0.6103349941935448
-0.45649129825965185,3.113414657757397,0.7599294657639243,-0.6106979967263582
-0.45549109821964384,3.1124580885515094,0.7602883323018425,-0.6110608218511139
-0.45449089817963584,3.111501926914908,0.7606469773953622,-0.6114234692303765
-0.45349069813962783,3.110546173760446,0.7610054005346991,-0.6117859385260337
-0.45249049809961983,3.1095908300025155,0.7613636012092247,-0.6121482293992946
-0.4514902980596118,3.108635896557049,0.761721578907469,-0.6125103415106898
-0.4504900980196038,3.107681374341517,0.7620793331171193,-0.6128722745200693
-0.4494898979795958,3.1067272642749257,0.7624368633250214,-0.6132340280866029
-0.4484896979395878,3.105773567277817,0.762794169017182,-0.613595601868778
-0.4474894978995798,3.104820284272266,0.7631512496787686,-0.6139569955244
-0.4464892978595718,3.103867416181881,0.7635081047941108,-0.6143182087105895
-0.4454890978195638,3.1029149639318008,0.7638647338467018,-0.6146792410837844
-0.4444888977795558,3.1019629284486925,0.7642211363191993,-0.6150400922997351
-0.4434886977395478,3.101011310660751,0.7645773116934266,-0.615400762013507
-0.4424884976995398,3.100060111497698,0.7649332594503737,-0.6157612498794781
-0.4414882976595318,3.099109331890778,0.7652889790701994,-0.6161215555513385
-0.4404880976195238,3.098158972772759,0.7656444700322308,-0.6164816786820886
-0.4394878975795158,3.0972090350779293,0.7659997318149662,-0.6168416189240397
-0.4384876975395078,3.096259519742096,0.7663547638960757,-0.6172013759288119
-0.4374874974994998,3.095310427702583,0.766709565752403,-0.6175609493473342
-0.4364872974594918,3.0943617598982294,0.767064136859966,-0.6179203388298427
-0.43548709741948377,3.093413517269387,0.7674184766939582,-0.6182795440258807
-0.43448689737947577,3.092465700757919,0.7677725847287514,-0.6186385645842972
-0.43348669733946776,3.091518311307198,0.7681264604378956,-0.618997400153246
-0.43248649729945976,3.0905713498621026,0.7684801032941212,-0.6193560503801858
-0.43148629725945176,3.089624817369016,0.7688335127693404,-0.619714514911878
-0.43048609721944375,3.088678714775826,0.7691866883346489,-0.6200727933943866
-0.42948589717943575,3.0877330430319168,0.7695396294603266,-0.6204308854730778
-0.42848569713942775,3.086787803088174,0.7698923356158409,-0.6207887907926184
-0.42748549709941974,3.0858429958969777,0.7702448062698465,-0.6211465089969761
-0.42648529705941174,3.084898622412201,0.7705970408901873,-0.6215040397294167
-0.42548509701940374,3.083954683589208,0.7709490389438993,-0.6218613826325056
-0.42448489697939573,3.0830111803848514,0.7713007998972115,-0.6222185373481052
-0.42348469693938773,3.082068113757469,0.7716523232155479,-0.6225755035173759
-0.4224844968993797,3.081125484666882,0.7720036083635273,-0.6229322807807732
-0.4214842968593717,3.0801832940743927,0.7723546548049689,-0.6232888687780489
-0.4204840968193637,3.079241542942781,0.7727054620028908,-0.6236452671482493
-0.4194838967793557,3.0783002322363022,0.773056029419513,-0.6240014755297143
-0.4184836967393477,3.0773593629206837,0.7734063565162592,-0.6243574935600773
-0.4174834966993397,3.076418935963122,0.7737564427537597,-0.6247133208762644
-0.4164832966593317,3.075478952332281,0.774106287591852,-0.6250689571144933
-0.4154830966193237,3.0745394129982886,0.7744558904895819,-0.6254244019102727
-0.4144828965793157,3.0736003189327317,0.7748052509052084,-0.6257796548984017
-0.4134826965393077,3.072661671108657,0.775154368296203,-0.6261347157129686
-0.4124824964992997,3.071723470500565,0.7755032421192531,-0.6264895839873514
-0.4114822964592917,3.0707857180844074,0.7758518718302645,-0.6268442593542157
-0.4104820964192837,3.0698484148375846,0.7762002568843615,-0.6271987414455144
-0.4094818963792757,3.068911561738942,0.7765483967358908,-0.6275530298924877
-0.4084816963392677,3.0679751597687663,0.7768962908384238,-0.6279071243256626
-0.40748149629925967,3.0670392099087835,0.7772439386447579,-0.6282610243748507
-0.40648129625925167,3.066103713142154,0.7775913396069186,-0.6286147296691486
-0.40548109621924366,3.0651686704534695,0.777938493176163,-0.6289682398369374
-0.40448089617923566,3.064234082828751,0.7782853988029802,-0.6293215545058815
-0.40348069613922766,3.0632999512554426,0.7786320559370957,-0.6296746733029283
-0.40248049609921965,3.0623662767224102,0.7789784640274723,-0.6300275958543081
-0.40148029605921165,3.061433060219936,0.7793246225223132,-0.6303803217855326
-0.40048009601920365,3.060500302739717,0.7796705308690642,-0.6307328507213941
-0.39947989597919564,3.059568005274859,0.7800161885144162,-0.631085182285966
-0.39847969593918764,3.0586361688198735,0.780361594904308,-0.6314373161026016
-0.39747949589917964,3.0577047943706743,0.7807067494839275,-0.6317892517939331
-0.39647929585917163,3.056773882924573,0.7810516516977165,-0.6321409889818721
-0.39547909581916363,3.055843435480276,0.7813963009893715,-0.6324925272876084
-0.3944788957791556,3.054913453037879,0.781740696801847,-0.632843866331609
-0.3934786957391476,3.0539839365988644,0.7820848385773573,-0.6331950057336185
-0.3924784956991396,3.0530548871660943,0.7824287257573812,-0.6335459451126576
-0.3914782956591316,3.0521263057438106,0.7827723577826632,-0.6338966840870235
-0.3904780956191236,3.051198193337626,0.7831157340932158,-0.634247222274289
-0.3894778955791156,3.050270550954525,0.7834588541283232,-0.6345975592913016
-0.3884776955391076,3.0493433796028535,0.783801717326545,-0.6349476947541838
-0.3874774954990996,3.0484166802923194,0.7841443231257166,-0.6352976282783316
-0.3864772954590916,3.0474904540339853,0.7844866709629547,-0.6356473594784149
-0.3854770954190836,3.046564701840264,0.7848287602746581,-0.6359968879683773
-0.3844768953790756,3.0456394247249166,0.7851705904965129,-0.6363462133614339
-0.3834766953390676,3.044714623703043,0.7855121610634925,-0.6366953352700732
-0.38247649529906,3.0437902997910813,0.7858534714098642,-0.6370442533060546
-0.381476295259052,3.042866454006802,0.7861945209691892,-0.6373929670804094
-0.380476095219044,3.0419430873693014,0.7865353091743277,-0.6377414762034392
-0.379475895179036,3.041020200898999,0.7868758354574407,-0.6380897802847174
-0.378475695139028,3.0400977956176307,0.7872160992499947,-0.6384378789330862
-0.37747549509902,3.0391758725482454,0.7875560999827632,-0.638785771756658
-0.376475295059012,3.038254432715198,0.7878958370858312,-0.6391334583628151
-0.375475095019004,3.037333477144146,0.7882353099885978,-0.639480938358208
-0.374474894978996,3.0364130068620416,0.7885745181197804,-0.6398282113487567
-0.373474694938988,3.0354930228971306,0.7889134609074168,-0.6401752769396485
-0.37247449489898,3.0345735262789426,0.7892521377788695,-0.6405221347353401
-0.371474294858972,3.03365451803829,0.7895905481608293,-0.6408687843395543
-0.370474094818964,3.0327359992072567,0.7899286914793184,-0.6412152253552826
-0.369473894778956,3.0318179708191995,0.7902665671596935,-0.6415614573847833
-0.368473694738948,3.0309004339087373,0.7906041746266496,-0.6419074800295808
-0.36747349469894,3.029983389511746,0.7909415133042246,-0.6422532928904664
-0.36647329465893197,3.029066838665356,0.7912785826158011,-0.6425988955674979
-0.36547309461892397,3.0281507824079426,0.791615381984112,-0.642944287659999
-0.36447289457891596,3.027235221779122,0.7919519108312426,-0.6432894687665588
-0.36347269453890796,3.0263201578197454,0.7922881685786353,-0.6436344384850322
-0.36247249449889996,3.0254055915718925,0.7926241546470931,-0.6439791964125401
-0.36147229445889195,3.024491524078865,0.7929598684567838,-0.6443237421454673
-0.36047209441888395,3.023577956385182,0.7932953094272429,-0.6446680752794641
-0.35947189437887594,3.0226648895365726,0.793630476977378,-0.6450121954094464
-0.35847169433886794,3.021752324579969,0.7939653705254734,-0.645356102129593
-0.35747149429885994,3.020840262563502,0.7942999894891931,-0.6456997950333488
-0.35647129425885193,3.019928704536493,0.7946343332855855,-0.646043273713422
-0.35547109421884393,3.0190176515494485,0.7949684013310864,-0.6463865377617852
-0.3544708941788359,3.018107104654053,0.7953021930415247,-0.6467295867696754
-0.3534706941388279,3.0171970649031623,0.7956357078321258,-0.6470724203275932
-0.3524704940988199,3.0162875333507984,0.7959689451175148,-0.6474150380253031
-0.3514702940588119,3.0153785110521394,0.7963019043117228,-0.647757439451834
-0.3504700940188039,3.014469999063517,0.7966345848281885,-0.6480996241954775
-0.3494698939787959,3.013561998442405,0.796966986079765,-0.6484415918437905
-0.3484696939387879,3.0126545102474167,0.7972991074787229,-0.6487833419835922
-0.3474694938987799,3.0117475355382948,0.7976309484367547,-0.6491248742009659
-0.3464692938587719,3.0108410753759056,0.7979625083649794,-0.6494661880812586
-0.3454690938187639,3.0099351308222326,0.7982937866739467,-0.6498072832090811
-0.3444688937787559,3.0090297029403668,0.7986247827736423,-0.650148159168308
-0.3434686937387479,3.0081247927945016,0.7989554960734918,-0.6504888155420774
-0.3424684936987399,3.007220401449925,0.7992859259823644,-0.6508292519127912
-0.3414682936587319,3.0063165299730117,0.7996160719085798,-0.6511694678621155
-0.3404680936187239,3.0054131794312156,0.7999459332599111,-0.6515094629709798
-0.3394678935787159,3.004510350893063,0.8002755094435894,-0.6518492368195787
-0.33846769353870787,3.0036080454281437,0.8006047998663096,-0.6521887889873693
-0.33746749349869987,3.002706264107104,0.8009338039342351,-0.6525281190530744
-0.33646729345869186,3.0018050080016394,0.8012625210530016,-0.6528672265946804
-0.33546709341868386,3.000904278184486,0.801590950627723,-0.6532061111894396
-0.33446689337867586,3.000004075729412,0.8019190920629959,-0.6535447724138675
-0.33346669333866785,2.9991044017112123,0.8022469447629043,-0.6538832098437455
-0.33246649329865985,2.998205257205696,0.8025745081310252,-0.6542214230541201
-0.33146629325865185,2.9973066432896824,0.8029017815704331,-0.6545594116193031
-0.33046609321864384,2.9964085610409907,0.8032287644837058,-0.654897175112871
-0.32946589317863584,2.995511011538432,0.8035554562729289,-0.6552347131076687
-0.32846569313862783,2.9946139958618017,0.8038818563397008,-0.6555720251758046
-0.32746549309861983,2.9937175150918693,0.804207964085139,-0.6559091108886547
-0.3264652930586118,2.992821570310372,0.8045337789098836,-0.6562459698168616
-0.3254650930186038,2.991926162600005,0.8048593002141052,-0.6565826015303352
-0.3244648929785958,2.9910312930444114,0.8051845273975073,-0.6569190055982528
-0.3234646929385878,2.9901369627281764,0.8055094598593338,-0.657255181589059
-0.3224644928985798,2.989243172736817,0.8058340969983735,-0.6575911290704669
-0.3214642928585718,2.988349924156772,0.8061584382129667,-0.6579268476094583
-0.3204640928185638,2.9874572180753947,0.8064824829010082,-0.6582623367722836
-0.3194638927785558,2.9865650555809435,0.8068062304599558,-0.6585975961244623
-0.3184636927385478,2.9856734377625727,0.807129680286835,-0.6589326252307844
-0.3174634926985398,2.984782365710322,0.8074528317782427,-0.6592674236553097
-0.3164632926585318,2.9838918405151094,0.8077756843303563,-0.6596019909613685
-0.3154630926185238,2.9830018632687194,0.8080982373389367,-0.659936326711563
-0.3144628925785158,2.982112435063797,0.8084204901993355,-0.6602704304677665
-0.3134626925385078,2.9812235569938332,0.8087424423064998,-0.6606043017911251
-0.3124624924984998,2.980335230153161,0.8090640930549797,-0.6609379402420571
-0.3114622924584918,2.979447455636942,0.8093854418389327,-0.6612713453802548
-0.31046209241848377,2.9785602345411566,0.8097064880521304,-0.661604516764683
-0.30946189237847577,2.977673567962596,0.810027231087964,-0.6619374539535834
-0.30846169233846776,2.976787456998852,0.810347670339452,-0.6622701565044713
-0.30746149229845976,2.9759019027483062,0.8106678051992428,-0.6626026239741382
-0.30646129225845176,2.9750169063101195,0.8109876350596253,-0.6629348559186521
-0.30546109221844375,2.9741324687842234,0.8113071593125317,-0.6632668518933578
-0.30446089217843575,2.973248591271309,0.8116263773495457,-0.6635986114528785
-0.30346069213842775,2.972365274872817,0.8119452885619074,-0.6639301341511159
-0.30246049209841974,2.9714825206909254,0.8122638923405214,-0.6642614195412511
-0.30146029205841174,2.9706003298285433,0.8125821880759604,-0.6645924671757443
-0.30046009201840373,2.969718703389295,0.8129001751584755,-0.6649232766063382
-0.29945989197839573,2.968837642477515,0.8132178529779993,-0.6652538473840557
-0.29845969193838773,2.967957148198232,0.8135352209241539,-0.6655841790592029
-0.2974594918983797,2.967077221657162,0.8138522783862566,-0.6659142711813694
-0.2964592918583717,2.9661978639606943,0.8141690247533289,-0.6662441232994281
-0.2954590918183637,2.965319076215884,0.8144854594141006,-0.666573734961538
-0.2944588917783557,2.9644408595304377,0.8148015817570167,-0.6669031057151436
-0.2934586917383477,2.9635632150127047,0.8151173911702458,-0.6672322351069758
-0.2924584916983397,2.9626861437716654,0.815432887041686,-0.6675611226830539
-0.2914582916583317,2.9618096469169175,0.8157480687589718,-0.667889767988686
-0.2904580916183237,2.960933725558669,0.8160629357094802,-0.6682181705684699
-0.2894578915783157,2.960058380807723,0.8163774872803397,-0.6685463299662942
-0.2884576915383077,2.9591836137754686,0.8166917228584348,-0.6688742457253388
-0.2874574914982997,2.9583094255738676,0.8170056418304152,-0.6692019173880778
-0.2864572914582917,2.9574358173154436,0.8173192435827022,-0.6695293444962774
-0.2854570914182837,2.9565627901132703,0.8176325275014944,-0.6698565265910006
-0.2844568913782757,2.9556903450809595,0.8179454929727775,-0.6701834632126051
-0.2834566913382677,2.9548184833326494,0.8182581393823294,-0.6705101539007469
-0.28245649129825967,2.9539472059829914,0.8185704661157289,-0.6708365981943799
-0.28145629125825167,2.95307651414714,0.8188824725583624,-0.6711627956317581
-0.28045609121824366,2.952206408940739,0.8191941580954312,-0.6714887457504359
-0.27945589117823566,2.95133689147991,0.8195055221119586,-0.67181444808727
-0.27845569113822766,2.950467962881239,0.8198165639927991,-0.6721399021784208
-0.27745549109821965,2.949599624261766,0.8201272831226438,-0.6724651075593527
-0.27645529105821165,2.94873187673897,0.820437678886029,-0.6727900637648363
-0.27545509101820365,2.9478647214307587,0.8207477506673441,-0.6731147703289497
-0.27445489097819564,2.946998159455454,0.8210574978508385,-0.6734392267850793
-0.27345469093818764,2.9461321919317798,0.8213669198206304,-0.6737634326659213
-0.27245449089817964,2.94526681997885,0.8216760159607135,-0.6740873875034833
-0.27145429085817163,2.9444020447161536,0.8219847856549656,-0.6744110908290866
-0.27045409081816363,2.943537867263544,0.8222932282871558,-0.6747345421733658
-0.2694538907781556,2.9426742887412254,0.8226013432409529,-0.6750577410662717
-0.2684536907381476,2.941811310269736,0.8229091298999337,-0.6753806870370718
-0.2674534906981396,2.9409489329699405,0.8232165876475899,-0.6757033796143523
-0.2664532906581316,2.940087157963012,0.8235237158673376,-0.6760258183260208
-0.2654530906181236,2.9392259863704226,0.823830513942524,-0.6763480026993054
-0.2644528905781156,2.9383654193139246,0.824136981256437,-0.676669932260759
-0.2634526905381076,2.9375054579155426,0.8244431171923122,-0.6769916065362581
-0.2624524904980996,2.9366461032975555,0.8247489211333419,-0.6773130250510068
-0.2614522904580916,2.9357873565824857,0.8250543924626828,-0.6776341873295371
-0.2604520904180836,2.934929218893082,0.8253595305634652,-0.6779550928957123
-0.2594518903780756,2.934071691352308,0.8256643348188012,-0.6782757412727264
-0.2584516903380676,2.933214775083329,0.8259688046117922,-0.6785961319831068
-0.2574514902980596,2.932358471209494,0.8262729393255388,-0.6789162645487168
-0.2564512902580516,2.9315027808543244,0.8265767383431486,-0.6792361384907571
-0.2554510902180436,2.9306477051414994,0.8268802010477448,-0.6795557533297674
-0.25445089017803557,2.929793245194842,0.8271833268224748,-0.6798751085856272
-0.25345069013802757,2.928939402138302,0.82748611505052,-0.6801942037775598
-0.25245049009801956,2.928086177095943,0.827788565115103,-0.6805130384241328
-0.25145029005801156,2.9272335711919304,0.8280906763994974,-0.6808316120432605
-0.25045009001800356,2.926381585550511,0.8283924482870363,-0.6811499241522061
-0.24944988997799555,2.925530221296002,0.8286938801611212,-0.6814679742675828
-0.24844968993798755,2.924679479552777,0.8289949714052313,-0.6817857619053562
-0.24744948989797955,2.923829361445247,0.8292957214029314,-0.6821032865808475
-0.24644928985797154,2.9229798680978494,0.8295961295378835,-0.6824205478087338
-0.24544908981796354,2.9221310006350296,0.8298961951938528,-0.6827375451030516
-0.24444888977795554,2.9212827601812275,0.830195917754719,-0.6830542779771981
-0.24344868973794753,2.9204351478608612,0.8304952966044847,-0.6833707459439334
-0.24244848969793953,2.9195881647983133,0.8307943311272845,-0.6836869485153837
-0.24144828965793153,2.918741812117913,0.8310930207073949,-0.6840028852030422
-0.24044808961792352,2.9178960909439215,0.8313913647292432,-0.6843185555177717
-0.23944788957791552,2.9170510024005165,0.8316893625774174,-0.6846339589698078
-0.23844768953790751,2.9162065476117767,0.8319870136366746,-0.6849490950687603
-0.2374474894978995,2.9153627277016647,0.8322843172919517,-0.6852639633236154
-0.2364472894578915,2.914519543794012,0.8325812729283742,-0.685578563242739
-0.2354470894178835,2.913676997012502,0.8328778799312668,-0.6858928943338781
-0.2344468893778755,2.9128350884806564,0.8331741376861614,-0.6862069561041639
-0.2334466893378675,2.9119938193218147,0.833470045578808,-0.6865207480601139
-0.2324464892978595,2.9111531906591215,0.8337656029951839,-0.6868342697076346
-0.2314462892578515,2.910313203615509,0.8340608093215044,-0.6871475205520243
-0.23044608921784349,2.909473859313679,0.8343556639442322,-0.6874605000979753
-0.22944588917783548,2.908635158876089,0.8346501662500863,-0.6877732078495756
-0.22844568913782748,2.9077971034249344,0.834944315626053,-0.6880856433103142
-0.22744548909781948,2.9069596940821287,0.8352381114593961,-0.6883978059830799
-0.22644528905781147,2.9061229319692923,0.835531553137666,-0.6887096953701677
-0.22544508901780347,2.905286818207731,0.8358246400487103,-0.6890213109732787
-0.22444488897779546,2.904451353918422,0.8361173715806839,-0.689332652293525
-0.22344468893778746,2.903616540221993,0.8364097471220601,-0.6896437188314312
-0.22244448889777946,2.90278237823871,0.8367017660616388,-0.6899545100869374
-0.22144428885777145,2.9019488690884554,0.8369934277885587,-0.6902650255594022
-0.22044408881776345,2.9011160138907135,0.8372847316923062,-0.6905752647476051
-0.21944388877775545,2.900283813764553,0.837575677162727,-0.6908852271497508
-0.21844368873774744,2.8994522698286067,0.837866263590036,-0.6911949122634706
-0.21744348869773944,2.898621383201057,0.8381564903648272,-0.6915043195858258
-0.21644328865773144,2.897791154999616,0.838446356878086,-0.6918134486133113
-0.21544308861772343,2.8969615863415097,0.838735862521197,-0.6921222988418582
-0.21444288857771543,2.8961326783434584,0.8390250066859575,-0.6924308697668362
-0.21344268853770743,2.8953044321216588,0.8393137887645863,-0.6927391608830581
-0.21244248849769942,2.8944768487917676,0.8396022081497345,-0.6930471716847822
-0.21144228845769142,2.8936499294688818,0.8398902642344973,-0.6933549016657148
-0.21044208841768342,2.89282367526752,0.8401779564124243,-0.6936623503190149
-0.2094418883776754,2.8919980873016056,0.8404652840775304,-0.6939695171372966
-0.2084416883376674,2.891173166684448,0.8407522466243059,-0.6942764016126324
-0.2074414882976594,2.890348914528723,0.8410388434477294,-0.6945830032365556
-0.2064412882576514,2.889525331946455,0.8413250739432758,-0.6948893215000659
-0.2054410882176434,2.8887024200489995,0.8416109375069312,-0.6951953558936304
-0.2044408881776354,2.8878801799470217,0.8418964335352002,-0.6955011059071895
-0.2034406881376274,2.8870586127504807,0.8421815614251194,-0.6958065710301572
-0.2024404880976194,2.8862377195686073,0.842466320574268,-0.6961117507514278
-0.20144028805761138,2.885417501509888,0.8427507103807788,-0.6964166445593777
-0.20044008801760338,2.8845979596820444,0.8430347302433496,-0.6967212519418683
-0.19943988797759538,2.8837790951920144,0.8433183795612542,-0.6970255723862512
-0.19843968793758737,2.882960909145931,0.8436016577343551,-0.6973296053793718
-0.19743948789757937,2.8821434026491075,0.8438845641631132,-0.6976333504075704
-0.19643928785757137,2.8813265768060132,0.8441670982485998,-0.6979368069566894
-0.19543908781756336,2.880510432720257,0.8444492593925093,-0.698239974512076
-0.19443888777755536,2.879694971494566,0.8447310469971682,-0.6985428525585834
-0.19343868773754735,2.8788801942307667,0.8450124604655499,-0.6988454405805791
-0.19243848769753935,2.878066102029767,0.8452934992012834,-0.699147738061944
-0.19143828765753135,2.8772526959915314,0.8455741626086666,-0.6994497444860798
-0.19043808761752334,2.8764399772150666,0.845854450092678,-0.6997514593359115
-0.18943788757751534,2.875627946798398,0.846134361058988,-0.7000528820938924
-0.18843768753750734,2.874816605838551,0.8464138949139712,-0.7003540122420062
-0.18743748749749933,2.8740059554315303,0.8466930510647166,-0.700654849261772
-0.18643728745749133,2.8731959966722993,0.8469718289190421,-0.7009553926342499
-0.18543708741748333,2.8723867306547617,0.847250227885505,-0.7012556418400423
-0.18443688737747532,2.871578158471738,0.8475282473734141,-0.7015555963593002
-0.18343668733746732,2.870770281214948,0.8478058867928415,-0.7018552556717269
-0.18243648729745932,2.8699630999749886,0.848083145554635,-0.7021546192565808
-0.1814362872574513,2.8691566158413124,0.8483600230704308,-0.7024536865926825
-0.1804360872174433,2.86835082990221,0.8486365187526643,-0.7027524571584165
-0.1794358871774353,2.8675457432447855,0.8489126320145827,-0.7030509304317365
-0.1784356871374273,2.866741356954938,0.8491883622702592,-0.7033491058901707
-0.1774354870974193,2.865937672117339,0.8494637089346018,-0.7036469830108245
-0.1764352870574113,2.8651346898154135,0.8497386714233687,-0.7039445612703855
-0.1754350870174033,2.864332411131317,0.8500132491531789,-0.7042418401451301
-0.1744348869773953,2.863530837145915,0.8502874415415257,-0.7045388191109245
-0.17343468693738728,2.8627299689387624,0.8505612480067876,-0.7048354976432314
-0.17243448689737928,2.861929807588079,0.8508346679682427,-0.7051318752171151
-0.17143428685737128,2.8611303541707334,0.8511077008460807,-0.7054279513072441
-0.17043408681736327,2.8603316097622162,0.8513803460614131,-0.7057237253878982
-0.16943388677735527,2.8595335754366222,0.8516526030362904,-0.7060191969329722
-0.16843368673734727,2.858736252266626,0.8519244711937098,-0.7063143654159793
-0.16743348669733926,2.857939641323463,0.8521959499576324,-0.7066092303100577
-0.16643328665733126,2.857143743676904,0.8524670387529917,-0.7069037910879761
-0.16543308661732326,2.8563485603952374,0.8527377370057105,-0.7071980472221367
-0.16443288657731525,2.8555540925452436,0.8530080441427094,-0.7074919981845804
-0.16343268653730725,2.854760341192176,0.853277959591923,-0.7077856434469935
-0.16243248649729924,2.853967307399736,0.8535474827823122,-0.7080789824807109
-0.16143228645729124,2.8531749922300524,0.8538166131438755,-0.7083720147567218
-0.16043208641728324,2.85238339674366,0.8540853501076635,-0.7086647397456759
-0.15943188637727523,2.8515925219994758,0.854353693105791,-0.7089571569178853
-0.15843168633726723,2.850802369054777,0.8546216415714515,-0.7092492657433341
-0.15743148629725923,2.8500129389651776,0.854889194938927,-0.7095410656916811
-0.15643128625725122,2.8492242327846076,0.8551563526436059,-0.7098325562322649
-0.15543108621724322,2.8484362515652903,0.8554231141219908,-0.7101237368341102
-0.15443088617723566,2.847648996357718,0.855689478811717,-0.7104146069659328
-0.15343068613722766,2.84686246821063,0.8559554461515614,-0.7107051660961449
-0.15243048609721965,2.84607666817099,0.8562210155814576,-0.7109954136928598
-0.15143028605721165,2.8452915972839636,0.8564861865425086,-0.7112853492239002
-0.15043008601720365,2.8445072565928937,0.8567509584770017,-0.7115749721568
-0.14942988597719564,2.8437236471392793,0.8570153308284194,-0.711864281958813
-0.14842968593718764,2.842940769962752,0.8572793030414547,-0.7121532780969159
-0.14742948589717964,2.8421586261010514,0.857542874562023,-0.7124419600378168
-0.14642928585717163,2.8413772165900038,0.8578060448372773,-0.7127303272479586
-0.14542908581716363,2.840596542463498,0.8580688133156198,-0.7130183791935255
-0.14442888577715562,2.839816604753462,0.8583311794467166,-0.7133061153404485
-0.14342868573714762,2.8390374044898388,0.858593142681511,-0.7135935351544125
-0.14242848569713962,2.8382589427005644,0.8588547024722362,-0.7138806381008614
-0.1414282856571316,2.8374812204115436,0.8591158582724308,-0.7141674236450034
-0.1404280856171236,2.8367042386466257,0.8593766095369502,-0.7144538912518175
-0.1394278855771156,2.8359279984275814,0.8596369557219827,-0.7147400403860605
-0.1384276855371076,2.83515250077408,0.8598968962850597,-0.7150258705122704
-0.1374274854970996,2.8343777467036633,0.8601564306850736,-0.7153113810947761
-0.1364272854570916,2.8336037372317238,0.8604155583822879,-0.7155965715977005
-0.1354270854170836,2.8328304733714793,0.8606742788383533,-0.7158814414849682
-0.1344268853770756,2.832057956133951,0.8609325915163201,-0.7161659902203121
-0.13342668533706759,2.831286186527936,0.8611904958806533,-0.7164502172672788
-0.13242648529705958,2.830515165559988,0.861447991397245,-0.7167341220892343
-0.13142628525705158,2.829744894234388,0.8617050775334294,-0.7170177041493732
-0.13042608521704357,2.828975373553124,0.8619617537579964,-0.7173009629107214
-0.12942588517703557,2.8282066045158634,0.8622180195412054,-0.7175838978361453
-0.12842568513702757,2.827438588119932,0.8624738743547992,-0.7178665083883571
-0.12742548509701956,2.826671325360288,0.862729317672018,-0.718148794029922
-0.12642528505701156,2.8259048172294974,0.8629843489676138,-0.7184307542232649
-0.12542508501700356,2.825139064717709,0.8632389677178636,-0.7187123884306749
-0.12442488497699555,2.824374068812631,0.8634931734005838,-0.7189936961143161
-0.12342468493698755,2.8236098304995063,0.8637469654951451,-0.7192746767362308
-0.12242448489697955,2.8228463507610875,0.8640003434824856,-0.7195553297583476
-0.12142428485697154,2.8220836305776116,0.8642533068451251,-0.7198356546424884
-0.12042408481696354,2.821321670926776,0.864505855067179,-0.720115650850375
-0.11942388477695554,2.820560472783714,0.8647579876343735,-0.720395317843636
-0.11842368473694753,2.819800037120969,0.8650097040340585,-0.720674655083814
-0.11742348469693953,2.8190403649084694,0.8652610037552226,-0.7209536620323721
-0.11642328465693152,2.818281457113506,0.8655118862885067,-0.7212323381507029
-0.11542308461692352,2.8175233147007037,0.8657623511262195,-0.7215106829001319
-0.11442288457691552,2.816765938631998,0.8660123977623498,-0.7217886957419285
-0.11342268453690751,2.816009329866612,0.8662620256925817,-0.7220663761373108
-0.11242248449689951,2.815253489361026,0.8665112344143105,-0.7223437235474547
-0.11142228445689151,2.8144984180689585,0.8667600234266544,-0.7226207374334985
-0.1104220844168835,2.813744116941336,0.8670083922304702,-0.7228974172565532
-0.1094218843768755,2.81299058692627,0.8672563403283672,-0.7231737624777088
-0.1084216843368675,2.8122378289690317,0.8675038672247221,-0.723449772558041
-0.10742148429685949,2.8114858440120267,0.8677509724256925,-0.7237254469586186
-0.10642128425685149,2.8107346329947687,0.8679976554392315,-0.7240007851405135
-0.10542108421684349,2.8099841968538546,0.8682439157751036,-0.7242757865648052
-0.10442088417683548,2.8092345365229385,0.8684897529448972,-0.72455045069259
-0.10342068413682748,2.8084856529327076,0.8687351664620395,-0.7248247769849886
-0.10242048409681948,2.8077375470108556,0.8689801558418119,-0.7250987649031538
-0.10142028405681147,2.806990219682057,0.8692247206013625,-0.725372413908278
-0.10042008401680347,2.8062436718679415,0.8694688602597226,-0.725645723461601
-0.09941988397679546,2.805497904487069,0.8697125743378205,-0.7259186930244187
-0.09841968393678746,2.804752918454904,0.8699558623584945,-0.7261913220580898
-0.09741948389677946,2.804008714683787,0.8701987238465109,-0.7264636100240447
-0.09641928385677145,2.803265294082914,0.870441158328574,-0.7267355563837932
-0.09541908381676345,2.8025226575583067,0.8706831653333448,-0.7270071605989324
-0.09441888377675545,2.801780806012787,0.8709247443914518,-0.727278422131155
-0.09341868373674744,2.8010397403459537,0.8711658950355086,-0.7275493404422573
-0.09241848369673944,2.800299461454153,0.8714066168001269,-0.7278199149941478
-0.09141828365673144,2.799559970230455,0.8716469092219318,-0.7280901452488556
-0.09041808361672343,2.7988212675646285,0.871886771839574,-0.7283600306685372
-0.08941788357671543,2.7980833543431123,0.8721262041937482,-0.7286295707154875
-0.08841768353670743,2.797346231448991,0.8723652058272048,-0.728898764852145
-0.08741748349669942,2.7966098997619695,0.8726037762847648,-0.7291676125411034
-0.08641728345669142,2.7958743601583445,0.872841915113336,-0.7294361132451177
-0.08541708341668341,2.7951396135109814,0.8730796218619256,-0.7297042664271136
-0.08441688337667541,2.794405660689287,0.8733168960816554,-0.7299720715501965
-0.08341668333666741,2.793672502559183,0.8735537373257769,-0.7302395280776603
-0.0824164832966594,2.792940139983081,0.873790145149685,-0.7305066354729947
-0.0814162832566514,2.7922085738198534,0.8740261191109343,-0.7307733931998952
-0.0804160832166434,2.7914778049248112,0.8742616587692509,-0.7310398007222717
-0.0794158831766354,2.7907478341496765,0.8744967636865488,-0.7313058575042568
-0.07841568313662739,2.790018662342555,0.8747314334269444,-0.7315715630102153
-0.07741548309661939,2.78929029034791,0.8749656675567711,-0.7318369167047529
-0.07641528305661138,2.788562719006538,0.8751994656445929,-0.7321019180527247
-0.07541508301660338,2.7878359491555416,0.8754328272612196,-0.7323665665192448
-0.07441488297659538,2.787109981628302,0.8756657519797222,-0.7326308615696955
-0.07341468293658737,2.786384817254454,0.8758982393754454,-0.7328948026697365
-0.07241448289657937,2.7856604568598597,0.8761302890260234,-0.7331583892853121
-0.07141428285657136,2.784936901266583,0.8763619005113952,-0.7334216208826638
-0.07041408281656336,2.7842141512928613,0.8765930734138172,-0.7336844969283368
-0.06941388277655536,2.7834922077530795,0.8768238073178793,-0.7339470168891912
-0.06841368273654735,2.782771071457747,0.8770541018105191,-0.7342091802324088
-0.06741348269653935,2.7820507432134662,0.8772839564810353,-0.7344709864255056
-0.06641328265653135,2.7813312238229106,0.8775133709211036,-0.734732434936339
-0.06541308261652334,2.780612514084796,0.8777423447247908,-0.734993525233119
-0.06441288257651534,2.7798946147938564,0.8779708774885684,-0.7352542567844154
-0.06341268253650734,2.7791775267408148,0.8781989688113285,-0.7355146290591708
-0.06241248249649933,2.7784612507123585,0.8784266182943965,-0.735774641526706
-0.06141228245649133,2.7777457874911136,0.8786538255415469,-0.736034293656734
-0.060412082416483326,2.777031137855618,0.8788805901590175,-0.7362935849193665
-0.05941188237647532,2.776317302580294,0.8791069117555234,-0.7365525147851245
-0.05841168233646732,2.7756042824354235,0.8793327899422715,-0.7368110827249503
-0.057411482296459315,2.774892078187121,0.8795582243329756,-0.7370692882102138
-0.05641128225645131,2.7741806905973085,0.8797832145438685,-0.7373271307127248
-0.05541108221644331,2.7734701204236867,0.8800077601937193,-0.7375846097047423
-0.054410882176435305,2.772760368419711,0.880231860903846,-0.7378417246589849
-0.0534106821364273,2.772051435334565,0.8804555162981293,-0.7380984750486403
-0.0524104820964193,2.7713433219131334,0.880678726003029,-0.7383548603473754
-0.051410282056411294,2.7706360288959764,0.8809014896475964,-0.7386108800293472
-0.05041008201640329,2.769929557019304,0.8811238068634882,-0.7388665335692121
-0.04940988197639529,2.7692239070149474,0.8813456772849828,-0.739121820442136
-0.04840968193638728,2.7685190796103365,0.8815671005489921,-0.7393767401238065
-0.04740948189637928,2.76781507552847,0.8817880762950786,-0.7396312920904409
-0.046409281856371276,2.7671118954878917,0.8820086041654661,-0.7398854758187975
-0.04540908181636327,2.766409540202665,0.8822286838050556,-0.740139290786186
-0.04440888177635527,2.765708010382345,0.8824483148614402,-0.7403927364704792
-0.043408681736347265,2.765007306731951,0.8826674969849179,-0.7406458123501212
-0.04240848169633926,2.7643074299519457,0.8828862298285055,-0.7408985179041385
-0.04140828165633126,2.7636083807382033,0.8831045130479537,-0.7411508526121527
-0.040408081616323255,2.7629101597819874,0.8833223463017594,-0.7414028159543893
-0.03940788157631525,2.7622127677699235,0.8835397292511824,-0.7416544074116884
-0.03840768153630725,2.761516205383973,0.8837566615602562,-0.7419056264655162
-0.037407481496299244,2.7608204733014072,0.8839731428958049,-0.7421564725979747
-0.03640728145629124,2.7601255721947844,0.8841891729274532,-0.7424069452918136
-0.03540708141628324,2.7594315027319176,0.8844047513276446,-0.7426570440304414
-0.03440688137627523,2.758738265575855,0.8846198777716521,-0.742906768297935
-0.03340668133626723,2.758045861384852,0.884834551937593,-0.7431561175790515
-0.032406481296259226,2.7573542908123434,0.8850487735064431,-0.7434050913592397
-0.03140628125625122,2.75666355450692,0.8852625421620494,-0.7436536891246495
-0.03040608121624322,2.7559736531123034,0.885475857591145,-0.7439019103621448
-0.029405881176235216,2.7552845872673184,0.8856887194833608,-0.7441497545593133
-0.028405681136227212,2.754596357605869,0.885901127531241,-0.744397221204479
-0.02740548109621921,2.7539089647569117,0.8861130814302558,-0.7446443097867119
-0.026405281056211205,2.753222409344431,0.8863245808788155,-0.7448910197958403
-0.0254050810162032,2.752536691987413,0.8865356255782829,-0.7451373507224627
-0.024404880976195198,2.7518518132998198,0.8867462152329868,-0.7453833020579567
-0.023404680936187194,2.751167773890566,0.8869563495502367,-0.7456288732944925
-0.02240448089617919,2.7504845743634916,0.8871660282403349,-0.7458740639250446
-0.021404280856171187,2.749802215317337,0.8873752510165906,-0.7461188734434022
-0.020404080816163184,2.7491206973457185,0.8875840175953327,-0.7463633013441805
-0.01940388077615518,2.748440021037102,0.8877923276959229,-0.7466073471228325
-0.018403680736147177,2.7477601869747774,0.8880001810407685,-0.7468510102756617
-0.017403480696139173,2.7470811957368375,0.8882075773553365,-0.7470942902998318
-0.01640328065613117,2.746403047896148,0.8884145163681665,-0.7473371866933811
-0.015403080616123166,2.745725744020324,0.8886209978108834,-0.7475796989552302
-0.014402880576115162,2.7450492846717087,0.8888270214182104,-0.7478218265851987
-0.013402680536107159,2.744373670407342,0.8890325869279816,-0.7480635690840136
-0.012402480496099155,2.7436989017789415,0.889237694081155,-0.74830492595332
-0.011402280456091152,2.743024979332875,0.8894423426218264,-0.7485458966956977
-0.010402080416083148,2.7423519036101363,0.8896465322972409,-0.7487864808146686
-0.009401880376075145,2.741679675146321,0.8898502628578059,-0.749026677814711
-0.008401680336067141,2.7410082944716017,0.8900535340571035,-0.7492664872012704
-0.0074014802960591375,2.740337762110703,0.8902563456519045,-0.7495059084807731
-0.006401280256051134,2.739668078582878,0.8904586974021792,-0.749744941160637
-0.00540108021604313,2.738999244401884,0.890660589071111,-0.7499835847492834
-0.004400880176035127,2.738331260075957,0.8908620204251086,-0.7502218387561499
-0.0034006801360271233,2.737664126107789,0.891062991233818,-0.7504597026917029
-0.0024004800960191197,2.7369978429945037,0.891263501270135,-0.7506971760674488
-0.0014002800560111162,2.7363324112276306,0.8914635503102183,-0.7509342583959467
-0.0004000800160031126,2.7356678312930844,0.8916631381335003,-0.7511709491908215
0.000600120024004891,2.7350041036711383,0.8918622645227001,-0.7514072479667748
0.0016003200640128945,2.7343412288364006,0.8920609292638362,-0.7516431542395978
0.002600520104020898,2.733679207257792,0.8922591321462366,-0.751878667526184
0.0036007201440289016,2.7330180393985217,0.892456872962552,-0.7521137873445414
0.004600920184036905,2.732357725716063,0.8926541515087693,-0.7523485132138051
0.005601120224044909,2.731698266662132,0.8928509675842199,-0.7525828446542495
0.006601320264052912,2.7310396626826603,0.8930473209915945,-0.7528167811873019
0.007601520304060916,2.730381914217776,0.8932432115369531,-0.7530503223355528
0.00860172034406892,2.729725021701778,0.8934386390297372,-0.7532834676227712
0.009601920384076923,2.7290689855631127,0.8936336032827821,-0.7535162165739148
0.010602120424084926,2.7284138062243533,0.8938281041123267,-0.7537485687151443
0.01160232046409293,2.727759484102174,0.894022141338026,-0.753980523573835
0.012602520504100934,2.727106019607329,0.8942157147829634,-0.7542120806785921
0.013602720544108937,2.7264534131446294,0.8944088242736605,-0.7544432395592584
0.01460292058411694,2.7258016651129195,0.8946014696400877,-0.7546739997469323
0.015603120624124944,2.725150775905055,0.8947936507156783,-0.7549043607739777
0.016603320664132948,2.7245007459078825,0.8949853673373364,-0.7551343221740373
0.01760352070414095,2.7238515755022137,0.8951766193454495,-0.7553638834820473
0.018603720744148955,2.7232032650628053,0.8953674065838992,-0.7555930442342468
0.01960392078415696,2.722555814958336,0.8955577289000725,-0.7558218039681932
0.020604120824164962,2.721909225551385,0.8957475861448713,-0.7560501622227761
0.021604320864172966,2.7212634971984095,0.8959369781727241,-0.7562781185382266
0.02260452090418097,2.7206186302497235,0.8961259048415964,-0.7565056724561346
0.023604720944188973,2.7199746250494763,0.8963143660130022,-0.7567328235194589
0.024604920984196976,2.719331481935629,0.8965023615520126,-0.7569595712725405
0.02560512102420498,2.7186892012399353,0.8966898913272668,-0.7571859152611184
0.026605321064212983,2.7180477832879193,0.8968769552109837,-0.7574118550323391
0.027605521104220987,2.717407228398854,0.89706355307897,-0.7576373901347714
0.02860572114422899,2.7167675368857394,0.8972496848106325,-0.7578625201184208
0.029605921184236994,2.716128709055283,0.8974353502889864,-0.75808724453474
0.030606121224244998,2.715490745207878,0.8976205494006664,-0.7583115629366447
0.031606321264253,2.7148536456375827,0.8978052820359363,-0.7585354748785255
0.032606521304261005,2.7142174106321,0.8979895480886984,-0.7587589799162612
0.03360672134426901,2.7135820404727564,0.8981733474565039,-0.758982077607232
0.03460692138427701,2.7129475354344814,0.8983566800405614,-0.7592047675103337
0.035607121424285015,2.7123138957857877,0.8985395457457477,-0.75942704918599
0.03660732146429302,2.7116811217887515,0.8987219444806167,-0.7596489221961672
0.03760752150430102,2.711049213698991,0.8989038761574091,-0.759870386104386
0.038607721544309026,2.7104181717656473,0.8990853406920609,-0.7600914404757358
0.03960792158431703,2.7097879962313645,0.8992663380042131,-0.7603120848768883
0.04060812162432503,2.7091586873322706,0.8994468680172208,-0.7605323188761096
0.04160832166433304,2.7085302452979563,0.8996269306581631,-0.7607521420432759
0.04260852170434104,2.707902670351458,0.899806525857849,-0.7609715539498855
0.043608721744349044,2.7072759627092364,0.8999856535508306,-0.7611905541690721
0.04460892178435705,2.706650122581159,0.9001643136754078,-0.7614091422756191
0.04560912182436505,2.7060251501704786,0.9003425061736398,-0.7616273178459722
0.046609321864373054,2.705401045673818,0.9005202309913517,-0.7618450804582554
0.04760952190438106,2.704777809281148,0.9006974880781439,-0.7620624296922804
0.04860972194438906,2.7041554411757702,0.9008742773874002,-0.7622793651295642
0.049609921984397065,2.7035339415343,0.9010505988762959,-0.7624958863533404
0.05061012202440507,2.7029133105266454,0.9012264525058072,-0.7627119929485737
0.05161032206441307,2.7022935483159913,0.9014018382407164,-0.7629276845019729
0.052610522104421076,2.7016746550587794,0.9015767560496227,-0.7631429606020054
0.05361072214442908,2.701056630904692,0.9017512059049492,-0.7633578208389104
0.05461092218443708,2.700439475996634,0.9019251877829499,-0.7635722648047115
0.055611122224445086,2.699823190470714,0.9020987016637179,-0.7637862920932338
0.05661132226445309,2.69920777445623,0.9022717475311923,-0.7639999023001126
0.057611522304461094,2.698593228075648,0.9024443253731665,-0.7642130950228112
0.0586117223444691,2.6979795514445875,0.9026164351812964,-0.7644258698606334
0.0596119223844771,2.6973667446718053,0.9027880769511045,-0.7646382264147361
0.060612122424485104,2.696754807859176,0.9029592506819901,-0.7648501642881446
0.06161232246449311,2.696143741101677,0.9031299563772354,-0.7650616830857649
0.06261252250450111,2.695533544487373,0.9033001940440113,-0.7652727824143992
0.06361272254450911,2.694924218097397,0.9034699636933854,-0.765483461882758
0.06461292258451712,2.694315762005936,0.9036392653403285,-0.7656937211014747
0.06561312262452512,2.693708176280216,0.903808099003721,-0.7659035596831196
0.06661332266453313,2.6931014609804835,0.9039764647063593,-0.7661129772422128
0.06761352270454113,2.6924956161599916,0.904144362474962,-0.7663219733952383
0.06861372274454913,2.691890641864984,0.9043117923401774,-0.7665305477606588
0.06961392278455714,2.691286538134681,0.9044787543365872,-0.7667386999589278
0.07061412282456514,2.690683305001261,0.9046452485027151,-0.766946429612505
0.07161432286457314,2.690080942489849,0.9048112748810316,-0.767153736345869
0.0726145229045807,2.6894794506185002,0.904976833517959,-0.7673606197855313
0.0736147229445887,2.6888788293981856,0.9051419244638782,-0.7675670795600503
0.07461492298459671,2.688279078832777,0.9053065477731349,-0.7677731153000452
0.07561512302460471,2.6876801989190335,0.9054707035040426,-0.7679787266382097
0.07661532306461272,2.6870821896465875,0.9056343917188908,-0.768183913209326
0.07761552310462072,2.68648505099793,0.9057976124839481,-0.7683886746502777
0.07861572314462872,2.685888782948397,0.9059603658694684,-0.7685930106000644
0.07961592318463673,2.6852933854661565,0.9061226519496957,-0.7687969206998158
0.08061612322464473,2.684698858512194,0.906284470802869,-0.769000404592805
0.08161632326465273,2.6841052020403007,0.9064458225112261,-0.7692034619244617
0.08261652330466074,2.683512415997059,0.90660670716101,-0.7694060923423871
0.08361672334466874,2.682920500321831,0.9067671248424725,-0.7696082954963674
0.08461692338467675,2.6823294549467445,0.9069270756498775,-0.7698100710383873
0.08561712342468475,2.6817392797966813,0.9070865596815083,-0.7700114186226437
0.08661732346469275,2.6811499747892653,0.9072455770396685,-0.770212337905559
0.08761752350470076,2.6805615398348497,0.9074041278306872,-0.7704128285457966
0.08861772354470876,2.679973974836505,0.9075622121649242,-0.7706128902042728
0.08961792358471676,2.6793872796900065,0.9077198301567714,-0.7708125225441713
0.09061812362472477,2.6788014542838248,0.9078769819246592,-0.7710117252309577
0.09161832366473277,2.6782164984991135,0.9080336675910576,-0.771210497932391
0.09261852370474077,2.677632412209698,0.9081898872824813,-0.7714088403185401
0.09361872374474878,2.677049195282063,0.9083456411294916,-0.7716067520617951
0.09461892378475678,2.676466847575345,0.9085009292667015,-0.7718042328368822
0.09561912382476478,2.6758853689413193,0.9086557518327758,-0.7720012823208774
0.09661932386477279,2.675304759224389,0.9088101089704377,-0.7721979001932199
0.09761952390478079,2.6747250182615776,0.9089640008264688,-0.7723940861357252
0.0986197239447888,2.6741461458825166,0.9091174275517123,-0.7725898398326
0.0996199239847968,2.673568141909437,0.9092703893010771,-0.7727851609704548
0.1006201240248048,2.6729910061571593,0.9094228862335378,-0.7729800492383175
0.1016203240648128,2.6724147384330834,0.9095749185121387,-0.7731745043276478
0.10262052410482081,2.671839338537181,0.9097264863039954,-0.7733685259323492
0.10362072414482881,2.671264806261985,0.9098775897802974,-0.7735621137487849
0.10462092418483682,2.6706911413925813,0.9100282291163091,-0.773755267475789
0.10562112422484482,2.6701183437066023,0.910178404491372,-0.7739479868146816
0.10662132426485282,2.6695464129742144,0.9103281160889061,-0.7741402714692812
0.10762152430486083,2.668975348958113,0.9104773640964119,-0.7743321211459183
0.10862172434486883,2.668405151413514,0.9106261487054713,-0.7745235355534503
0.10962192438487683,2.667835820088145,0.9107744701117502,-0.7747145144032722
0.11062212442488484,2.6672673547222394,0.9109223285149968,-0.7749050574093327
0.11162232446489284,2.666699755048527,0.9110697241190451,-0.7750951642881456
0.11262252450490084,2.66613302079223,0.9112166571318152,-0.7752848347588049
0.11362272454490885,2.6655671516710524,0.9113631277653133,-0.7754740685429966
0.11462292458491685,2.6650021473951755,0.9115091362356327,-0.7756628653650125
0.11562312462492486,2.6644380076672523,0.9116546827629546,-0.7758512249517632
0.11662332466493286,2.6638747321823986,0.911799767571548,-0.7760391470327922
0.11762352470494086,2.6633123206281897,0.9119443908897699,-0.7762266313402884
0.11862372474494887,2.6627507726846527,0.9120885529500653,-0.7764136776090985
0.11962392478495687,2.6621900880242615,0.9122322539889678,-0.7766002855767423
0.12062412482496487,2.6616302663119313,0.9123754942470982,-0.7767864549834242
0.12162432486497288,2.661071307205015,0.9125182739691649,-0.7769721855720458
0.12262452490498088,2.6605132103532942,0.9126605934039639,-0.7771574770882208
0.12362472494498888,2.65995597539898,0.9128024528043776,-0.777342329280286
0.12462492498499689,2.659399601976704,0.9129438524273723,-0.7775267418993158
0.1256251250250049,2.6588440897135164,0.9130847925340019,-0.7777107146991346
0.1266253250650129,2.6582894382288815,0.9132252733894012,-0.7778942474363294
0.1276255251050209,2.6577356471346727,0.9133652952627895,-0.778077339870263
0.1286257251450289,2.657182716035171,0.913504858427467,-0.778259991763087
0.1296259251850369,2.6566306445270595,0.9136439631608122,-0.7784422028797544
0.1306261252250449,2.656079432199422,0.9137826097442836,-0.7786239729880315
0.1316263252650529,2.6555290786337395,0.913920798463415,-0.7788053018585119
0.13262652530506092,2.654979583403886,0.914058529607816,-0.7789861892646294
0.13362672534506892,2.654430946076129,0.9141958034711675,-0.7791666349826685
0.13462692538507692,2.6538831662091247,0.9143326203512223,-0.7793466387917796
0.13562712542508493,2.6533362433539165,0.9144689805498003,-0.7795262004739897
0.13662732546509293,2.652790177053935,0.9146048843727875,-0.779705319814216
0.13762752550510093,2.6522449668449943,0.9147403321301334,-0.7798839966002777
0.13862772554510894,2.651700612255291,0.9148753241358482,-0.7800622306229086
0.13962792558511694,2.6511571128054046,0.9150098607079995,-0.7802400216757689
0.14062812562512494,2.6506144680082953,0.9151439421687096,-0.7804173695554589
0.14162832566513295,2.650072677369303,0.9152775688441538,-0.78059427406153
0.14262852570514095,2.6495317403861485,0.9154107410645542,-0.7807707349964976
0.14362872574514896,2.6489916565489313,0.9155434591641789,-0.780946752165853
0.14462892578515696,2.6484524253401327,0.9156757234813374,-0.7811223253780752
0.14562912582516496,2.6479140462346127,0.9158075343583773,-0.7812974544446444
0.14662932586517297,2.6473765186996125,0.9159388921416799,-0.7814721391800515
0.14762952590518097,2.646839842194755,0.916069797181657,-0.7816463794018121
0.14862972594518897,2.6463040161720457,0.9162002498327468,-0.7818201749304785
0.14962992598519698,2.645769040075873,0.916330250453409,-0.7819935255896501
0.15063012602520498,2.6452349133430118,0.9164597994061202,-0.7821664312059857
0.15163032606521298,2.644701635402624,0.9165888970573715,-0.7823388916092168
0.152630526105221,2.6441692056762593,0.9167175437776616,-0.7825109066321569
0.153630726145229,2.6436376235778596,0.9168457399414927,-0.7826824761107142
0.154630926185237,2.64310688851376,0.9169734859273656,-0.7828535998839043
0.155631126225245,2.642576999882692,0.917100782117776,-0.7830242777938602
0.156631326265253,2.6420479570757855,0.9172276288992065,-0.7831945096858438
0.157631526305261,2.641519759476575,0.9173540266621236,-0.7833642954082571
0.158631726345269,2.640992406460998,0.9174799758009718,-0.7835336348126559
0.159631926385277,2.640465897397403,0.9176054767141666,-0.7837025277537578
0.16063212642528502,2.6399402316465506,0.9177305298040909,-0.7838709740894557
0.16163232646529302,2.6394154085616193,0.917855135477088,-0.7840389736808279
0.16263252650530102,2.6388914274882094,0.9179792941434549,-0.7842065263921497
0.16363272654530903,2.638368287764347,0.9181030062174372,-0.7843736320909039
0.16463292658531703,2.63784598872049,0.9182262721172222,-0.7845402906477924
0.16563312662532503,2.6373245296795322,0.9183490922649328,-0.7847065019367457
0.16663332666533304,2.636803909956808,0.9184714670866209,-0.7848722658349355
0.16763352670534104,2.6362841288600998,0.9185933970122603,-0.7850375822227851
0.16863372674534904,2.6357651856896416,0.9187148824757404,-0.7852024509839783
0.16963392678535705,2.6352470797381264,0.9188359239148594,-0.7853668720054732
0.17063412682536505,2.634729810290714,0.9189565217713151,-0.7855308451775089
0.17163432686537305,2.6342133766250337,0.9190766764907009,-0.7856943703936197
0.17263452690538106,2.6336977780111943,0.9191963885224956,-0.7858574475506419
0.17363472694538906,2.6331830137117893,0.9193156583200568,-0.7860200765487284
0.17463492698539707,2.6326690829819053,0.9194344863406142,-0.7861822572913535
0.17563512702540507,2.6321559850691285,0.9195528730452607,-0.7863439896853288
0.17663532706541307,2.6316437192135536,0.9196708188989435,-0.7865052736408092
0.17763552710542108,2.631132284647789,0.919788324370459,-0.7866661090713052
0.17863572714542908,2.6306216805969695,0.9199053899324411,-0.7868264958936902
0.17963592718543708,2.6301119062787617,0.9200220160613548,-0.7869864340282143
0.1806361272254451,2.629602960903372,0.9201382032374879,-0.7871459233985106
0.1816363272654531,2.629094843673558,0.920253951944941,-0.787304963931606
0.1826365273054611,2.628587553784636,0.9203692626716201,-0.7874635555579319
0.1836367273454691,2.628081090424491,0.9204841359092274,-0.7876216982113328
0.1846369273854771,2.6275754527735855,0.9205985721532502,-0.787779391829075
0.1856371274254851,2.627070640004972,0.9207125719029547,-0.7879366363518578
0.1866373274654931,2.6265666512843,0.9208261356613756,-0.7880934317238208
0.1876375275055011,2.626063485769827,0.9209392639353057,-0.7882497778925556
0.18863772754550912,2.6255611426124315,0.9210519572352872,-0.7884056748091125
0.18963792758551712,2.625059620955622,0.9211642160756015,-0.78856112242801
0.19063812762552512,2.6245589199355455,0.9212760409742611,-0.788716120707246
0.19163832766553313,2.624059038681005,0.9213874324529967,-0.788870669608303
0.19263852770554113,2.6235599763134667,0.9214983910372485,-0.7890247690961603
0.19363872774554913,2.6230617319470713,0.9216089172561571,-0.7891784191393009
0.19463892778555714,2.6225643046886495,0.9217190116425512,-0.78933161970972
0.19563912782556514,2.6220676936377316,0.9218286747329374,-0.7894843707829344
0.19663932786557314,2.6215718978865605,0.9219379070674911,-0.7896366723379903
0.19763952790558115,2.621076916520105,0.9220467091900441,-0.7897885243574718
0.19863972794558915,2.6205827486160738,0.9221550816480742,-0.7899399268275095
0.19963992798559715,2.620089393244927,0.9222630249926942,-0.7900908797377877
0.20064012802560516,2.6195968494698887,0.9223705397786408,-0.7902413830815546
0.20164032806561316,2.6191051163469643,0.9224776265642625,-0.7903914368556256
0.20264052810562116,2.618614192924951,0.9225842859115108,-0.7905410410603981
0.20364072814562917,2.6181240782454553,0.9226905183859243,-0.7906901956998531
0.20464092818563717,2.6176347713429036,0.9227963245566212,-0.790838900781566
0.20564112822564518,2.61714627124456,0.9229017049962842,-0.7909871563167131
0.20664132826565318,2.61665857697054,0.923006660281152,-0.7911349623200804
0.20764152830566118,2.616171687533825,0.923111190991004,-0.7912823188100687
0.2086417283456692,2.6156856019402808,0.9232152977091489,-0.7914292258087035
0.2096419283856772,2.6152003191886686,0.9233189810224146,-0.7915756833416396
0.2106421284256852,2.614715838270664,0.9234222415211332,-0.7917216914381711
0.2116423284656932,2.6142321581708723,0.9235250797991286,-0.7918672501312349
0.2126425285057012,2.613749277866846,0.9236274964537053,-0.7920123594574209
0.2136427285457092,2.6132671963290983,0.9237294920856355,-0.7921570194569764
0.2146429285857172,2.612785912521123,0.9238310672991437,-0.7923012301738144
0.2156431286257252,2.61230542539941,0.9239322227018966,-0.7924449916555187
0.21664332866573321,2.6118257339134634,0.9240329589049886,-0.7925883039533524
0.21764352870574122,2.611346837005818,0.9241332765229289,-0.7927311671222615
0.21864372874574922,2.610868733612058,0.9242331761736267,-0.7928735812208837
0.21964392878575723,2.610391422660835,0.9243326584783798,-0.7930155463115529
0.22064412882576523,2.609914903073885,0.9244317240618596,-0.7931570624603065
0.22164432886577323,2.6094391737660474,0.924530373552098,-0.793298129736891
0.22264452890578124,2.6089642336452847,0.9246286075804723,-0.7934387482147652
0.22364472894578924,2.6084900816127004,0.9247264267816926,-0.7935789179711115
0.22464492898579724,2.608016716562557,0.9248238317937872,-0.7937186390868365
0.22564512902580525,2.6075441373822983,0.9249208232580876,-0.793857911646578
0.22664532906581325,2.607072342952566,0.9250174018192162,-0.7939967357387113
0.22764552910582125,2.606601332147221,0.9251135681250688,-0.7941351114553539
0.22864572914582926,2.6061311038333628,0.9252093228268028,-0.7942730388923703
0.22964592918583726,2.60566165687135,0.9253046665788204,-0.7944105181493769
0.23064612922584526,2.6051929901148227,0.9253996000387552,-0.7945475493297488
0.23164632926585327,2.604725102410718,0.9254941238674573,-0.7946841325406219
0.23264652930586127,2.604257992599296,0.9255882387289772,-0.7948202678929
0.23364672934586928,2.60379165951416,0.9256819452905509,-0.7949559555012574
0.23464692938587728,2.6033261019822747,0.9257752442225856,-0.7950911954841443
0.23564712942588528,2.602861318823991,0.9258681361986428,-0.7952259879637924
0.23664732946589329,2.6023973088530674,0.925960621895425,-0.7953603330662162
0.2376475295059013,2.6019340708766907,0.9260527019927577,-0.7954942309212202
0.2386477295459093,2.6014716036954986,0.9261443771735757,-0.7956276816624012
0.2396479295859173,2.6010099061036027,0.9262356481239054,-0.7957606854271522
0.2406481296259253,2.6005489768886108,0.9263265155328504,-0.7958932423566676
0.2416483296659333,2.6000888148316497,0.9264169800925749,-0.7960253525959448
0.2426485297059413,2.599629418707388,0.9265070424982886,-0.796157016293789
0.2436487297459493,2.5991707872840597,0.9265967034482285,-0.796288233602817
0.24464892978595731,2.5987129193234884,0.9266859636436438,-0.7964190046794594
0.24564912982596532,2.5982558135811096,0.92677482378878,-0.7965493296839642
0.24664932986597332,2.5977994688059955,0.9268632845908609,-0.7966792087804002
0.24764952990598132,2.597343883740879,0.9269513467600742,-0.7968086421366601
0.24864972994598933,2.5968890571221785,0.9270390110095513,-0.7969376299244615
0.24964992998599733,2.596434987680021,0.9271262780553543,-0.7970661723193517
0.25065013002600534,2.5959816741382666,0.927213148616457,-0.7971942695007108
0.25165033006601334,2.595529115214538,0.9272996234147276,-0.7973219216517511
0.25265053010602134,2.595077309620239,0.9273857031749121,-0.7974491289595216
0.25365073014602935,2.594626256060584,0.9274713886246192,-0.7975758916149107
0.25465093018603735,2.5941759532346227,0.9275566804942982,-0.797702209812647
0.25565113022604535,2.5937263998352664,0.9276415795172265,-0.7978280837513009
0.25665133026605336,2.593277594549312,0.9277260864294893,-0.7979535136332879
0.25765153030606136,2.592829536057471,0.9278102019699632,-0.7980784996648694
0.25865173034606936,2.592382223034392,0.9278939268802976,-0.7982030420561544
0.25965193038607737,2.591935654148692,0.9279772619048977,-0.7983271410211009
0.26065213042608537,2.591489828062979,0.9280602077909058,-0.798450796777517
0.2616523304660934,2.5910447434338804,0.9281427652881853,-0.7985740095470625
0.2626525305061014,2.590600398912072,0.9282249351492999,-0.7986967795552503
0.2636527305461094,2.590156793142302,0.9283067181294984,-0.7988191070314459
0.2646529305861174,2.5897139247634207,0.9283881149866937,-0.7989409922088697
0.2656531306261254,2.5892717924084074,0.9284691264814469,-0.7990624353245965
0.2666533306661334,2.588830394704398,0.9285497533769471,-0.7991834366195578
0.2676535307061414,2.588389730272715,0.9286299964389942,-0.7993039963385399
0.2686537307461494,2.5879497977288928,0.9287098564359806,-0.7994241147301858
0.2696539307861574,2.587510595682708,0.9287893341388701,-0.7995437920469944
0.2706541308261654,2.5870721227382085,0.9288684303211827,-0.7996630285453211
0.2716543308661734,2.58663437749374,0.9289471457589737,-0.7997818244853784
0.2726545309061814,2.586197358541977,0.9290254812308155,-0.7999001801312335
0.2736547309461894,2.585761064469951,0.9291034375177781,-0.8000180957508106
0.2746549309861974,2.5853254938590813,0.9291810154034096,-0.8001355716158872
0.2756551310262054,2.5848906452852023,0.9292582156737202,-0.8002526080020965
0.27665533106621343,2.584456517318595,0.9293350391171594,-0.8003692051889251
0.27765553110622143,2.5840231085240153,0.9294114865245986,-0.8004853634597127
0.27865573114622944,2.5835904174607256,0.9294875586893115,-0.8006010831016497
0.27965593118623744,2.583158442682524,0.9295632564069549,-0.8007163644057783
0.28065613122624544,2.582727182737774,0.9296385804755488,-0.8008312076669889
0.28165633126625345,2.582296636169438,0.9297135316954572,-0.8009456131840205
0.28265653130626145,2.581866801515104,0.9297881108693684,-0.8010595812594575
0.28365673134626945,2.5814376773070196,0.9298623188022749,-0.8011731121997295
0.28465693138627746,2.5810092620721212,0.929936156301456,-0.8012862063151086
0.28565713142628546,2.5805815543320674,0.9300096241764542,-0.8013988639197068
0.28665733146629346,2.5801545526032665,0.9300827232390584,-0.8015110853314755
0.28765753150630147,2.579728255396912,0.9301554543032836,-0.8016228708722029
0.28865773154630947,2.579302661219013,0.9302278181853487,-0.8017342208675091
0.2896579315863175,2.578877768570424,0.9302998157036596,-0.801845135646847
0.2906581316263255,2.5784535759468796,0.9303714476787868,-0.8019556155434983
0.2916583316663335,2.578030081839026,0.9304427149334467,-0.8020656608945702
0.2926585317063415,2.577607284732452,0.9305136182924805,-0.802175272040993
0.2936587317463495,2.577185183107723,0.9305841585828339,-0.8022844493275169
0.2946589317863575,2.576763775440413,0.9306543366335371,-0.8023931931027087
0.2956591318263655,2.576343060201137,0.9307241532756857,-0.8025015037189485
0.2966593318663735,2.5759230358555847,0.9307936093424172,-0.8026093815324264
0.2976595319063815,2.5755037008645525,0.9308627056688934,-0.8027168269031396
0.2986597319463895,2.5750850536839778,0.9309314430922777,-0.8028238401948862
0.2996599319863975,2.5746670927649715,0.9309998224517171,-0.8029304217752641
0.30066013202640507,2.574249816553852,0.9310678445883187,-0.8030365720156649
0.3016603320664131,2.5738332234921777,0.9311355103451319,-0.8031422912912723
0.3026605321064211,2.573417312016783,0.9312028205671244,-0.8032475799810543
0.3036607321464291,2.5730020805598097,0.9312697761011645,-0.8033524384677622
0.3046609321864371,2.5725875275487424,0.9313363777959979,-0.8034568671379232
0.3056611322264451,2.572173651406443,0.9314026265022283,-0.8035608663818378
0.3066613322664531,2.571760450551183,0.9314685230722961,-0.8036644365935733
0.3076615323064611,2.57134792339668,0.931534068360458,-0.803767578170961
0.3086617323464691,2.5709360683521316,0.9315992632227642,-0.8038702915155879
0.3096619323864771,2.5705248838222503,0.9316641085170392,-0.8039725770327955
0.3106621324264851,2.5701143682072973,0.9317286051028597,-0.8040744351316697
0.3116623324664931,2.569704519903118,0.9317927538415345,-0.8041758662250393
0.3126625325065011,2.5692953373011775,0.9318565555960822,-0.8042768707294692
0.3136627325465091,2.5688868187885956,0.93192001123121,-0.804377449065252
0.3146629325865171,2.56847896274818,0.9319831216132941,-0.8044776016564072
0.3156631326265251,2.5680717675584663,0.9320458876103566,-0.8045773289306707
0.3166633326665331,2.5676652315937494,0.9321083100920445,-0.8046766313194891
0.31766353270654113,2.56725935322412,0.9321703899296098,-0.8047755092580161
0.31866373274654913,2.5668541308155017,0.9322321279958865,-0.804873963185103
0.31966393278655714,2.566449562729684,0.9322935251652705,-0.8049719935432942
0.32066413282656514,2.5660456473243634,0.932354582313696,-0.8050696007788191
0.32166433286657314,2.565642382953173,0.9324153003186173,-0.8051667853415859
0.32266453290658115,2.5652397679657244,0.9324756800589843,-0.8052635476851739
0.32366473294658915,2.56483780070764,0.9325357224152226,-0.8053598882668273
0.32466493298659715,2.564436479520591,0.9325954282692126,-0.8054558075474476
0.32566513302660516,2.5640358027423336,0.9326547985042658,-0.8055513059915852
0.32666533306661316,2.563635768706747,0.9327138340051049,-0.8056463840674337
0.32766553310662117,2.5632363757438656,0.9327725356578423,-0.8057410422468204
0.32866573314662917,2.562837622179923,0.9328309043499576,-0.805835281005199
0.3296659331866372,2.562439506337383,0.932888940970275,-0.8059291008216422
0.3306661332266452,2.562042026534977,0.9329466464089456,-0.8060225021788339
0.3316663332666532,2.561645181087744,0.9330040215574205,-0.8061154855630592
0.3326665333066612,2.5612489683070647,0.933061067308434,-0.8062080514641973
0.3336667333466692,2.5608533865007006,0.9331177845559775,-0.8063002003757126
0.3346669333866772,2.5604584339728316,0.9331741741952819,-0.8063919327946476
0.3356671334266852,2.5600641090240916,0.9332302371227923,-0.8064832492216112
0.3366673334666932,2.5596704099516074,0.9332859742361488,-0.8065741501607726
0.3376675335067012,2.559277335049035,0.9333413864341634,-0.8066646361198503
0.3386677335467092,2.5588848826065984,0.9333964746167995,-0.8067547076101045
0.3396679335867172,2.558493050911127,0.9334512396851479,-0.8068443651463258
0.3406681336267252,2.558101838246094,0.9335056825414073,-0.806933609246828
0.3416683336667332,2.557711242891651,0.9335598040888616,-0.8070224404334368
0.3426685337067412,2.5573212631246705,0.9336136052318581,-0.8071108592314815
0.3436687337467492,2.5569318972187802,0.9336670868757859,-0.8071988661697846
0.3446689337867572,2.5565431434444044,0.9337202499270533,-0.8072864617806509
0.34566913382676523,2.5561550000687987,0.933773095293068,-0.807373646599859
0.34666933386677323,2.555767465356091,0.9338256238822127,-0.8074604211666496
0.34766953390678124,2.555380537567317,0.9338778366038256,-0.8075467860237168
0.34866973394678924,2.5549942149604608,0.9339297343681772,-0.8076327417171963
0.34966993398679724,2.554608495790492,0.9339813180864485,-0.8077182887966555
0.35067013402680525,2.554223378309407,0.9340325886707107,-0.807803427815082
0.35167033406681325,2.5538388607662608,0.9340835470339017,-0.8078881593288738
0.35267053410682125,2.553454941407213,0.9341341940898055,-0.8079724838978276
0.35367073414682926,2.553071618475562,0.9341845307530284,-0.8080564020851273
0.35467093418683726,2.552688890211784,0.934234557938981,-0.8081399144573349
0.35567113422684526,2.552306754853574,0.9342842765638523,-0.8082230215843759
0.35667133426685327,2.5519252106358814,0.9343336875445912,-0.8083057240395303
0.35767153430686127,2.5515442557909513,0.9343827917988826,-0.8083880223994205
0.3586717343468693,2.551163888548362,0.934431590245127,-0.8084699172439987
0.3596719343868773,2.5507841071350628,0.9344800838024182,-0.8085514091565362
0.3606721344268853,2.5504049097754162,0.9345282733905215,-0.8086324987236094
0.3616723344668933,2.5500262946912344,0.9345761599298521,-0.8087131865350907
0.3626725345069013,2.5496482601018173,0.9346237443414546,-0.8087934731841345
0.3636727345469093,2.5492708042239935,0.934671027546979,-0.8088733592671639
0.3646729345869173,2.548893925272159,0.9347180104686607,-0.8089528453838604
0.3656731346269253,2.5485176214583154,0.9347646940292994,-0.8090319321371497
0.3666733346669333,2.54814189099211,0.9348110791522354,-0.8091106201331904
0.3676735347069413,2.547766732080874,0.9348571667613307,-0.8091889099813596
0.3686737347469493,2.5473921429296618,0.9349029577809449,-0.8092668022942414
0.3696739347869573,2.547018121741291,0.934948453135915,-0.8093442976876118
0.3706741348269653,2.5466446667163796,0.9349936537515345,-0.8094213967804278
0.3716743348669733,2.5462717760533877,0.9350385605535304,-0.8094981001948133
0.3726745349069813,2.545899447948655,0.9350831744680429,-0.8095744085560445
0.37367473494698933,2.5455276805964404,0.9351274964216034,-0.8096503224925391
0.37467493498699733,2.545156472188962,0.9351715273411126,-0.8097258426358387
0.37567513502700534,2.5447858209164345,0.9352152681538216,-0.8098009696205992
0.37667533506701334,2.54441572496711,0.9352587197873071,-0.8098757040845733
0.37767553510702134,2.5440461825273175,0.9353018831694524,-0.8099500466685993
0.37867573514702935,2.5436771917815,0.9353447592284261,-0.8100239980165852
0.37967593518703735,2.543308750912258,0.9353873488926593,-0.8100975587754959
0.38067613522704535,2.542940858100383,0.9354296530908253,-0.810170729595337
0.38167633526705336,2.5425735115249024,0.9354716727518186,-0.810243511129142
0.38267653530706136,2.542206709363114,0.9355134088047352,-0.8103159040329573
0.38367673534706936,2.5418404497906297,0.9355548621788475,-0.810387908965827
0.38467693538707737,2.5414747309814105,0.9355960338035874,-0.8104595265897793
0.38567713542708537,2.5411095511078092,0.9356369246085222,-0.8105307575698092
0.3866773354670934,2.540744908340608,0.9356775355233363,-0.8106016025738672
0.3876775355071014,2.5403808008490576,0.9357178674778084,-0.8106720622728407
0.3886777355471094,2.540017226800918,0.9357579214017906,-0.8107421373405409
0.3896779355871174,2.539654184362495,0.9357976982251889,-0.8108118284536858
0.3906781356271254,2.539291671698682,0.9358371988779403,-0.8108811362918866
0.3916783356671334,2.5389296869729985,0.935876424289995,-0.8109500615376317
0.3926785357071414,2.538568228347627,0.935915375391293,-0.8110186048762702
0.3936787357471494,2.538207293983457,0.9359540531117435,-0.8110867669959964
0.3946789357871574,2.537846882040119,0.9359924583812066,-0.8111545485878342
0.3956791358271654,2.5374869906760273,0.9360305921294706,-0.8112219503456223
0.3966793358671734,2.537127618048416,0.9360684552862317,-0.8112889729659957
0.3976795359071814,2.5367687623133808,0.9361060487810744,-0.8113556171483726
0.3986797359471894,2.5364104216259165,0.9361433735434502,-0.8114218835949342
0.3996799359871974,2.536052594139957,0.9361804305026578,-0.8114877730106129
0.4006801360272054,2.535695278008413,0.9362172205878225,-0.8115532861030722
0.40168033606721343,2.535338471383212,0.9362537447278764,-0.8116184235826918
0.40268053610722143,2.5349821724153365,0.9362900038515368,-0.8116831861625511
0.40368073614722944,2.5346263792548633,0.9363259988872873,-0.8117475745584125
0.40468093618723744,2.534271090051002,0.9363617307633574,-0.8118115894887036
0.40568113622724544,2.5339163029521345,0.9363972004077024,-0.8118752316745012
0.40668133626725345,2.533562016105852,0.9364324087479831,-0.8119385018395141
0.40768153630726145,2.5332082276589962,0.9364673567115468,-0.8120014007100661
0.40868173634726945,2.532854935757696,0.9365020452254056,-0.8120639290150772
0.40968193638727746,2.5325021385474065,0.9365364752162187,-0.8121260874860503
0.41068213642728546,2.5321498341729476,0.9365706476102714,-0.8121878768570492
0.41168233646729346,2.531798020778544,0.9366045633334552,-0.812249297864684
0.41268253650730147,2.5314466965078606,0.9366382233112491,-0.8123103512480928
0.41368273654730947,2.5310958595040436,0.9366716284686988,-0.812371037748924
0.4146829365873175,2.530745507909758,0.9367047797303985,-0.8124313581113193
0.4156831366273255,2.530395639867225,0.9367376780204706,-0.8124913130818939
0.4166833366673335,2.530046253518261,0.9367703242625459,-0.812550903409721
0.4176835367073415,2.5296973470043165,0.9368027193797465,-0.812610129846313
0.4186837367473495,2.529348918466513,0.9368348642946636,-0.8126689931456023
0.4196839367873575,2.5290009660456816,0.93686675992934,-0.8127274940639247
0.4206841368273655,2.5286534878823996,0.9368984072052505,-0.8127856333600015
0.4216843368673735,2.528306482117032,0.9369298070432839,-0.8128434117949184
0.4226845369073815,2.527959946889765,0.9369609603637221,-0.812900830132111
0.4236847369473895,2.5276138803406463,0.9369918680862219,-0.8129578891373426
0.4246849369873975,2.527268280609622,0.9370225311297986,-0.8130145895786892
0.4256851370274055,2.5269231458365757,0.9370529504128025,-0.8130709322265193
0.4266853370674135,2.5265784741613633,0.937083126852905,-0.8131269178534727
0.4276855371074215,2.526234263723853,0.937113061367076,-0.8131825472344459
0.4286857371474295,2.525890512663961,0.937142754871568,-0.8132378211465722
0.4296859371874375,2.5255472191216897,0.9371722082818965,-0.813292740369201
0.43068613722744553,2.525204381237164,0.9372014225128235,-0.8133473056838804
0.43168633726745353,2.5248619971506714,0.937230398478335,-0.8134015178743379
0.43268653730746154,2.5245200650026955,0.9372591370916272,-0.8134553777264607
0.43368673734746954,2.524178582933953,0.9372876392650857,-0.8135088860282772
0.43468693738747755,2.5238375490854343,0.9373159059102686,-0.8135620435699377
0.43568713742748555,2.5234969615984366,0.9373439379378874,-0.8136148511436953
0.43668733746749355,2.523156818614602,0.9373717362577908,-0.8136673095438847
0.43768753750750156,2.5228171182759547,0.9373993017789448,-0.8137194195669061
0.43868773754750956,2.522477858724937,0.937426635409417,-0.8137711820112028
0.43968793758751756,2.5221390381044446,0.9374537380563565,-0.8138225976772419
0.44068813762752557,2.521800654557865,0.937480610625979,-0.8138736673674972
0.44168833766753357,2.521462706229113,0.9375072540235474,-0.813924391886426
0.4426885377075416,2.521125191262666,0.9375336691533548,-0.8139747720404528
0.4436887377475496,2.5207881078036007,0.9375598569187081,-0.8140248086379465
0.4446889377875576,2.5204514539976297,0.9375858182219089,-0.8140745024892023
0.4456891378275656,2.5201152279911354,0.937611553964238,-0.8141238544064222
0.4466893378675736,2.519779427931209,0.9376370650459365,-0.8141728652036921
0.4476895379075816,2.5194440519656824,0.9376623523661919,-0.814221535696966
0.4486897379475896,2.5191090982431663,0.9376874168231172,-0.8142698667040418
0.4496899379875976,2.518774564913085,0.9377122593137376,-0.8143178590445448
0.4506901380276056,2.518440450125711,0.9377368807339713,-0.8143655135399048
0.4516903380676136,2.518106752032201,0.9377612819786142,-0.8144128310133376
0.4526905381076216,2.5177734687846316,0.9377854639413231,-0.8144598122898236
0.4536907381476296,2.517440598536032,0.9378094275145984,-0.8145064581960877
0.4546909381876376,2.5171081394404218,0.9378331735897687,-0.8145527695605793
0.4556911382276456,2.5167760896528426,0.9378567030569741,-0.8145987472134522
0.4566913382676536,2.5164444473293957,0.9378800168051505,-0.8146443919865425
0.4576915383076616,2.5161132106272746,0.9379031157220125,-0.814689704713351
0.45869173834766963,2.5157823777048,0.9379260006940372,-0.8147346862290186
0.45969193838767763,2.5154519467214542,0.937948672606451,-0.8147793373703099
0.46069213842768564,2.5151219158379154,0.9379711323432101,-0.8148236589755894
0.46169233846769364,2.5147922832160914,0.9379933807869866,-0.8148676518848026
0.46269253850770165,2.5144630470191527,0.9380154188191534,-0.814911316939455
0.46369273854770965,2.5141342054115685,0.9380372473197668,-0.8149546549825905
0.46469293858771765,2.5138057565591376,0.9380588671675536,-0.8149976668587711
0.46569313862772566,2.513477698629025,0.938080279239893,-0.8150403534140566
0.46669333866773366,2.513150029789792,0.9381014844128029,-0.8150827154959827
0.46769353870774166,2.512822748211431,0.9381224835609251,-0.8151247539535419
0.46869373874774967,2.512495852065401,0.9381432775575085,-0.8151664696371602
0.46969393878775767,2.512169339524655,0.9381638672743963,-0.8152078633986779
0.4706941388277657,2.5118432087636786,0.9381842535820089,-0.8152489360913281
0.4716943388677737,2.5115174579585196,0.9382044373493309,-0.8152896885697151
0.4726945389077817,2.5111920852868206,0.9382244194438966,-0.8153301216897941
0.4736947389477897,2.5108670889278533,0.9382442007317728,-0.8153702363088501
0.4746949389877977,2.510542467062549,0.938263782077547,-0.8154100332854763
0.4756951390278057,2.5102182178735313,0.9382831643443122,-0.8154495134795535
0.4766953390678137,2.509894339545148,0.9383023483936522,-0.8154886777522288
0.4776955391078217,2.509570830263504,0.9383213350856281,-0.815527526965894
0.4786957391478297,2.509247688216491,0.9383401252787636,-0.8155660619841651
0.4796959391878377,2.508924911593822,0.9383587198300312,-0.8156042836718609
0.4806961392278457,2.5086024985870603,0.9383771195948385,-0.8156421928949816
0.4816963392678537,2.5082804473896516,0.9383953254270142,-0.815679790520687
0.4826965393078617,2.507958756196955,0.9384133381787946,-0.8157170774172758
0.4836967393478697,2.507637423206275,0.9384311587008103,-0.8157540544541654
0.4846969393878777,2.50731644661689,0.9384487878420716,-0.8157907225018689
0.4856971394278857,2.506995824630087,0.9384662264499567,-0.8158270824319739
0.48669733946789373,2.506675555449188,0.9384834753701969,-0.8158631351171227
0.48769753950790173,2.5063556372795825,0.9385005354468646,-0.8158988814309891
0.48869773954790974,2.5060360683287577,0.9385174075223598,-0.8159343222482587
0.48969793958791774,2.505716846806328,0.9385340924373967,-0.8159694584446056
0.49069813962792574,2.505397970924065,0.9385505910309923,-0.8160042908966737
0.49169833966793375,2.5050794388959288,0.9385669041404516,-0.8160388204820526
0.49269853970794175,2.5047612489380953,0.9385830326013564,-0.8160730480792581
0.49369873974794976,2.504443399268987,0.9385989772475529,-0.81610697456771
0.49469893978795776,2.504125888109303,0.9386147389111372,-0.8161406008277104
0.49569913982796576,2.5038087136820457,0.9386303184224466,-0.816173927740424
0.49669933986797377,2.503491874212553,0.9386457166100433,-0.8162069561878533
0.49769953990798177,2.503175367928524,0.9386609343007056,-0.8162396870528222
0.4986997399479898,2.5028591930600497,0.9386759723194142,-0.8162721212189492
0.4996999399879978,2.5025433478396413,0.9386908314893401,-0.8163042595706297
0.5007001400280058,2.502227830502259,0.9387055126318345,-0.8163361029930136
0.5017003400680138,2.501912639285338,0.9387200165664149,-0.8163676523719842
0.5027005401080218,2.501597772428818,0.9387343441107551,-0.8163989085941352
0.5037007401480298,2.501283228175172,0.9387484960806727,-0.8164298725467523
0.5047009401880378,2.5009690047694324,0.9387624732901191,-0.8164605451177871
0.5057011402280458,2.5006551004592192,0.9387762765511661,-0.8164909271958415
0.5067013402680538,2.5003415134947673,0.9387899066739971,-0.8165210196701427
0.5077015403080618,2.500028242128953,0.9388033644668946,-0.816550823430522
0.5087017403480698,2.4997152846173223,0.93881665073623,-0.8165803393673955
0.5097019403880778,2.4994026392181175,0.9388297662864514,-0.81660956837174
0.5107021404280858,2.499090304192303,0.9388427119200745,-0.8166385113350734
0.5117023404680938,2.4987782778035923,0.938855488437671,-0.816667169149433
0.5127025405081018,2.4984665583184738,0.9388680966378593,-0.8166955427073549
0.5137027405481098,2.4981551440062377,0.938880537317292,-0.8167236329018519
0.5147029405881178,2.4978440331390024,0.9388928112706476,-0.816751440626392
0.5157031406281258,2.4975332239917383,0.938904919290619,-0.8167789667748782
0.5167033406681338,2.4972227148422954,0.9389168621679047,-0.8168062122416269
0.5177035407081418,2.4969125039714286,0.938928640691198,-0.8168331779213452
0.5187037407481498,2.496602589662822,0.9389402556471764,-0.8168598647091122
0.5197039407881578,2.496292970203114,0.9389517078204929,-0.8168862735003565
0.5207041408281659,2.4959836438819227,0.9389629979937669,-0.8169124051908346
0.5217043408681739,2.4956746089918713,0.9389741269475734,-0.8169382606766118
0.5227045409081819,2.4953658638286123,0.9389850954604338,-0.8169638408540378
0.5237047409481899,2.49505740669085,0.9389959043088079,-0.8169891466197288
0.5247049409881979,2.494749235880368,0.9390065542670818,-0.8170141788705447
0.5257051410282059,2.4944413497020492,0.9390170461075628,-0.8170389385035693
0.5267053410682139,2.494133746463904,0.9390273806004669,-0.8170634264160885
0.5277055411082219,2.493826424477092,0.9390375585139112,-0.8170876435055685
0.5287057411482294,2.493519382055944,0.9390475806139061,-0.8171115906696373
0.5297059411882374,2.4932126175179867,0.9390574476643447,-0.8171352688060609
0.5307061412282454,2.4929061291839663,0.9390671604269965,-0.8171586788127254
0.5317063412682534,2.4925999153778715,0.9390767196614963,-0.8171818215876141
0.5327065413082614,2.4922939744269543,0.9390861261253389,-0.8172046980287873
0.5337067413482695,2.491988304661756,0.9390953805738679,-0.8172273090343611
0.5347069413882775,2.4916829044161246,0.9391044837602693,-0.8172496555024883
0.5357071414282855,2.4913777720272416,0.9391134364355637,-0.8172717383313356
0.5367073414682935,2.491072905835642,0.9391222393485968,-0.8172935584190637
0.5377075415083015,2.4907683041852366,0.939130893246034,-0.8173151166638086
0.5387077415483095,2.4904639654233334,0.93913939887235,-0.8173364139636584
0.5397079415883175,2.490159887900658,0.9391477569698231,-0.8173574512166336
0.5407081416283255,2.489856069971378,0.939155968278528,-0.8173782293206672
0.5417083416683335,2.4895525099931195,0.9391640335363262,-0.8173987491735832
0.5427085417083415,2.4892492063269924,0.9391719534788607,-0.8174190116730783
0.5437087417483495,2.488946157337609,0.9391797288395485,-0.8174390177166986
0.5447089417883575,2.488643361393103,0.9391873603495733,-0.8174587682018215
0.5457091418283655,2.4883408168651546,0.9391948487378786,-0.8174782640256356
0.5467093418683735,2.488038522129004,0.939202194731162,-0.8174975060851188
0.5477095419083815,2.4877364755634774,0.939209399053865,-0.8175164952770192
0.5487097419483895,2.4874346755510035,0.9392164624281709,-0.8175352324978352
0.5497099419883975,2.4871331204776337,0.9392233855739955,-0.8175537186437952
0.5507101420284055,2.4868318087330623,0.939230169208981,-0.8175719546108369
0.5517103420684135,2.4865307387106435,0.9392368140484905,-0.8175899412945886
0.5527105421084215,2.486229908807413,0.9392433208056015,-0.8176076795903482
0.5537107421484295,2.4859293174241053,0.9392496901911002,-0.8176251703930643
0.5547109421884375,2.485628962965173,0.9392559229134735,-0.8176424145973155
0.5557111422284455,2.485328843838805,0.9392620196789063,-0.817659413097292
0.5567113422684535,2.4850289584569434,0.9392679811912739,-0.8176761667867745
0.5577115423084615,2.484729305235304,0.9392738081521353,-0.8176926765591147
0.5587117423484695,2.4844298825933926,0.9392795012607307,-0.817708943307217
0.5597119423884775,2.4841306889545236,0.9392850612139737,-0.8177249679235179
0.5607121424284855,2.483831722745836,0.9392904887064463,-0.8177407512999667
0.5617123424684936,2.483532982398312,0.9392957844303936,-0.8177562943280067
0.5627125425085016,2.4832344663467922,0.9393009490757201,-0.8177715978985551
0.5637127425485096,2.482936173029997,0.9393059833299829,-0.8177866629019847
0.5647129425885176,2.482638100890538,0.9393108878783877,-0.817801490228103
0.5657131426285256,2.4823402483749364,0.9393156634037829,-0.8178160807661349
0.5667133426685336,2.4820426139336407,0.9393203105866577,-0.8178304354047039
0.5677135427085416,2.4817451960210413,0.939324830105134,-0.8178445550318102
0.5687137427485496,2.4814479930954874,0.9393292226349633,-0.8178584405348154
0.5697139427885576,2.4811510036193014,0.9393334888495236,-0.8178720928004213
0.5707141428285656,2.4808542260587965,0.9393376294198129,-0.8178855127146516
0.5717143428685736,2.480557658884289,0.9393416450144477,-0.8178987011628345
0.5727145429085816,2.4802613005701177,0.9393455362996549,-0.8179116590295814
0.5737147429485896,2.479965149594654,0.939349303939272,-0.8179243871987706
0.5747149429885976,2.479669204440321,0.9393529485947407,-0.8179368865535284
0.5757151430286056,2.479373463593606,0.9393564709251039,-0.817949157976209
0.5767153430686136,2.479077925545074,0.939359871587002,-0.8179612023483798
0.5777155431086216,2.4787825887893846,0.9393631512346693,-0.8179730205507981
0.5787157431486296,2.478487451825304,0.9393663105199304,-0.8179846134633972
0.5797159431886376,2.478192513155719,0.9393693500921968,-0.817995981965266
0.5807161432286456,2.4778977712876515,0.9393722705984637,-0.8180071269346315
0.5817163432686536,2.47760322473227,0.9393750726833073,-0.8180180492488407
0.5827165433086616,2.4773088720049055,0.9393777569888809,-0.8180287497843434
0.5837167433486696,2.4770147116250634,0.939380324154911,-0.818039229416673
0.5847169433886776,2.4767207421164352,0.9393827748186984,-0.8180494890204303
0.5857171434286856,2.4764269620069137,0.9393851096151096,-0.8180595294692643
0.5867173434686936,2.4761333698286028,0.9393873291765803,-0.8180693516358563
0.5877175435087016,2.475839964117832,0.9393894341331076,-0.8180789563919006
0.5887177435487096,2.475546743415167,0.9393914251122499,-0.8180883446080883
0.5897179435887177,2.475253706265422,0.9393933027391245,-0.8180975171540888
0.5907181436287257,2.4749608512176717,0.9393950676364053,-0.8181064748985345
0.5917183436687337,2.474668176825263,0.9393967204243203,-0.8181152187090012
0.5927185437087417,2.4743756816458267,0.9393982617206488,-0.818123749451993
0.5937187437487497,2.474083364241286,0.9393996921407209,-0.8181320679929251
0.5947189437887577,2.4737912231778716,0.9394010122974142,-0.8181401751961036
0.5957191438287657,2.4734992570261296,0.9394022228011533,-0.818148071924714
0.5967193438687737,2.4732074643609323,0.9394033242599058,-0.8181557590408004
0.5977195439087817,2.4729158437614904,0.9394043172791842,-0.8181632374052503
0.5987197439487897,2.472624393811361,0.9394052024620408,-0.818170507877778
0.5997199439887977,2.472333113098459,0.9394059804090694,-0.8181775713169078
0.6007201440288057,2.4720420002150667,0.9394066517184003,-0.8181844285799578
0.6017203440688137,2.471751053757843,0.9394072169857033,-0.818191080523024
0.6027205441088217,2.4714602723278336,0.9394076768041827,-0.8181975280009627
0.6037207441488297,2.4711696545304807,0.9394080317645784,-0.8182037718673751
0.6047209441888377,2.4708791989756285,0.9394082824551653,-0.8182098129745928
0.6057211442288457,2.4705889042775384,0.93940842946175,-0.8182156521736582
0.6067213442688537,2.4702987690548914,0.9394084733676727,-0.8182212903143136
0.6077215443088617,2.4700087919308014,0.9394084147538044,-0.8182267282449799
0.6087217443488697,2.4697189715328207,0.9394082541985479,-0.818231966812746
0.6097219443888777,2.4694293064929487,0.9394079922778364,-0.8182370068633492
0.6107221444288857,2.4691397954476417,0.9394076295651334,-0.818241849241162
0.6117223444688937,2.468850437037818,0.9394071666314314,-0.8182464947891758
0.6127225445089017,2.4685612299088677,0.9394066040452528,-0.8182509443489868
0.6137227445489097,2.468272172710658,0.9394059423726497,-0.8182551987607792
0.6147229445889177,2.4679832640975436,0.9394051821772031,-0.8182592588633105
0.6157231446289257,2.4676945027283708,0.9394043240200234,-0.8182631254938975
0.6167233446689337,2.467405887266485,0.9394033684597504,-0.8182667994883996
0.6177235447089418,2.4671174163797396,0.9394023160525526,-0.8182702816812062
0.6187237447489498,2.4668290887404987,0.9394011673521291,-0.8182735729052195
0.6197239447889578,2.4665409030256473,0.939399922909709,-0.8182766739918425
0.6207241448289658,2.466252857916595,0.9393985832740517,-0.8182795857709615
0.6217243448689738,2.465964952099283,0.9393971489914478,-0.8182823090709345
0.6227245449089818,2.4656771842641896,0.9393956206057189,-0.8182848447185758
0.6237247449489898,2.4653895531063355,0.9393939986582198,-0.8182871935391399
0.6247249449889978,2.465102057325291,0.9393922836878383,-0.8182893563563113
0.6257251450290058,2.4648146956251784,0.9393904762309955,-0.8182913339921869
0.6267253450690138,2.46452746671468,0.9393885768216478,-0.8182931272672636
0.6277255451090218,2.4642403693070416,0.939386585991287,-0.8182947370004242
0.6287257451490298,2.463953402120076,0.9393845042689424,-0.8182961640089244
0.6297259451890378,2.463666563876171,0.9393823321811806,-0.8182974091083776
0.6307261452290458,2.4633798533022904,0.9393800702521086,-0.8182984731127431
0.6317263452690538,2.46309326912998,0.9393777190033735,-0.818299356834311
0.6327265453090618,2.462806810095371,0.9393752789541654,-0.8183000610836912
0.6337267453490698,2.462520474939184,0.9393727506212156,-0.8183005866697978
0.6347269453890778,2.4622342624067337,0.9393701345188037,-0.8183009343998372
0.6357271454290858,2.4619481712479314,0.9393674311587537,-0.8183011050792939
0.6367273454690938,2.461662200217289,0.9393646410504387,-0.8183010995119202
0.6377275455091018,2.4613763480739204,0.9393617647007826,-0.818300918499721
0.6387277455491098,2.4610906135815473,0.9393588026142611,-0.8183005628429416
0.6397279455891178,2.4608049955085005,0.9393557552929045,-0.818300033340056
0.6407281456291258,2.460519492627722,0.9393526232362989,-0.8182993307877531
0.6417283456691338,2.460234103716769,0.9393494069415885,-0.8182984559809252
0.6427285457091418,2.4599488275578163,0.9393461069034785,-0.8182974097126561
0.6437287457491498,2.459663662937656,0.939342723614236,-0.8182961927742084
0.6447289457891578,2.459378608647703,0.9393392575636937,-0.8182948059550105
0.6457291458291659,2.4590936634839946,0.939335709239252,-0.818293250042647
0.6467293458691739,2.458808826247193,0.9393320791258798,-0.818291525822844
0.6477295459091819,2.4585240957425865,0.9393283677061198,-0.8182896340794603
0.6487297459491899,2.4582394707800903,0.9393245754600895,-0.818287575594473
0.6497299459891979,2.45795495017425,0.9393207028654841,-0.8182853511479685
0.6507301460292059,2.457670532744239,0.9393167503975786,-0.8182829615181293
0.6517303460692139,2.4573862173138643,0.9393127185292315,-0.8182804074812229
0.6527305461092219,2.4571020027115615,0.9393086077308882,-0.8182776898115927
0.6537307461492299,2.4568178877704008,0.9393044184705823,-0.8182748092816425
0.6547309461892379,2.456533871328083,0.9393001512139406,-0.8182717666618315
0.6557311462292459,2.4562499522269423,0.9392958064241839,-0.8182685627206574
0.6567313462692539,2.455966129313946,0.9392913845621322,-0.8182651982246495
0.6577315463092619,2.4556824014406935,0.9392868860862069,-0.818261673938357
0.6587317463492699,2.4553987674634175,0.9392823114524346,-0.8182579906243392
0.6597319463892779,2.4551152262429823,0.9392776611144501,-0.8182541490431536
0.6607321464292859,2.4548317766448853,0.939272935523499,-0.8182501499533467
0.6617323464692939,2.454548417539252,0.9392681351284443,-0.8182459941114428
0.6627325465093019,2.454265147800841,0.9392632603757657,-0.8182416822719348
0.6637327465493099,2.4539819663090374,0.9392583117095662,-0.8182372151872749
0.6647329465893179,2.4536988719478567,0.9392532895715748,-0.8182325936078618
0.6657331466293259,2.4534158636059398,0.9392481944011501,-0.818227818282035
0.6667333466693339,2.4531329401765536,0.9392430266352849,-0.8182228899560616
0.6677335467093419,2.4528501005575873,0.939237786708609,-0.8182178093741295
0.6687337467493499,2.4525673436515536,0.9392324750533931,-0.8182125772783352
0.6697339467893579,2.4522846683655843,0.9392270920995547,-0.818207194408677
0.6707341468293659,2.452002073611429,0.9392216382746598,-0.8182016615030445
0.6717343468693739,2.451719558305455,0.9392161140039277,-0.8181959792972094
0.672734546909382,2.4514371213686403,0.9392105197102367,-0.8181901485248176
0.67373474694939,2.451154761726576,0.9392048558141257,-0.8181841699173801
0.674734946989398,2.450872478309461,0.939199122733801,-0.8181780442042613
0.675735147029406,2.4505902700521003,0.9391933208851384,-0.8181717721126757
0.676735347069414,2.4503081358939016,0.9391874506816895,-0.8181653543676738
0.677735547109422,2.450026074778872,0.9391815125346851,-0.818158791692138
0.67873574714943,2.449744085655614,0.93917550685304,-0.8181520848067725
0.679735947189438,2.4494621674773254,0.9391694340433573,-0.8181452344300941
0.680736147229446,2.4491803192017922,0.9391632945099336,-0.8181382412784269
0.681736347269454,2.4488985397913883,0.9391570886547631,-0.8181311060658905
0.682736547309462,2.4486168282130687,0.9391508168775425,-0.8181238295043952
0.68373674734947,2.4483351834383678,0.939144479575676,-0.8181164123036336
0.684736947389478,2.4480536044433925,0.9391380771442799,-0.8181088551710723
0.685737147429486,2.447772090208823,0.9391316099761869,-0.8181011588119439
0.686737347469494,2.447490639719904,0.9391250784619531,-0.8180933239292416
0.687737547509502,2.4472092519664423,0.9391184829898604,-0.8180853512237096
0.68873774754951,2.4469279259428016,0.9391118239459229,-0.8180772413938366
0.689737947589518,2.446646660647899,0.9391051017138919,-0.81806899513585
0.690738147629526,2.446365455085198,0.9390983166752613,-0.8180606131437075
0.691738347669534,2.4460843082627064,0.9390914692092719,-0.8180520961090902
0.692738547709542,2.4458032191929684,0.9390845596929177,-0.8180434447213963
0.69373874774955,2.445522186893062,0.9390775885009494,-0.8180346596677347
0.694738947789558,2.445241210384591,0.9390705560058821,-0.8180257416329174
0.695739147829566,2.444960288693682,0.9390634625779993,-0.8180166912994544
0.696739347869574,2.444679420850977,0.9390563085853587,-0.8180075093475468
0.697739547909582,2.4443986058916303,0.9390490943937965,-0.8179981964550803
0.69873974794959,2.4441178428552988,0.9390418203669355,-0.8179887532976194
0.699739947989598,2.4438371307861395,0.9390344868661876,-0.8179791805484002
0.700740148029606,2.4435564687328015,0.9390270942507621,-0.8179694788783275
0.701740348069614,2.443275855748421,0.9390196428776691,-0.8179596489559661
0.702740548109622,2.4429952908906136,0.9390121331017275,-0.8179496914475358
0.7037407481496301,2.44271477322147,0.9390045652755674,-0.8179396070169066
0.7047409481896381,2.4424343018075465,0.9389969397496404,-0.8179293963255937
0.7057411482296461,2.4421538757198618,0.9389892568722206,-0.8179190600327493
0.7067413482696541,2.441873494033887,0.9389815169894141,-0.8179085987951612
0.7077415483096621,2.441593155829541,0.9389737204451638,-0.8178980132672448
0.7087417483496701,2.441312860191183,0.9389658675812541,-0.8178873041010394
0.7097419483896781,2.441032606207605,0.9389579587373181,-0.8178764719462035
0.7107421484296861,2.440752392972023,0.9389499942508442,-0.8178655174500086
0.7117423484696941,2.440472219582074,0.9389419744571804,-0.8178544412573361
0.7127425485097021,2.4401920851398042,0.9389338996895419,-0.8178432440106713
0.7137427485497101,2.4399119887516627,0.9389257702790158,-0.8178319263501003
0.7147429485897181,2.4396319295284954,0.9389175865545698,-0.8178204889133045
0.7157431486297261,2.439351906585536,0.9389093488430545,-0.8178089323355567
0.7167433486697341,2.4390719190423966,0.9389010574692137,-0.8177972572497174
0.7177435487097421,2.438791966023064,0.9388927127556873,-0.8177854642862299
0.7187437487497501,2.438512046655887,0.9388843150230206,-0.8177735540731179
0.7197439487897581,2.43823216007357,0.938875864589668,-0.817761527235979
0.7207441488297661,2.437952305413166,0.9388673617720009,-0.8177493843979831
0.7217443488697741,2.4376724818160667,0.9388588068843138,-0.8177371261798686
0.7227445489097821,2.4373926884279933,0.9388502002388301,-0.817724753199938
0.7237447489497901,2.43711292439899,0.9388415421457097,-0.8177122660740554
0.7247449489897981,2.4368331888834143,0.9388328329130546,-0.8176996654156422
0.7257451490298061,2.4365534810399265,0.9388240728469163,-0.8176869518356746
0.7267453490698141,2.4362738000314836,0.9388152622513006,-0.8176741259426804
0.7277455491098221,2.4359941450253304,0.9388064014281768,-0.8176611883427356
0.7287457491498301,2.4357145151929873,0.9387974906774816,-0.8176481396394617
0.7297459491898382,2.4354349097102426,0.9387885302971279,-0.817634980434024
0.7307461492298462,2.435155327757145,0.9387795205830105,-0.8176217113251264
0.7317463492698542,2.4348757685179914,0.9387704618290126,-0.8176083329090108
0.7327465493098622,2.4345962311813194,0.938761354327013,-0.8175948457794548
0.7337467493498702,2.4343167149398974,0.9387521983668936,-0.8175812505277681
0.7347469493898782,2.434037218990715,0.9387429942365435,-0.8175675477427897
0.7357471494298862,2.4337577425349717,0.9387337422218693,-0.8175537380108882
0.7367473494698942,2.4334782847780696,0.9387244426067992,-0.8175398219159569
0.7377475495099022,2.4331988449296014,0.938715095673291,-0.8175258000394147
0.7387477495499102,2.432919422203341,0.93870570170134,-0.8175116729602013
0.7397479495899182,2.4326400158172343,0.9386962609689834,-0.8174974412547771
0.7407481496299262,2.432360624993388,0.9386867737523094,-0.8174831054971212
0.7417483496699342,2.432081248958059,0.9386772403254633,-0.8174686662587298
0.7427485497099422,2.431801886941647,0.9386676609606543,-0.8174541241086146
0.7437487497499502,2.4315225381786787,0.9386580359281634,-0.8174394796133013
0.7447489497899582,2.4312432019078023,0.9386483654963496,-0.8174247333368291
0.7457491498299662,2.4309638773717754,0.9386386499316561,-0.8174098858407481
0.7467493498699742,2.430684563817452,0.9386288894986204,-0.8173949376841197
0.7477495499099822,2.4304052604957764,0.9386190844598776,-0.8173798894235136
0.7487497499499902,2.430125966661767,0.9386092350761706,-0.8173647416130101
0.7497499499899982,2.4298466815745097,0.9385993416063547,-0.8173494948041954
0.7507501500300062,2.4295674044971456,0.9385894043074074,-0.817334149546164
0.7517503500700142,2.4292881346968587,0.9385794234344328,-0.8173187063855165
0.7527505501100222,2.4290088714448657,0.938569399240671,-0.8173031658663594
0.7537507501500302,2.428729614016406,0.9385593319775039,-0.8172875285303052
0.7547509501900382,2.4284503616907283,0.9385492218944633,-0.8172717949164704
0.7557511502300458,2.428171113751081,0.938539069239238,-0.8172559655614781
0.7567513502700538,2.4278918694846996,0.9385288742576795,-0.8172400409994552
0.7577515503100618,2.427612628182796,0.9385186371938123,-0.8172240217620335
0.7587517503500698,2.4273333891405464,0.9385083582898385,-0.8172079083783492
0.7597519503900778,2.4270541516570807,0.9384980377861457,-0.817191701375044
0.7607521504300858,2.4267749150354687,0.9384876759213159,-0.8171754012762641
0.7617523504700938,2.4264956785827105,0.9384772729321302,-0.8171590086036619
0.7627525505101018,2.426216441609725,0.9384668290535786,-0.817142523876395
0.7637527505501098,2.425937203431335,0.9384563445188656,-0.8171259476111273
0.7647529505901178,2.425657963366259,0.9384458195594182,-0.8171092803220293
0.7657531506301258,2.425378720737096,0.9384352544048935,-0.8170925225207802
0.7667533506701338,2.4250994748703163,0.9384246492831857,-0.8170756747165661
0.7677535507101418,2.424820225096247,0.9384140044204339,-0.8170587374160821
0.7687537507501498,2.42454097074906,0.938403320041029,-0.8170417111235355
0.7697539507901578,2.4242617111667633,0.9383925963676215,-0.8170245963406418
0.7707541508301659,2.4239824456911836,0.9383818336211287,-0.8170073935666307
0.7717543508701739,2.423703173667957,0.9383710320207426,-0.8169901032982443
0.7727545509101819,2.423423894446517,0.9383601917839361,-0.8169727260297387
0.7737547509501899,2.4231446073800784,0.938349313126473,-0.8169552622528881
0.7747549509901979,2.4228653118256305,0.9383383962624116,-0.8169377124569818
0.7757551510302059,2.4225860071439196,0.938327441404116,-0.8169200771288299
0.7767553510702139,2.422306692699438,0.9383164487622611,-0.8169023567527613
0.7777555511102219,2.4220273678604123,0.9383054185458413,-0.8168845518106285
0.7787557511502299,2.42174803199879,0.9382943509621777,-0.8168666627818076
0.7797559511902379,2.4214686844902262,0.9382832462169253,-0.8168486901432006
0.7807561512302459,2.4211893247140712,0.9382721045140808,-0.8168306343692371
0.7817563512702539,2.420909952053359,0.9382609260559897,-0.8168124959318771
0.7827565513102619,2.4206305658947906,0.9382497110433541,-0.8167942753006114
0.7837567513502699,2.420351165628726,0.9382384596752408,-0.8167759729424664
0.7847569513902779,2.420071750649167,0.9382271721490886,-0.8167575893220044
0.7857571514302859,2.419792320353747,0.938215848660714,-0.8167391249013256
0.7867573514702939,2.4195128741437153,0.9382044894043212,-0.8167205801400725
0.7877575515103019,2.4192334114239276,0.9381930945725087,-0.8167019554954303
0.7887577515503099,2.418953931602829,0.9381816643562768,-0.8166832514221312
0.7897579515903179,2.4186744340924426,0.9381701989450345,-0.8166644683724559
0.7907581516303259,2.4183949183083575,0.9381586985266083,-0.816645606796237
0.7917583516703339,2.4181153836697122,0.9381471632872492,-0.8166266671408617
0.7927585517103419,2.4178358295991855,0.9381355934116398,-0.8166076498512733
0.7937587517503499,2.4175562555229786,0.9381239890829016,-0.8165885553699771
0.7947589517903579,2.417276660870805,0.9381123504826046,-0.8165693841370407
0.7957591518303659,2.4169970450758753,0.9381006777907724,-0.8165501365900977
0.7967593518703739,2.4167174075748856,0.9380889711858905,-0.816530813164352
0.797759551910382,2.416437747808002,0.9380772308449145,-0.8165114142925809
0.79875975195039,2.416158065218848,0.9380654569432774,-0.8164919404051368
0.799759951990398,2.415878359254491,0.9380536496548961,-0.8164723919299524
0.800760152030406,2.415598629365428,0.9380418091521807,-0.8164527692925426
0.801760352070414,2.4153188750055725,0.9380299356060413,-0.8164330729160093
0.802760552110422,2.415039095632242,0.938018029185894,-0.816413303221045
0.80376075215043,2.4147592907061415,0.9380060900596712,-0.8163934606259353
0.804760952190438,2.4144794596913517,0.9379941183938264,-0.8163735455465642
0.805761152230446,2.4141996020553154,0.9379821143533442,-0.8163535583964167
0.806761352270454,2.4139197172688234,0.9379700781017466,-0.8163334995865833
0.807761552310462,2.413639804806,0.9379580098010996,-0.8163133695257632
0.80876175235047,2.41335986414429,0.9379459096120224,-0.8162931686202696
0.809761952390478,2.4130798947644445,0.9379337776936939,-0.8162728972740322
0.810762152430486,2.4127998961505064,0.9379216142038612,-0.8162525558886031
0.811762352470494,2.4125198677897983,0.937909419298845,-0.8162321448631596
0.812762552510502,2.412239809172907,0.93789719313355,-0.8162116645945091
0.81376275255051,2.411959719793669,0.93788493586147,-0.8161911154770938
0.814762952590518,2.411679599149159,0.9378726476346962,-0.8161704979029936
0.815763152630526,2.411399446739674,0.9378603286039251,-0.8161498122619327
0.816763352670534,2.4111192620687194,0.9378479789184655,-0.8161290589412822
0.817763552710542,2.4108390446429957,0.9378355987262464,-0.8161082383260667
0.81876375275055,2.4105587939723843,0.9378231881738226,-0.8160873507989663
0.819763952790558,2.410278509569933,0.9378107474063857,-0.8160663967403239
0.820764152830566,2.4099981909518418,0.9377982765677679,-0.8160453765281485
0.821764352870574,2.4097178376374493,0.937785775800452,-0.8160242905381205
0.822764552910582,2.4094374491492196,0.937773245245577,-0.8160031391435962
0.82376475295059,2.4091570250127257,0.9377606850429466,-0.8159819227156138
0.824764952990598,2.4088765647566373,0.9377480953310369,-0.8159606416228965
0.825765153030606,2.4085960679127063,0.9377354762470017,-0.8159392962318602
0.826765353070614,2.408315534015753,0.9377228279266828,-0.815917886906616
0.827765553110622,2.40803496260365,0.9377101505046157,-0.8158964140089766
0.8287657531506301,2.4077543532173102,0.9376974441140367,-0.8158748778984621
0.8297659531906381,2.407473705400672,0.937684708886891,-0.815853278932304
0.8307661532306461,2.4071930187006854,0.9376719449538401,-0.8158316174654515
0.8317663532706541,2.406912292667297,0.9376591524442683,-0.8158098938505765
0.8327665533106621,2.406631526853435,0.9376463314862903,-0.8157881084380794
0.8337667533506701,2.4063507208149986,0.9376334822067593,-0.815766261576094
0.8347669533906781,2.40606987411084,0.9376206047312734,-0.8157443536104937
0.8357671534306861,2.4057889863027517,0.9376076991841833,-0.8157223848848959
0.8367673534706941,2.4055080569554517,0.9375947656885993,-0.8157003557406695
0.8377675535107021,2.405227085636571,0.9375818043663985,-0.815678266516939
0.8387677535507101,2.4049460719166373,0.9375688153382324,-0.8156561175505912
0.8397679535907181,2.4046650153690616,0.9375557987235342,-0.8156339091762804
0.8407681536307261,2.4043839155701243,0.9375427546405256,-0.8156116417264343
0.8417683536707341,2.404102772098961,0.9375296832062228,-0.8155893155312608
0.8427685537107421,2.4038215845375466,0.9375165845364475,-0.8155669309187528
0.8437687537507501,2.4035403524706838,0.9375034587458297,-0.8155444882146942
0.8447689537907581,2.403259075485987,0.9374903059478175,-0.8155219877426674
0.8457691538307661,2.402977753173868,0.9374771262546824,-0.8154994298240571
0.8467693538707741,2.4026963851275234,0.9374639197775292,-0.8154768147780579
0.8477695539107821,2.4024149709429183,0.9374506866263002,-0.8154541429216806
0.8487697539507901,2.4021335102187735,0.9374374269097832,-0.8154314145697572
0.8497699539907981,2.401852002556551,0.93742414073562,-0.8154086300349491
0.8507701540308061,2.4015704475604402,0.9374108282103112,-0.8153857896277511
0.8517703540708141,2.401288844837342,0.9373974894392251,-0.8153628936564994
0.8527705541108221,2.4010071939968576,0.937384124526603,-0.8153399424273768
0.8537707541508301,2.4007254946512706,0.9373707335755681,-0.8153169362444206
0.8547709541908382,2.400443746415536,0.9373573166881312,-0.815293875409527
0.8557711542308462,2.4001619489072645,0.9373438739651976,-0.8152707602224593
0.8567713542708542,2.3998801017467084,0.9373304055065753,-0.8152475909808536
0.8577715543108622,2.3995982045567485,0.937316911410981,-0.8152243679802257
0.8587717543508702,2.3993162569628788,0.9373033917760463,-0.8152010915139772
0.8597719543908782,2.399034258593192,0.9372898466983269,-0.815177761873403
0.8607721544308862,2.3987522090783684,0.9372762762733052,-0.8151543793476964
0.8617723544708942,2.3984701080516566,0.9372626805954033,-0.8151309442239577
0.8627725545109022,2.398187955148864,0.937249059757985,-0.8151074567871996
0.8637727545509102,2.397905750008342,0.9372354138533635,-0.8150839173203548
0.8647729545909182,2.3976234922709687,0.937221742972811,-0.8150603261042815
0.8657731546309262,2.3973411815801398,0.9372080472065607,-0.8150366834177716
0.8667733546709342,2.3970588175817507,0.9371943266438181,-0.8150129895375572
0.8677735547109422,2.3967763999241836,0.9371805813727647,-0.8149892447383166
0.8687737547509502,2.396493928258294,0.9371668114805672,-0.8149654492926824
0.8697739547909582,2.3962114022373977,0.9371530170533818,-0.8149416034712478
0.8707741548309662,2.3959288215172543,0.9371391981763624,-0.8149177075425726
0.8717743548709742,2.3956461857560543,0.9371253549336671,-0.8148937617731927
0.8727745549109822,2.395363494614406,0.9371114874084646,-0.8148697664276257
0.8737747549509902,2.3950807477553218,0.93709759568294,-0.8148457217683763
0.8747749549909982,2.394797944844202,0.9370836798383038,-0.814821628055946
0.8757751550310062,2.3945150855488246,0.937069739954796,-0.8147974855488396
0.8767753550710142,2.3942321695393276,0.9370557761116934,-0.8147732945035703
0.8777755551110222,2.393949196488198,0.9370417883873178,-0.8147490551746698
0.8787757551510302,2.3936661660702567,0.9370277768590388,-0.8147247678146932
0.8797759551910382,2.3933830779626453,0.9370137416032845,-0.814700432674227
0.8807761552310462,2.3930999318448123,0.9369996826955466,-0.8146760500018961
0.8817763552710542,2.392816727398499,0.9369856002103835,-0.8146516200443719
0.8827765553110622,2.392533464307726,0.9369714942214327,-0.8146271430463778
0.8837767553510703,2.392250142258779,0.9369573648014127,-0.8146026192506985
0.8847769553910783,2.3919667609401976,0.936943212022131,-0.8145780488981854
0.8857771554310863,2.3916833200427576,0.93692903595449,-0.8145534322277648
0.8867773554710943,2.3913998192594614,0.936914836668494,-0.814528769476445
0.8877775555111023,2.391116258285522,0.9369006142332553,-0.8145040608793244
0.8887777555511103,2.3908326368183506,0.9368863687170005,-0.8144793066695973
0.8897779555911183,2.390548954557542,0.9368721001870769,-0.8144545070785625
0.8907781556311263,2.3902652112048624,0.9368578087099572,-0.8144296623356301
0.8917783556711343,2.389981406464235,0.9368434943512486,-0.8144047726683286
0.8927785557111423,2.3896975400417273,0.9368291571756964,-0.8143798383023134
0.8937787557511503,2.3894136116455376,0.9368147972471927,-0.8143548594613731
0.8947789557911583,2.389129620985981,0.9368004146287793,-0.8143298363674376
0.8957791558311663,2.3888455677754767,0.9367860093826573,-0.8143047692405846
0.8967793558711743,2.3885614517285347,0.9367715815701912,-0.8142796582990482
0.8977795559111823,2.3882772725617425,0.9367571312519153,-0.8142545037592258
0.8987797559511903,2.3879930299937517,0.9367426584875397,-0.8142293058356853
0.8997799559911983,2.387708723745264,0.9367281633359575,-0.8142040647411732
0.9007801560312063,2.387424353539021,0.9367136458552482,-0.8141787806866209
0.9017803560712143,2.387139919099786,0.9366991061026877,-0.8141534538811538
0.9027805561112223,2.3868554201543364,0.9366845441347506,-0.8141280845320976
0.9037807561512303,2.3865708564314474,0.9366699600071176,-0.8141026728449864
0.9047809561912383,2.38628622766188,0.9366553537746813,-0.81407721902357
0.9057811562312463,2.386001533578368,0.9366407254915529,-0.8140517232698208
0.9067813562712543,2.385716773915604,0.9366260752110676,-0.8140261857839423
0.9077815563112623,2.385431948410227,0.936611402985789,-0.8140006067643766
0.9087817563512703,2.385147056800811,0.9365967088675174,-0.8139749864078114
0.9097819563912783,2.3848620988278504,0.9365819929072938,-0.8139493249091871
0.9107821564312863,2.384577074233747,0.936567255155407,-0.8139236224617057
0.9117823564712944,2.3842919827627993,0.9365524956613981,-0.813897879256838
0.9127825565113024,2.3840068241611876,0.9365377144740665,-0.8138720954843297
0.9137827565513104,2.383721598176962,0.936522911641477,-0.8138462713322109
0.9147829565913184,2.383436304560031,0.9365080872109636,-0.8138204069868026
0.9157831566313264,2.383150943062146,0.9364932412291361,-0.8137945026327245
0.9167833566713344,2.3828655134368915,0.9364783737418861,-0.8137685584529025
0.9177835567113424,2.3825800154396712,0.9364634847943926,-0.8137425746285775
0.9187837567513504,2.3822944488276954,0.9364485744311258,-0.8137165513393108
0.9197839567913584,2.3820088133599695,0.9364336426958547,-0.8136904887629927
0.9207841568313664,2.3817231087972806,0.9364186896316524,-0.8136643870758511
0.9217843568713744,2.3814373349021847,0.9364037152809005,-0.813638246452458
0.9227845569113824,2.3811514914389953,0.9363887196852957,-0.8136120670657375
0.9237847569513904,2.3808655781737715,0.9363737028858551,-0.8135858490869731
0.9247849569913984,2.380579594874304,0.9363586649229211,-0.8135595926858161
0.9257851570314064,2.380293541310103,0.9363436058361672,-0.8135332980302933
0.9267853570714144,2.3800074172523895,0.9363285256646027,-0.8135069652868122
0.9277855571114224,2.379721222474077,0.9363134244465801,-0.8134805946201732
0.9287857571514304,2.379434956749764,0.9362983022197976,-0.8134541861935725
0.9297859571914384,2.3791486198557217,0.9362831590213064,-0.8134277401686137
0.9307861572314464,2.378862211569878,0.936267994887516,-0.8134012567053136
0.9317863572714544,2.3785757316718095,0.9362528098541983,-0.8133747359621094
0.9327865573114624,2.3782891799427293,0.9362376039564928,-0.8133481780958681
0.9337867573514704,2.3780025561654714,0.9362223772289141,-0.813321583261893
0.9347869573914784,2.3777158601244825,0.9362071297053534,-0.8132949516139317
0.9357871574314864,2.3774290916058085,0.9361918614190877,-0.8132682833041847
0.9367873574714944,2.3771422503970827,0.9361765724027814,-0.8132415784833121
0.9377875575115024,2.376855336287514,0.9361612626884936,-0.8132148373004419
0.9387877575515104,2.376568349067875,0.9361459323076828,-0.8131880599031774
0.9397879575915185,2.37628128853049,0.9361305812912107,-0.813161246437607
0.9407881576315265,2.375994154469224,0.9361152096693494,-0.8131343970483084
0.9417883576715345,2.3757069466794705,0.9360998174717843,-0.8131075118783597
0.9427885577115425,2.3754196649581396,0.9360844047276203,-0.8130805910693468
0.9437887577515505,2.375132309103646,0.9360689714653865,-0.8130536347613694
0.9447889577915585,2.3748448789158987,0.9360535177130404,-0.8130266430930515
0.9457891578315665,2.3745573741962884,0.9360380434979741,-0.812999616201547
0.9467893578715745,2.3742697947476756,0.9360225488470192,-0.8129725542225498
0.9477895579115825,2.37398214037438,0.9360070337864492,-0.8129454572903009
0.9487897579515905,2.3736944108821683,0.9359914983419876,-0.8129183255375954
0.9497899579915985,2.373406606078243,0.9359759425388106,-0.8128911590957927
0.9507901580316065,2.373118725771231,0.9359603664015516,-0.8128639580948229
0.9517903580716145,2.3728307697711717,0.935944769954308,-0.812836722663196
0.9527905581116225,2.372542737889506,0.9359291532206433,-0.8128094529280085
0.9537907581516305,2.372254629939066,0.9359135162235949,-0.8127821490149535
0.9547909581916385,2.371966445734061,0.9358978589856753,-0.8127548110483287
0.9557911582316465,2.3716781850900674,0.93588218152888,-0.8127274391510426
0.9567913582716545,2.3713898478240205,0.9358664838746886,-0.8127000334446247
0.9577915583116625,2.3711014337541974,0.9358507660440727,-0.8126725940492334
0.9587917583516705,2.3708129427002103,0.9358350280574986,-0.8126451210836649
0.9597919583916785,2.3705243744829936,0.9358192699349316,-0.8126176146653599
0.9607921584316865,2.370235728924794,0.9358034916958419,-0.8125900749104127
0.9617923584716945,2.369947005849156,0.9357876933592074,-0.8125625019335808
0.9627925585117025,2.369658205080915,0.9357718749435201,-0.8125348958482926
0.9637927585517105,2.3693693264461846,0.9357560364667882,-0.8125072567666549
0.9647929585917185,2.3690803697723433,0.935740177946542,-0.8124795847994635
0.9657931586317265,2.368791334888027,0.9357242993998385,-0.8124518800562095
0.9667933586717345,2.3685022216231166,0.9357084008432636,-0.8124241426450893
0.9677935587117426,2.368213029808726,0.9356924822929391,-0.8123963726730133
0.9687937587517506,2.367923759277192,0.9356765437645255,-0.8123685702456142
0.9697939587917586,2.367634409862064,0.9356605852732259,-0.812340735467255
0.9707941588317666,2.3673449813980927,0.9356446068337909,-0.8123128684410394
0.9717943588717746,2.367055473721217,0.9356286084605233,-0.812284969268819
0.9727945589117826,2.366765886668558,0.93561259016728,-0.812257038051203
0.9737947589517906,2.3664762200784044,0.9355965519674788,-0.8122290748875663
0.9747949589917986,2.3661864737902016,0.9355804938741008,-0.8122010798760597
0.9757951590318066,2.365896647644543,0.9355644158996956,-0.8121730531136169
0.9767953590718146,2.3656067414831585,0.9355483180563835,-0.8121449946959649
0.9777955591118226,2.365316755148904,0.9355322003558615,-0.8121169047176325
0.9787957591518306,2.3650266884857487,0.9355160628094051,-0.8120887832719592
0.9797959591918386,2.364736541338768,0.9354999054278755,-0.8120606304511042
0.9807961592318466,2.364446313554132,0.9354837282217204,-0.8120324463460551
0.9817963592718546,2.3641560049790913,0.9354675312009781,-0.8120042310466382
0.9827965593118626,2.3638656154619717,0.9354513143752843,-0.8119759846415259
0.9837967593518702,2.3635751448521605,0.9354350777538719,-0.8119477072182469
0.9847969593918782,2.363284593000097,0.935418821345577,-0.8119193988631943
0.9857971594318862,2.362993959757262,0.9354025451588431,-0.811891059661636
0.9867973594718942,2.3627032449761685,0.9353862492017235,-0.8118626896977224
0.9877975595119022,2.362412448510349,0.935369933481886,-0.8118342890544964
0.9887977595519102,2.362121570214347,0.935353598006615,-0.8118058578139037
0.9897979595919182,2.361830609943708,0.9353372427828169,-0.8117773960567987
0.9907981596319262,2.3615395675549653,0.9353208678170236,-0.8117489038629567
0.9917983596719342,2.361248442905635,0.9353044731153937,-0.8117203813110808
0.9927985597119422,2.3609572358542015,0.9352880586837193,-0.8116918284788137
0.9937987597519502,2.3606659462601103,0.9352716245274281,-0.8116632454427433
0.9947989597919582,2.3603745739837567,0.9352551706515855,-0.8116346322784153
0.9957991598319662,2.3600831188864766,0.9352386970608997,-0.811605989060339
0.9967993598719742,2.359791580830535,0.9352222037597261,-0.8115773158619999
0.9977995599119822,2.3594999596791197,0.9352056907520668,-0.8115486127558654
0.9987997599519902,2.359208255296328,0.9351891580415788,-0.8115198798133958
0.9997999599919982,2.358916467547158,0.9351726056315732,-0.8114911171050528
1.0008001600320062,2.3586245962975005,0.9351560335250214,-0.8114623247003082
1.0018003600720142,2.358332641414128,0.9351394417245562,-0.8114335026676528
1.0028005601120222,2.3580406027646843,0.935122830232478,-0.8114046510746062
1.0038007601520302,2.3577484802176785,0.9351061990507532,-0.8113757699877241
1.0048009601920382,2.357456273642472,0.9350895481810226,-0.8113468594726085
1.0058011602320462,2.3571639829092703,0.9350728776246008,-0.8113179195939155
1.0068013602720542,2.356871607889116,0.9350561873824815,-0.811288950415364
1.0078015603120623,2.356579148453876,0.9350394774553398,-0.8112599519997447
1.0088017603520703,2.3562866044762356,0.9350227478435338,-0.8112309244089287
1.0098019603920783,2.355993975829688,0.9350059985471115,-0.8112018677038756
1.0108021604320863,2.3557012623885245,0.9349892295658092,-0.8111727819446425
1.0118023604720943,2.355408464027828,0.9349724408990578,-0.8111436671903903
1.0128025605121023,2.355115580623463,0.9349556325459845,-0.8111145234993951
1.0138027605521103,2.3548226120520663,0.9349388045054151,-0.8110853509290539
1.0148029605921183,2.35452955819104,0.9349219567758782,-0.8110561495358934
1.0158031606321263,2.3542364189185414,0.9349050893556079,-0.8110269193755788
1.0168033606721343,2.3539431941134756,0.9348882022425461,-0.8109976605029197
1.0178035607121423,2.3536498836554873,0.9348712954343449,-0.8109683729718802
1.0188037607521503,2.353356487424953,0.9348543689283694,-0.8109390568355838
1.0198039607921583,2.3530630053029706,0.934837422721702,-0.8109097121463237
1.0208041608321663,2.352769437171354,0.9348204568111448,-0.8108803389555684
1.0218043608721743,2.3524757829126233,0.9348034711932195,-0.8108509373139697
1.0228045609121823,2.3521820424099986,0.9347864658641742,-0.8108215072713704
1.0238047609521903,2.351888215547391,0.9347694408199836,-0.8107920488768103
1.0248049609921983,2.3515943022093957,0.9347523960563514,-0.8107625621785329
1.0258051610322063,2.3513003022812846,0.9347353315687142,-0.8107330472239936
1.0268053610722143,2.351006215648998,0.9347182473522442,-0.8107035040598657
1.0278055611122223,2.350712042199138,0.9347011434018495,-0.8106739327320466
1.0288057611522303,2.35041778181896,0.9346840197121797,-0.8106443332856649
1.0298059611922383,2.350123434396368,0.9346668762776273,-0.8106147057650859
1.0308061612322463,2.349828999819906,0.9346497130923292,-0.8105850502139182
1.0318063612722543,2.3495344779787506,0.9346325301501689,-0.8105553666750199
1.0328065613122623,2.3492398687627043,0.9346153274447817,-0.8105256551905038
1.0338067613522703,2.348945172062191,0.9345981049695548,-0.8104959158017426
1.0348069613922783,2.3486503877682465,0.9345808627176301,-0.8104661485493777
1.0358071614322863,2.3483555157725142,0.9345636006819066,-0.8104363534733193
1.0368073614722944,2.3480605559672365,0.9345463188550439,-0.8104065306127565
1.0378075615123024,2.34776550824525,0.9345290172294628,-0.81037668000616
1.0388077615523104,2.3474703724999797,0.9345116957973494,-0.810346801691287
1.0398079615923184,2.3471751486254306,0.9344943545506562,-0.8103168957051873
1.0408081616323264,2.3468798365161856,0.934476993481104,-0.8102869620842066
1.0418083616723344,2.3465844360673946,0.9344596125801866,-0.8102570008639918
1.0428085617123424,2.3462889471747728,0.9344422118391708,-0.8102270120794952
1.0438087617523504,2.3459933697345936,0.9344247912490979,-0.8101969957649796
1.0448089617923584,2.345697703643683,0.9344073508007892,-0.8101669519540194
1.0458091618323664,2.3454019487994118,0.9343898904848462,-0.810136880679509
1.0468093618723744,2.345106105099696,0.9343724102916522,-0.8101067819736629
1.0478095619123824,2.3448101724429846,0.9343549102113757,-0.8100766558680219
1.0488097619523904,2.3445141507282594,0.9343373902339726,-0.8100465023934538
1.0498099619923984,2.344218039855026,0.9343198503491881,-0.8100163215801606
1.0508101620324064,2.3439218397233126,0.9343022905465578,-0.8099861134576782
1.0518103620724144,2.343625550233662,0.9342847108154116,-0.8099558780548819
1.0528105621124224,2.3433291712871283,0.9342671111448753,-0.809925615399988
1.0538107621524304,2.34303270278527,0.9342494915238715,-0.8098953255205575
1.0548109621924384,2.342736144630149,0.9342318519411231,-0.8098650084434994
1.0558111622324464,2.3424394967243223,0.9342141923851556,-0.8098346641950717
1.0568113622724544,2.342142758970838,0.9341965128442972,-0.8098042928008853
1.0578115623124624,2.341845931273234,0.9341788133066837,-0.8097738942859064
1.0588117623524704,2.341549013535527,0.9341610937602584,-0.8097434686744589
1.0598119623924784,2.341252005662215,0.9341433541927749,-0.8097130159902263
1.0608121624324864,2.34095490755827,0.9341255945917992,-0.8096825362562527
1.0618123624724944,2.340657719129131,0.9341078149447116,-0.8096520294949482
1.0628125625125024,2.340360440280706,0.9340900152387085,-0.8096214957280874
1.0638127625525104,2.3400630709193613,0.9340721954608051,-0.8095909349768146
1.0648129625925185,2.339765610951922,0.9340543555978372,-0.8095603472616426
1.0658131626325265,2.339468060285665,0.9340364956364628,-0.8095297326024568
1.0668133626725345,2.3391704188283167,0.9340186155631633,-0.8094990910185155
1.0678135627125425,2.338872686488048,0.9340007153642476,-0.8094684225284524
1.0688137627525505,2.338574863173471,0.9339827950258524,-0.8094377271502785
1.0698139627925585,2.338276948793635,0.9339648545339443,-0.8094070049013826
1.0708141628325665,2.337978943258022,0.9339468938743234,-0.8093762557985344
1.0718143628725745,2.337680846476543,0.9339289130326224,-0.8093454798578856
1.0728145629125825,2.337382658359534,0.9339109119943115,-0.8093146770949701
1.0738147629525905,2.337084378817753,0.9338928907446983,-0.8092838475247072
1.0748149629925985,2.3367860077623757,0.9338748492689296,-0.8092529911614029
1.0758151630326065,2.336487545104992,0.933856787551995,-0.8092221080187499
1.0768153630726145,2.3361889907576,0.933838705578728,-0.8091911981098316
1.0778155631126225,2.335890344632606,0.9338206033338062,-0.8091602614471213
1.0788157631526305,2.3355916066428186,0.9338024808017564,-0.8091292980424845
1.0798159631926385,2.335292776701445,0.9337843379669537,-0.8090983079071811
1.0808161632326465,2.3349938547220863,0.9337661748136249,-0.8090672910518667
1.0818163632726545,2.3346948406187362,0.9337479913258501,-0.8090362474865935
1.0828165633126625,2.3343957343057764,0.9337297874875637,-0.8090051772208121
1.0838167633526705,2.3340965356979706,0.9337115632825572,-0.8089740802633739
1.0848169633926785,2.333797244710464,0.9336933186944805,-0.8089429566225322
1.0858171634326865,2.333497861258778,0.9336750537068443,-0.8089118063059441
1.0868173634726945,2.333198385258805,0.933656768303021,-0.8088806293206714
1.0878175635127025,2.332898816626808,0.9336384624662473,-0.8088494256731842
1.0888177635527105,2.332599155279414,0.9336201361796256,-0.8088181953693613
1.0898179635927185,2.3322994011336116,0.9336017894261256,-0.8087869384144925
1.0908181636327265,2.331999554106746,0.9335834221885877,-0.8087556548132813
1.0918183636727345,2.331699614116517,0.9335650344497213,-0.8087243445698463
1.0928185637127426,2.331399581080973,0.9335466261921108,-0.8086930076877233
1.0938187637527506,2.3310994549185087,0.9335281973982129,-0.8086616441698682
1.0948189637927586,2.33079923554786,0.9335097480503629,-0.8086302540186584
1.0958191638327666,2.3304989228881032,0.9334912781307722,-0.8085988372358955
1.0968193638727746,2.330198516858645,0.933472787621533,-0.8085673938228083
1.0978195639127826,2.3298980173792248,0.9334542765046188,-0.8085359237800547
1.0988197639527906,2.3295974243699065,0.9334357447618861,-0.8085044271077247
1.0998199639927986,2.3292967377510774,0.9334171923750764,-0.8084729038053433
1.1008201640328066,2.328995957443442,0.9333986193258169,-0.8084413538718724
1.1018203640728146,2.32869508336802,0.9333800255956238,-0.8084097773057148
1.1028205641128226,2.3283941154461383,0.9333614111659028,-0.8083781741047162
1.1038207641528306,2.3280930535994333,0.9333427760179503,-0.8083465442661686
1.1048209641928386,2.327791897749841,0.933324120132956,-0.8083148877868147
1.1058211642328466,2.3274906478195954,0.9333054434920043,-0.8082832046628484
1.1068213642728546,2.3271893037312235,0.9332867460760752,-0.8082514948899213
1.1078215643128626,2.3268878654075418,0.9332680278660476,-0.8082197584631441
1.1088217643528706,2.3265863327716523,0.933249288842698,-0.8081879953770903
1.1098219643928786,2.326284705746938,0.9332305289867046,-0.8081562056258004
1.1108221644328866,2.3259829842570574,0.9332117482786473,-0.8081243892027855
1.1118223644728946,2.3256811682259415,0.9331929466990114,-0.8080925461010314
1.1128225645129026,2.3253792575777905,0.9331741242281849,-0.8080606763130004
1.1138227645529106,2.325077252237067,0.9331552808464647,-0.808028779830638
1.1148229645929186,2.3247751521284936,0.9331364165340541,-0.8079968566453758
1.1158231646329266,2.3244729571770475,0.933117531271068,-0.8079649067481349
1.1168233646729346,2.3241706673079583,0.9330986250375313,-0.8079329301293313
1.1178235647129426,2.3238682824466994,0.9330796978133811,-0.8079009267788793
1.1188237647529506,2.3235658025189885,0.9330607495784686,-0.8078688966861958
1.1198239647929586,2.32326322745078,0.9330417803125609,-0.8078368398402046
1.1208241648329667,2.3229605571682614,0.9330227899953415,-0.807804756229342
1.1218243648729747,2.3226577915978504,0.9330037786064114,-0.8077726458415603
1.1228245649129827,2.322354930666187,0.9329847461252911,-0.8077405086643321
1.1238247649529907,2.322051974300134,0.9329656925314223,-0.8077083446846547
1.1248249649929987,2.3217489224267682,0.9329466178041677,-0.8076761538890563
1.1258251650330067,2.321445774973379,0.9329275219228137,-0.8076439362636002
1.1268253650730147,2.321142531867463,0.9329084048665716,-0.8076116917938874
1.1278255651130227,2.320839193036718,0.9328892666145772,-0.8075794204650639
1.1288257651530307,2.3205357584090422,0.9328701071458948,-0.8075471222618251
1.1298259651930387,2.320232227912527,0.9328509264395161,-0.8075147971684192
1.1308261652330467,2.3199286014754534,0.9328317244743617,-0.8074824451686533
1.1318263652730547,2.3196248790262888,0.9328125012292835,-0.8074500662458984
1.1328265653130627,2.319321060493681,0.9327932566830642,-0.8074176603830934
1.1338267653530707,2.319017145806456,0.9327739908144206,-0.8073852275627504
1.1348269653930787,2.318713134893611,0.9327547036020021,-0.8073527677669589
1.1358271654330867,2.3184090276843143,0.9327353950243937,-0.8073202809773933
1.1368273654730947,2.318104824107895,0.9327160650601173,-0.8072877671753136
1.1378275655131027,2.317800524093846,0.9326967136876311,-0.807255226341575
1.1388277655531107,2.317496127571815,0.9326773408853316,-0.8072226584566283
1.1398279655931187,2.3171916344716017,0.9326579466315555,-0.8071900635005285
1.1408281656331267,2.316887044723154,0.9326385309045786,-0.8071574414529364
1.1418283656731347,2.3165823582565643,0.9326190936826181,-0.8071247922931263
1.1428285657131427,2.3162775750020645,0.9325996349438349,-0.8070921159999888
1.1438287657531507,2.315972694890023,0.9325801546663325,-0.8070594125520363
1.1448289657931587,2.315667717850942,0.932560652828158,-0.8070266819274071
1.1458291658331667,2.3153626438154506,0.9325411294073042,-0.8069939241038718
1.1468293658731747,2.3150574727143036,0.9325215843817098,-0.8069611390588358
1.1478295659131827,2.314752204478376,0.9325020177292611,-0.8069283267693452
1.1488297659531908,2.31444683903866,0.9324824294277919,-0.8068954872120904
1.1498299659931988,2.314141376326264,0.9324628194550844,-0.8068626203634117
1.1508301660332068,2.3138358162724044,0.9324431877888707,-0.8068297261993026
1.1518303660732148,2.3135301588084047,0.9324235344068336,-0.8067968046954141
1.1528305661132228,2.3132244038656924,0.9324038592866073,-0.8067638558270616
1.1538307661532308,2.3129185513757937,0.9323841624057778,-0.8067308795692238
1.1548309661932388,2.3126126012703327,0.9323644437418839,-0.8066978758965527
1.1558311662332468,2.3123065534810263,0.9323447032724184,-0.8066648447833732
1.1568313662732548,2.3120004079396805,0.9323249409748282,-0.80663178620369
1.1578315663132628,2.3116941645781903,0.9323051568265159,-0.8065987001311891
1.1588317663532708,2.3113878233285323,0.9322853508048397,-0.8065655865392432
1.1598319663932788,2.3110813841227658,0.9322655228871144,-0.806532445400915
1.1608321664332868,2.310774846893027,0.932245673050613,-0.8064992766889603
1.1618323664732948,2.3104682115715267,0.9322258012725657,-0.8064660803758325
1.1628325665133028,2.3101614780905484,0.9322059075301619,-0.806432856433685
1.1638327665533108,2.3098546463824463,0.9321859918005505,-0.8063996048343748
1.1648329665933188,2.309547716379639,0.9321660540608401,-0.8063663255494659
1.1658331666333268,2.309240688014611,0.9321460942881006,-0.8063330185502328
1.1668333666733348,2.3089335612199076,0.9321261124593636,-0.8062996838076631
1.1678335667133428,2.308626335928133,0.9321061085516221,-0.8062663212924595
1.1688337667533508,2.3083190120719492,0.9320860825418326,-0.8062329309750442
1.1698339667933588,2.308011589584072,0.9320660344069133,-0.8061995128255597
1.1708341668333668,2.3077040683972685,0.9320459641237488,-0.8061660668138733
1.1718343668733748,2.3073964484443574,0.9320258716691863,-0.8061325929095788
1.1728345669133828,2.307088729658204,0.932005757020039,-0.8060990910819981
1.1738347669533908,2.3067809119717193,0.9319856201530852,-0.8060655613001843
1.1748349669933988,2.306472995317859,0.9319654610450698,-0.8060320035329237
1.1758351670334068,2.30616497962962,0.9319452796727054,-0.8059984177487376
1.1768353670734149,2.3058568648400395,0.9319250760126703,-0.8059648039158839
1.1778355671134229,2.3055486508821934,0.9319048500416117,-0.8059311620023589
1.1788357671534309,2.3052403376891935,0.9318846017361451,-0.8058974919758998
1.1798359671934389,2.304931925194186,0.931864331072855,-0.8058637938039847
1.1808361672334469,2.3046234133303516,0.9318440380282959,-0.8058300674538358
1.1818363672734549,2.3043148020309023,0.9318237225789919,-0.8057963128924196
1.1828365673134629,2.3040060912290814,0.9318033847014374,-0.8057625300864474
1.1838367673534709,2.3036972808581604,0.9317830243720979,-0.8057287190023774
1.1848369673934789,2.303388370851439,0.9317626415674111,-0.8056948796064163
1.1858371674334869,2.303079361142243,0.9317422362637868,-0.805661011864518
1.1868373674734949,2.302770251663925,0.9317218084376071,-0.8056271157423859
1.187837567513503,2.302461042349861,0.9317013580652268,-0.8055931912054725
1.188837767553511,2.30215173313345,0.9316808851229749,-0.8055592382189808
1.189837967593519,2.3018423239481134,0.9316603895871547,-0.8055252567478643
1.190838167633527,2.301532814727295,0.9316398714340428,-0.8054912467568263
1.191838367673535,2.3012232054044595,0.9316193306398923,-0.8054572082103207
1.192838567713543,2.30091349591309,0.9315987671809312,-0.8054231410725534
1.193838767753551,2.3006036861866903,0.9315781810333633,-0.8053890453074788
1.194838967793559,2.3002937761587816,0.9315575721733695,-0.8053549208788022
1.195839167833567,2.299983765762903,0.9315369405771073,-0.805320767749979
1.196839367873575,2.2996736549326116,0.931516286220712,-0.8052865858842134
1.197839567913583,2.2993634436014814,0.9314956090802957,-0.8052523752444587
1.198839767953591,2.2990531317031038,0.9314749091319504,-0.805218135793416
1.199839967993599,2.2987427191710843,0.9314541863517466,-0.8051838674935325
1.200840168033607,2.2984322059390463,0.9314334407157342,-0.8051495703070034
1.201840368073615,2.2981215919406273,0.9314126721999422,-0.8051152441957675
1.202840568113623,2.297810877109482,0.9313918807803808,-0.8050808891215082
1.203840768153631,2.297500061379279,0.931371066433041,-0.8050465050456506
1.204840968193639,2.297189144683702,0.9313502291338948,-0.8050120919293624
1.205841168233647,2.296878126956451,0.9313293688588963,-0.8049776497335498
1.206841368273655,2.296567008131241,0.9313084855839819,-0.8049431784188574
1.207841568313663,2.2962557881418024,0.9312875792850708,-0.8049086779456657
1.208841768353671,2.2959444669218807,0.9312666499380657,-0.8048741482740914
1.209841968393679,2.2956330444052373,0.9312456975188521,-0.8048395893639815
1.210842168433687,2.2953215205256496,0.9312247220033015,-0.8048050011749148
1.211842368473695,2.2950098952169107,0.9312037233672693,-0.8047703836661989
1.212842568513703,2.2946981684128303,0.9311827015865966,-0.8047357367968663
1.213842768553711,2.294386340047236,0.93116165663711,-0.8047010605256739
1.214842968593719,2.2940744100539714,0.9311405884946229,-0.8046663548110998
1.215843168633727,2.2937623783668992,0.9311194971349352,-0.8046316196113403
1.216843368673735,2.293450244919899,0.9310983825338353,-0.8045968548843088
1.217843568713743,2.2931380096468703,0.9310772446670987,-0.8045620605876305
1.218843768753751,2.2928256724817317,0.9310560835104902,-0.8045272366786421
1.219843968793759,2.292513233358421,0.931034899039763,-0.8044923831143874
1.220844168833767,2.2922006922108986,0.9310136912306606,-0.8044574998516142
1.221844368873775,2.2918880489731457,0.9309924600589168,-0.8044225868467714
1.222844568913783,2.291575303579165,0.9309712055002564,-0.8043876440560055
1.223844768953791,2.291262455962983,0.9309499275303957,-0.8043526714351577
1.224844968993799,2.290949506058651,0.9309286261250426,-0.8043176689397598
1.225845169033807,2.2906364538002437,0.9309073012598981,-0.8042826365250313
1.226845369073815,2.290323299121863,0.9308859529106563,-0.8042475741458746
1.227845569113823,2.2900100419576375,0.9308645810530061,-0.8042124817568719
1.228845769153831,2.289696682241723,0.9308431856626298,-0.8041773593122818
1.229845969193839,2.289383219908305,0.9308217667152054,-0.8041422067660345
1.230846169233847,2.2890696548915983,0.9308003241864077,-0.8041070240717277
1.231846369273855,2.288755987125851,0.9307788580519063,-0.8040718111826225
1.232846569313863,2.288442216545341,0.9307573682873688,-0.8040365680516379
1.233846769353871,2.2881283430843813,0.9307358548684617,-0.8040012946313508
1.234846969393879,2.28781436667732,0.9307143177708488,-0.8039659908739853
1.235847169433887,2.287500287258541,0.9306927569701944,-0.8039306567314121
1.236847369473895,2.2871861047624664,0.9306711724421612,-0.8038952921551427
1.237847569513903,2.286871819123557,0.9306495641624141,-0.8038598970963241
1.238847769553911,2.2865574302763143,0.9306279321066191,-0.8038244715057352
1.239847969593919,2.286242938155281,0.930606276250445,-0.8037890153337798
1.240848169633927,2.285928342695045,0.9305845965695625,-0.8037535285304827
1.241848369673935,2.285613643830238,0.9305628930396468,-0.8037180110454836
1.242848569713943,2.285298841495539,0.930541165636378,-0.8036824628280335
1.243848769753951,2.2849839356256743,0.9305194143354415,-0.8036468838269865
1.244848969793959,2.284668926155421,0.9304976391125293,-0.803611273990797
1.245849169833967,2.284353813019609,0.9304758399433394,-0.8035756332675114
1.246849369873975,2.2840385961531195,0.9304540168035785,-0.8035399616047637
1.247849569913983,2.2837232754908903,0.9304321696689632,-0.8035042589497695
1.248849769953991,2.283407850967916,0.9304102985152178,-0.8034685252493194
1.249849969993999,2.283092322519251,0.930388403318079,-0.8034327604497732
1.2508501700340071,2.2827766900800106,0.9303664840532938,-0.8033969644970532
1.2518503700740151,2.2824609535853715,0.9303445406966224,-0.8033611373366385
1.2528505701140231,2.2821451129705763,0.930322573223838,-0.8033252789135572
1.2538507701540311,2.281829168170936,0.9303005816107288,-0.8032893891723806
1.2548509701940391,2.2815131191218287,0.930278565833098,-0.8032534680572171
1.2558511702340471,2.281196965758705,0.9302565258667653,-0.8032175155117036
1.2568513702740551,2.280880708017089,0.9302344616875677,-0.8031815314789994
1.2578515703140631,2.280564345832581,0.9302123732713607,-0.8031455159017783
1.2588517703540711,2.2802478791408567,0.9301902605940195,-0.8031094687222233
1.2598519703940791,2.2799313078776753,0.9301681236314397,-0.803073389882016
1.2608521704340871,2.2796146319788773,0.9301459623595386,-0.8030372793223316
1.2618523704740952,2.279297851380389,0.9301237767542565,-0.80300113698383
1.2628525705141032,2.2789809660182234,0.9301015667915576,-0.8029649628066485
1.2638527705541112,2.278663975828485,0.9300793324474308,-0.8029287567303927
1.2648529705941192,2.27834688074737,0.9300570736978914,-0.8028925186941289
1.2658531706341272,2.2780296807111706,0.9300347905189821,-0.8028562486363772
1.2668533706741352,2.2777123756562765,0.9300124828867753,-0.8028199464951004
1.2678535707141432,2.2773949655191785,0.9299901507773723,-0.8027836122076976
1.2688537707541512,2.277077450236472,0.9299677941669053,-0.802747245710995
1.2698539707941592,2.276759829744856,0.9299454130315401,-0.8027108469412356
1.2708541708341672,2.276442103981142,0.9299230073474758,-0.8026744158340715
1.2718543708741752,2.2761242728822526,0.9299005770909456,-0.8026379523245545
1.2728545709141832,2.2758063363852243,0.9298781222382215,-0.802601456347127
1.2738547709541912,2.2754882944272135,0.9298556427656116,-0.8025649278356108
1.2748549709941992,2.2751701469454977,0.9298331386494629,-0.8025283667231993
1.2758551710342072,2.274851893877478,0.9298106098661649,-0.8024917729424467
1.2768553710742152,2.2745335351606855,0.9297880563921478,-0.8024551464252574
1.2778555711142232,2.2742150707327795,0.9297654782038864,-0.8024184871028774
1.2788557711542312,2.273896500531556,0.9297428752779002,-0.8023817949058826
1.2798559711942392,2.273577824494948,0.9297202475907547,-0.8023450697641678
1.2808561712342472,2.2732590425610284,0.9296975951190658,-0.8023083116069378
1.2818563712742552,2.272940154668018,0.9296749178394969,-0.8022715203626939
1.2828565713142632,2.272621160754284,0.9296522157287648,-0.8022346959592247
1.2838567713542712,2.2723020607583457,0.929629488763638,-0.8021978383235935
1.2848569713942792,2.271982854618879,0.9296067369209406,-0.8021609473821273
1.2858571714342872,2.271663542274719,0.9295839601775537,-0.8021240230604056
1.2868573714742952,2.271344123664865,0.9295611585104154,-0.8020870652832468
1.2878575715143032,2.2710245987284825,0.9295383318965252,-0.8020500739746971
1.2888577715543112,2.2707049674049093,0.9295154803129445,-0.8020130490580195
1.2898579715943193,2.2703852296336593,0.9294926037367971,-0.8019759904556774
1.2908581716343273,2.2700653853544246,0.9294697021452749,-0.8019388980893252
1.2918583716743353,2.2697454345070835,0.9294467755156343,-0.8019017718797938
1.2928585717143433,2.2694253770317,0.9294238238252035,-0.8018646117470778
1.2938587717543513,2.2691052128685336,0.9294008470513812,-0.8018274176103208
1.2948589717943593,2.2687849419580384,0.9293778451716399,-0.8017901893878039
1.2958591718343673,2.2684645642408716,0.9293548181635275,-0.8017529269969285
1.2968593718743753,2.2681440796578967,0.9293317660046696,-0.8017156303542057
1.2978595719143833,2.2678234881501877,0.9293086886727718,-0.8016782993752389
1.2988597719543913,2.267502789659035,0.9292855861456215,-0.8016409339747104
1.2998599719943993,2.26718198412595,0.9292624584010905,-0.801603534066366
1.3008601720344073,2.2668610714926687,0.9292393054171361,-0.8015660995630002
1.3018603720744153,2.266540051701159,0.9292161271718055,-0.8015286303764396
1.3028605721144233,2.266218924693625,0.9291929236432361,-0.8014911264175278
1.3038607721544313,2.265897690412511,0.9291696948096589,-0.8014535875961099
1.3048609721944393,2.2655763488005087,0.9291464406494013,-0.8014160138210153
1.3058611722344473,2.2652548998005617,0.929123161140888,-0.801378405000041
1.3068613722744553,2.2649333433558714,0.9290998562626449,-0.8013407610399349
1.3078615723144633,2.264611679409902,0.9290765259933011,-0.8013030818463782
1.3088617723544713,2.2642899079063876,0.9290531703115926,-0.801265367323969
1.3098619723944793,2.2639680287893356,0.9290297891963625,-0.8012276173762028
1.3108621724344873,2.263646042003035,0.929006382626566,-0.8011898319054565
1.3118623724744953,2.263323947492063,0.9289829505812726,-0.8011520108129664
1.3128625725145033,2.2630017452012874,0.9289594930396676,-0.8011141539988136
1.3138627725545113,2.2626794350758774,0.9289360099810569,-0.8010762613619017
1.3148629725945193,2.2623570170613068,0.9289125013848671,-0.8010383327999387
1.3158631726345273,2.2620344911033623,0.928888967230653,-0.8010003682094163
1.3168633726745353,2.2617118571481485,0.9288654074980964,-0.8009623674855916
1.3178635727145434,2.261389115142097,0.92884182216701,-0.800924330522464
1.3188637727545514,2.2610662650319715,0.9288182112173418,-0.8008862572127564
1.3198639727945594,2.260743306764875,0.9287945746291779,-0.8008481474478927
1.3208641728345674,2.2604202402882567,0.9287709123827441,-0.8008100011179771
1.3218643728745754,2.2600970655499206,0.928747224458412,-0.8007718181117708
1.3228645729145834,2.259773782498031,0.9287235108367005,-0.800733598316671
1.3238647729545914,2.2594503910811223,0.9286997714982781,-0.8006953416186875
1.3248649729945985,2.2591268912481044,0.9286760064239694,-0.8006570479024194
1.3258651730346065,2.2588032829482714,0.9286522155947562,-0.8006187170510317
1.3268653730746145,2.2584795661313097,0.9286283989917821,-0.8005803489462311
1.3278655731146225,2.2581557407473065,0.9286045565963549,-0.8005419434682414
1.3288657731546305,2.2578318067467573,0.9285806883899523,-0.8005035004957791
1.3298659731946385,2.257507764080573,0.9285567943542254,-0.8004650199060279
1.3308661732346465,2.2571836127000915,0.9285328744710005,-0.800426501574613
1.3318663732746545,2.256859352557085,0.928508928722284,-0.8003879453755741
1.3328665733146625,2.2565349836037663,0.9284849570902686,-0.800349351181341
1.3338667733546705,2.256210505792802,0.9284609595573332,-0.8003107188627027
1.3348669733946785,2.2558859190773193,0.9284369361060517,-0.8002720482887833
1.3358671734346865,2.2555612234109153,0.9284128867191929,-0.8002333393270121
1.3368673734746945,2.2552364187476677,0.9283888113797275,-0.800194591843095
1.3378675735147025,2.2549115050421418,0.9283647100708327,-0.8001558057009865
1.3388677735547105,2.254586482249404,0.9283405827758936,-0.800116980762859
1.3398679735947185,2.2542613503250295,0.928316429478511,-0.800078116889072
1.3408681736347265,2.253936109225112,0.9282922501625045,-0.800039213938144
1.3418683736747345,2.2536107589062753,0.9282680448119173,-0.8000002717667187
1.3428685737147426,2.253285299325684,0.9282438134110217,-0.799961290229534
1.3438687737547506,2.252959730441054,0.9282195559443228,-0.79992226917939
1.3448689737947586,2.252634052210662,0.9281952723965642,-0.7998832084671156
1.3458691738347666,2.2523082645933594,0.9281709627527323,-0.7998441079415348
1.3468693738747746,2.251982367548581,0.9281466269980629,-0.7998049674494335
1.3478695739147826,2.251656361036357,0.9281222651180449,-0.7997657868355246
1.3488697739547906,2.2513302450173267,0.9280978770984266,-0.7997265659424111
1.3498699739947986,2.2510040194527483,0.9280734629252201,-0.7996873046105522
1.3508701740348066,2.2506776843045126,0.9280490225847082,-0.7996480026782254
1.3518703740748146,2.250351239535154,0.9280245560634481,-0.7996086599814899
1.3528705741148226,2.250024685107864,0.9280000633482794,-0.7995692763541481
1.3538707741548306,2.249698020986503,0.9279755444263282,-0.799529851627708
1.3548709741948386,2.249371247135616,0.9279509992850135,-0.7994903856313418
1.3558711742348466,2.249044363520442,0.9279264279120542,-0.7994508781918488
1.3568713742748546,2.248717370106931,0.9279018302954728,-0.799411329133613
1.3578715743148626,2.248390266861756,0.9278772064236035,-0.7993717382785613
1.3588717743548706,2.2480630537523267,0.9278525562850996,-0.7993321054461227
1.3598719743948786,2.2477357307468067,0.9278278798689364,-0.7992924304531833
1.3608721744348866,2.2474082978141237,0.9278031771644222,-0.7992527131140457
1.3618723744748946,2.2470807549239873,0.927778448161201,-0.799212953240382
1.3628725745149026,2.246753102046904,0.927753692849262,-0.7991731506411883
1.3638727745549106,2.2464253391541904,0.9277289112189454,-0.7991333051227414
1.3648729745949186,2.246097466217992,0.9277041032609498,-0.7990934164885496
1.3658731746349266,2.245769483211295,0.9276792689663399,-0.7990534845393056
1.3668733746749346,2.2454413901079477,0.9276544083265517,-0.7990135090728375
1.3678735747149426,2.2451131868826724,0.9276295213334032,-0.7989734898840606
1.3688737747549506,2.2447848735110845,0.9276046079790992,-0.7989334267649246
1.3698739747949586,2.244456449969709,0.9275796682562406,-0.7988933195043663
1.3708741748349667,2.2441279162359984,0.9275547021578319,-0.7988531678882529
1.3718743748749747,2.243799272288349,0.9275297096772902,-0.798812971699333
1.3728745749149827,2.2434705181061214,0.9275046908084498,-0.7987727307171789
1.3738747749549907,2.243141653669656,0.9274796455455762,-0.7987324447181354
1.3748749749949987,2.2428126789602936,0.9274545738833684,-0.7986921134752599
1.3758751750350067,2.2424835939603938,0.9274294758169732,-0.7986517367582694
1.3768753750750147,2.2421543986533554,0.9274043513419893,-0.7986113143334782
1.3778755751150227,2.2418250930236336,0.9273792004544805,-0.7985708459637434
1.3788757751550307,2.2414956770567636,0.9273540231509799,-0.7985303314083997
1.3798759751950387,2.241166150739377,0.927328819428504,-0.7984897704232038
1.3808761752350467,2.2408365140592275,0.9273035892845595,-0.7984491627602675
1.3818763752750547,2.2405067670052063,0.9272783327171524,-0.798408508167997
1.3828765753150627,2.24017690956737,0.9272530497247999,-0.7983678063910263
1.3838767753550707,2.2398469417369564,0.9272277403065384,-0.7983270571701532
1.3848769753950787,2.239516863506411,0.9272024044619354,-0.7982862602422722
1.3858771754350867,2.239186674869409,0.9271770421910982,-0.7982454153403047
1.3868773754750947,2.2388563758208773,0.9271516534946848,-0.7982045221931325
1.3878775755151027,2.2385259663570194,0.9271262383739161,-0.798163580525525
1.3888777755551107,2.2381954464753386,0.9271007968305847,-0.7981225900580676
1.3898779755951187,2.2378648161746626,0.9270753288670668,-0.7980815505070898
1.3908781756351267,2.237534075455169,0.9270498344863339,-0.7980404615845889
1.3918783756751347,2.2372032243184092,0.9270243136919643,-0.7979993229981557
1.3928785757151427,2.236872262767337,0.9269987664881534,-0.7979581344508979
1.3938787757551507,2.236541190806332,0.9269731928797275,-0.7979168956413586
1.3948789757951587,2.236210008441227,0.9269475928721549,-0.7978756062634391
1.3958791758351667,2.2358787156793376,0.926921966471559,-0.7978342660063166
1.3968793758751747,2.235547312529486,0.9268963136847295,-0.7977928745543604
1.3978795759151827,2.2352157990020314,0.9268706345191368,-0.7977514315870506
1.3988797759551908,2.234884175108901,0.9268449289829439,-0.7977099367788872
1.3998799759951988,2.2345524408636144,0.9268191970850206,-0.7976683897993071
1.4008801760352068,2.234220596281318,0.9267934388349558,-0.7976267903125929
1.4018803760752148,2.233888641378812,0.9267676542430731,-0.797585137977782
1.4028805761152228,2.2335565761745833,0.9267418433204423,-0.7975434324485761
1.4038807761552308,2.233224400688836,0.9267160060788961,-0.7975016733732447
1.4048809761952388,2.2328921149435255,0.9266901425310433,-0.7974598603945319
1.4058811762352468,2.2325597189623867,0.9266642526902845,-0.7974179931495571
1.4068813762752548,2.232227212770971,0.9266383365708256,-0.7973760712697163
1.4078815763152628,2.23189459639668,0.9266123941876947,-0.7973340943805826
1.4088817763552708,2.2315618698687985,0.9265864255567573,-0.7972920621018007
1.4098819763952788,2.2312290332185296,0.9265604306947319,-0.7972499740469849
1.4108821764352868,2.2308960864790315,0.9265344096192066,-0.7972078298236102
1.4118823764752948,2.2305630296854524,0.9265083623486544,-0.7971656290329048
1.4128825765153028,2.2302298628749693,0.926482288902453,-0.7971233712697411
1.4138827765553108,2.2298965860868245,0.9264561893008973,-0.7970810561225198
1.4148829765953188,2.2295631993623637,0.9264300635652217,-0.7970386831730593
1.4158831766353268,2.2292297027450765,0.9264039117176143,-0.7969962519964751
1.4168833766753348,2.228896096280634,0.9263777337812361,-0.7969537621610646
1.4178835767153428,2.228562380016932,0.9263515297802404,-0.7969112132281841
1.4188837767553508,2.2282285540041302,0.9263252997397896,-0.7968686047521263
1.4198839767953588,2.227894618294695,0.9262990436860751,-0.7968259362799942
1.4208841768353668,2.227560572943442,0.926272761646338,-0.7967832073515749
1.4218843768753748,2.227226418007579,0.9262464536488872,-0.796740417499209
1.4228845769153828,2.226892153546753,0.926220119723119,-0.7966975662476573
1.4238847769553908,2.2265577796230906,0.9261937598995403,-0.796654653113968
1.4248849769953988,2.2262232963012494,0.9261673742097868,-0.7966116776073381
1.4258851770354068,2.2258887036484607,0.9261409626866455,-0.796568639228973
1.4268853770754149,2.2255540017345785,0.9261145253640763,-0.7965255374719469
1.4278855771154229,2.2252191906321293,0.9260880622772336,-0.7964823718210546
1.4288857771554309,2.2248842704163594,0.9260615734624892,-0.7964391417526674
1.4298859771954389,2.224549241165287,0.9260350589574549,-0.7963958467345803
1.4308861772354469,2.224214102959752,0.9260085188010051,-0.7963524862258602
1.4318863772754549,2.22387885588347,0.9259819530333021,-0.7963090596766904
1.4328865773154629,2.2235435000230823,0.9259553616958194,-0.7962655665282109
1.4338867773554709,2.2232080354682147,0.9259287448313647,-0.7962220062123575
1.4348869773954789,2.222872462311527,0.9259021024841082,-0.7961783781516989
1.4358871774354869,2.2225367806487752,0.9258754346996053,-0.796134681759266
1.4368873774754949,2.2222009905788633,0.9258487415248242,-0.7960909164383846
1.437887577515503,2.2218650922039047,0.9258220230081705,-0.7960470815825001
1.438887777555511,2.22152908562928,0.9257952791995165,-0.796003176575001
1.439887977595519,2.2211929709636973,0.9257685101502267,-0.7959592007890381
1.440888177635527,2.2208567483192554,0.9257417159131865,-0.7959151535873425
1.441888377675535,2.2205204178115046,0.9257148965428307,-0.7958710343220384
1.442888577715543,2.220183979559511,0.9256880520951711,-0.7958268423344534
1.443888777755551,2.21984743368592,0.9256611826278294,-0.7957825769549233
1.444888977795559,2.2195107803170266,0.9256342882000617,-0.7957382375025953
1.445889177835567,2.219174019582837,0.9256073688727953,-0.7956938232852298
1.446889377875575,2.2188371516171403,0.9255804247086542,-0.7956493335989915
1.447889577915583,2.218500176557579,0.9255534557719955,-0.7956047677282457
1.448889777955591,2.2181630945457185,0.9255264621289386,-0.7955601249453423
1.449889977995599,2.217825905727119,0.9254994438473985,-0.7955154045104025
1.450890178035607,2.2174886102514106,0.9254724009971204,-0.7954706056710976
1.451890378075615,2.2171512082723686,0.9254453336497124,-0.7954257276624248
1.452890578115623,2.216813699947988,0.9254182418786823,-0.7953807697064796
1.453890778155631,2.2164760854405636,0.92539112575947,-0.7953357310122243
1.454890978195639,2.216138364916767,0.9253639853694863,-0.7952906107752483
1.455891178235647,2.2158005385477284,0.9253368207881482,-0.795245408177531
1.456891378275655,2.215462606509119,0.9253096320969155,-0.7952001223871943
1.457891578315663,2.2151245689812344,0.9252824193793315,-0.7951547525582529
1.458891778355671,2.214786426149081,0.9252551827210579,-0.7951092978303588
1.459891978395679,2.2144481782024608,0.925227922209917,-0.7950637573285431
1.460892178435687,2.21410982533606,0.9252006379359322,-0.7950181301629536
1.461892378475695,2.213771367749541,0.9251733299913664,-0.7949724154285819
1.462892578515703,2.2134328056476322,0.9251459984707661,-0.794926612204993
1.463892778555711,2.213094139240223,0.9251186434710024,-0.7948807195560439
1.464892978595719,2.212755368742456,0.925091265091315,-0.7948347365296015
1.465893178635727,2.212416494374829,0.9250638634333544,-0.7947886621572519
1.466893378675735,2.212077516363286,0.9250364386012312,-0.7947424954540064
1.467893578715743,2.2117384349393268,0.9250089907015555,-0.7946962354179998
1.468893778755751,2.2113992503401003,0.9249815198434889,-0.7946498810301874
1.469893978795759,2.211059962808516,0.9249540261387882,-0.7946034312540312
1.470894178835767,2.210720572593345,0.9249265097018556,-0.7945568850351834
1.471894378875775,2.210381079949332,0.9248989706497867,-0.7945102413011638
1.472894578915783,2.2100414851373023,0.9248714091024205,-0.7944634989610301
1.473894778955791,2.2097017884242747,0.9248438251823929,-0.7944166569050436
1.474894978995799,2.2093619900835773,0.9248162190151835,-0.7943697140043271
1.475895179035807,2.209022090394961,0.9247885907291751,-0.7943226691105177
1.476895379075815,2.20868208964472,0.9247609404557005,-0.7942755210554117
1.477895579115823,2.208341988125812,0.9247332683291022,-0.7942282686506044
1.478895779155831,2.2080017861379813,0.9247055744867865,-0.7941809106871238
1.479895979195839,2.207661483987881,0.9246778590692796,-0.7941334459350546
1.480896179235847,2.207321081989206,0.9246501222202875,-0.7940858731431583
1.481896379275855,2.206980580462816,0.9246223640867537,-0.7940381910384837
1.482896579315863,2.2066399797368743,0.9245945848189191,-0.7939903983259724
1.483896779355871,2.206299280146977,0.9245667845703837,-0.7939424936880555
1.484896979395879,2.2059584820362934,0.9245389634981684,-0.7938944757842424
1.485897179435887,2.2056175857557045,0.9245111217627798,-0.7938463432507052
1.486897379475895,2.205276591663945,0.9244832595282719,-0.7937980946998495
1.487897579515903,2.204935500127747,0.9244553769623156,-0.7937497287198835
1.488897779555911,2.204594311521991,0.9244274742362634,-0.7937012438743748
1.489897979595919,2.204253026229852,0.9243995515252174,-0.7936526387017995
1.490898179635927,2.2039116446429565,0.9243716090081011,-0.7936039117150867
1.491898379675935,2.2035701671615335,0.9243436468677287,-0.7935550614011488
1.492898579715943,2.2032285941945786,0.9243156652908757,-0.7935060862204051
1.493898779755951,2.202886926160011,0.9242876644683562,-0.793456984606301
1.494898979795959,2.202545163484842,0.9242596445950944,-0.7934077549648092
1.495899179835967,2.2022033066053393,0.924231605870202,-0.7933583956739312
1.496899379875975,2.2018613559672007,0.9242035484970575,-0.7933089050831829
1.497899579915983,2.2015193120257255,0.9241754726833818,-0.7932592815130725
1.498899779955991,2.201177175245995,0.9241473786413212,-0.7932095232545697
1.499899979995999,2.200834946103048,0.9241192665875295,-0.7931596285685644
1.5009001800360071,2.20049262508207,0.924091136743251,-0.7931095956853127
1.5019003800760151,2.2001502126785777,0.9240629893344049,-0.7930594228038772
1.5029005801160231,2.199807709398609,0.9240348245916739,-0.7930091080915538
1.5039007801560311,2.1994651157589185,0.9240066427505896,-0.7929586496832878
1.5049009801960391,2.1991224322871763,0.9239784440516261,-0.79290804568108
1.5059011802360471,2.1987796595221667,0.9239502287402884,-0.792857294153381
1.5069013802760551,2.1984367980139963,0.9239219970672071,-0.7928063931344747
1.5079015803160631,2.1980938483243015,0.9238937492882348,-0.79275534062385
1.5089017803560711,2.1977508110264616,0.9238654856645397,-0.7927041345855601
1.5099019803960791,2.197407686705816,0.9238372064627068,-0.7926527729475706
1.5109021804360871,2.197064475959885,0.9238089119548384,-0.7926012536010952
1.5119023804760952,2.196721179398595,0.9237806024186533,-0.7925495743999191
1.5129025805161032,2.1963777976445065,0.9237522781375963,-0.792497733159709
1.5139027805561112,2.196034331333051,0.9237239394009386,-0.7924457276573096
1.5149029805961192,2.1956907811127633,0.9236955865038902,-0.7923935556300288
1.5159031806361272,2.195347147645529,0.9236672197477087,-0.7923412147749089
1.5169033806761352,2.1950034316068288,0.9236388394398104,-0.7922887027479818
1.5179035807161432,2.1946596336859887,0.9236104458938857,-0.7922360171635136
1.5189037807561512,2.1943157545864396,0.9235820394300154,-0.7921831555932317
1.5199039807961592,2.193971795025973,0.9235536203747892,-0.7921301155655407
1.5209041808361672,2.1936277557370105,0.9235251890614258,-0.7920768945647211
1.5219043808761752,2.1932836374668736,0.9234967458298965,-0.7920234900301121
1.5229045809161832,2.1929394409780576,0.9234682910270511,-0.7919698993552826
1.5239047809561912,2.1925951670485144,0.9234398250067442,-0.7919161198871828
1.5249049809961992,2.1922508164719368,0.9234113481299658,-0.7918621489252823
1.5259051810362072,2.1919063900580498,0.923382860764974,-0.7918079837206908
1.5269053810762152,2.1915618886329087,0.9233543632874298,-0.7917536214752613
1.5279055811162232,2.191217313039199,0.9233258560805329,-0.7916990593406783
1.5289057811562312,2.190872664136546,0.9232973395351648,-0.7916442944175277
1.5299059811962392,2.1905279428018276,0.9232688140500278,-0.7915893237543499
1.5309061812362472,2.190183149929493,0.9232402800317935,-0.7915341443466728
1.5319063812762552,2.189838286431888,0.9232117378952476,-0.7914787531360288
1.5329065813162632,2.1894933532395884,0.9231831880634441,-0.7914231470089531
1.5339067813562712,2.189148351301735,0.9231546309678533,-0.7913673227959614
1.5349069813962792,2.1888032815863787,0.9231260670485247,-0.791311277270509
1.5359071814362872,2.1884581450808285,0.9230974967542415,-0.7912550071479302
1.5369073814762952,2.188112942792012,0.9230689205426831,-0.7911985090843591
1.5379075815163032,2.187767675746834,0.9230403388805937,-0.791141779675627
1.5389077815563112,2.187422344992551,0.9230117522439459,-0.791084815456141
1.5399079815963193,2.187076951597145,0.9229831611181164,-0.79102761289774
1.5409081816363273,2.1867314966497085,0.9229545659980571,-0.7909701684085307
1.5419083816763353,2.1863859812608357,0.9229259673884755,-0.7909124783316993
1.5429085817163433,2.186040406563022,0.9228973658040134,-0.7908545389443021
1.5439087817563513,2.1856947737110675,0.9228687617694338,-0.7907963464560336
1.5449089817963593,2.1853490838824916,0.9228401558198065,-0.7907378970079679
1.5459091818363673,2.1850033382779532,0.9228115485007023,-0.790679186671282
1.5469093818763753,2.1846575381216815,0.9227829403683848,-0.7906202114459476
1.5479095819163833,2.184311684661911,0.9227543319900121,-0.7905609672594045
1.5489097819563913,2.183965779171327,0.9227257239438356,-0.7905014499652034
1.5499099819963993,2.183619822947519,0.9226971168194099,-0.7904416553416279
1.5509101820364073,2.1832738173134425,0.9226685112177998,-0.7903815790902861
1.5519103820764153,2.182927763617889,0.9226399077517953,-0.7903212168346765
1.5529105821164233,2.182581663235966,0.9226113070461296,-0.7902605641187278
1.5539107821564313,2.1822355175695827,0.9225827097376996,-0.7901996164053094
1.5549109821964393,2.1818893280479497,0.922554116475794,-0.790138369074714
1.5559111822364473,2.1815430961280837,0.9225255279223211,-0.7900768174231116
1.5569113822764553,2.1811968232953243,0.9224969447520445,-0.7900149566609722
1.5579115823164633,2.180850511063858,0.922468367652822,-0.7899527819114601
1.5589117823564713,2.1805041609772537,0.9224397973258476,-0.7898902882087984
1.5599119823964793,2.180157774609008,0.9224112344859011,-0.7898274704965984
1.5609121824364873,2.179811353563101,0.9223826798615989,-0.7897643236261611
1.5619123824764953,2.1794648994745605,0.9223541341956516,-0.789700842354744
1.5629125825165033,2.17911841401004,0.9223255982451253,-0.7896370213437942
1.5639127825565113,2.178771898868402,0.9222970727817086,-0.7895728551571493
1.5649129825965193,2.1784253557813207,0.9222685585919848,-0.7895083382592031
1.5659131826365273,2.178078786513885,0.9222400564777075,-0.7894434650130361
1.5669133826765353,2.1777321928652222,0.922211567256082,-0.7893782296785087
1.5679135827165434,2.17738557666913,0.9221830917600544,-0.7893126264103205
1.5689137827565514,2.1770389397947167,0.9221546308386023,-0.7892466492560309
1.5699139827965594,2.1766922841470597,0.9221261853570313,-0.7891802921540401
1.5709141828365674,2.176345611667872,0.9220977561972817,-0.7891135489315344
1.5719143828765754,2.1759989243361795,0.9220693442582343,-0.7890464133023898
1.5729145829165834,2.175652224169018,0.922040950456025,-0.788978878865035
1.5739147829565914,2.175305513222135,0.9220125757243682,-0.7889109391002753
1.5749149829965994,2.1749587935907093,0.92198422101488,-0.7888425873690723
1.5759151830366074,2.1746120674100835,0.9219558872974118,-0.7887738169102825
1.5769153830766154,2.1742653368565072,0.921927575560389,-0.7887046208383521
1.5779155831166234,2.173918604147898,0.9218992868111553,-0.7886349921409646
1.5789157831566314,2.173571871544615,0.9218710220763245,-0.7885649236766484
1.5799159831966394,2.173225141350245,0.9218427824021375,-0.7884944081723317
1.5809161832366474,2.1728784159124044,0.9218145688548259,-0.7884234382208564
1.5819163832766554,2.1725316976235574,0.921786382520985,-0.7883520062784399
1.5829165833166634,2.1721849889218485,0.9217582245079501,-0.7882801046620882
1.5839167833566714,2.171838292291948,0.9217300959441811,-0.7882077255469607
1.5849169833966794,2.171491610265918,0.921701997979656,-0.7881348609636835
1.5859171834366874,2.171144945424088,0.9216739317862682,-0.7880615027956078
1.5869173834766954,2.1707983003959535,0.9216458985582341,-0.7879876427760216
1.5879175835167034,2.170451677861088,0.9216178995125066,-0.7879132724852999
1.5889177835567114,2.1701050805500692,0.9215899358891959,-0.7878383833480037
1.5899179835967194,2.1697585112454263,0.9215620089520009,-0.7877629666299241
1.5909181836367274,2.1694119727826044,0.9215341199886448,-0.7876870134350648
1.5919183836767354,2.1690654680509462,0.9215062703113205,-0.7876105147025699
1.5929185837167434,2.168718999994688,0.9214784612571453,-0.7875334612035896
1.5939187837567514,2.1683725716139817,0.9214506941886199,-0.7874558435380851
1.5949189837967594,2.1680261859659287,0.9214229704941015,-0.7873776521315741
1.5959191838367675,2.167679846165636,0.921395291588282,-0.7872988772318089
1.5969193838767755,2.1673335553872914,0.9213676589126744,-0.7872195089053935
1.5979195839167835,2.1669873168652596,0.9213400739361106,-0.7871395370343323
1.5989197839567915,2.1666411338951947,0.9213125381552463,-0.7870589513125121
1.5999199839967995,2.1662950098351783,0.9212850530950759,-0.7869777412421173
1.6009201840368075,2.165948948106874,0.9212576203094577,-0.7868958961299717
1.6019203840768155,2.165602952196706,0.921230241381647,-0.7868134050838137
1.6029205841168235,2.1652570256570582,0.9212029179248385,-0.7867302570084937
1.6039207841568315,2.164911172107494,0.9211756515827233,-0.7866464406021008
1.6049209841968395,2.1645653952360018,0.9211484440300486,-0.7865619443520118
1.6059211842368475,2.16421969880026,0.9211212969731946,-0.7864767565308659
1.6069213842768555,2.163874086628928,0.9210942121507557,-0.7863908651924557
1.6079215843168635,2.1635285626229566,0.921067191334139,-0.7863042581675425
1.6089217843568715,2.1631831307569285,0.9210402363281662,-0.7862169230595866
1.6099219843968795,2.1628377950804163,0.9210133489716935,-0.7861288472403957
1.6109221844368875,2.1624925597193716,0.9209865311382381,-0.7860400178456874
1.6119223844768955,2.162147428877534,0.9209597847366173,-0.7859504217705663
1.6129225845169035,2.161802406837872,0.9209331117115985,-0.785860045664906
1.6139227845569115,2.161457497964042,0.9209065140445629,-0.7857688759286499
1.6149229845969195,2.1611127067018807,0.9208799937541806,-0.785676898707013
1.6159231846369275,2.1607680375809237,0.9208535528970949,-0.785584099885591
1.6169233846769355,2.1604234952159467,0.9208271935686231,-0.7854904650853736
1.6179235847169435,2.1600790843085402,0.920800917903467,-0.7853959796576603
1.6189237847569515,2.1597348096487097,0.9207747280764379,-0.7853006286788744
1.6199239847969595,2.1593906761165065,0.920748626303194,-0.7852043969452759
1.6209241848369675,2.159046688683687,0.9207226148409892,-0.7851072689675709
1.6219243848769755,2.1587028524154004,0.9206966959894394,-0.7850092289654123
1.6229245849169835,2.158359172471912,0.9206708720912982,-0.7849102608617947
1.6239247849569916,2.15801565411035,0.9206451455332486,-0.7848103482773361
1.6249249849969996,2.1576723026864917,0.9206195187467079,-0.7847094745244498
1.6259251850370076,2.1573291236565733,0.9205939942086508,-0.7846076226013977
1.6269253850770156,2.1569861225791414,0.9205685744424394,-0.7845047751862281
1.6279255851170236,2.15664330511693,0.9205432620186736,-0.7844009146305918
1.6289257851570316,2.1563006770387756,0.9205180595560563,-0.784296022953437
1.6299259851970396,2.1559582442215626,0.9204929697222723,-0.7841900818345804
1.6309261852370476,2.1556160126522084,0.9204679952348825,-0.7840830726081471
1.6319263852770556,2.155273988429679,0.9204431388622353,-0.7839749762558852
1.6329265853170636,2.154932177767045,0.9204184034243929,-0.7838657734003419
1.6339267853570716,2.1545905869935695,0.9203937917940739,-0.7837554442979107
1.6349269853970796,2.154249222556835,0.9203693068976119,-0.7836439688317336
1.6359271854370876,2.15390809102491,0.9203449517159352,-0.7835313265044672
1.6369273854770956,2.1535671990885517,0.9203207292855538,-0.7834174964309021
1.6379275855171036,2.1532265535634463,0.9202966426995751,-0.7833024573304365
1.6389277855571116,2.152886161392491,0.9202726951087288,-0.7831861875193987
1.6399279855971196,2.1525460296481156,0.9202488897224141,-0.783068664903218
1.6409281856371276,2.152206165534643,0.9202252298097621,-0.7829498669684383
1.6419283856771356,2.1518665763906957,0.920201718700719,-0.7828297707745708
1.6429285857171436,2.151527269691638,0.920178359787145,-0.7827083529457876
1.6439287857571516,2.151188253052064,0.9201551565239361,-0.7825855896624455
1.6449289857971596,2.150849534228331,0.9201321124301605,-0.7824614566524413
1.6459291858371676,2.150511121121131,0.9201092310902174,-0.7823359291823957
1.6469293858771756,2.1501730217781136,0.9200865161550151,-0.7822089820486575
1.6479295859171836,2.1498352443965483,0.920063971343168,-0.7820805895681298
1.6489297859571916,2.149497797326036,0.920041600442214,-0.7819507255689092
1.6499299859971996,2.1491606890712665,0.920019407309853,-0.7818193633807423
1.6509301860372076,2.1488239282948203,0.9199973958752078,-0.7816864758252839
1.6519303860772157,2.1484875238200236,0.9199755701401016,-0.7815520352061643
1.6529305861172237,2.148151484633848,0.9199539341803605,-0.781416013298852
1.6539307861572317,2.14781581988986,0.9199324921471376,-0.7812783813403181
1.6549309861972397,2.1474805389112213,0.9199112482682559,-0.7811391100184851
1.6559311862372477,2.1471456511937377,0.9198902068495777,-0.7809981694614709
1.6569313862772557,2.146811166408964,0.919869372276393,-0.7808555292266073
1.6579315863172637,2.146477094407354,0.9198487490148322,-0.7807111582892439
1.6589317863572717,2.1461434452214707,0.9198283416133007,-0.7805650250313194
1.6599319863972797,2.1458102290692422,0.9198081547039395,-0.7804170972297061
1.6609321864372877,2.1454774563572787,0.9197881930041055,-0.7802673420443164
1.6619323864772957,2.1451451376842376,0.9197684613178793,-0.7801157260059685
1.6629325865173037,2.1448132838442517,0.9197489645375925,-0.7799622150040034
1.6639327865573117,2.1444819058304057,0.9197297076453855,-0.7798067742736569
1.6649329865973197,2.144151014838274,0.9197106957147863,-0.7796493683831668
1.6659331866373277,2.1438206222695166,0.9196919339123109,-0.7794899612206235
1.6669333866773357,2.143490739735529,0.9196734274990971,-0.779328515980552
1.6679335867173437,2.1431613790611554,0.9196551818325568,-0.7791649951502162
1.6689337867573517,2.1428325522884575,0.9196372023680562,-0.7789993604956519
1.6699339867973597,2.142504271680547,0.9196194946606225,-0.778831573047406
1.6709341868373677,2.1421765497254763,0.9196020643666767,-0.7786615930859906
1.6719343868773757,2.1418493991401912,0.9195849172457908,-0.7784893801270367
1.6729345869173837,2.1415228328745473,0.9195680591624733,-0.7783148929061443
1.6739347869573917,2.141196864115385,0.9195514960879818,-0.7781380893634229
1.6749349869973997,2.140871506290672,0.9195352341021621,-0.7779589266277144
1.6759351870374077,2.1405467730737064,0.9195192793953136,-0.7777773610004926
1.6769353870774157,2.140222678387389,0.919503638270082,-0.7775933479394301
1.6779355871174237,2.139899236408552,0.9194883171433829,-0.7774068420416315
1.6789357871574317,2.1395764615723625,0.9194733225483477,-0.7772177970265156
1.6799359871974398,2.139254368576785,0.9194586611363016,-0.7770261657183503
1.6809361872374478,2.138932972387113,0.9194443396787693,-0.7768319000284231
1.6819363872774558,2.138612288240571,0.9194303650695048,-0.7766349509368468
1.6829365873174638,2.1382923316509763,0.9194167443265547,-0.7764352684739864
1.6839367873574718,2.137973118413473,0.9194034845943466,-0.7762328017015045
1.6849369873974798,2.1376546646093355,0.9193905931458072,-0.7760274986930104
1.6859371874374878,2.1373369866108374,0.9193780773845074,-0.7758193065143125
1.6869373874774958,2.1370201010861893,0.9193659448468386,-0.7756081712032578
1.6879375875175038,2.1367040250045495,0.9193542032042139,-0.7753940377491527
1.6889377875575118,2.136388775641097,0.9193428602653012,-0.7751768500717583
1.6899379875975198,2.1360743705821816,0.9193319239782827,-0.7749565509998442
1.6909381876375278,2.135760827730538,0.919321402433143,-0.7747330822493004
1.6919383876775358,2.135448165310572,0.9193113038639871,-0.7745063844007871
1.6929385877175438,2.1351364018737153,0.9193016366513839,-0.7742763968769231
1.6939387877575518,2.1348255563038507,0.9192924093247415,-0.774043057918992
1.6949389877975598,2.1345156478228073,0.9192836305647064,-0.7738063045631645
1.6959391878375678,2.1342066959959234,0.919275309205593,-0.7735660726162206
1.6969393878775758,2.1338987207376796,0.9192674542378401,-0.7733222966307621
1.6979395879175838,2.1335917423174022,0.9192600748104939,-0.7730749098799059
1.6989397879575918,2.133285781365032,0.9192531802337192,-0.7728238443314434
1.6999399879975998,2.1329808588769636,0.9192467799813351,-0.7725690306214551
1.7009401880376078,2.1326769962219525,0.9192408836933791,-0.7723103980273727
1.7019403880776158,2.132374215147087,0.919235501178695,-0.772047874440467
1.7029405881176238,2.132072537783827,0.9192306424175464,-0.7717813863377585
1.7039407881576318,2.131771986654111,0.9192263175642571,-0.7715108587533331
1.7049409881976398,2.1314725846765223,0.919222536949871,-0.7712362152490465
1.7059411882376478,2.131174355172524,0.9192193110848392,-0.7709573778846112
1.7069413882776558,2.1308773218727515,0.9192166506617284,-0.7706742671870458
1.7079415883176639,2.13058150892337,0.9192145665579505,-0.7703868021194757
1.7089417883576719,2.130286940892487,0.9192130698385141,-0.7700949000492674
1.7099419883976799,2.1299936427766286,0.9192121717587952,-0.7697984767154843
1.7109421884376879,2.1297016400072644,0.9192118837673278,-0.7694974461956489
1.7119423884776959,2.129410958457395,0.919212217508611,-0.7691917208717896
1.7129425885177039,2.129121624448182,0.9192131848259364,-0.768881211395767
1.7139427885577119,2.1288336647556387,0.9192147977642242,-0.7685658266538503
1.7149429885977199,2.128547106617359,0.9192170685728808,-0.7682454737305371
1.7159431886377279,2.1282619777392955,0.9192200097086656,-0.7679200578715937
1.7169433886777359,2.1279783063025803,0.9192236338385663,-0.7675894824462988
1.7179435887177439,2.127696120970381,0.9192279538426906,-0.7672536489088745
1.718943788757752,2.1274154508947967,0.919232982817159,-0.7669124567590834
1.71994398879776,2.1271363257237814,0.9192387340770057,-0.7665658035019731
1.720944188837768,2.1268587756081003,0.9192452211590844,-0.7662135846067494
1.721944388877776,2.1265828312083057,0.9192524578249746,-0.765855693464757
1.722944588917784,2.1263085237017356,0.9192604580638872,-0.7654920213465475
1.723944788957792,2.126035884789526,0.9192692360955668,-0.7651224573580135
1.7249449889978,2.125764946703634,0.9192788063731889,-0.7647468883955658
1.725945189037808,2.125495742213864,0.9192891835862477,-0.7643651991003337
1.726945389077816,2.125228304634895,0.9193003826634345,-0.7639772718113624
1.727945589117824,2.124962667833298,0.9193124187754985,-0.763582986517788
1.728945789157832,2.1246988662345427,0.9193253073380926,-0.7631822208099618
1.72994598919784,2.1244369348299803,0.9193390640145959,-0.7627748498295012
1.730946189237848,2.124176909183802,0.9193537047189129,-0.7623607462182441
1.731946389277856,2.1239188254399575,0.9193692456182432,-0.7619397800660759
1.732946589317864,2.123662720329034,0.9193857031358168,-0.7615118188576054
1.733946789357872,2.1234086311750797,0.9194030939535947,-0.7610767274176649
1.73494698939788,2.1231565959023646,0.9194214350149249,-0.7606343678555981
1.735947189437888,2.12290665304207,0.9194407435271532,-0.760184599508318
1.736947389477896,2.122658841738897,0.9194610369641814,-0.7597272788820947
1.737947589517904,2.122413201757579,0.9194823330689674,-0.7592622595930522
1.738947789557912,2.122169773489288,0.9195046498559634,-0.7587893923063351
1.73994798959792,2.121928597957926,0.9195280056134831,-0.7583085246739193
1.740948189637928,2.1216897168262814,0.9195524189059946,-0.757819501271029
1.741948389677936,2.121453172402044,0.9195779085763299,-0.7573221635311318
1.742948589717944,2.1212190076436555,0.9196044937478047,-0.7568163496794722
1.743948789757952,2.1209872661659874,0.9196321938262424,-0.7563018946651119
1.74494898979796,2.120757992245827,0.9196610285018902,-0.7557786300914374
1.745949189837968,2.1205312308271482,0.9196910177512255,-0.7552463841451013
1.746949389877976,2.1203070275261613,0.9197221818386366,-0.7547049815233572
1.747949589917984,2.1200854286361084,0.9197545413179742,-0.7541542433597455
1.748949789957992,2.1198664811317958,0.9197881170339601,-0.7535939871480973
1.749949989998,2.11965023267383,0.9198229301234455,-0.7530240266648075
1.750950190038008,2.1194367316125455,0.9198590020165066,-0.7524441718893398
1.751950390078016,2.1192260269915923,0.9198963544373656,-0.7518542289229176
1.752950590118024,2.1190181685511593,0.9199350094051273,-0.7512539999053557
1.753950790158032,2.118813206730808,0.9199749892343165,-0.7506432829299893
1.75495099019804,2.1186111926718882,0.9200163165352038,-0.7500218719566479
1.755951190238048,2.1184121782195025,0.9200590142139063,-0.7493895567226341
1.756951390278056,2.118216215923991,0.9201031054722467,-0.7487461226516482
1.757951590318064,2.1180233590419006,0.9201486138073577,-0.7480913507606132
1.758951790358072,2.1178336615364044,0.9201955630110152,-0.7474250175643472
1.75995199039808,2.117647178077134,0.9202439771686812,-0.7467468949780275
1.760952190438088,2.117463964039387,0.9202938806582374,-0.7460567502173907
1.761952390478096,2.117284075502659,0.9203452981483982,-0.7453543456966164
1.762952590518104,2.1171075692484758,0.9203982545967737,-0.7446394389238318
1.763952790558112,2.116934502757458,0.9204527752475655,-0.7439117823941752
1.76495299059812,2.1167649342055816,0.9205088856288772,-0.7431711234803655
1.765953190638128,2.1165989224595823,0.9205666115496107,-0.7424172043207058
1.766953390678136,2.116436527071449,0.9206259790959249,-0.7416497617044597
1.767953590718144,2.1162778082719442,0.920687014627237,-0.7408685269545352
1.768953790758152,2.1161228269631014,0.9207497447717322,-0.7400732258074058
1.76995399079816,2.1159716447096275,0.9208141964213569,-0.7392635782901974
1.770954190838168,2.1158243237291496,0.9208803967262665,-0.7384392985948723
1.771954390878176,2.1156809268812307,0.9209483730886965,-0.7376000949494353
1.772954590918184,2.1155415176550867,0.9210181531562208,-0.7367456694860813
1.773954790958192,2.115406160155922,0.9210897648143689,-0.7358757181062147
1.7749549909982,2.1152749190898015,0.9211632361785597,-0.7349899303422528
1.775955191038208,2.115147859746979,0.9212385955853185,-0.7340879892161355
1.776955391078216,2.1150250479835813,0.9213158715827345,-0.7331695710944578
1.777955591118224,2.114906550201563,0.9213950929201178,-0.7322343455401307
1.778955791158232,2.1147924333268207,0.9214762885368115,-0.7312819751604935
1.7799559911982392,2.114682764785365,0.9215594875501146,-0.7303121154517762
1.7809561912382472,2.1145776124774414,0.9216447192422631,-0.7293244146398246
1.7819563912782552,2.1144770447494747,0.9217320130464216,-0.7283185135169885
1.7829565913182632,2.1143811303637206,0.9218213985316297,-0.7272940452750771
1.7839567913582712,2.1142899384654825,0.9219129053866485,-0.7262506353342794
1.7849569913982792,2.1142035385477707,0.9220065634026433,-0.7251879011679452
1.7859571914382872,2.11412200041324,0.9221024024546479,-0.7241054521231238
1.7869573914782952,2.1140453941332695,0.9222004524817362,-0.7230028892367485
1.7879575915183032,2.1139737900040125,0.9223007434658373,-0.7218798050473559
1.7889577915583112,2.113907258499247,0.9224033054091221,-0.7207357834022267
1.7899579915983193,2.1138458702198544,0.9225081683098791,-0.7195703992598311
1.7909581916383273,2.113789695839726,0.922615362136808,-0.7183832184874591
1.7919583916783353,2.113738806047908,0.9227249168016388,-0.7171737976539111
1.7929585917183433,2.1136932714867704,0.9228368621299924,-0.7159416838171255
1.7939587917583513,2.1136531626859787,0.9229512278303864,-0.7146864143066145
1.7949589917983593,2.1136185499920344,0.923068043461292,-0.7134075165005745
1.7959591918383673,2.11358950349314,0.9231873383961336,-0.7121045075975415
1.7969593918783753,2.1135660929391267,0.9233091417861279,-0.7107768943824475
1.7979595919183833,2.1135483876561763,0.9234334825208432,-0.7094241729869454
1.7989597919583913,2.1135364564560404,0.9235603891863625,-0.708045828643852
1.7999599919983993,2.1135303675394623,0.923689890020924,-0.7066413354355682
1.8009601920384073,2.1135301883934763,0.9238220128679018,-0.7052101560363242
1.8019603920784153,2.113535985682245,0.9239567851259926,-0.7037517414481
1.8029605921184233,2.113547825131084,0.9240942336964565,-0.702265530730065
1.8039607921584313,2.1135657714032927,0.9242343849272605,-0.7007509507213788
1.8049609921984393,2.113589887969396,0.9243772645539589,-0.6992074157571964
1.8059611922384473,2.113620236968384,0.9245228976371384,-0.6976343273777085
1.8069613922784553,2.113656879060504,0.9246713084962496,-0.6960310740300588
1.8079615923184633,2.1136998732711363,0.9248225206396355,-0.6943970307629665
1.8089617923584713,2.113749276825275,0.9249765566905486,-0.692731558913883
1.8099619923984793,2.113805144972086,0.9251334383089551,-0.6910340057885154
1.8109621924384873,2.113867530799,0.9252931861088993,-0.6893037043325382
1.8119623924784953,2.113936485034764,0.9254558195711913,-0.6875399727953209
1.8129625925185033,2.1140120558408486,0.9256213569511765,-0.6857421143854957
1.8139627925585113,2.1140942885905596,0.9257898151813219,-0.6839094169181815
1.8149629925985193,2.1141832256351876,0.9259612097683471,-0.6820411524536932
1.8159631926385273,2.1142789060564766,0.926135554684612,-0.6801365769275538
1.8169633926785353,2.114381365404658,0.9263128622534532,-0.6781949297716316
1.8179635927185434,2.114490635421258,0.9264931430281494,-0.676215433526223
1.8189637927585514,2.114606743745835,0.9266764056641797,-0.6741972934429074
1.8199639927985594,2.1147297136057643,0.9268626567844116,-0.672139697077994
1.8209641928385674,2.1148595634881344,0.9270519008368461,-0.6700418138763969
1.8219643928785754,2.1149963067927637,0.9272441399445227,-0.6679027947457566
1.8229645929185834,2.115139951465304,0.9274393737471611,-0.6657217716206566
1.8239647929585914,2.1152904996093214,0.9276375992340994,-0.6634978570167622
1.8249649929985994,2.115447947076201,0.927838810568061,-0.6612301435747384
1.8259651930386074,2.115612283031644,0.9280429988992571,-0.658917703593791
1.8269653930786154,2.115783489497463,0.9282501521693042,-0.6565595885546983
1.8279655931186234,2.1159615408673162,0.928460254904403,-0.6541548286322024
1.8289657931586314,2.1161464033949238,0.9286732879972063,-0.6517024321966445
1.8299659931986394,2.116338034653257,0.9288892284767529,-0.6492013853047371
1.8309661932386474,2.1165363829630826,0.9291080492658248,-0.646650651179388
1.8319663932786554,2.116741386789168,0.9293297189250417,-0.6440491696785011
1.8329665933186634,2.1169529741023516,0.9295542013829686,-0.6413958567527036
1.8339667933586714,2.1171710617055877,0.929781455651472,-0.6386896038919676
1.8349669933986794,2.1173955545219663,0.930011435525515,-0.6359292775611185
1.8359671934386874,2.1176263448425967,0.9302440892665365,-0.6331137186242562
1.8369673934786954,2.1178633115321293,0.9304793592685107,-0.6302417417581363
1.8379675935187034,2.1181063191895646,0.9307171817057293,-0.6273121348546017
1.8389677935587114,2.118355217261864,0.9309574861612927,-0.6243236584121868
1.8399679935987194,2.1186098391077466,0.9312001952352448,-0.6212750449170682
1.8409681936387274,2.11887000100891,0.9314452241312084,-0.6181649982135693
1.8419683936787354,2.1191355011257498,0.931692480220332,-0.6149921928644975
1.8429685937187434,2.1194061183945063,0.9319418625812699,-0.6117552735016337
1.8439687937587514,2.119681611362595,0.9321932615148536,-0.6084528541667691
1.8449689937987594,2.1199617169586866,0.9324465580320281,-0.605083517643756
1.8459691938387675,2.12024614919393,0.9327016233135481,-0.6016458147821111
1.8469693938787755,2.120534597790512,0.9329583181398291,-0.5981382638128057
1.8479695939187835,2.120826726733539,0.9332164922892608,-0.5945593496569685
1.8489697939587915,2.121122172742,0.9334759839031933,-0.5909075232283358
1.8499699939987995,2.121420543654369,0.9337366188156785,-0.5871812007303944
1.8509701940388075,2.121721416724137,0.9339982098459617,-0.5833787629493041
1.8519703940788155,2.1220243368203313,0.9342605560515727,-0.5794985545438098
1.8529705941188235,2.1223288145278247,0.9345234419397496,-0.5755388833335254
1.8539707941588315,2.1226343241419423,0.9347866366347838,-0.57149801958713
1.8549709941988395,2.1229403015516177,0.9350498929987275,-0.5673741953122091
1.8559711942388475,2.1232461420050264,0.935312946702755,-0.563165603548678
1.8569713942788555,2.123551197751342,0.9355755152462876,-0.5588703976679436
1.8579715943188635,2.1238547755519184,0.9358372969208272,-0.5544866906802111
1.8589717943588715,2.1241561340538775,0.9360979697152516,-0.5500125545526136
1.8599719943988795,2.124454481018742,0.9363571901591099,-0.5454460195411234
1.8609721944388875,2.1247489703983815,0.9366145921002565,-0.5407850735395409
1.8619723944788955,2.12503869925019,0.936869785412921,-0.5360276614491917
1.8629725945189035,2.1253227044830143,0.937122354632068,-0.5311716845733617
1.8639727945589115,2.125599959424972,0.9373718575096391,-0.5262150000409035
1.8649729945989195,2.1258693702039064,0.937617823487982,-0.5211554202639116
1.8659731946389275,2.1261297719307946,0.9378597520854803,-0.5159907124348573
1.8669733946789355,2.126379924676025,0.9380971111890644,-0.5107185980691172
1.8679735947189435,2.12661850922803,0.9383293352479394,-0.5053367525994171
1.8689737947589515,2.1268441226233175,0.9385558233624979,-0.4998428050293547
1.8699739947989595,2.12705527343651,0.9387759372619654,-0.49423433765385516
1.8709741948389675,2.127250376818539,0.9389889991638911,-0.48850888585517716
1.8719743948789755,2.1274277492706606,0.9391942895080961,-0.48266393798389
1.8729745949189835,2.1275856031414357,0.9393910445571292,-0.4766969353351268
1.8739747949589916,2.127722040833239,0.9395784538546218,-0.4706052722313546
1.8749749949989996,2.1278350487041235,0.9397556575321354,-0.4643862962238955
1.8759751950390076,2.127922490649916,0.939921743454058,-0.4580373084264665
1.8769753950790156,2.127982101350016,0.94007574418871,-0.4515555639950581
1.8779755951190236,2.128011479158193,0.9402166337917862,-0.4449382727694796
1.8789757951590316,2.1280080786161193,0.9403433243851635,-0.4381826000927799
1.8799759951990396,2.1279692025613355,0.9404546625091755,-0.43128566782533034
1.8809761952390476,2.127891993790987,0.940549425218347,-0.42424455557035895
1.8819763952790556,2.1277734262246604,0.940626315876992,-0.4170563021266475
1.8829765953190636,2.127610295478334,0.9406839595879518,-0.4097179071811235
1.8839767953590716,2.127399208706854,0.9407208981481424,-0.40222633324779766
1.8849769953990796,2.1271365734773786,0.9407355843564236,-0.39457850784755294
1.8859771954390876,2.1268185852712627,0.9407263753818689,-0.38677132590178775
1.8869773954790956,2.126441212926041,0.9406915246982068,-0.3788016522753471
1.8879775955191036,2.1260001808352875,0.9406291717419721,-0.37066632433990365
1.8889777955591116,2.1254909458731617,0.9405373278536397,-0.36236215432045826
1.8899779955991196,2.1249086655484724,0.9404138560354294,-0.35388593100658394
1.8909781956391276,2.1242481513890903,0.9402564403057603,-0.34523442011055333
1.8919783956791356,2.1235037972822597,0.9400625374399743,-0.3364043620631995
1.8929785957191436,2.122669465220566,0.9398292988030251,-0.32739246523867316
1.8939787957591516,2.121738298563057,0.9395534413639206,-0.31819539130782415
1.8949789957991596,2.120702412065095,0.9392310324287708,-0.30880972735149126
1.8959791958391676,2.119552372814851,0.9388571281354273,-0.29923193608140203
1.8969793958791756,2.118276327328145,0.9384251646845876,-0.28945827035517224
1.8979795959191836,2.116858531748223,0.9379259327126133,-0.2794846301509695
1.8989797959591916,2.115276878830839,0.9373458512663341,-0.26930632786956527
1.8999799959991996,2.113498745931618,0.9366640695566821,-0.2589177092908286
1.9009801960392076,2.111474047051545,0.9358476157431237,-0.24831155017355463
1.9019803960792157,2.1091236577681043,0.9348433099434056,-0.2374781094326854
1.9029805961192237,2.106320244679694,0.9335643539068706,-0.22640366673550746
1.9039807961592317,2.1028567680877552,0.931868247194097,-0.2150683063356174
1.9049809961992397,2.098395317671357,0.9295207686221297,-0.20344264183739885
1.9059811962392477,2.092385411292164,0.9261380530309633,-0.19148314834790148
1.9069813962792557,2.0839370281896725,0.9210954528141672,-0.17912588641474175
1.9079815963192637,2.071632117065771,0.9133891617665383,-0.16627892129207994
1.9089817963592717,2.053267089107435,0.901438771731579,-0.15281520488547432
1.9099819963992797,2.025557165629772,0.8828372656615623,-0.13857108550375105
1.9109821964392877,1.983937751160105,0.8541131823513918,-0.12336221564696595
1.9119823964792957,1.922806715730282,0.8107030570766182,-0.10703834688706547
1.9129825965193037,1.836809953951993,0.747548983206234,-0.08960440935370373
1.9139827965593117,1.7237051703037298,0.6608877702909525,-0.07141436709263768
1.9149829965993197,1.5881813416887052,0.5514001244866346,-0.0533610293559495
1.9159831966393277,1.4437168896993373,0.42734238907005245,-0.03685182383221204
1.9169833966793357,1.3089027714291857,0.3042655509945849,-0.02335365783945605
1.9179835967193437,1.1991287006862892,0.1988691881101539,-0.013660646769896718
1.9189837967593517,1.1202643735199245,0.1206973176984031,-0.0075214580010122805
1.9199839967993597,1.069148206547706,0.06933572131419116,-0.003997925194395297
1.9209841968393677,1.0384462236279925,0.038434023315174946,-0.0020946352037784313
1.9219843968793757,1.0209288400233891,0.0208602694423454,-0.001094689515645367
1.9229845969193837,1.0112504639599489,0.011189384686107109,-0.0005733308196157092
1.9239847969593917,1.006004194551694,0.005963424945312405,-0.0003011695761076157
1.9249849969993997,1.003191267541534,0.0031670558285270744,-0.00015858483187340423
1.9259851970394077,1.0016922514404818,0.001678658071045875,-8.363819040784704e-05
1.9269853970794157,1.0008961528960854,0.0008887367580830536,-4.4152046367841695e-05
1.9279855971194237,1.0004741799825076,0.0004701943243064153,-2.3318547613975358e-05
1.9289857971594317,1.0002507670926366,0.00024864216164453026,-1.2317749856340328e-05
1.9299859971994398,1.0001325651335813,0.00013143713377479697,-6.506770283592659e-06
1.9309861972394478,1.0000700574295585,6.946007229915023e-05,-3.436847575977852e-06
1.9319863972794558,1.0000370137957455,3.669788461727679e-05,-1.8150604431667202e-06
1.9329865973194638,1.0000195509285619,1.9383997680621298e-05,-9.58394179870802e-07
1.9339867973594718,1.000010324540261,1.023637976664792e-05,-5.059550359858115e-07
1.9349869973994798,1.0000054510031582,5.404461388005063e-06,-2.6704856256175624e-07
1.9359871974394878,1.00000287730601,2.8527431860506026e-06,-1.4092139506290982e-07
1.9369873974794958,1.0000015184497772,1.5054899639145696e-06,-7.43482655791724e-08
1.9379875975195038,1.0000008011614914,7.943253014976902e-07,-3.92167311228528e-08
1.9389877975595118,1.0000004226153432,4.190101409443806e-07,-2.0681322800493167e-08
1.9399879975995198,1.0000002228826277,2.2098177632017022e-07,-1.0904142267525736e-08
1.9409881976395278,1.0000001175203552,1.1651834716193728e-07,-5.7479233430384115e-09
1.9419883976795358,1.0000000619520972,6.142401733868049e-08,-3.029261225372387e-09
1.9429885977195438,1.000000032651646,3.237339689398223e-08,-1.5961321572335106e-09
1.9439887977595518,1.0000000172052268,1.7058646876309966e-08,-8.408284720880966e-10
1.9449889977995598,1.0000000090640453,8.986844679329575e-09,-4.428457659463768e-10
1.9459891978395678,1.0000000047740851,4.7334341095590864e-09,-2.331869272243059e-10
1.9469893978795758,1.0000000025139972,2.492596435371113e-09,-1.2276162011633652e-10
1.9479895979195838,1.0000000013235675,1.3123033106905004e-09,-6.461417867929335e-11
1.9489897979595918,1.0000000006966812,6.907536739299784e-10,-3.400164686996974e-11
1.9499899979995998,1.0000000003666307,3.6351218573229517e-10,-1.788871271647849e-11
1.9509901980396078,1.0000000001928993,1.9125891165282698e-10,-9.409474430995429e-12
1.9519903980796158,1.0000000001014704,1.0060778392121548e-10,-4.9483330769351765e-12
1.9529905981196238,1.0000000000533649,5.291133812800436e-11,-2.601715528510712e-12
1.9539907981596318,1.0000000000280593,2.7820982847552968e-11,-1.3676271814924904e-12
1.9549909981996398,1.0000000000147506,1.4625236503124357e-11,-7.187566852091618e-13
1.9559911982396478,1.0000000000077525,7.686716890963271e-12,-3.7765955301583894e-13
1.9569913982796558,1.0000000000040736,4.039053310967768e-12,-1.9838947535690743e-13
1.9579915983196639,1.00000000000214,2.121852986534674e-12,-1.0419065704938778e-13
1.9589917983596719,1.0000000000011242,1.1144025251652677e-12,-5.470410139163057e-14
1.9599919983996799,1.0000000000005904,5.851387886126176e-13,-2.871318823676062e-14
1.9609921984396879,1.0000000000003102,3.072162250801862e-13,-1.506666048551159e-14
1.9619923984796959,1.000000000000163,1.6127592921690304e-13,-7.903552358761828e-15
1.9629925985197039,1.0000000000000855,8.465440650829304e-14,-4.144658775716865e-15
1.9639927985597119,1.000000000000045,4.446917915673269e-14,-2.172722941626421e-15
1.9649929985997199,1.0000000000000238,2.3354916795539646e-14,-1.137960377186711e-15
1.9659931986397279,1.0000000000000124,1.2286552058007335e-14,-5.948938138022405e-16
1.9669933986797359,1.0000000000000067,6.481179401941406e-15,-3.0966114194823674e-16
1.9679935987197439,1.0000000000000036,3.421643459853344e-15,-1.596132792950335e-16
1.968993798759752,1.0000000000000018,1.786315928277258e-15,-8.058574896951546e-17
1.96999399879976,1.0000000000000009,8.932057459422771e-16,-3.9133115728593806e-17
1.970994198839768,1.0000000000000004,4.2982790940426936e-16,-1.7892231699210194e-17
1.971994398879776,1.0,1.689799919897522e-16,-7.306165613272634e-18
1.972994598919784,1.0,4.6366695885988146e-17,-2.5489780128416706e-18
1.973994798959792,1.0,1.0893052906580623e-17,-7.910642013442572e-19
1.9749949989998,1.0,2.7216727703764514e-18,-2.3423525932406666e-19
1.975995199039808,1.0,6.6393472388035645e-19,-6.654316674371765e-20
1.976995399079816,1.0,1.6373651184297335e-19,-1.848721788398674e-20
1.977995599119824,1.0,4.028148602549657e-20,-5.043553278590081e-21
1.978995799159832,1.0,9.945861979582688e-21,-1.3598383381622088e-21
1.97999599919984,1.0,2.4607873874306566e-21,-3.6344645835261273e-22
1.980996199239848,1.0,6.11014715645366e-22,-9.657024007842822e-23
1.981996399279856,1.0,1.5227869111756086e-22,-2.5553692321891329e-23
1.982996599319864,1.0,3.810623460331413e-23,-6.741887721804044e-24
1.983996799359872,1.0,9.572563309375849e-24,-1.7743174229523018e-24
1.98499699939988,1.0,2.412548540621796e-24,-4.657724538461887e-25
1.985997199439888,1.0,6.093692264078339e-25,-1.2189738845094392e-25
1.986997399479896,1.0,1.5404856000634243e-25,-3.1781999845335046e-26
1.987997599519904,1.0,3.8920654256736895e-26,-8.249238395692826e-27
1.988997799559912,1.0,9.814755574388728e-27,-2.1303282079168e-27
1.98999799959992,1.0,2.4679185649744884e-27,-5.472254583752265e-28
1.990998199639928,1.0,6.18453376379162e-28,-1.3983598053141322e-28
1.991998399679936,1.0,1.5445100430846272e-28,-3.55631355350215e-29
1.992998599719944,1.0,3.8454536242244596e-29,-9.007779990758703e-30
1.993998799759952,1.0,9.551427815501899e-30,-2.274250972210498e-30
1.99499899979996,1.0,2.3686358868871032e-30,-5.728348714905371e-31
1.995999199839968,1.0,5.8691083272704935e-31,-1.440505357319372e-31
1.996999399879976,1.0,1.4540652618278806e-31,-3.618827455021051e-32
1.997999599919984,1.0,3.6063081490639527e-32,-9.093194592672493e-33
1.998999799959992,1.0,9.068987690985877e-33,-2.3155467174835274e-33
2.0,1.0,2.765917631031628e-33,-7.153183779273179e-34
