-3.0,5.0,0.0
-2.998999799959992,5.0,0.0
-2.997999599919984,5.0,0.0
-2.996999399879976,5.0,0.0
-2.995999199839968,5.0,0.0
-2.99499899979996,5.0,0.0
-2.993998799759952,5.0,0.0
-2.992998599719944,5.0,0.0
-2.991998399679936,5.0,0.0
-2.990998199639928,5.0,0.0
-2.98999799959992,5.0,0.0
-2.988997799559912,5.0,0.0
-2.987997599519904,5.0,0.0
-2.986997399479896,5.0,0.0
-2.985997199439888,5.0,0.0
-2.98499699939988,5.0,0.0
-2.983996799359872,5.0,0.0
-2.982996599319864,5.0,0.0
-2.981996399279856,5.0,0.0
-2.980996199239848,5.0,0.0
-2.97999599919984,5.0,0.0
-2.978995799159832,5.0,0.0
-2.977995599119824,5.0,0.0
-2.976995399079816,5.0,0.0
-2.975995199039808,5.0,0.0
-2.9749949989998,5.0,0.0
-2.973994798959792,5.0,0.0
-2.972994598919784,5.0,0.0
-2.971994398879776,5.0,0.0
-2.970994198839768,5.0,0.0
-2.96999399879976,5.0,0.0
-2.968993798759752,5.0,0.0
-2.967993598719744,5.0,0.0
-2.966993398679736,5.0,0.0
-2.965993198639728,5.0,0.0
-2.96499299859972,5.0,0.0
-2.963992798559712,5.0,0.0
-2.962992598519704,5.0,0.0
-2.961992398479696,5.0,0.0
-2.960992198439688,5.0,0.0
-2.95999199839968,5.0,0.0
-2.958991798359672,5.0,0.0
-2.957991598319664,5.0,0.0
-2.956991398279656,5.0,0.0
-2.955991198239648,5.0,0.0
-2.95499099819964,5.0,0.0
-2.953990798159632,5.0,0.0
-2.952990598119624,5.0,0.0
-2.951990398079616,5.0,0.0
-2.950990198039608,5.0,0.0
-2.9499899979996,5.0,0.0
-2.948989797959592,5.0,0.0
-2.947989597919584,5.0,0.0
-2.946989397879576,5.0,0.0
-2.945989197839568,5.0,0.0
-2.94498899779956,5.0,0.0
-2.943988797759552,5.0,0.0
-2.942988597719544,5.0,0.0
-2.941988397679536,5.0,0.0
-2.940988197639528,5.0,0.0
-2.93998799759952,5.0,0.0
-2.938987797559512,5.0,0.0
-2.937987597519504,5.0,0.0
-2.9369873974794958,5.0,0.0
-2.9359871974394878,5.0,0.0
-2.9349869973994798,5.0,0.0
-2.9339867973594718,5.0,0.0
-2.9329865973194638,5.0,0.0
-2.9319863972794558,5.0,0.0
-2.9309861972394478,5.0,0.0
-2.9299859971994398,5.0,0.0
-2.9289857971594317,5.0,0.0
-2.9279855971194237,5.0,0.0
-2.9269853970794157,5.0,0.0
-2.9259851970394077,5.0,0.0
-2.9249849969993997,5.0,0.0
-2.9239847969593917,5.0,0.0
-2.9229845969193837,5.0,0.0
-2.9219843968793757,5.0,0.0
-2.9209841968393677,5.0,0.0
-2.9199839967993597,5.0,0.0
-2.9189837967593517,5.0,0.0
-2.9179835967193437,5.0,0.0
-2.9169833966793357,5.0,0.0
-2.9159831966393277,5.0,0.0
-2.9149829965993197,5.0,0.0
-2.9139827965593117,5.0,0.0
-2.9129825965193037,5.0,0.0
-2.9119823964792957,5.0,0.0
-2.9109821964392877,5.0,0.0
-2.9099819963992797,5.0,0.0
-2.9089817963592717,5.0,0.0
-2.9079815963192637,5.0,0.0
-2.9069813962792557,5.0,0.0
-2.9059811962392477,5.0,0.0
-2.9049809961992397,5.0,1e-323
-2.9039807961592317,5.0,7.4e-323
-2.9029805961192237,5.0,5.93e-322
-2.9019803960792157,5.0,4.674e-321
-2.9009801960392076,5.0,3.6897e-320
-2.8999799959991996,5.0,2.9136e-319
-2.8989797959591916,5.0,2.302203e-318
-2.8979795959191836,5.0,1.82077e-317
-2.8969793958791756,5.0,1.4417402e-316
-2.8959791958391676,5.0,1.143324366e-315
-2.8949789957991596,5.0,9.08316865e-315
-2.8939787957591516,5.0,7.231497216e-314
-2.8929785957191436,5.0,5.77137205077e-313
-2.8919783956791356,5.0,4.618739178223e-312
-2.8909781956391276,5.0,3.7075581059245e-311
-2.8899779955991196,5.0,2.98599554650833e-310
-2.8889777955591116,5.0,2.413405519493643e-309
-2.8879775955191036,5.0,1.957937523814206e-308
-2.8869773954790956,5.0,1.5946456625520075e-307
-2.8859771954390876,5.0,1.3039966742545395e-306
-2.8849769953990796,5.0,1.0706950140182034e-305
-2.8839767953590716,5.0,8.827594015871228e-305
-2.8829765953190636,5.0,7.307983773232527e-304
-2.881976395279056,5.0,6.074429869819596e-303
-2.880976195239048,5.0,5.069032379842154e-302
-2.87997599519904,5.0,4.246218236079212e-301
-2.878975795159032,5.0,3.57004112845676e-300
-2.877975595119024,5.0,3.0120780890458795e-299
-2.876975395079016,5.0,2.5497919722738445e-298
-2.875975195039008,5.0,2.1652570484108387e-297
-2.874974994999,5.0,1.8441671585879747e-296
-2.873974794958992,5.0,1.5750634653695474e-295
-2.872974594918984,5.0,1.3487326985160618e-294
-2.871974394878976,5.0,1.1577376920945312e-293
-2.870974194838968,5.0,9.960505449120708e-293
-2.86997399479896,5.0,8.587654023814198e-292
-2.868973794758952,5.0,7.41873049035307e-291
-2.867973594718944,5.0,6.420835328273751e-290
-2.866973394678936,5.0,5.566861667031338e-289
-2.865973194638928,5.0,4.834386692243129e-288
-2.86497299459892,5.0,4.204790717886207e-287
-2.863972794558912,5.0,3.6625545897886407e-286
-2.862972594518904,5.0,3.1946971764780326e-285
-2.861972394478896,5.0,2.7903232496329403e-284
-2.860972194438888,5.0,2.440258643785212e-283
-2.85997199439888,5.0,2.136754666592113e-282
-2.858971794358872,5.0,1.87324765620933e-281
-2.857971594318864,5.0,1.6441626195665937e-280
-2.856971394278856,5.0,1.4447522406342799e-279
-2.855971194238848,5.0,1.2709643787745376e-278
-2.85497099419884,5.0,1.1193326046226663e-277
-2.853970794158832,5.0,9.868854368886624e-277
-2.852970594118824,5.0,8.710708185851332e-276
-2.851970394078816,5.0,7.696930595555633e-275
-2.850970194038808,5.0,6.80860015323685e-274
-2.8499699939988,5.0,6.029387021899535e-273
-2.848969793958792,5.0,5.345178898710356e-272
-2.847969593918784,5.0,4.743764849626811e-271
-2.846969393878776,5.0,4.214567359930703e-270
-2.845969193838768,5.0,3.748414654241971e-269
-2.84496899379876,5.0,3.3373467470737253e-268
-2.843968793758752,5.0,2.9744498247615484e-267
-2.842968593718744,5.0,2.653714486866216e-266
-2.841968393678736,5.0,2.3699141329921134e-265
-2.840968193638728,5.0,2.1185004029991476e-264
-2.83996799359872,5.0,1.8955130910653464e-263
-2.838967793558712,5.0,1.6975023775424806e-262
-2.837967593518704,5.0,1.5214615732357866e-261
-2.836967393478696,5.0,1.3647688615071211e-260
-2.835967193438688,5.0,1.2251367648050582e-259
-2.83496699339868,5.0,1.1005682623101385e-258
-2.833966793358672,5.0,9.893186513265077e-258
-2.832966593318664,5.0,8.898623826817616e-257
-2.831966393278656,5.0,8.008642146170417e-256
-2.830966193238648,5.0,7.211541245869195e-255
-2.82996599319864,5.0,6.497054975042208e-254
-2.828965793158632,5.0,5.856161751347896e-253
-2.827965593118624,5.0,5.280920069328556e-252
-2.826965393078616,5.0,4.764325895228631e-251
-2.825965193038608,5.0,4.30018921811937e-250
-2.8249649929986,5.0,3.883027365800098e-249
-2.823964792958592,5.0,3.507972983180522e-248
-2.822964592918584,5.0,3.1706948186034485e-247
-2.821964392878576,5.0,2.867329676434772e-246
-2.820964192838568,5.0,2.5944240778944695e-245
-2.81996399279856,5.0,2.3488843315402062e-244
-2.818963792758552,5.0,2.1279338545412807e-243
-2.817963592718544,5.0,1.929076709913555e-242
-2.816963392678536,5.0,1.7500664367281257e-241
-2.815963192638528,5.0,1.5888793528702074e-240
-2.81496299259852,5.0,1.4436916054597312e-239
-2.813962792558512,5.0,1.3128593340976822e-238
-2.812962592518504,5.0,1.1949013975218825e-237
-2.8119623924784958,5.0,1.0884841952631795e-236
-2.8109621924384878,5.0,9.92408192196255e-236
-2.8099619923984798,5.0,9.05595824832537e-235
-2.8089617923584718,5.0,8.270805329816116e-234
-2.8079615923184638,5.0,7.559967181827898e-233
-2.8069613922784558,5.0,6.915704803972245e-232
-2.8059611922384478,5.0,6.331110264309755e-231
-2.8049609921984398,5.0,5.800026773373185e-230
-2.8039607921584317,5.0,5.316974278787445e-229
-2.8029605921184237,5.0,4.8770802959881315e-228
-2.8019603920784157,5.0,4.476015810148078e-227
-2.8009601920384077,5.0,4.109936149378888e-226
-2.7999599919983997,5.0,3.775426751027988e-225
-2.7989597919583917,5.0,3.469453733011012e-224
-2.7979595919183837,5.0,3.1893191515182675e-223
-2.7969593918783757,5.0,2.9326207847637577e-222
-2.7959591918383677,5.0,2.6972162376862425e-221
-2.7949589917983597,5.0,2.481191120770495e-220
-2.7939587917583517,5.0,2.2828310216482788e-219
-2.7929585917183437,5.0,2.1005969633162746e-218
-2.7919583916783357,5.0,1.9331040286048686e-217
-2.7909581916383277,5.0,1.779102826664491e-216
-2.7899579915983197,5.0,1.6374634825393773e-215
-2.7889577915583117,5.0,1.50716184365527e-214
-2.7879575915183037,5.0,1.3872676152935797e-213
-2.7869573914782957,5.0,1.276934158909644e-212
-2.7859571914382877,5.0,1.1753897107478572e-211
-2.7849569913982797,5.0,1.081929802246323e-210
-2.7839567913582717,5.0,9.959106872831268e-210
-2.7829565913182637,5.0,9.167436039169392e-209
-2.7819563912782557,5.0,8.438897198267284e-208
-2.7809561912382477,5.0,7.768556313466125e-207
-2.7799559911982397,5.0,7.151893061391157e-206
-2.7789557911582317,5.0,6.584763794403052e-205
-2.7779555911182237,5.0,6.0633673355693475e-204
-2.7769553910782157,5.0,5.584213097385123e-203
-2.7759551910382076,5.0,5.144091202146216e-202
-2.7749549909981996,5.0,4.740044453329017e-201
-2.7739547909581916,5.0,4.3693421543748975e-200
-2.7729545909181836,5.0,4.029455884562496e-199
-2.7719543908781756,5.0,3.718037413415237e-198
-2.7709541908381676,5.0,3.432898960790537e-197
-2.7699539907981596,5.0,3.171995989282138e-196
-2.7689537907581516,5.0,2.933412653562352e-195
-2.7679535907181436,5.0,2.7153499370784628e-194
-2.7669533906781356,5.0,2.5161163928625626e-193
-2.7659531906381276,5.0,2.334121286732987e-192
-2.7649529905981196,5.0,2.1678698324147752e-191
-2.7639527905581116,5.0,2.0159601217227304e-190
-2.7629525905181036,5.0,1.8770812981418187e-189
-2.7619523904780956,5.0,1.7500125037447058e-188
-2.7609521904380876,5.0,1.6336221476121243e-187
-2.7599519903980796,5.0,1.5268670947365104e-186
-2.7589517903580716,5.0,1.428791450451979e-185
-2.7579515903180636,5.0,1.3385247073606785e-184
-2.7569513902780556,5.0,1.2552791194715757e-183
-2.7559511902380476,5.0,1.1783462624060827e-182
-2.7549509901980396,5.0,1.1070928212626e-181
-2.7539507901580316,5.0,1.0409557135596613e-180
-2.7529505901180236,5.0,9.794367006260239e-180
-2.7519503900780156,5.0,9.220966663453362e-179
-2.7509501900380076,5.0,8.685497488214138e-178
-2.7499499899979996,5.0,8.184575013412612e-177
-2.7489497899579916,5.0,7.71523237895774e-176
-2.7479495899179835,5.0,7.274866896844178e-175
-2.7469493898779755,5.0,6.861190664884182e-174
-2.7459491898379675,5.0,6.47218583991649e-173
-2.7449489897979595,5.0,6.106064877274438e-172
-2.7439487897579515,5.0,5.761235781492666e-171
-2.7429485897179435,5.0,5.436272203641011e-170
-2.7419483896779355,5.0,5.129888066283875e-169
-2.7409481896379275,5.0,4.840916295422501e-168
-2.7399479895979195,5.0,4.568291183706481e-167
-2.7389477895579115,5.0,4.311033892403603e-166
-2.7379475895179035,5.0,4.0682406120434164e-165
-2.7369473894778955,5.0,3.839072934528336e-164
-2.7359471894378875,5.0,3.622750035038814e-163
-2.7349469893978795,5.0,3.4185423138067597e-162
-2.7339467893578715,5.0,3.2257662008447486e-161
-2.7329465893178635,5.0,3.043779877486052e-160
-2.7319463892778555,5.0,2.871979714866427e-159
-2.7309461892378475,5.0,2.7097972700505714e-158
-2.7299459891978395,5.0,2.556696714949381e-157
-2.7289457891578315,5.0,2.4121726016181973e-156
-2.7279455891178235,5.0,2.275747890454974e-155
-2.7269453890778155,5.0,2.1469721859060648e-154
-2.7259451890378075,5.0,2.0254201382819512e-153
-2.7249449889977995,5.0,1.910689980920686e-152
-2.7239447889577915,5.0,1.8024021798882123e-151
-2.7229445889177835,5.0,1.700198179264633e-150
-2.7219443888777755,5.0,1.6037392293322935e-149
-2.7209441888377675,5.0,1.5127052880582787e-148
-2.7199439887977594,5.0,1.426793988463595e-147
-2.7189437887577514,5.0,1.3457196660314574e-146
-2.7179435887177434,5.0,1.2692124414084416e-145
-2.7169433886777354,5.0,1.1970173544345238e-144
-2.7159431886377274,5.0,1.1288935461056693e-143
-2.7149429885977194,5.0,1.0646134854952327e-142
-2.7139427885577114,5.0,1.0039622389774602e-141
-2.7129425885177034,5.0,9.467367793314499e-141
-2.7119423884776954,5.0,8.927453324813362e-140
-2.7109421884376874,5.0,8.418067597777013e-139
-2.7099419883976794,5.0,7.937499738682884e-138
-2.7089417883576714,5.0,7.48413386343454e-137
-2.7079415883176634,5.0,7.056443854559962e-136
-2.7069413882776554,5.0,6.65298842295246e-135
-2.7059411882376474,5.0,6.272406438576606e-134
-2.7049409881976394,5.0,5.913412515338927e-133
-2.7039407881576314,5.0,5.5747928363994135e-132
-2.7029405881176234,5.0,5.255401207307609e-131
-2.7019403880776154,5.0,4.9541553250462374e-130
-2.7009401880376074,5.0,4.67003325129886e-129
-2.6999399879975994,5.0,4.4020700786679704e-128
-2.6989397879575914,5.0,4.1493547802758805e-127
-2.6979395879175834,5.0,3.911027237512145e-126
-2.6969393878775754,5.0,3.6862754497366505e-125
-2.6959391878375674,5.0,3.474332947716419e-124
-2.6949389877975594,5.0,3.274476466213636e-123
-2.6939387877575514,5.0,3.086023986523905e-122
-2.6929385877175434,5.0,2.908333334366281e-121
-2.6919383876775353,5.0,2.7408015916038806e-120
-2.6909381876375273,5.0,2.5828656085302834e-119
-2.6899379875975193,5.0,2.434003829572656e-118
-2.6889377875575113,5.0,2.293739421707824e-117
-2.6879375875175033,5.0,2.1616443161829377e-116
-2.6869373874774953,5.0,2.037343302131776e-115
-2.6859371874374873,5.0,1.9205168756678617e-114
-2.6849369873974793,5.0,1.81090131680212e-113
-2.6839367873574713,5.0,1.7082845843766673e-112
-2.6829365873174633,5.0,1.6124971479075671e-111
-2.6819363872774553,5.0,1.523397754031803e-110
-2.6809361872374473,5.0,1.440855173615645e-109
-2.6799359871974393,5.0,1.3647279394157567e-108
-2.6789357871574313,5.0,1.2948447104367225e-107
-2.6779355871174233,5.0,1.2309880134253044e-106
-2.6769353870774153,5.0,1.1728836725985088e-105
-2.6759351870374073,5.0,1.1201973476904398e-104
-2.6749349869973993,5.0,1.0725384675151572e-103
-2.6739347869573913,5.0,1.0294707223128266e-102
-2.6729345869173833,5.0,9.905273857341287e-102
-2.6719343868773757,5.0,9.552292228760062e-101
-2.6709341868373677,5.0,9.231026548101592e-100
-2.6699339867973597,5.0,8.936961486128925e-99
-2.6689337867573517,5.0,8.665933654329664e-98
-2.6679335867173437,5.0,8.414222709907751e-97
-2.6669333866773357,5.0,8.178600512080487e-96
-2.6659331866373277,5.0,7.956341915565544e-95
-2.6649329865973197,5.0,7.745204354695322e-94
-2.6639327865573117,5.0,7.543385215190816e-93
-2.6629325865173037,5.0,7.349466086414592e-92
-2.6619323864772957,5.0,7.162351651026389e-91
-2.6609321864372877,5.0,6.981209015321963e-90
-2.6599319863972797,5.0,6.805411579578259e-89
-2.6589317863572717,5.0,6.634490267983721e-88
-2.6579315863172637,5.0,6.468093541004941e-87
-2.6569313862772557,5.0,6.3059558599949566e-86
-2.6559311862372477,5.0,6.147873001413983e-85
-2.6549309861972397,5.0,5.993682847698255e-84
-2.6539307861572317,5.0,5.843251481680351e-83
-2.6529305861172237,5.0,5.696464581274834e-82
-2.6519303860772157,5.0,5.553222433748871e-81
-2.6509301860372076,5.0,5.4134355740973946e-80
-2.6499299859971996,5.0,5.277019813115619e-79
-2.6489297859571916,5.0,5.143892932989417e-78
-2.6479295859171836,5.0,5.013975600745573e-77
-2.6469293858771756,5.0,4.887194345758983e-76
-2.6459291858371676,5.0,4.763480803268039e-75
-2.6449289857971596,5.0,4.6427658042750154e-74
-2.6439287857571516,5.0,4.524975542824953e-73
-2.6429285857171436,5.0,4.4100370471585576e-72
-2.6419283856771356,5.0,4.297887558085261e-71
-2.6409281856371276,5.0,4.188473215916804e-70
-2.6399279855971196,5.0,4.081734251972866e-69
-2.6389277855571116,5.0,3.977596000221455e-68
-2.6379275855171036,5.0,3.875983937925708e-67
-2.6369273854770956,5.0,3.7768478043139004e-66
-2.6359271854370876,5.0,3.680157171192294e-65
-2.6349269853970796,5.0,3.585862807729956e-64
-2.6339267853570716,5.0,3.493874885852888e-63
-2.6329265853170636,5.0,3.404103574831399e-62
-2.6319263852770556,5.0,3.3165205427465785e-61
-2.6309261852370476,5.0,3.2311445729549965e-60
-2.6299259851970396,5.0,3.147940864042063e-59
-2.6289257851570316,5.0,3.0667683105562783e-58
-2.6279255851170236,5.0,2.9874886567619956e-57
-2.6269253850770156,5.0,2.9101231262941473e-56
-2.6259251850370076,5.0,2.834807048057817e-55
-2.6249249849969996,5.0,2.761528278893622e-54
-2.6239247849569916,5.0,2.690000658025406e-53
-2.6229245849169835,5.0,2.619955483703635e-52
-2.6219243848769755,5.0,2.5515410135989835e-51
-2.6209241848369675,5.0,2.4851838052752115e-50
-2.6199239847969595,5.0,2.420906861100291e-49
-2.6189237847569515,5.0,2.3580358414693273e-48
-2.6179235847169435,5.0,2.295968303633119e-47
-2.6169233846769355,5.0,2.2351893344367678e-46
-2.6159231846369275,5.0,2.1768721226805246e-45
-2.6149229845969195,5.0,2.1210849162997e-44
-2.6139227845569115,5.0,2.066117204642367e-43
-2.6129225845169035,5.0,2.010560019290064e-42
-2.6119223844768955,5.0,1.95577379508061e-41
-2.6109221844368875,5.0,1.904855104186286e-40
-2.6099219843968795,5.0,1.8579345499635348e-39
-2.6089217843568715,5.0,1.8104913715109451e-38
-2.6079215843168635,5.0,1.7591695323387461e-37
-2.6069213842768555,5.0,1.7078511339341415e-36
-2.6059211842368475,5.0,1.664131030465998e-35
-2.6049209841968395,5.0,1.6286282440694362e-34
-2.6039207841568315,5.0,1.5891870110534487e-33
-2.6029205841168235,5.0,1.537239503384822e-32
-2.6019203840768155,5.0,1.4844985462853803e-31
-2.6009201840368075,5.0,1.4497040003934607e-30
-2.5999199839967995,5.0,1.4317575593157092e-29
-2.5989197839567915,5.0,1.4048985239293885e-28
-2.5979195839167835,5.0,1.3394039062886143e-27
-2.5969193838767755,5.0,1.272906248875077e-26
-2.5959191838367675,5.0,1.2565089227646316e-25
-2.5949189837967594,5.0,1.2730931024382166e-24
-2.5939187837567514,5.0,1.2595255060510212e-23
-2.5929185837167434,5.0,1.1754079294611446e-22
-2.5919183836767354,5.0,1.028160222665444e-21
-2.5909181836367274,5.0,1.0825691446889012e-20
-2.5899179835967194,5.0,1.1847563504874353e-19
-2.5889177835567114,5.0,1.160594593353365e-18
-2.5879175835167034,5.0,1.0125725795405637e-17
-2.5869173834766954,5.0,8.190606074047787e-17
-2.5859171834366874,4.999999999999999,3.2775651183357007e-16
-2.5849169833966794,4.999999999999999,6.911945969780234e-16
-2.5839167833566714,4.999999999999997,1.05620071963258e-15
-2.5829165833166634,4.9999999999999964,1.5622777503406384e-15
-2.5819163832766554,4.999999999999996,1.9893649251010873e-15
-2.5809161832366474,4.999999999999994,2.358434896667729e-15
-2.5799159831966394,4.999999999999993,2.8580550169857328e-15
-2.5789157831566314,4.999999999999992,3.4084795329266785e-15
-2.5779155831166234,4.999999999999991,3.8557489270214535e-15
-2.5769153830766154,4.999999999999989,4.2201614721627324e-15
-2.5759151830366074,4.9999999999999885,4.76357330725517e-15
-2.5749149829965994,4.999999999999988,5.204894958557558e-15
-2.5739147829565914,4.999999999999986,5.561760278904951e-15
-2.5729145829165834,4.999999999999985,6.105788358141373e-15
-2.5719143828765754,4.999999999999984,6.5360138959972815e-15
-2.5709141828365674,4.999999999999982,6.91467971297231e-15
-2.5699139827965594,4.999999999999981,7.410625264385323e-15
-2.5689137827565514,4.9999999999999805,7.95135191143931e-15
-2.5679135827165434,4.99999999999998,8.390222330491144e-15
-2.5669133826765353,4.999999999999978,8.748013956120595e-15
-2.5659131826365273,4.999999999999977,9.286647363598004e-15
-2.5649129825965193,4.999999999999976,9.724635195825754e-15
-2.5639127825565113,4.999999999999974,1.0079079819123394e-14
-2.5629125825165033,4.999999999999973,1.0620817296707067e-14
-2.5619123824764953,4.9999999999999725,1.1048347430924261e-14
-2.5609121824364873,4.999999999999971,1.1424238929870986e-14
-2.5599119823964793,4.99999999999997,1.1924227274061072e-14
-2.5589117823564713,4.999999999999969,1.2537804956039661e-14
-2.5579115823164633,4.999999999999967,1.3303714158051221e-14
-2.5569113822764553,4.9999999999999645,1.4459071919225685e-14
-2.5559111822364473,4.999999999999961,1.597687586785463e-14
-2.5549109821964393,4.9999999999999565,1.7875449505222863e-14
-2.5539107821564313,4.999999999999951,2.0331933278086876e-14
-2.5529105821164233,4.999999999999944,2.327159401948638e-14
-2.5519103820764153,4.999999999999936,2.7023848669883824e-14
-2.5509101820364073,4.999999999999925,3.1770808046080237e-14
-2.5499099819963993,4.999999999999914,3.7379390032124414e-14
-2.5489097819563913,4.999999999999899,4.4053099156877067e-14
-2.5479095819163833,4.99999999999988,5.203003640638996e-14
-2.5469093818763753,4.999999999999859,6.139853349170466e-14
-2.5459091818363673,4.999999999999834,7.24534929251585e-14
-2.5449089817963593,4.999999999999805,8.523168166745512e-14
-2.5439087817563513,4.999999999999771,1.0023300846914568e-13
-2.5429085817163433,4.999999999999731,1.1820220579105166e-13
-2.5419083816763353,4.999999999999684,1.3932597998318587e-13
-2.5409081816363273,4.999999999999629,1.641446840555924e-13
-2.5399079815963193,4.999999999999564,1.9323175195326648e-13
-2.5389077815563112,4.9999999999994875,2.272217035225404e-13
-2.5379075815163032,4.999999999999399,2.669175919597854e-13
-2.5369073814762952,4.999999999999294,3.1330075329405703e-13
-2.5359071814362872,4.999999999999172,3.675609979010402e-13
-2.5349069813962792,4.99999999999903,4.3079021466488095e-13
-2.5339067813562712,4.999999999998865,5.046842693372528e-13
-2.5329065813162632,4.999999999998671,5.907362456409066e-13
-2.5319063812762552,4.999999999998447,6.909125165495609e-13
-2.530906181236247,4.999999999998185,8.077202539384063e-13
-2.529905981196239,4.99999999999788,9.435012628842273e-13
-2.528905781156231,4.999999999997526,1.1013240750556727e-12
-2.527905581116223,4.999999999997116,1.2846457519665021e-12
-2.526905381076215,4.999999999996639,1.4974041870530697e-12
-2.525905181036207,4.999999999996085,1.7443867777230797e-12
-2.524904980996199,4.999999999995443,2.0309804726695355e-12
-2.523904780956191,4.999999999994698,2.36315403781319e-12
-2.522904580916183,4.999999999993834,2.747792833729691e-12
-2.521904380876175,4.999999999992835,3.1932295375420863e-12
-2.520904180836167,4.999999999991679,3.708878181405821e-12
-2.519903980796159,4.99999999999034,4.3053777594289315e-12
-2.518903780756151,4.999999999988794,4.9949704214635584e-12
-2.517903580716143,4.999999999987007,5.791702701037744e-12
-2.516903380676135,4.999999999984943,6.711523699463554e-12
-2.515903180636127,4.9999999999825615,7.772901069699625e-12
-2.514902980596119,4.999999999979814,8.99745569706699e-12
-2.513902780556111,4.999999999976647,1.0409248522826532e-11
-2.512902580516103,4.9999999999729985,1.2035883335469739e-11
-2.511902380476095,4.9999999999687965,1.3908968987579828e-11
-2.510902180436087,4.9999999999639595,1.6064634267224966e-11
-2.509901980396079,4.999999999958397,1.8544494899016913e-11
-2.508901780356071,4.999999999952001,2.1395417744365444e-11
-2.507901580316063,4.999999999944651,2.4671040803698305e-11
-2.506901380276055,4.999999999936212,2.8432739701323974e-11
-2.505901180236047,4.999999999926525,3.2750148910550154e-11
-2.504900980196039,4.999999999915413,3.77026603008145e-11
-2.503900780156031,4.999999999902673,4.3380618575928176e-11
-2.502900580116023,4.999999999888075,4.988683905210088e-11
-2.501900380076015,4.999999999871356,5.7337811093139105e-11
-2.500900180036007,4.9999999998522195,6.586607526861449e-11
-2.499899979995999,4.999999999830329,7.562225119244197e-11
-2.498899779955991,4.9999999998053,8.67767893039622e-11
-2.497899579915983,4.999999999776699,9.952325578799348e-11
-2.496899379875975,4.999999999744034,1.140806922435718e-10
-2.495899179835967,4.9999999997067475,1.3069698307539045e-10
-2.494898979795959,4.99999999966421,1.4965307356258493e-10
-2.493898779755951,4.999999999615709,1.7126673875840244e-10
-2.492898579715943,4.999999999560439,1.9589691890352396e-10
-2.491898379675935,4.999999999497488,2.2394919210086657e-10
-2.490898179635927,4.999999999425829,2.5588145211611815e-10
-2.489897979595919,4.999999999344304,2.922101931838945e-10
-2.488897779555911,4.999999999251603,3.3351801602684443e-10
-2.487897579515903,4.999999999146254,3.8046165896063314e-10
-2.486897379475895,4.999999999026595,4.337808866146852e-10
-2.485897179435887,4.9999999988907575,4.943080785889822e-10
-2.484896979395879,4.99999999873664,5.629798371644039e-10
-2.483896779355871,4.999999998561878,6.40849351330739e-10
-2.482896579315863,4.9999999983638155,7.290998843795253e-10
-2.481896379275855,4.999999998139467,8.290606719290187e-10
-2.480896179235847,4.999999997885486,9.422232123799212e-10
-2.479895979195839,4.999999997598115,1.0702607358306883e-09
-2.478895779155831,4.999999997273144,1.2150488408620273e-09
-2.477895579115823,4.999999996905854,1.3786890199442082e-09
-2.476895379075815,4.999999996490963,1.5635344879564997e-09
-2.475895179035807,4.99999999602256,1.7722184538991257e-09
-2.474894978995799,4.999999995494032,2.0076857638707063e-09
-2.473894778955791,4.999999994897988,2.273227964068724e-09
-2.472894578915783,4.999999994226173,2.5725220370482826e-09
-2.471894378875775,4.999999993469372,2.9096729131468232e-09
-2.470894178835767,4.9999999926173,3.289260419702728e-09
-2.469893978795759,4.999999991658491,3.716391161000782e-09
-2.468893778755751,4.999999990580166,4.196756099166755e-09
-2.467893578715743,4.999999989368092,4.736693320327461e-09
-2.466893378675735,4.999999988006429,5.343257738303897e-09
-2.465893178635727,4.9999999864775555,6.024296887353843e-09
-2.464892978595719,4.999999984761878,6.7885352771478216e-09
-2.463892778555711,4.99999998283763,7.645666363017538e-09
-2.462892578515703,4.999999980680638,8.606453675672835e-09
-2.461892378475695,4.9999999782640785,9.682841777764734e-09
-2.460892178435687,4.999999975558201,1.0888077606396359e-08
-2.459891978395679,4.99999997253003,1.2236844259133784e-08
-2.458891778355671,4.999999969143035,1.3745406795148929e-08
-2.457891578315663,4.999999965356777,1.5431771295146406e-08
-2.456891378275655,4.999999961126511,1.7315859394133194e-08
-2.455891178235647,4.999999956402761,1.9419699211290838e-08
-2.454890978195639,4.999999951130853,2.176763265111064e-08
-2.453890778155631,4.999999945250403,2.4386542487773146e-08
-2.452890578115623,4.9999999386947644,2.730610002728015e-08
-2.451890378075615,4.999999931390421,3.0559033793459e-08
-2.450890178035607,4.9999999232563255,3.4181422690276976e-08
-2.449889977995599,4.99999991420319,3.8213015202224035e-08
-2.448889777955591,4.999999904132703,4.2697575917905355e-08
-2.447889577915583,4.999999892936677,4.768326159346992e-08
-2.446889377875575,4.999999880496145,5.3223029709953025e-08
-2.445889177835567,4.9999998666803505,5.9375081808883626e-08
-2.444888977795559,4.999999851345676,6.620334311087496e-08
-2.443888777755551,4.99999983433447,7.377798270142564e-08
-2.442888577715543,4.999999815473789,8.21759761774593e-08
-2.441888377675535,4.99999979457402,9.148171403718107e-08
-2.440888177635527,4.99999977142741,1.0178765897466538e-07
-2.439887977595519,4.999999745806468,1.1319505548821496e-07
-2.438887777555511,4.9999997174622415,1.2581469572623085e-07
-2.437887577515503,4.999999686122463,1.3976774486722162e-07
-2.436887377475495,4.9999996514895475,1.5518663035646014e-07
-2.435887177435487,4.999999613238446,1.722159991678308e-07
-2.434886977395479,4.999999571014319,1.9101374739170763e-07
-2.433886777355471,4.999999524430062,2.1175212649754883e-07
-2.432886577315463,4.999999473063621,2.34618931656424e-07
-2.431886377275455,4.999999416455132,2.5981877655401314e-07
-2.430886177235447,4.999999354103842,2.8757446052560174e-07
-2.429885977195439,4.999999285464818,3.1812843317156825e-07
-2.428885777155431,4.9999992099454165,3.5174436189463423e-07
-2.427885577115423,4.999999126901514,3.887088088705998e-07
-2.426885377075415,4.999999035633474,4.293330235038913e-07
-2.425885177035407,4.99999893538184,4.739548559646651e-07
-2.424884976995399,4.9999988253227405,5.229407992220078e-07
-2.423884776955391,4.9999987045629934,5.766881658943074e-07
-2.422884576915383,4.999998572134883,6.356274071847396e-07
-2.421884376875375,4.9999984269906115,7.002245811104441e-07
-2.420884176835367,4.999998267996386,7.709839765347603e-07
-2.419883976795359,4.999998093926148,8.484509013548071e-07
-2.418883776755351,4.999997903454909,9.332146429891935e-07
-2.417883576715343,4.999997695151682,1.025911607099428e-06
-2.416883376675335,4.999997467471993,1.1272286446932113e-06
-2.415883176635327,4.999997218749954,1.2379065743449493e-06
-2.414882976595319,4.99999694718987,1.358743907282667e-06
-2.413882776555311,4.999996650857379,1.4906007850097385e-06
-2.412882576515303,4.999996327670085,1.6344031358710567e-06
-2.411882376475295,4.999995975387687,1.7911470602442876e-06
-2.410882176435287,4.999995591601569,1.961903452021561e-06
-2.409881976395279,4.999995173723842,2.14782286345329e-06
-2.408881776355271,4.999994718975815,2.350140622934937e-06
-2.407881576315263,4.99999422437588,2.57018221268504e-06
-2.406881376275255,4.999993686726795,2.809368913308709e-06
-2.4058811762352468,4.999993102602345,3.0692237242135098e-06
-2.4048809761952388,4.999992468333363,3.351377565819286e-06
-2.4038807761552308,4.999991779993104,3.6575757701122775e-06
-2.4028805761152228,4.999991033381951,3.98968486632882e-06
-2.401880376075215,4.999990224011437,4.349699667795302e-06
-2.400880176035207,4.999989347087582,4.739750664730004e-06
-2.399879975995199,4.999988397493523,5.1621117281338865e-06
-2.398879775955191,4.999987369771426,5.61920812931674e-06
-2.397879575915183,4.999986258103694,6.113624876648231e-06
-2.396879375875175,4.999985056293428,6.6481153739589486e-06
-2.395879175835167,4.999983757744173,7.225610402348583e-06
-2.394878975795159,4.999982355438922,7.849227424350611e-06
-2.393878775755151,4.999980841918397,8.522280212261559e-06
-2.392878575715143,4.999979209258588,9.248288797694645e-06
-2.391878375675135,4.999977449047578,1.0030989741329564e-05
-2.390878175635127,4.999975552361647,1.0874346718240903e-05
-2.389877975595119,4.999973509740671,1.1782561412983275e-05
-2.388877775555111,4.999971311162827,1.2760084720340001e-05
-2.387877575515103,4.99996894601863,1.381162824205873e-05
-2.386877375475095,4.999966403084313,1.4942176069608151e-05
-2.385877175435087,4.999963670494579,1.6156996843568203e-05
-2.384876975395079,4.99996073571475,1.746165607572876e-05
-2.383876775355071,4.999957585512356,1.8862028720499364e-05
-2.382876575315063,4.99995420592818,2.036431197746742e-05
-2.381876375275055,4.999950582246826,2.1975038308308923e-05
-2.380876175235047,4.999946698966827,2.3701088648860363e-05
-2.379875975195039,4.999942539770365,2.5549705791127984e-05
-2.378875775155031,4.999938087492642,2.752850791519995e-05
-2.377875575115023,4.999933324090968,2.9645502241444378e-05
-2.376875375075015,4.999928230613627,3.190909877741717e-05
-2.375875175035007,4.999922787168584,3.432812412777219e-05
-2.374874974994999,4.999916972892118,3.6911835334927775e-05
-2.373874774954991,4.999910765917431,3.9669933718344195e-05
-2.372874574914983,4.9999041433433575,4.2612578672103905e-05
-2.371874374874975,4.9998970812032155,4.575040138627564e-05
-2.370874174834967,4.999889554433916,4.909451844945259e-05
-2.369873974794959,4.99988153684542,5.2656545290658634e-05
-2.368873774754951,4.999873001090642,5.644860941694985e-05
-2.367873574714943,4.9998639186359,6.048336339992902e-05
-2.366873374674935,4.999854259732024,6.477399756431604e-05
-2.365873174634927,4.999843993386225,6.93342523293149e-05
-2.364872974594919,4.999833087334853,7.417843015136735e-05
-2.363872774554911,4.999821508017146,7.932140701710234e-05
-2.362872574514903,4.9998092205500955,8.477864343347593e-05
-2.361872374474895,4.99979618870455,9.056619486007232e-05
-2.360872174434887,4.999782374882684,9.670072152972085e-05
-2.359871974394879,4.999767740096949,0.00010319949760037301
-2.358871774354871,4.999752243950645,0.00011008041958435591
-2.357871574314863,4.999735844620218,0.00011736201399674969
-2.356871374274855,4.999718498839437,0.0001250634441673508
-2.355871174234847,4.99970016188556,0.00013320451616200354
-2.354870974194839,4.999680787567612,0.0001418056837554615
-2.353870774154831,4.999660328216909,0.00015088805240202872
-2.352870574114823,4.99963873467994,0.0001604733821515665
-2.351870374074815,4.999615956313728,0.00017058408945780796
-2.350870174034807,4.999591940983788,0.00018124324782913334
-2.349869973994799,4.999566635064782,0.00019247458727262226
-2.348869773954791,4.9995399834439835,0.0002043024924842917
-2.347869573914783,4.999511929527657,0.00021675199974504765
-2.346869373874775,4.999482415250424,0.00022984879247795733
-2.345869173834767,4.999451381087729,0.00024361919542947353
-2.344868973794759,4.999418766071462,0.0002580901674426563
-2.343868773754751,4.999384507808822,0.00027328929278848293
-2.342868573714743,4.999348542504473,0.00028924477102994754
-2.341868373674735,4.9993108049860595,0.00030598540539666355
-2.340868173634727,4.999271228733101,0.00032354058965055075
-2.339867973594719,4.999229745909318,0.00034194029343000674
-2.338867773554711,4.999186287398408,0.00036121504606287846
-2.337867573514703,4.999140782843266,0.0003813959188458443
-2.336867373474695,4.999093160688666,0.0004025145057908964
-2.335867173434687,4.99904334822738,0.0004246029028458026
-2.334866973394679,4.998991271649706,0.00044769368560209667
-2.333866773354671,4.998936856096371,0.0004718198855076904
-2.332866573314663,4.998880025714764,0.0004970149646076369
-2.331866373274655,4.998820703718412,0.0005233127888438827
-2.330866173234647,4.998758812449642,0.0005507475999482424
-2.329865973194639,4.998694273445342,0.0005793539859692916
-2.328865773154631,4.998627007505691,0.0006091668504802402
-2.327865573114623,4.998556934765771,0.0006402213805197737
-2.326865373074615,4.998483974769923,0.0006725530133234964
-2.325865173034607,4.998408046548701,0.0007061974019083341
-2.324864972994599,4.998329068698281,0.0007411903795785553
-2.323864772954591,4.9982469594621595,0.0007775679234254509
-2.322864572914583,4.99816163681497,0.0008153661168997053
-2.321864372874575,4.998073018548232,0.0008546211115360965
-2.320864172834567,4.99798102235784,0.0008953690879185688
-2.319863972794559,4.997885565933101,0.0009376462159747865
-2.318863772754551,4.997786567047099,0.0009814886146928166
-2.317863572714543,4.99768394364817,0.001026932311356994
-2.316863372674535,4.997577613952293,0.001074013200401338
-2.315863172634527,4.99746749653613,0.0011227670019825383
-2.314862972594519,4.997353510430511,0.0011732292203740673
-2.313862772554511,4.997235575214129,0.0012254351022874125
-2.312862572514503,4.997113611107194,0.0012794195952248021
-2.311862372474495,4.996987539064823,0.0013352173059690761
-2.310862172434487,4.996857280869915,0.0013928624593171663
-2.309861972394479,4.996722759225293,0.0014523888571629712
-2.308861772354471,4.9965838978448565,0.001513829838033218
-2.307861572314463,4.996440621543521,0.001577218237178868
-2.306861372274455,4.996292856325727,0.0016425863473264483
-2.305861172234447,4.996140529472276,0.0017099658801860873
-2.304860972194439,4.995983569625288,0.0017793879288122614
-2.303860772154431,4.995821906871064,0.0018508829309133923
-2.302860572114423,4.995655472820659,0.0019244806331990842
-2.301860372074415,4.995484200687956,0.0020002100568505443
-2.300860172034407,4.995308025365067,0.002078099464197621
-2.299859971994399,4.995126883494878,0.00215817632668073
-2.298859771954391,4.994940713540581,0.002240467294168628
-2.297859571914383,4.994749455852027,0.0023249981657024626
-2.296859371874375,4.994553052728765,0.0024117938617280754
-2.295859171834367,4.994351448479638,0.0025008783978731587
-2.294858971794359,4.994144589478811,0.0025922748603227175
-2.293858771754351,4.993932424218131,0.0026860053828380633
-2.292858571714343,4.993714903355724,0.0027820911254594063
-2.291858371674335,4.993491979760756,0.0028805522549268264
-2.290858171634327,4.993263608554277,0.002981407926848613
-2.289857971594319,4.993029747146126,0.0030846762696378313
-2.288857771554311,4.9927903552678154,0.0031903743702359198
-2.287857571514303,4.992545395001413,0.003298518261631097
-2.286857371474295,4.992294830804375,0.0034091229121788478
-2.285857171434287,4.992038629530353,0.003522202216722444
-2.284856971394279,4.991776760445975,0.003637768989506701
-2.283856771354271,4.991509195243633,0.0037558349588736745
-2.282856571314263,4.991235908050303,0.003876410763722566
-2.281856371274255,4.990956875432471,0.003999505951712165
-2.2808561712342468,4.990672076397187,0.00412512897917754
-2.2798559711942388,4.990381492389352,0.0042532872127308205
-2.2788557711542308,4.990085107285293,0.00438398693250852
-2.2778555711142228,4.989782907382733,0.004517233337026675
-2.2768553710742148,4.98947488138724,0.004653030549597854
-2.2758551710342068,4.989161020395262,0.004791381626264357
-2.2748549709941988,4.98884131787387,0.004932288565196357
-2.2738547709541908,4.988515769637323,0.005075752317500511
-2.2728545709141827,4.988184373820574,0.005221772799383975
-2.2718543708741747,4.987847130849857,0.005370348905613987
-2.2708541708341667,4.987504043410482,0.005521478524212611
-2.2698539707941587,4.987155116411997,0.005675158552324429
-2.2688537707541507,4.986800356950826,0.005831384913193695
-2.2678535707141427,4.9864397742705595,0.005990152574184687
-2.2668533706741347,4.986073379720028,0.006151455565779413
-2.2658531706341267,4.985701186709317,0.006315287001487893
-2.2648529705941187,4.98532321066386,0.00648163909860229
-2.2638527705541107,4.984939468976777,0.0066505031997279515
-2.2628525705141027,4.984549980959592,0.006821869795025591
-2.2618523704740947,4.98415476779149,0.006995728545097508
-2.2608521704340867,4.983753852467251,0.007172068304452539
-2.2598519703940787,4.983347259744013,0.007350877145483856
-2.2588517703540707,4.982935016087015,0.007532142382896331
-2.2578515703140627,4.982517149614435,0.007715850598520716
-2.2568513702740547,4.982093690041493,0.007901987666453312
-2.2558511702340467,4.981664668623931,0.008090538778460762
-2.2548509701940387,4.981230118101008,0.008281488469591352
-2.2538507701540307,4.980790072638138,0.008474820643938482
-2.2528505701140227,4.980344567769293,0.008670518600499572
-2.2518503700740147,4.9798936403392835,0.00886856505907753
-2.2508501700340067,4.979437328446049,0.009068942186176605
-2.2498499699939987,4.978975671383031,0.009271631620842755
-2.2488497699539907,4.978508709581776,0.009476614500401567
-2.2478495699139827,4.978036484554836,0.009683871486051087
-2.2468493698739747,4.97755903883907,0.009893382788268084
-2.2458491698339667,4.9770764159394405,0.010105128191986697
-2.2448489697939586,4.976588660273383,0.010319087081513618
-2.2438487697539506,4.976095817115823,0.010535238465145657
-2.2428485697139426,4.97559793254493,0.010753560999455047
-2.2418483696739346,4.975095053388649,0.01097403301321469
-2.2408481696339266,4.974587227172107,0.011196632530933663
-2.2398479695939186,4.974074502065923,0.011421337295977206
-2.2388477695539106,4.973556926835488,0.011648124793250038
-2.2378475695139026,4.973034550791266,0.011876972271418599
-2.2368473694738946,4.972507423740155,0.012107856764654168
-2.2358471694338866,4.971975595937943,0.01234075511387997
-2.2348469693938786,4.971439118042904,0.012575643987506793
-2.2338467693538706,4.970898041070559,0.012812499901643773
-2.2328465693138626,4.970352416349624,0.013051299239771079
-2.231846369273855,4.969802295479176,0.013292018271868107
-2.230846169233847,4.969247730287049,0.013534633172987202
-2.229845969193839,4.968688772789476,0.013779120041265032
-2.228845769153831,4.968125475151995,0.0140254549153701
-2.227845569113823,4.967557889651613,0.01427361379138071
-2.226845369073815,4.966986068640246,0.014523572639092045
-2.225845169033807,4.96641006450943,0.01477530741775146
-2.224844968993799,4.965829929656304,0.015028794091223385
-2.223844768953791,4.965245716450865,0.015284008642585032
-2.222844568913783,4.964657477204476,0.0155409270881562
-2.221844368873775,4.964065264139629,0.01579952549096667
-2.220844168833767,4.9634691293609645,0.016059779973666352
-2.219843968793759,4.962869124827499,0.01632166673088476
-2.218843768753751,4.962265302326083,0.016585162041045525
-2.217843568713743,4.96165771344605,0.01685024227764268
-2.216843368673735,4.961046409555054,0.017116883919988817
-2.215843168633727,4.960431441776061,0.017385063563443402
-2.214842968593719,4.9598128609654815,0.017654757929127882
-2.213842768553711,4.959190717692433,0.01792594387314139
-2.212842568513703,4.958565062219084,0.01819859839528461
-2.211842368473695,4.957935944482086,0.018472698647302943
-2.210842168433687,4.9573034140750405,0.018748221940660788
-2.209841968393679,4.956667520231997,0.019025145753857806
-2.208841768353671,4.956028311811952,0.019303447739297992
-2.207841568313663,4.955385837284307,0.01958310572972444
-2.206841368273655,4.954740144715289,0.019864097744231608
-2.205841168233647,4.954091281755267,0.020146401993866185
-2.204840968193639,4.953439295626986,0.020429996886829716
-2.203840768153631,4.9527842331146426,0.02071486103329469
-2.202840568113623,4.952126140553805,0.02100097324984708
-2.201840368073615,4.951465063822148,0.021288312563565916
-2.200840168033607,4.950801048330962,0.021576858215753888
-2.199839967993599,4.95013413901742,0.02186658966533033
-2.198839767953591,4.949464380337577,0.0221574865918983
-2.197839567913583,4.948791816260063,0.022449528898498952
-2.196839367873575,4.948116490260458,0.022742696714062798
-2.195839167833567,4.94743844531631,0.023036970395571645
-2.194838967793559,4.946757723902789,0.023332330529942415
-2.193838767753551,4.946074367988922,0.023628757935642713
-2.192838567713543,4.945388419034415,0.023926233664050434
-2.191838367673535,4.944699917987018,0.024224739000569328
-2.190838167633527,4.944008905280417,0.024524255465508595
-2.189837967593519,4.943315420832626,0.02482476481473949
-2.188837767553511,4.94261950404486,0.025126249040137768
-2.187837567513503,4.941921193800863,0.02542869036982231
-2.186837367473495,4.941220528466673,0.02573207126820077
-2.185837167433487,4.94051754589079,0.02603637443582975
-2.184836967393479,4.9398122834047555,0.026341582809100497
-2.183836767353471,4.939104777824087,0.026647679559758632
-2.182836567313463,4.938395065449571,0.026954648094266606
-2.181836367273455,4.937683182068891,0.02726247205301681
-2.180836167233447,4.936969162958576,0.02757113530940504
-2.179835967193439,4.936253042886229,0.027880621968771065
-2.178835767153431,4.935534856113055,0.028190916367214484
-2.177835567113423,4.934814636396643,0.028502003070293196
-2.176835367073415,4.934092416993996,0.02881386687161163
-2.175835167033407,4.933368230664794,0.0291264927913071
-2.174834966993399,4.932642109674869,0.029439866074438388
-2.173834766953391,4.931914085799888,0.02975397218928502
-2.172834566913383,4.931184190329226,0.030068796825563227
-2.171834366873375,4.930452454070004,0.030384325892563978
-2.170834166833367,4.929718907351296,0.030700545517219277
-2.169833966793359,4.9289835800284845,0.031017442042102255
-2.168833766753351,4.928246501487754,0.03133500202336596
-2.167833566713343,4.9275077006507075,0.03165321222862646
-2.166833366673335,4.9267672059791,0.03197205963479581
-2.165833166633327,4.92602504547968,0.032291531425867444
-2.164832966593319,4.925281246709118,0.03261161499065979
-2.163832766553311,4.9245358367790315,0.03293229792052316
-2.162832566513303,4.9237888423610725,0.033253568007013144
-2.161832366473295,4.9230402896920955,0.033575413239533405
-2.160832166433287,4.922290204579373,0.033897821802953136
-2.159831966393279,4.921538612405874,0.03422078207520217
-2.158831766353271,4.920785538135577,0.03454428262484747
-2.157831566313263,4.9200310063188235,0.03486831220865261
-2.156831366273255,4.919275041097697,0.03519285976912538
-2.1558311662332468,4.918517666211434,0.03551791443205598
-2.1548309661932388,4.917758905001848,0.03584346550404646
-2.1538307661532308,4.916998780418758,0.0361695024700368
-2.1528305661132228,4.916237315025437,0.03649601499082782
-2.1518303660732148,4.9154745310040475,0.03682299290060465
-2.1508301660332068,4.914710450161084,0.0371504262044632
-2.1498299659931988,4.913945093932801,0.03747830507593941
-2.1488297659531908,4.913178483390632,0.037806619854546
-2.1478295659131827,4.912410639246583,0.03813536104331687
-2.1468293658731747,4.911641581858622,0.0384645193063605
-2.1458291658331667,4.910871331236025,0.038794085466425834
-2.1448289657931587,4.9100999070447084,0.039124050502479954
-2.1438287657531507,4.9093273286125285,0.03945440554730098
-2.1428285657131427,4.908553614934538,0.03978514188508554
-2.1418283656731347,4.907778784678221,0.040116250949072944
-2.1408281656331267,4.907002856188675,0.04044772431918791
-2.1398279655931187,4.906225847493765,0.040779553719701454
-2.1388277655531107,4.905447776309225,0.04111173101691232
-2.1378275655131027,4.904668660043715,0.04144424821684762
-2.1368273654730947,4.90388851580384,0.04177709746298636
-2.1358271654330867,4.903107360399106,0.04211027103400485
-2.1348269653930787,4.902325210346841,0.042443761341544574
-2.1338267653530707,4.901542081877051,0.04277756092800398
-2.1328265653130627,4.900757990937234,0.04311166246435382
-2.1318263652730547,4.899972953197134,0.04344605874797797
-2.1308261652330467,4.899186984053439,0.043780742700538326
-2.1298259651930387,4.898400098634431,0.044115707365865814
-2.1288257651530307,4.89761231180457,0.044450945907876196
-2.1278255651130227,4.896823638169029,0.04478645160851236
-2.1268253650730147,4.896034092078161,0.04512221786571421
-2.1258251650330067,4.895243687631922,0.0454582381914127
-2.1248249649929987,4.894452438684218,0.045794506209552166
-2.1238247649529907,4.893660358847211,0.04613101565413925
-2.1228245649129827,4.892867461495553,0.046467760367318325
-2.1218243648729747,4.89207375977056,0.046804734297474566
-2.1208241648329667,4.891279266584339,0.04714193149736303
-2.1198239647929586,4.8904839946238425,0.04747934612226604
-2.1188237647529506,4.889687956354865,0.04781697242817704
-2.1178235647129426,4.8888911640259884,0.048154804770011474
-2.1168233646729346,4.888093629672461,0.04849283759984471
-2.1158231646329266,4.887295365120019,0.04883106546517685
-2.1148229645929186,4.886496381988642,0.0491694830072242
-2.1138227645529106,4.8856966916962685,0.04950808495923734
-2.1128225645129026,4.88489630546243,0.049846866144846756
-2.1118223644728946,4.884095234311843,0.05018582147643302
-2.1108221644328866,4.8832934890779365,0.05052494595352446
-2.1098219643928786,4.882491080406325,0.05086423466122069
-2.1088217643528706,4.881688018758221,0.051203682768641734
-2.1078215643128626,4.880884314413795,0.05154328552740292
-2.1068213642728546,4.880079977475477,0.05188303827011427
-2.1058211642328466,4.879275017871203,0.05222293640890699
-2.1048209641928386,4.878469445357607,0.052562975433982764
-2.1038207641528306,4.877663269523158,0.05290315091218895
-2.1028205641128226,4.876856499791245,0.05324345848561753
-2.1018203640728146,4.876049145423208,0.05358389387022906
-2.1008201640328066,4.875241215521313,0.05392445285449971
-2.0998199639927986,4.874432719031678,0.05426513129809169
-2.0988197639527906,4.873623664747154,0.05460592513054753
-2.0978195639127826,4.872814061310136,0.05494683035000712
-2.0968193638727746,4.87200391721535,0.055287843021947634
-2.0958191638327666,4.871193240812569,0.05562895927794605
-2.0948189637927586,4.87038204030929,0.05597017531446325
-2.0938187637527506,4.869570323773364,0.05631148739164963
-2.0928185637127426,4.86875809913557,0.05665289183217362
-2.0918183636727345,4.8679453741921535,0.05699438502007024
-2.0908181636327265,4.867132156607312,0.05733596339961098
-2.0898179635927185,4.866318453915632,0.05767762347419415
-2.0888177635527105,4.865504273524493,0.05801936180525538
-2.0878175635127025,4.864689622716413,0.058361175011198814
-2.0868173634726945,4.863874508651361,0.05870305976634709
-2.0858171634326865,4.863058938369025,0.05904501279991139
-2.0848169633926785,4.86224291879103,0.05938703089498037
-2.0838167633526705,4.861426456723128,0.05972911088752768
-2.0828165633126625,4.860609558857333,0.06007124966543811
-2.0818163632726545,4.859792231774029,0.060413444167551775
-2.0808161632326465,4.8589744819440295,0.06075569138272663
-2.0798159631926385,4.8581563157306,0.06109798834891782
-2.0788157631526305,4.857337739391445,0.061440332152275026
-2.0778155631126225,4.856518759080657,0.06178271992625705
-2.0768153630726145,4.855699380850626,0.06212514885076172
-2.0758151630326065,4.8548796106539145,0.062467616151273324
-2.0748149629925985,4.854059454345095,0.06281011909802646
-2.0738147629525905,4.85323891768256,0.06315265500518477
-2.0728145629125825,4.8524180063302875,0.06349522123003595
-2.0718143628725745,4.851596725859577,0.06383781517220205
-2.0708141628325665,4.8507750817507524,0.06418043427286432
-2.0698139627925585,4.849953079394836,0.06452307601400334
-2.0688137627525505,4.849130724095183,0.06486573791765342
-2.0678135627125425,4.848308021069091,0.06520841754517126
-2.0668133626725345,4.847484975449375,0.06555111249651868
-2.0658131626325265,4.846661592285915,0.06589382040955882
-2.0648129625925185,4.845837876547169,0.06623653895936647
-2.0638127625525104,4.845013833121662,0.06657926585755093
-2.0628125625125024,4.844189466819446,0.06692199885159163
-2.0618123624724944,4.843364782373529,0.06726473572418777
-2.0608121624324864,4.842539784441276,0.06760747429261967
-2.0598119623924784,4.841714477605788,0.06795021240812152
-2.0588117623524704,4.84088886637725,0.0682929479552677
-2.0578115623124624,4.840062955194252,0.06863567885137004
-2.0568113622724544,4.839236748425092,0.06897840304588705
-2.0558111622324464,4.838410250369042,0.06932111851984442
-2.0548109621924384,4.837583465257601,0.06966382328526625
-2.0538107621524304,4.836756397255717,0.07000651538461776
-2.0528105621124224,4.835929050462988,0.07034919289025868
-2.0518103620724144,4.835101428914838,0.07069185390390684
-2.0508101620324064,4.834273536583672,0.07103449655611195
-2.0498099619923984,4.83344537738001,0.07137711900574094
-2.0488097619523904,4.832616955153593,0.07171971943947085
-2.0478095619123824,4.831788273694475,0.07206229607129316
-2.0468093618723744,4.83095933673409,0.07240484714202734
-2.0458091618323664,4.830130147946302,0.0727473709188436
-2.0448089617923584,4.8293007109484245,0.07308986569479449
-2.0438087617523504,4.828471029302236,0.07343232978835658
-2.0428085617123424,4.827641106514962,0.0737747615429792
-2.0418083616723344,4.826810946040247,0.07411715932664341
-2.0408081616323264,4.8259805512791045,0.07445952153142918
-2.0398079615923184,4.825149925580845,0.07480184657309
-2.0388077615523104,4.824319072243996,0.07514413289063683
-2.0378075615123024,4.8234879945171905,0.07548637894592858
-2.0368073614722944,4.822656695600053,0.07582858322327159
-2.0358071614322863,4.821825178644061,0.07617074422902696
-2.0348069613922783,4.820993446753384,0.0765128604912243
-2.0338067613522703,4.820161502985722,0.07685493055918342
-2.0328065613122623,4.819329350353112,0.07719695300314362
-2.0318063612722543,4.818496991822728,0.07753892641389923
-2.0308061612322463,4.817664430317667,0.07788084940244276
-2.0298059611922383,4.816831668717713,0.07822272059961463
-2.0288057611522303,4.8159987098600885,0.07856453865575999
-2.0278055611122223,4.815165556540199,0.07890630224039086
-2.0268053610722143,4.814332211512352,0.07924801004185583
-2.0258051610322063,4.813498677490469,0.07958966076701603
-2.0248049609921983,4.812664957148787,0.0799312531409261
-2.0238047609521903,4.811831053122536,0.08027278590652276
-2.0228045609121823,4.810996968008616,0.08061425782431811
-2.0218043608721743,4.810162704366249,0.08095566767209911
-2.0208041608321663,4.809328264717632,0.08129701424463294
-2.0198039607921583,4.808493651548563,0.08163829635337734
-2.0188037607521503,4.807658867309069,0.08197951282619731
-2.0178035607121423,4.8068239144140135,0.08232066250708611
-2.0168033606721343,4.805988795243693,0.0826617442558922
-2.0158031606321263,4.805153512144426,0.08300275694805109
-2.0148029605921183,4.80431806742913,0.08334369947432232
-2.0138027605521103,4.8034824633778825,0.08368457074053133
-2.0128025605121023,4.802646702238481,0.08402536966731565
-2.0118023604720943,4.801810786226984,0.08436609518987682
-2.0108021604320863,4.800974717528245,0.08470674625773611
-2.0098019603920783,4.800138498296438,0.08504732183449512
-2.0088017603520703,4.799302130655572,0.08538782089760115
-2.0078015603120623,4.798465616699989,0.08572824243811597
-2.0068013602720542,4.797628958494872,0.08606858546048947
-2.0058011602320462,4.796792158076719,0.08640884898233836
-2.0048009601920382,4.795955217453825,0.08674903203422743
-2.0038007601520302,4.7951181386067505,0.08708913365945545
-2.0028005601120222,4.794280923488783,0.08742915291384536
-2.0018003600720142,4.79344357402638,0.08776908886553819
-2.0008001600320062,4.792606092119622,0.08810894059479035
-1.9997999599919984,4.791768479642638,0.08844870719377505
-1.9987997599519904,4.790930738444038,0.08878838776638741
-1.9977995599119824,4.790092870347329,0.08912798142805255
-1.9967993598719744,4.789254877151326,0.08946748730553827
-1.9957991598319664,4.788416760630557,0.08980690453676986
-1.9947989597919584,4.787578522535659,0.09014623227064912
-1.9937987597519504,4.786740164593762,0.09048546966687711
-1.9927985597119424,4.785901688508877,0.0908246158957785
-1.9917983596719344,4.78506309596227,0.09116367013813072
-1.9907981596319264,4.784224388612824,0.09150263158499512
-1.9897979595919184,4.783385568097408,0.09184149943755196
-1.9887977595519104,4.782546636031227,0.09218027290693805
-1.9877975595119024,4.781707594008171,0.09251895121408682
-1.9867973594718944,4.7808684436011575,0.09285753358957283
-1.9857971594318864,4.780029186362469,0.09319601927345711
-1.9847969593918784,4.77918982382408,0.093534407515136
-1.9837967593518704,4.778350357497981,0.0938726975731937
-1.9827965593118624,4.7775107888765005,0.09421088871525604
-1.9817963592718544,4.776671119432611,0.09454898021784754
-1.9807961592318464,4.7758313506202414,0.09488697136625085
-1.9797959591918384,4.774991483874578,0.09522486145436883
-1.9787957591518304,4.774151520612354,0.09556264978458931
-1.9777955591118224,4.773311462232149,0.09590033566765145
-1.9767953590718144,4.772471310114667,0.09623791842251461
-1.9757951590318064,4.771631065623022,0.09657539737623073
-1.9747949589917984,4.770790730103012,0.09691277186381794
-1.9737947589517904,4.769950304883388,0.0972500412281358
-1.9727945589117823,4.769109791276121,0.09758720481976423
-1.9717943588717743,4.768269190576666,0.09792426199688364
-1.9707941588317663,4.7674285040642115,0.09826121212515704
-1.9697939587917583,4.76658773300194,0.09859805457761461
-1.9687937587517503,4.7657468786372705,0.09893478873454034
-1.9677935587117423,4.764905942202101,0.09927141398336031
-1.9667933586717343,4.764064924913051,0.0996079297185333
-1.9657931586317263,4.763223827971696,0.09994433534144236
-1.9647929585917183,4.762382652564796,0.10028063026028938
-1.9637927585517103,4.761541399864524,0.1006168138899913
-1.9627925585117023,4.76070007102869,0.10095288565207772
-1.9617923584716943,4.759858667200958,0.10128884497459038
-1.9607921584316863,4.75901718951106,0.1016246912919837
-1.9597919583916783,4.758175639075014,0.10196042404502896
-1.9587917583516703,4.757334016995324,0.10229604268071785
-1.9577915583116623,4.756492324361191,0.10263154665216914
-1.9567913582716543,4.755650562248708,0.10296693541853691
-1.9557911582316463,4.754808731721063,0.1033022084449185
-1.9547909581916383,4.75396683382873,0.10363736520226681
-1.9537907581516303,4.7531248696096595,0.10397240516730225
-1.9527905581116223,4.752282840089468,0.10430732782242633
-1.9517903580716143,4.751440746281622,0.10464213265563788
-1.9507901580316063,4.750598589187617,0.10497681916044865
-1.9497899579915983,4.749756369797158,0.10531138683580218
-1.9487897579515903,4.748914089088335,0.10564583518599319
-1.9477895579115823,4.748071748027795,0.10598016372058845
-1.9467893578715743,4.747229347570908,0.10631437195434938
-1.9457891578315663,4.74638688866194,0.10664845940715519
-1.9447889577915582,4.745544372234209,0.10698242560392712
-1.9437887577515502,4.744701799210255,0.10731627007455541
-1.9427885577115422,4.74385917050199,0.10764999235382608
-1.9417883576715342,4.743016487010859,0.10798359198134924
-1.9407881576315262,4.742173749627991,0.10831706850148906
-1.9397879575915182,4.74133095923435,0.10865042146329444
-1.9387877575515102,4.740488116700884,0.10898365042043066
-1.9377875575115022,4.739645222888669,0.10931675493111288
-1.9367873574714942,4.738802278649052,0.10964973455804014
-1.9357871574314862,4.7379592848237975,0.10998258886832982
-1.9347869573914782,4.737116242245218,0.11031531743345514
-1.9337867573514702,4.736273151736315,0.11064791982918176
-1.9327865573114622,4.7354300141109125,0.11098039563550566
-1.9317863572714542,4.734586830173791,0.11131274443659356
-1.9307861572314462,4.733743600720814,0.11164496582072238
-1.9297859571914382,4.732900326539055,0.11197705938022064
-1.9287857571514302,4.732057008406929,0.11230902471141092
-1.9277855571114222,4.731213647094307,0.11264086141455297
-1.9267853570714142,4.73037024336265,0.11297256909378708
-1.9257851570314062,4.729526797965115,0.11330414735707968
-1.9247849569913982,4.728683311646685,0.11363559581616929
-1.9237847569513902,4.727839785144274,0.11396691408651227
-1.9227845569113822,4.726996219186852,0.11429810178723114
-1.9217843568713742,4.72615261449555,0.114629158541063
-1.9207841568313662,4.72530897178377,0.11496008397430797
-1.9197839567913582,4.724465291757298,0.11529087771677972
-1.9187837567513504,4.723621575114408,0.11562153940175626
-1.9177835567113424,4.722777822545969,0.1159520686659308
-1.9167833566713344,4.721934034735548,0.11628246514936462
-1.9157831566313264,4.721090212359511,0.11661272849544008
-1.9147829565913184,4.7202463560871255,0.11694285835081429
-1.9137827565513104,4.719402466580659,0.11727285436537337
-1.9127825565113024,4.718558544495473,0.11760271619218797
-1.9117823564712944,4.717714590480124,0.11793244348746895
-1.9107821564312863,4.716870605176454,0.11826203591052356
-1.9097819563912783,4.716026589219684,0.11859149312371332
-1.9087817563512703,4.715182543238507,0.11892081479241198
-1.9077815563112623,4.714338467855177,0.11925000058496318
-1.9067813562712543,4.713494363685598,0.1195790501726404
-1.9057811562312463,4.71265023133941,0.1199079632296064
-1.9047809561912383,4.711806071420075,0.12023673943287357
-1.9037807561512303,4.7109618845249654,0.12056537846226519
-1.9027805561112223,4.710117671245443,0.12089388000037686
-1.9017803560712143,4.709273432166941,0.12122224373253881
-1.9007801560312063,4.708429167869048,0.12155046934677836
-1.8997799559911983,4.707584878925586,0.1218785565337832
-1.8987797559511903,4.70674056590469,0.12220650498686589
-1.8977795559111823,4.70589622936888,0.12253431440192757
-1.8967793558711743,4.7050518698751445,0.12286198447742298
-1.8957791558311663,4.704207487975011,0.12318951491432632
-1.8947789557911583,4.70336308421462,0.12351690541609656
-1.8937787557511503,4.702518659134799,0.12384415568864424
-1.8927785557111423,4.701674213271134,0.12417126544029893
-1.8917783556711343,4.700829747154039,0.1244982343817761
-1.8907781556311263,4.699985261308827,0.12482506222614483
-1.8897779555911183,4.699140756255777,0.12515174868879653
-1.8887777555511103,4.698296232510201,0.12547829348741435
-1.8877775555111023,4.697451690582516,0.12580469634194139
-1.8867773554710943,4.696607130978299,0.12613095697455115
-1.8857771554310863,4.695762554198361,0.12645707510961768
-1.8847769553910783,4.694917960738809,0.1267830504736863
-1.8837767553510703,4.694073351091103,0.12710888279544447
-1.8827765553110622,4.6932287257421255,0.12743457180569295
-1.8817763552710542,4.692384085174235,0.12776011723731825
-1.8807761552310462,4.691539429865334,0.12808551882526495
-1.8797759551910382,4.69069476028892,0.12841077630650802
-1.8787757551510302,4.689850076914152,0.1287358894200259
-1.8777755551110222,4.689005380205899,0.1290608579067741
-1.8767753550710142,4.688160670624803,0.12938568150965915
-1.8757751550310062,4.687315948627334,0.12971035997351238
-1.8747749549909982,4.686471214665843,0.13003489304506535
-1.8737747549509902,4.6856264691886205,0.13035928047292364
-1.8727745549109822,4.684781712639942,0.13068352200754263
-1.8717743548709742,4.683936945460129,0.13100761740120354
-1.8707741548309662,4.683092168085598,0.1313315664079892
-1.8697739547909582,4.682247380948911,0.1316553687837599
-1.8687737547509502,4.681402584478825,0.13197902428613026
-1.8677735547109422,4.680557779100345,0.1323025326744467
-1.8667733546709342,4.679712965234773,0.13262589370976371
-1.8657731546309262,4.678868143299752,0.13294910715482197
-1.8647729545909182,4.67802331370932,0.13327217277402642
-1.8637727545509102,4.677178476873952,0.13359509033342426
-1.8627725545109022,4.67633363320061,0.13391785960068356
-1.8617723544708942,4.675488783092787,0.13424048034507186
-1.8607721544308862,4.674643926950552,0.13456295233743518
-1.8597719543908782,4.673799065170599,0.13488527535017747
-1.8587717543508702,4.672954198146285,0.1352074491572405
-1.8577715543108622,4.672109326267674,0.13552947353408346
-1.8567713542708542,4.671264449921586,0.13585134825766282
-1.8557711542308462,4.670419569491632,0.13617307310641344
-1.8547709541908382,4.669574685358262,0.13649464786022897
-1.8537707541508301,4.668729797898799,0.1368160723004427
-1.8527705541108221,4.667884907487489,0.1371373462098089
-1.8517703540708141,4.667040014495531,0.13745846937248435
-1.8507701540308061,4.666195119291125,0.13777944157400954
-1.8497699539907981,4.665350222239505,0.13810026260129118
-1.8487697539507901,4.664505323702981,0.13842093224258428
-1.8477695539107821,4.663660424040976,0.13874145028747414
-1.8467693538707741,4.662815523610064,0.1390618165268592
-1.8457691538307661,4.661970622764005,0.13938203075293445
-1.8447689537907581,4.661125721853784,0.13970209275917353
-1.8437687537507501,4.660280821227649,0.14002200234031234
-1.842768553710742,4.659435921231138,0.14034175929233314
-1.841768353670734,4.658591022207126,0.14066136341244742
-1.840768153630726,4.657746124495851,0.14098081449908034
-1.839767953590718,4.656901228434952,0.14130011235185463
-1.83876775355071,4.656056334359502,0.1416192567715749
-1.837767553510702,4.65521144260204,0.14193824756021234
-1.836767353470694,4.654366553492608,0.1422570845208892
-1.835767153430686,4.653521667358778,0.14257576745786402
-1.834766953390678,4.65267678452569,0.14289429617651603
-1.83376675335067,4.651831905316081,0.14321267048333117
-1.832766553310662,4.650987030050316,0.14353089018588702
-1.831766353270654,4.650142159046418,0.14384895509283885
-1.830766153230646,4.649297292620102,0.14416686501390485
-1.829765953190638,4.648452431084804,0.14448461975985266
-1.82876575315063,4.647607574751708,0.14480221914248545
-1.827765553110622,4.646762723929781,0.14511966297462778
-1.826765353070614,4.645917878925798,0.14543695107011237
-1.825765153030606,4.64507304004437,0.14575408324376682
-1.824764952990598,4.644228207587977,0.14607105931139985
-1.82376475295059,4.643383381856994,0.14638787908978948
-1.822764552910582,4.642538563149718,0.14670454239666855
-1.821764352870574,4.641693751762395,0.1470210490507128
-1.820764152830566,4.640848947989248,0.14733739887152844
-1.819763952790558,4.640004152122507,0.1476535916796392
-1.81876375275055,4.639159364452429,0.14796962729647453
-1.817763552710542,4.638314585267332,0.14828550554435696
-1.816763352670534,4.637469814853614,0.14860122624648997
-1.815763152630526,4.636625053495783,0.14891678922694634
-1.814762952590518,4.635780301476481,0.14923219431065687
-1.81376275255051,4.634935559076508,0.14954744132339787
-1.812762552510502,4.63409082657485,0.14986253009178024
-1.811762352470494,4.633246104248699,0.15017746044323746
-1.810762152430486,4.632401392373482,0.15049223220601485
-1.809761952390478,4.6315566912228805,0.15080684520915846
-1.80876175235047,4.630712001068859,0.15112129928250384
-1.807761552310462,4.629867322181685,0.15143559425666536
-1.806761352270454,4.629022654829952,0.15174972996302508
-1.805761152230446,4.628177999280606,0.15206370623372203
-1.8047609521904382,4.627333355798965,0.15237752290164214
-1.8037607521504302,4.626488724648742,0.15269117980040786
-1.8027605521104222,4.625644106092069,0.15300467676436708
-1.8017603520704142,4.624799500389515,0.15331801362858344
-1.8007601520304062,4.6239549078001145,0.1536311902288265
-1.7997599519903982,4.623110328581383,0.153944206401561
-1.7987597519503902,4.6222657629893416,0.1542570619839372
-1.7977595519103822,4.621421211278534,0.15456975681378124
-1.7967593518703742,4.620576673702055,0.1548822907295853
-1.7957591518303662,4.619732150511565,0.155194663570498
-1.7947589517903582,4.61888764195731,0.15550687517631498
-1.7937587517503502,4.61804314828815,0.1558189253874694
-1.7927585517103422,4.6171986697515655,0.15613081404502235
-1.7917583516703341,4.616354206593692,0.1564425409906537
-1.7907581516303261,4.61550975905933,0.15675410606665321
-1.7897579515903181,4.614665327391968,0.15706550911591122
-1.7887577515503101,4.613820911833803,0.15737674998190962
-1.7877575515103021,4.612976512625754,0.1576878285087135
-1.7867573514702941,4.61213213000749,0.1579987445409611
-1.7857571514302861,4.611287764217441,0.15830949792385623
-1.7847569513902781,4.610443415492822,0.15862008850315945
-1.7837567513502701,4.6095990840696475,0.1589305161251788
-1.7827565513102621,4.608754770182751,0.15924078063676134
-1.7817563512702541,4.607910474065805,0.15955088188528574
-1.780756151230246,4.607066195951338,0.15986081971865274
-1.779755951190238,4.606221936070752,0.16017059398527753
-1.77875575115023,4.605377694654338,0.16048020453408127
-1.777755551110222,4.6045334719313,0.16078965121448294
-1.776755351070214,4.603689268129765,0.16109893387639138
-1.775755151030206,4.602845083476804,0.161408052370197
-1.774754950990198,4.602000918198452,0.16171700654676444
-1.77375475095019,4.601156772519716,0.1620257962574235
-1.772754550910182,4.6003126466646025,0.1623344213539625
-1.771754350870174,4.599468540856127,0.16264288168861987
-1.770754150830166,4.598624455316333,0.1629511771140765
-1.769753950790158,4.597780390266312,0.16325930748344852
-1.76875375075015,4.59693634592621,0.16356727265027918
-1.767753550710142,4.596092322515255,0.1638750724685315
-1.766753350670134,4.595248320251765,0.1641827067925807
-1.765753150630126,4.594404339353171,0.16449017547720654
-1.764752950590118,4.593560380036026,0.1647974783775866
-1.76375275055011,4.592716442516024,0.1651046153492885
-1.762752550510102,4.591872527008015,0.16541158624826258
-1.761752350470094,4.591028633726024,0.1657183909308348
-1.760752150430086,4.590184762883261,0.1660250292536996
-1.759751950390078,4.58934091469214,0.16633150107391267
-1.75875175035007,4.588497089364291,0.16663780624888389
-1.757751550310062,4.587653287110582,0.16694394463637008
-1.756751350270054,4.586809508141124,0.16724991609446838
-1.755751150230046,4.585965752665296,0.16755572048160883
-1.754750950190038,4.5851220208917525,0.16786135765654767
-1.75375075015003,4.584278313028442,0.16816682747836084
-1.752750550110022,4.583434629282619,0.16847212980643647
-1.751750350070014,4.582590969860866,0.1687772645004685
-1.750750150030006,4.581747334969096,0.16908223142045006
-1.749749949989998,4.580903724812577,0.16938703042666578
-1.74874974994999,4.580060139595944,0.16969166137968617
-1.747749549909982,4.5792165795232105,0.16999612414036036
-1.746749349869974,4.578373044797785,0.17030041856980982
-1.745749149829966,4.577529535622484,0.17060454452942153
-1.744748949789958,4.576686052199548,0.17090850188084117
-1.74374874974995,4.5758425947306565,0.17121229048596723
-1.742748549709942,4.574999163416937,0.1715159102069439
-1.741748349669934,4.574155758458983,0.1718193609061547
-1.740748149629926,4.573312380056868,0.17212264244621664
-1.739747949589918,4.572469028410158,0.17242575468997276
-1.73874774954991,4.571625703717924,0.17272869750048622
-1.737747549509902,4.57078240617876,0.17303147074103417
-1.736747349469894,4.569939135990793,0.17333407427510067
-1.735747149429886,4.5690958933516965,0.173636507966371
-1.734746949389878,4.568252678458708,0.17393877167872515
-1.73374674934987,4.567409491508639,0.17424086527623145
-1.732746549309862,4.566566332697887,0.17454278862314052
-1.731746349269854,4.565723202222455,0.1748445415838785
-1.730746149229846,4.56488010027796,0.17514612402304092
-1.729745949189838,4.564037027059648,0.17544753580538686
-1.72874574914983,4.563193982762407,0.1757487767958325
-1.727745549109822,4.56235096758078,0.17604984685944466
-1.726745349069814,4.561507981708982,0.17635074586143484
-1.725745149029806,4.560665025340908,0.17665147366715322
-1.724744948989798,4.559822098670148,0.1769520301420821
-1.72374474894979,4.558979201890003,0.17725241515182974
-1.722744548909782,4.5581363351934945,0.17755262856212467
-1.721744348869774,4.5572934987733795,0.17785267023880916
-1.720744148829766,4.556450692822166,0.17815254004783285
-1.719743948789758,4.55560791753212,0.17845223785524728
-1.7187437487497499,4.5547651730952845,0.1787517635271992
-1.7177435487097419,4.553922459703491,0.1790511169299246
-1.7167433486697339,4.5530797775483745,0.1793502979297422
-1.7157431486297259,4.552237126821379,0.17964930639304832
-1.7147429485897179,4.551394507713781,0.17994814218631003
-1.7137427485497099,4.550551920416698,0.180246805176059
-1.7127425485097019,4.549709365121099,0.18054529522888546
-1.7117423484696939,4.54886684201782,0.18084361221143203
-1.7107421484296859,4.548024351297582,0.18114175599038784
-1.7097419483896779,4.547181893150996,0.1814397264324823
-1.7087417483496699,4.54633946776858,0.181737523404479
-1.7077415483096618,4.545497075340774,0.18203514677316884
-1.7067413482696538,4.54465471605795,0.18233259640536506
-1.7057411482296458,4.543812390110428,0.18262987216789656
-1.7047409481896378,4.542970097688487,0.18292697392760116
-1.7037407481496298,4.54212783898238,0.18322390155132046
-1.7027405481096218,4.541285614182346,0.18352065490589267
-1.7017403480696138,4.5404434234786235,0.18381723385814708
-1.7007401480296058,4.539601267061465,0.18411363827489804
-1.6997399479895978,4.5387591451211495,0.18440986802293757
-1.6987397479495898,4.537917057847997,0.1847059229690302
-1.6977395479095818,4.537075005432379,0.18500180297990632
-1.6967393478695738,4.536232988064737,0.18529750792225616
-1.6957391478295658,4.53539100593559,0.18559303766272325
-1.6947389477895578,4.534549059235554,0.18588839206789812
-1.6937387477495498,4.5337071481553535,0.18618357100431182
-1.6927385477095418,4.53286527288583,0.1864785743384296
-1.6917383476695338,4.532023433617964,0.18677340193664493
-1.690738147629526,4.5311816305428865,0.18706805366527293
-1.689737947589518,4.530339863851887,0.18736252939054376
-1.68873774754951,4.529498133736434,0.18765682897859612
-1.687737547509502,4.528656440388186,0.18795095229547104
-1.686737347469494,4.52781478399901,0.18824489920710508
-1.685737147429486,4.526973164760985,0.18853866957932447
-1.684736947389478,4.526131582866429,0.18883226327783745
-1.68373674734947,4.525290038507903,0.18912568016822842
-1.682736547309462,4.524448531878231,0.18941892011595135
-1.681736347269454,4.5236070631705125,0.18971198298632294
-1.680736147229446,4.522765632578138,0.1900048686445154
-1.679735947189438,4.5219242402948,0.19029757695555075
-1.67873574714943,4.521082886514513,0.19059010778429353
-1.677735547109422,4.520241571431623,0.19088246099544381
-1.676735347069414,4.519400295240825,0.19117463645353072
-1.675735147029406,4.518559058137178,0.191466634022905
-1.674734946989398,4.51771786031612,0.1917584535677327
-1.67373474694939,4.5168767019734775,0.1920500949519883
-1.672734546909382,4.5160355833054915,0.19234155803944672
-1.671734346869374,4.5151945045088215,0.19263284269367728
-1.670734146829366,4.514353465780568,0.19292394877803612
-1.669733946789358,4.513512467318286,0.19321487615565913
-1.66873374674935,4.512671509319999,0.19350562468945484
-1.667733546709342,4.511830591984214,0.1937961942420972
-1.666733346669334,4.510989715509944,0.19408658467601764
-1.665733146629326,4.510148880096714,0.19437679585339868
-1.664732946589318,4.509308085944582,0.1946668276361659
-1.66373274654931,4.508467333254156,0.19495667988598053
-1.662732546509302,4.507626622226611,0.1952463524642321
-1.661732346469294,4.506785953063697,0.1955358452320311
-1.660732146429286,4.505945325967769,0.19582515805020034
-1.659731946389278,4.505104741141792,0.19611429077926806
-1.65873174634927,4.504264198789361,0.19640324327946035
-1.657731546309262,4.503423699114722,0.19669201541069276
-1.656731346269254,4.5025832423227845,0.1969806070325626
-1.6557311462292459,4.50174282861914,0.19726901800434068
-1.6547309461892379,4.500902458210077,0.19755724818496387
-1.6537307461492299,4.500062131302604,0.19784529743302656
-1.6527305461092219,4.499221848104463,0.19813316560677216
-1.6517303460692139,4.498381608824146,0.1984208525640855
-1.6507301460292059,4.497541413670917,0.1987083581624843
-1.6497299459891979,4.496701262854827,0.1989956822591108
-1.6487297459491899,4.495861156586733,0.19928282471072298
-1.6477295459091819,4.495021095078318,0.199569785373686
-1.6467293458691739,4.494181078542108,0.19985656410396366
-1.6457291458291659,4.49334110719149,0.2001431607571098
-1.6447289457891578,4.492501181240734,0.2004295751882595
-1.6437287457491498,4.491661300905007,0.20071580725211946
-1.6427285457091418,4.4908214664004,0.2010018568029599
-1.6417283456691338,4.489981677943938,0.20128772369460488
-1.6407281456291258,4.489141935753609,0.2015734077804231
-1.6397279455891178,4.4883022400483785,0.20185890891331912
-1.6387277455491098,4.48746259104821,0.20214422694572354
-1.6377275455091018,4.48662298897409,0.20242936172958353
-1.6367273454690938,4.485783434048039,0.2027143131163535
-1.6357271454290858,4.484943926493145,0.20299908095698493
-1.6347269453890778,4.484104466533572,0.2032836651019171
-1.6337267453490698,4.48326505439459,0.20356806540106626
-1.6327265453090618,4.482425690302595,0.2038522817038168
-1.6317263452690538,4.4815863744851265,0.20413631385901043
-1.6307261452290458,4.480747107170895,0.20442016171493613
-1.6297259451890378,4.4799078885898,0.20470382511931967
-1.6287257451490298,4.479068718972954,0.20498730391931283
-1.6277255451090218,4.478229598552708,0.2052705979614832
-1.6267253450690138,4.477390527562667,0.20555370709180376
-1.6257251450290058,4.476551506237724,0.20583663115564116
-1.6247249449889978,4.4757125348140745,0.20611936999774527
-1.6237247449489898,4.474873613529245,0.2064019234622377
-1.6227245449089818,4.474034742622115,0.20668429139260122
-1.6217243448689738,4.473195922332944,0.2069664736316677
-1.6207241448289658,4.472357152903391,0.2072484700216069
-1.6197239447889578,4.471518434576548,0.20753028040391439
-1.6187237447489498,4.470679767596955,0.20781190461940025
-1.6177235447089418,4.469841152210636,0.20809334250817685
-1.6167233446689337,4.469002588665117,0.20837459390964677
-1.6157231446289257,4.468164077209457,0.2086556586624902
-1.6147229445889177,4.467325618094272,0.20893653660465317
-1.6137227445489097,4.466487211571764,0.20921722757333436
-1.6127225445089017,4.465648857895747,0.20949773140497244
-1.6117223444688937,4.464810557321673,0.20977804793523364
-1.6107221444288857,4.463972310106665,0.21005817699899806
-1.6097219443888777,4.46313411650954,0.21033811843034672
-1.6087217443488697,4.462295976790842,0.21061787206254817
-1.6077215443088617,4.46145789121287,0.21089743772804462
-1.6067213442688537,4.460619860039703,0.21117681525843834
-1.6057211442288457,4.459781883537238,0.2114560044844778
-1.6047209441888377,4.458943961973213,0.2117350052360433
-1.6037207441488297,4.458106095617242,0.21201381734213245
-1.6027205441088217,4.457268284740846,0.21229244063084604
-1.6017203440688137,4.456430529617482,0.21257087492937307
-1.6007201440288057,4.455592830522578,0.21284912006397588
-1.5997199439887977,4.4547551877335625,0.21312717585997462
-1.5987197439487897,4.4539176015298985,0.21340504214173237
-1.5977195439087817,4.453080072193118,0.21368271873263958
-1.5967193438687737,4.452242600006857,0.2139602054550976
-1.5957191438287657,4.451405185256883,0.21423750213050355
-1.5947189437887577,4.450567828231138,0.21451460857923355
-1.5937187437487497,4.449730529219771,0.21479152462062606
-1.5927185437087417,4.448893288515169,0.21506825007296565
-1.5917183436687337,4.448056106412,0.21534478475346616
-1.5907181436287257,4.447218983207247,0.21562112847825285
-1.5897179435887177,4.446381919200242,0.2158972810623455
-1.5887177435487096,4.445544914692711,0.21617324231964027
-1.5877175435087016,4.444707969988806,0.21644901206289252
-1.5867173434686936,4.443871085395147,0.2167245901036975
-1.5857171434286856,4.44303426122086,0.2169999762524728
-1.5847169433886776,4.442197497777619,0.21727517031843935
-1.5837167433486696,4.441360795379684,0.21755017210960245
-1.5827165433086616,4.440524154343944,0.21782498143273257
-1.5817163432686536,4.439687574989957,0.21809959809334467
-1.5807161432286456,4.4388510576399955,0.2183740218956801
-1.5797159431886376,4.438014602619089,0.21864825264268525
-1.5787157431486296,4.437178210255063,0.2189222901359912
-1.5777155431086216,4.436341880878591,0.21919613417589373
-1.5767153430686138,4.4355056148232315,0.21946978456133104
-1.5757151430286058,4.434669412425481,0.21974324108986307
-1.5747149429885978,4.433833274024813,0.22001650355764976
-1.5737147429485898,4.432997199963734,0.22028957175942876
-1.5727145429085818,4.432161190587823,0.22056244548849332
-1.5717143428685738,4.431325246245783,0.22083512453666948
-1.5707141428285658,4.430489367289493,0.22110760869429238
-1.5697139427885578,4.429653554074054,0.22137989775018369
-1.5687137427485498,4.428817806957841,0.22165199149162762
-1.5677135427085418,4.427982126302557,0.22192388970434623
-1.5667133426685338,4.427146512473279,0.22219559217247556
-1.5657131426285258,4.426310965838522,0.2224670986785397
-1.5647129425885178,4.42547548677028,0.22273840900342706
-1.5637127425485098,4.424640075644088,0.22300952292636325
-1.5627125425085018,4.42380473283908,0.22328044022488544
-1.5617123424684938,4.422969458738041,0.22355116067481626
-1.5607121424284858,4.422134253727462,0.22382168405023647
-1.5597119423884778,4.421299118197608,0.2240920101234575
-1.5587117423484698,4.420464052542565,0.22436213866499397
-1.5577115423084618,4.419629057160311,0.2246320694435349
-1.5567113422684538,4.418794132452769,0.22490180222591588
-1.5557111422284458,4.417959278825874,0.2251713367770897
-1.5547109421884378,4.417124496689634,0.22544067286009611
-1.5537107421484297,4.416289786458193,0.22570981023603248
-1.5527105421084217,4.415455148549898,0.22597874866402332
-1.5517103420684137,4.414620583387366,0.2262474879011883
-1.5507101420284057,4.413786091397547,0.2265160277026118
-1.5497099419883977,4.412951673011797,0.2267843678213106
-1.5487097419483897,4.412117328665942,0.22705250800820098
-1.5477095419083817,4.411283058800354,0.22732044801206577
-1.5467093418683737,4.410448863860018,0.22758818757952104
-1.5457091418283657,4.409614744294607,0.22785572645498128
-1.5447089417883577,4.408780700558554,0.22812306438062582
-1.5437087417483497,4.407946733111133,0.22839020109636282
-1.5427085417083417,4.407112842416523,0.22865713633979315
-1.5417083416683337,4.4062790289438984,0.2289238698461743
-1.5407081416283257,4.405445293167501,0.22919040134838364
-1.5397079415883177,4.40461163556672,0.22945673057688076
-1.5387077415483097,4.403778056626177,0.22972285725966832
-1.5377075415083017,4.402944556835803,0.22998878112225457
-1.5367073414682937,4.402111136690928,0.23025450188761293
-1.5357071414282857,4.401277796692363,0.23052001927614196
-1.5347069413882777,4.400444537346487,0.2307853330056247
-1.5337067413482697,4.399611359165336,0.23105044279118675
-1.5327065413082617,4.398778262666694,0.23131534834525466
-1.5317063412682537,4.397945248374181,0.23158004937751345
-1.5307061412282457,4.397112316817345,0.2318445455948619
-1.5297059411882377,4.396279468531761,0.23210883670136886
-1.5287057411482297,4.395446704059123,0.23237292239822802
-1.5277055411082217,4.394614023947342,0.23263680238371243
-1.5267053410682137,4.393781428750644,0.2329004763531277
-1.5257051410282056,4.392948919029671,0.23316394399876472
-1.5247049409881976,4.392116495351584,0.23342720500985137
-1.5237047409481896,4.391284158290168,0.2336902590725043
-1.5227045409081816,4.390451908425932,0.23395310586967843
-1.5217043408681736,4.389619746346222,0.2342157450811168
-1.5207041408281656,4.388787672645328,0.23447817638329885
-1.5197039407881576,4.3879556879245945,0.23474039944938813
-1.5187037407481496,4.387123792792534,0.23500241394917964
-1.5177035407081416,4.386291987864941,0.23526421954904556
-1.5167033406681336,4.385460273765011,0.23552581591188015
-1.5157031406281256,4.384628651123451,0.23578720269704406
-1.5147029405881176,4.383797120578614,0.23604837956030714
-1.5137027405481096,4.382965682776606,0.23630934615379137
-1.5127025405081016,4.382134338371423,0.23657010212591167
-1.5117023404680936,4.381303088025068,0.23683064712131632
-1.5107021404280856,4.380471932407687,0.23709098078082577
-1.5097019403880776,4.379640872197695,0.2373511027413719
-1.5087017403480696,4.378809908081911,0.2376110126359344
-1.5077015403080616,4.3779790407556956,0.2378707100934771
-1.5067013402680536,4.377148270923084,0.23813019473888292
-1.5057011402280456,4.37631759929693,0.23838946619288828
-1.5047009401880376,4.375487026599042,0.23864852407201595
-1.5037007401480296,4.374656553560337,0.23890736798850612
-1.5027005401080216,4.373826180920981,0.23916599755024756
-1.5017003400680136,4.3729959094305375,0.2394244123607069
-1.5007001400280056,4.372165739848125,0.23968261201885674
-1.4996999399879976,4.371335672942567,0.2399405961191026
-1.4986997399479896,4.3705057094925515,0.24019836425120922
-1.4976995399079815,4.36967585028679,0.24045591600022423
-1.4966993398679735,4.36884609612418,0.24071325094640217
-1.4956991398279655,4.36801644781397,0.2409703686651257
-1.4946989397879575,4.367186906175926,0.24122726872682693
-1.4936987397479495,4.366357472040508,0.24148395069690623
-1.4926985397079415,4.365528146249035,0.24174041413565014
-1.4916983396679335,4.364698929653872,0.24199665859814834
-1.4906981396279255,4.363869823118597,0.24225268363420835
-1.4896979395879175,4.363040827518194,0.24250848878826908
-1.4886977395479095,4.362211943739236,0.2427640735993139
-1.4876975395079015,4.361383172680072,0.2430194376007804
-1.4866973394678935,4.360554515251017,0.24327458032047036
-1.4856971394278855,4.359725972374552,0.24352950128045747
-1.4846969393878775,4.358897544985519,0.24378419999699277
-1.4836967393478695,4.358069234031325,0.24403867598040982
-1.4826965393078615,4.357241040472144,0.24429292873502806
-1.4816963392678535,4.3564129652811285,0.24454695775905333
-1.4806961392278455,4.355585009444619,0.24480076254447808
-1.4796959391878375,4.354757173962361,0.2450543425769797
-1.4786957391478295,4.3539294598477225,0.24530769733581667
-1.4776955391078215,4.3531018681279186,0.24556082629372214
-1.4766953390678135,4.352274399844238,0.24581372891679837
-1.4756951390278055,4.351447056052271,0.24606640466440707
-1.4746949389877975,4.3506198378221415,0.24631885298905878
-1.4736947389477895,4.349792746238753,0.2465710733362998
-1.4726945389077815,4.348965782402023,0.24682306514459845
-1.4716943388677735,4.348138947427128,0.24707482784522852
-1.4706941388277655,4.347312242444762,0.24732636086215057
-1.4696939387877574,4.346485668601377,0.24757766361189187
-1.4686937387477494,4.345659227059455,0.2478287355034249
-1.4676935387077414,4.344832918997759,0.24807957593804247
-1.4666933386677334,4.3440067456116065,0.248330184309231
-1.4656931386277254,4.343180708113137,0.2485805600025431
-1.4646929385877174,4.3423548077315886,0.24883070239546703
-1.4636927385477096,4.341529045713577,0.24908061085729366
-1.4626925385077016,4.34070342332338,0.24933028474898186
-1.4616923384676936,4.339877941843228,0.24957972342302168
-1.4606921384276856,4.3390526025735925,0.24982892622329572
-1.4596919383876776,4.338227406833492,0.250077892484937
-1.4586917383476696,4.337402355960787,0.25032662153418567
-1.4576915383076616,4.336577451312494,0.25057511268824306
-1.4566913382676536,4.335752694265096,0.25082336525512355
-1.4556911382276456,4.334928086214859,0.2510713785335037
-1.4546909381876376,4.334103628578156,0.25131915181256836
-1.4536907381476296,4.333279322791795,0.2515666843718571
-1.4526905381076216,4.332455170313354,0.2518139754811047
-1.4516903380676136,4.331631172621514,0.2520610244000808
-1.4506901380276056,4.330807331216407,0.25230783037842763
-1.4496899379875976,4.329983647619963,0.25255439265549423
-1.4486897379475896,4.329160123376267,0.2528007104601679
-1.4476895379075816,4.328336760051916,0.2530467830107042
-1.4466893378675736,4.327513559236382,0.2532926095145532
-1.4456891378275656,4.326690522542392,0.253538189168183
-1.4446889377875576,4.325867651606293,0.25378352115690206
-1.4436887377475496,4.325044948088443,0.2540286046546772
-1.4426885377075416,4.324222413673597,0.25427343882394904
-1.4416883376675336,4.323400050071298,0.2545180228154452
-1.4406881376275256,4.322577859016279,0.254762355767991
-1.4396879375875176,4.321755842268872,0.25500643680831603
-1.4386877375475096,4.320934001615414,0.2552502650508593
-1.4376875375075016,4.320112338868667,0.25549383959757094
-1.4366873374674936,4.319290855868246,0.25573715953770976
-1.4356871374274855,4.318469554481043,0.25598022394763975
-1.4346869373874775,4.317648436601668,0.256223031890623
-1.4336867373474695,4.316827504152889,0.25646558241660977
-1.4326865373074615,4.316006759086083,0.25670787456202454
-1.4316863372674535,4.31518620338169,0.2569499073495491
-1.4306861372274455,4.314365839049675,0.2571916797879047
-1.4296859371874375,4.313545668129997,0.2574331908716291
-1.4286857371474295,4.312725692693085,0.2576744395808507
-1.4276855371074215,4.311905914840315,0.25791542488105984
-1.4266853370674135,4.311086336704503,0.2581561457228778
-1.4256851370274055,4.310266960450396,0.2583966010418212
-1.4246849369873975,4.3094477882751745,0.25863678975806453
-1.4236847369473895,4.30862882240896,0.2588767107761981
-1.4226845369073815,4.30781006511533,0.2591163629849844
-1.4216843368673735,4.306991518691838,0.2593557452571094
-1.4206841368273655,4.306173185470541,0.25959485644893376
-1.4196839367873575,4.305355067818539,0.25983369540023665
-1.4186837367473495,4.304537168138508,0.2600722609339594
-1.4176835367073415,4.303719488869255,0.26031055185594526
-1.4166833366673335,4.302902032486271,0.26054856695467526
-1.4156831366273255,4.302084801502291,0.2607863050010022
-1.4146829365873175,4.301267798467864,0.26102376474787947
-1.4136827365473095,4.300451025971926,0.2612609449300885
-1.4126825365073015,4.299634486642385,0.2614978442639617
-1.4116823364672935,4.298818183146709,0.26173446144710366
-1.4106821364272855,4.298002118192517,0.2619707951581076
-1.4096819363872775,4.297186294528186,0.2622068440562698
-1.4086817363472695,4.296370714943453,0.2624426067813002
-1.4076815363072614,4.29555538227004,0.26267808195303
-1.4066813362672534,4.294740299382264,0.262913268171117
-1.4056811362272454,4.2939254691976725,0.2631481640147474
-1.4046809361872374,4.293110894677675,0.26338276804233357
-1.4036807361472294,4.2922965788281795,0.2636170787912104
-1.4026805361072214,4.291482524700248,0.263851094777328
-1.4016803360672134,4.290668735390742,0.2640848144949411
-1.4006801360272054,4.289855214042983,0.264318236416297
-1.3996799359871974,4.289041963847414,0.2645513589913187
-1.3986797359471894,4.28822898804228,0.26478418064728715
-1.3976795359071814,4.28741628991429,0.2650166997885202
-1.3966793358671734,4.286603872799308,0.2652489147960485
-1.3956791358271654,4.285791740083037,0.2654808240272887
-1.3946789357871574,4.284979895201711,0.26571242581571586
-1.3936787357471494,4.284168341642791,0.265943718470532
-1.3926785357071414,4.283357082945666,0.2661747002763325
-1.3916783356671334,4.282546122702364,0.26640536949277077
-1.3906781356271254,4.281735464558257,0.26663572435422067
-1.3896779355871174,4.280925112212779,0.2668657630694368
-1.3886777355471094,4.280115069420146,0.26709548382121356
-1.3876775355071014,4.279305339990076,0.26732488476604116
-1.3866773354670934,4.278495927788516,0.2675539640337621
-1.3856771354270854,4.27768683673837,0.26778271972722406
-1.3846769353870774,4.276878070820237,0.2680111499219327
-1.3836767353470694,4.276069634073136,0.2682392526657028
-1.3826765353070614,4.2752615305952535,0.26846702597830874
-1.3816763352670534,4.274453764544673,0.26869446785113427
-1.3806761352270454,4.2736463401401235,0.26892157624682034
-1.3796759351870374,4.272839261661713,0.269148349098915
-1.3786757351470293,4.272032533451679,0.26937478431151957
-1.3776755351070213,4.2712261599151224,0.26960087975893765
-1.3766753350670133,4.27042014552076,0.269826633285323
-1.3756751350270053,4.26961449480166,0.27005204270432753
-1.3746749349869973,4.268809212355983,0.27027710579875075
-1.3736747349469893,4.268004302847724,0.27050182032018905
-1.3726745349069813,4.26719977100745,0.2707261839886867
-1.3716743348669733,4.266395621633032,0.27095019449238783
-1.3706741348269653,4.2655918595903835,0.2711738494871906
-1.3696739347869573,4.264788489814181,0.271397146596402
-1.3686737347469493,4.263985517308589,0.27162008341039634
-1.3676735347069413,4.263182947147987,0.2718426574862746
-1.3666733346669333,4.262380784477672,0.27206486634752863
-1.3656731346269253,4.261579034514574,0.2722867074837066
-1.3646729345869173,4.2607777025479505,0.27250817835008223
-1.3636727345469093,4.259976793940082,0.27272927636732935
-1.3626725345069013,4.259176314126956,0.27294999892119837
-1.3616723344668933,4.258376268618939,0.2731703433621996
-1.3606721344268853,4.257576663001443,0.2733903070052897
-1.3596719343868773,4.256777502935581,0.2736098871295647
-1.3586717343468693,4.2559787941588025,0.27382908097795877
-1.3576715343068613,4.2551805424855305,0.2740478857569481
-1.3566713342668533,4.254382753807772,0.27426629863626295
-1.3556711342268453,4.2535854340957195,0.2744843167486062
-1.3546709341868373,4.252788589398337,0.2747019371893789
-1.3536707341468293,4.251992225843929,0.2749191570164162
-1.3526705341068213,4.251196349640689,0.27513597324972916
-1.3516703340668133,4.250400967077236,0.2753523828712573
-1.3506701340268052,4.249606084523122,0.27556838282463114
-1.3496699339867975,4.248811708429327,0.27578397001494453
-1.3486697339467895,4.248017845328725,0.2759991413085375
-1.3476695339067815,4.247224501836532,0.2762138935327911
-1.3466693338667735,4.246431684650726,0.27642822347593465
-1.3456691338267655,4.245639400552439,0.27664212788686526
-1.3446689337867574,4.24484765640633,0.27685560347498056
-1.3436687337467494,4.24405645916092,0.27706864691002575
-1.3426685337067414,4.2432658158489,0.27728125482195554
-1.3416683336667334,4.242475733587412,0.27749342380081043
-1.3406681336267254,4.241686219578289,0.27770515039661087
-1.3396679335867174,4.24089728110827,0.2779164311192665
-1.3386677335467094,4.240108925549169,0.27812726243850405
-1.3376675335067014,4.239321160358013,0.278337640783813
-1.3366673334666934,4.238533993077144,0.27854756254441043
-1.3356671334266854,4.237747431334268,0.27875702406922653
-1.3346669333866774,4.2369614828424735,0.278966021666909
-1.3336667333466694,4.236176155400204,0.2791745516058501
-1.3326665333066614,4.23539145689118,0.2793826101142369
-1.3316663332666534,4.234607395284275,0.2795901933801227
-1.3306661332266454,4.233823978633347,0.27979729755152405
-1.3296659331866374,4.2330412150770105,0.2800039187365421
-1.3286657331466294,4.232259112838368,0.28021005300350943
-1.3276655331066214,4.231477680224671,0.28041569638116387
-1.3266653330666134,4.230696925626941,0.28062084485885025
-1.3256651330266054,4.229916857519516,0.28082549438675036
-1.3246649329865974,4.229137484459549,0.2810296408761421
-1.3236647329465894,4.228358815086438,0.2812332801996891
-1.3226645329065814,4.227580858121199,0.2814364081917628
-1.3216643328665734,4.226803622365756,0.2816390206487948
-1.3206641328265654,4.226027116702182,0.2818411133296642
-1.3196639327865574,4.225251350091862,0.2820426819561186
-1.3186637327465494,4.224476331574579,0.28224372221322985
-1.3176635327065414,4.22370207026753,0.2824442297498874
-1.3166633326665333,4.222928575364272,0.2826442001793267
-1.3156631326265253,4.222155856133576,0.2828436290796982
-1.3146629325865173,4.221383921918212,0.2830425119946734
-1.3136627325465093,4.2206127821336485,0.28324084443409275
-1.3126625325065013,4.219842446266662,0.28343862187465363
-1.3116623324664933,4.219072923873869,0.28363583976064083
-1.3106621324264853,4.218304224580164,0.2838324935046995
-1.3096619323864773,4.21753635807707,0.28402857848865354
-1.3086617323464693,4.2167693341209915,0.2842240900643678
-1.3076615323064613,4.216003162531379,0.28441902355465676
-1.3066613322664533,4.215237853188795,0.28461337425423994
-1.3056611322264453,4.214473416032884,0.28480713743074515
-1.3046609321864373,4.213709861060232,0.2850003083257606
-1.3036607321464293,4.212947198322142,0.2851928821559369
-1.3026605321064213,4.212185437922291,0.2853848541141377
-1.3016603320664133,4.211424590014291,0.28557621937064426
-1.3006601320264053,4.2106646647991335,0.2857669730744106
-1.2996599319863973,4.209905672522536,0.2859571103543719
-1.2986597319463893,4.209147623472172,0.2861466263208057
-1.2976595319063813,4.208390527974791,0.286335516066749
-1.2966593318663733,4.207634396393221,0.28652377466946966
-1.2956591318263653,4.20687923912327,0.28671139719199223
-1.2946589317863573,4.206125066590496,0.2868983786846819
-1.2936587317463493,4.205371889246869,0.2870847141868844
-1.2926585317063413,4.204619717567315,0.28727039872862303
-1.2916583316663333,4.2038685620461385,0.2874554273323537
-1.2906581316263253,4.203118433193329,0.28763979501477815
-1.2896579315863173,4.202369341530743,0.287823496788715
-1.2886577315463092,4.2016212975881695,0.2880065276650307
-1.2876575315063012,4.200874311899272,0.2881888826546288
-1.2866573314662932,4.200128394997411,0.28837055677049767
-1.2856571314262852,4.199383557411339,0.28855154502981845
-1.2846569313862772,4.198639809660785,0.2887318424561318
-1.2836567313462692,4.197897162251901,0.2889114440815639
-1.2826565313062612,4.197155625672609,0.28909034494911023
-1.2816563312662532,4.196415210387805,0.28926854011498043
-1.2806561312262452,4.195675926834457,0.28944602465099895
-1.2796559311862372,4.194937785416579,0.2896227936470654
-1.2786557311462292,4.19420079650009,0.2897988422136718
-1.2776555311062212,4.193464970407549,0.2899741654844766
-1.2766553310662132,4.19273031741278,0.29014875861893447
-1.2756551310262052,4.191996847735384,0.2903226168049826
-1.2746549309861972,4.191264571535134,0.29049573526178024
-1.2736547309461892,4.190533498906263,0.2906681092425017
-1.2726545309061812,4.189803639871645,0.2908397340371824
-1.2716543308661732,4.189075004376865,0.29101060497561554
-1.2706541308261652,4.188347602284198,0.2911807174302982
-1.2696539307861572,4.187621443366472,0.29135006681942643
-1.2686537307461492,4.186896537300851,0.29151864860993526
-1.2676535307061412,4.1861728936625155,0.29168645832058554
-1.2666533306661332,4.1854505219182565,0.2918534915250925
-1.2656531306261252,4.184729431419983,0.29201974385529605
-1.2646529305861172,4.184009631398154,0.2921852110043692
-1.2636527305461092,4.183291130955125,0.29234988873006423
-1.2626525305061012,4.18257393905843,0.2925137728579926
-1.2616523304660932,4.181858064533998,0.29267685928493675
-1.2606521304260851,4.181143516059305,0.292839143982191
-1.2596519303860771,4.180430302156467,0.2930006229989303
-1.2586517303460691,4.179718431185292,0.29316129246560035
-1.2576515303060611,4.1790079113362815,0.29332114859733005
-1.2566513302660531,4.178298750623596,0.29348018769736095
-1.2556511302260451,4.177590956877994,0.29363840616049125
-1.2546509301860371,4.176884537739745,0.2937958004765289
-1.2536507301460291,4.176179500651522,0.2939523672337545
-1.2526505301060211,4.1754758528512905,0.29410810312238717
-1.2516503300660131,4.1747736013651915,0.2942630049380487
-1.2506501300260051,4.174072753000439,0.2944170695852252
-1.249649929985997,4.17337331433822,0.29457029408072105
-1.248649729945989,4.17267529172663,0.29472267555709925
-1.247649529905981,4.171978691273629,0.29487421126610724
-1.246649329865973,4.171283518840045,0.2950248985820801
-1.245649129825965,4.1705897800326275,0.2951747350053207
-1.244648929785957,4.169897480197151,0.2953237181654499
-1.243648729745949,4.169206624411598,0.2954718458247207
-1.242648529705941,4.168517217479407,0.29561911588129647
-1.241648329665933,4.167829263922821,0.2957655263724841
-1.240648129625925,4.167142767976317,0.2959110754779184
-1.239647929585917,4.166457733580159,0.29605576152269425
-1.238647729545909,4.165774164374053,0.2961995829804407
-1.237647529505901,4.165092063690938,0.2963425384763315
-1.236647329465893,4.164411434550912,0.29648462679002724
-1.2356471294258853,4.163732279655301,0.2966258468585454
-1.2346469293858773,4.163054601380891,0.2967661977790518
-1.2336467293458693,4.162378401774321,0.2969056788115695
-1.2326465293058613,4.161703682546664,0.29704428938159844
-1.2316463292658533,4.1610304450681825,0.2971820290826432
-1.2306461292258453,4.160358690363296,0.2973188976786419
-1.2296459291858373,4.159688419105746,0.2974548951062917
-1.2286457291458293,4.159019631613985,0.2975900214772679
-1.2276455291058213,4.15835232784679,0.2977242770803294
-1.2266453290658133,4.157686507399119,0.2978576623833056
-1.2256451290258052,4.157022169498208,0.29799017803496325
-1.2246449289857972,4.15635931299993,0.2981218248667447
-1.2236447289457892,4.155697936385416,0.2982526038943764
-1.2226445289057812,4.155038037757955,0.2983825163193414
-1.2216443288657732,4.154379614840169,0.2985115635302106
-1.2206441288257652,4.15372266497149,0.298639747103833
-1.2196439287857572,4.153067185105929,0.298767068806377
-1.2186437287457492,4.152413171810152,0.29889353059421864
-1.2176435287057412,4.151760621261878,0.29901913461467783
-1.2166433286657332,4.1511095292485845,0.2991438832065944
-1.2156431286257252,4.150459891166554,0.2992677789007434
-1.2146429285857172,4.149811702020246,0.29939082442008524
-1.2136427285457092,4.1491649564220126,0.29951302267985
-1.2126425285057012,4.1485196485921545,0.29963437678745175
-1.2116423284656932,4.147875772359328,0.2997548900422302
-1.2106421284256852,4.1472333211613,0.2998745659350207
-1.2096419283856772,4.146592288046072,0.29999340814754616
-1.2086417283456692,4.145952665673347,0.30011142055163526
-1.2076415283056612,4.145314446316364,0.3002286072082605
-1.2066413282656532,4.144677621864106,0.30034497236639807
-1.2056411282256452,4.144042183823852,0.3004605204617098
-1.2046409281856372,4.143408123324114,0.3005752561150433
-1.2036407281456292,4.142775431117922,0.3006891841307554
-1.2026405281056212,4.14214409758649,0.3008023094948543
-1.2016403280656132,4.141514112743225,0.3009146373729647
-1.2006401280256052,4.140885466238115,0.3010261731081163
-1.1996399279855972,4.14025814736246,0.3011369222183542
-1.1986397279455892,4.13963214505397,0.3012468903941786
-1.1976395279055811,4.1390074479022045,0.30135608349580933
-1.1966393278655731,4.138384044154359,0.3014645075502818
-1.1956391278255651,4.137761921721395,0.30157216874837695
-1.1946389277855571,4.137141068184504,0.3016790734413853
-1.1936387277455491,4.136521470801896,0.301785228137711
-1.1926385277055411,4.1359031165159115,0.30189063949931993
-1.1916383276655331,4.135285991960441,0.3019953143380323
-1.1906381276255251,4.134670083468659,0.30209925961166834
-1.1896379275855171,4.134055377081038,0.302202482420049
-1.1886377275455091,4.1334418585536605,0.3023049900008563
-1.1876375275055011,4.132829513366795,0.3024067897253609
-1.186637327465493,4.1322183267337484,0.302507889094019
-1.185637127425485,4.131608283609956,0.30260829573194653
-1.184636927385477,4.130999368702325,0.302708017384276
-1.183636727345469,4.130391566478796,0.3028070619114016
-1.182636527305461,4.129784861178129,0.30290543728411945
-1.181636327265453,4.129179236819884,0.3030031515786691
-1.180636127225445,4.128574677214593,0.30310021297168405
-1.179635927185437,4.12797116597411,0.3031966297350562
-1.178635727145429,4.127368686522108,0.30329241023072373
-1.177635527105421,4.1267672221047444,0.3033875629053881
-1.176635327065413,4.126166755801432,0.3034820962851676
-1.175635127025405,4.125567270535741,0.3035760189701961
-1.174634926985397,4.124968749086398,0.3036693396291734
-1.173634726945389,4.124371174098365,0.3037620669938751
-1.172634526905381,4.123774528093992,0.30385420985362943
-1.171634326865373,4.123178793484219,0.30394577704977077
-1.170634126825365,4.122583952579821,0.3040367774700742
-1.169633926785357,4.1219899876026656,0.3041272200431828
-1.168633726745349,4.121396880696986,0.30421711373303156
-1.167633526705341,4.120804613940636,0.3043064675332792
-1.166633326665333,4.120213169356324,0.3043952904617532
-1.165633126625325,4.119622528922804,0.3044835915549162
-1.164632926585317,4.119032674586011,0.30457137986236305
-1.163632726545309,4.118443588270124,0.30465866444135303
-1.162632526505301,4.1178552518885425,0.3047454543513871
-1.161632326465293,4.117267647354764,0.3048317586488354
-1.160632126425285,4.116680756593139,0.3049175863816247
-1.159631926385277,4.116094561549511,0.30500294658398963
-1.158631726345269,4.115509044201693,0.3050878482712968
-1.157631526305261,4.11492418656981,0.305172300434946
-1.156631326265253,4.1143399707264505,0.3052563120373573
-1.155631126225245,4.113756378806658,0.30533989200704953
-1.154630926185237,4.113173393017709,0.3054230492338142
-1.153630726145229,4.112590995648704,0.30550579256399135
-1.152630526105221,4.112009169079929,0.3055881307958551
-1.151630326065213,4.111427895792002,0.30567007267510987
-1.150630126025205,4.110847158374773,0.3057516268905051
-1.149629925985197,4.110266939535991,0.3058328020695714
-1.148629725945189,4.109687222109707,0.3059136067744845
-1.147629525905181,4.10910798906442,0.3059940494980568
-1.146629325865173,4.108529223510961,0.306074138659865
-1.145629125825165,4.107950908710083,0.30615388260251464
-1.144628925785157,4.107373028079788,0.306233289588044
-1.143628725745149,4.10679556520236,0.30631236779447074
-1.142628525705141,4.106218503831099,0.3063911253124851
-1.141628325665133,4.105641827896765,0.30646957014229
-1.140628125625125,4.105065521513725,0.30654771019058974
-1.139627925585117,4.10448956898579,0.30662555326773056
-1.138627725545109,4.103913954811743,0.3067031070849918
-1.137627525505101,4.103338663690572,0.3067803792520303
-1.136627325465093,4.102763680526384,0.3068573772744782
-1.135627125425085,4.102188990433013,0.3069341085516945
-1.134626925385077,4.101614578738316,0.3070105803746698
-1.133626725345069,4.101040430988165,0.30708679992408333
-1.132626525305061,4.100466532950129,0.3071627742685146
-1.131626325265053,4.099892870616846,0.30723851036280525
-1.130626125225045,4.099319430209098,0.30731401504657097
-1.129625925185037,4.098746198178583,0.30738929504286505
-1.128625725145029,4.098173161210384,0.30746435695698726
-1.127625525105021,4.09760030622515,0.30753920727543926
-1.126625325065013,4.0970276203809854,0.3076138523650247
-1.125625125025005,4.096455091075052,0.30768829847208806
-1.1246249249849969,4.095882705944892,0.3077625517218956
-1.1236247249449889,4.0953104528694775,0.3078366181181507
-1.1226245249049809,4.094738319969988,0.30791050354264227
-1.121624324864973,4.094166295610322,0.3079842137550245
-1.120624124824965,4.0935943683973655,0.30805775439272315
-1.119623924784957,4.09302252718099,0.3081311309709656
-1.118623724744949,4.092450761053824,0.3082043488829316
-1.117623524704941,4.091879059350778,0.30827741340001946
-1.116623324664933,4.091307411648353,0.30835032967222664
-1.115623124624925,4.090735807763715,0.30842310272863893
-1.114622924584917,4.090164237753562,0.30849573747802483
-1.113622724544909,4.089592691912792,0.3085682387095312
-1.112622524504901,4.089021160772963,0.3086406110934757
-1.111622324464893,4.0884496351005755,0.30871285918223346
-1.110622124424885,4.087878105895167,0.3087849874112117
-1.109621924384877,4.087306564387238,0.30885700009990946
-1.108621724344869,4.086735002036012,0.30892890145305885
-1.107621524304861,4.086163410527047,0.3090006955618405
-1.106621324264853,4.085591781769693,0.30907238640517454
-1.105621124224845,4.085020107894413,0.30914397785107717
-1.104620924184837,4.084448381249978,0.3092154736580813
-1.103620724144829,4.08387659440054,0.3092868774767179
-1.102620524104821,4.083304740122587,0.3093581928510525
-1.101620324064813,4.082732811401797,0.30942942322027345
-1.100620124024805,4.082160801429799,0.3095005719203272
-1.099619923984797,4.081588703600835,0.3095716421855986
-1.098619723944789,4.081016511508352,0.3096426371506285
-1.097619523904781,4.080444218941511,0.3097135598518698
-1.096619323864773,4.079871819881641,0.30978441322947436
-1.095619123824765,4.079299308498622,0.3098552001291071
-1.094618923784757,4.0787266791472305,0.3099259233037884
-1.093618723744749,4.07815392636343,0.3099965854157548
-1.092618523704741,4.077581044860628,0.3100671890383398
-1.091618323664733,4.0770080295259055,0.31013773665786704
-1.090618123624725,4.076434875416217,0.31020823067555836
-1.089617923584717,4.075861577754576,0.310278673409447
-1.088617723544709,4.075288131926228,0.31034906709629895
-1.087617523504701,4.074714533474813,0.3104194138935352
-1.086617323464693,4.074140778098538,0.3104897158811553
-1.085617123424685,4.0735668616463405,0.3105599750636565
-1.084616923384677,4.07299278011407,0.3106301933719492
-1.083616723344669,4.072418529640686,0.3107003726652646
-1.082616523304661,4.071844106504464,0.3107705147330515
-1.081616323264653,4.071269507119241,0.310840621296862
-1.080616123224645,4.070694728030672,0.310910694012222
-1.079615923184637,4.0701197659125326,0.3109807344704866
-1.078615723144629,4.06954461756305,0.31105074420067735
-1.077615523104621,4.068969279901267,0.31112072467130003
-1.076615323064613,4.0683937499634615,0.3111906772921398
-1.075615123024605,4.067818024899601,0.31126060341603534
-1.074614922984597,4.06724210196985,0.3113305043406283
-1.073614722944589,4.066665978541118,0.311400381310087
-1.072614522904581,4.0660896520836785,0.3114702355168042
-1.071614322864573,4.065513120167828,0.31154006810306556
-1.070614122824565,4.064936380460603,0.31160988016269286
-1.069613922784557,4.064359430722566,0.3116796727426536
-1.068613722744549,4.063782268804639,0.3117494468446429
-1.067613522704541,4.063204892645009,0.3118192034266337
-1.066613322664533,4.062627300266093,0.3118889434043954
-1.065613122624525,4.06204948977156,0.31195866765297964
-1.064612922584517,4.061471459343434,0.3120283770081753
-1.063612722544509,4.0608932072392445,0.31209807226792835
-1.062612522504501,4.060314731789262,0.31216775419373005
-1.0616123224644929,4.059736031393781,0.3122374235119706
-1.0606121224244849,4.059157104520484,0.31230708091526016
-1.0596119223844769,4.058577949701871,0.31237672706371494
-1.0586117223444689,4.057998565532749,0.31244636258621095
-1.0576115223044609,4.057418950667797,0.3125159880816033
-1.0566113222644529,4.056839103819193,0.3125856041199116
-1.0556111222244449,4.056259023754311,0.3126552112434724
-1.0546109221844369,4.055678709293482,0.31272480996805874
-1.0536107221444289,4.055098159307823,0.3127944007839656
-1.0526105221044209,4.054517372717129,0.31286398415706357
-1.0516103220644129,4.0539363484878335,0.3129335605298195
-1.0506101220244048,4.05335508563103,0.3130031303222859
-1.0496099219843968,4.0527735832005565,0.3130726939330577
-1.0486097219443888,4.052191840291142,0.3131422517401989
-1.0476095219043808,4.051609856036621,0.31321180410213734
-1.0466093218643728,4.0510276296082,0.3132813513585297
-1.0456091218243648,4.050445160212783,0.3133508938310978
-1.0446089217843568,4.04986244709137,0.31342043182443385
-1.0436087217443488,4.04927948951749,0.3134899656267786
-1.0426085217043408,4.048696286795707,0.31355949551077
-1.0416083216643328,4.04811283826018,0.3136290217341659
-1.0406081216243248,4.047529143273267,0.313698544540539
-1.0396079215843168,4.046945201224188,0.31376806415994574
-1.0386077215443088,4.046361011527745,0.3138375808095691
-1.0376075215043008,4.045776573623075,0.313907094694337
-1.0366073214642928,4.045191886972472,0.3139766060075162
-1.0356071214242848,4.044606951060242,0.31404611493128276
-1.0346069213842768,4.0440217653916095,0.31411562163726814
-1.0336067213442688,4.043436329491671,0.3141851262870841
-1.0326065213042608,4.042850642904387,0.3142546290328257
-1.0316063212642528,4.042264705191619,0.3143241300175528
-1.0306061212242448,4.041678515932211,0.3143936293757499
-1.0296059211842368,4.041092074721102,0.3144631272337686
-1.0286057211442288,4.040505381168489,0.31453262371024937
-1.0276055211042208,4.039918434899015,0.3146021189165239
-1.0266053210642128,4.039331235551,0.31467161295700075
-1.0256051210242048,4.038743782775709,0.3147411059295327
-1.0246049209841968,4.038156076236648,0.3148105979257682
-1.0236047209441888,4.0375681156088925,0.31488008903148534
-1.0226045209041807,4.036979900578456,0.3149495793269111
-1.0216043208641727,4.036391430841675,0.3150190688870253
-1.0206041208241647,4.035802706104636,0.31508855778185035
-1.0196039207841567,4.035213726082621,0.3151580460767258
-1.0186037207441487,4.034624490499588,0.31522753383257063
-1.0176035207041407,4.034034999087668,0.31529702110613217
-1.0166033206641327,4.033445251586696,0.3153665079502231
-1.0156031206241247,4.03285524774376,0.31543599441394543
-1.0146029205841167,4.032264987312776,0.3155054805429046
-1.0136027205441087,4.03167447005408,0.3155749663794111
-1.0126025205041007,4.031083695734048,0.31564445196267266
-1.0116023204640927,4.030492664124732,0.3157139373289757
-1.0106021204240847,4.029901375003514,0.31578342251185804
-1.0096019203840767,4.029309828152783,0.3158529075422709
-1.0086017203440687,4.028718023359625,0.3159223924487339
-1.007601520304061,4.028125960415529,0.31599187725748085
-1.006601320264053,4.0275336391161165,0.31606136199259705
-1.005601120224045,4.026941059260879,0.31613084667614966
-1.004600920184037,4.026348220652928,0.316200331328311
-1.003600720144029,4.025755123098774,0.31626981596747394
-1.002600520104021,4.025161766408096,0.3163393006103617
-1.001600320064013,4.0245681503935415,0.3164087852721303
-1.000600120024005,4.023974274870532,0.31647826996646616
-0.9995999199839969,4.023380139657079,0.31654775470567764
-0.9985997199439889,4.022785744573613,0.3166172395007805
-0.9975995199039809,4.022191089442822,0.31668672436157946
-0.9965993198639729,4.021596174089495,0.3167562092967442
-0.9955991198239649,4.021000998340388,0.3168256943138795
-0.9945989197839569,4.020405562024079,0.3168951794195942
-0.9935987197439489,4.019809864970852,0.31696466461956335
-0.9925985197039409,4.019213907012572,0.3170341499185868
-0.9915983196639329,4.0186176879825775,0.3171036353206451
-0.9905981196239249,4.018021207715576,0.31717312082895127
-0.9895979195839169,4.017424466047547,0.31724260644599955
-0.9885977195439088,4.016827462815653,0.31731209217360995
-0.9875975195039008,4.016230197858147,0.31738157801297195
-0.9865973194638928,4.015632671014305,0.3174510639646834
-0.9855971194238848,4.015034882124342,0.3175205500287876
-0.9845969193838768,4.014436831029345,0.31759003620480836
-0.9835967193438688,4.013838517571212,0.3176595224917821
-0.9825965193038608,4.013239941592589,0.3177290088882874
-0.9815963192638528,4.012641102936812,0.31779849539247434
-0.9805961192238448,4.012042001447856,0.3178679820020895
-0.9795959191838368,4.01144263697029,0.31793746871450057
-0.9785957191438288,4.010843009349224,0.3180069555267196
-0.9775955191038208,4.0102431184302745,0.31807644243542327
-0.9765953190638128,4.009642964059521,0.31814592943697245
-0.9755951190238048,4.009042546083469,0.31821541652743096
-0.9745949189837968,4.00844186434902,0.3182849037025819
-0.9735947189437888,4.007840918703436,0.31835439095794343
-0.9725945189037808,4.007239708994314,0.3184238782887831
-0.9715943188637728,4.006638235069557,0.31849336569013165
-0.9705941188237648,4.006036496777349,0.3185628531567947
-0.9695939187837568,4.005434493966131,0.31863234068336516
-0.9685937187437488,4.004832226484585,0.31870182826423277
-0.9675935187037408,4.004229694181606,0.31877131589359475
-0.9665933186637328,4.003626896906289,0.31884080356546457
-0.9655931186237248,4.003023834507915,0.3189102912736801
-0.9645929185837168,4.002420506835927,0.31897977901191144
-0.9635927185437088,4.001816913739922,0.3190492667736681
-0.9625925185037008,4.001213055069637,0.31911875455230543
-0.9615923184636928,4.000608930674935,0.31918824234103027
-0.9605921184236847,4.000004540405795,0.3192577301329074
-0.9595919183836767,3.999399884112302,0.3193272179208639
-0.9585917183436687,3.998794961644636,0.3193967056976933
-0.9575915183036607,3.9981897728530655,0.3194661934560613
-0.9565913182636527,3.997584317587936,0.319535681188509
-0.9555911182236447,3.9969785956996677,0.31960516888745605
-0.9545909181836367,3.996372607038743,0.31967465654520427
-0.9535907181436287,3.995766351455704,0.31974414415394103
-0.9525905181036207,3.995159828801146,0.3198136317057418
-0.9515903180636127,3.9945530389257122,0.3198831191925722
-0.9505901180236047,3.9939459816800875,0.3199526066062912
-0.9495899179835967,3.9933386569149967,0.32002209393865283
-0.9485897179435887,3.992731064481197,0.32009158118130804
-0.9475895179035807,3.9921232042294776,0.3201610683258066
-0.9465893178635727,3.991515076010654,0.32023055536359885
-0.9455891178235647,3.9909066796755654,0.32030004228603703
-0.9445889177835567,3.990298015075072,0.32036952908437677
-0.9435887177435487,3.989689082060051,0.3204390157497785
-0.9425885177035407,3.989079880481397,0.32050850227330835
-0.9415883176635327,3.988470410190016,0.3205779886459392
-0.9405881176235247,3.9878606710368265,0.32064747485855216
-0.9395879175835167,3.9872506628727544,0.3207169609019368
-0.9385877175435087,3.986640385548733,0.3207864467667924
-0.9375875175035007,3.986029838915701,0.3208559324437288
-0.9365873174634927,3.985419022824602,0.3209254179232668
-0.9355871174234847,3.9848079371263796,0.3209949031958391
-0.9345869173834767,3.984196581671979,0.32106438825179096
-0.9335867173434687,3.9835849563123436,0.3211338730813806
-0.9325865173034606,3.982973060898416,0.32120335767477975
-0.9315863172634526,3.982360895281134,0.3212728420220746
-0.9305861172234446,3.9817484593114325,0.3213423261132655
-0.9295859171834366,3.9811357528402387,0.32141180993826846
-0.9285857171434286,3.980522775718474,0.32148129348691473
-0.9275855171034206,3.9799095277970515,0.3215507767489513
-0.9265853170634126,3.979296008926875,0.321620259714042
-0.9255851170234046,3.978682218958839,0.3216897423717673
-0.9245849169833966,3.978068157743826,0.32175922471162477
-0.9235847169433886,3.9774538251327076,0.32182870672302977
-0.9225845169033806,3.9768392209763412,0.3218981883953153
-0.9215843168633726,3.976224345125571,0.3219676697177331
-0.9205841168233646,3.9756091974312255,0.32203715067945304
-0.9195839167833566,3.974993777744119,0.3221066312695645
-0.9185837167433486,3.974378085915047,0.322176111477076
-0.9175835167033406,3.9737621217947896,0.32224559129091546
-0.9165833166633326,3.973145885234107,0.3223150706999313
-0.9155831166233246,3.9725293760837403,0.32238454969289215
-0.9145829165833166,3.971912594194411,0.322454028258487
-0.9135827165433086,3.971295539416818,0.3225235063853265
-0.9125825165033006,3.970678211601639,0.3225929840619423
-0.9115823164632926,3.9700606105995284,0.3226624612767877
-0.9105821164232846,3.969442736261118,0.3227319380182384
-0.9095819163832766,3.968824588437013,0.3228014142745921
-0.9085817163432686,3.968206166977794,0.3228708900340692
-0.9075815163032606,3.9675874717340154,0.32294036528481335
-0.9065813162632526,3.966968502556203,0.32300984001489164
-0.9055811162232446,3.966349259294855,0.3230793142122947
-0.9045809161832365,3.9657297418004402,0.3231487878649371
-0.9035807161432285,3.965109949923398,0.32321826096065787
-0.9025805161032205,3.9644898835141356,0.3232877334872212
-0.9015803160632125,3.9638695424230286,0.32335720543231555
-0.9005801160232045,3.9632489265004196,0.32342667678355536
-0.8995799159831965,3.9626280355966186,0.32349614752848044
-0.8985797159431885,3.9620068695619,0.3235656176545568
-0.8975795159031805,3.961385428246502,0.32363508714917694
-0.8965793158631725,3.960763711500628,0.32370455599965997
-0.8955791158231645,3.9601417191744424,0.32377402419325235
-0.8945789157831565,3.9595194511180716,0.32384349171712745
-0.8935787157431485,3.958896907181604,0.323912958558387
-0.8925785157031405,3.9582740872150866,0.32398242470406025
-0.8915783156631325,3.9576509910685256,0.324051890141105
-0.8905781156231245,3.9570276185918853,0.32412135485640825
-0.8895779155831165,3.956403969635088,0.32419081883678547
-0.8885777155431085,3.9557800440480113,0.3242602820689818
-0.8875775155031005,3.9551558416804884,0.3243297445396724
-0.8865773154630925,3.9545313623823066,0.32439920623546215
-0.8855771154230845,3.953906606003207,0.3244686671428864
-0.8845769153830765,3.953281572392884,0.3245381272484114
-0.8835767153430685,3.9526562614009824,0.3246075865384344
-0.8825765153030605,3.9520306728770995,0.32467704499928396
-0.8815763152630525,3.951404806670781,0.3247465026172205
-0.8805761152230445,3.950778662631522,0.32481595937843616
-0.8795759151830365,3.9501522406087677,0.3248854152690557
-0.8785757151430285,3.949525540451908,0.32495487027513664
-0.8775755151030205,3.9488985620102803,0.3250243243826693
-0.8765753150630125,3.948271305133168,0.32509377757757707
-0.8755751150230044,3.9476437696697992,0.3251632298457173
-0.8745749149829964,3.947015955469345,0.3252326811728812
-0.8735747149429884,3.94638786238092,0.32530213154479387
-0.8725745149029804,3.9457594902535815,0.32537158094711544
-0.8715743148629724,3.945130838936327,0.3254410293654404
-0.8705741148229644,3.944501908278095,0.32551047678529843
-0.8695739147829564,3.9438726981277643,0.32557992319215473
-0.8685737147429484,3.9432432083341507,0.32564936857141025
-0.8675735147029404,3.9426134387460103,0.32571881290840154
-0.8665733146629324,3.941983389212034,0.32578825618840174
-0.8655731146229244,3.9413530595808512,0.3258576983966204
-0.8645729145829164,3.940722449701025,0.3259271395182041
-0.8635727145429084,3.9400915594210537,0.3259965795382361
-0.8625725145029004,3.9394603885893704,0.3260660184417372
-0.8615723144628924,3.93882893705434,0.3261354562136661
-0.8605721144228844,3.9381972046642604,0.32620489283891874
-0.8595719143828764,3.9375651912673613,0.32627432830232994
-0.8585717143428684,3.9369328967118027,0.32634376258867254
-0.8575715143028604,3.936300320845675,0.32641319568265786
-0.8565713142628524,3.9356674635169973,0.32648262756893653
-0.8555711142228444,3.935034324573717,0.32655205823209815
-0.8545709141828364,3.9344009038637098,0.32662148765667176
-0.8535707141428284,3.9337672012347786,0.32669091582712617
-0.8525705141028204,3.9331332165346513,0.3267603427278699
-0.8515703140628124,3.9324989496109826,0.3268297683432517
-0.8505701140228044,3.931864400311351,0.3268991926575607
-0.8495699139827964,3.9312295684832597,0.32696861565502644
-0.8485697139427884,3.930594453974134,0.32703803731981934
-0.8475695139027803,3.9299590566313234,0.3271074576360511
-0.8465693138627723,3.9293233763020985,0.3271768765877744
-0.8455691138227643,3.928687412833651,0.3272462941589836
-0.8445689137827563,3.9280511660730926,0.3273157103336145
-0.8435687137427483,3.9274146358674558,0.32738512509554485
-0.8425685137027403,3.9267778220636917,0.32745453842859473
-0.8415683136627323,3.92614072450867,0.3275239503165265
-0.8405681136227243,3.925503343049178,0.32759336074304474
-0.8395679135827163,3.92486567753192,0.3276627696917968
-0.8385677135427083,3.9242277278035163,0.3277321771463731
-0.8375675135027008,3.9235894937105043,0.327801583090307
-0.8365673134626928,3.922950975099335,0.32787098750707516
-0.8355671134226847,3.9223121718163747,0.327940390380098
-0.8345669133826767,3.9216730837079035,0.3280097916927391
-0.8335667133426687,3.9210337106201143,0.32807919142830616
-0.8325665133026607,3.9203940523991125,0.3281485895700507
-0.8315663132626527,3.9197541088909165,0.32821798610116854
-0.8305661132226447,3.919113879941454,0.3282873810047997
-0.8295659131826367,3.9184733653965664,0.32835677426402893
-0.8285657131426287,3.917832565102002,0.32842616586188556
-0.8275655131026207,3.91719147890342,0.3284955557813435
-0.8265653130626127,3.9165501066463886,0.3285649440053219
-0.8255651130226047,3.9159084481763844,0.32863433051668517
-0.8245649129825967,3.9152665033387914,0.32870371529824255
-0.8235647129425887,3.9146242719789006,0.3287730983327491
-0.8225645129025807,3.9139817539419095,0.32884247960290536
-0.8215643128625727,3.913338949072922,0.32891185909135773
-0.8205641128225647,3.912695857216947,0.3289812367806983
-0.8195639127825567,3.912052478218898,0.3290506126534653
-0.8185637127425487,3.9114088119235935,0.3291199866921431
-0.8175635127025407,3.9107648581757544,0.3291893588791622
-0.8165633126625327,3.9101206168200067,0.32925872919689964
-0.8155631126225247,3.909476087700878,0.32932809762767895
-0.8145629125825167,3.9088312706627972,0.32939746415377036
-0.8135627125425087,3.9081861655500956,0.32946682875739103
-0.8125625125025007,3.907540772207005,0.3295361914207048
-0.8115623124624927,3.9068950904776583,0.3296055521258227
-0.8105621124224847,3.906249120206087,0.32967491085480277
-0.8095619123824767,3.9056028612362246,0.3297442675896504
-0.8085617123424687,3.9049563134119007,0.3298136223123184
-0.8075615123024606,3.9043094765768447,0.3298829750047069
-0.8065613122624526,3.9036623505746837,0.3299523256486636
-0.8055611122224446,3.903014935248942,0.33002167422598405
-0.8045609121824366,3.9023672304430406,0.3300910207184115
-0.8035607121424286,3.901719236000297,0.33016036510763735
-0.8025605121024206,3.9010709517639244,0.3302297073753007
-0.8015603120624126,3.900422377577032,0.3302990475029887
-0.8005601120224046,3.899773513282623,0.3303683854722368
-0.7995599119823966,3.8991243587235953,0.3304377212645286
-0.7985597119423886,3.8984749137427412,0.3305070548612962
-0.7975595119023806,3.8978251781827455,0.3305763862439203
-0.7965593118623726,3.897175151886187,0.33064571539372944
-0.7955591118223646,3.896524834695536,0.33071504229200166
-0.7945589117823566,3.895874226453156,0.33078436691996305
-0.7935587117423486,3.8952233270013004,0.33085368925878866
-0.7925585117023406,3.894572136182115,0.3309230092896026
-0.7915583116623326,3.8939206538376365,0.3309923269934774
-0.7905581116223246,3.8932688798097908,0.33106164235143515
-0.7895579115823166,3.8926168139403936,0.33113095534444664
-0.7885577115423086,3.8919644560711504,0.33120026595343194
-0.7875575115023006,3.8913118060436553,0.33126957415926006
-0.7865573114622926,3.890658863699391,0.3313388799427496
-0.7855571114222846,3.8900056288797273,0.3314081832846683
-0.7845569113822766,3.8893521014259234,0.3314774841657334
-0.7835567113422686,3.8886982811791238,0.33154678256661135
-0.7825565113022606,3.88804416798036,0.3316160784679185
-0.7815563112622526,3.8873897616705504,0.3316853718502204
-0.7805561112222446,3.8867350620904983,0.3317546626940324
-0.7795559111822365,3.8860800690808937,0.33182395097981937
-0.7785557111422285,3.88542478248231,0.331893236687996
-0.7775555111022205,3.8847692021352063,0.3319625197989265
-0.7765553110622125,3.8841133278799256,0.33203180029292534
-0.7755551110222045,3.8834571595566945,0.3321010781502566
-0.7745549109821965,3.882800697005622,0.3321703533511344
-0.7735547109421885,3.8821439400667024,0.3322396258757222
-0.7725545109021805,3.8814868885798095,0.3323088957041344
-0.7715543108621725,3.880829542384702,0.3323781628164346
-0.7705541108221645,3.880171901321018,0.3324474271926369
-0.7695539107821565,3.8795139652282784,0.33251668881270546
-0.7685537107421485,3.8788557339458842,0.33258594765655436
-0.7675535107021405,3.878197207313118,0.33265520370404816
-0.7665533106621325,3.877538385169141,0.3327244569350012
-0.7655531106221245,3.876879267352995,0.3327937073291784
-0.7645529105821165,3.8762198537036014,0.3328629548662948
-0.7635527105421085,3.8755601440597602,0.3329321995260159
-0.7625525105021005,3.87490013826015,0.33300144128795706
-0.7615523104620925,3.8742398361433277,0.33307068013168445
-0.7605521104220845,3.8735792375477276,0.3331399160367145
-0.7595519103820765,3.8729183423116624,0.3332091489825136
-0.7585517103420685,3.872257150273321,0.333278378948499
-0.7575515103020605,3.8715956612707694,0.3333476059140382
-0.7565513102620525,3.87093387514195,0.3334168298584493
-0.7555511102220445,3.870271791724681,0.3334860507610004
-0.7545509101820365,3.8696094108566563,0.33355526860091067
-0.7535507101420285,3.868946732375445,0.33362448335734934
-0.7525505101020205,3.868283756118491,0.3336936950094362
-0.7515503100620124,3.8676204819231126,0.3337629035362418
-0.7505501100220044,3.8669569096265026,0.3338321089167868
-0.7495499099819964,3.8662930390657277,0.33390131113004257
-0.7485497099419884,3.8656288700777277,0.3339705101549312
-0.7475495099019804,3.8649644024993153,0.3340397059703249
-0.7465493098619724,3.864299636167177,0.33410889855504655
-0.7455491098219644,3.863634570917871,0.33417808788786996
-0.7445489097819564,3.862969206587827,0.3342472739475191
-0.7435487097419484,3.8623035430133466,0.3343164567126686
-0.7425485097019404,3.861637580030604,0.33438563616194356
-0.7415483096619324,3.860971317475643,0.3344548122739197
-0.7405481096219244,3.8603047551843788,0.33452398502712344
-0.7395479095819164,3.859637892992596,0.33459315440003135
-0.7385477095419084,3.85897073073595,0.33466232037107096
-0.7375475095019004,3.858303268249967,0.33473148291862004
-0.7365473094618924,3.8576355053700393,0.3348006420210071
-0.7355471094218844,3.8569674419314315,0.3348697976565109
-0.7345469093818764,3.856299077769275,0.33493894980336103
-0.7335467093418684,3.8556304127185697,0.3350080984397373
-0.7325465093018604,3.854961446614184,0.3350772435437701
-0.7315463092618524,3.8542921792908538,0.3351463850935405
-0.7305461092218444,3.8536226105831815,0.33521552306707975
-0.7295459091818364,3.8529527403256383,0.33528465744236974
-0.7285457091418284,3.8522825683525603,0.3353537881973428
-0.7275455091018204,3.8516120944981505,0.3354229153098816
-0.7265453090618124,3.850941318596478,0.33549203875781913
-0.7255451090218044,3.8502702404814775,0.3355611585189389
-0.7245449089817964,3.84959885998695,0.33563027457097483
-0.7235447089417884,3.8489271769465594,0.33569938689161133
-0.7225445089017803,3.8482551911938367,0.3357684954584826
-0.7215443088617723,3.8475829025621757,0.33583760024917353
-0.7205441088217643,3.846910310884835,0.33590670124121946
-0.7195439087817563,3.846237415994937,0.33597579841210573
-0.7185437087417483,3.8455642177254674,0.33604489173926805
-0.7175435087017403,3.8448907159092744,0.33611398120009206
-0.7165433086617323,3.84421691037907,0.33618306677191395
-0.7155431086217243,3.843542800967429,0.33625214843201995
-0.7145429085817163,3.8428683875067877,0.3363212261576462
-0.7135427085417083,3.8421936698294434,0.33639029992597946
-0.7125425085017003,3.8415186477675576,0.3364593697141561
-0.7115423084616923,3.84084332115315,0.3365284354992628
-0.7105421084216843,3.840167689818103,0.336597497258336
-0.7095419083816763,3.839491753594161,0.3366665549683623
-0.7085417083416683,3.8388155123129257,0.3367356086062781
-0.7075415083016603,3.8381389658058613,0.33680465814897015
-0.7065413082616523,3.83746211390429,0.3368737035732747
-0.7055411082216443,3.8367849564393945,0.3369427448559776
-0.7045409081816363,3.836107493242217,0.337011781973815
-0.7035407081416283,3.835429724143658,0.3370808149034727
-0.7025405081016203,3.834751648974476,0.33714984362158623
-0.7015403080616123,3.8340732675652887,0.3372188681047407
-0.7005401080216043,3.8333945797465714,0.337287888329471
-0.6995399079815963,3.832715585348657,0.3373569042722614
-0.6985397079415883,3.832036284201736,0.33742591590954596
-0.6975395079015803,3.831356676135855,0.33749492321770835
-0.6965393078615723,3.8306767609809187,0.3375639261730815
-0.6955391078215643,3.829996538566688,0.3376329247519481
-0.6945389077815562,3.8293160087227793,0.33770191893053997
-0.6935387077415482,3.8286351712786657,0.3377709086850381
-0.6925385077015402,3.827954026063675,0.3378398939915734
-0.6915383076615322,3.827272572906991,0.3379088748262254
-0.6905381076215242,3.8265908116376526,0.33797785116502344
-0.6895379075815162,3.8259087420845526,0.33804682298394556
-0.6885377075415082,3.8252263640764386,0.33811579025891925
-0.6875375075015002,3.8245436774419126,0.3381847529658208
-0.6865373074614922,3.8238606820094305,0.33825371108047575
-0.6855371074214842,3.8231773776073013,0.3383226645786584
-0.6845369073814762,3.8224937640636876,0.33839161343609214
-0.6835367073414682,3.8218098412066053,0.3384605576284492
-0.6825365073014602,3.8211256088639223,0.3385294971313504
-0.6815363072614522,3.820441066863359,0.3385984319203658
-0.6805361072214442,3.8197562150324886,0.3386673619710138
-0.6795359071814362,3.8190710531987357,0.33873628725876165
-0.6785357071414282,3.818385581189376,0.33880520775902506
-0.6775355071014202,3.8176997988315367,0.3388741234471681
-0.6765353070614122,3.817013705952197,0.33894303429850375
-0.6755351070214042,3.816327302378185,0.33901194028829323
-0.6745349069813962,3.815640587936181,0.33908084139174616
-0.6735347069413882,3.814953562452714,0.33914973758402034
-0.6725345069013802,3.8142662257541646,0.3392186288402218
-0.6715343068613722,3.8135785776667612,0.33928751513540495
-0.6705341068213642,3.812890618016582,0.33935639644457244
-0.6695339067813562,3.812202346629554,0.33942527274267476
-0.6685337067413482,3.8115137633314538,0.3394941440046102
-0.6675335067013402,3.8108248679479058,0.3395630102052254
-0.6665333066613321,3.810135660304383,0.33963187131931466
-0.6655331066213241,3.809446140226206,0.33970072732162004
-0.6645329065813161,3.8087563075385424,0.33976957818683184
-0.6635327065413081,3.8080661620664085,0.3398384238895875
-0.6625325065013001,3.807375703634667,0.3399072644044723
-0.6615323064612921,3.8066849320680265,0.3399760997060189
-0.6605321064212841,3.805993847191043,0.34004492976870776
-0.6595319063812761,3.8053024488281193,0.3401137545669665
-0.6585317063412681,3.8046107368035025,0.34018257407517016
-0.6575315063012601,3.803918710941287,0.3402513882676411
-0.6565313062612521,3.803226371065412,0.3403201971186488
-0.6555311062212441,3.802533716999662,0.34038900060241023
-0.6545309061812361,3.8018407485676646,0.3404577986930889
-0.6535307061412281,3.8011474655928947,0.34052659136479557
-0.6525305061012201,3.8004538678986703,0.3405953785915881
-0.6515303060612121,3.799759955308153,0.3406641603474712
-0.6505301060212041,3.799065727644348,0.340732936606396
-0.6495299059811961,3.7983711847301054,0.34080170734226045
-0.6485297059411881,3.797676326388117,0.3408704725289094
-0.6475295059011801,3.796981152440918,0.34093923214013416
-0.6465293058611721,3.7962856627108867,0.3410079861496724
-0.6455291058211641,3.7955898570202438,0.34107673453120835
-0.6445289057811561,3.7948937351910508,0.3411454772583725
-0.6435287057411481,3.794197297045212,0.34121421430474164
-0.6425285057011401,3.793500542404474,0.3412829456438386
-0.6415283056611321,3.7928034710904237,0.3413516712491324
-0.640528105621124,3.792106082924489,0.34142039109403827
-0.639527905581116,3.7914083777279384,0.3414891051519172
-0.638527705541108,3.7907103553218815,0.341557813396076
-0.6375275055011,3.7900120155272683,0.34162651579976716
-0.636527305461092,3.7893133581648875,0.34169521233618927
-0.635527105421084,3.7886143830553687,0.3417639029784863
-0.634526905381076,3.78791509001918,0.3418325876997478
-0.633526705341068,3.7872154788766292,0.34190126647300856
-0.63252650530106,3.7865155494478624,0.34196993927124897
-0.631526305261052,3.7858153015528653,0.3420386060673949
-0.630526105221044,3.7851147350114602,0.3421072668343171
-0.629525905181036,3.7844138496433093,0.3421759215448314
-0.628525705141028,3.7837126452679115,0.34224457017169896
-0.62752550510102,3.783011121704603,0.3423132126876259
-0.626525305061012,3.782309278772558,0.34238184906526287
-0.625525105021004,3.7816071162907874,0.34245047927720557
-0.624524904980996,3.780904634078138,0.3425191032959944
-0.623524704940988,3.7802018319532937,0.3425877210941143
-0.62252450490098,3.779498709734775,0.3426563326439945
-0.621524304860972,3.778795267240938,0.34272493791800895
-0.620524104820964,3.7780915042899736,0.34279353688847586
-0.619523904780956,3.7773874206999083,0.3428621295276579
-0.618523704740948,3.776683016288605,0.34293071580776113
-0.61752350470094,3.775978290873759,0.34299929570093673
-0.616523304660932,3.7752732442729027,0.3430678691792793
-0.615523104620924,3.7745678763034007,0.3431364362148272
-0.614522904580916,3.7738621867824524,0.34320499677956284
-0.613522704540908,3.7731561755270913,0.34327355084541233
-0.6125225045009,3.772449842354184,0.3433420983842451
-0.611522304460892,3.77174318708043,0.3434106393678745
-0.610522104420884,3.7710362095223626,0.3434791737680571
-0.6095219043808764,3.7703289094963464,0.3435477015564928
-0.6085217043408684,3.769621286818579,0.3436162227048245
-0.6075215043008604,3.768913341305091,0.34368473718463854
-0.6065213042608524,3.768205072771743,0.34375324496746446
-0.6055211042208444,3.767496481034229,0.34382174602477417
-0.6045209041808364,3.7667875659080727,0.3438902403279828
-0.6035207041408284,3.7660783272086307,0.34395872784844816
-0.6025205041008204,3.7653687647510883,0.3440272085574708
-0.6015203040608124,3.764658878350463,0.3440956824262935
-0.6005201040208044,3.7639486678216008,0.34416414942610185
-0.5995199039807964,3.7632381329791795,0.3442326095280235
-0.5985197039407884,3.7625272736377053,0.3443010627031287
-0.5975195039007803,3.7618160896115147,0.34436950892242946
-0.5965193038607723,3.761104580714772,0.34443794815688017
-0.5955191038207643,3.760392746761472,0.34450638037737663
-0.5945189037807563,3.759680587565437,0.344574805554757
-0.5935187037407483,3.758968102940319,0.3446432236598011
-0.5925185037007403,3.758255292699596,0.34471163466323024
-0.5915183036607323,3.7575421566565748,0.34478003853570727
-0.5905181036207243,3.7568286946243905,0.3448484352478364
-0.5895179035807163,3.7561149064160047,0.3449168247701634
-0.5885177035407083,3.7554007918442056,0.34498520707317526
-0.5875175035007003,3.7546863507216086,0.34505358212729964
-0.5865173034606923,3.753971582860656,0.34512194990290573
-0.5855171034206843,3.7532564880736157,0.3451903103703032
-0.5845169033806763,3.752541066172581,0.3452586634997426
-0.5835167033406683,3.751825316969473,0.3453270092614154
-0.5825165033006603,3.751109240276035,0.34539534762545365
-0.5815163032606523,3.7503928359038383,0.3454636785619293
-0.5805161032206443,3.7496761036642776,0.34553200204085505
-0.5795159031806363,3.7489590433685724,0.345600318032184
-0.5785157031406283,3.7482416548277664,0.3456686265058094
-0.5775155031006203,3.7475239378527267,0.34573692743156403
-0.5765153030606123,3.746805892254146,0.34580522077922105
-0.5755151030206043,3.746087517842539,0.3458735065184932
-0.5745149029805963,3.745368814428244,0.34594178461903297
-0.5735147029405883,3.744649781821422,0.3460100550504325
-0.5725145029005803,3.7439304198320578,0.3460783177822231
-0.5715143028605723,3.7432107282699567,0.346146572783876
-0.5705141028205643,3.742490706944748,0.34621482002480103
-0.5695139027805562,3.7417703556658815,0.3462830594743475
-0.5685137027405482,3.7410496742426296,0.3463512911018035
-0.5675135027005402,3.7403286624840852,0.3464195148763961
-0.5665133026605322,3.7396073201991626,0.3464877307672914
-0.5655131026205242,3.738885647196597,0.3465559387435937
-0.5645129025805162,3.7381636432849445,0.34662413877434634
-0.5635127025405082,3.737441308272581,0.34669233082853057
-0.5625125025005002,3.7367186419677014,0.34676051487506626
-0.5615123024604922,3.7359956441783218,0.3468286908828115
-0.5605121024204842,3.735272314712277,0.3468968588205622
-0.5595119023804762,3.734548653377221,0.3469650186570523
-0.5585117023404682,3.7338246599806273,0.34703317036095377
-0.5575115023004602,3.7331003343297873,0.3471013139008762
-0.5565113022604522,3.7323756762318103,0.3471694492453665
-0.5555111022204442,3.731650685493625,0.34723757636290925
-0.5545109021804362,3.7309253619219778,0.3473056952219264
-0.5535107021404282,3.7301997053234306,0.34737380579077703
-0.5525105021004202,3.729473715504365,0.3474419080377574
-0.5515103020604122,3.7287473922709777,0.3475100019311007
-0.5505101020204042,3.7280207354292836,0.34757808743897683
-0.5495099019803962,3.727293744785113,0.34764616452949276
-0.5485097019403882,3.726566420144113,0.34771423317069194
-0.5475095019003802,3.7258387613117456,0.34778229333055394
-0.5465093018603722,3.7251107680932902,0.3478503449769949
-0.5455091018203642,3.7243824402938395,0.3479183880778675
-0.5445089017803562,3.723653777718302,0.3479864226009602
-0.5435087017403482,3.722924780171402,0.3480544485139973
-0.5425085017003402,3.722195447457677,0.34812246578463923
-0.5415083016603321,3.7214657793814783,0.34819047438048206
-0.5405081016203241,3.7207357757469737,0.3482584742690573
-0.5395079015803161,3.7200054363581416,0.34832646541783224
-0.5385077015403081,3.7192747610187764,0.34839444779420914
-0.5375075015003001,3.718543749532483,0.34846242136552547
-0.5365073014602921,3.717812401702682,0.3485303860990542
-0.5355071014202841,3.717080717332604,0.3485983419620026
-0.5345069013802761,3.716348696225294,0.34866628892151325
-0.5335067013402681,3.715616338183607,0.34873422694466305
-0.5325065013002601,3.714883643010212,0.34880215599846387
-0.5315063012602521,3.714150610507587,0.3488700760498615
-0.5305061012202441,3.7134172404780244,0.34893798706573603
-0.5295059011802361,3.712683532723623,0.34900588901290236
-0.5285057011402281,3.711949487046297,0.3490737818581087
-0.5275055011002201,3.7112151032477674,0.34914166556803733
-0.5265053010602121,3.7104803811295666,0.34920954010930444
-0.5255051010202041,3.7097453204930377,0.3492774054484594
-0.5245049009801961,3.7090099211393315,0.34934526155198553
-0.5235047009401881,3.7082741828694097,0.3494131083862993
-0.5225045009001801,3.7075381054840424,0.34948094591775003
-0.5215043008601721,3.7068016887838073,0.3495487741126206
-0.5205041008201641,3.706064932569092,0.3496165929371265
-0.5195039007801561,3.7053278366400924,0.3496844023574161
-0.5185037007401481,3.7045904007968105,0.34975220233957033
-0.5175035007001401,3.7038526248390564,0.3498199928496028
-0.5165033006601321,3.703114508566449,0.34988777385345915
-0.515503100620124,3.702376051778413,0.3499555453170175
-0.514502900580116,3.701637254274179,0.3500233072060879
-0.513502700540108,3.7008981158527856,0.3500910594864126
-0.5125025005001,3.700158636313077,0.35015880212366524
-0.511502300460092,3.699418815453703,0.35022653508345136
-0.510502100420084,3.6986786530731193,0.350294258331308
-0.509501900380076,3.6979381489695866,0.3503619718327034
-0.508501700340068,3.6971973029411713,0.3504296755530371
-0.50750150030006,3.6964561147857435,0.35049736945763976
-0.506501300260052,3.6957145843009784,0.350565053511773
-0.505501100220044,3.6949727112843553,0.35063272768062914
-0.504500900180036,3.6942304955331577,0.350700391929331
-0.503500700140028,3.6934879368444715,0.35076804622293223
-0.50250050010002,3.6927450350151876,0.35083569052641655
-0.501500300060012,3.6920017898419992,0.350903324804698
-0.500500100020004,3.6912582011214012,0.35097094902262055
-0.499499899979996,3.690514268649693,0.351038563144958
-0.498499699939988,3.689769992222975,0.351106167136414
-0.49749949989998,3.6890253716371486,0.3511737609616221
-0.496499299859972,3.6882804066879187,0.3512413445851449
-0.495499099819964,3.6875350971707905,0.35130891797147434
-0.494498899779956,3.68678944288107,0.3513764810850316
-0.493498699739948,3.686043443613865,0.3514440338901668
-0.49249849969994,3.6852970991640817,0.3515115763511592
-0.49149829965993197,3.684550409326429,0.3515791084322162
-0.49049809961992397,3.683803373895414,0.351646630097474
-0.48949789957991596,3.683055992665344,0.35171414131099743
-0.48849769953990796,3.682308265430326,0.3517816420367791
-0.48749749949989996,3.6815601919842647,0.35184913223873987
-0.48649729945989195,3.680811772120865,0.35191661188072865
-0.48549709941988395,3.680063005633629,0.35198408092652217
-0.48449689937987594,3.679313892315858,0.3520515393398245
-0.48349669933986794,3.67856443196065,0.3521189870842674
-0.48249649929985994,3.6778146243609022,0.3521864241234095
-0.48149629925985193,3.6770644693093075,0.3522538504207371
-0.48049609921984393,3.6763139665983564,0.35232126593966323
-0.4794958991798359,3.6755631160203355,0.35238867064352775
-0.4784956991398279,3.6748119173673297,0.35245606449559685
-0.4774954990998199,3.674060370431218,0.3525234474590639
-0.4764952990598119,3.673308475003676,0.352590819497048
-0.4754950990198039,3.6725562308761743,0.35265818057259507
-0.4744948989797959,3.6718036378399797,0.35272553064867634
-0.4734946989397879,3.671050695686153,0.35279286968818924
-0.4724944988997799,3.6702974042055505,0.352860197653957
-0.4714942988597719,3.6695437631888215,0.35292751450872817
-0.4704940988197639,3.668789772426411,0.3529948202151769
-0.4694938987797559,3.6680354317085566,0.3530621147359021
-0.4684936987397479,3.66728074082529,0.353129398033428
-0.4674934986997399,3.6665256995664355,0.35319667007020394
-0.4664932986597319,3.6657703077216106,0.3532639308086034
-0.4654930986197239,3.6650145650802255,0.35333118021092513
-0.4644928985797159,3.6642584714314825,0.3533984182393916
-0.46349269853970787,3.663502026564376,0.3534656448561498
-0.46249249849969987,3.6627452302676917,0.35353286002327056
-0.46149229845969186,3.6619880823300073,0.3536000637027487
-0.46049209841968386,3.661230582539691,0.353667255856503
-0.45949189837967586,3.660472730684902,0.35373443644637537
-0.45849169833966785,3.6597145265535898,0.3538016054341313
-0.45749149829965985,3.658955969933495,0.35386876278145935
-0.45649129825965185,3.658197060612147,0.35393590844997125
-0.45549109821964384,3.657437798376865,0.35400304240120145
-0.45449089817963584,3.6566781830147574,0.35407016459660706
-0.45349069813962783,3.655918214312723,0.3541372749975677
-0.45249049809961983,3.6551578920574475,0.3542043735653857
-0.4514902980596118,3.6543972160354055,0.35427146026128487
-0.4504900980196038,3.65363618603286,0.35433853504641144
-0.4494898979795958,3.6528748018358614,0.3544055978818335
-0.4484896979395878,3.6521130632302485,0.3544726487285403
-0.4474894978995798,3.6513509700016455,0.35453968754744336
-0.4464892978595718,3.6505885219354655,0.3546067142993748
-0.4454890978195638,3.649825718816907,0.35467372894508803
-0.4444888977795558,3.649062560430955,0.3547407314452575
-0.4434886977395478,3.64829904656238,0.35480772176047803
-0.4424884976995398,3.647535176995739,0.3548746998512657
-0.4414882976595318,3.6467709515153737,0.3549416656780562
-0.4404880976195238,3.6460063699054115,0.355008619201206
-0.4394878975795158,3.6452414319497644,0.35507556038099136
-0.4384876975395078,3.6444761374321284,0.3551424891776084
-0.4374874974994998,3.643710486135984,0.3552094055511731
-0.4364872974594918,3.642944477844595,0.35527630946172056
-0.43548709741948377,3.6421781123410093,0.35534320086920557
-0.43448689737947577,3.6414113894080575,0.35541007973350186
-0.43348669733946776,3.6406443088283535,0.355476946014402
-0.43248649729945976,3.639876870384294,0.35554379967161753
-0.43148629725945176,3.639109073858058,0.3556106406647783
-0.43048609721944375,3.638340919031605,0.3556774689534327
-0.42948589717943575,3.6375724056866785,0.3557442844970473
-0.42848569713942775,3.6368035336048017,0.3558110872550066
-0.42748549709941974,3.636034302567279,0.3558778771866132
-0.42648529705941174,3.6352647123551964,0.355944654251087
-0.42548509701940374,3.6344947627494197,0.3560114184075654
-0.42448489697939573,3.633724453530595,0.3560781696151031
-0.42348469693938773,3.632953784479148,0.3561449078326719
-0.4224844968993797,3.632182755375284,0.3562116330191605
-0.4214842968593717,3.631411365998987,0.3562783451333743
-0.4204840968193637,3.630639616130021,0.35634504413403506
-0.4194838967793557,3.629867505547928,0.3564117299797809
-0.4184836967393477,3.629095034032028,0.356478402629166
-0.4174834966993397,3.628322201361419,0.3565450620406607
-0.4164832966593317,3.627549007314976,0.356611708172651
-0.4154830966193237,3.626775451671353,0.3566783409834379
-0.4144828965793157,3.626001534208979,0.35674496043123843
-0.4134826965393077,3.6252272547060613,0.3568115664741841
-0.4124824964992997,3.624452612940583,0.3568781590703221
-0.4114822964592917,3.6236776086903024,0.35694473817761396
-0.4104820964192837,3.6229022417327545,0.35701130375393536
-0.4094818963792757,3.62212651184525,0.35707785575707723
-0.4084816963392677,3.6213504188048726,0.35714439414474397
-0.40748149629925967,3.6205739623884834,0.3572109188745541
-0.40648129625925167,3.6197971423727164,0.3572774299040399
-0.40548109621924366,3.61901995853398,0.35734392719064717
-0.40448089617923566,3.6182424106484565,0.3574104106917352
-0.40348069613922766,3.617464498492102,0.35747688036457637
-0.40248049609921965,3.616686221840645,0.3575433361663558
-0.40148029605921165,3.615907580469587,0.35760977805417166
-0.40048009601920365,3.615128574154203,0.3576762059850342
-0.39947989597919564,3.614349202669539,0.3577426199158665
-0.39847969593918764,3.613569465790414,0.3578090198035037
-0.39747949589917964,3.6127893632914168,0.35787540560469255
-0.39647929585917163,3.612008894946909,0.3579417772760918
-0.39547909581916363,3.6112280605310225,0.35800813477427135
-0.3944788957791556,3.6104468598176602,0.358074478055713
-0.3934786957391476,3.609665292580495,0.35814080707680895
-0.3924784956991396,3.608883358592969,0.35820712179386294
-0.3914782956591316,3.6081010576282955,0.35827342216308883
-0.3904780956191236,3.6073183894594556,0.3583397081406114
-0.3894778955791156,3.6065353538591998,0.35840597968246535
-0.3884776955391076,3.6057519506000477,0.3584722367445957
-0.3874774954990996,3.604968179454287,0.3585384792828572
-0.3864772954590916,3.604184040193972,0.3586047072530139
-0.3854770954190836,3.6033995325909274,0.3586709206107397
-0.3844768953790756,3.602614656416743,0.3587371193116174
-0.3834766953390676,3.6018294114427767,0.358803303311139
-0.38247649529906,3.6010437974401515,0.3588694725647051
-0.381476295259052,3.6002578141797588,0.3589356270276248
-0.380476095219044,3.599471461432255,0.3590017666551158
-0.379475895179036,3.5986847389680614,0.35906789140230394
-0.378475695139028,3.597897646557366,0.3591340012242224
-0.37747549509902,3.5971101839701216,0.3592000960758125
-0.376475295059012,3.5963223509760445,0.35926617591192306
-0.375475095019004,3.5955341473446167,0.3593322406873098
-0.374474894978996,3.594745572845083,0.359398290356636
-0.373474694938988,3.5939566272464534,0.3594643248744709
-0.37247449489898,3.5931673103174995,0.35953034419529123
-0.371474294858972,3.5923776218267576,0.3595963482734795
-0.370474094818964,3.591587561542525,0.35966233706332446
-0.369473894778956,3.5907971292328624,0.359728310519021
-0.368473694738948,3.590006324665592,0.35979426859466934
-0.36747349469894,3.5892151476082987,0.3598602112442753
-0.36647329465893197,3.5884235978283274,0.3599261384217499
-0.36547309461892397,3.5876316750927844,0.3599920500809093
-0.36447289457891596,3.586839379168537,0.3600579461754742
-0.36347269453890796,3.5860467098222117,0.36012382665907033
-0.36247249449889996,3.585253666820197,0.36018969148522706
-0.36147229445889195,3.5844602499286395,0.3602555406073782
-0.36047209441888395,3.583666458913445,0.36032137397886166
-0.35947189437887594,3.582872293540279,0.3603871915529187
-0.35847169433886794,3.5820777535745654,0.36045299328269376
-0.35747149429885994,3.581282838781486,0.3605187791212349
-0.35647129425885193,3.5804875489259813,0.36058454902149284
-0.35547109421884393,3.5796918837727483,0.36065030293632105
-0.3544708941788359,3.578895843086242,0.36071604081847564
-0.3534706941388279,3.578099426630674,0.3607817626206147
-0.3524704940988199,3.5773026341700125,0.36084746829529835
-0.3514702940588119,3.5765054654679824,0.3609131577949885
-0.3504700940188039,3.575707920288064,0.3609788310720487
-0.3494698939787959,3.574909998393493,0.3610444880787437
-0.3484696939387879,3.5741116995472604,0.3611101287672394
-0.3474694938987799,3.573313023512112,0.36117575308960215
-0.3464692938587719,3.572513970050548,0.3612413609977993
-0.3454690938187639,3.5717145389248235,0.36130695244369837
-0.3444688937787559,3.5709147298969466,0.3613725273790667
-0.3434686937387479,3.5701145427286782,0.3614380857555719
-0.3424684936987399,3.569313977181534,0.36150362752478093
-0.3414682936587319,3.568513033016781,0.36156915263816025
-0.3404680936187239,3.5677117099954394,0.3616346610470751
-0.3394678935787159,3.566910007878281,0.36170015270278993
-0.33846769353870787,3.56610792642583,0.3617656275564678
-0.33746749349869987,3.565305465398361,0.36183108555917
-0.33646729345869186,3.5645026245559,0.36189652666185607
-0.33546709341868386,3.5636994036582235,0.36196195081538307
-0.33446689337867586,3.5628958024648583,0.362027357970506
-0.33346669333866785,3.562091820735082,0.36209274807787756
-0.33246649329865985,3.56128745822792,0.36215812108804707
-0.33146629325865185,3.560482714702149,0.36222347695146057
-0.33046609321864384,3.5596775899162925,0.3622888156184614
-0.32946589317863584,3.558872083628624,0.3623541370392888
-0.32846569313862783,3.5580661955971644,0.36241944116407815
-0.32746549309861983,3.5572599255796833,0.36248472794286085
-0.3264652930586118,3.556453273333697,0.36254999732556364
-0.3254650930186038,3.5556462386164682,0.36261524926200916
-0.3244648929785958,3.554838821185008,0.3626804837019144
-0.3234646929385878,3.554031020796073,0.3627457005948919
-0.3224644928985798,3.5532228372061656,0.36281089989044824
-0.3214642928585718,3.552414270171534,0.3628760815379845
-0.3204640928185638,3.5516053194481723,0.36294124548679607
-0.3194638927785558,3.5507959847918182,0.3630063916860719
-0.3184636927385478,3.5499862659579553,0.3630715200848947
-0.3174634926985398,3.549176162701811,0.36313663063223983
-0.3164632926585318,3.5483656747783563,0.36320172327697636
-0.3154630926185238,3.5475548019423053,0.3632667979678659
-0.3144628925785158,3.5467435439481165,0.3633318546535623
-0.3134626925385078,3.54593190054999,0.3633968932826119
-0.3124624924984998,3.5451198715018695,0.363461913803453
-0.3114622924584918,3.5443074565574393,0.3635269161644153
-0.31046209241848377,3.543494655470126,0.3635919003137205
-0.30946189237847577,3.5426814679930976,0.3636568661994808
-0.30846169233846776,3.541867893879263,0.3637218137696997
-0.30746149229845976,3.541053932881271,0.36378674297227115
-0.30646129225845176,3.5402395847515127,0.3638516537549793
-0.30546109221844375,3.539424849242116,0.36391654606549856
-0.30446089217843575,3.5386097261049514,0.36398141985139326
-0.30346069213842775,3.5377942150916257,0.36404627506011705
-0.30246049209841974,3.536978315953486,0.36411111163901294
-0.30146029205841174,3.536162028441618,0.36417592953531264
-0.30046009201840373,3.5353453523068437,0.3642407286961369
-0.29945989197839573,3.5345282872997243,0.3643055090684946
-0.29845969193838773,3.5337108331705585,0.364370270599283
-0.2974594918983797,3.5328929896693806,0.36443501323528715
-0.2964592918583717,3.5320747565459616,0.36449973692317955
-0.2954590918183637,3.53125613354981,0.36456444160952006
-0.2944588917783557,3.5304371204301677,0.3646291272407558
-0.2934586917383477,3.529617716936014,0.3646937937632204
-0.2924584916983397,3.528797922816063,0.3647584411231338
-0.2914582916583317,3.527977737818762,0.3648230692666025
-0.2904580916183237,3.527157161692294,0.3648876781396185
-0.2894578915783157,3.526336194184576,0.3649522676880595
-0.2884576915383077,3.525514835043257,0.36501683785768885
-0.2874574914982997,3.5246930840157202,0.3650813885941544
-0.2864572914582917,3.5238709408490814,0.36514591984298905
-0.2854570914182837,3.5230484052901887,0.3652104315496102
-0.2844568913782757,3.5222254770856227,0.36527492365931924
-0.2834566913382677,3.5214021559816944,0.3653393961173017
-0.28245649129825967,3.5205784417244472,0.3654038488686261
-0.28145629125825167,3.5197543340596553,0.3654682818582449
-0.28045609121824366,3.5189298327328222,0.36553269503099295
-0.27945589117823566,3.5181049374891824,0.36559708833158855
-0.27845569113822766,3.5172796480737,0.3656614617046316
-0.27745549109821965,3.5164539642310686,0.36572581509460467
-0.27645529105821165,3.5156278857057104,0.3657901484458718
-0.27545509101820365,3.514801412241776,0.3658544617026788
-0.27445489097819564,3.513974543583145,0.36591875480915237
-0.27345469093818764,3.513147279473424,0.36598302770930025
-0.27245449089817964,3.5123196196559467,0.3660472803470112
-0.27145429085817163,3.511491563873775,0.3661115126660537
-0.27045409081816363,3.5106631118696963,0.36617572461007636
-0.2694538907781556,3.5098342633862245,0.3662399161226079
-0.2684536907381476,3.5090050181656003,0.3663040871470557
-0.2674534906981396,3.5081753759497887,0.36636823762670695
-0.2664532906581316,3.50734533648048,0.3664323675047272
-0.2654530906181236,3.5065148994990887,0.3664964767241606
-0.2644528905781156,3.505684064746755,0.36656056522792946
-0.2634526905381076,3.5048528319643424,0.3666246329588341
-0.2624524904980996,3.504021200892437,0.366688679859552
-0.2614522904580916,3.503189171271349,0.36675270587263825
-0.2604520904180836,3.502356742841111,0.36681671094052454
-0.2594518903780756,3.501523915341478,0.36688069500551934
-0.2584516903380676,3.500690688511927,0.3669446580098077
-0.2574514902980596,3.499857062091656,0.36700859989545026
-0.2564512902580516,3.499023035819585,0.3670725206043835
-0.2554510902180436,3.4981886094343535,0.36713642007841885
-0.25445089017803557,3.497353782674323,0.3672002982592434
-0.25345069013802757,3.4965185552775737,0.36726415508841853
-0.25245049009801956,3.4956829269819063,0.3673279905073802
-0.25145029005801156,3.4948468975248397,0.3673918044574384
-0.25045009001800356,3.494010466643612,0.36745559687977675
-0.24944988997799555,3.493173634075179,0.36751936771545246
-0.24844968993798755,3.492336399556216,0.3675831169053955
-0.24744948989797955,3.491498762823115,0.3676468443904091
-0.24644928985797154,3.490660723611984,0.3677105501111687
-0.24544908981796354,3.48982228165865,0.36777423400822185
-0.24444888977795554,3.4889834366986543,0.3678378960219878
-0.24344868973794753,3.4881441884672557,0.3679015360927574
-0.24244848969793953,3.487304536699427,0.36796515416069286
-0.24144828965793153,3.486464481129858,0.3680287501658267
-0.24044808961792352,3.485624021492952,0.36809232404806225
-0.23944788957791552,3.484783157522827,0.3681558757471727
-0.23844768953790751,3.4839418889533142,0.3682194052028013
-0.2374474894978995,3.48310021551796,0.3682829123544607
-0.2364472894578915,3.4822581369500214,0.3683463971415327
-0.2354470894178835,3.481415652982471,0.3684098595032677
-0.2344468893778755,3.480572763347991,0.36847329937878487
-0.2334466893378675,3.4797294677789776,0.3685367167070713
-0.2324464892978595,3.4788857660075374,0.36860011142698196
-0.2314462892578515,3.4780416577654885,0.3686634834772391
-0.23044608921784349,3.4771971427843593,0.36872683279643204
-0.22944588917783548,3.476352220795388,0.3687901593230172
-0.22844568913782748,3.4755068915295237,0.36885346299531696
-0.22744548909781948,3.4746611547174244,0.3689167437515202
-0.22644528905781147,3.473815010089457,0.36898000152968097
-0.22544508901780347,3.4729684573756976,0.3690432362677188
-0.22444488897779546,3.4721214963059293,0.3691064479034187
-0.22344468893778746,3.471274126609644,0.36916963637443007
-0.22244448889777946,3.4704263480160407,0.3692328016182664
-0.22144428885777145,3.4695781602540254,0.3692959435723052
-0.22044408881776345,3.46872956305221,0.36935906217378806
-0.21944388877775545,3.467880556138913,0.3694221573598193
-0.21844368873774744,3.467031139242159,0.36948522906736636
-0.21744348869773944,3.466181312089677,0.36954827723325917
-0.21644328865773144,3.465331074408901,0.3696113017941898
-0.21544308861772343,3.4644804259269706,0.36967430268671203
-0.21444288857771543,3.463629366370727,0.36973727984724136
-0.21344268853770743,3.462777895466718,0.36980023321205413
-0.21244248849769942,3.461926012941192,0.36986316271728775
-0.21144228845769142,3.4610737185201015,0.3699260682989397
-0.21044208841768342,3.4602210119291006,0.36998894989286735
-0.2094418883776754,3.4593678928935456,0.3700518074347882
-0.2084416883376674,3.4585143611384943,0.3701146408602787
-0.2074414882976594,3.457660416388706,0.37017745010477404
-0.2064412882576514,3.45680605836864,0.37024023510356846
-0.2054410882176434,3.4559512868024553,0.3703029957918138
-0.2044408881776354,3.4550961014140116,0.37036573210452006
-0.2034406881376274,3.4542405019268676,0.37042844397655467
-0.2024404880976194,3.453384488064281,0.3704911313426418
-0.20144028805761138,3.452528059549208,0.3705537941373627
-0.20044008801760338,3.451671216104302,0.3706164322951543
-0.19943988797759538,3.4508139574519157,0.3706790457503102
-0.19843968793758737,3.4499562833140978,0.3707416344369791
-0.19743948789757937,3.449098193412593,0.370804198289165
-0.19643928785757137,3.448239687468844,0.3708667372407264
-0.19543908781756336,3.447380765203989,0.3709292512253765
-0.19443888777755536,3.446521426338861,0.37099174017668246
-0.19343868773754735,3.4456616705939878,0.37105420402806505
-0.19243848769753935,3.444801497689593,0.37111664271279815
-0.19143828765753135,3.4439409073455933,0.37117905616400876
-0.19043808761752334,3.4430798992816,0.371241444314676
-0.18943788757751534,3.4422184732169163,0.3713038070976314
-0.18843768753750734,3.4413566288705395,0.37136614444555793
-0.18743748749749933,3.4404943659611584,0.37142845629099003
-0.18643728745749133,3.4396316842071553,0.37149074256631276
-0.18543708741748333,3.438768583326602,0.3715530032037623
-0.18443688737747532,3.4379050630372627,0.371615238135424
-0.18343668733746732,3.4370411230565927,0.37167744729323354
-0.18243648729745932,3.4361767631017353,0.3717396306089761
-0.1814362872574513,3.4353119828895258,0.37180178801428515
-0.1804360872174433,3.4344467821364875,0.3718639194406433
-0.1794358871774353,3.433581160558833,0.37192602481938075
-0.1784356871374273,3.432715117872464,0.37198810408167543
-0.1774354870974193,3.4318486537929696,0.3720501571585531
-0.1764352870574113,3.430981768035626,0.372112183980886
-0.1754350870174033,3.4301144603153966,0.37217418447939304
-0.1744348869773953,3.4292467303469323,0.37223615858463893
-0.17343468693738728,3.428378577844569,0.37229810622703424
-0.17243448689737928,3.4275100025223297,0.3723600273368348
-0.17143428685737128,3.4266410040939217,0.37242192184414113
-0.17043408681736327,3.4257715822727373,0.37248378967889834
-0.16943388677735527,3.4249017367718535,0.3725456307708956
-0.16843368673734727,3.4240314673040313,0.37260744504976556
-0.16743348669733926,3.423160773581715,0.3726692324449841
-0.16643328665733126,3.4222896553170314,0.3727309928858701
-0.16543308661732326,3.4214181122217915,0.37279272630158405
-0.16443288657731525,3.4205461440074862,0.372854432621129
-0.16343268653730725,3.41967375038529,0.3729161117733496
-0.16243248649729924,3.418800931066058,0.37297776368693114
-0.16143228645729124,3.417927685760326,0.3730393882903996
-0.16043208641728324,3.41705401417831,0.3731009855121216
-0.15943188637727523,3.416179916029906,0.3731625552803028
-0.15843168633726723,3.4153053910246896,0.37322409752298913
-0.15743148629725923,3.414430438871915,0.37328561216806466
-0.15643128625725122,3.4135550592805153,0.3733470991432524
-0.15543108621724322,3.4126792519591014,0.3734085583761133
-0.15443088617723566,3.411803016615962,0.37346998979404594
-0.15343068613722766,3.4109263529590623,0.37353139332428614
-0.15243048609721965,3.410049260696045,0.3735927688939063
-0.15143028605721165,3.4091717395342287,0.37365411642981533
-0.15043008601720365,3.408293789180607,0.3737154358587579
-0.14942988597719564,3.40741540934185,0.37377672710731397
-0.14842968593718764,3.406536599724302,0.3738379901018988
-0.14742948589717964,3.405657360033981,0.37389922476876203
-0.14642928585717163,3.40477768997658,0.37396043103398746
-0.14542908581716363,3.403897589257465,0.3740216088234923
-0.14442888577715562,3.403017057581675,0.3740827580630269
-0.14342868573714762,3.4021360946539208,0.374143878678175
-0.14242848569713962,3.4012547001785864,0.3742049705943518
-0.1414282856571316,3.400372873859726,0.374266033736805
-0.1404280856171236,3.3994906154010662,0.3743270680306132
-0.1394278855771156,3.398607924506003,0.37438807340068625
-0.1384276855371076,3.3977248008776035,0.374449049771764
-0.1374274854970996,3.3968412442186042,0.374509997068417
-0.1364272854570916,3.39595725423141,0.3745709152150447
-0.1354270854170836,3.3950728306180955,0.37463180413587605
-0.1344268853770756,3.394187973080404,0.3746926637549681
-0.13342668533706759,3.3933026813197444,0.3747534939962069
-0.13242648529705958,3.3924169550371954,0.37481429478330536
-0.13142628525705158,3.3915307939335,0.374875066039804
-0.13042608521704357,3.3906441977090704,0.37493580768906976
-0.12942588517703557,3.3897571660639825,0.3749965196542962
-0.12842568513702757,3.3888696986979783,0.3750572018585029
-0.12742548509701956,3.3879817953104645,0.3751178542245341
-0.12642528505701156,3.3870934556005126,0.37517847667505905
-0.12542508501700356,3.386204679266858,0.37523906913257155
-0.12442488497699555,3.3853154660078992,0.37529963151938933
-0.12342468493698755,3.3844258155216975,0.3753601637576535
-0.12242448489697955,3.383535727505978,0.37542066576932787
-0.12142428485697154,3.382645201658126,0.3754811374761989
-0.12042408481696354,3.3817542376751892,0.3755415787998748
-0.11942388477695554,3.3808628352538777,0.3756019896617854
-0.11842368473694753,3.3799709940905593,0.37566236998318125
-0.11742348469693953,3.3790787138812646,0.37572271968513393
-0.11642328465693152,3.378185994321682,0.3757830386885343
-0.11542308461692352,3.3772928351071605,0.37584332691409333
-0.11442288457691552,3.376399235932706,0.37590358428234083
-0.11342268453690751,3.3755051964929836,0.3759638107136247
-0.11242248449689951,3.374610716482316,0.37602400612811143
-0.11142228445689151,3.3737157955946833,0.3760841704457845
-0.1104220844168835,3.3728204335237213,0.3761443035864449
-0.1094218843768755,3.371924629962723,0.37620440546970957
-0.1084216843368675,3.3710283846046356,0.3762644760150118
-0.10742148429685949,3.3701316971420643,0.37632451514160015
-0.10642128425685149,3.369234567267266,0.37638452276853845
-0.10542108421684349,3.3683369946721533,0.37644449881470465
-0.10442088417683548,3.367438979048292,0.376504443198791
-0.10342068413682748,3.3665405200869025,0.3765643558393028
-0.10242048409681948,3.3656416174788553,0.3766242366545587
-0.10142028405681147,3.3647422709146757,0.3766840855626894
-0.10042008401680347,3.363842480084539,0.3767439024816376
-0.09941988397679546,3.3629422446782726,0.37680368732915737
-0.09841968393678746,3.362041564385354,0.37686344002281363
-0.09741948389677946,3.361140438894912,0.37692316047998164
-0.09641928385677145,3.360238867895724,0.37698284861784637
-0.09541908381676345,3.359336851076217,0.3770425043534021
-0.09441888377675545,3.3584343881244667,0.37710212760345185
-0.09341868373674744,3.3575314787281973,0.37716171828460704
-0.09241848369673944,3.356628122574781,0.3772212763132863
-0.09141828365673144,3.355724319351236,0.3772808016057158
-0.09041808361672343,3.3548200687442287,0.37734029407792813
-0.08941788357671543,3.35391537044007,0.3773997536457621
-0.08841768353670743,3.3530102241247177,0.37745918022486197
-0.08741748349669942,3.352104629483775,0.37751857373067677
-0.08641728345669142,3.351198586202489,0.3775779340784604
-0.08541708341668341,3.3502920939657512,0.37763726118326996
-0.08441688337667541,3.349385152458097,0.37769655495996673
-0.08341668333666741,3.348477761363705,0.37775581532321434
-0.0824164832966594,3.3475699203663956,0.37781504218747863
-0.0814162832566514,3.3466616291496325,0.3778742354670275
-0.0804160832166434,3.3457528873965208,0.3779333950759294
-0.0794158831766354,3.3448436947898057,0.3779925209280537
-0.07841568313662739,3.3439340510118742,0.3780516129370699
-0.07741548309661939,3.3430239557447528,0.3781106710164468
-0.07641528305661138,3.342113408670108,0.37816969507945225
-0.07541508301660338,3.3412024094692443,0.37822868503915236
-0.07441488297659538,3.3402909578231057,0.37828764080841093
-0.07341468293658737,3.339379053412274,0.3783465622998893
-0.07241448289657937,3.3384666959169684,0.37840544942604487
-0.07141428285657136,3.3375538850170456,0.37846430209913157
-0.07041408281656336,3.336640620391998,0.3785231202311986
-0.06941388277655536,3.335726901720954,0.37858190373409034
-0.06841368273654735,3.334812728682678,0.3786406525194452
-0.06741348269653935,3.3338981009555693,0.37869936649869546
-0.06641328265653135,3.3329830182176607,0.37875804558306686
-0.06541308261652334,3.3320674801466197,0.3788166896835775
-0.06441288257651534,3.331151486419747,0.3788752987110374
-0.06341268253650734,3.330235036713976,0.37893387257604816
-0.06241248249649933,3.3293181307058717,0.37899241118900223
-0.06141228245649133,3.3284007680716323,0.37905091446008216
-0.060412082416483326,3.327482948487086,0.37910938229926044
-0.05941188237647532,3.326564671627692,0.3791678146162983
-0.05841168233646732,3.3256459371685403,0.3792262113207458
-0.057411482296459315,3.3247267447843494,0.3792845723219406
-0.05641128225645131,3.323807094149468,0.37934289752900774
-0.05541108221644331,3.322886984937874,0.37940118685085866
-0.054410882176435305,3.321966416823171,0.3794594401961913
-0.0534106821364273,3.3210453894785914,0.37951765747348903
-0.0524104820964193,3.320123902576995,0.3795758385910197
-0.051410282056411294,3.319201955790868,0.3796339834568355
-0.05041008201640329,3.3182795487923213,0.37969209197877285
-0.04940988197639529,3.3173566812530932,0.3797501640644503
-0.04840968193638728,3.3164333528445455,0.3798081996212691
-0.04740948189637928,3.315509563237665,0.3798661985564126
-0.046409281856371276,3.3145853121030613,0.37992416077684504
-0.04540908181636327,3.313660599110968,0.37998208618931095
-0.04440888177635527,3.312735423931241,0.3800399747003354
-0.043408681736347265,3.311809786233359,0.3800978262162223
-0.04240848169633926,3.310883685686422,0.3801556406430541
-0.04140828165633126,3.3099571219591506,0.38021341788669166
-0.040408081616323255,3.309030094719887,0.3802711578527731
-0.03940788157631525,3.3081026036365926,0.38032886044671305
-0.03840768153630725,3.307174648376848,0.3803865255737023
-0.037407481496299244,3.3062462286078533,0.3804441531387076
-0.03640728145629124,3.3053173439964274,0.38050174304647005
-0.03540708141628324,3.304387994209006,0.38055929520150505
-0.03440688137627523,3.303458178911643,0.38061680950810156
-0.03340668133626723,3.302527897770008,0.38067428587032126
-0.032406481296259226,3.3015971504493877,0.3807317241919985
-0.03140628125625122,3.300665936614685,0.38078912437673895
-0.03040608121624322,3.2997342559304155,0.38084648632791934
-0.029405881176235216,3.2988021080607117,0.38090380994868633
-0.028405681136227212,3.29786949266932,0.3809610951419567
-0.02740548109621921,3.2969364094195983,0.3810183418104157
-0.026405281056211205,3.296002857974519,0.3810755498565172
-0.0254050810162032,3.295068837996667,0.38113271918248254
-0.024404880976195198,3.2941343491482376,0.3811898496903002
-0.023404680936187194,3.2931993910910387,0.38124694128172465
-0.02240448089617919,3.2922639634864885,0.38130399385827624
-0.021404280856171187,3.2913280659956152,0.3813610073212401
-0.020404080816163184,3.2903916982790564,0.38141798157166557
-0.01940388077615518,3.289454859997059,0.38147491651036575
-0.018403680736147177,3.2885175508094777,0.38153181203791675
-0.017403480696139173,3.287579770375776,0.3815886680546567
-0.01640328065613117,3.2866415183550246,0.38164548446068486
-0.015403080616123166,3.2857027944059003,0.38170226115586225
-0.014402880576115162,3.2847635981866867,0.3817589980398093
-0.013402680536107159,3.283823929355273,0.38181569501190576
-0.012402480496099155,3.2828837875691534,0.3818723519712909
-0.011402280456091152,3.281943172485427,0.3819289688168615
-0.010402080416083148,3.2810020837607956,0.3819855454472716
-0.009401880376075145,3.2800605210515656,0.38204208176093246
-0.008401680336067141,3.279118484013646,0.3820985776560108
-0.0074014802960591375,3.2781759723025483,0.3821550330304286
-0.006401280256051134,3.277232985573385,0.3822114477818625
-0.00540108021604313,3.2762895234808704,0.38226782180774277
-0.004400880176035127,3.275345585679319,0.38232415500525313
-0.0034006801360271233,3.274401171822645,0.3823804472713294
-0.0024004800960191197,3.2734562815643633,0.3824366985026591
-0.0014002800560111162,3.272510914557586,0.3824929085956806
-0.0004000800160031126,3.2715650704550248,0.38254907744658256
0.000600120024004891,3.2706187489089884,0.38260520495130307
0.0016003200640128945,3.2696719495713826,0.3826612910055293
0.002600520104020898,3.2687246720937106,0.38271733550469583
0.0036007201440289016,3.2677769161270707,0.38277333834398514
0.004600920184036905,3.2668286813221563,0.3828292994183259
0.005601120224044909,3.265879967329257,0.3828852186223925
0.006601320264052912,3.264930773798256,0.3829410958506047
0.007601520304060916,3.2639811003786288,0.38299693099712634
0.00860172034406892,3.263030946719447,0.38305272395586465
0.009601920384076923,3.2620803124693727,0.38310847462046993
0.010602120424084926,3.26112919727666,0.38316418288433457
0.01160232046409293,3.2601776007891545,0.3832198486405922
0.012602520504100934,3.259225522654294,0.38327547178211707
0.013602720544108937,3.258272962519104,0.3833310522015231
0.01460292058411694,3.257319920030201,0.3833865897911632
0.015603120624124944,3.2563663948337913,0.38344208444312844
0.016603320664132948,3.2554123865756686,0.38349753604924763
0.01760352070414095,3.2544578949012144,0.38355294450108623
0.018603720744148955,3.253502919455398,0.38360830968994536
0.01960392078415696,3.2525474598827753,0.3836636315068614
0.020604120824164962,3.2515915158274886,0.3837189098426054
0.021604320864172966,3.2506350869332645,0.38377414458768183
0.02260452090418097,3.2496781728434163,0.38382933563232746
0.023604720944188973,3.2487207732008407,0.38388448286651194
0.024604920984196976,3.247762887648018,0.3839395861799358
0.02560512102420498,3.2468045158270122,0.38399464546202955
0.026605321064212983,3.2458456573794696,0.38404966060195395
0.027605521104220987,3.2448863119466185,0.3841046314885983
0.02860572114422899,3.2439264791692684,0.38415955801058005
0.029605921184236994,3.24296615868781,0.3842144400562438
0.030606121224244998,3.2420053501422146,0.3842692775136606
0.031606321264253,3.2410440531720317,0.38432407027062704
0.032606521304261005,3.2400822674163914,0.38437881821466463
0.03360672134426901,3.2391199925140017,0.3844335212330185
0.03460692138427701,3.238157228103147,0.3844881792126576
0.035607121424285015,3.237193973821692,0.3845427920402727
0.03660732146429302,3.236230229307075,0.3845973596022762
0.03760752150430102,3.235265994196312,0.3846518817848011
0.038607721544309026,3.2343012681259933,0.38470635847370055
0.03960792158431703,3.2333360507322855,0.38476078955454635
0.04060812162432503,3.232370341650929,0.3848151749126287
0.04160832166433304,3.231404140517237,0.3848695144329548
0.04260852170434104,3.230437446966096,0.3849238080002492
0.043608721744349044,3.2294702606319654,0.3849780554989512
0.04460892178435705,3.2285025811488763,0.3850322568132151
0.04560912182436505,3.2275344081504307,0.38508641182690945
0.046609321864373054,3.226565741269802,0.38514052042361574
0.04760952190438106,3.225596580139732,0.3851945824866276
0.04860972194438906,3.224626924392534,0.3852485978989501
0.049609921984397065,3.223656773660088,0.38530256654329914
0.05061012202440507,3.222686127573844,0.3853564883020996
0.05161032206441307,3.221714985764818,0.38541036305748577
0.052610522104421076,3.220743347863594,0.3854641906912995
0.05361072214442908,3.219771213500323,0.38551797108508973
0.05461092218443708,3.2187985823047187,0.38557170412011177
0.055611122224445086,3.217825453906064,0.38562538967732574
0.05661132226445309,3.216851827933203,0.38567902763739664
0.057611522304461094,3.215877704014546,0.3857326178806927
0.0586117223444691,3.2149030817780653,0.3857861602872847
0.0596119223844771,3.213927960851296,0.3858396547369455
0.060612122424485104,3.212952340861335,0.38589310110914815
0.06161232246449311,3.211976221434842,0.38594649928306607
0.06261252250450111,3.2109996021980356,0.3859998491375717
0.06361272254450911,3.210022482776696,0.38605315055123524
0.06461292258451712,3.209044862796163,0.38610640340232427
0.06561312262452512,3.2080667418813342,0.38615960756880297
0.06661332266453313,3.2070881196566665,0.38621276292833023
0.06761352270454113,3.2061089957461744,0.38626586935825996
0.06861372274454913,3.2051293697734295,0.3863189267356392
0.06961392278455714,3.2041492413615593,0.3863719349372076
0.07061412282456514,3.203168610133248,0.3864248938393969
0.07161432286457314,3.2021874757107347,0.3864778033183289
0.0726145229045807,3.2012058377158126,0.38653066324981555
0.0736147229445887,3.2002236957698296,0.38658347350935784
0.07461492298459671,3.1992410494936867,0.3866362339721441
0.07561512302460471,3.1982578985078374,0.38668894451305025
0.07661532306461272,3.1972742424322877,0.3867416050066377
0.07761552310462072,3.1962900808865946,0.3867942153271531
0.07861572314462872,3.195305413489866,0.38684677534852707
0.07961592318463673,3.1943202398607613,0.38689928494437376
0.08061612322464473,3.1933345596174876,0.38695174398798915
0.08161632326465273,3.1923483723778014,0.3870041523523503
0.08261652330466074,3.191361677759009,0.38705650991011487
0.08361672334466874,3.1903744753779626,0.38710881653361945
0.08461692338467675,3.1893867648510614,0.38716107209487916
0.08561712342468475,3.1883985457942527,0.38721327646558606
0.08661732346469275,3.187409817823028,0.38726542951710896
0.08761752350470076,3.1864205805524257,0.38731753112049155
0.08861772354470876,3.1854308335970263,0.38736958114645226
0.08961792358471676,3.184440576570956,0.38742157946538264
0.09061812362472477,3.1834498090878833,0.3874735259473466
0.09161832366473277,3.182458530761021,0.38752542046207894
0.09261852370474077,3.181466741203121,0.3875772628789857
0.09361872374474878,3.1804744400264795,0.3876290530671414
0.09461892378475678,3.179481626842931,0.38768079089528934
0.09561912382476478,3.1784883012638514,0.38773247623184
0.09661932386477279,3.1774944629001554,0.38778410894487003
0.09761952390478079,3.1765001113622975,0.3878356889021211
0.0986197239447888,3.1755052462602684,0.3878872159709996
0.0996199239847968,3.1745098672035983,0.3879386900185748
0.1006201240248048,3.1735139738013527,0.387990110911578
0.1016203240648128,3.1725175656621345,0.38804147851640186
0.10262052410482081,3.171520642394081,0.38809279269909897
0.10362072414482881,3.1705232036048656,0.3881440533253806
0.10462092418483682,3.169525248901695,0.3881952602606166
0.10562112422484482,3.16852677789131,0.38824641336983334
0.10662132426485282,3.167527790179984,0.38829751251771305
0.10762152430486083,3.1665282853735235,0.38834855756859277
0.10862172434486883,3.165528263077265,0.3883995483864632
0.10962192438487683,3.164527722896078,0.3884504848349678
0.11062212442488484,3.1635266644343614,0.3885013667774015
0.11162232446489284,3.1625250872960438,0.38855219407670966
0.11262252450490084,3.161522991084582,0.3886029665954874
0.11362272454490885,3.1605203754029634,0.3886536841959776
0.11462292458491685,3.1595172398537015,0.3887043467400706
0.11562312462492486,3.158513584038837,0.38875495408930316
0.11662332466493286,3.157509407559937,0.3888055061048567
0.11762352470494086,3.1565047100180954,0.3888560026475568
0.11862372474494887,3.1554994910139302,0.3889064435778718
0.11962392478495687,3.154493750147584,0.38895682875591153
0.12062412482496487,3.1534874870187237,0.3890071580414269
0.12162432486497288,3.1524807012265392,0.3890574312938078
0.12262452490498088,3.1514733923697427,0.389107648372083
0.12362472494498888,3.150465560046568,0.389157809134918
0.12462492498499689,3.1494572038547703,0.38920791344061473
0.1256251250250049,3.1484483233916265,0.38925796114710987
0.1266253250650129,3.1474389182539317,0.3893079521119742
0.1276255251050209,3.1464289880380005,0.389357886192411
0.1286257251450289,3.145418532339667,0.3894077632452551
0.1296259251850369,3.1444075507542815,0.3894575831269717
0.1306261252250449,3.1433960428767134,0.3895073456936553
0.1316263252650529,3.142384008301348,0.3895570508010284
0.13262652530506092,3.1413714466220855,0.3896066983044407
0.13362672534506892,3.140358357432343,0.38965628805886704
0.13462692538507692,3.1393447403250505,0.3897058199189073
0.13562712542508493,3.1383305948926536,0.38975529373878454
0.13662732546509293,3.1373159207271093,0.3898047093723442
0.13762752550510093,3.1363007174198883,0.3898540666730528
0.13862772554510894,3.1352849845619737,0.3899033654939962
0.13962792558511694,3.134268721743858,0.3899526056878795
0.14062812562512494,3.1332519285555462,0.39000178710702493
0.14162832566513295,3.132234604586552,0.3900509096033709
0.14262852570514095,3.131216749425898,0.39009997302847094
0.14362872574514896,3.1301983626621173,0.39014897723349257
0.14462892578515696,3.1291794438832485,0.39019792206921544
0.14562912582516496,3.1281599926768386,0.39024680738603096
0.14662932586517297,3.1271400086299415,0.39029563303394066
0.14762952590518097,3.1261194913291157,0.39034439886255484
0.14862972594518897,3.1250984403604263,0.3903931047210914
0.14962992598519698,3.124076855309442,0.39044175045837504
0.15063012602520498,3.1230547357612357,0.3904903359228354
0.15163032606521298,3.122032081300383,0.390538860962506
0.152630526105221,3.121008891510962,0.3905873254250233
0.153630726145229,3.119985165976554,0.3906357291576249
0.154630926185237,3.118960904280239,0.39068407200714883
0.155631126225245,3.1179361060046,0.3907323538200318
0.156631326265253,3.1169107707317183,0.3907805744423083
0.157631526305261,3.115884898043174,0.39082873371960913
0.158631726345269,3.114858487520046,0.3908768314971601
0.159631926385277,3.1138315387429123,0.39092486761978085
0.16063212642528502,3.1128040512918456,0.39097284193188364
0.16163232646529302,3.1117760247464163,0.39102075427747185
0.16263252650530102,3.110747458685691,0.39106860450013853
0.16363272654530903,3.10971835268823,0.3911163924430655
0.16463292658531703,3.1086887063320896,0.39116411794902195
0.16563312662532503,3.1076585191948176,0.39121178086036273
0.16663332666533304,3.1066277908534556,0.3912593810190281
0.16763352670534104,3.1055965208845393,0.3913069182665402
0.16863372674534904,3.104564708864093,0.39135439244400466
0.16963392678535705,3.1035323543676347,0.3914018033921067
0.17063412682536505,3.10249945697017,0.3914491509511115
0.17163432686537305,3.1014660162461962,0.3914964349608619
0.17263452690538106,3.100432031769698,0.39154365526077733
0.17363472694538906,3.0993975031141496,0.3915908116898527
0.17463492698539707,3.0983624298525116,0.39163790408665655
0.17563512702540507,3.097326811557232,0.3916849322893298
0.17663532706541307,3.096290647800244,0.39173189613558507
0.17763552710542108,3.095253938152968,0.3917787954627041
0.17863572714542908,3.094216682186307,0.39182563010753757
0.17963592718543708,3.093178879470649,0.3918723999065031
0.1806361272254451,3.0921405295758664,0.3919191046955835
0.1816363272654531,3.0911016320713123,0.39196574431032616
0.1826365273054611,3.0900621865258233,0.3920123185858413
0.1836367273454691,3.089022192507717,0.39205882735680003
0.1846369273854771,3.0879816495847905,0.3921052704574341
0.1856371274254851,3.086940557324322,0.39215164772153355
0.1866373274654931,3.0858989152930683,0.3921979589824458
0.1876375275055011,3.0848567230572654,0.3922442040730736
0.18863772754550912,3.083813980182626,0.3922903828258742
0.18963792758551712,3.082770686234341,0.39233649507285734
0.19063812762552512,3.0817268407770775,0.3923825406455847
0.19163832766553313,3.0806824433749775,0.3924285193751677
0.19263852770554113,3.079637493591659,0.39247443109226604
0.19363872774554913,3.0785919909902137,0.39252027562708686
0.19463892778555714,3.0775459351332075,0.39256605280938234
0.19563912782556514,3.0764993255826796,0.392611762468449
0.19663932786557314,3.07545216190014,0.3926574044331259
0.19763952790558115,3.0744044436465714,0.3927029785317933
0.19863972794558915,3.0733561703824273,0.39274848459237105
0.19963992798559715,3.072307341667631,0.39279392244231714
0.20064012802560516,3.0712579570615754,0.39283929190862615
0.20164032806561316,3.070208016123122,0.3928845928178277
0.20264052810562116,3.069157518410601,0.3929298249959854
0.20364072814562917,3.0681064634818087,0.39297498826869437
0.20464092818563717,3.0670548508940096,0.3930200824610806
0.20564112822564518,3.0660026802039337,0.393065107397799
0.20664132826565318,3.0649499509677756,0.393110062903032
0.20764152830566118,3.0638966627411954,0.393154948800488
0.2086417283456692,3.0628428150793163,0.3931997649133998
0.2096419283856772,3.0617884075367248,0.39324451106452313
0.2106421284256852,3.0607334396674704,0.3932891870761346
0.2116423284656932,3.059677911025063,0.39333379277003105
0.2126425285057012,3.0586218211624763,0.39337832796752725
0.2136427285457092,3.0575651696321415,0.3934227924894544
0.2146429285857172,3.056507955985951,0.39346718615615894
0.2156431286257252,3.055450179775256,0.39351150878750046
0.21664332866573321,3.054391840550865,0.3935557602028505
0.21764352870574122,3.053332937863045,0.3935999402210907
0.21864372874574922,3.05227347126152,0.39364404866061115
0.21964392878575723,3.0512134402954696,0.39368808533930894
0.22064412882576523,3.050152844513529,0.3937320500745867
0.22164432886577323,3.049091683463788,0.3937759426833508
0.22264452890578124,3.0480299566937914,0.39381976298200916
0.22364472894578924,3.0469676637505354,0.3938635107864708
0.22464492898579724,3.045904804180471,0.393907185912143
0.22564512902580525,3.044841377529499,0.3939507881739306
0.22664532906581325,3.0437773833429733,0.39399431738623375
0.22764552910582125,3.042712821165697,0.39403777336294604
0.22864572914582926,3.0416476905419243,0.39408115591745335
0.22964592918583726,3.040581991015357,0.3941244648626326
0.23064612922584526,3.039515722129146,0.39416770001084894
0.23164632926585327,3.0384488834258905,0.39421086117395443
0.23264652930586127,3.0373814744476357,0.3942539481632869
0.23364672934586928,3.0363134947358734,0.39429696078966775
0.23464692938587728,3.035244943831541,0.3943398988634
0.23564712942588528,3.0341758212750207,0.3943827621942673
0.23664732946589329,3.033106126606139,0.39442555059153184
0.2376475295059013,3.032035859364166,0.39446826386393213
0.2386477295459093,3.030965019087814,0.39451090181968207
0.2396479295859173,3.029893605315238,0.39455346426646903
0.2406481296259253,3.0288216175840335,0.39459595101145123
0.2416483296659333,3.0277490554312374,0.3946383618612574
0.2426485297059413,3.0266759183933263,0.39468069662198396
0.2436487297459493,3.0256022060062158,0.3947229550991935
0.24464892978595731,3.0245279178052598,0.394765137097913
0.24564912982596532,3.023453053325251,0.3948072424226323
0.24664932986597332,3.0223776121004176,0.39484927087730215
0.24764952990598132,3.0213015936644254,0.3948912222653323
0.24864972994598933,3.0202249975503754,0.3949330963895896
0.24964992998599733,3.019147823290804,0.39497489305239675
0.25065013002600534,3.018070070417681,0.39501661205552924
0.25165033006601334,3.0169917384624103,0.39505825320021526
0.25265053010602134,3.015912826955829,0.39509981628713264
0.25365073014602935,3.014833335428205,0.3951413011164071
0.25465093018603735,3.013753263409239,0.39518270748761103
0.25565113022604535,3.0126726104280626,0.3952240351997606
0.25665133026605336,3.0115913760132353,0.3952652840513151
0.25765153030606136,3.010509559692748,0.3953064538401743
0.25865173034606936,3.0094271609940195,0.39534754436367664
0.25965193038607737,3.008344179443896,0.39538855541859746
0.26065213042608537,3.007260614568652,0.39542948680114687
0.2616523304660934,3.006176465893987,0.39547033830696876
0.2626525305061014,3.0050917329450275,0.3955111097311376
0.2636527305461094,3.0040064152463244,0.3955518008681573
0.2646529305861174,3.0029205123218525,0.395592411511959
0.2656531306261254,3.0018340236950114,0.39563294145589956
0.2666533306661334,3.0007469488886227,0.39567339049275874
0.2676535307061414,2.9996592874249304,0.3957137584147381
0.2686537307461494,2.9985710388255997,0.3957540450134589
0.2696539307861574,2.9974822026117183,0.3957942500799597
0.2706541308261654,2.9963927783037914,0.39583437340469485
0.2716543308661734,2.9953027654217452,0.3958744147775323
0.2726545309061814,2.9942121634849244,0.3959143739877516
0.2736547309461894,2.9931209720120915,0.3959542508240418
0.2746549309861974,2.9920291905214262,0.3959940450744999
0.2756551310262054,2.9909368185305243,0.3960337565266285
0.27665533106621343,2.9898438555563986,0.39607338496733324
0.27765553110622143,2.9887503011154757,0.3961129301829224
0.27865573114622944,2.987656154723598,0.3961523919591026
0.27965593118623744,2.9865614158960203,0.3961917700809787
0.28065613122624544,2.9854660841474114,0.3962310643330509
0.28165633126625345,2.984370158991852,0.3962702744992126
0.28265653130626145,2.983273639942834,0.3963094003627486
0.28365673134626945,2.982176526513262,0.39634844170633277
0.28465693138627746,2.981078818215448,0.39638739831202663
0.28565713142628546,2.9799805145611153,0.3964262699612764
0.28665733146629346,2.9788816150613964,0.39646505643491103
0.28765753150630147,2.97778211922683,0.39650375751314076
0.28865773154630947,2.976682026567365,0.3965423729755542
0.2896579315863175,2.975581336592354,0.3965809026011168
0.2906581316263255,2.974480048810557,0.3966193461681682
0.2916583316663335,2.97337816273014,0.39665770345442064
0.2926585317063415,2.9722756778586716,0.39669597423695646
0.2936587317463495,2.971172593703127,0.39673415829222564
0.2946589317863575,2.970068909769881,0.39677225539604455
0.2956591318263655,2.9689646255647144,0.39681026532359265
0.2966593318663735,2.967859740592808,0.39684818784941117
0.2976595319063815,2.9667542543587437,0.39688602274740054
0.2986597319463895,2.965648166366504,0.39692376979081817
0.2996599319863975,2.9645414761194715,0.3969614287522764
0.30066013202640507,2.9634341831204267,0.3969989994037401
0.3016603320664131,2.96232628687155,0.39703648151652454
0.3026605321064211,2.9612177868744176,0.3970738748612932
0.3036607321464291,2.960108682630003,0.39711117920805544
0.3046609321864371,2.9589989736386775,0.39714839432616406
0.3056611322264451,2.957888659400206,0.3971855199843133
0.3066613322664531,2.956777739413749,0.3972225559505363
0.3076615323064611,2.9556662131778615,0.3972595019922033
0.3086617323464691,2.9545540801904906,0.39729635787601897
0.3096619323864771,2.953441339948977,0.39733312336802007
0.3106621324264851,2.9523279919500536,0.3973697982335731
0.3116623324664931,2.9512140356898446,0.3974063822373723
0.3126625325065011,2.950099470663864,0.3974428751434369
0.3136627325465091,2.948984296367017,0.39747927671510913
0.3146629325865171,2.947868512293596,0.39751558671505194
0.3156631326265251,2.9467521179372853,0.3975518049052457
0.3166633326665331,2.9456351127911535,0.3975879310469875
0.31766353270654113,2.944517496347659,0.3976239649008869
0.31866373274654913,2.9433992680986445,0.3976599062268652
0.31966393278655714,2.9422804275353407,0.39769575478415187
0.32066413282656514,2.9411609741483624,0.3977315103312824
0.32166433286657314,2.9400409074277083,0.3977671726260964
0.32266453290658115,2.9389202268627614,0.3978027414257346
0.32366473294658915,2.937798931942288,0.39783821648663675
0.32466493298659715,2.936677022154437,0.3978735975645387
0.32566513302660516,2.9355544969867378,0.3979088844144706
0.32666533306661316,2.934431355926102,0.39794407679075405
0.32766553310662117,2.9333075984588204,0.3979791744469995
0.32866573314662917,2.932183224070565,0.39801417713610393
0.3296659331866372,2.931058232246385,0.3980490846102484
0.3306661332266452,2.9299326224707096,0.39808389662089533
0.3316663332666532,2.928806394227344,0.39811861291878636
0.3326665333066612,2.9276795469994714,0.39815323325393914
0.3336667333466692,2.9265520802696514,0.39818775737564566
0.3346669333866772,2.9254239935198183,0.3982221850324691
0.3356671334266852,2.924295286231282,0.39825651597224127
0.3366673334666932,2.9231659578847267,0.39829074994206004
0.3376675335067012,2.9220360079602097,0.3983248866882874
0.3386677335467092,2.920905435937161,0.398358925956546
0.3396679335867172,2.919774241294383,0.398392867491717
0.3406681336267252,2.9186424235100508,0.39842671103793725
0.3416683336667332,2.9175099820617088,0.3984604563385966
0.3426685337067412,2.9163769164262723,0.3984941031363357
0.3436687337467492,2.9152432260800265,0.398527651173043
0.3446689337867572,2.914108910498625,0.3985611001898519
0.34566913382676523,2.9129739691570897,0.39859444992713877
0.34666933386677323,2.9118384015298098,0.39862770012451937
0.34766953390678124,2.9107022070905417,0.3986608505208468
0.34866973394678924,2.909565385312408,0.39869390085420886
0.34966993398679724,2.908427935667897,0.3987268508619242
0.35067013402680525,2.9072898576288617,0.39875970028054153
0.35167033406681325,2.90615115066652,0.39879244884583487
0.35267053410682125,2.9050118142514525,0.39882509629280255
0.35367073414682926,2.903871847853603,0.398857642355663
0.35467093418683726,2.902731250942278,0.39889008676785287
0.35567113422684526,2.9015900229861447,0.39892242926202376
0.35667133426685327,2.9004481634532326,0.39895466957004
0.35767153430686127,2.8993056718109314,0.3989868074229751
0.3586717343468693,2.8981625475259887,0.3990188425511096
0.3596719343868773,2.897018790064514,0.39905077468392763
0.3606721344268853,2.8958743988919724,0.39908260355011466
0.3616723344668933,2.8947293734731883,0.39911432887755416
0.3626725345069013,2.893583713272343,0.3991459503933249
0.3636727345469093,2.8924374177529746,0.399177467823698
0.3646729345869173,2.8912904863779763,0.39920888089413464
0.3656731346269253,2.8901429186095973,0.399240189329282
0.3666733346669333,2.88899471390944,0.39927139285297164
0.3676735347069413,2.8878458717384623,0.3993024911882151
0.3686737347469493,2.8866963915569746,0.3993334840572024
0.3696739347869573,2.88554627282464,0.39936437118129825
0.3706741348269653,2.8843955150004743,0.3993951522810388
0.3716743348669733,2.883244117542844,0.39942582707613017
0.3726745349069813,2.882092079909466,0.3994563952854437
0.37367473494698933,2.880939401557408,0.3994868566270138
0.37467493498699733,2.8797860819430876,0.39951721081803465
0.37567513502700534,2.8786321205222705,0.3995474575748576
0.37667533506701334,2.8774775167500706,0.3995775966129879
0.37767553510702134,2.8763222700809505,0.39960762764708135
0.37867573514702935,2.8751663799687193,0.39963755039094145
0.37967593518703735,2.8740098458665315,0.39966736455751667
0.38067613522704535,2.8728526672268893,0.3996970698588966
0.38167633526705336,2.8716948435016385,0.3997266660063096
0.38267653530706136,2.8705363741419707,0.39975615271011905
0.38367673534706936,2.8693772585984205,0.3997855296798207
0.38467693538707737,2.8682174963208666,0.39981479662403946
0.38567713542708537,2.86705708675853,0.3998439532505258
0.3866773354670934,2.8658960293599742,0.3998729992661532
0.3876775355071014,2.8647343235731046,0.3999019343769141
0.3886777355471094,2.8635719688451666,0.39993075828791785
0.3896779355871174,2.862408964622747,0.39995947070338644
0.3906781356271254,2.861245310351771,0.39998807132665204
0.3916783356671334,2.860081005477505,0.4000165598601532
0.3926785357071414,2.8589160494445527,0.4000449360054321
0.3936787357471494,2.8577504416968558,0.40007319946313064
0.3946789357871574,2.856584181677694,0.4001013499329877
0.3956791358271654,2.855417268829683,0.4001293871138357
0.3966793358671734,2.8542497025947755,0.4001573107035972
0.3976795359071814,2.85308148241426,0.4001851203992815
0.3986797359471894,2.8519126077287598,0.4002128158969814
0.3996799359871974,2.8507430779782323,0.4002403968918701
0.4006801360272054,2.84957289260197,0.40026786307819745
0.40168033606721343,2.8484020510385974,0.40029521414928687
0.40268053610722143,2.8472305527260735,0.4003224497975314
0.40368073614722944,2.8460583971016877,0.400349569714391
0.40468093618723744,2.844885583602063,0.40037657359038853
0.40568113622724544,2.8437121116631516,0.40040346111510666
0.40668133626725345,2.8425379807202376,0.4004302319771847
0.40768153630726145,2.8413631902079346,0.4004568858643142
0.40868173634726945,2.840187739560186,0.4004834224632362
0.40968193638727746,2.8390116282102644,0.4005098414597375
0.41068213642728546,2.8378348555907698,0.4005361425386471
0.41168233646729346,2.836657421133631,0.4005623253838331
0.41268253650730147,2.835479324270103,0.40058838967819843
0.41368273654730947,2.8343005644307695,0.40061433510367767
0.4146829365873175,2.833121141045538,0.40064016134123365
0.4156831366273255,2.831941053543644,0.4006658680708534
0.4166833366673335,2.8307603013536458,0.4006914549715452
0.4176835367073415,2.829578883903428,0.40071692172133416
0.4186837367473495,2.8283968006201987,0.40074226799725904
0.4196839367873575,2.8272140509304897,0.4007674934753685
0.4206841368273655,2.8260306342601558,0.4007925978307177
0.4216843368673735,2.8248465500343745,0.4008175807373638
0.4226845369073815,2.8236617976776452,0.4008424418683634
0.4236847369473895,2.8224763766137886,0.4008671808957682
0.4246849369873975,2.8212902862659464,0.40089179749062076
0.4256851370274055,2.820103526056582,0.4009162913229514
0.4266853370674135,2.8189160954074763,0.40094066206177487
0.4276855371074215,2.817727993739732,0.40096490937508567
0.4286857371474295,2.8165392204737696,0.4009890329298543
0.4296859371874375,2.8153497750293286,0.4010130323920241
0.43068613722744553,2.8141596568254665,0.4010369074265067
0.43168633726745353,2.812968865280558,0.4010606576971789
0.43268653730746154,2.8117773998122955,0.401084282866878
0.43368673734746954,2.8105852598376875,0.4011077825973983
0.43468693738747755,2.809392444773058,0.40113115654948767
0.43568713742748555,2.8081989540340473,0.4011544043828427
0.43668733746749355,2.8070047870356114,0.4011775257561053
0.43768753750750156,2.805809943192019,0.40120052032685904
0.43868773754750956,2.804614421916856,0.40122338775162436
0.43968793758751756,2.8034182226230198,0.40124612768585516
0.44068813762752557,2.8022213447227213,0.4012687397839346
0.44168833766753357,2.8010237876274844,0.4012912236991714
0.4426885377075416,2.799825550748147,0.40131357908379517
0.4436887377475496,2.798626633494856,0.401335805588953
0.4446889377875576,2.797427035277073,0.4013579028647049
0.4456891378275656,2.7962267555035685,0.40137987056002006
0.4466893378675736,2.7950257935824236,0.4014017083227724
0.4476895379075816,2.793824148921031,0.40142341579973667
0.4486897379475896,2.792621820926092,0.40144499263658434
0.4496899379875976,2.791418809003618,0.4014664384778792
0.4506901380276056,2.790215112558929,0.40148775296707345
0.4516903380676136,2.789010730996654,0.4015089357465031
0.4526905381076216,2.787805663720729,0.401529986457384
0.4536907381476296,2.7865999101343992,0.40155090473980776
0.4546909381876376,2.785393469640216,0.4015716902327376
0.4556911382276456,2.784186341640038,0.4015923425740029
0.4566913382676536,2.7829785255350306,0.4016128614002967
0.4576915383076616,2.781770020725665,0.4016332463471697
0.45869173834766963,2.7805608266117186,0.40165349704902725
0.45969193838767763,2.7793509425922736,0.4016736131391242
0.46069213842768564,2.7781403680657175,0.4016935942495608
0.46169233846769364,2.7769291024297424,0.4017134400112784
0.46269253850770165,2.7757171450813445,0.4017331500540543
0.46369273854770965,2.7745044954168248,0.4017527240064986
0.46469293858771765,2.773291152831786,0.4017721614960487
0.46569313862772566,2.7720771167211353,0.40179146214896516
0.46669333866773366,2.7708623864790827,0.40181062559032754
0.46769353870774166,2.76964696149914,0.4018296514440291
0.46869373874774967,2.7684308411741227,0.40184853933277276
0.46969393878775767,2.7672140248961457,0.401867288878067
0.4706941388277657,2.7659965120566277,0.4018858997002203
0.4716943388677737,2.764778302046287,0.40190437141833724
0.4726945389077817,2.763559394255143,0.40192270365031363
0.4736947389477897,2.762339788072517,0.40194089601283156
0.4746949389877977,2.761119482887028,0.401958948121356
0.4756951390278057,2.7598984780865967,0.4019768595901285
0.4766953390678137,2.758676773058444,0.4019946300321633
0.4776955391078217,2.7574543671890877,0.40201225905924276
0.4786957391478297,2.7562312598643466,0.40202974628191235
0.4796959391878377,2.755007450469338,0.4020470913094758
0.4806961392278457,2.7537829383884764,0.40206429374999025
0.4816963392678537,2.752557723005476,0.40208135321026195
0.4826965393078617,2.751331803703348,0.4020982692958412
0.4836967393478697,2.750105179864401,0.4021150416110168
0.4846969393878777,2.748877850870242,0.40213166975881237
0.4856971394278857,2.7476498161017746,0.4021481533409806
0.48669733946789373,2.7464210749391995,0.4021644919579987
0.48769753950790173,2.745191626762013,0.4021806852090635
0.48869773954790974,2.743961470949009,0.402196732692086
0.48969793958791774,2.7427306068782773,0.4022126340036871
0.49069813962792574,2.741499033927203,0.40222838873919203
0.49169833966793375,2.740266751472468,0.4022439964926254
0.49269853970794175,2.7390337588900486,0.40225945685670655
0.49369873974794976,2.7378000555552178,0.40227476942284424
0.49469893978795776,2.736565640842542,0.4022899337811313
0.49569913982796576,2.735330514125883,0.40230494952033974
0.49669933986797377,2.7340946747783987,0.40231981622791585
0.49769953990798177,2.73285812217254,0.4023345334899746
0.4986997399479898,2.731620855680053,0.4023491008912945
0.4996999399879978,2.730382874671977,0.40236351801531267
0.5007001400280058,2.7291441785186463,0.40237778444411965
0.5017003400680138,2.727904766589689,0.4023918997584534
0.5027005401080218,2.7266646382540265,0.40240586353769503
0.5037007401480298,2.725423792879874,0.4024196753598628
0.5047009401880378,2.7241822298347405,0.40243333480160715
0.5057011402280458,2.722939948485427,0.402446841438205
0.5067013402680538,2.7216969481980287,0.40246019484355483
0.5077015403080618,2.720453228337934,0.4024733945901705
0.5087017403480698,2.719208788269824,0.40248644024917696
0.5097019403880778,2.717963627357673,0.40249933139030375
0.5107021404280858,2.716717744964747,0.40251206758187996
0.5117023404680938,2.7154711404536056,0.40252464839082874
0.5127025405081018,2.7142238131861007,0.4025370733826618
0.5137027405481098,2.712975762523377,0.40254934212147375
0.5147029405881178,2.711726987825871,0.4025614541699365
0.5157031406281258,2.7104774884533116,0.4025734090892938
0.5167033406681338,2.7092272637647214,0.4025852064393552
0.5177035407081418,2.707976313118413,0.40259684577849103
0.5187037407481498,2.7067246358719927,0.402608326663626
0.5197039407881578,2.705472231382359,0.40261964865023425
0.5207041408281659,2.7042190990057025,0.402630811292333
0.5217043408681739,2.7029652380975056,0.40264181414247713
0.5227045409081819,2.701710648012542,0.4026526567517533
0.5237047409481899,2.7004553281048804,0.4026633386697737
0.5247049409881979,2.699199277727878,0.40267385944467116
0.5257051410282059,2.697942496234187,0.4026842186230923
0.5267053410682139,2.6966849829757504,0.4026944157501921
0.5277055411082219,2.6954267373038037,0.40270445036962843
0.5287057411482294,2.694167758568875,0.40271432202355495
0.5297059411882374,2.692908046120784,0.4027240302526162
0.5307061412282454,2.691647599308644,0.402733574595941
0.5317063412682534,2.690386417480859,0.40274295459113624
0.5327065413082614,2.6891244999851267,0.40275216977428185
0.5337067413482695,2.687861846168437,0.4027612196799237
0.5347069413882775,2.6865984553770725,0.4027701038410676
0.5357071414282855,2.6853343269566086,0.4027788217891736
0.5367073414682935,2.684069460251914,0.4027873730541497
0.5377075415083015,2.6828038546071498,0.4027957571643449
0.5387077415483095,2.68153750936577,0.4028039736465439
0.5397079415883175,2.680270423870523,0.40281202202596067
0.5407081416283255,2.6790025974634486,0.40281990182623195
0.5417083416683335,2.6777340294858822,0.4028276125694108
0.5427085417083415,2.676464719278452,0.4028351537759603
0.5437087417483495,2.67519466618108,0.4028425249647477
0.5447089417883575,2.673923869532982,0.40284972565303706
0.5457091418283655,2.672652328672668,0.4028567553564836
0.5467093418683735,2.671380042937944,0.4028636135891271
0.5477095419083815,2.6701070116659085,0.4028702998633849
0.5487097419483895,2.6688332341929564,0.40287681369004624
0.5497099419883975,2.6675587098547764,0.4028831545782645
0.5507101420284055,2.666283437986354,0.4028893220355521
0.5517103420684135,2.6650074179219687,0.40289531556777236
0.5527105421084215,2.663730648995197,0.4029011346791341
0.5537107421484295,2.662453130538911,0.4029067788721838
0.5547109421884375,2.661174861885279,0.40291224764779987
0.5557111422284455,2.6598958423657666,0.4029175405051857
0.5567113422684535,2.658616071311136,0.40292265694186213
0.5577115423084615,2.657335548051446,0.40292759645366183
0.5587117423484695,2.6560542719160534,0.40293235853472137
0.5597119423884775,2.6547722422336144,0.4029369426774745
0.5607121424284855,2.6534894583320807,0.40294134837264634
0.5617123424684936,2.652205919538705,0.40294557510924534
0.5627125425085016,2.6509216251800383,0.40294962237455617
0.5637127425485096,2.6496365745819292,0.4029534896541336
0.5647129425885176,2.648350767069529,0.40295717643179474
0.5657131426285256,2.6470642019672868,0.4029606821896123
0.5667133426685336,2.6457768785989533,0.4029640064079076
0.5677135427085416,2.6444887962875794,0.40296714856524274
0.5687137427485496,2.6431999543555182,0.40297010813841433
0.5697139427885576,2.641910352124424,0.40297288460244557
0.5707141428285656,2.6406199889152537,0.4029754774305796
0.5717143428685736,2.639328864048267,0.40297788609427143
0.5727145429085816,2.638036976843026,0.4029801100631818
0.5737147429485896,2.636744326618398,0.40298214880516836
0.5747149429885976,2.6354509126925523,0.4029840017862797
0.5757151430286056,2.634156734382965,0.40298566847074696
0.5767153430686136,2.632861791006417,0.4029871483209766
0.5777155431086216,2.631566081878994,0.4029884407975434
0.5787157431486296,2.6302696063160886,0.40298954535918247
0.5797159431886376,2.6289723636324007,0.40299046146278145
0.5807161432286456,2.627674353141937,0.40299118856337357
0.5817163432686536,2.6263755741580126,0.4029917261141294
0.5827165433086616,2.6250760259932506,0.40299207356634986
0.5837167433486696,2.6237757079595845,0.4029922303694578
0.5847169433886776,2.6224746193682567,0.40299219597099056
0.5857171434286856,2.62117275952982,0.4029919698165927
0.5867173434686936,2.6198701277541394,0.4029915513500069
0.5877175435087016,2.6185667233503915,0.4029909400130673
0.5887177435487096,2.6172625456270646,0.4029901352456913
0.5897179435887177,2.615957593891961,0.40298913648587154
0.5907181436287257,2.614651867452196,0.40298794316966763
0.5917183436687337,2.6133453656142014,0.40298655473119865
0.5927185437087417,2.6120380876837217,0.40298497060263494
0.5937187437487497,2.6107300329658205,0.40298319021418944
0.5947189437887577,2.6094212007648756,0.4029812129941108
0.5957191438287657,2.608111590384585,0.4029790383686741
0.5967193438687737,2.606801201127962,0.4029766657621734
0.5977195439087817,2.6054900322973427,0.4029740945969126
0.5987197439487897,2.604178083194381,0.4029713242931984
0.5997199439887977,2.6028653531200523,0.40296835426933053
0.6007201440288057,2.6015518413746537,0.4029651839415949
0.6017203440688137,2.600237547257805,0.40296181272425396
0.6027205441088217,2.5989224700684503,0.40295824002953884
0.6037207441488297,2.597606609104857,0.40295446526764084
0.6047209441888377,2.5962899636646184,0.40295048784670295
0.6057211442288457,2.5949725330446536,0.40294630717281094
0.6067213442688537,2.59365431654121,0.40294192264998496
0.6077215443088617,2.5923353134498623,0.402937333680171
0.6087217443488697,2.5910155230655145,0.40293253966323234
0.6097219443888777,2.5896949446824014,0.4029275399969405
0.6107221444288857,2.588373577594087,0.4029223340769665
0.6117223444688937,2.5870514210934705,0.4029169212968718
0.6127225445089017,2.5857284744727815,0.40291130104810036
0.6137227445489097,2.584404737023586,0.40290547271996846
0.6147229445889177,2.5830802080367836,0.4028994356996571
0.6157231446289257,2.581754886802612,0.4028931893722016
0.6167233446689337,2.5804287726106456,0.40288673312048395
0.6177235447089418,2.5791018647497976,0.40288006632522294
0.6187237447489498,2.5777741625083213,0.40287318836496455
0.6197239447889578,2.57644566517381,0.4028660986160742
0.6207241448289658,2.5751163720332,0.4028587964527261
0.6217243448689738,2.5737862823727724,0.4028512812468951
0.6227245449089818,2.5724553954781504,0.4028435523683466
0.6237247449489898,2.571123710634304,0.40283560918462796
0.6247249449889978,2.56979122712555,0.4028274510610581
0.6257251450290058,2.568457944235555,0.40281907736071876
0.6267253450690138,2.5671238612473335,0.4028104874444452
0.6277255451090218,2.5657889774432516,0.402801680670816
0.6287257451490298,2.564453292105028,0.40279265639614426
0.6297259451890378,2.5631168045137347,0.40278341397446676
0.6307261452290458,2.5617795139497987,0.40277395275753586
0.6317263452690538,2.560441419693003,0.40276427209480875
0.6327265453090618,2.559102521022489,0.40275437133343756
0.6337267453490698,2.5577628172167572,0.4027442498182603
0.6347269453890778,2.5564223075536687,0.40273390689179045
0.6357271454290858,2.5550809913104464,0.4027233418942072
0.6367273454690938,2.5537388677636765,0.40271255416334556
0.6377275455091018,2.5523959361893116,0.4027015430346859
0.6387277455491098,2.55105219586267,0.4026903078413446
0.6397279455891178,2.5497076460584385,0.4026788479140633
0.6407281456291258,2.5483622860506725,0.40266716258119944
0.6417283456691338,2.5470161151128003,0.40265525116871553
0.6427285457091418,2.5456691325176224,0.4026431130001688
0.6437287457491498,2.544321337537314,0.4026307473967008
0.6447289457891578,2.5429727294434263,0.40261815367702797
0.6457291458291659,2.5416233075068884,0.40260533115743
0.6467293458691739,2.540273070998009,0.4025922791517402
0.6477295459091819,2.5389220191864776,0.40257899697133465
0.6487297459491899,2.5375701513413684,0.40256548392512187
0.6497299459891979,2.5362174667311383,0.4025517393195316
0.6507301460292059,2.534863964623632,0.4025377624585047
0.6517303460692139,2.5335096442860827,0.40252355264348244
0.6527305461092219,2.5321545049851126,0.40250910917339544
0.6537307461492299,2.5307985459867366,0.4024944313446529
0.6547309461892379,2.5294417665563644,0.4024795184511313
0.6557311462292459,2.5280841659588003,0.40246436978416456
0.6567313462692539,2.526725743458247,0.402448984632532
0.6577315463092619,2.5253664983183066,0.4024333622824477
0.6587317463492699,2.524006429801983,0.4024175020175494
0.6597319463892779,2.522645537171684,0.402401403118887
0.6607321464292859,2.5212838196892218,0.4023850648649121
0.6617323464692939,2.519921276615818,0.40236848653146573
0.6627325465093019,2.518557907212103,0.4023516673917678
0.6637327465493099,2.5171937107381197,0.402334606716405
0.6647329465893179,2.5158286864533244,0.40231730377332053
0.6657331466293259,2.51446283361659,0.4022997578278012
0.6667333466693339,2.513096151486207,0.40228196814246664
0.6677335467093419,2.5117286393198883,0.4022639339772574
0.6687337467493499,2.5103602963747664,0.40224565458942385
0.6697339467893579,2.508991121907402,0.4022271292335138
0.6707341468293659,2.50762111517378,0.40220835716136044
0.6717343468693739,2.506250275429318,0.40218933762207143
0.672734546909382,2.504878601928863,0.4021700698620164
0.67373474694939,2.5035060939266973,0.4021505531248151
0.674734946989398,2.5021327506765396,0.40213078665132546
0.675735147029406,2.500758571431548,0.4021107696796307
0.676735347069414,2.4993835554443216,0.40209050144502856
0.677735547109422,2.498007701966903,0.4020699811800179
0.67873574714943,2.4966310102507827,0.40204920811428696
0.679735947189438,2.495253479546899,0.4020281814747011
0.680736147229446,2.4938751091056415,0.4020069004852901
0.681736347269454,2.492495898176854,0.4019853643672356
0.682736547309462,2.4911158460098384,0.4019635723388591
0.68373674734947,2.4897349518533543,0.4019415236156087
0.684736947389478,2.4883532149556236,0.4019192174100468
0.685737147429486,2.4869706345643334,0.4018966529318377
0.686737347469494,2.4855872099266376,0.4018738293877341
0.687737547509502,2.484202940289161,0.40185074598156467
0.68873774754951,2.482817824898001,0.40182740191422106
0.689737947589518,2.48143186299873,0.4018037963836449
0.690738147629526,2.4800450538364007,0.4017799285848145
0.691738347669534,2.478657396655546,0.4017557977097325
0.692738547709542,2.4772688907001834,0.40173140294741183
0.69373874774955,2.4758795352138185,0.4017067434838628
0.694738947789558,2.474489329439447,0.4016818185020798
0.695739147829566,2.4730982726195565,0.401656627182028
0.696739347869574,2.471706363996134,0.4016311687006295
0.697739547909582,2.4703136028106627,0.40160544223175043
0.69873974794959,2.4689199883041306,0.40157944694618686
0.699739947989598,2.4675255197170305,0.40155318201165113
0.700740148029606,2.4661301962893645,0.40152664659275844
0.701740348069614,2.464734017260647,0.4014998398510126
0.702740548109622,2.463336981869907,0.401472760944793
0.7037407481496301,2.461939089355693,0.4014454090293394
0.7047409481896381,2.460540338956075,0.40141778325673905
0.7057411482296461,2.4591407299086483,0.40138988277591203
0.7067413482696541,2.457740261450537,0.40136170673259736
0.7077415483096621,2.4563389328183973,0.40133325426933825
0.7087417483496701,2.454936743248421,0.4013045245254682
0.7097419483896781,2.4535336919763386,0.40127551663709693
0.7107421484296861,2.452129778237424,0.40124622973709534
0.7117423484696941,2.4507250012664965,0.40121666295508107
0.7127425485097021,2.4493193602979253,0.40118681541740425
0.7137427485497101,2.447912854565633,0.4011566862471324
0.7147429485897181,2.4465054833030995,0.40112627456403616
0.7157431486297261,2.4450972457433653,0.40109557948457375
0.7167433486697341,2.443688141119036,0.40106460012187684
0.7177435487097421,2.4422781686622836,0.40103333558573495
0.7187437487497501,2.440867327604855,0.4010017849825807
0.7197439487897581,2.4394556171780715,0.4009699474154747
0.7207441488297661,2.4380430366128345,0.40093782198409
0.7217443488697741,2.436629585139629,0.4009054077846974
0.7227445489097821,2.4352152619885286,0.4008727039101494
0.7237447489497901,2.4338000663891983,0.40083970944986513
0.7247449489897981,2.4323839975708994,0.40080642348981455
0.7257451490298061,2.430967054762493,0.40077284511250316
0.7267453490698141,2.429549237192445,0.4007389733969561
0.7277455491098221,2.4281305440888286,0.40070480741870235
0.7287457491498301,2.4267109746793305,0.400670346249759
0.7297459491898382,2.4252905281912547,0.40063558895861506
0.7307461492298462,2.423869203851525,0.40060053461021605
0.7317463492698542,2.4224470008866925,0.4005651822659467
0.7327465493098622,2.4210239185229376,0.4005295309836161
0.7337467493498702,2.419599955986075,0.4004935798174405
0.7347469493898782,2.418175112501559,0.40045732781802745
0.7357471494298862,2.416749387294486,0.4004207740323589
0.7367473494698942,2.415322779589603,0.4003839175037749
0.7377475495099022,2.413895288611307,0.40034675727195707
0.7387477495499102,2.4124669135836543,0.400309292372912
0.7397479495899182,2.411037653730362,0.4002715218389539
0.7407481496299262,2.409607508274816,0.4002334446986882
0.7417483496699342,2.408176476440072,0.40019505997699445
0.7427485497099422,2.406744557448863,0.4001563666950092
0.7437487497499502,2.4053117505236035,0.40011736387010904
0.7447489497899582,2.4038780548863943,0.4000780505158932
0.7457491498299662,2.4024434697590284,0.40003842564216596
0.7467493498699742,2.401007994362994,0.3999984882549199
0.7477495499099822,2.3995716279194825,0.39995823735631725
0.7487497499499902,2.39813436964939,0.3999176719446738
0.7497499499899982,2.396696218773327,0.39987679101443996
0.7507501500300062,2.395257174511619,0.3998355935561837
0.7517503500700142,2.393817236084315,0.39979407855657195
0.7527505501100222,2.392376402711192,0.39975224499835343
0.7537507501500302,2.3909346736117603,0.39971009186033996
0.7547509501900382,2.3894920480052684,0.39966761811738866
0.7557511502300458,2.3880485251107095,0.3996248227403833
0.7567513502700538,2.386604104146826,0.3995817046962166
0.7577515503100618,2.3851587843321167,0.399538262947771
0.7587517503500698,2.3837125648848403,0.39949449645390045
0.7597519503900778,2.382265445023023,0.39945040416941185
0.7607521504300858,2.380817423964464,0.3994059850450461
0.7617523504700938,2.3793685009267396,0.39936123802745943
0.7627525505101018,2.3779186751272112,0.3993161620592041
0.7637527505501098,2.376467945783031,0.39927075607870977
0.7647529505901178,2.3750163121111463,0.39922501902026436
0.7657531506301258,2.373563773328307,0.3991789498139943
0.7667533506701338,2.372110328651072,0.39913254738584575
0.7677535507101418,2.370655977295813,0.3990858106575645
0.7687537507501498,2.369200718478725,0.39903873854667676
0.7697539507901578,2.3677445514158286,0.3989913299664699
0.7707541508301659,2.3662874753229772,0.39894358382597206
0.7717543508701739,2.364829489415865,0.3988954990299322
0.7727545509101819,2.3633705929100324,0.39884707447880097
0.7737547509501899,2.361910785020872,0.39879830906870956
0.7747549509901979,2.3604500649636364,0.39874920169145006
0.7757551510302059,2.3589884319534438,0.39869975123445517
0.7767553510702139,2.3575258852052854,0.3986499565807777
0.7777555511102219,2.3560624239340315,0.3985998166090699
0.7787557511502299,2.3545980473544383,0.39854933019356326
0.7797559511902379,2.3531327546811567,0.3984984962040468
0.7807561512302459,2.3516665451287357,0.39844731350584783
0.7817563512702539,2.3501994179116332,0.3983957809598093
0.7827565513102619,2.3487313722442202,0.39834389742226983
0.7837567513502699,2.34726240734079,0.3982916617450417
0.7847569513902779,2.345792522415564,0.39823907277539045
0.7857571514302859,2.344321716682699,0.39818612935601305
0.7867573514702939,2.3428499893562957,0.39813283032501595
0.7877575515103019,2.3413773396504056,0.39807917451589386
0.7887577515503099,2.3399037667790377,0.39802516075750843
0.7897579515903179,2.338429269956167,0.3979707878740652
0.7907581516303259,2.336953848395742,0.39791605468509245
0.7917583516703339,2.3354775013116913,0.3978609600054192
0.7927585517103419,2.3340002279179335,0.3978055026451523
0.7937587517503499,2.3325220274283827,0.3977496814096547
0.7947589517903579,2.3310428990569587,0.39769349509952256
0.7957591518303659,2.329562842017592,0.39763694251056314
0.7967593518703739,2.3280818555242346,0.3975800224337712
0.797759551910382,2.3265999387908676,0.3975227336553072
0.79875975195039,2.3251170910315078,0.39746507495647376
0.799759951990398,2.3236333114602172,0.3974070451136924
0.800760152030406,2.322148599291112,0.39734864289848076
0.801760352070414,2.3206629537383696,0.3972898670774292
0.802760552110422,2.3191763740162377,0.3972307164121773
0.80376075215043,2.317688859339043,0.3971711896593896
0.804760952190438,2.3162004089211994,0.39711128557073316
0.805761152230446,2.3147110219772173,0.3970510028928529
0.806761352270454,2.3132206977217113,0.39699034036734765
0.807761552310462,2.311729435369412,0.3969292967307459
0.80876175235047,2.31023723413517,0.3968678707144822
0.809761952390478,2.30874409323397,0.3968060610448723
0.810762152430486,2.307250011880936,0.3967438664430887
0.811762352470494,2.3057549892913434,0.3966812856251361
0.812762552510502,2.3042590246806274,0.3966183173018267
0.81376275255051,2.30276211726439,0.3965549601787552
0.814762952590518,2.301264266258414,0.3964912129562736
0.815763152630526,2.299765470878668,0.39642707432946644
0.816763352670534,2.2982657303413188,0.3963625429881252
0.817763552710542,2.2967650438627403,0.3962976176167227
0.81876375275055,2.295263410659523,0.3962322968943881
0.819763952790558,2.2937608299484844,0.3961665794948805
0.820764152830566,2.2922573009466785,0.3961004640865636
0.821764352870574,2.2907528228714065,0.3960339493323793
0.822764552910582,2.289247394940226,0.3959670338898219
0.82376475295059,2.287741016370962,0.39589971641091143
0.824764952990598,2.286233686381717,0.39583199554216764
0.825765153030606,2.2847254041908807,0.39576386992458334
0.826765353070614,2.2832161690171415,0.3956953381935972
0.827765553110622,2.281705980079497,0.3956263989790675
0.8287657531506301,2.2801948365972646,0.3955570509052446
0.8297659531906381,2.2786827377900916,0.39548729259074417
0.8307661532306461,2.277169682877966,0.3954171226485199
0.8317663532706541,2.275655671081229,0.3953465396858359
0.8327665533106621,2.2741407016205843,0.39527554230423856
0.8337667533506701,2.272624773717111,0.3952041290995302
0.8347669533906781,2.2711078865922723,0.3951322986617395
0.8357671534306861,2.2695900394679303,0.39506004957509455
0.8367673534706941,2.2680712315663545,0.39498738041799414
0.8377675535107021,2.2665514621102343,0.39491428976297954
0.8387677535507101,2.265030730322691,0.39484077617670604
0.8397679535907181,2.2635090354272904,0.394766838219914
0.8407681536307261,2.2619863766480517,0.39469247444740035
0.8417683536707341,2.2604627532094628,0.39461768340798936
0.8427685537107421,2.2589381643364908,0.3945424636445035
0.8437687537507501,2.2574126092545934,0.3944668136937343
0.8447689537907581,2.2558860871897326,0.39439073208641273
0.8457691538307661,2.2543585973683866,0.39431421734717925
0.8467693538707741,2.2528301390175627,0.3942372679945546
0.8477695539107821,2.2513007113648085,0.3941598825409095
0.8487697539507901,2.249770313638226,0.39408205949243424
0.8497699539907981,2.2482389450664844,0.39400379734910895
0.8507701540308061,2.2467066048788316,0.3939250946046729
0.8517703540708141,2.2451732923051093,0.39384594974659376
0.8527705541108221,2.2436390065757643,0.3937663612560367
0.8537707541508301,2.242103746921863,0.39368632760783356
0.8547709541908382,2.240567512575104,0.39360584727045184
0.8557711542308462,2.239030302767832,0.39352491870596323
0.8567713542708542,2.237492116733052,0.3934435403700119
0.8577715543108622,2.2359529537044414,0.39336171071178333
0.8587717543508702,2.234412812916365,0.393279428173972
0.8597719543908782,2.2328716936038893,0.3931966911927497
0.8607721544308862,2.231329595002795,0.39311349819773317
0.8617723544708942,2.2297865163495936,0.3930298476119518
0.8627725545109022,2.2282424568815395,0.3929457378518148
0.8637727545509102,2.2266974158366453,0.39286116732707876
0.8647729545909182,2.2251513924536974,0.3927761344408147
0.8657731546309262,2.2236043859722683,0.3926906375893751
0.8667733546709342,2.2220563956327335,0.3926046751623604
0.8677735547109422,2.2205074206762867,0.3925182455425852
0.8687737547509502,2.2189574603449524,0.3924313471060453
0.8697739547909582,2.217406513881604,0.39234397822188366
0.8707741548309662,2.2158545805299763,0.39225613725235614
0.8717743548709742,2.2143016595346845,0.3921678225527974
0.8727745549109822,2.212747750141236,0.39207903247158654
0.8737747549509902,2.2111928515960493,0.39198976535011243
0.8747749549909982,2.209636963146467,0.39190001952273895
0.8757751550310062,2.2080800840407746,0.39180979331677007
0.8767753550710142,2.206522213528215,0.39171908505241454
0.8777755551110222,2.2049633508590056,0.3916278930427507
0.8787757551510302,2.203403495284353,0.3915362155936908
0.8797759551910382,2.2018426460564715,0.39144405100394525
0.8807761552310462,2.2002808024285994,0.3913513975649866
0.8817763552710542,2.1987179636550156,0.3912582535610132
0.8827765553110622,2.1971541289910554,0.3911646172689135
0.8837767553510703,2.1955892976931306,0.3910704869582287
0.8847769553910783,2.194023469018743,0.3909758608911163
0.8857771554310863,2.1924566422265057,0.39088073732231315
0.8867773554710943,2.1908888165761566,0.3907851144990985
0.8877775555111023,2.1893199913285804,0.3906889906612558
0.8887777555511103,2.1877501657458223,0.3905923640410362
0.8897779555911183,2.1861793390911095,0.39049523286311993
0.8907781556311263,2.1846075106288674,0.3903975953445782
0.8917783556711343,2.1830346796247384,0.39029944969483565
0.8927785557111423,2.1814608453456006,0.3902007941156315
0.8937787557511503,2.1798860070595856,0.3901016268009809
0.8947789557911583,2.1783101640360987,0.39000194593713594
0.8957791558311663,2.176733315545837,0.38990174970254654
0.8967793558711743,2.175155460860808,0.3898010362678218
0.8977795559111823,2.17357659925435,0.3896998037956893
0.8987797559511903,2.1719967300011507,0.3895980504409564
0.8997799559911983,2.170415852377268,0.3894957743504695
0.9007801560312063,2.1688339656601476,0.38939297366307424
0.9017803560712143,2.167251069128645,0.38928964650957515
0.9027805561112223,2.1656671620630443,0.3891857910126948
0.9037807561512303,2.1640822437450797,0.38908140528703267
0.9047809561912383,2.162496313457955,0.38897648743902447
0.9057811562312463,2.160909370486364,0.3888710355669009
0.9067813562712543,2.159321414116512,0.38876504776064524
0.9077815563112623,2.1577324436361365,0.3886585221019527
0.9087817563512703,2.1561424583345286,0.3885514566641872
0.9097819563912783,2.154551457502553,0.3884438495123401
0.9107821564312863,2.152959440432672,0.38833569870298706
0.9117823564712944,2.151366406418965,0.38822700228424567
0.9127825565113024,2.1497723547571512,0.388117758295732
0.9137827565513104,2.1481772847446114,0.3880079647685175
0.9147829565913184,2.14658119568041,0.3878976197250862
0.9157831566313264,2.1449840868653185,0.3877867211792898
0.9167833566713344,2.143385957601837,0.3876752671363049
0.9177835567113424,2.1417868071942165,0.3875632555925877
0.9187837567513504,2.140186634948485,0.3874506845358302
0.9197839567913584,2.138585440172466,0.3873375519449153
0.9207841568313664,2.136983222175806,0.387223855789872
0.9217843568713744,2.135379980269995,0.38710959403183026
0.9227845569113824,2.1337757137683924,0.3869947646229745
0.9237847569513904,2.13217042198625,0.38687936550649943
0.9247849569913984,2.130564104240736,0.38676339461656284
0.9257851570314064,2.1289567598509604,0.38664684987824
0.9267853570714144,2.1273483881379986,0.3865297292074771
0.9277855571114224,2.1257389884249154,0.38641203051104434
0.9287857571514304,2.1241285600367927,0.38629375168648855
0.9297859571914384,2.1225171023007516,0.3861748906220866
0.9307861572314464,2.1209046145459802,0.3860554451967973
0.9317863572714544,2.119291096103758,0.3859354132802136
0.9327865573114624,2.117676546307481,0.38581479273251507
0.9337867573514704,2.1160609644926898,0.3856935814044188
0.9347869573914784,2.114444349997094,0.38557177713713103
0.9357871574314864,2.1128267021606004,0.3854493777622987
0.9367873574714944,2.111208020325338,0.3853263811019593
0.9377875575115024,2.1095883038356846,0.38520278496849225
0.9387877575515104,2.107967552038297,0.3850785871645686
0.9397879575915185,2.1063457642821355,0.3849537854831014
0.9407881576315265,2.104722939918492,0.38482837770719514
0.9417883576715345,2.1030990783010184,0.3847023616100954
0.9427885577115425,2.1014741787857543,0.38457573495513747
0.9437887577515505,2.0998482407311556,0.38444849549569576
0.9447889577915585,2.0982212634981234,0.38432064097513186
0.9457891578315665,2.096593246450032,0.38419216912674325
0.9467893578715745,2.094964188952757,0.3840630776737112
0.9477895579115825,2.0933340903747073,0.38393336432904795
0.9487897579515905,2.091702950086852,0.3838030267955447
0.9497899579915985,2.0900707674627514,0.3836720627657184
0.9507901580316065,2.088437541878587,0.3835404699217583
0.9517903580716145,2.086803272713191,0.38340824593547285
0.9527905581116225,2.0851679593480776,0.38327538846823556
0.9537907581516305,2.0835316011674734,0.3831418951709313
0.9547909581916385,2.081894197558348,0.3830077636839013
0.9557911582316465,2.0802557479104467,0.38287299163688904
0.9567913582716545,2.078616251616319,0.3827375766489846
0.9577915583116625,2.0769757080713545,0.38260151632856954
0.9587917583516705,2.075334116673811,0.3824648082732615
0.9597919583916785,2.07369147682485,0.382327450069858
0.9607921584316865,2.0720477879285673,0.38218943929428006
0.9617923584716945,2.0704030493920254,0.3820507735115156
0.9627925585117025,2.068757260625289,0.3819114502755627
0.9637927585517105,2.0671104210414573,0.3817714671293721
0.9647929585917185,2.065462530056696,0.3816308216047896
0.9657931586317265,2.063813587090273,0.38148951122249913
0.9667933586717345,2.062163591564593,0.38134753349196265
0.9677935587117426,2.0605125429052307,0.3812048859113629
0.9687937587517506,2.058860440540966,0.3810615659675448
0.9697939587917586,2.0572072839038196,0.3809175711359554
0.9707941588317666,2.0555530724290887,0.3807728988805845
0.9717943588717746,2.0538978055553807,0.3806275466539049
0.9727945589117826,2.052241482724651,0.3804815118968126
0.9737947589517906,2.0505841033822394,0.3803347920385652
0.9747949589917986,2.0489256669769045,0.3801873844967221
0.9757951590318066,2.0472661729608643,0.38003928667708264
0.9767953590718146,2.0456056207898294,0.37989049597362456
0.9777955591118226,2.043944009923043,0.3797410097684424
0.9787957591518306,2.0422813398233175,0.3795908254316849
0.9797959591918386,2.040617609957074,0.37943994032149214
0.9807961592318466,2.0389528197943783,0.3792883517839332
0.9817963592718546,2.0372869688089827,0.3791360571529425
0.9827965593118626,2.0356200564783626,0.3789830537502561
0.9837967593518702,2.0339520822837573,0.3788293388853474
0.9847969593918782,2.0322830457102077,0.37867490985536345
0.9857971594318862,2.0306129462466,0.37851976394505915
0.9867973594718942,2.0289417833857017,0.37836389842673307
0.9877975595119022,2.027269556624207,0.3782073105601614
0.9887977595519102,2.0255962654627737,0.37804999759253216
0.9897979595919182,2.023921909406066,0.3778919567583793
0.9907981596319262,2.0222464879627973,0.37773318527951544
0.9917983596719342,2.020570000645771,0.3775736803649657
0.9927985597119422,2.018892446971924,0.37741343921089976
0.9937987597519502,2.0172138264623674,0.3772524590005643
0.9947989597919582,2.015534138642433,0.37709073690421463
0.9957991598319662,2.0138533830417122,0.37692827007904683
0.9967993598719742,2.0121715591941047,0.3767650556691283
0.9977995599119822,2.01048866663786,0.3766010908053285
0.9987997599519902,2.0088047049156224,0.3764363726052496
0.9997999599919982,2.0071196735744743,0.3762708981731567
1.0008001600320062,2.0054335721659853,0.37610466459990655
1.0018003600720142,2.003746400246255,0.37593766896287717
1.0028005601120222,2.002058157375959,0.3757699083258969
1.0038007601520302,2.0003688431203974,0.3756013797391724
1.0048009601920382,1.998678457049539,0.3754320802392169
1.0058011602320462,1.9969869987380715,0.37526200684877753
1.0068013602720542,1.9952944677654456,0.37509115657676256
1.0078015603120623,1.9936008637159262,0.3749195264181684
1.0088017603520703,1.9919061861786382,0.3747471133540056
1.0098019603920783,1.990210434747618,0.3745739143512252
1.0108021604320863,1.9885136090218596,0.374399926362644
1.0118023604720943,1.9868157086053668,0.37422514632686976
1.0128025605121023,1.9851167331072017,0.3740495711682258
1.0138027605521103,1.9834166821415358,0.37387319779667555
1.0148029605921183,1.9817155553277006,0.3736960231077463
1.0158031606321263,1.9800133522902388,0.37351804398245253
1.0168033606721343,1.9783100726589558,0.37333925728721923
1.0178035607121423,1.9766057160689725,0.373159659873804
1.0188037607521503,1.9749002821607773,0.3729792485792199
1.0198039607921583,1.9731937705802784,0.3727980202256568
1.0208041608321663,1.9714861809788586,0.37261597162040233
1.0218043608721743,1.9697775130134287,0.37243309955576365
1.0228045609121823,1.9680677663464807,0.37224940080898716
1.0238047609521903,1.9663569406461443,0.3720648721421788
1.0248049609921983,1.9646450355862404,0.3718795103022235
1.0258051610322063,1.9629320508463377,0.37169331202070427
1.0268053610722143,1.9612179861118089,0.371506274013821
1.0278055611122223,1.9595028410738866,0.3713183929823087
1.0288057611522303,1.957786615429721,0.37112966561135496
1.0298059611922383,1.9560693088824364,0.3709400885705177
1.0308061612322463,1.9543509211411905,0.37074965851364183
1.0318063612722543,1.9526314519212318,0.3705583720787755
1.0328065613122623,1.9509109009439594,0.37036622588808643
1.0338067613522703,1.9491892679369809,0.3701732165477769
1.0348069613922783,1.9474665526341746,0.36997934064799926
1.0358071614322863,1.9457427547757478,0.3697845947627703
1.0368073614722944,1.9440178741082987,0.3695889754498853
1.0378075615123024,1.9422919103848777,0.36939247925083163
1.0388077615523104,1.940564863365049,0.3691951026907019
1.0398079615923184,1.938836732814953,0.3689968422781071
1.0408081616323264,1.93710751850737,0.368797694505088
1.0418083616723344,1.935377220221783,0.36859765584702736
1.0428085617123424,1.9336458377444412,0.36839672276256147
1.0438087617523504,1.9319133708684257,0.36819489169349
1.0448089617923584,1.9301798193937132,0.36799215906468735
1.0458091618323664,1.9284451831272424,0.36778852128401174
1.0468093618723744,1.9267094618829805,0.3675839747422146
1.0478095619123824,1.9249726554819886,0.36737851581284986
1.0488097619523904,1.9232347637524896,0.3671721408521817
1.0498099619923984,1.921495786529936,0.36696484619909253
1.0508101620324064,1.9197557236570784,0.36675662817499044
1.0518103620724144,1.9180145749840332,0.36654748308371626
1.0528105621124224,1.9162723403683537,0.36633740721144936
1.0538107621524304,1.914529019675099,0.3661263968266138
1.0548109621924384,1.9127846127769048,0.3659144481797836
1.0558111622324464,1.9110391195540546,0.36570155750358774
1.0568113622724544,1.909292539894551,0.36548772101261434
1.0578115623124624,1.9075448736941898,0.3652729349033139
1.0588117623524704,1.9057961208566299,0.36505719535390385
1.0598119623924784,1.9040462812934695,0.3648404985242701
1.0608121624324864,1.9022953549243191,0.3646228405558697
1.0618123624724944,1.9005433416768769,0.3644042175716328
1.0628125625125024,1.8987902414870024,0.36418462567586407
1.0638127625525104,1.8970360542987947,0.3639640609541423
1.0648129625925185,1.8952807800646678,0.36374251947322167
1.0658131626325265,1.8935244187454274,0.3635199972809311
1.0668133626725345,1.8917669703103503,0.3632964904060729
1.0678135627125425,1.8900084347372617,0.3630719948583219
1.0688137627525505,1.8882488120126144,0.362846506628123
1.0698139627925585,1.8864881021315694,0.3626200216865894
1.0708141628325665,1.884726305098075,0.3623925359853986
1.0718143628725745,1.8829634209249493,0.36216404545668973
1.0728145629125825,1.8811994496339615,0.3619345460129585
1.0738147629525905,1.8794343912559135,0.3617040335469536
1.0748149629925985,1.877668245830725,0.36147250393157043
1.0758151630326065,1.875901013407515,0.3612399530197465
1.0768153630726145,1.8741326940446879,0.3610063766443537
1.0778155631126225,1.872363287810018,0.3607717706180928
1.0788157631526305,1.870592794780736,0.3605361307333852
1.0798159631926385,1.8688212150436143,0.36029945276226527
1.0808161632326465,1.867048548695056,0.36006173245627193
1.0818163632726545,1.865274795841182,0.3598229655463392
1.0828165633126625,1.8634999565979191,0.3595831477426866
1.0838167633526705,1.8617240310910914,0.35934227473470953
1.0848169633926785,1.8599470194565086,0.3591003421908678
1.0858171634326865,1.8581689218400577,0.3588573457585747
1.0868173634726945,1.8563897383977948,0.3586132810640852
1.0878175635127025,1.854609469296037,0.35836814371238285
1.0888177635527105,1.8528281147114571,0.358121929287067
1.0898179635927185,1.8510456748311757,0.35787463335023995
1.0908181636327265,1.8492621498528565,0.3576262514423919
1.0918183636727345,1.8474775399848025,0.35737677908228616
1.0928185637127426,1.8456918454460516,0.3571262117668441
1.0938187637527506,1.8439050664664742,0.3568745449710295
1.0948189637927586,1.8421172032868705,0.3566217741477315
1.0958191638327666,1.8403282561590697,0.3563678947276476
1.0968193638727746,1.8385382253460292,0.3561129021191666
1.0978195639127826,1.836747111121935,0.35585679170824935
1.0988197639527906,1.8349549137723022,0.355599558858311
1.0998199639927986,1.8331616335940788,0.3553411989101006
1.1008201640328066,1.8313672708957462,0.3550817071815815
1.1018203640728146,1.8295718259974239,0.354821078967811
1.1028205641128226,1.8277752992309744,0.3545593095408186
1.1038207641528306,1.8259776909401082,0.3542963941494846
1.1048209641928386,1.824179001480489,0.3540323280194175
1.1058211642328466,1.8223792312198426,0.3537671063528313
1.1068213642728546,1.8205783805380633,0.3535007243284215
1.1078215643128626,1.818776449827323,0.3532331771012414
1.1088217643528706,1.8169734394921815,0.3529644598025768
1.1098219643928786,1.8151693499496973,0.3526945675398208
1.1108221644328866,1.8133641816295374,0.35242349539634826
1.1118223644728946,1.811557934974092,0.3521512384313886
1.1128225645129026,1.8097506104385859,0.35187779167989885
1.1138227645529106,1.807942208491194,0.3516031501524359
1.1148229645929186,1.8061327296131557,0.3513273088350279
1.1158231646329266,1.804322174298892,0.3510502626890457
1.1168233646729346,1.8025105430561212,0.3507720066510727
1.1178235647129426,1.8006978364059782,0.35049253563277516
1.1188237647529506,1.7988840548831326,0.3502118445207707
1.1198239647929586,1.7970691990359093,0.34992992817649765
1.1208241648329667,1.7952532694264092,0.34964678143608213
1.1218243648729747,1.7934362666306307,0.3493623991102062
1.1228245649129827,1.7916181912385936,0.34907677598397424
1.1238247649529907,1.7897990438544615,0.348789906816779
1.1248249649929987,1.7879788250966686,0.34850178634216716
1.1258251650330067,1.786157535598044,0.3482124092677042
1.1268253650730147,1.7843351760059398,0.34792177027483884
1.1278255651130227,1.7825117469823581,0.3476298640187666
1.1288257651530307,1.7806872492040808,0.34733668512829274
1.1298259651930387,1.7788616833627997,0.34704222820569497
1.1308261652330467,1.7770350501652472,0.34674648782658496
1.1318263652730547,1.775207350333328,0.34644945853976994
1.1328265653130627,1.7733785846042542,0.3461511348671127
1.1338267653530707,1.7715487537306778,0.3458515113033924
1.1348269653930787,1.7697178584808269,0.3455505823161634
1.1358271654330867,1.767885899638642,0.3452483423456138
1.1368273654730947,1.7660528780039142,0.34494478580442445
1.1378275655131027,1.7642187943924235,0.34463990707762554
1.1388277655531107,1.7623836496360785,0.3443337005224542
1.1398279655931187,1.7605474445830582,0.34402616046821033
1.1408281656331267,1.758710180097953,0.34371728121611295
1.1418283656731347,1.756871857061909,0.3434070570391545
1.1428285657131427,1.7550324763727725,0.3430954821819558
1.1438287657531507,1.7531920389452345,0.34278255086062
1.1448289657931587,1.7513505457109781,0.34246825726258573
1.1458291658331667,1.749507997618828,0.34215259554647953
1.1468293658731747,1.7476643956348965,0.34183555984196823
1.1478295659131827,1.7458197407427372,0.34151714424961027
1.1488297659531908,1.7439740339434942,0.34119734284070663
1.1498299659931988,1.742127276256056,0.3408761496571508
1.1508301660332068,1.7402794687172096,0.340553558711279
1.1518303660732148,1.7384306123817956,0.34022956398571846
1.1528305661132228,1.7365807083228642,0.33990415943323665
1.1538307661532308,1.734729757631834,0.3395773389765884
1.1548309661932388,1.7328777614186497,0.3392490965083638
1.1558311662332468,1.7310247208119445,0.3389194258908348
1.1568313662732548,1.7291706369591993,0.33858832095580055
1.1578315663132628,1.7273155110269076,0.33825577550443375
1.1588317663532708,1.725459344200738,0.33792178330712525
1.1598319663932788,1.7236021376857016,0.33758633810332805
1.1608321664332868,1.7217438927063173,0.3372494336014017
1.1618323664732948,1.7198846105067809,0.3369110634784549
1.1628325665133028,1.718024292351134,0.33657122138018825
1.1638327665533108,1.7161629395234352,0.33622990092073646
1.1648329665933188,1.7143005533279327,0.33588709568250924
1.1658331666333268,1.7124371350892371,0.3355427992160329
1.1668333666733348,1.7105726861524972,0.33519700503978994
1.1678335667133428,1.7087072078835759,0.3348497066400593
1.1688337667533508,1.7068407016692277,0.33450089747075523
1.1698339667933588,1.704973168917279,0.33415057095326617
1.1708341668333668,1.7031046110568078,0.33379872047629255
1.1718343668733748,1.701235029538326,0.3334453393956844
1.1728345669133828,1.6993644258339629,0.33309042103427844
1.1738347669533908,1.6974928014376502,0.33273395868173444
1.1748349669933988,1.695620157865308,0.332375945594371
1.1758351670334068,1.693746496655034,0.33201637499500103
1.1768353670734149,1.6918718193672906,0.33165524007276664
1.1778355671134229,1.689996127585098,0.33129253398297326
1.1788357671534309,1.688119422914226,0.3309282498469233
1.1798359671934389,1.6862417069833864,0.3305623807517498
1.1808361672334469,1.68436298144443,0.3301949197502492
1.1818363672734549,1.6824832479725431,0.3298258598607132
1.1828365673134629,1.6806025082664457,0.3294551940667607
1.1838367673534709,1.6787207640485924,0.32908291531716893
1.1848369673934789,1.6768380170653723,0.32870901652570433
1.1858371674334869,1.6749542690873138,0.3283334905709531
1.1868373674734949,1.6730695219092884,0.3279563302961503
1.187837567513503,1.6711837773507177,0.3275775285090096
1.188837767553511,1.6692970372557803,0.3271970779815524
1.189837967593519,1.667409303493623,0.32681497144993543
1.190838167633527,1.6655205779585707,0.32643120161427935
1.191838367673535,1.663630862570339,0.32604576113849615
1.192838567713543,1.66174015927425,0.3256586426501157
1.193838767753551,1.6598484700414469,0.32526983874011267
1.194838967793559,1.6579557968691128,0.32487934196273305
1.195839167833567,1.6560621417806898,0.3244871448353192
1.196839367873575,1.6541675068261008,0.32409323983813537
1.197839567913583,1.652271894081971,0.3236976194141931
1.198839767953591,1.6503753056518535,0.3233002759690751
1.199839967993599,1.6484777436664555,0.3229012018707594
1.200840168033607,1.6465792102838657,0.3225003894494435
1.201840368073615,1.6446797076897843,0.3220978309973676
1.202840568113623,1.642779238097755,0.3216935187686373
1.203840768153631,1.6408778037493978,0.32128744497904627
1.204840968193639,1.6389754069146434,0.32087960180589875
1.205841168233647,1.6370720498919713,0.3204699813878313
1.206841368273655,1.6351677350086469,0.32005857582463443
1.207841568313663,1.633262464620963,0.3196453771770737
1.208841768353671,1.6313562411144815,0.31923037746671057
1.209841968393679,1.6294490669042776,0.31881356867572347
1.210842168433687,1.6275409444351847,0.3183949427467277
1.211842368473695,1.6256318761820436,0.3179744915825955
1.212842568513703,1.6237218646499503,0.31755220704627607
1.213842768553711,1.6218109123745081,0.3171280809606144
1.214842968593719,1.6198990219220817,0.31670210510817143
1.215843168633727,1.6179861958900503,0.31627427123104207
1.216843368673735,1.616072436907066,0.3158445710306744
1.217843568713743,1.6141577476333118,0.31541299616768853
1.218843768753751,1.612242130760763,0.3149795382616936
1.219843968793759,1.610325589013449,0.3145441888911074
1.220844168833767,1.6084081251477185,0.3141069395929728
1.221844368873775,1.6064897419525057,0.31366778186277666
1.222844568913783,1.6045704422495983,0.3132267071542662
1.223844768953791,1.6026502288939084,0.3127837068792673
1.224844968993799,1.6007291047737446,0.31233877240750113
1.225845169033807,1.598807072811085,0.31189189506640125
1.226845369073815,1.5968841359618555,0.31144306614093065
1.227845569113823,1.5949602972162056,0.31099227687339837
1.228845769153831,1.5930355595987904,0.3105395184632763
1.229845969193839,1.591109926169051,0.31008478206701606
1.230846169233847,1.5891834000214995,0.3096280587978648
1.231846369273855,1.5872559842860052,0.30916933972568234
1.232846569313863,1.5853276821280813,0.3087086158767572
1.233846769353871,1.5833984967491757,0.3082458782336231
1.234846969393879,1.5814684313869636,0.3077811177348752
1.235847169433887,1.5795374893156402,0.3073143252749863
1.236847369473895,1.5776056738462172,0.3068454917041236
1.237847569513903,1.5756729883268212,0.30637460782796455
1.238847769553911,1.5737394361429926,0.3059016644075135
1.239847969593919,1.571805020717989,0.3054266521589177
1.240848169633927,1.569869745513088,0.30494956175328414
1.241848369673935,1.5679336140278948,0.30447038381649577
1.242848569713943,1.5659966298006474,0.3039891089290284
1.243848769753951,1.5640587964085297,0.30350572762576705
1.244848969793959,1.5621201174679826,0.30302023039582265
1.245849169833967,1.5601805966350173,0.30253260768234946
1.246849369873975,1.5582402376055322,0.30204284988236163
1.247849569913983,1.556299044115631,0.30155094734655025
1.248849769953991,1.554357019941943,0.3010568903791012
1.249849969993999,1.5524141689019446,0.3005606692375124
1.2508501700340071,1.5504704948542847,0.30006227413241127
1.2518503700740151,1.5485260016991094,0.2995616952273729
1.2528505701140231,1.5465806933783917,0.299058922638738
1.2538507701540311,1.5446345738762608,0.2985539464354315
1.2548509701940391,1.5426876472193345,0.2980467566387807
1.2558511702340471,1.5407399174770533,0.2975373432223346
1.2568513702740551,1.5387913887620168,0.29702569611168234
1.2578515703140631,1.5368420652303219,0.2965118051842731
1.2588517703540711,1.5348919510819021,0.2959956602692357
1.2598519703940791,1.532941050560871,0.295477251147198
1.2608521704340871,1.5309893679558646,0.29495656755010785
1.2618523704740952,1.5290369076003885,0.29443359916105344
1.2628525705141032,1.5270836738731641,0.29390833561408425
1.2638527705541112,1.5251296711984808,0.29338076649403183
1.2648529705941192,1.5231749040465448,0.2928508813363324
1.2658531706341272,1.5212193769338345,0.29231866962684777
1.2668533706741352,1.519263094423455,0.2917841208016884
1.2678535707141432,1.5173060611254954,0.29124722424703614
1.2688537707541512,1.5153482816973871,0.2907079692989669
1.2698539707941592,1.513389760844265,0.2901663452432747
1.2708541708341672,1.51143050331933,0.28962234131529524
1.2718543708741752,1.5094705139242128,0.28907594669973036
1.2728545709141832,1.5075097975093403,0.2885271505304729
1.2738547709541912,1.5055483589743017,0.28797594189043185
1.2748549709941992,1.5035862032682201,0.2874223098113578
1.2758551710342072,1.5016233353901205,0.2868662432736692
1.2768553710742152,1.4996597603893045,0.2863077312062789
1.2778555711142232,1.4976954833657223,0.28574676248642084
1.2788557711542312,1.4957305094703495,0.2851833259394773
1.2798559711942392,1.493764843905563,0.2846174103388073
1.2808561712342472,1.4917984919255196,0.2840490044055738
1.2818563712742552,1.4898314588365356,0.2834780968085731
1.2828565713142632,1.4878637499974676,0.2829046761640637
1.2838567713542712,1.4858953708200955,0.2823287310355953
1.2848569713942792,1.4839263267695044,0.28175024993383924
1.2858571714342872,1.4819566233644708,0.2811692213164185
1.2868573714742952,1.4799862661778467,0.28058563358773836
1.2878575715143032,1.4780152608369477,0.279999475098817
1.2888577715543112,1.4760436130239403,0.2794107341471172
1.2898579715943193,1.4740713284762301,0.2788193989763781
1.2908581716343273,1.472098412986852,0.2782254577764466
1.2918583716743353,1.4701248724048595,0.2776288986831103
1.2928585717143433,1.4681507126357165,0.2770297097779296
1.2938587717543513,1.4661759396416887,0.2764278790880703
1.2948589717943593,1.4642005594422351,0.2758233945861368
1.2958591718343673,1.462224578114401,0.2752162441900051
1.2968593718743753,1.460248001793211,0.274606415762656
1.2978595719143833,1.458270836672061,0.27399389711200856
1.2988597719543913,1.456293089003113,0.27337867599075316
1.2998599719943993,1.4543147650976866,0.2727607400961853
1.3008601720344073,1.4523358713266539,0.27214007707003846
1.3018603720744153,1.450356414120831,0.2715166744983177
1.3028605721144233,1.4483763999713712,0.27089051991113205
1.3038607721544313,1.4463958354301576,0.2702616007825283
1.3048609721944393,1.444414727110194,0.26962990453032254
1.3058611722344473,1.4424330816859952,0.26899541851593267
1.3068613722744553,1.4404509058939785,0.2683581300442103
1.3078615723144633,1.4384682065328518,0.2677180263632712
1.3088617723544713,1.436484990464001,0.2670750946643267
1.3098619723944793,1.4345012646118762,0.2664293220815125
1.3108621724344873,1.432517035964378,0.26578069569171814
1.3118623724744953,1.4305323115732385,0.2651292025144151
1.3128625725145033,1.428547098554404,0.2644748295114832
1.3138627725545113,1.4265614040884131,0.2638175635870369
1.3148629725945193,1.4245752354207737,0.2631573915872492
1.3158631726345273,1.4225885998623373,0.26249430030017495
1.3168633726745353,1.42060150478967,0.2618282764555721
1.3178635727145434,1.418613957645421,0.2611593067247213
1.3188637727545514,1.4166259659386877,0.2604873777202435
1.3198639727945594,1.414637537245376,0.25981247599591534
1.3208641728345674,1.41264867920856,0.2591345880464828
1.3218643728745754,1.4106593995388335,0.25845370030747145
1.3228645729145834,1.408669706014661,0.2577697991549946
1.3238647729545914,1.4066796064827196,0.2570828709055584
1.3248649729945985,1.4046891088582407,0.2563929018158638
1.3258651730346065,1.4026982211253431,0.2556998780826046
1.3268653730746145,1.4007069513373602,0.2550037858422625
1.3278655731146225,1.3987153076171635,0.2543046111708976
1.3288657731546305,1.3967232981574764,0.2536023400839351
1.3298659731946385,1.3947309312211849,0.2528969585359469
1.3308661732346465,1.3927382151416363,0.25218845242042837
1.3318663732746545,1.3907451583229344,0.25147680756957047
1.3328665733146625,1.3887517692402234,0.250762009754025
1.3338667733546705,1.386758056439965,0.250044044682665
1.3348669733946785,1.384764028540205,0.24932289800233817
1.3358671734346865,1.3827696942308294,0.24859855529761288
1.3368673734746945,1.3807750622738135,0.24787100209051788
1.3378675735147025,1.3787801415034548,0.24714022384027326
1.3388677735547105,1.3767849408265993,0.24640620594301332
1.3398679735947185,1.3747894692228522,0.24566893373150075
1.3408681736347265,1.372793735744777,0.24492839247483117
1.3418683736747345,1.3707977495180816,0.24418456737812713
1.3428685737147426,1.3688015197417882,0.2434374435822222
1.3438687737547506,1.3668050556883888,0.24268700616333305
1.3448689737947586,1.3648083667039868,0.24193324013271972
1.3458691738347666,1.362811462208418,0.24117613043633268
1.3468693738747746,1.3608143516953568,0.24041566195444675
1.3478695739147826,1.358817044732403,0.2396518195012799
1.3488697739547906,1.3568195509611485,0.23888458782459707
1.3498699739947986,1.354821880097223,0.2381139516052978
1.3508701740348066,1.352824041930319,0.23733989545698622
1.3518703740748146,1.3508260463241946,0.23656240392552239
1.3528705741148226,1.3488279032166481,0.23578146148855536
1.3538707741548306,1.3468296226194731,0.23499705255503409
1.3548709741948386,1.3448312146183814,0.2342091614646974
1.3558711742348466,1.342832689372901,0.23341777248754011
1.3568713742748546,1.340834057116243,0.23262286982325517
1.3578715743148626,1.338835328155137,0.23182443760064825
1.3588717743548706,1.3368365128696345,0.2310224598770256
1.3598719743948786,1.3348376217128737,0.23021692063755095
1.3608721744348866,1.332838665210811,0.2294078037945713
1.3618723744748946,1.3308396539619094,0.2285950931869078
1.3628725745149026,1.3288405986367853,0.22777877257911
1.3638727745549106,1.3268415099778095,0.22695882566067027
1.3648729745949186,1.324842398798659,0.2261352360451946
1.3658731746349266,1.3228432759838133,0.22530798726952692
1.3668733746749346,1.3208441524879941,0.22447706279282031
1.3678735747149426,1.3188450393355373,0.2236424459955514
1.3688737747549506,1.3168459476196945,0.22280412017846887
1.3698739747949586,1.3148468885018514,0.22196206856146913
1.3708741748349667,1.3128478732106517,0.22111627428238811
1.3718743748749747,1.310848913041014,0.22026672039569403
1.3728745749149827,1.30885001935302,0.21941338987106668
1.3738747749549907,1.306851203570653,0.2185562655918392
1.3748749749949987,1.3048524771803542,0.2176953303532761
1.3758751750350067,1.3028538517293595,0.21683056686065108
1.3768753750750147,1.3008553388237645,0.21596195772708013
1.3778755751150227,1.2988569501262568,0.2150894854710493
1.3788757751550307,1.2968586973534295,0.21421313251356505
1.3798759751950387,1.2948605922725716,0.21333288117482693
1.3808761752350467,1.292862646697798,0.21244871367030094
1.3818763752750547,1.290864872485345,0.21156061210603297
1.3828765753150627,1.288867281527807,0.2106685584729985
1.3838767753550707,1.2868698857470255,0.209772534640227
1.3848769753950787,1.2848726970852722,0.2088725223463685
1.3858771754350867,1.2828757274942542,0.20796850318927856
1.3868773754750947,1.280878988921358,0.2070604586130822
1.3878775755151027,1.2788824932923852,0.2061483698920351
1.3888777755551107,1.2768862524898394,0.20523221811032025
1.3898779755951187,1.2748902783255807,0.2043119841366948
1.3908781756351267,1.2728945825063651,0.20338764859262234
1.3918783756751347,1.2708991765904107,0.20245919181218425
1.3928785757151427,1.268904071932675,0.20152659379163715
1.3938787757551507,1.2669092796159682,0.20058983412596512
1.3948789757951587,1.2649148103643368,0.1996488919291343
1.3958791758351667,1.2629206744343207,0.19870374573398394
1.3968793758751747,1.2609268814786676,0.19775437336674284
1.3978795759151827,1.258933440375876,0.1968007517900183
1.3988797759551908,1.256940359017458,0.19584285690673578
1.3998799759951988,1.2549476440430674,0.19488066331585668
1.4008801760352068,1.252955300511538,0.19391414400874432
1.4018803760752148,1.250963331493405,0.19294326999271288
1.4028805761152228,1.2489717375675544,0.19196800982554318
1.4038807761552308,1.2469805162012202,0.19098832904151125
1.4048809761952388,1.244989660988555,0.19000418944569158
1.4058811762352468,1.242999160718354,0.1890155482488973
1.4068813762752548,1.2410089982361776,0.1880223570105366
1.4078815763152628,1.2390191490599944,0.1870245603508259
1.4088817763552708,1.2370295797015078,0.1860220943871439
1.4098819763952788,1.235040245637486,0.18501488484177261
1.4108821764352868,1.2330510888666157,0.1840028447598059
1.4118823764752948,1.2310620349776722,0.18298587176658057
1.4128825765153028,1.229072989644095,0.18196384478359148
1.4138827765553108,1.2270838344484623,0.18093662011052128
1.4148829765953188,1.2250944219279412,0.17990402676880785
1.4158831766353268,1.2231045697187228,0.17886586098922846
1.4168833766753348,1.2211140536639524,0.17782187971248564
1.4178835767153428,1.219122599736079,0.1767717929580358
1.4188837767553508,1.2171298746113364,0.1757152549027994
1.4198839767953588,1.2151354747218033,0.17465185349847714
1.4208841768353668,1.2131389135999908,0.17358109844465408
1.4218843768753748,1.2111396073231122,0.17250240732561475
1.4228845769153828,1.2091368578603747,0.1714150897129192
1.4238847769553908,1.2071298341282897,0.17031832903471067
1.4248849769953988,1.2051175505679783,0.16921116201813263
1.4258851770354068,1.2030988430770073,0.16809245552518526
1.4268853770754149,1.2010723421590401,0.1669608806273194
1.4278855771154229,1.1990364432006948,0.165814883802951
1.4288857771554309,1.1969892738500638,0.16465265519828637
1.4298859771954389,1.1949286585595422,0.1634720939692905
1.4308861772354469,1.1928520804715959,0.16227077082574612
1.4318863772754549,1.1907566409750294,0.1610458880320589
1.4328865773154629,1.1886390174466575,0.15979423728910375
1.4338867773554709,1.1864954199246653,0.15851215613252914
1.4348869773954789,1.1843215477407791,0.15719548374105785
1.4358871774354869,1.1821125474732297,0.1558395173584377
1.4368873774754949,1.1798629739745299,0.15443897089863862
1.437887577515503,1.1775667566776602,0.15298793772737074
1.438887777555511,1.1752171738877337,0.15147986009230685
1.439887977595519,1.1728068383138672,0.14990750820274434
1.440888177635527,1.1703276976697883,0.14826297252279821
1.441888377675535,1.1677710547425648,0.1465376734167904
1.442888577715543,1.1651276118535578,0.14472239283483496
1.443888777755551,1.1623875450541543,0.14280733319863062
1.444888977795559,1.1595406136315398,0.14078220897179544
1.445889177835567,1.1565763104469593,0.1386363764853553
1.446889377875575,1.1534840581719517,0.13635900732714934
1.447889577915583,1.1502534554948705,0.13393930986754196
1.448889777955591,1.1468745757056455,0.13136680214834634
1.449889977995599,1.1433383176110499,0.12863163727874555
1.450890178035607,1.139636805405376,0.1257249795605065
1.451890378075615,1.1357638299144899,0.12263942576127611
1.452890578115623,1.1317153186465843,0.11936946131833136
1.453890778155631,1.1274898165693157,0.11591193596567259
1.454890978195639,1.123088953914081,0.11226653767879076
1.455891178235647,1.1185178721906455,0.10843623845030921
1.456891378275655,1.1137855757435204,0.10442768094596128
1.457891578315663,1.1089051744483354,0.10025147236846915
1.458891778355671,1.103893984355985,0.09592235172893175
1.459891978395679,1.0987734578807922,0.09145919992771011
1.460892178435687,1.0935689237673778,0.08688486902587146
1.461892378475695,1.088309129306476,0.08222581782677214
1.462892578515703,1.0830255922330818,0.07751155477655176
1.463892778555711,1.0777517859629246,0.07277390499801208
1.464892978595719,1.0725221973927577,0.06804613423202756
1.465893178635727,1.0673713093329071,0.06336197651983738
1.466893378675735,1.0623325678880398,0.05875462261688611
1.467893578715743,1.0574373974571636,0.05425573081931259
1.468893778755751,1.0527143220379676,0.049894520307628476
1.469893978795759,1.048188241703241,0.0456969994177931
1.470894178835767,1.0438798988448117,0.04168536852181123
1.471894378875775,1.0398055520262455,0.03787762124334795
1.472894578915783,1.0359768582399307,0.03428735071798465
1.473894778955791,1.032400949042809,0.03092375165904211
1.474894978995799,1.0290806739747782,0.027791795834725373
1.475895179035807,1.026014976705999,0.024892549295379873
1.476895379075815,1.0231993656868967,0.022223594700209112
1.477895579115823,1.0206264412782051,0.019779521136156417
1.478895779155831,1.0182864446120259,0.017552446189821592
1.479895979195839,1.0161677987854458,0.015532539766972189
1.480896179235847,1.0142576194214343,0.013708525243242765
1.481896379275855,1.0125421782871868,0.012068140066700863
1.482896579315863,1.0110073098860846,0.010598544206265176
1.483896779355871,1.0096387563135574,0.009286670367335235
1.484896979395879,1.008422449977262,0.00811951441426908
1.485897179435887,1.0073447369842035,0.00708436786608403
1.486897379475895,1.0063925461661272,0.0061689967153675555
1.487897579515903,1.0055535099944395,0.005361772290648715
1.488897779555911,1.0048160442029734,0.004651760608621876
1.489897979595919,1.004169392969496,0.004028776822027233
1.490898179635927,1.0036036461675466,0.003483411126728655
1.491898379675935,1.0031097346261926,0.0030070319889527503
1.492898579715943,1.0026794086351403,0.002591771904038423
1.493898779755951,1.002305204187199,0.002230500186808794
1.494898979795959,1.0019804007158528,0.001916786581326553
1.495899179835967,1.0016989733991042,0.0016448588041439846
1.496899379875975,1.0014555424827996,0.0014095565238166421
1.497899579915983,1.001245321536875,0.0012062837420061443
1.498899779955991,1.0010640660980605,0.0010309610811045928
1.499899979995999,1.0009080237690233,0.0008799790975647032
1.5009001800360071,1.0007738865302702,0.0007501534232507134
1.5019003800760151,1.0006587457692786,0.0006386822816180772
1.5029005801160231,1.0005600503328165,0.0005431067232119455
1.5039007801560311,1.0004755677549524,0.00046127376776016767
1.5049009801960391,1.000403348697134,0.0003913025204567757
1.5059011802360471,1.000341694551073,0.00033155324107595716
1.5069013802760551,1.000289128094034,0.0002805992803762408
1.5079015803160631,1.0002443670443806,0.0002372017537604058
1.5089017803560711,1.0002063003386494,0.0002002867930833861
1.5099019803960791,1.000173966936464,0.00016892520032241653
1.5109021804360871,1.00014653695344,0.0001423143186658427
1.5119023804760952,1.0001232949225605,0.00011976193512907833
1.5129025805161032,1.0001036249895017,0.00010067203222437707
1.5139027805561112,1.000086997855636,8.453221304793784e-05
1.5149029805961192,1.0000729592928213,7.090263327679798e-05
1.5159031806361272,1.0000611200657596,5.9406284121214837e-05
1.5169033806761352,1.0000511471100115,4.972048160310947e-05
1.5179035807161432,1.0000427558262481,4.1569429134813386e-05
1.5189037807561512,1.0000357033636225,3.4717731899899085e-05
1.5199039807961592,1.0000297827770297,2.89647527354993e-05
1.5209041808361672,1.0000248179543374,2.4139709906744586e-05
1.5219043808761752,1.0000206592202712,2.009742723934186e-05
1.5229045809161832,1.0000171795335207,1.6714656466571413e-05
1.5239047809561912,1.0000142712027205,1.388690032362539e-05
1.5249049809961992,1.0000118430552936,1.152567287717148e-05
1.5259051810362072,1.0000098180007146,9.556140827555617e-06
1.5269053810762152,1.0000081309366111,7.915096087664314e-06
1.5279055811162232,1.0000067269522839,6.5492158634018455e-06
1.5289057811562312,1.0000055597897746,5.413571776078952e-06
1.5299059811962392,1.0000045905275425,4.470354317382108e-06
1.5309061812362472,1.0000037864562175,3.6877831620019907e-06
1.5319063812762552,1.0000031201198014,3.0391776203856687e-06
1.5329065813162632,1.0000025684991425,2.502164840363689e-06
1.5339067813562712,1.0000021123175558,2.058006302828888e-06
1.5349069813962792,1.000001735451138,1.691025741146862e-06
1.5359071814362872,1.0000014244286837,1.3881238820089217e-06
1.5369073814762952,1.0000011680081642,1.1383673934095728e-06
1.5379075815163032,1.000000956818527,9.326411613245478e-07
1.5389077815563112,1.0000007830571471,7.633545304510827e-07
1.5399079815963193,1.0000006402346167,6.241934613762565e-07
1.5409081816363273,1.0000005229597473,5.099116999602739e-07
1.5419083816763353,1.0000004267586833,4.1615504543173255e-07
1.5429085817163433,1.0000003479229045,3.393136601122707e-07
1.5439087817563513,1.0000002833816701,2.7639810362508015e-07
1.5449089817963593,1.0000002305951041,2.2493541104825926e-07
1.5459091818363673,1.0000001874646949,1.8288208241555012e-07
1.5469093818763753,1.0000001522584638,1.485513214106112e-07
1.5479095819163833,1.0000001235484761,1.2055226402367567e-07
1.5489097819563913,1.0000001001587195,9.773928325573851e-08
1.5499099819963993,1.0000000811216854,7.916974997951843e-08
1.5509101820364073,1.0000000656422385,6.406888110556836e-08
1.5519103820764153,1.0000000530675932,5.180052098127045e-08
1.5529105821164233,1.0000000428623856,4.1842882857116836e-08
1.5539107821564313,1.000000034588009,3.3768431981955466e-08
1.5549109821964393,1.0000000278854964,2.7227222622500554e-08
1.5559111822364473,1.0000000224613619,2.1933111631469297e-08
1.5569113822764553,1.0000000180759017,1.7652365341099786e-08
1.5579115823164633,1.0000000145335364,1.4194254647374337e-08
1.5589117823564713,1.0000000116748504,1.1403300307112388e-08
1.5599119823964793,1.0000000093700367,9.152886189319291e-09
1.5609121824364873,1.000000007513502,7.340004412654451e-09
1.5619123824764953,1.0000000060194372,5.880937315396077e-09
1.5629125825165033,1.0000000048181787,4.707712659493861e-09
1.5639127825565113,1.0000000038532277,3.765196959059358e-09
1.5649129825965193,1.0000000030788059,3.0087144992657757e-09
1.5659131826365273,1.0000000024578592,2.4020991773634973e-09
1.5669133826765353,1.0000000019604234,1.9161024102174155e-09
1.5679135827165434,1.0000000015622916,1.527092869129266e-09
1.5689137827565514,1.0000000012439263,1.2159962588586144e-09
1.5699139827965594,1.000000000989575,9.674314803839717e-10
1.5709141828365674,1.0000000007865484,7.690072639575478e-10
1.5719143828765754,1.0000000006246343,6.107506546894091e-10
1.5729145829165834,1.0000000004956224,4.846428520367578e-10
1.5739147829565914,1.000000000392918,3.842422784183727e-10
1.5749149829965994,1.0000000003112286,3.043791952256651e-10
1.5759151830366074,1.0000000002463119,2.409086430616509e-10
1.5769153830766154,1.0000000001947689,1.9051029019000545e-10
1.5779155831166234,1.0000000001538807,1.5052686813434137e-10
1.5789157831566314,1.0000000001214728,1.1883384841308678e-10
1.5799159831966394,1.000000000095809,9.373413391518341e-11
1.5809161832366474,1.0000000000755034,7.387335838029736e-11
1.5819163832766554,1.000000000059451,5.8171643690507657e-11
1.5829165833166634,1.0000000000467721,4.576880329071011e-11
1.5839167833566714,1.0000000000367664,3.598015479430488e-11
1.5849169833966794,1.000000000028877,2.8261325375839712e-11
1.5859171834366874,1.0000000000226617,2.2179895702155777e-11
1.5869173834766954,1.0000000000177693,1.739258991817589e-11
1.5879175835167034,1.0000000000139215,1.3627242586388304e-11
1.5889177835567114,1.000000000010898,1.0668176978292414e-11
1.5899179835967194,1.000000000008524,8.344740515542284e-12
1.5909181836367274,1.000000000006662,6.521987667011627e-12
1.5919183836767354,1.000000000005202,5.0932079026031954e-12
1.5929185837167434,1.000000000004059,3.9741658631316896e-12
1.5939187837567514,1.0000000000031644,3.0984744336587166e-12
1.5949189837967594,1.000000000002465,2.4137697697341343e-12
1.5959191838367675,1.0000000000019187,1.878817266247408e-12
1.5969193838767755,1.0000000000014921,1.4612474826721374e-12
1.5979195839167835,1.0000000000011597,1.1355924620058903e-12
1.5989197839567915,1.0000000000009006,8.81816294110629e-13
1.5999199839967995,1.0000000000006988,6.842399562498488e-13
1.6009201840368075,1.000000000000542,5.30538506457106e-13
1.6019203840768155,1.0000000000004199,4.1105215244930257e-13
1.6029205841168235,1.0000000000003253,3.182535906154474e-13
1.6039207841568315,1.0000000000002518,2.462432079215684e-13
1.6049209841968395,1.0000000000001947,1.9042115205662315e-13
1.6059211842368475,1.0000000000001505,1.4713304841486418e-13
1.6069213842768555,1.0000000000001164,1.1365354872337444e-13
1.6079215843168635,1.0000000000000897,8.776199411808189e-14
1.6089217843568715,1.0000000000000693,6.770947059343375e-14
1.6099219843968795,1.0000000000000535,5.220777156727659e-14
1.6109221844368875,1.0000000000000413,4.0246198838569803e-14
1.6119223844768955,1.000000000000032,3.106221878328453e-14
1.6129225845169035,1.0000000000000246,2.4000370167231076e-14
1.6139227845569115,1.0000000000000193,1.8582103326244444e-14
1.6149229845969195,1.0000000000000149,1.4421029458098726e-14
1.6159231846369275,1.0000000000000115,1.1217028149715832e-14
1.6169233846769355,1.000000000000009,8.748531902792795e-15
1.6179235847169435,1.000000000000007,6.8649229316110825e-15
1.6189237847569515,1.0000000000000056,5.3929350978888675e-15
1.6199239847969595,1.0000000000000042,4.194444482206684e-15
1.6209241848369675,1.0000000000000036,3.2905735460783424e-15
1.6219243848769755,1.0000000000000029,2.61666648128927e-15
1.6229245849169835,1.0000000000000022,2.0283681292159766e-15
1.6239247849569916,1.0000000000000016,1.5349008975711679e-15
1.6249249849969996,1.000000000000001,1.175639556406164e-15
1.6259251850370076,1.0000000000000007,8.883096047460492e-16
1.6269253850770156,1.0000000000000004,5.940891061679661e-16
1.6279255851170236,1.0,3.04802898623526e-16
1.6289257851570316,1.0,1.175349569991943e-16
1.6299259851970396,1.0,3.990908352130082e-17
1.6309261852370476,1.0,1.2728323581320363e-17
1.6319263852770556,1.0,4.104842443463706e-18
1.6329265853170636,1.0,1.3643766762026195e-18
1.6339267853570716,1.0,4.524195304606724e-19
1.6349269853970796,1.0,1.4932801033178993e-19
1.6359271854370876,1.0,4.908400728208203e-20
1.6369273854770956,1.0,1.612920612388343e-20
1.6379275855171036,1.0,5.3052240751656246e-21
1.6389277855571116,1.0,1.746166554819269e-21
1.6399279855971196,1.0,5.749643760772511e-22
1.6409281856371276,1.0,1.8944528172950438e-22
1.6419283856771356,1.0,6.247233163518673e-23
1.6429285857171436,1.0,2.0612501776528033e-23
1.6439287857571516,1.0,6.801011074640323e-24
1.6449289857971596,1.0,2.2428240002771518e-24
1.6459291858371676,1.0,7.390339794962017e-25
1.6469293858771756,1.0,2.4329721169499014e-25
1.6479295859171836,1.0,8.002404636063177e-26
1.6489297859571916,1.0,2.6298817928490785e-26
1.6499299859971996,1.0,8.635692767581243e-27
1.6509301860372076,1.0,2.833333425199097e-27
1.6519303860772157,1.0,9.287805498923105e-28
1.6529305861172237,1.0,3.0416162234208514e-28
1.6539307861572317,1.0,9.950029144308953e-29
1.6549309861972397,1.0,3.251052675065097e-29
1.6559311862372477,1.0,1.06086276623588e-29
1.6569313862772557,1.0,3.456977477715429e-30
1.6579315863172637,1.0,1.1249115996475865e-30
1.6589317863572717,1.0,3.655325643485954e-31
1.6599319863972797,1.0,1.1861530606234966e-31
1.6609321864372877,1.0,3.844162460426027e-32
1.6619323864772957,1.0,1.244408521654263e-32
1.6629325865173037,1.0,4.024277970409631e-33
1.6639327865573117,1.0,1.3003027706190648e-33
1.6649329865973197,1.0,4.1985528534887935e-34
1.6659331866373277,1.0,1.354926874950258e-34
1.6669333866773357,1.0,4.370673443432881e-35
1.6679335867173437,1.0,1.4094303382247064e-35
1.6689337867573517,1.0,4.5440085851176086e-36
1.6699339867973597,1.0,1.4647517906792387e-36
1.6709341868373677,1.0,4.721065527146204e-37
1.6719343868773757,1.0,1.5215378855296182e-37
1.6729345869173837,1.0,4.903465895756948e-38
1.6739347869573917,1.0,1.5801871597910318e-38
1.6749349869973997,1.0,5.092179032690139e-39
1.6759351870374077,1.0,1.6409358452103876e-39
1.6769353870774157,1.0,5.287790293163119e-40
1.6779355871174237,1.0,1.7039336448873426e-40
1.6789357871574317,1.0,5.49069942454989e-41
1.6799359871974398,1.0,1.7692924945712074e-41
1.6809361872374478,1.0,5.7012338715106185e-42
1.6819363872774558,1.0,1.837111545656041e-42
1.6829365873174638,1.0,5.919701162239583e-43
1.6839367873574718,1.0,1.9074876315043942e-43
1.6849369873974798,1.0,6.146408896564869e-44
1.6859371874374878,1.0,1.9805189432934937e-44
1.6869373874774958,1.0,6.381671365700326e-45
1.6879375875175038,1.0,2.0563062374818358e-45
1.6889377875575118,1.0,6.625811905800616e-46
1.6899379875975198,1.0,2.13495335306843e-46
1.6909381876375278,1.0,6.8791641971507795e-47
1.6919383876775358,1.0,2.2165675717184875e-47
1.6929385877175438,1.0,7.142073316449359e-48
1.6939387877575518,1.0,2.3012599327212905e-48
1.6949389877975598,1.0,7.414896692432723e-49
1.6959391878375678,1.0,2.3891455267907807e-49
1.6969393878775758,1.0,7.698005023691901e-50
1.6979395879175838,1.0,2.4803437880697846e-50
1.6989397879575918,1.0,7.991783225202861e-51
1.6999399879975998,1.0,2.5749788063016097e-51
1.7009401880376078,1.0,8.296631473295493e-52
1.7019403880776158,1.0,2.673179680901284e-52
1.7029405881176238,1.0,8.61296641710925e-53
1.7039407881576318,1.0,2.775080938703702e-53
1.7049409881976398,1.0,8.941222628162713e-54
1.7059411882376478,1.0,2.8808230394101577e-54
1.7069413882776558,1.0,9.281854368775282e-55
1.7079415883176639,1.0,2.9905529953766664e-55
1.7089417883576719,1.0,9.63533776385972e-56
1.7099419883976799,1.0,3.104425130893466e-56
1.7109421884376879,1.0,1.000217344357552e-56
1.7119423884776959,1.0,3.222601995803786e-57
1.7129425885177039,1.0,1.0382889673737757e-57
1.7139427885577119,1.0,3.345255426104621e-58
1.7149429885977199,1.0,1.0778045900327133e-58
1.7159431886377279,1.0,3.4725677091689564e-59
1.7169433886777359,1.0,1.1188236504669714e-59
1.7179435887177439,1.0,3.6047327647453064e-60
1.718943788757752,1.0,1.1614094404251573e-60
1.71994398879776,1.0,3.741957198187475e-61
1.720944188837768,1.0,1.2056293953443386e-61
1.721944388877776,1.0,3.8844610240269393e-62
1.722944588917784,1.0,1.2515552413971331e-62
1.723944788957792,1.0,4.032477800783567e-63
1.7249449889978,1.0,1.29926290902165e-63
1.725945189037808,1.0,4.186253865079319e-64
1.726945389077816,1.0,1.3488321065016283e-64
1.727945589117824,1.0,4.34604630454602e-65
1.728945789157832,1.0,1.4003454320026704e-65
1.72994598919784,1.0,4.5121192598947716e-66
1.730946189237848,1.0,1.45388688583519e-66
1.731946389277856,1.0,4.6847380878336635e-67
1.732946589317864,1.0,1.5095396234238952e-67
1.733946789357872,1.0,4.864160838418166e-68
1.73494698939788,1.0,1.5673827609871304e-68
1.735947189437888,1.0,5.05062639877944e-69
1.736947389477896,1.0,1.6274870109127597e-69
1.737947589517904,1.0,5.2443385405525794e-70
1.738947789557912,1.0,1.6899088889914338e-70
1.73994798959792,1.0,5.445445014567649e-71
1.740948189637928,1.0,1.7546832160755422e-71
1.741948389677936,1.0,5.654010824960818e-72
1.742948589717944,1.0,1.8218136559005846e-72
1.743948789757952,1.0,5.869984970707205e-73
1.74494898979796,1.0,1.8912611176566698e-73
1.745949189837968,1.0,6.093160358248698e-74
1.746949389877976,1.0,1.962930033909567e-74
1.747949589917984,1.0,6.32312733773067e-75
1.748949789957992,1.0,2.036652817865412e-75
1.749949989998,1.0,6.559222418089589e-76
1.750950190038008,1.0,2.1121732031302944e-76
1.751950390078016,1.0,6.8004751100293005e-77
1.752950590118024,1.0,2.189129638512168e-77
1.753950790158032,1.0,7.045557367214489e-78
1.75495099019804,1.0,2.2670403826096873e-78
1.755951190238048,1.0,7.292741487017321e-79
1.756951390278056,1.0,2.3452923251403564e-79
1.757951590318064,1.0,7.539873276184674e-80
1.758951790358072,1.0,2.4231357515530955e-80
1.75995199039808,1.0,7.784367469188701e-81
1.760952190438088,1.0,2.499687174071768e-81
1.761952390478096,1.0,8.0232315699549e-82
1.762952590518104,1.0,2.5739419215569046e-82
1.763952790558112,1.0,8.253122380568312e-83
1.76495299059812,1.0,2.644797413287529e-83
1.765953190638128,1.0,8.470436586469824e-84
1.766953390678136,1.0,2.7110870028577467e-84
1.767953590718144,1.0,8.671433190109358e-85
1.768953790758152,1.0,2.771623091867895e-85
1.76995399079816,1.0,8.852381789799615e-86
1.770954190838168,1.0,2.8252470433343308e-86
1.771954390878176,1.0,9.009727238241702e-87
1.772954590918184,1.0,2.8708824476127994e-87
1.773954790958192,1.0,9.140258621447918e-88
1.7749549909982,1.0,2.907587663984575e-88
1.775955191038208,1.0,9.241269194298214e-89
1.776955391078216,1.0,2.9346033839337112e-89
1.777955591118224,1.0,9.310694122299374e-90
1.778955791158232,1.0,2.9513912739746955e-90
1.7799559911982392,1.0,9.347214607996873e-91
1.7809561912382472,1.0,2.957660519320398e-91
1.7819563912782552,1.0,9.350319997990777e-92
1.7829565913182632,1.0,2.953380202289891e-92
1.7839567913582712,1.0,9.32032336763307e-93
1.7849569913982792,1.0,2.9387767633735686e-93
1.7859571914382872,1.0,9.258330356336225e-94
1.7869573914782952,1.0,2.9143171409962025e-94
1.7879575915183032,1.0,9.16616514891045e-95
1.7889577915583112,1.0,2.8806794078307938e-95
1.7899579915983193,1.0,9.046260998752845e-96
1.7909581916383273,1.0,2.8387136857461096e-96
1.7919583916783353,1.0,8.901525217410945e-97
1.7929585917183433,1.0,2.7893967409604266e-97
1.7939587917583513,1.0,8.735189915515936e-98
1.7949589917983593,1.0,2.733783899154214e-98
1.7959591918383673,1.0,8.550659936278371e-99
1.7969593918783753,1.0,2.6729617896687133e-99
1.7979595919183833,1.0,8.351368483478638e-100
1.7989597919583913,1.0,2.6080049822222757e-100
1.7999599919983993,1.0,8.140649132653631e-101
1.8009601920384073,1.0,2.5399389018389485e-101
1.8019603920784153,1.0,7.921630519607484e-102
1.8029605921184233,1.0,2.4697105964400293e-102
1.8039607921584313,1.0,7.697157344167211e-103
1.8049609921984393,1.0,2.3981680872073453e-103
1.8059611922384473,1.0,7.469738715111052e-104
1.8069613922784553,1.0,2.326048244744077e-104
1.8079615923184633,1.0,7.241522552814097e-105
1.8089617923584713,1.0,2.2539724754435087e-105
1.8099619923984793,1.0,7.014292946911314e-106
1.8109621924384873,1.0,2.18244901878986e-106
1.8119623924784953,1.0,6.789486142028423e-107
1.8129625925185033,1.0,2.1118803674077314e-107
1.8139627925585113,1.0,6.568220217405547e-108
1.8149629925985193,1.0,2.0425742224487407e-108
1.8159631926385273,1.0,6.351333485421682e-109
1.8169633926785353,1.0,1.9747564618804002e-109
1.8179635927185434,1.0,6.139427054331994e-110
1.8189637927585514,1.0,1.9085847890954515e-110
1.8199639927985594,1.0,5.932907744356832e-111
1.8209641928385674,1.0,1.8441619981292895e-111
1.8219643928785754,1.0,5.732028466714382e-112
1.8229645929185834,1.0,1.7815480942267533e-112
1.8239647929585914,1.0,5.53692413631583e-113
1.8249649929985994,1.0,1.7207708051725387e-113
1.8259651930386074,1.0,5.347642080565759e-114
1.8269653930786154,1.0,1.6618342800955698e-114
1.8279655931186234,1.0,5.164166653152134e-115
1.8289657931586314,1.0,1.6047259801144322e-115
1.8299659931986394,1.0,4.986438322925348e-116
1.8309661932386474,1.0,1.5494219119040557e-116
1.8319663932786554,1.0,4.814367876219939e-117
1.8329665933186634,1.0,1.4958904428529208e-117
1.8339667933586714,1.0,4.647846563370505e-118
1.8349669933986794,1.0,1.4440949732238201e-118
1.8359671934386874,1.0,4.48675306967139e-119
1.8369673934786954,1.0,1.3939957384924418e-119
1.8379675935187034,1.0,4.3309581376399036e-120
1.8389677935587114,1.0,1.345550986679761e-120
1.8399679935987194,1.0,4.180327550938799e-121
1.8409681936387274,1.0,1.2987177329050185e-121
1.8419683936787354,1.0,4.0347240451346963e-122
1.8429685937187434,1.0,1.2534522462412925e-122
1.8439687937587514,1.0,3.894008562950176e-123
1.8449689937987594,1.0,1.2097103791796107e-123
1.8459691938387675,1.0,3.758041139295007e-124
1.8469693938787755,1.0,1.1674478117975823e-124
1.8479695939187835,1.0,3.62668159352073e-125
1.8489697939587915,1.0,1.1266202529535752e-125
1.8499699939987995,1.0,3.499790125940062e-126
1.8509701940388075,1.0,1.0871836196149463e-126
1.8519703940788155,1.0,3.3772278610842124e-127
1.8529705941188235,1.0,1.0490942017874408e-127
1.8539707941588315,1.0,3.2588573472116906e-128
1.8549709941988395,1.0,1.0123088128856086e-128
1.8559711942388475,1.0,3.144543004948483e-129
1.8569713942788555,1.0,9.76784922075688e-130
1.8579715943188635,1.0,3.034151512416995e-130
1.8589717943588715,1.0,9.424807645839307e-131
1.8599719943988795,1.0,2.927552115338687e-131
1.8609721944388875,1.0,9.093554269462135e-132
1.8619723944788955,1.0,2.8246168549752455e-132
1.8629725945189035,1.0,8.773689057809316e-133
1.8639727945589115,1.0,2.7252207121053543e-133
1.8649729945989195,1.0,8.46482140328371e-134
1.8659731946389275,1.0,2.629241670175406e-134
1.8669733946789355,1.0,8.16657020416584e-135
1.8679735947189435,1.0,2.5365607047015543e-135
1.8689737947589515,1.0,7.878563725797576e-136
1.8699739947989595,1.0,2.4470617088161686e-136
1.8709741948389675,1.0,7.600439277827564e-137
1.8719743948789755,1.0,2.360631366696637e-137
1.8729745949189835,1.0,7.331842746657673e-138
1.8739747949589916,1.0,2.277158987748661e-138
1.8749749949989996,1.0,7.072428025004593e-139
1.8759751950390076,1.0,2.1965363150940165e-139
1.8769753950790156,1.0,6.821856382150874e-140
1.8779755951190236,1.0,2.1186573223200708e-140
1.8789757951590316,1.0,6.579795819449162e-141
1.8799759951990396,1.0,2.0434180126783594e-141
1.8809761952390476,1.0,6.34592045611032e-142
1.8819763952790556,1.0,1.9707162349756056e-142
1.8829765953190636,1.0,6.119909990138766e-143
1.8839767953590716,1.0,1.900451530214744e-143
1.8849769953990796,1.0,5.901449278179874e-144
1.8859771954390876,1.0,1.8325250225027806e-144
1.8869773954790956,1.0,5.690228075617898e-145
1.8879775955191036,1.0,1.7668393667156618e-145
1.8889777955591116,1.0,5.485940974098187e-146
1.8899779955991196,1.0,1.7032987637751685e-146
1.8909781956391276,1.0,5.28828756739685e-147
1.8919783956791356,1.0,1.641809052057304e-147
1.8929785957191436,1.0,5.096972868006377e-148
1.8939787957591516,1.0,1.5822778803736193e-148
1.8949789957991596,1.0,4.911707985910397e-149
1.8959791958391676,1.0,1.5246149641687214e-149
1.8969793958791756,1.0,4.73221106797016e-150
1.8979795959191836,1.0,1.468732422155292e-150
1.8989797959591916,1.0,4.558208481567511e-151
1.8999799959991996,1.0,1.414545185736995e-151
1.9009801960392076,1.0,4.3894362103189175e-152
1.9019803960792157,1.0,1.3619714685001396e-152
1.9029805961192237,1.0,4.225641413693082e-153
1.9039807961592317,1.0,1.3109332781022504e-153
1.9049809961992397,1.0,4.066584087310497e-154
1.9059811962392477,1.0,1.2613569484116706e-154
1.9069813962792557,1.0,3.912038747764223e-155
1.9079815963192637,1.0,1.2131736661382287e-155
1.9089817963592717,1.0,3.761796056175358e-156
1.9099819963992797,1.0,1.1663199638085613e-156
1.9109821964392877,1.0,3.615664289481466e-157
1.9119823964792957,1.0,1.1207381500975734e-157
1.9129825965193037,1.0,3.473470568527908e-158
1.9139827965593117,1.0,1.0763766494583138e-158
1.9149829965993197,1.0,3.335061757932941e-159
1.9159831966393277,1.0,1.0331902258032217e-159
1.9169833966793357,1.0,3.200304964542746e-160
1.9179835967193437,1.0,9.911400696413313e-161
1.9189837967593517,1.0,3.0690875787106716e-161
1.9199839967993597,1.0,9.501937343715022e-162
1.9209841968393677,1.0,2.9413168247542484e-162
1.9219843968793757,1.0,9.103249150197109e-163
1.9229845969193837,1.0,2.8169188124290184e-163
1.9239847969593917,1.0,8.715130711033022e-164
1.9249849969993997,1.0,2.695837108402967e-164
1.9259851970394077,1.0,8.33742903923537e-165
1.9269853970794157,1.0,2.578030873575704e-165
1.9279855971194237,1.0,7.970037067976642e-166
1.9289857971594317,1.0,2.463472636654501e-166
1.9299859971994398,1.0,7.612886139199093e-167
1.9309861972394478,1.0,2.3521457947884118e-167
1.9319863972794558,1.0,7.265937791321054e-168
1.9329865973194638,1.0,2.244041946691481e-168
1.9339867973594718,1.0,6.929175194570796e-169
1.9349869973994798,1.0,2.1391581714385906e-169
1.9359871974394878,1.0,6.6025945953557755e-170
1.9369873974794958,1.0,2.037494366451159e-170
1.9379875975195038,1.0,6.286197120379281e-171
1.9389877975595118,1.0,1.9390507511933315e-171
1.9399879975995198,1.0,5.979981258225361e-172
1.9409881976395278,1.0,1.843825629480199e-172
1.9419883976795358,1.0,5.683936283984637e-173
1.9429885977195438,1.0,1.7518134843085665e-173
1.9439887977595518,1.0,5.398036825854658e-174
1.9449889977995598,1.0,1.663003456419814e-174
1.9459891978395678,1.0,5.122238697226567e-175
1.9469893978795758,1.0,1.57737823329495e-175
1.9479895979195838,1.0,4.856476039731976e-176
1.9489897979595918,1.0,1.4949133509146671e-176
1.9499899979995998,1.0,4.600659748090189e-177
1.9509901980396078,1.0,1.4155768882040666e-177
1.9519903980796158,1.0,4.354677081676716e-178
1.9529905981196238,1.0,1.3393295151332357e-178
1.9539907981596318,1.0,4.118392314675941e-179
1.9549909981996398,1.0,1.2661248410489167e-179
1.9559911982396478,1.0,3.891648239163449e-180
1.9569913982796558,1.0,1.1959100005661574e-180
1.9579915983196639,1.0,3.6742683145752956e-181
1.9589917983596719,1.0,1.128626410347693e-181
1.9599919983996799,1.0,3.4660592523124284e-182
1.9609921984396879,1.0,1.0642106309793808e-182
1.9619923984796959,1.0,3.266813833919784e-183
1.9629925985197039,1.0,1.0025952731770524e-183
1.9639927985597119,1.0,3.0763137825920754e-184
1.9649929985997199,1.0,9.437098957427265e-185
1.9659931986397279,1.0,2.8943325373077943e-185
1.9669933986797359,1.0,8.874818529094507e-186
1.9679935987197439,1.0,2.7206378131004495e-186
1.968993798759752,1.0,8.338370598573405e-187
1.96999399879976,1.0,2.554993866443887e-187
1.970994198839768,1.0,7.82700656240383e-188
1.971994398879776,1.0,2.3971634185411527e-188
1.972994598919784,1.0,7.339975577148361e-189
1.973994798959792,1.0,2.24690921923415e-189
1.9749949989998,1.0,6.87652894122224e-190
1.975995199039808,1.0,2.1039952588446997e-190
1.976995399079816,1.0,6.435923398189818e-191
1.977995599119824,1.0,1.9681876538404534e-191
1.978995799159832,1.0,6.017423465597968e-192
1.97999599919984,1.0,1.839255244797323e-192
1.980996199239848,1.0,5.620302924253231e-193
1.981996399279856,1.0,1.7169699522420814e-193
1.982996599319864,1.0,5.2438456177078854e-194
1.983996799359872,1.0,1.601106938496906e-194
1.98499699939988,1.0,4.8873457137644925e-195
1.985997199439888,1.0,1.4914446226774249e-195
1.986997399479896,1.0,4.550107572487882e-196
1.987997599519904,1.0,1.3877645925973235e-196
1.988997799559912,1.0,4.2314453518158785e-197
1.98999799959992,1.0,1.2898514524932563e-197
1.990998199639928,1.0,3.930682465716053e-198
1.991998399679936,1.0,1.1974926417413008e-198
1.992998599719944,1.0,3.64715105088574e-199
1.993998799759952,1.0,1.1104784482563278e-199
1.99499899979996,1.0,3.380197981061028e-200
1.995999199839968,1.0,1.028623529276931e-200
1.996999399879976,1.0,3.129898953776386e-201
1.997999599919984,1.0,9.541204142971442e-202
1.998999799959992,1.0,2.9745595596508416e-202
2.0,1.0,1.1466643260263183e-202
