-1.0,4.997623485317499,0.0010512868312510025,-4.388114663974144e-05,-7.268732737635197e-05,-9.830157419946378e-05
-0.997997997997998,4.9973856534250185,0.0011575073062647708,-4.601740383696427e-05,-7.623061421227545e-05,-0.0001031304429790759
-0.995995995995996,4.9970830920724385,0.0012925040975735505,-4.982651920968261e-05,-8.254590457711141e-05,-0.00011171632766421542
-0.993993993993994,4.996743633016296,0.0014438291891257058,-5.4958534015155566e-05,-9.105114989373506e-05,-0.00012325412789217693
-0.991991991991992,4.996370197261405,0.0016101770709667138,-6.120682163194202e-05,-0.00010140293850776995,-0.00013727104192033106
-0.98998998998999,4.995961396650838,0.0017921678174299919,-6.846802755100507e-05,-0.00011342956490278182,-0.0001535314594055564
-0.987987987987988,4.995515058419092,0.0019907707456629275,-7.670659175092287e-05,-0.00012707187401389316,-0.00017195392506451286
-0.985985985985986,4.995028833194334,0.0022070328292386056,-8.593068476361941e-05,-0.0001423431899369915,-0.00019255533915440087
-0.983983983983984,4.99450030627245,0.0024420292236347605,-9.617685830236425e-05,-0.0001593037885149602,-0.00021541567949882274
-0.9819819819819819,4.993927024817867,0.0026968513193199946,-0.00010750044971378747,-0.00017804495881223803,-0.00024065613833036467
-0.97997997997998,4.993306511204712,0.0029726009419532816,-0.00011996963375122568,-0.0001986791343109013,-0.00026842568045609325
-0.977977977977978,4.99263627438529,0.0032703854037588933,-0.00013366174578800658,-0.00022133379859185092,-0.00029889279433950605
-0.975975975975976,4.991913821240336,0.003591312545605139,-0.0001486610020538322,-0.0002461477089042323,-0.0003322404047133453
-0.973973973973974,4.991136668164092,0.0039364856648952526,-0.00016505706856866981,-0.00027326852557202743,-0.000368662685680036
-0.9719719719719719,4.990302352837272,0.0043069983550217085,-0.00018294413828624857,-0.00030285128174997863,-0.0004083629992580772
-0.96996996996997,4.989408446082334,0.004703929306127692,-0.00020242030692843287,-0.0003350573461022991,-0.0004515524874611333
-0.967967967967968,4.988452563681056,0.005128337121986058,-0.00022358711980204892,-0.0003700536669831287,-0.0004984490333956239
-0.965965965965966,4.987432378030298,0.005581255208772823,-0.00024654921260230717,-0.0004080121708744578,-0.000549276421819608
-0.963963963963964,4.986345629512036,0.00606368679089099,-0.00027141400042588154,-0.000449109239575904,-0.0006042635996325454
-0.9619619619619619,4.98519013745697,0.006576600107254626,-0.0002982913883167252,-0.0004935252222451961,-0.0006636439791576292
-0.95995995995996,4.983963810586721,0.0071209238386903025,-0.0003272934882902937,-0.0005414439575898395,-0.0007276547526026792
-0.957957957957958,4.98266465682763,0.007697542813453645,-0.0003585343348218026,-0.0005930522931232245,-0.0007965362013833287
-0.955955955955956,4.981290792399045,0.00830729403339495,-0.0003921295950311474,-0.0006485395953936051,-0.000870530993123887
-0.953953953953954,4.97984045009056,0.008950963058154944,-0.00042819627234848555,-0.0007080972492906599,-0.0009498834645784327
-0.9519519519519519,4.978311986655478,0.009629280779073426,-0.00046685240396778123,-0.0007719181470361659,-0.001034838891918064
-0.94994994994995,4.976703889261595,0.010342920608385469,-0.0005082167532940278,-0.0008401961689386236,-0.0011256427516937724
-0.9479479479479479,4.975014780954786,0.011092496102917277,-0.0005524084991054384,-0.0009131256588354697,-0.0012225399768328712
-0.9459459459459459,4.973243425105637,0.011878559035022804,-0.0005995469234293349,-0.0009909008975989373,-0.0013257742125704166
-0.943943943943944,4.971388728823905,0.012701597917072552,-0.0006497511002562433,-0.0010737155782847999,-0.0014355870774390915
-0.9419419419419419,4.969449745339932,0.013562036979549103,-0.0007031395872427358,-0.0011617622865421977,-0.0015522174344506931
-0.93993993993994,4.967425675365658,0.01446023559684346,-0.000759830122511457,-0.0012552319898294798,-0.0016759006774658947
-0.9379379379379379,4.9653158674606415,0.015396488149302792,-0.0008199393285665316,-0.001354313538828034,-0.001806868037507971
-0.9359359359359359,4.963119817439976,0.016371024305025888,-0.0008835824252170848,-0.001459193184234848,-0.001945345913458184
-0.933933933933934,4.960837166871355,0.01738400970042265,-0.0009508729532502838,-0.0015700541118601541,-0.002091555231195264
-0.9319319319319319,4.958467700717322,0.0184355469946997,-0.0010219225104249497,-0.0016870759986705377,-0.00224571083482407
-0.92992992992993,4.956011344186202,0.019525677270231964,-0.0010968405011731158,-0.001810434592109454,-0.0024080209131915912
-0.9279279279279279,4.953468158860997,0.020654381748248636,-0.0011757339012046474,-0.0019403013147043689,-0.0025786864644229703
-0.9259259259259259,4.95083833817992,0.02182158378739617,-0.0012587070380134452,-0.0020768428956395592,-0.0027579008007356004
-0.9239239239239239,4.948122202345085,0.02302715113152386,-0.001345861388086542,-0.0022202210306423464,-0.0029458490953146173
-0.9219219219219219,4.945320192737339,0.024270898372431942,-0.0014372953914229135,-0.0023705920712036818,-0.003142707972565692
-0.91991991991992,4.942432865915354,0.025552589593287538,-0.0015331042837799529,-0.0025281067438364503,-0.0033486451426079345
-0.9179179179179179,4.939460887276121,0.02687194115889752,-0.001633379946884815,-0.0026929098997708336,-0.0035638190804367625
-0.9159159159159159,4.936405024451834,0.028228624619969254,-0.001738210776677339,-0.0028651402951990917,-0.003788378749778765
-0.9139139139139139,4.933266140515209,0.029622269699826457,-0.00184768156949266,-0.003044930401915045,-0.004022463371281677
-0.9119119119119119,4.930045187061502,0.031052467333718584,-0.0019618734259462638,-0.003232406247948527,-0.0042662022343359085
-0.9099099099099099,4.926743197231109,0.03251877273279453,-0.0020808636721530113,-0.0034276872875737786,-0.004519714551511569
-0.9079079079079079,4.923361278731785,0.034020708446952805,-0.0022047257977951514,-0.003630886299874054,-0.004783109354317984
-0.9059059059059059,4.919900606914346,0.03555776740306347,-0.0023335294104527833,-0.0038421093148730866,-0.005056485428751879
-0.9039039039039038,4.916362417950285,0.037129415897426556,-0.002467340205523602,-0.004061455566097465,-0.0053399312888956435
-0.9019019019019019,4.912748002154292,0.03873509652374493,-0.002606219950986719,-0.004289017468311915,-0.005633525186657411
-0.8998998998998999,4.909058697489121,0.040374231020292355,-0.0027502264862074607,-0.004524880619071144,-0.005937335155609243
-0.8978978978978979,4.905295883284925,0.04204622302231719,-0.002899413733935536,-0.004769123822656114,-0.006251419086776435
-0.8958958958958959,4.901460974199926,0.04375046070800321,-0.003053831724617091,-0.00502181913490805,-0.006575824834158153
-0.8938938938938938,4.897555414444318,0.045486319328485195,-0.0032135266321208734,-0.0052830319274384955,-0.006910590347714778
-0.8918918918918919,4.89358067228461,0.04725316361446901,-0.0033785408199692095,-0.0055528209696768535,-0.007255743831538434
-0.8898898898898899,4.889538234841265,0.04905035005391374,-0.00354891289716443,-0.005831238527215979,-0.00761130392492708
-0.8878878878878879,4.885429603188419,0.05087722903698948,-0.003724677782710021,-0.006118330474930176,-0.007977279904107409
-0.8858858858858859,4.881256287760864,0.052733146866121176,-0.0039058667779416664,-0.006414136423366139,-0.008353671902394338
-0.8838838838838838,4.877019804070139,0.05461744763036405,-0.004092507645805941,-0.006718689856944763,-0.008740471146633276
-0.8818818818818819,4.872721668728683,0.05652947494462589,-0.004284624696252176,-0.00703201828255802,-0.009137660207842534
-0.8798798798798799,4.868363395778437,0.058468573555368726,-0.004482238876935437,-0.007354143387199389,-0.009545213264055476
-0.8778778778778779,4.863946493318066,0.060434090815379975,-0.004685367868464538,-0.007685081203326418,-0.009963096373452964
-0.8758758758758759,4.859472460421119,0.06242537803102054,-0.004894026183467657,-0.008024842280718964,-0.010391267755973842
-0.8738738738738738,4.854942784335862,0.06444179168603277,-0.00510822526878896,-0.008373431863665315,-0.010829678081693946
-0.8718718718718719,4.850358937956262,0.0664826945465449,-0.005327973610171724,-0.008730850072379039,-0.011278270764369486
-0.8698698698698699,4.845722377552601,0.06854745665234097,-0.005553276838826201,-0.009097092087621649,-0.011736982258648158
-0.8678678678678678,4.841034540749439,0.07063545619979125,-0.005784137839323673,-0.009472148337578826,-0.012205742359559122
-0.8658658658658659,4.836296844738112,0.07274608032206945,-0.006020556858300761,-0.009856004686110005,-0.012684474503000137
-0.8638638638638638,4.831510684710607,0.0748787257724327,-0.0062625316135004,-0.01024864262156256,-0.013173096066045777
-0.8618618618618619,4.826677432501489,0.07703279951640592,-0.006510057402716817,-0.01065003944541128,-0.013671518666003689
-0.8598598598598599,4.821798435424545,0.0792077192387209,-0.006763127212252051,-0.011060168460051437,-0.014179648457245914
-0.8578578578578578,4.816875015290914,0.08140291377080962,-0.007021731824529706,-0.011478999155138867,-0.014697386424938603
-0.8558558558558559,4.811908467595693,0.08361782344455145,-0.007285859924548594,-0.01190649739193289,-0.01522462867488571
-0.8538538538538538,4.806900060860323,0.08585190037783778,-0.007555498204893856,-0.012342625585157183,-0.015761266718790145
-0.8518518518518519,4.801851036118447,0.0881046086973462,-0.007830631469056304,-0.012787342881950147,-0.01630718775431892
-0.8498498498498499,4.796762606533383,0.09037542470371997,-0.008111242732841804,-0.013240605337529162,-0.016862274939437462
-0.8478478478478478,4.7916359571358305,0.09266383698413387,-0.008397313323681965,-0.01370236608724312,-0.01742640766055145
-0.8458458458458459,4.786472244670977,0.09496934647699529,-0.008688822977684417,-0.014172575514733778,-0.01799946179406368
-0.8438438438438438,4.781272597544701,0.09729146649328821,-0.00898574993428645,-0.01465118141596989,-0.018581309961016645
-0.8418418418418419,4.776038115859154,0.09962972269882187,-0.009288071028399132,-0.015138129158957946,-0.019171821774551265
-0.8398398398398399,4.770769871528544,0.10198365306139556,-0.009595761779950543,-0.015633361838970145,-0.019770864079965953
-0.8378378378378378,4.76546890846655,0.10435280776663958,-0.009908796480756514,-0.016136820429164006,-0.020378301187210613
-0.8358358358358359,4.760136242837327,0.10673674910604906,-0.010227148278665287,-0.016648443926498994,-0.020993995095695453
-0.8338338338338338,4.754772863362638,0.10913505134048204,-0.010550789258938917,-0.01716816949288347,-0.021617805711336223
-0.8318318318318318,4.749379731678167,0.11154730054215838,-0.0108796905228489,-0.017695932591510744,-0.022249591055794656
-0.8298298298298299,4.7439577827326165,0.11397309441796918,-0.011213822263476952,-0.01823166711836593,-0.02288920746790708
-0.8278278278278278,4.738507925223659,0.1164120421166863,-0.011553153838723762,-0.0187753055289059,-0.023536509797324322
-0.8258258258258259,4.7330310420653205,0.1188637640224515,-0.011897653841539025,-0.0193267789599328,-0.02419135159041284
-0.8238238238238238,4.7275279908818115,0.12132789153672575,-0.012247290167395725,-0.019886017346697975,-0.024853585268491393
-0.8218218218218218,4.721999604523257,0.12380406685069201,-0.012602030079039586,-0.02045294953528742,-0.025523062298498187
-0.8198198198198199,4.716446691599196,0.12629194270992136,-0.012961840268552035,-0.021027503390352517,-0.026199633356202116
-0.8178178178178178,4.710870037026083,0.12879118217295116,-0.013326686916771266,-0.021609605898260456,-0.026883148482087723
-0.8158158158158157,4.705270402585407,0.13130145836525953,-0.01369653575012113,-0.022199183265748393,-0.02757345723005687
-0.8138138138138138,4.699648527489353,0.13382245422998063,-0.014071352094902512,-0.022796161014173186,-0.028270408809102206
-0.8118118118118118,4.694005128951273,0.1363538622765631,-0.014451100929105237,-0.02340046406945537,-0.02897385221811695
-0.8098098098098099,4.688340902758496,0.13889538432844792,-0.014835746931802027,-0.024012016847821477,-0.029683636374013514
-0.8078078078078078,4.682656523845292,0.14144673127072793,-0.015225254530188224,-0.024630743337453246,-0.030399610233329894
-0.8058058058058057,4.676952646864051,0.1440076227986375,-0.01561958794433323,-0.025256567176156108,-0.03112162290750819
-0.8038038038038038,4.6712299067529495,0.14657778716762512,-0.016018711229710957,-0.02588941172516155,-0.03184952377203238
-0.8018018018018018,4.66548891929862,0.14915696094566822,-0.01642258831757755,-0.02652920013918037,-0.03258316256961642
-0.7997997997997999,4.659730281692489,0.15174488876840395,-0.01683118305326535,-0.027175855432824466,-0.03332238950763363
-0.7977977977977978,4.653954573079663,0.15434132309757517,-0.017244459232462227,-0.02782930054351606,-0.034067055349980425
-0.7957957957957957,4.648162355099379,0.15694602398322124,-0.017662380635545486,-0.028489458391002677,-0.03481701150356626
-0.7937937937937938,4.64235417241618,0.15955875882997572,-0.018084911060039108,-0.029156251933596302,-0.03557211009962109
-0.7917917917917918,4.636530553241128,0.1621793021677793,-0.018512014351262537,-0.029829604221253875,-0.036332204070010046
-0.7897897897897898,4.630692009842461,0.1648074354272631,-0.01894365443123859,-0.030509438445615367,-0.03709714721874291
-0.7877877877877878,4.624839039045227,0.16744294672000756,-0.019379795325926766,-0.031195677987114034,-0.037866794288863324
-0.7857857857857857,4.618972122719516,0.17008563062384413,-0.019820401190847575,-0.031888246459271484,-0.03864100102489952
-0.7837837837837838,4.6130917282569985,0.17273528797332602,-0.020265436335161736,-0.03258706775028826,-0.039419624231055155
-0.7817817817817818,4.6071983090355575,0.1753917256554602,-0.020714865244267286,-0.033292066062038855,-0.04020252182531541
-0.7797797797797797,4.601292304871868,0.17805475641076413,-0.0211686526009757,-0.03400316594657655,-0.04098955288963871
-0.7777777777777778,4.5953741424618455,0.18072419863968317,-0.021626763305326972,-0.03472029234025222,-0.04178057771640148
-0.7757757757757757,4.5894442358089345,0.1833998762143785,-0.02208916249310166,-0.035443370595547474,-0.04257545785125799
-0.7737737737737738,4.583502986640251,0.18608161829587905,-0.02255581555308669,-0.03617232651072089,-0.04337405613257387
-0.7717717717717718,4.577550784810643,0.18876925915656836,-0.023026688143149766,-0.0369070863573621,-0.04417623672758646
-0.7697697697697697,4.571588008694778,0.1914626380079616,-0.023501746205175537,-0.037647576905946646,-0.04498186516544159
-0.7677677677677678,4.565615025567366,0.19416159883371764,-0.023980955978915204,-0.03839372544948117,-0.04579080836725053
-0.7657657657657657,4.55963219197169,0.19686599022781384,-0.02446428401479938,-0.03914545982532569,-0.046602934673307894
-0.7637637637637638,4.553639854076627,0.19957566523780557,-0.024951697185762362,-0.03990270843527698,-0.047418113867604895
-0.7617617617617618,4.547638348022347,0.20229048121308082,-0.025443162698124362,-0.040665400263994206,-0.04823621719976917
-0.7597597597597597,4.541628000254918,0.205010299658013,-0.025938648101576485,-0.041433464895844804,-0.049057117404556976
-0.7577577577577578,4.5356091278500426,0.20773498608991184,-0.026438121298311672,-0.042206832530246464,-0.04988068871901966
-0.7557557557557557,4.529582038826167,0.21046440990166373,-0.026941550551343296,-0.04298543399557756,-0.05070680689746134
-0.7537537537537538,4.523547032447222,0.21319844422895204,-0.027448904492051278,-0.0437692007617264,-0.051535349224300885
-0.7517517517517518,4.517504399515238,0.21593696582194263,-0.027960152126994244,-0.04455806495134619,-0.05236619452494639
-0.7497497497497497,4.511454422653113,0.21867985492131944,-0.028475262844024834,-0.045351959349881024,-0.0531992231747873
-0.7477477477477478,4.505397376577778,0.2214269951385508,-0.028994206417743335,-0.046150817414424665,-0.054034317106403475
-0.7457457457457457,4.499333528364058,0.22417827334027185,-0.029516953014323975,-0.04695457328147197,-0.05487135981508816
-0.7437437437437437,4.493263137699464,0.2269335795366615,-0.030043473195746326,-0.04776316177362059,-0.055710236362777346
-0.7417417417417418,4.487186457130201,0.229692806773697,-0.030573737923463233,-0.04857651840527743,-0.056550833380473675
-0.7397397397397397,4.481103732298657,0.23245585102916858,-0.031107718561535047,-0.04939457938742294,-0.057393039069250223
-0.7377377377377378,4.475015202172635,0.23522261111233786,-0.031645386879259246,-0.05021728163148389,-0.058236743199915605
-0.7357357357357357,4.4689210992665815,0.23799298856712292,-0.03218671505332229,-0.05104456275236226,-0.05908183711141783
-0.7337337337337337,4.462821649855084,0.2407668875786999,-0.032731675669500596,-0.05187636107066756,-0.059928213708062145
-0.7317317317317318,4.456717074178869,0.24354421488340677,-0.03328024172393537,-0.052712615614195955,-0.06077576745561385
-0.7297297297297297,4.450607586643569,0.24632487968183925,-0.03383238662400536,-0.053553266118699365,-0.06162439437635425
-0.7277277277277278,4.444493396011495,0.24910879355503396,-0.03438808418882055,-0.05439825302798425,-0.06247399204315514
-0.7257257257257257,4.438374705586639,0.25189587038363126,-0.03494730864935861,-0.05524751749337951,-0.06332445957263384
-0.7237237237237237,4.432251713393158,0.25468602626991604,-0.03551003464826508,-0.05610100137261007,-0.0641756976174487
-0.7217217217217218,4.4261246123475555,0.25747917946263615,-0.03607623723933716,-0.05695864722811153,-0.06502760835779102
-0.7197197197197197,4.41999359042479,0.2602752502844995,-0.036645891886709976,-0.05782039832481946,-0.06588009549212827
-0.7177177177177176,4.413858830818504,0.263074161062258,-0.03721897446376407,-0.05868619862746593,-0.06673306422724994
-0.7157157157157157,4.407720512095617,0.2658758360592821,-0.037795461251770475,-0.059555992797413415,-0.06758642126766504
-0.7137137137137137,4.401578808345447,0.2686802014105391,-0.03837532893829073,-0.0604297261890556,-0.0684400748043982
-0.7117117117117118,4.3954338893235905,0.2714871850598862,-0.038958554615346974,-0.06130734484581303,-0.0692939345032294
-0.7097097097097097,4.389285920590727,0.2742967166995956,-0.0395451157773774,-0.062188795495749814,-0.07014791149241888
-0.7077077077077076,4.383135063646549,0.27710872771202777,-0.04013499031899099,-0.06307402554683728,-0.07100191834995892
-0.7057057057057057,4.376981476058986,0.27992315111337596,-0.040728156532535434,-0.06396298308188798,-0.07185586909038968
-0.7037037037037037,4.370825311588904,0.2827399214994034,-0.041324593105490755,-0.06485561685318346,-0.07270967915121637
-0.7017017017017018,4.364666720310445,0.28555897499310046,-0.04192427911770125,-0.06575187627681753,-0.07356326537896242
-0.6996996996996997,4.358505848727157,0.2883802491941892,-0.04252719403845701,-0.06665171142677567,-0.07441654601489142
-0.6976976976976976,4.352342839884094,0.29120368313040645,-0.043133317723436454,-0.0675550730287702,-0.07526944068042904
-0.6956956956956957,4.3461778334760135,0.2940292172104984,-0.04374263041152026,-0.06846191245385043,-0.07612187036231521
-0.6936936936936937,4.3400109659518336,0.2968567931788641,-0.04435511272148652,-0.0693721817118053,-0.07697375739751408
-0.6916916916916918,4.3338423706154785,0.299686354071781,-0.04497074564859691,-0.07028583344437511,-0.07782502545790872
-0.6896896896896897,4.327672177723261,0.30251784417515803,-0.045589510561082534,-0.07120282091828921,-0.07867559953480593
-0.6876876876876876,4.321500514577913,0.3053512089837548,-0.0462113891965385,-0.07212309801814433,-0.0795254059232753
-0.6856856856856857,4.315327505619413,0.30818639516181306,-0.046836363658234556,-0.07304661923913808,-0.08037437220634457
-0.6836836836836837,4.309153272512711,0.3110233505050443,-0.047464416411350296,-0.0739733396796716,-0.08122242723907347
-0.6816816816816818,4.302977934232487,0.3138620239039241,-0.048095530279141645,-0.074903215033834,-0.08206950113252574
-0.6796796796796797,4.296801607145033,0.31670236530824236,-0.048729688439045744,-0.07583620158378146,-0.082915525237659
-0.6776776776776776,4.290624405087394,0.31954432569286223,-0.0493668744187306,-0.07677225619202206,-0.08376043212914994
-0.6756756756756757,4.284446439443842,0.32238785702463946,-0.050007072092096136,-0.07771133629361794,-0.08460415558917272
-0.6736736736736737,4.278267819219814,0.3252329122304596,-0.050650265675231745,-0.07865339988831481,-0.08544663059114574
-0.6716716716716717,4.272088651113385,0.32807944516634924,-0.05129643972233657,-0.07959840553260915,-0.08628779328346257
-0.6696696696696697,4.2659090395843835,0.3309274105876204,-0.05194557912160721,-0.08054631233176167,-0.08712758097322099
-0.6676676676676676,4.259729086921241,0.33377676412000934,-0.0525976690910982,-0.08149707993176727,-0.08796593210996388
-0.6656656656656657,4.253548893305642,0.33662746223176854,-0.053252695174559835,-0.08245066851128845,-0.0888027862694444
-0.6636636636636637,4.2473685568750845,0.3394794622066789,-0.053910643237257215,-0.08340703877356032,-0.08963808413742666
-0.6616616616616617,4.241188173783411,0.3423327221179433,-0.05457149946177543,-0.08436615193827546,-0.09047176749353424
-0.6596596596596597,4.235007838259394,0.3451872008029318,-0.055235250343814345,-0.08532796973345472,-0.09130377919515578
-0.6576576576576576,4.22882764266345,0.34804285783873945,-0.05590188268797677,-0.08629245438731102,-0.09213406316141817
-0.6556556556556556,4.222647677542548,0.3508996535185323,-0.056571383603553356,-0.08725956862011233,-0.092962564357236
-0.6536536536536537,4.216468031683391,0.35375754882864585,-0.057243740500307484,-0.08822927563604899,-0.09378922877744537
-0.6516516516516517,4.210288792163921,0.35661650542640927,-0.057918941084263625,-0.08920153911511199,-0.09461400343103125
-0.6496496496496497,4.20411004440323,0.35947648561866763,-0.05859697335350125,-0.09017632320498656,-0.09543683632545417
-0.6476476476476476,4.1979318722099155,0.36233745234097225,-0.059277825593957625,-0.0911535925129658,-0.09625767645108407
-0.6456456456456456,4.191754357828957,0.3651993691374193,-0.05996148637524181,-0.09213331209788954,-0.09707647376574736
-0.6436436436436437,4.185577581987163,0.36806220014110264,-0.060647944546462114,-0.09311544746211185,-0.0978931791793929
-0.6416416416416417,4.179401623937242,0.370925910055166,-0.06133718923206931,-0.0940999645435018,-0.0987077445388824
-0.6396396396396397,4.173226561500549,0.3737904641344251,-0.062029209827717605,-0.0950868297074805,-0.09952012261291045
-0.6376376376376376,4.16705247110856,0.3766558281675403,-0.06272399599614531,-0.09607600973909845,-0.10033026707705787
-0.6356356356356356,4.160879427843124,0.3795219684597165,-0.06342153766307708,-0.09706747183515652,-0.10113813249898389
-0.6336336336336337,4.154707505475529,0.3823888518159131,-0.06412182501314913,-0.09806118359637157,-0.1019436743237596
-0.6316316316316316,4.148536776504444,0.3852564455245391,-0.06482484848585898,-0.09905711301959318,-0.10274684885934701
-0.6296296296296297,4.142367312192763,0.3881247173416181,-0.06553059877154177,-0.10005522849006993,-0.10354761326222661
-0.6276276276276276,4.136199182603404,0.39099363547540356,-0.06623906680737326,-0.1010554987737703,-0.10434592552317574
-0.6256256256256256,4.130032456634092,0.393863168571426,-0.06695024377340211,-0.10205789300975987,-0.10514174445320126
-0.6236236236236237,4.123867202051184,0.3967332856979553,-0.0676641210886111,-0.10306238070263493,-0.10593502966962741
-0.6216216216216216,4.117703485522543,0.39960395633186335,-0.0683806904070096,-0.1040689317150175,-0.10672574158234222
-0.6196196196196196,4.111541372649522,0.4024751503448667,-0.06909994361375756,-0.10507751626011042,-0.10751384138020295
-0.6176176176176176,4.10538092799809,0.40534683799013865,-0.06982187282132134,-0.10608810489431547,-0.10829929101760243
-0.6156156156156156,4.0992222151291156,0.40821898988927485,-0.07054647036566382,-0.10710066850991623,-0.10908205320119826
-0.6136136136136137,4.0930652966278585,0.4110915770195947,-0.07127372880246732,-0.10811517832782518,-0.10986209137680408
-0.6116116116116116,4.086910234132688,0.4139645707017702,-0.07200364090339162,-0.10913160589039804,-0.11063936971644579
-0.6096096096096096,4.080757088363069,0.4168379425877639,-0.0727361996523667,-0.11014992305431506,-0.11141385310558143
-0.6076076076076076,4.074605919146832,0.41971166464906706,-0.07347139824192117,-0.11117010198353028,-0.11218550713048647
-0.6056056056056056,4.06845678544676,0.42258570916522326,-0.0742092300695464,-0.11219211514229008,-0.1129542980658043
-0.6036036036036037,4.062309745386534,0.4254600487126256,-0.07494968873409696,-0.11321593528822063,-0.11372019286226108
-0.6016016016016016,4.0561648562760215,0.4283346561535784,-0.07569276803222763,-0.11424153546548577,-0.11448315913454692
-0.5995995995995996,4.050022174635988,0.4312095046256084,-0.07643846195486717,-0.11526888899801489,-0.11524316514936073
-0.5975975975975976,4.043881756222208,0.4340845675310179,-0.0771867646837288,-0.11629796948280148,-0.11600017981362018
-0.5955955955955956,4.037743656049029,0.43695981852666643,-0.07793767058785835,-0.11732875078327294,-0.11675417266283532
-0.5935935935935936,4.031607928412395,0.43983523151397513,-0.07869117422021894,-0.11836120702273094,-0.11750511384964567
-0.5915915915915916,4.025474626912355,0.4427107806291397,-0.07944727031431335,-0.11939531257786304,-0.11825297413251952
-0.5895895895895895,4.019343804475084,0.44558644023354377,-0.08020595378084357,-0.12043104207232565,-0.11899772486461514
-0.5875875875875876,4.013215513374428,0.44846218490436424,-0.08096721970440734,-0.12146837037039766,-0.11973933798280265
-0.5855855855855856,4.007089805252996,0.45133798942536146,-0.08173106334023233,-0.1225072725707051,-0.12047778599684524
-0.5835835835835836,4.000966731142821,0.45421382877783967,-0.08249748011094706,-0.12354772400001662,-0.12121304197873917
-0.5815815815815816,3.994846341485602,0.4570896781317747,-0.08326646560338863,-0.12458970020710904,-0.12194507955221064
-0.5795795795795795,3.9887286861525504,0.4599655128371013,-0.0840380155654476,-0.12563317695670312,-0.12267387288236856
-0.5775775775775776,3.9826138144638588,0.4628413084151468,-0.08481212590294948,-0.12667813022346958,-0.12339939666551203
-0.5755755755755756,3.9765017752078022,0.46571704055020835,-0.08558879267657217,-0.12772453618610344,-0.1241216261190904
-0.5735735735735736,3.9703926166594967,0.46859268508126417,-0.08636801209879998,-0.1287723712214678,-0.12484053697181503
-0.5715715715715716,3.9642863865993223,0.4714682179938122,-0.08714978053091334,-0.12982161189880626,-0.12555610545392074
-0.5695695695695695,3.958183132331036,0.47434361541182846,-0.08793409448001412,-0.1308722349740223,-0.1262683082875754
-0.5675675675675675,3.952082900699579,0.4772188535898386,-0.08872095059608617,-0.13192421738402643,-0.12697712267743577
-0.5655655655655656,3.9459857381086016,0.48009390890509557,-0.08951034566909093,-0.13297753624114947,-0.1276825263013484
-0.5635635635635636,3.9398916905377157,0.48296875784985843,-0.09030227662609759,-0.1340321688276224,-0.12838449730119297
-0.5615615615615616,3.9338008035594867,0.48584337702376196,-0.09109674052844735,-0.13508809259012047,-0.1290830142738666
-0.5595595595595595,3.927713122356186,0.4887177431262756,-0.09189373456895156,-0.13614528513437224,-0.1297780562624073
-0.5575575575575575,3.921628691736306,0.49159183294924275,-0.09269325606912354,-0.13720372421983246,-0.13046960274725455
-0.5555555555555556,3.9155475561508637,0.49446562336949496,-0.09349530247644318,-0.13826338775441754,-0.1311576336376451
-0.5535535535535536,3.9094697597094927,0.49733909134153437,-0.09429987136165392,-0.13932425378930324,-0.13184212926314143
-0.5515515515515516,3.903395346196343,0.500212213890281,-0.09510696041609244,-0.14038630051378345,-0.13252307036529168
-0.5495495495495495,3.897324359085801,0.5030849681038762,-0.0959165674490494,-0.14144950625018943,-0.13320043808941806
-0.5475475475475475,3.8912568415580386,0.505957331126539,-0.09672869038516216,-0.14251384944886877,-0.13387421397653315
-0.5455455455455456,3.8851928365144013,0.5088292801514691,-0.09754332726183709,-0.14357930868322222,-0.13454437995537938
-0.5435435435435436,3.8791323865926532,0.5117007924137911,-0.09836047622670357,-0.14464586264479928,-0.13521091833459264
-0.5415415415415415,3.873075534182083,0.5145718451835332,-0.09918013553509651,-0.14571349013844945,-0.1358738117949853
-0.5395395395395395,3.867022321438485,0.5174424157586395,-0.10000230354756874,-0.14678217007752942,-0.13653304338194786
-0.5375375375375375,3.8609727902990265,0.5203124814580053,-0.10082697872743192,-0.14785188147916567,-0.13718859649796614
-0.5355355355355356,3.8549269824970076,0.5231820196145341,-0.10165415963832583,-0.1489226034595703,-0.13784045489525354
-0.5335335335335336,3.848884939576533,0.5260510075682107,-0.10248384494181521,-0.14999431522940956,-0.13848860266849275
-0.5315315315315315,3.8428467029070927,0.5289194226591826,-0.10331603339501375,-0.15106699608922425,-0.13913302424768897
-0.5295295295295295,3.836812313698074,0.5317872422208505,-0.10415072384823454,-0.15214062542490117,-0.13977370439112843
-0.5275275275275275,3.8307818130132065,0.5346544435729554,-0.10498791524266692,-0.15321518270319345,-0.14041062817844277
-0.5255255255255256,3.8247552417849544,0.5375210040146661,-0.10582760660807854,-0.15429064746729007,-0.14104378100377507
-0.5235235235235236,3.8187326408288635,0.540386900817655,-0.10666979706054248,-0.1553669993324328,-0.1416731485690465
-0.5215215215215215,3.8127140508578705,0.5432521112191598,-0.10751448580018882,-0.15644421798157943,-0.14229871687732099
-0.5195195195195195,3.8066995124965897,0.5461166124150308,-0.10836167210898,-0.15752228316111277,-0.14292047222626464
-0.5175175175175175,3.800689066295582,0.5489803815527501,-0.10921135534850913,-0.15860117467659293,-0.14353840120169917
-0.5155155155155156,3.7946827527456155,0.5518433957244275,-0.1100635349578217,-0.159680872388554,-0.1441524906712456
-0.5135135135135136,3.7886806122919277,0.5547056319597612,-0.11091821045125862,-0.1607613562083416,-0.14476272777805677
-0.5115115115115115,3.7826826853484987,0.5575670672189629,-0.1117753814163213,-0.16184260609399204,-0.14536909993463573
-0.5095095095095095,3.7766890123123464,0.560427678385641,-0.11263504751155766,-0.1629246020461513,-0.1459715948167385
-0.5075075075075075,3.770699633577846,0.5632874422596376,-0.11349720846446847,-0.16400732410403232,-0.14657020035735777
-0.5055055055055055,3.76471458955109,0.5661463355498142,-0.11436186406943333,-0.16509075234140916,-0.14716490474078534
-0.5035035035035035,3.7587339206642945,0.5690043348667827,-0.11522901418565627,-0.1661748668626492,-0.14775569639675237
-0.5015015015015015,3.7527576673902607,0.5718614167155731,-0.11609865873512969,-0.16725964779877833,-0.14834256399464282
-0.49949949949949946,3.7467858702568977,0.5747175574882424,-0.11697079770061643,-0.16834507530358186,-0.1489254964377793
-0.4974974974974975,3.740818569861825,0.5775727334564076,-0.11784543112364965,-0.16943112954973735,-0.1495044828577786
-0.49549549549549554,3.734855806887048,0.5804269207637085,-0.11872255910254945,-0.17051779072497925,-0.15007951260897423
-0.4934934934934935,3.728897622113732,0.5832800954181878,-0.11960218179045541,-0.171605039028294,-0.1506505752629035
-0.4914914914914915,3.7229440564370706,0.5861322332845926,-0.1204842993933757,-0.17269285466614426,-0.15121766060285718
-0.48948948948948945,3.7169951508812638,0.5889833100765819,-0.12136891216825081,-0.17378121784872128,-0.1517807586184889
-0.4874874874874875,3.711050946614613,0.5918333013488449,-0.12225602042103224,-0.17487010878622403,-0.15233985950048232
-0.48548548548548554,3.7051114849647426,0.5946821824891177,-0.1231456245047747,-0.17595950768516397,-0.15289495363527317
-0.48348348348348347,3.699176807433955,0.5975299287101004,-0.12403772481774263,-0.17704939474469367,-0.15344603159982373
-0.4814814814814815,3.6932469557147303,0.600376515041262,-0.12493232180152897,-0.17813975015295985,-0.15399308415644822
-0.47947947947947944,3.6873219717053787,0.6032219163205386,-0.12582941593918606,-0.17923055408347635,-0.15453610224768505
-0.4774774774774775,3.681401897525852,0.6060661071859048,-0.12672900775336943,-0.18032178669152008,-0.155075076991215
-0.47547547547547553,3.675486775533728,0.6089090620668317,-0.12763109780449114,-0.18141342811054384,-0.155609999674822
-0.47347347347347346,3.6695766483403767,0.6117507551756085,-0.12853568668888546,-0.18250545844860996,-0.15614086175139458
-0.4714714714714715,3.663671558827309,0.6145911604985372,-0.12944277503698318,-0.18359785778483817,-0.15666765483396441
-0.46946946946946944,3.657771550162729,0.6174302517869845,-0.1303523635114964,-0.1846906061658711,-0.15719037069078162
-0.4674674674674675,3.6518766658182895,0.6202680025482914,-0.13126445280561205,-0.18578368360235298,-0.1577090012404217
-0.4654654654654655,3.6459869495860677,0.6231043860365354,-0.13217904364119293,-0.18687707006542142,-0.15822353854692325
-0.46346346346346345,3.640102445595765,0.6259393752431346,-0.13309613676698828,-0.18797074548321172,-0.15873397481495435
-0.4614614614614615,3.6342231983321387,0.6287729428872962,-0.1340157329568502,-0.18906468973737034,-0.15924030238500306
-0.45945945945945943,3.6283492526526864,0.6316050614062954,-0.1349378330079573,-0.19015888265957792,-0.1597425137285916
-0.4574574574574575,3.622480653805576,0.6344357029455869,-0.13586243773904488,-0.19125330402808102,-0.16024060144351066
-0.4554554554554555,3.616617447447846,0.6372648393487382,-0.1367895479886404,-0.1923479335642286,-0.16073455824907135
-0.45345345345345345,3.610759679663878,0.6400924421471793,-0.1377191646133042,-0.19344275092901472,-0.16122437698137207
-0.4514514514514515,3.60490739698415,0.6429184825497662,-0.13865128848587469,-0.19453773571962416,-0.16171005058857815
-0.4494494494494494,3.59906064640429,0.6457429314321509,-0.13958592049371824,-0.19563286746598113,-0.1621915721262118
-0.44744744744744747,3.5932194754044238,0.6485657593259487,-0.14052306153698152,-0.196728125627298,-0.1626689347524484
-0.4454454454454454,3.5873839319688465,0.6513869364077024,-0.1414627125268481,-0.19782348958862464,-0.16314213172341868
-0.44344344344344344,3.5815540646060122,0.6542064324876332,-0.1424048743837968,-0.19891893865739477,-0.16361115638851198
-0.4414414414414415,3.5757299223688563,0.6570242169981743,-0.1433495480358624,-0.20001445205996934,-0.16407600218567936
-0.4394394394394394,3.569911554875469,0.6598402589822777,-0.14429673441689722,-0.20111000893817588,-0.1645366626367331
-0.43743743743743746,3.564099012330119,0.6626545270814949,-0.14524643446483526,-0.2022055883458402,-0.16499313134264085
-0.4354354354354354,3.558292345544643,0.6654669895238153,-0.1461986491199548,-0.20330116924531208,-0.16544540197880991
-0.43343343343343343,3.5524916059602147,0.668277614111266,-0.14715337932314274,-0.20439673050398027,-0.16589346829036125
-0.4314314314314315,3.5466968456694983,0.6710863682072569,-0.14811062601415734,-0.205492250890778,-0.16633732408738836
-0.4294294294294294,3.540908117439199,0.6738932187236734,-0.14907039012989104,-0.20658770907267568,-0.16677696324019992
-0.42742742742742745,3.5351254747330283,0.6766981321077045,-0.15003267260263073,-0.2076830836111599,-0.16721237967454172
-0.4254254254254254,3.529348971735081,0.6795010743283983,-0.15099747435831692,-0.20877835295869726,-0.16764356736679686
-0.42342342342342343,3.5235786633736508,0.6823020108629447,-0.15196479631480042,-0.20987349545518216,-0.16807052033916006
-0.42142142142142147,3.5178146053454817,0.6851009066826713,-0.1529346393800961,-0.21096848932436452,-0.1684932326547836
-0.4194194194194194,3.512056854140478,0.6878977262387501,-0.15390700445063304,-0.21206331267025907,-0.16891169841289239
-0.41741741741741745,3.506305467066876,0.6906924334476067,-0.15488189240950131,-0.2131579434735319,-0.16932591174386433
-0.4154154154154154,3.5005605022768926,0.693484991676024,-0.15585930412469506,-0.21425235958786482,-0.1697358668042749
-0.4134134134134134,3.494822018792863,0.6962753637259337,-0.1568392404473496,-0.21534653873629342,-0.1701415577719
-0.41141141141141147,3.489090076533873,0.6990635118188914,-0.1578217022099747,-0.21644045850752008,-0.17054297884067762
-0.4094094094094094,3.4833647363429083,0.701849397580222,-0.15880669022468197,-0.21753409635219711,-0.1709401242156227
-0.40740740740740744,3.477646060014519,0.7046329820228328,-0.15979420528140603,-0.21862742957918072,-0.17133298810769307
-0.4054054054054054,3.471934110323023,0.7074142255306887,-0.1607842481461194,-0.21972043535175312,-0.17172156472860384
-0.4034034034034034,3.4662289510512507,0.710193087841934,-0.16177681955904127,-0.2208130906838107,-0.1721058482855865
-0.40140140140140146,3.4605306470198505,0.7129695280316645,-0.16277192023283757,-0.2219053724360166,-0.17248583297609005
-0.3993993993993994,3.454839264117156,0.7157435044943311,-0.1637695508508152,-0.22299725731191664,-0.17286151298242125
-0.39739739739739743,3.4491548693296408,0.7185149749257786,-0.16476971206510715,-0.22408872185401577,-0.17323288246632032
-0.39539539539539537,3.443477530772956,0.7212838963049053,-0.16577240449484928,-0.22517974243981353,-0.17359993556346945
-0.3933933933933934,3.437807317723578,0.7240502248749351,-0.16677762872434854,-0.22627029527779685,-0.17396266637793095
-0.39139139139139134,3.4321443006510624,0.726813916124303,-0.16778538530124146,-0.22736035640338756,-0.17432106897651142
-0.3893893893893894,3.4264885512509284,0.7295749247671363,-0.16879567473464352,-0.228449901674843,-0.1746751373830494
-0.3873873873873874,3.4208401424781747,0.7323332047233322,-0.16980849749328855,-0.22953890676910887,-0.17502486557262312
-0.38538538538538536,3.4151991485814452,0.7350887090982218,-0.17082385400365627,-0.23062734717761937,-0.1753702474656747
-0.3833833833833834,3.4095656451378487,0.7378413901618125,-0.17184174464809115,-0.23171519820204642,-0.17571127692204846
-0.38138138138138133,3.4039397090884473,0.7405911993276052,-0.1728621697629083,-0.23280243494999253,-0.17604794773493962
-0.3793793793793794,3.3983214187744224,0.7433380871309734,-0.17388512963648814,-0.2338890323306264,-0.17638025362474968
-0.3773773773773774,3.392710853973927,0.7460820032071079,-0.17491062450735895,-0.23497496505026044,-0.17670818823284673
-0.37537537537537535,3.387108095939636,0.7488228962685074,-0.17593865456226743,-0.23606020760786517,-0.17703174511522615
-0.3733733733733734,3.381513227437001,0.7515607140820207,-0.17696921993423498,-0.23714473429052138,-0.1773509177360688
-0.37137137137137133,3.3759263327832185,0.7542954034454284,-0.17800232070060215,-0.23822851916880497,-0.1776656994611944
-0.36936936936936937,3.3703474978869252,0.7570269101635578,-0.17903795688105814,-0.23931153609210454,-0.17797608355140573
-0.3673673673673674,3.3647768102886175,0.7597551790239297,-0.1800761284356562,-0.2403937586838674,-0.17828206315572093
-0.36536536536536535,3.359214359201811,0.7624801537719281,-0.18111683526281472,-0.24147516033677294,-0.17858363130449167
-0.3633633633633634,3.353660235554946,0.7652017770854903,-0.1821600771973024,-0.242555714207831,-0.17888078090240264
-0.3613613613613613,3.3481145320340366,0.7679199905493105,-0.18320585400820813,-0.24363539321340122,-0.1791735047213504
-0.35935935935935936,3.3425773431260803,0.7706347346285579,-0.18425416539689396,-0.24471417002413295,-0.17946179539319834
-0.3573573573573574,3.337048765163221,0.7733459486420997,-0.1853050109949317,-0.24579201705982145,-0.1797456454024043
-0.35535535535535534,3.3315288963676757,0.7760535707352308,-0.18635839036202223,-0.24686890648417942,-0.1800250470785195
-0.3533533533533534,3.326017836897425,0.7787575378519045,-0.18741430298389625,-0.24794481019952008,-0.18029999258855378
-0.3513513513513513,3.3205156888926664,0.7814577857064666,-0.18847274827019558,-0.24901969984134845,-0.18057047392920603
-0.34934934934934936,3.3150225565230356,0.7841542487548862,-0.18953372555233713,-0.2500935467728607,-0.18083648291895738
-0.3473473473473474,3.309538546035586,0.7868468601654893,-0.1905972340813543,-0.25116632207934675,-0.18109801119002303
-0.34534534534534533,3.3040637658035314,0.7895355517891912,-0.19166327302571914,-0.2522379965624934,-0.18135505018016237
-0.3433433433433434,3.2985983263757452,0.7922202541292305,-0.19273184146914174,-0.2533085407345861,-0.1816075911243431
-0.3413413413413413,3.2931423405270057,0.7949008963104067,-0.19380293840834703,-0.2543779248126061,-0.18185562504625954
-0.33933933933933935,3.287695923308987,0.797577406047828,-0.19487656275082813,-0.25544611871222034,-0.1820991427497004
-0.3373373373373374,3.282259192101978,0.8002497096151685,-0.19595271331257483,-0.2565130920416601,-0.1823381348097677
-0.3353353353353353,3.2768322666673275,0.8029177318124454,-0.19703138881577592,-0.2575788140954872,-0.1825725915639416
-0.33333333333333337,3.2714152692005882,0.8055813959333206,-0.19811258788649475,-0.2586432538482433,-0.1828025031029923
-0.3313313313313313,3.2660083243853566,0.808240623731937,-0.19919630905231606,-0.25970637994797996,-0.18302785926173784
-0.32932932932932935,3.2606115594477822,0.8108953353892965,-0.20028255073996307,-0.26076816070966585,-0.18324864960964504
-0.3273273273273274,3.255225104211725,0.8135454494791989,-0.2013713112728833,-0.26182856410846944,-0.1834648634412758
-0.3253253253253253,3.249849091154537,0.8161908829337443,-0.20246258886880117,-0.26288755777291234,-0.18367648976657583
-0.32332332332332336,3.244483655463444,0.8188315510084222,-0.20355638163723544,-0.26394510897789025,-0.1838835173010078
-0.3213213213213213,3.2391289350924923,0.8214673672468049,-0.2046526875769805,-0.2650011846375605,-0.18408593445552904
-0.31931931931931934,3.233785070820023,0.824098243444859,-0.20575150457354774,-0.2660557512980903,-0.184283729326414
-0.31731731731731727,3.2284522063066428,0.8267240896149031,-0.20685283039656693,-0.26710877513026426,-0.18447688968492343
-0.3153153153153153,3.223130488153647,0.8293448139492313,-0.20795666269714286,-0.26816022192194766,-0.1846654029668222
-0.31331331331331336,3.217820065961841,0.8319603227834328,-0.20906299900516545,-0.2692100570704013,-0.18484925626174753
-0.3113113113113113,3.212521092390718,0.8345705205594371,-0.21017183672657208,-0.2702582455744465,-0.18502843630243163
-0.30930930930930933,3.207233723217929,0.8371753097883111,-0.2112831731405555,-0.27130475202647536,-0.18520292945378047
-0.30730730730730726,3.2019581173989944,0.8397745910128561,-0.2123970053967173,-0.27234954060430483,-0.18537272170181485
-0.3053053053053053,3.196694437127173,0.8423682627700331,-0.21351333051216176,-0.27339257506286996,-0.18553779864247782
-0.30330330330330335,3.191442847893435,0.8449562215532637,-0.21463214536852548,-0.2744338187257535,-0.18569814547031296
-0.3013013013013013,3.1862035185464457,0.8475383617746527,-0.21575344670894017,-0.27547323447655025,-0.18585374696702237
-0.2992992992992993,3.180976621352483,0.8501145757271837,-0.2168772311349237,-0.2765107847500624,-0.1860045874899098
-0.29729729729729726,3.175762332055191,0.8526847535469404,-0.21800349510319178,-0.2775464315233205,-0.18615065096021768
-0.2952952952952953,3.1705608299350727,0.8552487831754142,-0.21913223492239037,-0.2785801363064331,-0.18629192085136745
-0.29329329329329334,3.1653722978686187,0.8578065503219612,-0.220263446749737,-0.27961186013325506,-0.18642838017711366
-0.2912912912912913,3.1601969223869477,0.8603579384264791,-0.22139712658757013,-0.2806415635518803,-0.18656001147962364
-0.2892892892892893,3.1550348937338453,0.8629028286223762,-0.2225332702797961,-0.28166920661494765,-0.18668679681749428
-0.28728728728728725,3.14988640592306,0.8654410996999118,-0.2236718735082291,-0.2826947488697654,-0.1868087177537214
-0.2852852852852853,3.1447516567947225,0.8679726280699945,-0.2248129317888157,-0.28371814934824785,-0.18692575534363615
-0.28328328328328334,3.139630848070734,0.8704972877285292,-0.22595644046773578,-0.28473936655666426,-0.1870378901228261
-0.28128128128128127,3.1345241854089583,0.8730149502214104,-0.22710239471737223,-0.2857583584651975,-0.18714510209505913
-0.2792792792792793,3.1294318784560557,0.8755254846102641,-0.22825078953213826,-0.28677508249731204,-0.18724737072023034
-0.27727727727727725,3.1243541408987663,0.8780287574390533,-0.22940161972415532,-0.28778949551893024,-0.1873446749023543
-0.2752752752752753,3.1192911905134513,0.8805246327016587,-0.23055487991876944,-0.2888015538274169,-0.18743699297762598
-0.27327327327327333,3.1142432492136916,0.8830129718105679,-0.23171056454989455,-0.28981121314036906,-0.187524302702577
-0.27127127127127126,3.1092105430957173,0.8854936335667996,-0.23286866785517338,-0.2908184285842181,-0.18760658124235452
-0.2692692692692693,3.1041933024814448,0.8879664741312054,-0.23402918387094163,-0.291823154682637,-0.1876838051591537
-0.26726726726726724,3.0991917619588696,0.8904313469973059,-0.2351921064269824,-0.2928253453447595,-0.18775595040083518
-0.2652652652652653,3.0942061604195663,0.8928881029658026,-0.23635742914105873,-0.29382495385321344,-0.18782299228976476
-0.2632632632632632,3.0892367410930124,0.8953365901209528,-0.2375251454132072,-0.29482193285196706,-0.18788490551191012
-0.26126126126126126,3.0842837515774653,0.8977766538089648,-0.2386952484197802,-0.2958162343339965,-0.18794166410623803
-0.2592592592592593,3.0793474438670763,0.90020813661861,-0.23986773110721799,-0.296807809628776,-0.1879932414544528
-0.25725725725725723,3.0744280743749415,0.9026308783642434,-0.2410425861855365,-0.2977966093895984,-0.18803961027112434
-0.2552552552552553,3.0695259039517473,0.9050447160714302,-0.24221980612151003,-0.29878258358072957,-0.18808074259425395
-0.2532532532532532,3.064641197899673,0.907449483965401,-0.24339938313153325,-0.29976568146440713,-0.18811660977633027
-0.25125125125125125,3.0597742259811844,0.9098450134625542,-0.244581309174143,-0.3007458515876926,-0.18814718247593448
-0.2492492492492493,3.054925262422347,0.9122311331652392,-0.24576557594217746,-0.3017230417691832,-0.18817243064994946
-0.24724724724724723,3.0500945859102644,0.9146076688600628,-0.24695217485455584,-0.3026971990855996,-0.18819232354644133
-0.24524524524524527,3.0452824795842353,0.9169744435199743,-0.2481410970476533,-0.30366826985826045,-0.18820682969827657
-0.2432432432432432,3.0404892310202056,0.9193312773103918,-0.24933233336625402,-0.30463619963945954,-0.18821591691754908
-0.24124124124124124,3.0357151322080815,0.9216779875996367,-0.2505258743540535,-0.30560093319876164,-0.18821955229088938
-0.2392392392392393,3.030960479521448,0.9240143889739706,-0.25172171024369355,-0.3065624145092372,-0.1882177021757369
-0.23723723723723722,3.0262255736792296,0.9263402932575103,-0.2529198309463017,-0.3075205867336556,-0.18821033219765887
-0.23523523523523526,3.021510719698813,0.9286555095373349,-0.25412022604051265,-0.30847539221066206,-0.18819740724880232
-0.2332332332332332,3.0168162268401395,0.9309598441940842,-0.2553228847609482,-0.309426772440962,-0.18817889148757297
-0.23123123123123124,3.0121424085402624,0.9332531009383715,-0.25652779598613074,-0.3103746680735448,-0.18815474833963586
-0.22922922922922928,3.0074895823378562,0.9355350808533288,-0.25773494822580517,-0.3113190188919759,-0.1881249405003411
-0.2272272272272272,3.0028580697871528,0.9378055824436174,-0.2589443296076461,-0.3122597638007923,-0.18808942993867747
-0.22522522522522526,2.99824819636077,0.9400644016912413,-0.26015592786332564,-0.3131968408120413,-0.1880481779028659
-0.2232232232232232,2.9936602913409,0.9423113321184982,-0.2613697303139188,-0.3141301870320029,-0.18800114492770742
-0.22122122122122123,2.9890946876983038,0.9445461648584202,-0.2625857238546235,-0.3150597386481418,-0.18794829084380243
-0.21921921921921927,2.9845517219585793,0.9467686887330437,-0.2638038949387729,-0.31598543091633713,-0.1878895747887661
-0.2172172172172172,2.9800317340551428,0.9489786903398572,-0.2650242295611207,-0.3169071981484462,-0.18782495522056744
-0.21521521521521525,2.9755350671683907,0.9511759541467748,-0.2662467132403787,-0.31782497370025836,-0.18775438993312088
-0.21321321321321318,2.971062067550496,0.9533602625959808,-0.26747133100099063,-0.31873868995990184,-0.18767783607426766
-0.21121121121121122,2.9666130843353105,0.9555313962169778,-0.26869806735412605,-0.3196482783367731,-0.18759525016628395
-0.20920920920920927,2.9621884693328524,0.9576891337491842,-0.2699269062778819,-0.3205536692510592,-0.1875065881290576
-0.2072072072072072,2.9577885768078787,0.95983325227439,-0.2711578311966824,-0.32145479212393296,-0.18741180530607748
-0.20520520520520524,2.9534137632420463,0.9619635273594004,-0.2723908249598689,-0.32235157536850506,-0.1873108564933817
-0.20320320320320318,2.949064387079207,0.9640797332091581,-0.2736258698194791,-0.3232439463816214,-0.1872036959716142
-0.20120120120120122,2.944740808453396,0.9661816428306299,-0.2748629474072148,-0.3241318315366015,-0.18709027754133614
-0.19919919919919926,2.940443388899113,0.9682690282077265,-0.2761020387106044,-0.3250151561770215,-0.18697055456174622
-0.1971971971971972,2.936172491043515,0.9703416604874942,-0.2773431240483717,-0.32589384461164583,-0.1868444799929561
-0.19519519519519524,2.9319284782802133,0.972399310177798,-0.2785861830450265,-0.32676782011062555,-0.1867120064419726
-0.19319319319319317,2.927711714424376,0.9744417473566862,-0.27983119460470024,-0.32763700490308306,-0.18657308621253227
-0.1911911911911912,2.923522563348923,0.976468741893592,-0.28107813688425426,-0.32850132017620653,-0.18642767135893243
-0.18918918918918914,2.9193613886016285,0.978480063682491,-0.28232698726570044,-0.32936068607599517,-0.1862757137440017
-0.1871871871871872,2.9152285530030446,0.9804754828871007,-0.28357772232797285,-0.33021502170978523,-0.18611716510134135
-0.18518518518518523,2.91112441822519,0.9824547701981566,-0.2848303178181091,-0.3310642451507133,-0.18595197710197195
-0.18318318318318316,2.907049344351057,0.9844176971027551,-0.28608474862189553,-0.33190827344426,-0.18578010142550272
-0.1811811811811812,2.9030036894150566,0.9863640361657073,-0.2873409887340529,-0.33274702261703704,-0.18560148983593983
-0.17917917917917914,2.8989878089246055,0.9882935613227837,-0.28859901122803766,-0.33358040768798136,-0.18541609426223477
-0.17717717717717718,2.895002055363167,0.9902060481856787,-0.28985878822555144,-0.3344083426821194,-0.1852238668836641
-0.17517517517517522,2.8910467776751405,0.9921012743584593,-0.2911202908658584,-0.3352307406470808,-0.18502476022011843
-0.17317317317317316,2.887122320733122,0.9939790197651912,-0.29238348927502344,-0.33604751367253505,-0.18481872722736203
-0.1711711711711712,2.883229024788137,0.9958390669883782,-0.29364835253519206,-0.3368585729127306,-0.18460572139730855
-0.16916916916916913,2.8793672249035964,0.9976812016177603,-0.29491484865404805,-0.3376638286123198,-0.1843856968633401
-0.16716716716716717,2.875537250373829,0.9995052126089545,-0.2961829445345927,-0.3384631901356535,-0.1841586085106736
-0.16516516516516522,2.871739424128163,1.0013108926513432,-0.2974526059454056,-0.3392565659997298,-0.1839244120917607
-0.16316316316316315,2.8679740621216765,1.0030980385445196,-0.2987237974915541,-0.34004386391097857,-0.18368306434667678
-0.1611611611611612,2.864241472713846,1.0048664515825367,-0.29999648258633227,-0.34082499080606493,-0.18343452312843528
-0.15915915915915912,2.8605419560364775,1.006615937945105,-0.30127062342402017,-0.3415998528968893,-0.18317874753312913
-0.15715715715715717,2.8568758033524158,1.0083463090948124,-0.3025461809538679,-0.3423683557199565,-0.18291569803477567
-0.1551551551551552,2.853243296406681,1.010057382179343,-0.3038231148555126,-0.34313040419027885,-0.182645336624708
-0.15315315315315314,2.8496447067718056,1.0117489804375985,-0.30510138351605354,-0.3438859026599732,-0.1823676269553202
-0.1511511511511512,2.8460802951892794,1.0134209336085271,-0.306380944009013,-0.34463475498169854,-0.18208253448794584
-0.14914914914914912,2.8425503109091386,1.0150730783413997,-0.30766175207542024,-0.345376864577068,-0.181790026644602
-0.14714714714714716,2.8390549910298626,1.0167052586061762,-0.3089437621072635,-0.34611213451015677,-0.18149007296330513
-0.1451451451451452,2.835594559840855,1.0183173261025484,-0.31022692713355493,-0.3468404675662111,-0.1811826452566164
-0.14314314314314314,2.832169228169905,1.0199091406661516,-0.31151119880926426,-0.34756176633564156,-0.18086771777304284
-0.14114114114114118,2.8287791927381267,1.021480570670391,-0.31279652740736696,-0.3482759333033657,-0.1805452673608725
-0.1391391391391391,2.8254246355249606,1.0230314934222617,-0.31408286181426703,-0.34898287094354224,-0.18021527363398995
-0.13713713713713716,2.822105723145922,1.024561795550473,-0.3153701495288348,-0.34968248181971007,-0.17987771913917006
-0.1351351351351351,2.8188226062458277,1.0260713733841746,-0.3166583366653136,-0.35037466869032147,-0.17953258952431314
-0.13313313313313313,2.815575418910315,1.027560133320516,-0.31794736796032236,-0.35105933461962524,-0.17917987370704305
-0.13113113113113117,2.8123642780984808,1.0290279921792542,-0.31923718678418933,-0.3517363830938268,-0.17881956404305216
-0.1291291291291291,2.8091892830995198,1.0304748775426147,-0.3205277351568287,-0.3524057181424154,-0.17845165649353897
-0.12712712712712715,2.806050515016227,1.0319007280786034,-0.32181895376835956,-0.3530672444645138,-0.17807615079105157
-0.12512512512512508,2.8029480362782273,1.0333054938459592,-0.32311078200465065,-0.3537208675600692,-0.17769305060301574
-0.12312312312312312,2.7998818901877596,1.0346891365789852,-0.32440315797795305,-0.3543664938656625,-0.17730236369219635
-0.12112112112112117,2.796852100500795,1.0360516299505023,-0.3256960185627576,-0.35500403089467475,-0.1769041020733169
-0.1191191191191191,2.793858671046185,1.0373929598112352,-0.3269892994369923,-0.3556333873815094,-0.17649828216503616
-0.11711711711711714,2.790901585385448,1.0387131244039833,-0.3282829351286435,-0.3562544734295253,-0.17608492493646397
-0.11511511511511507,2.787980806515689,1.0400121345510263,-0.3295768590678537,-0.35686720066229555,-0.175664056047385
-0.11311311311311312,2.785096276617995,1.0412900138132763,-0.33087100364451977,-0.35747148237776377,-0.17523570598134788
-0.11111111111111116,2.7822479168534904,1.0425467986198123,-0.3321653002713726,-0.35806723370483073,-0.1747999101707759
-0.10910910910910909,2.7794356272090677,1.0437825383665336,-0.3334596794524932,-0.3586543717618631,-0.17435670911325646
-0.10710710710710714,2.7766592863945903,1.0449972954828093,-0.3347540708571717,-0.35923281581658006,-0.17390614847817687
-0.10510510510510507,2.7739187517931456,1.046191145465129,-0.3360484033989802,-0.3598024874467311,-0.17344827920288353
-0.10310310310310311,2.7712138594656937,1.0473641768769233,-0.3373426053198942,-0.3603633107009563,-0.17298315757757088
-0.10110110110110115,2.768544424211187,1.0485164913138858,-0.3386366042792488,-0.36091521225917766,-0.17251084531812694
-0.09909909909909909,2.7659102396829742,1.0496482033342818,-0.3399303274472793,-0.3614581215918483,-0.17203140962620092
-0.09709709709709713,2.7633110785620145,1.0507594403539453,-0.34122370160295784,-0.36199197111736475,-0.1715449232358007
-0.09509509509509506,2.7607466927871194,1.051850342505814,-0.34251665323579206,-0.36251669635692624,-0.17105146444577335
-0.0930930930930931,2.758216813842157,1.052921062464076,-0.3438091086512186,-0.363032236086109,-0.17055111713757937
-0.09109109109109115,2.755721153099822,1.0539717652331788,-0.34510099407918665,-0.36353853248242,-0.1700439707778334
-0.08908908908908908,2.7532594022212726,1.0550026279021598,-0.34639223578549116,-0.3640355312680847,-0.16953012040514787
-0.08708708708708712,2.7508312336106107,1.0560138393649514,-0.3476827601853854,-0.36452318184732807,-0.16900966660089506
-0.08508508508508505,2.7484363009228807,1.0570056000075163,-0.34897249395897495,-0.3650014374374196,-0.16848271544357724
-0.0830830830830831,2.746074239623949,1.057978121362848,-0.3502613641678678,-0.36547025519275944,-0.1679493784465796
-0.08108108108108114,2.743744667600317,1.0589316257350818,-0.351549298372539,-0.365929596321312,-0.1674097724791692
-0.07907907907907907,2.7414471858166585,1.05986634579412,-0.35283622474984516,-0.3663794261927095,-0.16686401967069206
-0.07707707707707712,2.7391813790185573,1.0607825241423627,-0.35412207221012004,-0.36681971443739064,-0.1663122472980166
-0.07507507507507505,2.7369468164777055,1.0616804128552888,-0.355406770513268,-0.36725043503616966,-0.1657545876563649
-0.07307307307307309,2.734743052776548,1.0625602729977872,-0.3566902503832763,-0.3676715663996809,-0.16519117791377272
-0.07107107107107113,2.732569628629156,1.0634223741182665,-0.357972443620563,-0.36808309143718737,-0.1646221599495138
-0.06906906906906907,2.730426071734914,1.0642669937227007,-0.3592532832115912,-0.368484997614304,-0.1640476801769213
-0.06706706706706711,2.7283118976614262,1.0650944167308687,-0.3605327034351894,-0.36887727699923595,-0.1634678893511348
-0.06506506506506504,2.7262266107529127,1.0659049349171368,-0.3618106399650392,-0.36925992629720333,-0.1628829423623923
-0.06306306306306309,2.724169705060234,1.0666988463382008,-0.36308702996780884,-0.3696329468727869,-0.16229299801557628
-0.06106106106106102,2.72214066528861,1.067476454750262,-0.36436181219644287,-0.3699963447599951,-0.16169821879680757
-0.05905905905905906,2.7201389677590186,1.0682380690181392,-0.36563492707815004,-0.3703501306599328,-0.1610987706279616
-0.0570570570570571,2.718164081379245,1.068984002518846,-0.3669063167966614,-0.37069431992601604,-0.1604948226100529
-0.055055055055055035,2.71621546862054,1.0697145725421422,-0.36817592536837945,-0.371028932536757,-0.15988654675650493
-0.05305305305305308,2.7142925864958714,1.070430099690568,-0.3694436987120697,-0.371353993056215,-0.1592741177173791
-0.05105105105105101,2.7123948875358104,1.071130907281415,-0.3707095847118032,-0.37166953058228297,-0.15865771249569294
-0.049049049049049054,2.710521820758182,1.0718173207530441,-0.3719735332728948,-0.3719755786830497,-0.15803751015699863
-0.0470470470470471,2.708672832627699,1.0724896670778774,-0.3732354963706397,-0.37227217532155144,-0.15741369153343152
-0.04504504504504503,2.706847368001949,1.0731482741843141,-0.37449542809169584,-0.37255936276928714,-0.15678643892346408
-0.04304304304304307,2.7050448710602404,1.07379347038972,-0.3757532846680104,-0.3728371875089424,-0.15615593578861955
-0.041041041041041004,2.703264786212007,1.074425583846517,-0.3770090245032432,-0.3731057001268225,-0.15552236644840772
-0.03903903903903905,2.7015065589816487,1.07504494200328,-0.378262608191686,-0.3733649551955506,-0.15488591577474523
-0.03703703703703709,2.6997696368669017,1.075651871082626,-0.37951399852972817,-0.37361501114763873,-0.15424676888711544
-0.03503503503503502,2.6980534701680567,1.0762466955775065,-0.3807631605199653,-0.3738559301405831,-0.15360511084970066
-0.033033033033033066,2.696357512785576,1.0768297377674034,-0.38201006136809645,-0.37408777791417525,-0.15296112637169862
-0.031031031031030998,2.6946812229839088,1.077401317255735,-0.38325467047279377,-0.3743106236407505,-0.15231499951199515
-0.02902902902902904,2.6930240641195455,1.0779617505296542,-0.3844969594087771,-0.3745245397691312,-0.15166691338932728
-0.027027027027027084,2.691385505331629,1.0785113505432282,-0.3857369019033523,-0.37472960186302756,-0.15101704989901762
-0.025025025025025016,2.6897650221936646,1.0790504263248615,-0.3869744738067224,-0.3749258884346927,-0.15036558943730874
-0.02302302302302306,2.688162097325171,1.0795792826096176,-0.3882096530563909,-0.37511348077461826,-0.14971271063426086
-0.02102102102102099,2.686576220962324,1.0800982194969895,-0.389442419636027,-0.3752924627780727,-0.14905859009611228
-0.019019019019019034,2.6850068914869367,1.0806075321344617,-0.3906727555291629,-0.37546292076927396,-0.14840340215792872
-0.017017017017017078,2.68345361591333,1.081107510427097,-0.39190064466813224,-0.3756249433239798,-0.14774731864729287
-0.01501501501501501,2.681915910332915,1.0815984387731985,-0.39312607287865775,-0.3757786210912648,-0.1470905086597071
-0.013013013013013053,2.6803933003165015,1.0820805958259914,-0.3943490278205208,-0.3759240466152341,-0.14643313834630348
-0.011011011011010985,2.6788853212745973,1.0825542542811106,-0.3955694989247436,-0.37606131415739397,-0.1457753707143712
-0.009009009009009028,2.677391518776145,1.0830196806895735,-0.3967874773277214,-0.37619051952037913,-0.1451173654411295
-0.00700700700700696,2.6759114488263283,1.083477135295784,-0.3980029558027468,-0.37631175987369603,-0.14445927870109387
-0.005005005005005003,2.6744446781042885,1.0839268719000263,-0.3992159286893551,-0.37642513358210544,-0.14380126300729723
-0.0030030030030030463,2.67299078416171,1.0843691377447986,-0.40042639182092266,-0.37653074003723674,-0.14314346706655137
-0.0010010010010009784,2.6715493555834215,1.0848041734242435,-0.4016343424509352,-0.3766286794929725,-0.1424860356488526
0.0010010010010010895,2.670119992111261,1.0852322128158651,-0.40283977917833164,-0.3767190529051091,-0.1418291094709603
0.0030030030030030463,2.668702304732588,1.0856534830336544,-0.40404270187231645,-0.3768019617757445,-0.1411728250941037
0.005005005005005003,2.6672959157349228,1.086068204401668,-0.40524311159701326,-0.3768775080028108,-0.1405173148357022
0.00700700700700696,2.665900458728268,1.0864765904470826,-0.40644101053631454,-0.37694579373510523,-0.13986270669491907
0.009009009009008917,2.6645155786367587,1.086878847911678,-0.4076364019192668,-0.37700692123314355,-0.13920912429180524
0.011011011011011096,2.6631409316613257,1.0872751767807016,-0.4088292899462991,-0.3770609927361034,-0.1385566868197343
0.013013013013013053,2.661776185215113,1.0876657703280177,-0.4100196797165891,-0.37710811033507946,-0.1379055090107747
0.01501501501501501,2.6604210178334076,1.0880508151764374,-0.4112075771568342,-0.37714837585283245,-0.13725570111359886
0.017017017017016967,2.659075119059872,1.0884304913721365,-0.4123929889516685,-0.3771818907301674,-0.13660736888348504
0.019019019019018923,2.6577381893108605,1.0888049724720419,-0.4135759224759471,-0.37720875591903247,-0.13596061358392925
0.021021021021021102,2.6564099397196004,1.0891744256430884,-0.4147563857290908,-0.3772290717823938,-0.13531553199935215
0.02302302302302306,2.655090091962011,1.0895390117722599,-0.41593438727166226,-0.3772429380008996,-0.13467221645835573
0.025025025025025016,2.653778378065892,1.0898988855863527,-0.4171099361643226,-0.3772504534863158,-0.13403075486696406
0.027027027027026973,2.652474540205192,1.0902541957804064,-0.4182830419092887,-0.37725171630167464,-0.13339123075125983
0.02902902902902893,2.6511783304810237,1.0906050851537905,-0.41945371439439527,-0.3772468235880537,-0.1327537233088173
0.03103103103103111,2.6498895106910383,1.0909516907529677,-0.4206219638398442,-0.37723587149787213,-0.13211830746832157
0.033033033033033066,2.648607852088723,1.0912941440199762,-0.4217878007476921,-0.37721895513455717,-0.13148505395675658
0.03503503503503502,2.647333135134129,1.0916325709457286,-0.4229512358541283,-0.37719616849842696,-0.13085402937354595
0.03703703703703698,2.646065149237465,1.0919670922272564,-0.4241122800845541,-0.37716760443859826,-0.1302252962710298
0.039039039039038936,2.6448036924969314,1.0922978234280751,-0.4252709445114735,-0.37713335461071773,-0.1295989132406679
0.041041041041041115,2.6435485714320985,1.0926248751408816,-0.4264272403151854,-0.3770935094402998,-0.12897493500436727
0.04304304304304307,2.6422996007140624,1.0929483531518587,-0.4275811787472457,-0.37704815809143755,-0.12835341251034427
0.04504504504504503,2.6410566028935305,1.0932683586058862,-0.4287327710966662,-0.37699738844064484,-0.12773439303294556
0.047047047047046986,2.639819408127928,1.0935849881720252,-0.42988202865879765,-0.3769412870555785,-0.12711792027586946
0.04904904904904894,2.6385878539085335,1.093898334208664,-0.4310289627068318,-0.37687993917838103,-0.1265040344782445
0.05105105105105112,2.637361784788573,1.0942084849277833,-0.4321735844658566,-0.3768134287133835,-0.12589277252304834
0.05305305305305308,2.6361410521131443,1.0945155245578393,-0.43331590508938167,-0.3767418382189018,-0.12528416804736592
0.055055055055055035,2.6349255137517544,1.0948195335047886,-0.43445593563824925,-0.37666524890286235,-0.12467825155401341
0.05705705705705699,2.6337150338341937,1.095120588510843,-0.4355936870618366,-0.37658374062199057,-0.12407505052407633
0.05905905905905895,2.6325094824903923,1.0954187628105858,-0.43672917018145574,-0.37649739188430104,-0.12347458952993576
0.06106106106106113,2.6313087355948466,1.095714126284099,-0.4378623956758456,-0.37640627985462954,-0.1228768903483833
0.06306306306306309,2.63011267451613,1.0960067456068183,-0.43899337406865857,-0.37631048036295506,-0.12228197207344937
0.06506506506506504,2.6289211858719503,1.0962966843958464,-0.44012211571782806,-0.37621006791525957,-0.12168985122859717
0.067067067067067,2.6277341612901415,1.0965840033525083,-0.4412486308067176,-0.3761051157066913,-0.1211005418779598
0.06906906906906896,2.62655149717594,1.0968687604009586,-0.44237292933694067,-0.3759956956367922,-0.12051405573632437
0.07107107107107113,2.6253730944858273,1.0971510108226792,-0.4434950211227435,-0.37588187832657,-0.11993040227759322
0.07307307307307309,2.624198858508176,1.0974308073867456,-0.4446149157868485,-0.3757637331371963,-0.1193495888414748
0.07507507507507505,2.62302869865089,1.0977082004757595,-0.44573262275765024,-0.3756413281901272,-0.11877162073818555
0.077077077077077,2.621862528236179,1.0979832382073753,-0.4468481512676642,-0.3755147303884499,-0.11819650135096364
0.07907907907907896,2.620700264302573,1.0982559665513794,-0.447961510353126,-0.3753840054392695,-0.11762423223622191
0.08108108108108114,2.619541827414244,1.0985264294422805,-0.4490727088546458,-0.37524921787696064,-0.1170548132211872
0.0830830830830831,2.6183871414776587,1.098794668887431,-0.4501817554188228,-0.3751104310871219,-0.11648824249889644
0.08508508508508505,2.6172361335655605,1.0990607250706685,-0.45128865850072897,-0.3749677073310758,-0.11592451672043899
0.08708708708708701,2.6160887337482475,1.0993246364515257,-0.45239342636717317,-0.3748211077707721,-0.11536363108435431
0.08908908908908897,2.6149448749320885,1.0995864398600508,-0.4534960671006668,-0.37467069249396245,-0.11480557942311297
0.09109109109109115,2.6138044927051918,1.099846170587298,-0.4545965886040027,-0.37451652053952184,-0.1142503542866256
0.0930930930930931,2.6126675251901155,1.1001038624715638,-0.4556949986053799,-0.37435864992280493,-0.11369794702274155
0.09509509509509506,2.6115339129035036,1.1003595479804527,-0.45679130466399487,-0.3741971376609324,-0.11314834785471228
0.09709709709709702,2.6104035986224963,1.1006132582888677,-0.45788551417603446,-0.37403203979791755,-0.1126015459556118
0.0990990990990992,2.6092765272577663,1.100865023353026,-0.45897763438100386,-0.3738634114295431,-0.11205752951971604
0.10110110110110115,2.608152645733004,1.101114871980606,-0.46006767236832724,-0.3736913067279154,-0.11151628583085786
0.10310310310310311,2.6070319028706765,1.1013628318971551,-0.4611556350841653,-0.37351577896562954,-0.11097780132778418
0.10510510510510507,2.6059142492838707,1.1016089298088538,-0.4622415293383924,-0.3733368805394821,-0.11044206166655239
0.10710710710710702,2.6047996372740214,1.1018531914617855,-0.4633253618116833,-0.3731546629936845,-0.10990905178001213
0.1091091091091092,2.603688020734335,1.102095641697818,-0.46440713906265746,-0.37296917704252636,-0.1093787559344273
0.11111111111111116,2.6025793550586847,1.1023363045072414,-0.46548686753503904,-0.37278047259245756,-0.10885115778330065
0.11311311311311312,2.6014735970557874,1.102575203078272,-0.4665645535647812,-0.3725885987635499,-0.10832624041846939
0.11511511511511507,2.600370704868446,1.1028123598435784,-0.46764020338712137,-0.37239360391032134,-0.10780398641854828
0.11711711711711703,2.59927063789765,1.1030477965239325,-0.4687138231435171,-0.37219553564189406,-0.10728437789479935
0.11911911911911921,2.5981733567313245,1.103281534169135,-0.4697854188884326,-0.3719944408414796,-0.10676739653451504
0.12112112112112117,2.5970788230775304,1.1035135931963305,-0.47085499659592644,-0.3717903656851753,-0.10625302364200317
0.12312312312312312,2.595986999701902,1.1037439934258417,-0.47192256216601325,-0.37158335566007017,-0.10574124017726803
0.12512512512512508,2.594897850369131,1.1039727541146513,-0.47298812143075336,-0.37137345558165663,-0.10523202679248421
0.12712712712712704,2.5938113397883047,1.1041998939876403,-0.47405168016003546,-0.37116070961055436,-0.10472536386636247
0.12912912912912922,2.592727433561901,1.1044254312667154,-0.47511324406701255,-0.37094516126854826,-0.10422123153651003
0.13113113113113117,2.591646098138267,1.1046493836979288,-0.47617281881314855,-0.3707268534539531,-0.10371960972988978
0.13313313313313313,2.590567300767395,1.1048717685767069,-0.47723041001283706,-0.3705058284563178,-0.10322047819148533
0.1351351351351351,2.589491009459833,1.105092602771297,-0.4782860232375434,-0.3702821279704828,-0.10272381651127976
0.13713713713713704,2.588417192948564,1.105311902744531,-0.4793396640194241,-0.3700557931100116,-0.10222960414965938
0.13913913913913922,2.5873458206536992,1.1055296845740117,-0.4803913378543718,-0.36982686442001467,-0.1017378204613532
0.14114114114114118,2.586276862649835,1.105745963970814,-0.48144105020443134,-0.36959538188939095,-0.10124844471802341
0.14314314314314314,2.585210289635934,1.1059607562967977,-0.4824888064995242,-0.3693613849625117,-0.10076145612962177
0.1451451451451451,2.5841460729076076,1.1061740765806138,-0.4835346121384173,-0.36912491255037394,-0.10027683386462925
0.14714714714714705,2.5830841843316628,1.106385939532498,-0.4845784724888662,-0.36888600304125646,-0.09979455706929935
0.14914914914914923,2.5820245963228126,1.1065963595579182,-0.48562039288684766,-0.36864469431090413,-0.09931460488602598
0.1511511511511512,2.5809672818224354,1.1068053507701676,-0.4866603786348016,-0.3684010237322819,-0.09883695647096082
0.15315315315315314,2.5799122142792945,1.1070129270019615,-0.48769843499878335,-0.36815502818492973,-0.09836159101100705
0.1551551551551551,2.5788593676321234,1.1072191018161193,-0.48873456720442493,-0.3679067440639605,-0.09788848774031948
0.15715715715715706,2.5778087162940087,1.107423888515381,-0.4897687804315855,-0.3676562072887391,-0.09741762595644468
0.15915915915915924,2.5767602351384924,1.1076273001514372,-0.4908010798075737,-0.36740345331128943,-0.09694898503623887
0.1611611611611612,2.575713899487345,1.107829349533211,-0.49183147039879754,-0.36714851712447205,-0.09648254445170404
0.16316316316316315,2.5746696850999524,1.1080300492344615,-0.4928599572006948,-0.366891433269987,-0.09601828378588982
0.1651651651651651,2.5736275681642824,1.1082294116007478,-0.49388654512577906,-0.36663223584624677,-0.0955561827490115
0.16716716716716706,2.5725875252894004,1.1084274487558026,-0.4949112389896249,-0.36637095851618323,-0.0950962211949415
0.16916916916916924,2.5715495334995144,1.1086241726073685,-0.4959340434945958,-0.36610763451504297,-0.09463837913823762
0.1711711711711712,2.5705135702295423,1.1088195948525204,-0.49695496321110355,-0.365842296658235,-0.09418263677187666
0.17317317317317316,2.569479613322199,1.1090137269825275,-0.49797400255617497,-0.36557497734930094,-0.09372897448587095
0.1751751751751751,2.568447641026619,1.10920658028728,-0.49899116576907543,-0.3653057085880801,-0.09327737288695218
0.17717717717717707,2.567417631998532,1.1093981658593153,-0.5000064568837248,-0.3650345219791447,-0.09282781281951324
0.17917917917917925,2.5663895653020288,1.1095884945974746,-0.5010198796976186,-0.3647614487405922,-0.0923802753880108
0.1811811811811812,2.5653634204129494,1.109777577210215,-0.5020314377369502,-0.3644865197132823,-0.09193474198103611
0.18318318318318316,2.5643391772239643,1.1099654242186012,-0.5030411342176043,-0.3642097653706153,-0.09149119429727451
0.18518518518518512,2.563316816051392,1.1101520459590037,-0.5040489720016664,-0.36393121582895516,-0.09104961437358033
0.18718718718718708,2.562296317643845,1.110337452585515,-0.5050549535490821,-0.3636509008588075,-0.09060998461540695
0.18918918918918926,2.5612776631927736,1.110521654072113,-0.5060590808640624,-0.3633688498968707,-0.09017228782983817
0.1911911911911912,2.5602608343450166,1.11070466021458,-0.5070613554358167,-0.3630850920590883,-0.08973650726148023
0.19319319319319317,2.559245813217452,1.1108864806322014,-0.5080617781731707,-0.362799656154839,-0.08930262663148257
0.19519519519519513,2.558232582413875,1.1110671247692423,-0.5090603493325957,-0.36251257070240545,-0.08887063017996398
0.19719719719719708,2.5572211250442205,1.1112466018962335,-0.5100570684391607,-0.3622238639458836,-0.08844050271213326
0.19919919919919926,2.5562114247462673,1.1114249211110618,-0.5110519341998936,-0.36193356387369385,-0.08801222964840019
0.20120120120120122,2.5552034657099774,1.1116020913398872,-0.5120449444090088,-0.36164169823887043,-0.08758579707878225
0.20320320320320318,2.5541972327046105,1.1117781213378863,-0.5130360958444474,-0.3613482945813179,-0.08716119182192056
0.20520520520520513,2.553192711108791,1.1119530196898337,-0.5140253841551465,-0.3610533802522318,-0.08673840148902473
0.2072072072072071,2.552189886943688,1.1121267948105287,-0.5150128037384444,-0.360756982440894,-0.086317414553073
0.20920920920920927,2.551188746909493,1.1122994549450789,-0.515998347607005,-0.3604591282040649,-0.08589822042359749
0.21121121121121122,2.550189278425377,1.1124710081690383,-0.5169820072446324,-0.3601598444982041,-0.08548080952738746
0.21321321321321318,2.5491914696731137,1.1126414623884135,-0.5179637724503413,-0.3598591582147647,-0.08506517339544512
0.21521521521521514,2.548195309644577,1.1128108253395408,-0.5189436311700317,-0.3595570962188187,-0.0846513047565256
0.21721721721721732,2.547200788193293,1.1129791045888426,-0.5199215693151178,-0.3592536853912775,-0.08423919763759068
0.21921921921921927,2.5462078960902588,1.11314630753247,-0.5208975705674626,-0.3589489526749883,-0.08382884747149849
0.22122122122122123,2.545216625084224,1.1133124413958297,-0.5218716161699702,-0.35864292512498824,-0.08342025121224209
0.2232232232232232,2.5442269679666323,1.1134775132330224,-0.522843684702202,-0.3583356299632193,-0.0830134074580375
0.22522522522522515,2.543238918641422,1.1136415299261806,-0.523813751840397,-0.3580270946379994,-0.08260831658254471
0.22722722722722732,2.5422524721998725,1.1138044981847226,-0.5247817901013015,-0.3577173468885676,-0.0822049808744857
0.22922922922922928,2.5412676250006765,1.113966424544534,-0.5257477685692402,-0.35740641481501056,-0.08180340468589742
0.23123123123123124,2.540284374755414,1.1141273153670916,-0.5267116526059045,-0.35709432695389465,-0.08140359458923026
0.2332332332332332,2.5393027206195855,1.114287176838529,-0.5276734035423737,-0.3567811123599181,-0.08100555954346741
0.23523523523523515,2.5383226632893416,1.1144460149686708,-0.5286329783529442,-0.35646680069390374,-0.08060931106940113
0.23723723723723733,2.537344205104039,1.1146038355900418,-0.5295903293104021,-0.35615142231744146,-0.0802148634341573
0.2392392392392393,2.5363673501547157,1.114760644356881,-0.5305454036224581,-0.3558350083944938,-0.07982223384501097
0.24124124124124124,2.535392104398568,1.1149164467441544,-0.5314981430491366,-0.3555175910002516,-0.07943144265247556
0.2432432432432432,2.534418475779466,1.1150712480466203,-0.5324484835010184,-0.35519920323752896,-0.07904251356259047
0.24524524524524516,2.533446474354522,1.1152250533779435,-0.5333963546183389,-0.35487987936095894,-0.07865547385825992
0.24724724724724734,2.532476112426682,1.115377867669892,-0.5343416793310645,-0.354559654909231,-0.07827035462942271
0.2492492492492493,2.531507404683276,1.11552969567165,-0.5352843734002032,-0.35423856684558946,-0.0778871910117505
0.25125125125125125,2.5305403683404006,1.1156805419492692,-0.5362243449407473,-0.35391665370677156,-0.07750602243348523
0.2532532532532532,2.529575023292977,1.1158304108852857,-0.5371614939268091,-0.353593955760538,-0.07712689286993185
0.25525525525525516,2.5286113922702516,1.1159793066785506,-0.5380957116796694,-0.3532705151718976,-0.07674985110502279
0.25725725725725734,2.527649500996469,1.1161272333443004,-0.5390268803396566,-0.35294637617808694,-0.07637495099926546
0.2592592592592593,2.5266893783563553,1.1162741947145078,-0.5399548723229523,-0.3526215852723079,-0.07600225176327098
0.26126126126126126,2.5257310565650046,1.1164201944385526,-0.5408795497646344,-0.352296191396169,-0.07563181823594761
0.2632632632632632,2.5247745713416743,1.116565235984263,-0.5418007639494877,-0.35197024614071193,-0.0752637211663201
0.26526526526526517,2.523819962086923,1.1167093226393605,-0.5427183547323315,-0.3516438039558295,-0.0748980374978106
0.26726726726726735,2.5228672720624394,1.1168524575133678,-0.5436321499498649,-0.3513169223678107,-0.07453485065369005
0.2692692692692693,2.52191654857283,1.1169946435400158,-0.5445419648262552,-0.35098966220465544,-0.07417425082227497
0.27127127127127126,2.520967843148536,1.1171358834802123,-0.5454476013749786,-0.35066208782872355,-0.0738163352403144
0.2732732732732732,2.520021211728974,1.1172761799256137,-0.5463488477996509,-0.35033426737617857,-0.0734612084728773
0.2752752752752752,2.5190767148448803,1.1174155353028516,-0.5472454778968682,-0.35000627300259146,-0.07310898268791759
0.27727727727727736,2.51813441779876,1.1175539518784756,-0.5481372504643416,-0.34967818113396576,-0.07275977792356438
0.2792792792792793,2.517194390842241,1.1176914317646534,-0.5490239087178646,-0.349350072722333,-0.07241372234605593
0.28128128128128127,2.5162567093490305,1.1178279769256856,-0.5499051797209271,-0.3490220335049573,-0.07207095249611371
0.2832832832832832,2.5153214539820823,1.117963589185385,-0.5507807738310401,-0.34869415426607603,-0.07173161352143577
0.2852852852852852,2.5143887108534844,1.1180982702353675,-0.5516503841670873,-0.3483665310999788,-0.0713958593928794
0.28728728728728736,2.5134585716754874,1.1182320216443027,-0.55251368610226,-0.3480392656741162,-0.07106385310180433
0.2892892892892893,2.512531133901006,1.118364844868169,-0.5533703367873554,-0.3477124654908129,-0.07073576683595892
0.2912912912912913,2.5116065008518387,1.118496741261548,-0.5542199747094211,-0.3473862441460339,-0.07041178213121789
0.29329329329329323,2.5106847818327824,1.1186277120900079,-0.5550622192909245,-0.34706072158355317,-0.0700920899964197
0.2952952952952952,2.509766092229744,1.1187577585435877,-0.5558966705347782,-0.3467360243427569,-0.06977689100850974
0.29729729729729737,2.508850553589894,1.1188868817514275,-0.5567229087206833,-0.34641228579820776,-0.06946639537517178
0.2992992992992993,2.507938293681864,1.1190150827975485,-0.5575404941583605,-0.346089646389011,-0.06916082296212687
0.3013013013013013,2.5070294465339438,1.1191423627378088,-0.5583489670032963,-0.34576825383592835,-0.06886040328230031
0.30330330330330324,2.5061241524482316,1.1192687226180287,-0.5591478471406487,-0.34544826334410933,-0.06856537544409964
0.3053053053053052,2.505222557988664,1.1193941634932856,-0.5599366341429444,-0.3451298377892509,-0.06827598805612009
0.3073073073073074,2.504324815940886,1.1195186864483682,-0.5607148073071228,-0.34481314788494455,-0.06799249908569004
0.30930930930930933,2.5034310852419397,1.1196422926193588,-0.5614818257763594,-0.3444983723289344,-0.06771517566879881
0.3113113113113113,2.5025415308778145,1.1197649832163195,-0.5622371287519242,-0.34418569792599396,-0.06744429386910619
0.31331331331331325,2.501656323746967,1.1198867595470268,-0.5629801358000986,-0.3438753196851351,-0.06718013838392364
0.3153153153153152,2.500775640488032,1.1200076230417055,-0.5637102472588644,-0.34356744088888064,-0.06692300219527887
0.3173173173173174,2.499899663270058,1.1201275752786886,-0.5644268447487409,-0.34326227313238183,-0.06667318616443094
0.31931931931931934,2.4990285795437637,1.1202466180109196,-0.5651292917916909,-0.34296003633022437,-0.06643099856848994
0.3213213213213213,2.4981625817524833,1.1203647531932095,-0.5658169345415519,-0.34266095868886004,-0.0661967545781171
0.32332332332332325,2.4973018670016773,1.1204819830101287,-0.5664891026288772,-0.34236527664272115,-0.0659707756756333
0.3253253253253252,2.496446636686121,1.120598309904427,-0.5671451101224391,-0.3420732347522055,-0.06575338901324797
0.3273273273273274,2.4955970960741407,1.1207137366058346,-0.5677842566089856,-0.3417850855618962,-0.06554492671153521
0.32932932932932935,2.494753453848568,1.1208282661601079,-0.5684058283920471,-0.3415010894175613,-0.0653457250987252
0.3313313313313313,2.4939159216043825,1.1209419019581488,-0.5690090998098175,-0.34122151424070085,-0.06515612389184601
0.33333333333333326,2.49308471330337,1.1210546477650432,-0.5695933346712334,-0.34094663525964186,-0.06497646532124353
0.3353353353353352,2.4922600446864744,1.1211665077488189,-0.5701577878084751,-0.34067673469644477,-0.06480709320051442
0.3373373373373374,2.491442132644926,1.1212774865087431,-0.5707017067431311,-0.3404121014091636,-0.06464835194441378
0.33933933933933935,2.4906311945516033,1.1213875891029532,-0.571224333462275,-0.34015303048930495,-0.06450058553783651
0.3413413413413413,2.489827447554543,1.1214968210752072,-0.5717249062996651,-0.33989982281464365,-0.06436413645951265
0.34334334334334327,2.4890311078348977,1.1216051884805471,-0.5722026619162188,-0.3396527845578843,-0.0642393445646029
0.3453453453453452,2.488242389832122,1.121712697909644,-0.5726568373728529,-0.33941222665199705,-0.06412654593091824
0.3473473473473474,2.4874615054395717,1.1218193565116035,-0.5730866722877208,-0.3391784642134075,-0.06402607167401858
0.34934934934934936,2.486688663174144,1.121925172015008,-0.5734914110688126,-0.33895181592456347,-0.06393824673695418
0.3513513513513513,2.4859240673240266,1.122030152746963,-0.5738703052118738,-0.3387326033777631,-0.06386338866090296
0.35335335335335327,2.485167917079006,1.1221343076499257,-0.5742226156526009,-0.3385211503824687,-0.06380180634341259
0.35535535535535545,2.4844204056481964,1.1222376462960992,-0.5745476151611457,-0.3383177822386738,-0.06375379879137535
0.3573573573573574,2.4836817193703893,1.1223401788991765,-0.57484459076609,-0.33812282497921586,-0.06371965387623761
0.35935935935935936,2.4829520368225717,1.122441916323228,-0.5751128461942657,-0.3379366045842424,-0.06369964709926758
0.3613613613613613,2.4822315279324103,1.1225428700885478,-0.5753517043121114,-0.33775944617132136,-0.06369404037496874
0.3633633633633633,2.4815203531007737,1.1226430523742685,-0.5755605095536612,-0.33759167316496164,-0.0637030808409255
0.36536536536536546,2.4808186623405124,1.1227424760175968,-0.57573863031982,-0.33743360644954423,-0.06372699970249598
0.3673673673673674,2.48012659443786,1.1228411545095103,-0.5758854613332257,-0.3372855635098683,-0.06376601112081856
0.36936936936936937,2.4794442761428694,1.1229391019868054,-0.576000425932836,-0.3371478575636975,-0.06382031115257143
0.37137137137137133,2.4787718213952963,1.1230363332203874,-0.5760829782923252,-0.3370207966908204,-0.06389007674981241
0.3733733733733733,2.4781093305922512,1.1231328635997313,-0.5761326055465182,-0.3369046829632399,-0.0639754648280272
0.37537537537537546,2.477456889903804,1.1232287091134616,-0.5761488298103556,-0.33679981158116007,-0.06407661141022772
0.3773773773773774,2.4768145706424844,1.1233238863260333,-0.5761312100753675,-0.33670647001945486,-0.06419363085456527
0.3793793793793794,2.4761824286923244,1.1234184123505184,-0.5760793439692332,-0.3366249371892702,-0.0643266151724614
0.38138138138138133,2.475560504002719,1.1235123048175435,-0.5759928693648094,-0.33655548261934426,-0.06447563344370803
0.3833833833833833,2.474948820151925,1.1236055818404433,-0.5758714658259525,-0.33649836566151337,-0.06464073133435777
0.38538538538538547,2.474347383984512,1.123698261976734,-0.5757148558785716,-0.3364538347247166,-0.06482193072251581
0.3873873873873874,2.4737561853265015,1.123790364186047,-0.5755228060965947,-0.3364221265416212,-0.06501922943636475
0.3893893893893894,2.4731751967812987,1.1238819077846811,-0.5752951279939166,-0.33640346547175365,-0.0652326011079096
0.39139139139139134,2.472604373608844,1.1239729123969797,-0.5750316787148931,-0.3363980628447667,-0.06546199514503093
0.3933933933933933,2.4720436536896853,1.1240633979037504,-0.5747323615175544,-0.3364061163471651,-0.06570733682349067
0.3953953953953955,2.471492957574932,1.1241533843880005,-0.5743971260453805,-0.33642780945549705,-0.06596852749955683
0.39739739739739743,2.470952188622267,1.1242428920782555,-0.5740259683852409,-0.33646331091866977,-0.06624544494291147
0.3993993993993994,2.47042123321743,1.1243319412897779,-0.573618930910867,-0.33651277429168264,-0.06653794378849759
0.40140140140140135,2.4698999610797747,1.1244205523640238,-0.5731761019130435,-0.33657633752268945,-0.06684585610494928
0.4034034034034033,2.469388225649778,1.1245087456066765,-0.5726976150194801,-0.3366541225949108,-0.06716899207625934
0.4054054054054055,2.4688858645555882,1.1245965412246315,-0.5721836484090941,-0.33674623522452335,-0.06750714079237231
0.40740740740740744,2.4683927001550225,1.1246839592623188,-0.5716344238271429,-0.33685276461525326,-0.06786007114346929
0.4094094094094094,2.467908540148734,1.1247710195377407,-0.5710502054092719,-0.3369737832700087,-0.06822753281184132
0.41141141141141135,2.4674331782596686,1.124857741578634,-0.5704312983240719,-0.33710934685949495,-0.06860925735444352
0.4134134134134133,2.466966394973367,1.1249441445591424,-0.5697780472451646,-0.33725949414738865,-0.06900495936849495
0.4154154154154155,2.4665079583331995,1.1250302472374067,-0.5690908346650985,-0.3374242469712799,-0.06941433773184567
0.41741741741741745,2.466057624784195,1.1251160678944472,-0.568370079064472,-0.33760361027825275,-0.06983707690928304
0.4194194194194194,2.4656151400588078,1.1252016242747331,-0.5676162329506621,-0.3377975722136557,-0.07027284831549983
0.42142142142142136,2.4651802400977254,1.1252869335287825,-0.5668297807813131,-0.33800610426131616,-0.07072131172510243
0.4234234234234233,2.464752651998646,1.125372012158159,-0.56601123678836,-0.3382291614331844,-0.07118211671980196
0.4254254254254255,2.4643320949858953,1.1254568759631793,-0.5651611427187667,-0.338466682506155,-0.07165490416280385
0.42742742742742745,2.463918281393755,1.125541539993624,-0.5642800655083925,-0.338718590303596,-0.07213930769039587
0.4294294294294294,2.463510917656465,1.1256260185027391,-0.563368594905451,-0.3389847920189404,-0.07263495521082582
0.43143143143143137,2.4631097052980375,1.125710324904757,-0.5624273410598847,-0.3392651795785445,-0.07314147040075454
0.4334334334334333,2.462714341915258,1.1257944717361517,-0.5614569320946793,-0.33955963004090073,-0.07365847418986451
0.4354354354354355,2.4623245221475596,1.1258784706208012,-0.5604580116746619,-0.3398680060291984,-0.07418558622458901
0.43743743743743746,2.46193993862782,1.1259623322392014,-0.5594312365877183,-0.34019015619417986,-0.07472242630239641
0.4394394394394394,2.461560282908561,1.1260460663018268,-0.5583772743526065,-0.3405259157042036,-0.0752686157686085
0.4414414414414414,2.461185246358475,1.1261296815267188,-0.5572968008666689,-0.3408751067594296,-0.0758237788683385
0.44344344344344333,2.4608145210247216,1.1262131856213218,-0.5561904981057753,-0.34123753912707405,-0.07638754404679807
0.4454454454454455,2.4604478004569392,1.126296585268573,-0.5550590518877635,-0.3416130106947223,-0.07695954519192473
0.44744744744744747,2.4600847804894705,1.1263798861172065,-0.5539031497095326,-0.3420013080387804,-0.07753942281401822
0.4494494494494494,2.459725159978842,1.1264630927762038,-0.5527234786667595,-0.34240220700522456,-0.07812682515782599
0.4514514514514514,2.4593686414940863,1.1265462088132827,-0.5515207234640295,-0.3428154732999371,-0.07872140924328283
0.45345345345345334,2.459014931958035,1.1266292367573156,-0.55029556452195,-0.3432408630860415,-0.07932284183186825
0.4554554554554555,2.4586637432382425,1.1267121781044984,-0.5490486761866262,-0.3436781235857912,-0.07993080031629175
0.4574574574574575,2.4583147926866884,1.1267950333281154,-0.5477807250456992,-0.3441269936847308,-0.0805449735319419
0.45945945945945943,2.457967803627908,1.1268778018916799,-0.54649236835401,-0.34458720453599984,-0.08116506248922811
0.4614614614614614,2.4576225057956216,1.1269604822652617,-0.5451842525708632,-0.34505848016283086,-0.08179078102660178
0.46346346346346334,2.457278635718361,1.127043071944744,-0.5438570120098346,-0.3455405380574518,-0.08242185638465302
0.4654654654654655,2.456935937054965,1.1271255674737843,-0.5425112676011237,-0.3460330897747857,-0.08305802970224505
0.4674674674674675,2.456594160881128,1.1272079644682227,-0.5411476257655631,-0.3465358415195037,-0.08369905643615601
0.46946946946946944,2.4562530659285144,1.1272902576426844,-0.5397666773986113,-0.34704849472515176,-0.08434470670615361
0.4714714714714714,2.4559124187781602,1.1273724408391141,-0.538368996961952,-0.3475707466242295,-0.08499476556782529
0.47347347347347357,2.4555719940101253,1.1274545070569808,-0.5369551416797087,-0.34810229080824995,-0.0856490332158281
0.47547547547547553,2.4552315743115076,1.1275364484849015,-0.5355256508357633,-0.3486428177769398,-0.0863073251205058
0.4774774774774775,2.454890950545075,1.1276182565334212,-0.5340810451682324,-0.3491920154758662,-0.086969472101052
0.47947947947947944,2.454549921780848,1.1276999218687085,-0.5326218263568141,-0.34974956982188476,-0.08763532033857517
0.4814814814814814,2.4542082952930473,1.1277814344469193,-0.5311484765984588,-0.3503151652158953,-0.08830473133255336
0.4834834834834836,2.4538658865248224,1.1278627835490096,-0.5296614582666292,-0.35088848504246706,-0.08897758180424951
0.48548548548548554,2.4535225190232044,1.1279439578157642,-0.5281612136493196,-0.3514692121559549,-0.08965376355070542
0.4874874874874875,2.4531780243466814,1.1280249452828444,-0.5266481647609514,-0.3520570293527713,-0.0903331832529422
0.48948948948948945,2.452832241947761,1.128105733415651,-0.5251227132232932,-0.35265161982949456,-0.09101576224197355
0.4914914914914914,2.452485019032813,1.1281863091438267,-0.5235852402106244,-0.35325266762651264,-0.09170143622619348
0.4934934934934936,2.452136210401414,1.1282666588952286,-0.5220361064544773,-0.3538598580568798,-0.09239015498363226
0.49549549549549554,2.451785678267319,1.1283467686292121,-0.5204756523034563,-0.35447287812004713,-0.0930818820224912
0.4974974974974975,2.451433292063085,1.1284266238690932,-0.5189041978338237,-0.35509141690008694,-0.09377659421327314
0.49949949949949946,2.4510789282302827,1.128506209733659,-0.5173220430067488,-0.3557151659479773,-0.09447428139572128
0.5015015015015014,2.4507224699970904,1.1285855109676133,-0.5157294678683556,-0.35634381964746187,-0.09517494596367257
0.5035035035035036,2.4503638071449956,1.1286645119708631,-0.5141267327889375,-0.35697707556391883,-0.09587860243082341
0.5055055055055055,2.4500028357661887,1.128743196826561,-0.5125140787379644,-0.3576146347756158,-0.09658527698029855
0.5075075075075075,2.449639458013142,1.1288215493278233,-0.5108917275917408,-0.3582562021866386,-0.09729500700080894
0.5095095095095095,2.4492735818417626,1.1288995530030785,-0.509259882470825,-0.3589014868207165,-0.09800784061208613
0.5115115115115114,2.4489051207494072,1.1289771911399857,-0.5076187281045402,-0.3595502020950872,-0.09872383618218594
0.5135135135135136,2.4485339935089603,1.1290544468078911,-0.5059684312201314,-0.36020206607348537,-0.099443061839167
0.5155155155155156,2.448160123900083,1.1291313028788026,-0.5043091409543237,-0.36085680169727524,-0.10016559497956672
0.5175175175175175,2.4477834404386707,1.129207742046856,-0.5026409892852107,-0.36151413699370377,-0.1008915217760216
0.5195195195195195,2.447403876105479,1.1292837468462784,-0.5009640914825787,-0.36217380526021575,-0.1016209366863061
0.5215215215215214,2.447021368074816,1.129359299667842,-0.4992785465748995,-0.3628355452237544,-0.10235394196599604
0.5235235235235236,2.4466358574441323,1.1294343827738271,-0.49758443783135886,-0.36349910117396694,-0.1030906471868958
0.5255255255255256,2.4462472889652953,1.1295089783115106,-0.4958818332573717,-0.36416422306925583,-0.10383116876330534
0.5275275275275275,2.445855610778277,1.1295830683252055,-0.4941707861021302,-0.36483066661464547,-0.10457562948813225
0.5295295295295295,2.4454607741479557,1.129656634766887,-0.4924513353767737,-0.3654981933104932,-0.10532415808079146
0.5315315315315314,2.445062733204664,1.1297296595054391,-0.4907235063818262,-0.3661665704711524,-0.10607688874875856
0.5335335335335336,2.444661444689117,1.1298021243345753,-0.4889873112425559,-0.3668355712127797,-0.1068339607645671
0.5355355355355356,2.4442568677022836,1.1298740109794663,-0.4872427494509379,-0.3675049744096021,-0.10759551805995739
0.5375375375375375,2.443848963460755,1.1299453011021545,-0.48548980841288913,-0.3681745646180895,-0.10836170883879305
0.5395395395395395,2.443437695058126,1.1300159763057758,-0.4837284639994325,-0.3688441319686136,-0.10913268521026138
0.5415415415415414,2.4430230272328703,1.1300860181376862,-0.4819586811004394,-0.3695134720243548,-0.10990860284376999
0.5435435435435436,2.442604926143164,1.130155408091531,-0.4801804141795701,-0.37018238560737265,-0.11068962064683331
0.5455455455455456,2.4421833591490807,1.1302241276083265,-0.4783936078289975,-0.3708506785919465,-0.11147590046711911
0.5475475475475475,2.441758294602541,1.1302921580766276,-0.4765981973224985,-0.37151816166548124,-0.11226760681969557
0.5495495495495495,2.4413297016453788,1.1303594808318405,-0.4747941091654481,-0.3721846500574577,-0.11306490664037562
0.5515515515515514,2.4408975500158325,1.1304260771547527,-0.47298126164025034,-0.3728499632371052,-0.11386796906591355
0.5535535535535536,2.4404618098637543,1.1304919282693384,-0.47115956534571907,-0.3735139245806546,-0.1146769652416548
0.5555555555555556,2.440022451574765,1.130557015339916,-0.4693289237289252,-0.3741763610092199,-0.11549206815708626
0.5575575575575575,2.4395794456035658,1.130621319467723,-0.46748923360802064,-0.374837102598522,-0.11631345250957695
0.5595595595595595,2.4391327623165635,1.1306848216869538,-0.4656403856845735,-0.37549598216183083,-0.1171412945964399
0.5615615615615615,2.4386823718439135,1.130747502960347,-0.4637822650439724,-0.3761528348076535,-0.1179757722352909
0.5635635635635636,2.438228243941063,1.1308093441743599,-0.46191475164249174,-0.37680749747381476,-0.11881706471252237
0.5655655655655656,2.4377703478598085,1.1308703261339927,-0.46003772077966165,-0.3774598084396964,-0.11966535275956341
0.5675675675675675,2.437308652228845,1.1309304295573175,-0.45815104355464836,-0.3781096068184841,-0.12052081855645252
0.5695695695695695,2.4368431249437403,1.130989635069753,-0.4562545873054172,-0.37875673203134197,-0.12138364576211122
0.5715715715715715,2.4363737330662163,1.131047923198132,-0.45434821602954223,-0.37940102326547603,-0.12225401957058317
0.5735735735735736,2.435900442732573,1.1311052743645982,-0.4524317907856067,-0.3800423189180687,-0.12313212679238353
0.5755755755755756,2.4354232190710587,1.1311616688803698,-0.4505051700742513,-0.3806804560280664,-0.12401815595999942
0.5775775775775776,2.4349420261279278,1.1312170869393943,-0.4485682101980323,-0.3813152696977667,-0.1249122974564895
0.5795795795795795,2.4344568268019042,1.1312715086119263,-0.4466207655993639,-0.381946592506114,-0.12581474366605025
0.5815815815815815,2.433967582786727,1.1313249138380315,-0.4446626891759472,-0.38257425391552263,-0.1267256891453497
0.5835835835835836,2.4334742545214,1.1313772824210495,-0.44269383257320793,-0.3831980796739736,-0.1276453308143781
0.5855855855855856,2.4329768011477735,1.1314285940210058,-0.44071404645339196,-0.38381789121399695,-0.12857386816552266
0.5875875875875876,2.4324751804750124,1.1314788281479862,-0.4387231807410989,-0.3844335050500378,-0.12951150348955112
0.5895895895895895,2.4319693489505116,1.131527964155463,-0.4367210848451554,-0.38504473217554785,-0.13045844211717283
0.5915915915915915,2.431459261636777,1.131575981233566,-0.43470760785686113,-0.385651377460984,-0.13141489267484607
0.5935935935935936,2.430944872193787,1.1316228584022823,-0.43268259872474907,-0.3862532390537279,-0.13238106735351018
0.5955955955955956,2.4304261328663133,1.13166857450457,-0.43064590640613576,-0.38685010778075546,-0.13335718218894302
0.5975975975975976,2.4299029944756856,1.131713108199345,-0.4285973799958245,-0.38744176655469514,-0.13434345735246925
0.5995995995995995,2.429375406415466,1.1317564379543272,-0.42653686883244624,-0.3880279897837226,-0.13534011745078667
0.6016016016016015,2.4288433166504912,1.1317985420386962,-0.4244642225830057,-0.38860854278554097,-0.13634739183371788
0.6036036036036037,2.428306671718747,1.1318393985155193,-0.4223792913062862,-0.38918318120549755,-0.1373655149087421
0.6056056056056056,2.4277654167355243,1.1318789852339033,-0.4202819254958483,-0.38975165043869375,-0.13839472646121406
0.6076076076076076,2.427219495399323,1.1319172798208172,-0.41817197610341406,-0.3903136850557452,-0.13943527197922662
0.6096096096096095,2.4266688499989644,1.1319542596725298,-0.41604929454349326,-0.39086900823166765,-0.14048740298212722
0.6116116116116117,2.4261134214213804,1.1319899019455935,-0.4139137326801447,-0.3914173311771703,-0.1415513773517452
0.6136136136136137,2.425553149159562,1.1320241835473162,-0.4117651427968014,-0.3919583525714678,-0.14262745966543475
0.6156156156156156,2.424987971320149,1.1320570811256403,-0.4096033775501187,-0.3924917579955484,-0.14371592153007642
0.6176176176176176,2.424417824630163,1.1320885710583533,-0.4074282899088085,-0.393017219364673,-0.14481704191621314
0.6196196196196195,2.4238426444423866,1.1321186294415513,-0.4052397330784311,-0.39353439435872506,-0.1459311074915203
0.6216216216216217,2.423262364738916,1.1321472320772632,-0.40303756041311095,-0.39404292584888934,-0.1470584129528217
0.6236236236236237,2.4226769181324106,1.1321743544601428,-0.4008216253151274,-0.39454244131899197,-0.1481992613558635
0.6256256256256256,2.422086235864581,1.1321999717631397,-0.3985917811233089,-0.39503255227971407,-0.1493539644420452
0.6276276276276276,2.4214902478014815,1.1322240588220376,-0.3963478809911241,-0.3955128536737568,-0.15052284296127386
0.6296296296296295,2.4208888824251535,1.1322465901187535,-0.3940897777553359,-0.39598292326992907,-0.1517062269900631
0.6316316316316317,2.4202820668212026,1.1322675397632942,-0.3918173237960299,-0.3964423210440092,-0.15290445624392837
0.6336336336336337,2.4196697266618865,1.1322868814742393,-0.3895303708887874,-0.3968905885441314,-0.15411788038304156
0.6356356356356356,2.419051786184303,1.13230458855764,-0.3872287700497167,-0.39732724823833315,-0.1553468593099936
0.6376376376376376,2.4184281681632664,1.1323206338841958,-0.3849123713739955,-0.3977518028418045,-0.15659176345837558
0.6396396396396395,2.41779879387848,1.1323349898645831,-0.3825810238685197,-0.39816373462126603,-0.15785297407071844
0.6416416416416417,2.417163583075594,1.1323476284227945,-0.38023457527918975,-0.398562504673799,-0.15913088346413345
0.6436436436436437,2.4165224539207566,1.1323585209673366,-0.3778728719132906,-0.39894755217733163,-0.1604258952817588
0.6456456456456456,2.4158753229482626,1.1323676383601564,-0.3754957584573658,-0.39931829360987103,-0.1617384247278476
0.6476476476476476,2.4152221050009,1.1323749508831191,-0.37310307779090024,-0.3996741219344299,-0.16306889878401445
0.6496496496496496,2.4145627131625953,1.1323804282018979,-0.37069467079606666,-0.400014405746458,-0.16441775640379955
0.6516516516516517,2.413897058682957,1.1323840393271003,-0.3682703761637096,-0.40033848838043223,-0.16578544868229494
0.6536536536536537,2.413225050893315,1.132385752572469,-0.3658300301956664,-0.4006456869720721,-0.16717243899710688
0.6556556556556556,2.412546597113853,1.1323855355099903,-0.36337346660345266,-0.4009352914724585,-0.16857920311639715
0.6576576576576576,2.411861602551422,1.1323833549217306,-0.3609005163032544,-0.40120656361010043,-0.17000622926913814
0.6596596596596596,2.4111699701876432,1.1323791767482365,-0.35841100720709623,-0.4014587357967536,-0.17145401817203512
0.6616616616616617,2.4104716006568743,1.1323729660333186,-0.3559047640099624,-0.4016910099724954,-0.17292308300679388
0.6636636636636637,2.4097663921136676,1.1323646868650523,-0.3533816079725696,-0.4019025563852574,-0.17441394934053847
0.6656656656656657,2.4090542400893087,1.1323543023128313,-0.3508413566993907,-0.40209251229963283,-0.1759271549811999
0.6676676676676676,2.408335037337079,1.1323417743603066,-0.34828382391143736,-0.4022599806293912,-0.17746324975857955
0.6696696696696696,2.407608673665869,1.132327063834074,-0.3457088192131975,-0.40240402848765,-0.1790227952205407
0.6716716716716717,2.406875035761835,1.1323101303279575,-0.3431161478530156,-0.4025236856481464,-0.18060636423235898
0.6736736736736737,2.406134006997795,1.1322909321227888,-0.3405056104760705,-0.40261794291046255,-0.18221454046566515
0.6756756756756757,2.4053854672301305,1.1322694261015704,-0.3378770028689722,-0.402685750361399,-0.1838479177616093
0.6776776776776776,2.404629292583017,1.1322455676599747,-0.33523011569483757,-0.4027260155239557,-0.18550709935083076
0.6796796796796796,2.403865355219885,1.1322193106121323,-0.3325647342175258,-0.4027376013845387,-0.18719269691051654
0.6816816816816818,2.4030935231021076,1.1321906070917402,-0.3298806380135166,-0.40271932428808443,-0.18890532943622432
0.6836836836836837,2.402313659735036,1.1321594074485568,-0.32717760066967777,-0.4026699516897403,-0.19064562190319917
0.6856856856856857,2.401525623901663,1.132125660140416,-0.3244553894649024,-0.402588199750557,-0.19241420368858006
0.6876876876876876,2.400729269384343,1.13208931162099,-0.3217137650332877,-0.40247273076332973,-0.1942117067221181
0.6896896896896896,2.3999244446752437,1.1320503062236056,-0.31895248100616574,-0.40232215039323066,-0.19603876332875397
0.6916916916916918,2.399110992676447,1.1320085860415476,-0.3161712836298808,-0.40213500471620456,-0.19789600372156033
0.6936936936936937,2.3982887503909174,1.1319640908054125,-0.31336991135571796,-0.40190977703622044,-0.1997840530980609
0.6956956956956957,2.397457548605926,1.1319167577582314,-0.31054809439781733,-0.40164488446035446,-0.20170352828671356
0.6976976976976976,2.396617211570939,1.131866521529269,-0.3077055542542411,-0.4013386742083045,-0.2036550338832678
0.6996996996996996,2.395767556672474,1.1318133140076339,-0.3048420031855725,-0.4009894196302486,-0.20563915780868
0.7017017017017018,2.3949083941090152,1.1317570642170618,-0.3019571436445086,-0.4005953159039532,-0.20765646621114203
0.7037037037037037,2.3940395265697463,1.1316976981935607,-0.2990506676488245,-0.40015447537862425,-0.20970749762439778
0.7057057057057057,2.393160748921646,1.1316351388679133,-0.29612225608880943,-0.3996649225291568,-0.2117927562827113
0.7077077077077076,2.392271847910399,1.1315693059554468,-0.29317157795877424,-0.39912458848009835,-0.21391270447939922
0.7097097097097096,2.391372601881599,1.1315001158559037,-0.2901982895004555,-0.39853130505373513,-0.21606775384050803
0.7117117117117118,2.390462780529924,1.1314274815667742,-0.28720203324404886,-0.39788279829115536,-0.2182582553677394
0.7137137137137137,2.3895421446852994,1.1313513126140178,-0.2841824369301278,-0.3971766813888487,-0.22048448808476856
0.7157157157157157,2.388610446146605,1.1312715150047445,-0.28113911229277244,-0.3964104469862529,-0.222746646098304
0.7177177177177176,2.387667427575204,1.1311879912071658,-0.2780716536807661,-0.39558145873154243,-0.22504482385918337
0.7197197197197196,2.386712822462501,1.1311006401639228,-0.27497963648958995,-0.39468694204370486,-0.2273789993789643
0.7217217217217218,2.3857463551878624,1.131009357345786,-0.27186261537206097,-0.39372397397841424,-0.22974901512331022
0.7237237237237237,2.384767741185606,1.1309140348536961,-0.2687201221896313,-0.39268947209317073,-0.23215455626429346
0.7257257257257257,2.3837766872422845,1.1308145615781175,-0.2655516636594396,-0.39158018219339646,-0.23459512592876325
0.7277277277277276,2.382772891948227,1.1307108234257774,-0.26235671864392607,-0.3903926648253692,-0.23707001702823882
0.7297297297297298,2.381756046330112,1.130602703624928,-0.2591347350199475,-0.3891232803637014,-0.239578280196316
0.7317317317317318,2.380725834694228,1.13049008312131,-0.2558851260524955,-0.38776817252012163,-0.24211868729104807
0.7337337337337337,2.3796819357127807,1.1303728410779164,-0.25260726618394364,-0.3863232500760848,-0.24468968984069614
0.7357357357357357,2.3786240237880176,1.1302508554922843,-0.24930048613271455,-0.3847841666136414,-0.24728937171988757
0.7377377377377377,2.3775517707306077,1.130124003945239,-0.24596406717476355,-0.38314629798627486,-0.24991539523747597
0.7397397397397398,2.3764648477891734,1.129992164494419,-0.24259723445655182,-0.38140471723320035,-0.25256493969481425
0.7417417417417418,2.3753629280662456,1.1298552167240492,-0.23919914915830667,-0.3795541665957273,-0.2552346313307458
0.7437437437437437,2.37424568935093,1.12971304295857,-0.23576889929016223,-0.3775890262413592,-0.2579204634038735
0.7457457457457457,2.3731128173881944,1.1295655296405982,-0.23230548885980218,-0.3755032792385073,-0.2606177049692867
0.7477477477477477,2.371964009585593,1.1294125688613654,-0.22880782509665254,-0.3732904722497251,-0.26332079668072333
0.7497497497497498,2.3707989791250865,1.1292540600108512,-0.225274703352208,-0.37094367132122547,-0.26602323168373465
0.7517517517517518,2.369617459391402,1.1290899114798023,-0.2217047892157946,-0.36845541203711296,-0.26871741935290183
0.7537537537537538,2.3684192085338536,1.128920042287004,-0.2180965972862326,-0.3658176431728553,-0.27139452925652874
0.7557557557557557,2.367204013819565,1.1287443834058462,-0.21444846591762598,-0.36302166281653525,-0.2740443122926792
0.7577577577577577,2.3659716951669125,1.1285628783950037,-0.21075852710553664,-0.3600580457178206,-0.2766548954140052
0.7597597597597598,2.3647221067883955,1.1283754826467824,-0.20702467048969814,-0.35691656035795033,-0.27921254572251336
0.7617617617617618,2.363455135079625,1.1281821600603232,-0.2032445002098779,-0.3535860738865077,-0.2817013989368755
0.7637637637637638,2.3621706895114856,1.127982875058838,-0.19941528304696038,-0.35005444260729857,-0.28410314626678657
0.7657657657657657,2.3608686808605586,1.127777576300834,-0.19553388589004622,-0.3463083850615697,-0.2863966724995101
0.7677677677677677,2.3595489768310385,1.127566165645689,-0.19159670006111135,-0.342333333864734,-0.288557636500471
0.7697697697697699,2.35821131750883,1.1273484409522647,-0.18759954935560336,-0.3381132611608353,-0.29055798317029713
0.7717717717717718,2.356855159498073,1.127123992364186,-0.18353757775085236,-0.33363047063370094,-0.292365372883085
0.7737737737737738,2.355479393257632,1.1268920157124598,-0.17940511148656485,-0.3288653460668853,-0.2939425100457457
0.7757757757757757,2.3540818345134875,1.126650977869591,-0.175195488461035,-0.3237960418262804,-0.29524634579822656
0.7777777777777777,2.352658312293681,1.1263980171262233,-0.17090084533189867,-0.3183980932583535,-0.29622711953173725
0.7797797797797799,2.351201035577822,1.1261278686718874,-0.16651184889057122,-0.3126439130197439,-0.2968271872865715
0.7817817817817818,2.349695668648064,1.1258309384519973,-0.16201735239130582,-0.3065021197094901,-0.2969795578518102
0.7837837837837838,2.348116094839063,1.1254898501628798,-0.15740394816495795,-0.29993661275796374,-0.2966060121841817
0.7857857857857857,2.3464150463562112,1.125073257947648,-0.15265537259022274,-0.29290525396415446,-0.2956146064414497
0.7877877877877877,2.344507359016105,1.1245247740037043,-0.14775169403232394,-0.2853579279647447,-0.29389623403495047
0.7897897897897899,2.342240128292348,1.12374320356472,-0.14266817118084396,-0.27723361076121705,-0.2913197183417394
0.7917917917917918,2.3393397814919057,1.1225474147004344,-0.1373735955211695,-0.26845584863591176,-0.28772458622622726
0.7937937937937938,2.3353190150979133,1.1206143489714318,-0.1318278068816509,-0.25892570807647614,-0.2829101980765566
0.7957957957957957,2.3293156064538976,1.117370971237968,-0.12597786656852164,-0.24851079536957232,-0.2766193073211364
0.7977977977977977,2.3198206204586125,1.1118098955652114,-0.11975206546266003,-0.2370284835041448,-0.2685136584480578
0.7997997997997999,2.3042423255459754,1.1021865478737938,-0.11305058348546435,-0.22422157068057172,-0.2581399297421123
0.8018018018018018,2.278272160168668,1.085556360737087,-0.10573156120400005,-0.2097269723244709,-0.24488920229239874
0.8038038038038038,2.2351514751983292,1.0571666551053136,-0.09759296658929194,-0.19304724704134987,-0.22796947288441716
0.8058058058058057,2.1653503364253788,1.0099316771314324,-0.0883579191705482,-0.1735598201581776,-0.20645134559714898
0.8078078078078077,2.058000954350518,0.9347364471465733,-0.07769233139699923,-0.15064879807014256,-0.17951850159099178
0.8098098098098099,1.9060912359812727,0.8230519727278831,-0.06532490618353701,-0.12409762690067648,-0.14710216300601242
0.8118118118118118,1.7154290885733723,0.6732250835802654,-0.05136458484781065,-0.09480978554192117,-0.1108893226481103
0.8138138138138138,1.5105108264240137,0.4984478334999288,-0.036765063802277814,-0.06548156802787178,-0.07499135303268684
0.8158158158158157,1.3262968495757093,0.3277131474835399,-0.023424353882331852,-0.04013921630480935,-0.044808935659439164
0.8178178178178177,1.1881540390276637,0.19129637834497926,-0.01324592883768259,-0.021899229865090034,-0.02385893062370061
0.8198198198198199,1.0999316105582233,0.10142298515461193,-0.006805611300084147,-0.010940241258732906,-0.011709138819289554
0.8218218218218218,1.050148508688194,0.0505046267572335,-0.0032965991462083188,-0.0052014018549759585,-0.005513561971884119
0.8238238238238238,1.0243091848850292,0.02429918396654156,-0.0015529245017322454,-0.002423948957074721,-0.0025603339406766136
0.8258258258258258,1.011558074150869,0.011494368528699743,-0.0007241055804808826,-0.0011239752107674987,-0.0011867543071207253
0.8278278278278277,1.0054396791175442,0.005393759981703879,-0.0003367511255534926,-0.0005213370952514894,-0.0005508557062940913
0.8298298298298299,1.0025467544682296,0.0025213458989876234,-0.00015658276690059812,-0.00024213106355581017,-0.0002560645756915244
0.8318318318318318,1.0011891191945597,0.0011763478971892527,-7.283173618325285e-05,-0.0001125703782565227,-0.00011913214431811369
0.8338338338338338,1.0005544059495568,0.0005482477318400695,-3.3884266639007195e-05,-5.236368697522964e-05,-5.544338222584383e-05
0.8358358358358358,1.0002582579537418,0.0002553445280520898,-1.5764986050882625e-05,-2.4361777684645776e-05,-2.5803115241484453e-05
0.8378378378378377,1.0001202335403396,0.00011886755471696148,-7.3340005783866915e-06,-1.1333412616012577e-05,-1.2006619923020413e-05
0.8398398398398399,1.0000559501640185,5.531250172373479e-05,-3.411122273617638e-06,-5.2714343538886905e-06,-5.58544239925584e-06
0.8418418418418419,1.000026026025608,2.572901483536157e-05,-1.5861251373887807e-06,-2.451223038403626e-06,-2.5975520598657974e-06
0.8438438438438438,1.0000121020136508,1.1963839616707654e-05,-7.373053480674072e-07,-1.139480570374818e-06,-1.2076253195510506e-06
0.8458458458458458,1.0000056254401808,5.56120737584521e-06,-3.4262536563322083e-07,-5.295329551769323e-07,-5.612514102746825e-07
0.8478478478478477,1.000002614009189,2.5841650923899877e-06,-1.5916581793029468e-07,-2.460010431624532e-07,-2.607582885128029e-07
0.8498498498498499,1.0000012142569745,1.2003965894559674e-06,-7.391560507552745e-08,-1.1424487397279871e-07,-1.2110814826639597e-07
0.8518518518518519,1.000000563855067,5.574203714908146e-07,-3.431447577559539e-08,-5.3038502310252885e-08,-5.6229306453763535e-08
0.8538538538538538,1.0000002617447141,2.587584647365088e-07,-1.5924759209437146e-08,-2.461500705813588e-08,-2.609792365259685e-08
0.8558558558558558,1.000000121462418,1.2007702214337144e-07,-7.387921705172317e-09,-1.1419905976294081e-08,-1.2108849457614014e-08
0.8578578578578577,1.0000000563455267,5.5703026466649463e-08,-3.4262997792209583e-09,-5.296374981168493e-09,-5.616339603044098e-09
0.8598598598598599,1.000000026129458,2.5831588917947284e-08,-1.5884806167881712e-09,-2.4555478034376753e-09,-2.604097707389993e-09
0.8618618618618619,1.0000000121130828,1.19750349539812e-08,-7.361932337780936e-10,-1.1380763351975553e-09,-1.2070201116327943e-09
0.8638638638638638,1.0000000056134801,5.549523384885397e-09,-3.4107895735785784e-10,-5.272876427893819e-10,-5.592743939397213e-10
0.8658658658658658,1.0000000026005356,2.5709148448961112e-09,-1.5796871855556965e-10,-2.4421754551604307e-10,-2.59052889871737e-10
0.867867867867868,1.0000000012043324,1.190618656751938e-09,-7.313750952966248e-11,-1.1307303509922166e-10,-1.1995128127103097e-10
0.8698698698698699,1.0000000005575487,5.512016547979808e-10,-3.385025433151523e-11,-5.2335209507144457e-11,-5.552315396048931e-11
0.8718718718718719,1.000000000258031,2.550944504666079e-10,-1.566159883156163e-11,-2.4214825680558806e-11,-2.56918837957546e-11
0.8738738738738738,1.000000000119375,1.1801682932322537e-10,-7.243728302597732e-12,-1.1200070817412727e-11,-1.1884203074319314e-11
0.8758758758758758,1.0000000000552085,5.4580694118388726e-11,-3.3491860972480537e-12,-5.178590206477623e-12,-5.49535878482935e-12
0.877877877877878,1.000000000025524,2.5233987966330584e-11,-1.5479821365423444e-12,-2.3936045989819544e-12,-2.5402307253363846e-12
0.8798798798798799,1.0000000000117961,1.1662279883670344e-11,-7.152188223147968e-13,-1.1059630976193217e-12,-1.173815025963164e-12
0.8818818818818819,1.0000000000054496,5.388025622478359e-12,-3.303323448631233e-13,-5.10822408903512e-13,-5.422145303860579e-13
0.8838838838838838,1.0000000000025167,2.488359646513592e-12,-1.5250545132406698e-13,-2.358439355815113e-13,-2.503659582935378e-13
0.8858858858858858,1.0000000000011617,1.1487327132766736e-12,-7.037303406683417e-14,-1.0883588242401775e-13,-1.155541800351e-13
0.887887887887888,1.000000000000536,5.300513505289714e-13,-3.24520812347035e-14,-5.0193250095356396e-14,-5.330249055054588e-14
0.8898898898898899,1.000000000000247,2.4442144336274564e-13,-1.495068784185387e-14,-2.3126971510472404e-14,-2.4567240521965536e-14
0.8918918918918919,1.0000000000001137,1.1260783228542988e-13,-6.877545916779393e-15,-1.0640838865892074e-14,-1.1309205078750898e-14
0.8938938938938938,1.0000000000000522,5.1826092730735414e-14,-3.1563718816757024e-15,-4.8849945712256915e-15,-5.196163820880123e-15
0.8958958958958958,1.0000000000000238,2.3801231380705333e-14,-1.4427811296608986e-15,-2.233972864101236e-15,-2.3793951996627234e-15
0.897897897897898,1.0000000000000107,1.0871841163429292e-14,-6.546218916252281e-16,-1.0142477513807516e-15,-1.082276577463776e-15
0.8998998998998999,1.0000000000000047,4.895828321000321e-15,-2.927088966005566e-16,-4.538344836230595e-16,-4.852943278701246e-16
0.9019019019019019,1.0000000000000018,2.135646539921697e-15,-1.2735749092018383e-16,-1.9756334317443157e-16,-2.1157365808978726e-16
0.9039039039039038,1.0000000000000007,8.856281888769434e-16,-5.310062542804006e-17,-8.237551886600143e-17,-8.823403749580541e-17
0.9059059059059058,1.0000000000000002,3.48129952851942e-16,-2.083138113239169e-17,-3.229283143956371e-17,-3.453462332655153e-17
0.907907907907908,1.0,1.2224362382429589e-16,-7.361176626767646e-18,-1.1373145941673248e-17,-1.2046024958721493e-17
0.9099099099099099,1.0,2.643807993905511e-17,-2.1651349739037506e-18,-3.3060411895460277e-18,-3.36580883239162e-18
0.9119119119119119,1.0,6.266634819821733e-18,-5.91385645164421e-19,-8.907468973868818e-19,-8.696339881270505e-19
0.9139139139139139,1.0,1.3899894505092479e-18,-1.5043276997360664e-19,-2.2273103947248836e-19,-2.0675460658627252e-19
0.9159159159159158,1.0,3.098686574831721e-19,-3.708274347313723e-20,-5.390140002824242e-20,-4.755695185695247e-20
0.917917917917918,1.0,6.812039273390806e-20,-8.927797814674889e-21,-1.2719789311119218e-20,-1.0642406694409257e-20
0.91991991991992,1.0,1.5136047141590355e-20,-2.135856422251598e-21,-2.983011745093765e-21,-2.3737156268994304e-21
0.9219219219219219,1.0,3.4001794510498496e-21,-5.09401424362725e-22,-6.979502546017371e-22,-5.307545239154526e-22
0.9239239239239239,1.0,7.711033538656073e-22,-1.2102350575985418e-22,-1.6284487976969898e-22,-1.1903925767798937e-22
0.9259259259259258,1.0,1.7483007820476615e-22,-2.8518494928079544e-23,-3.7700918622360137e-23,-2.659316933229905e-23
0.927927927927928,1.0,3.943877071137744e-23,-6.658993814423304e-24,-8.648077464457025e-24,-5.898189685980847e-24
0.92992992992993,1.0,8.85390985249902e-24,-1.543812049546251e-24,-1.9693496603905763e-24,-1.3004485959257649e-24
0.9319319319319319,1.0,1.984252341341864e-24,-3.5647414103960283e-25,-4.467201124655116e-25,-2.8612122177579647e-25
0.9339339339339339,1.0,4.4500648179195e-25,-8.215570170776129e-26,-1.0118989758154024e-25,-6.301206376105392e-26
0.9359359359359358,1.0,9.99799968847008e-26,-1.8914846100614478e-26,-2.2914916848876286e-26,-1.3912063718330713e-26
0.937937937937938,1.0,2.249761092294474e-26,-4.3497272964843796e-27,-5.187443893842432e-27,-3.0793425168723543e-27
0.93993993993994,1.0,5.0653568193863236e-27,-9.985338502986947e-28,-1.1731600461557404e-27,-6.826658022354517e-28
0.9419419419419419,1.0,1.140026458493156e-27,-2.2872411274625074e-28,-2.648972289520277e-28,-1.5142076476701788e-28
0.9439439439439439,1.0,2.5635958079459106e-28,-5.227511380236707e-29,-5.971131873805636e-29,-3.358553135831919e-29
0.9459459459459458,1.0,5.76031403976609e-29,-1.1924650134571816e-29,-1.344069941294528e-29,-7.449575925784868e-30
0.947947947947948,1.0,1.2937444025523284e-29,-2.716037247253501e-30,-3.0224892230726504e-30,-1.6530278292944405e-30
0.94994994994995,1.0,2.9051708392019725e-30,-6.178436403322442e-31,-6.792394004737267e-31,-3.6705228177876964e-31
0.9519519519519519,1.0,6.5227665149497005e-31,-1.4037773555152755e-31,-1.5255635777018022e-31,-8.156236034347387e-32
0.9539539539539539,1.0,1.4640615473115329e-31,-3.1853576450999655e-32,-3.4240636948329336e-32,-1.8133209716070357e-32
0.9559559559559558,1.0,3.284400070133161e-32,-7.217922082589439e-33,-7.678738816885127e-33,-4.032271678130006e-33
0.957957957957958,1.0,7.362893296287471e-33,-1.6332092899161045e-33,-1.7204116264276643e-33,-8.966115807180436e-34
0.95995995995996,1.0,1.649345132940585e-33,-3.6903551771111428e-34,-3.8509776820200054e-34,-1.9933388996561176e-34
0.9619619619619619,1.0,3.6920130900433954e-34,-8.328030260888894e-35,-8.612793267074909e-35,-4.4307137544687036e-35
0.9639639639639639,1.0,8.25934840099108e-35,-1.8772800483355108e-35,-1.9248981736340734e-35,-9.847031559431592e-36
0.9659659659659658,1.0,1.8467492538130457e-35,-4.2276067137949896e-36,-4.2995325482863826e-36,-2.188308234659509e-36
0.967967967967968,1.0,4.127590065335164e-36,-9.512652299696124e-37,-9.599308205234446e-37,-4.86311413902392e-37
0.96996996996997,1.0,9.222670114319405e-37,-2.1389981473632566e-37,-2.1424797751774216e-37,-1.0808197968206546e-37
0.9719719719719719,1.0,2.060316452536227e-37,-4.807061773879847e-38,-4.780841643683953e-38,-2.402467528891416e-38
0.9739739739739739,1.0,4.6022949945734075e-38,-1.0798539301950935e-38,-1.0667303331000563e-38,-5.3414990948072694e-39
0.9759759759759759,1.0,1.0280646611328853e-38,-2.425011362504018e-39,-2.3802011705193973e-39,-1.1879696407110268e-39
0.977977977977978,1.0,2.2966960521828292e-39,-5.44452518869536e-40,-5.311475954168109e-40,-2.6430831592213944e-40
0.97997997997998,1.0,5.131444057838783e-40,-1.2221408702941761e-40,-1.1854305667591758e-40,-5.882895813241303e-41
0.9819819819819819,1.0,1.1466409687451377e-40,-2.7428338665298307e-41,-2.6460353375292996e-41,-1.3099055090336813e-41
0.9839839839839839,1.0,2.5624301654233535e-41,-6.154397178733557e-42,-5.906896055896497e-42,-2.9176651769846446e-42
0.9859859859859861,1.0,5.726519047944843e-42,-1.3805917824482072e-42,-1.3186987884584953e-42,-6.500498359901679e-43
0.987987987987988,1.0,1.2797355147888517e-42,-3.0961785978631127e-43,-2.9439656645145688e-43,-1.4485753519366825e-43
0.98998998998999,1.0,2.8597121645373084e-43,-6.941613054020771e-44,-6.572100947330567e-44,-3.2284290892445684e-44
0.991991991991992,1.0,6.389799020432643e-44,-1.555854159113161e-44,-1.467073754611924e-44,-7.195796177377066e-45
0.9939939939939939,1.0,1.4276542728931373e-44,-3.486328989732167e-45,-3.274805007807016e-45,-1.6040018419587237e-45
0.9959959959959961,1.0,3.191104980436937e-45,-7.81409669715116e-46,-7.31334562898538e-46,-3.5774470281604684e-46
0.997997997997998,1.0,7.203993425737416e-46,-1.7687307782088138e-46,-1.6495584729442559e-46,-8.059202604156942e-47
1.0,1.0,1.9469588846005917e-46,-4.79344431952539e-47,-4.453959668995223e-47,-2.1733218493084994e-47
