-1.0,5.0,1.3290262155749463e-27,-2.7533500666977355e-31,-4.5886124096671275e-31,-6.408713388417541e-31,-8.24004566651779e-31,-1.0065327160267804e-30,0.0
-0.997997997997998,5.0,1.0292660588672834e-26,-2.132335493928516e-30,-3.5536567715667155e-30,-4.963236311221236e-30,-6.381513945076077e-30,-7.795105541222828e-30,0.0
-0.995995995995996,5.0,8.867510872844973e-26,-1.8370865350182983e-29,-3.061607811580453e-29,-4.2760131430631643e-29,-5.497912207019601e-29,-6.715774074765295e-29,0.0
-0.993993993993994,5.0,7.651249661495763e-25,-1.5851131090508127e-28,-2.64167995595276e-28,-3.689518353296013e-28,-4.7438226483274785e-28,-5.794643485984742e-28,0.0
-0.991991991991992,5.0,6.6019288566467525e-24,-1.367724808191113e-27,-2.27939015230362e-27,-3.1835240988582454e-27,-4.093237185869725e-27,-4.9999445497931986e-27,0.0
-0.98998998998999,5.0,5.696505682559134e-23,-1.180147849396109e-26,-1.966782623277466e-26,-2.746918894991099e-26,-3.531869154556821e-26,-4.314225911674576e-26,0.0
-0.987987987987988,5.0,4.915253868849788e-22,-1.0182955316482765e-25,-1.6970466522747554e-25,-2.3701905129946164e-25,-3.047488143364357e-25,-3.72254795924718e-25,0.0
-0.985985985985986,5.0,4.241141134387031e-21,-8.786392689919467e-25,-1.4643016527690618e-24,-2.045125795984103e-24,-2.629534031454586e-24,-3.2120113621692145e-24,0.0
-0.983983983983984,5.0,3.659467216271781e-20,-7.581336008215025e-24,-1.26347219374378e-23,-1.764636112407333e-23,-2.2688925638806378e-23,-2.771482934827996e-23,0.0
-0.9819819819819819,5.0,3.1575605348991926e-19,-6.541533498348488e-23,-1.0901832698947659e-22,-1.522611084537043e-22,-1.9577072820273847e-22,-2.3913659068313795e-22,0.0
-0.97997997997998,5.0,2.7244897908367114e-18,-5.644338734185441e-22,-9.406607272104438e-22,-1.3137795172526833e-21,-1.689200711871888e-21,-2.0633815020509406e-21,0.0
-0.977977977977978,5.0,2.3508161062078193e-17,-4.870197146578714e-21,-8.116456869982831e-21,-1.1335898778372939e-20,-1.4575206900909782e-20,-1.7803812238852136e-20,0.0
-0.975975975975976,5.0,2.028403160301562e-16,-4.2022526803883504e-20,-7.003289930696554e-20,-9.781187412401352e-20,-1.257622646951567e-19,-1.5362030622190561e-19,0.0
-0.973973973973974,4.999999999999999,5.537311327335293e-16,-1.1471674774939754e-19,-1.911818982578094e-19,-2.670153592416374e-19,-3.433167658564974e-19,-4.1936607001973397e-19,0.0
-0.9719719719719719,4.999999999999997,1.0917322642008207e-15,-2.261747034954475e-19,-3.7693283675211173e-19,-5.264455355475757e-19,-6.768808325375231e-19,-8.268190861718575e-19,0.0
-0.96996996996997,4.999999999999996,1.7403300259657198e-15,-3.605450168637832e-19,-6.008685051113119e-19,-8.3920664671363e-19,-1.0790155017796906e-18,-1.3180320202039332e-18,0.0
-0.967967967967968,4.999999999999994,2.3457964663897235e-15,-4.859797934384118e-19,-8.099125999235941e-19,-1.1311693512494627e-18,-1.454408482006154e-18,-1.7765796196426707e-18,0.0
-0.965965965965966,4.999999999999992,2.9588253339838723e-15,-6.129812817234118e-19,-1.0215677077282058e-18,-1.426778742937608e-18,-1.834490214380728e-18,-2.2408545932070025e-18,0.0
-0.963963963963964,4.99999999999999,3.574226274288525e-15,-7.404741934641072e-19,-1.2340418003014024e-18,-1.723531974676458e-18,-2.216042646673015e-18,-2.7069260465999013e-18,0.0
-0.9619619619619619,4.9999999999999885,4.194026018392681e-15,-8.68878407524713e-19,-1.448034629334839e-18,-2.0224063589157273e-18,-2.600322364835301e-18,-3.1763289165470372e-18,0.0
-0.95995995995996,4.999999999999987,4.8490760887751075e-15,-1.0045854488036225e-18,-1.6741980297768558e-18,-2.3382788456241725e-18,-3.006457505779218e-18,-3.672428480836167e-18,0.0
-0.957957957957958,4.999999999999985,5.744337821685705e-15,-1.1900572568939523e-18,-1.9832972070083998e-18,-2.7699840886513007e-18,-3.561525380003045e-18,-4.350451391912848e-18,0.0
-0.955955955955956,4.999999999999981,7.097424738774944e-15,-1.4703769307841943e-18,-2.4504656756475227e-18,-3.42245776747118e-18,-4.400447732092226e-18,-5.375206384491354e-18,0.0
-0.953953953953954,4.999999999999977,9.280601576663096e-15,-1.9226667367916638e-18,-3.2042320207679413e-18,-4.4752101109758725e-18,-5.754031027249426e-18,-7.028626675569439e-18,0.0
-0.9519519519519519,4.999999999999969,1.2759687479396607e-14,-2.643430653265242e-18,-4.4054255382844416e-18,-6.1528643320145156e-18,-7.911086048459886e-18,-9.663498540345992e-18,0.0
-0.94994994994995,4.999999999999957,1.793832224105363e-14,-3.716290932416576e-18,-6.193407404555859e-18,-8.650060063883416e-18,-1.112187199279964e-17,-1.3585516970739755e-17,0.0
-0.9479479479479479,4.9999999999999405,2.576948561472166e-14,-5.338676852613216e-18,-8.897204592107884e-18,-1.2426334825927959e-17,-1.5977242268025667e-17,-1.951641739074218e-17,0.0
-0.9459459459459459,4.999999999999914,3.759218662530399e-14,-7.787991563982768e-18,-1.2979125019048064e-17,-1.8127373779550165e-17,-2.3307390845015385e-17,-2.8470292957302266e-17,0.0
-0.943943943943944,4.999999999999873,5.5465525754494086e-14,-1.1490819913548439e-17,-1.91500962737358e-17,-2.6746098258466446e-17,-3.4388972901993764e-17,-4.200659522684747e-17,0.0
-0.9419419419419419,4.9999999999998135,8.242319168503797e-14,-1.7075652659362486e-17,-2.845753347662418e-17,-3.9745386951566886e-17,-5.1102894397841e-17,-6.242287625188078e-17,0.0
-0.93993993993994,4.999999999999724,1.2254086376960488e-13,-2.5386850272723746e-17,-4.230861074033194e-17,-5.909057812895146e-17,-7.597610202439186e-17,-9.280583557257864e-17,0.0
-0.9379379379379379,4.999999999999591,1.81797418891915e-13,-3.7663059581938266e-17,-6.276760251956975e-17,-8.76647532440463e-17,-1.127155368471428e-16,-1.376835518062312e-16,0.0
-0.9359359359359359,4.999999999999396,2.690535792129872e-13,-5.573996070129868e-17,-9.28937727468476e-17,-1.2974065184697655e-16,-1.6681490202932128e-16,-2.0376665762371907e-16,0.0
-0.933933933933934,4.999999999999108,3.976299633448595e-13,-8.237719265930036e-17,-1.372862147396175e-16,-1.917416255496675e-16,-2.465330644302292e-16,-3.01143470526697e-16,0.0
-0.9319319319319319,4.999999999998686,5.860788667192258e-13,-1.2141824351251395e-16,-2.023503170483952e-16,-2.8261379917086057e-16,-3.633725632612507e-16,-4.438644976387888e-16,0.0
-0.92992992992993,4.999999999998071,8.612656822511386e-13,-1.7842882976132171e-16,-2.9736165858021496e-16,-4.153119663212771e-16,-5.339901101714955e-16,-6.522761373839463e-16,0.0
-0.9279279279279279,4.999999999997175,1.2622013425074562e-12,-2.6149086525561177e-16,-4.357892023390929e-16,-6.086476359769389e-16,-7.825727273639961e-16,-9.559231643130447e-16,0.0
-0.9259259259259259,4.9999999999958735,1.8440542918449233e-12,-3.820336234114964e-16,-6.366804739066752e-16,-8.892236504162977e-16,-1.1433251954160502e-15,-1.3965871802386338e-15,0.0
-0.9239239239239239,4.9999999999939915,2.685288923617013e-12,-5.563126107150546e-16,-9.271261871335647e-16,-1.2948764196595958e-15,-1.664895928998122e-15,-2.033692881249021e-15,0.0
-0.9219219219219219,4.999999999991279,3.8977824610491694e-12,-8.07505485847695e-16,-1.3457532109889131e-15,-1.8795543948319998e-15,-2.416649506297259e-15,-2.9519700371831687e-15,0.0
-0.91991991991992,4.9999999999873825,5.6398647062764684e-12,-1.168413510828598e-15,-1.947226689500147e-15,-2.7196059813185983e-15,-3.496751394983768e-15,-4.271329093678193e-15,0.0
-0.9179179179179179,4.999999999981803,8.134474461418332e-12,-1.685223025588666e-15,-2.808518750231932e-15,-3.92253476853117e-15,-5.043425046845734e-15,-6.1606118654247245e-15,0.0
-0.9159159159159159,4.99999999997384,1.1695195239604142e-11,-2.4228992788712687e-15,-4.037897626194854e-15,-5.639554241612493e-15,-7.251094201478344e-15,-8.857309578314865e-15,0.0
-0.9139139139139139,4.999999999962509,1.6760804949192875e-11,-3.4723441030957876e-15,-5.786856322708547e-15,-8.082248026453062e-15,-1.0391803906609268e-14,-1.269372893531216e-14,0.0
-0.9119119119119119,4.999999999946442,2.3944045737077488e-11,-4.960499586487202e-15,-8.26695095404394e-15,-1.1546087254820962e-14,-1.484545812600556e-14,-1.8133927763223964e-14,0.0
-0.9099099099099099,4.999999999923732,3.409727838449493e-11,-7.063949726151764e-15,-1.1772468661625882e-14,-1.6442089849980924e-14,-2.114052587555106e-14,-2.5823438108134573e-14,0.0
-0.9079079079079079,4.999999999891738,4.840140161085576e-11,-1.002734188345153e-14,-1.6711128003263708e-14,-2.3339698411755336e-14,-3.000917174782647e-14,-3.665660891636507e-14,0.0
-0.9059059059059059,4.999999999846809,6.84882772999083e-11,-1.418874967759097e-14,-2.364634763872965e-14,-3.302581503293325e-14,-4.246316031813314e-14,-5.18693242924121e-14,0.0
-0.9039039039039038,4.9999999997839195,9.660459213172246e-11,-2.001362027953724e-14,-3.335382140026709e-14,-4.658381721507371e-14,-5.989545138134316e-14,-7.316310345399725e-14,0.0
-0.9019019019019019,4.999999999696177,1.3583269846037784e-10,-2.8140526123973717e-14,-4.6897766088238686e-14,-6.550004981534698e-14,-8.42171226775553e-14,-1.0287235369220553e-13,0.0
-0.8998998998998999,4.999999999574152,1.9038731481560348e-10,-3.944263249643955e-14,-6.573336065477841e-14,-9.180689735449084e-14,-1.1804132605922565e-13,-1.4418907531612396e-13,0.0
-0.8978978978978979,4.9999999994049995,2.660118131910378e-10,-5.510979656350761e-14,-9.184356884514495e-14,-1.2827387818977357e-13,-1.6492898808914844e-13,-2.014629882543477e-13,0.0
-0.8958958958958959,4.99999999917127,3.705063049971564e-10,-7.675797119649133e-14,-1.2792146680989057e-13,-1.7866229348179606e-13,-2.2971622663536454e-13,-2.8060147585126647e-13,0.0
-0.8938938938938938,4.9999999988493515,5.144281044161938e-10,-1.065743203055281e-13,-1.7761208595327392e-13,-2.480629984774252e-13,-3.189486425343276e-13,-3.896000780038309e-13,0.0
-0.8918918918918919,4.999999998407392,7.120168309951396e-10,-1.4750887279423263e-13,-2.458318150046931e-13,-3.4334249735256847e-13,-4.414548889882669e-13,-5.39243113933218e-13,0.0
-0.8898898898898899,4.9999999978025755,9.82413652276442e-10,-2.0352711364974954e-13,-3.391893572461751e-13,-4.73730875680391e-13,-6.091026096284635e-13,-7.440270707469398e-13,0.0
-0.8878878878878879,4.999999996977545,1.3512614682053281e-09,-2.799414949273515e-13,-4.665382121732679e-13,-6.515934272981744e-13,-8.377905628676861e-13,-1.0233724967456232e-12,0.0
-0.8858858858858859,4.99999999585572,1.8527957576145714e-09,-3.8384459743890805e-13,-6.396985637587727e-13,-8.934388839348096e-13,-1.1487449598184883e-12,-1.4032074957124519e-12,0.0
-0.8838838838838838,4.999999994335211,2.532568036885958e-09,-5.246733510185466e-13,-8.743975851906367e-13,-1.2212326975333294e-12,-1.5702080257336766e-12,-1.918030327536508e-12,0.0
-0.8818818818818819,4.999999992280911,3.4509793426800312e-09,-7.149410678773128e-13,-1.1914894135406648e-12,-1.6641009252806764e-12,-2.1396287814635032e-12,-2.6135854773748866e-12,0.0
-0.8798798798798799,4.99999998951428,4.687847327378398e-09,-9.71183610021937e-13,-1.6185319908686958e-12,-2.26053253431169e-12,-2.9064946713086636e-12,-3.5503225273493638e-12,0.0
-0.8778778778778779,4.999999985800188,6.3482878638499564e-09,-1.3151778842373655e-12,-2.1918177544953524e-12,-3.061215577610391e-12,-3.935978194961603e-12,-4.807850566753035e-12,0.0
-0.8758758758758759,4.999999980830041,8.570260342870766e-09,-1.7755050051341115e-12,-2.9589787359482658e-12,-4.132675621273095e-12,-5.313615039447444e-12,-6.490652593448784e-12,0.0
-0.8738738738738738,4.999999974200206,1.1534209998524702e-08,-2.3895479005865672e-12,-3.982315682534589e-12,-5.561925382368944e-12,-7.151282381784994e-12,-8.735388091376079e-12,0.0
-0.8718718718718719,4.999999965384553,1.5475343866819307e-08,-3.2060345283902345e-12,-5.343036470630607e-12,-7.46238433459814e-12,-9.594810061151267e-12,-1.1720190180226723e-11,0.0
-0.8698698698698699,4.999999953699632,2.0699198860050973e-08,-4.288263122386811e-12,-7.146631159356326e-12,-9.981385809645051e-12,-1.2833632884145304e-11,-1.567645603678988e-11,0.0
-0.8678678678678678,4.9999999382606735,2.7601309679085864e-08,-5.718176804422116e-12,-9.529662560078507e-12,-1.3309661087306528e-11,-1.7112984856458018e-11,-2.0903742313758817e-11,0.0
-0.8658658658658659,4.999999917926222,3.6691959997042375e-08,-7.60149130081424e-12,-1.266831186368216e-11,-1.769327469770622e-11,-2.274924507670941e-11,-2.7788510356472333e-11,0.0
-0.8638638638638638,4.9999998912287325,4.8627207866787515e-08,-1.0074122493990488e-11,-1.6789090516099952e-11,-2.3448585227285843e-11,-3.0149173691796874e-11,-3.6827623182368014e-11,0.0
-0.8618618618618619,4.999999856287911,6.42476252444326e-08,-1.3310212113223867e-11,-2.2182215482341278e-11,-3.098092596250599e-11,-3.983393065820519e-11,-4.8657684722557384e-11,0.0
-0.8598598598598599,4.999999810702935,8.462647737320465e-08,-1.7532109089016327e-11,-2.921824373374378e-11,-4.080783754743207e-11,-5.2468947285305534e-11,-6.409152831569769e-11,0.0
-0.8578578578578578,4.999999751418947,1.1112940444423207e-07,-2.302273384497576e-11,-3.836867803429223e-11,-5.3587847180244934e-11,-6.890092927779731e-11,-8.416341642443948e-11,0.0
-0.8558558558558559,4.999999674562325,1.4548805758392348e-07,-3.0140833522730553e-11,-5.023139062908756e-11,-7.015597676199114e-11,-9.020351157304149e-11,-1.101848086362422e-10,0.0
-0.8538538538538538,4.999999575238268,1.898905819341335e-07,-3.93397274407799e-11,-6.556186360354587e-11,-9.156737493374114e-11,-1.177333585216988e-10,-1.4381288879216679e-10,0.0
-0.8518518518518519,4.9999994472830736,2.4709235222890703e-07,-5.119024829452229e-11,-8.531142168073927e-11,-1.1915071514479577e-10,-1.5319882080744697e-10,-1.8713443034208733e-10,0.0
-0.8498498498498499,4.999999282962211,3.205509366655143e-07,-6.640870277807372e-11,-1.1067383016684193e-10,-1.5457327695556235e-10,-1.9874361416302617e-10,-2.427680110270189e-10,0.0
-0.8478478478478478,4.99999907260386,4.14589908481611e-07,-8.589080865337929e-11,-1.4314185298138868e-10,-1.9991993815300538e-10,-2.570483840056575e-10,-3.1398807545348887e-10,0.0
-0.8458458458458459,4.9999988041559735,5.345968403490177e-07,-1.107527135744894e-10,-1.8457561282993895e-10,-2.577886503993874e-10,-3.314534638845295e-10,-4.048748861954634e-10,0.0
-0.8438438438438438,4.999998462653173,6.872616021830611e-07,-1.4238036372111914e-10,-2.372848668024902e-10,-3.314053499440023e-10,-4.2610662268921864e-10,-5.204949990049667e-10,0.0
-0.8418418418418419,4.999998029577864,8.808619401771305e-07,-1.8248866790871156e-10,-3.041276066831824e-10,-4.2476166834069765e-10,-5.46140127116536e-10,-6.671175470062544e-10,0.0
-0.8398398398398399,4.999997482097898,1.1256042365138311e-06,-2.3319209381542993e-10,-3.8862771152438894e-10,-5.427792526240593e-10,-6.978820174250687e-10,-8.52472316882051e-10,0.0
-0.8378378378378378,4.999996792160916,1.4340283287786266e-06,-2.970885359589515e-10,-4.951147183365849e-10,-6.915049768831263e-10,-8.891071020086997e-10,-1.0860563421320412e-09,0.0
-0.8358358358358359,4.999995925423213,1.8214862917232933e-06,-3.773585071985111e-10,-6.288891302928757e-10,-8.78341820955226e-10,-1.1293338112060822e-09,-1.3794965140049447e-09,0.0
-0.8338338338338338,4.999994839988606,2.306706138465262e-06,-4.778819241002075e-10,-7.96417046093818e-10,-1.1123207006891915e-09,-1.4301737048617739e-09,-1.7469765096954373e-09,0.0
-0.8318318318318318,4.9999934849304255,2.912452457671707e-06,-6.033749761573242e-10,-1.0055582602034224e-09,-1.4044190454933508e-09,-1.8057410855185428e-09,-2.2057371403752926e-09,0.0
-0.8298298298298299,4.999991798567409,3.6662970413051835e-06,-7.595497841411025e-10,-1.2658323424495066e-09,-1.7679324199775509e-09,-2.273130813405214e-09,-2.7766600086297415e-09,0.0
-0.8278278278278278,4.999989706462095,4.601513540790793e-06,-9.532997568977658e-10,-1.5887275455262224e-09,-2.2189059614216446e-09,-2.85297303002005e-09,-3.484945110768344e-09,0.0
-0.8258258258258259,4.999987119108317,5.75811107419813e-06,-1.1929137396665534e-09,-1.9880576951810798e-09,-2.7766328325179247e-09,-3.570074047047231e-09,-4.360893691233835e-09,0.0
-0.8238238238238238,4.999983929272752,7.1840224469538375e-06,-1.4883222009364234e-09,-2.4803724744231442e-09,-3.4642272471487495e-09,-4.454153118048456e-09,-5.4408082190863545e-09,0.0
-0.8218218218218218,4.999980008954283,8.936463186064196e-06,-1.8513788171077497e-09,-3.0854267001575733e-09,-4.309279888224855e-09,-5.540685146294016e-09,-6.768021766870345e-09,0.0
-0.8198198198198199,4.999975205924295,1.108347785877946e-05,-2.296180871594093e-09,-3.826714286259648e-09,-5.344603670132872e-09,-6.87185955377614e-09,-8.394069281873671e-09,0.0
-0.8178178178178178,4.999969339811199,1.3705690088402294e-05,-2.8394318746125707e-09,-4.732072569791301e-09,-6.609077774152939e-09,-8.497665505348266e-09,-1.0380013201793358e-08,0.0
-0.8158158158158157,4.999962197693518,1.689827220776433e-05,-3.5008497143451017e-09,-5.8343625177960945e-09,-8.148597662750628e-09,-1.047711339590923e-08,-1.279793551742991e-08,0.0
-0.8138138138138138,4.999953529167982,2.0773149532160057e-05,-4.303623454535635e-09,-7.172230006101047e-09,-1.0017138323306584e-08,-1.2879601923094506e-08,-1.573260766987575e-08,0.0
-0.8118118118118118,4.99994304086256,2.5461452714886204e-05,-5.274921582935267e-09,-8.790952843831671e-09,-1.2277937268740787e-08,-1.578643913819833e-08,-1.928334853395886e-08,0.0
-0.8098098098098099,4.999930390369144,3.111622947156637e-05,-6.446454069183059e-09,-1.0743377474354763e-08,-1.500480278474902e-08,-1.929252453377156e-08,-2.3566079109840635e-08,0.0
-0.8078078078078078,4.999915179577158,3.7915424070288344e-05,-7.855089998862301e-09,-1.3090948297013806e-08,-1.828355153573256e-08,-2.35081974550358e-08,-2.8715580380966722e-08,0.0
-0.8058058058058057,4.999896947397532,4.606512930631196e-05,-9.54353179701712e-09,-1.5904831298345235e-08,-2.2213577887695194e-08,-2.8561254867287604e-08,-3.488795804206046e-08,0.0
-0.8038038038038038,4.9998751618767034,5.580311115206998e-05,-1.1561046127194772e-08,-1.9267132136198106e-08,-2.690955514810354e-08,-3.4599138736447583e-08,-4.226331441107976e-08,0.0
-0.8018018018018018,4.9998492117123625,6.740260087449811e-05,-1.396425044722235e-08,-2.327220697887075e-08,-3.2503266350938775e-08,-4.179128997324531e-08,-5.1048623799865565e-08,0.0
-0.7997997997997999,4.999818397196793,8.11763431172439e-05,-1.6817952915714286e-08,-2.8028062256163345e-08,-3.914555921892636e-08,-5.033166203909595e-08,-6.1480802912337e-08,0.0
-0.7977977977977978,4.999781920629751,9.748088127715055e-05,-2.0196041878839052e-08,-3.365783703862182e-08,-4.700841652607946e-08,-6.044138292877627e-08,-7.382996248517145e-08,0.0
-0.7957957957957957,4.999738876260796,0.00011672105349107501,-2.4182419531561504e-08,-4.0301359035904704e-08,-5.628712927715419e-08,-7.237154935073241e-08,-8.840282040737742e-08,0.0
-0.7937937937937938,4.999688239840767,0.00013935466374358465,-2.8871972552878177e-08,-4.811676221423058e-08,-6.720255594305315e-08,-8.640613155452816e-08,-1.0554624999389945e-07,0.0
-0.7917917917917918,4.999628857883132,0.00016589728323486018,-3.4371570607790516e-08,-5.7282150855113117e-08,-8.000344655275128e-08,-1.0286496154816962e-07,-1.2565093011734583e-07,0.0
-0.7897897897897898,4.999559436757153,0.0001969271277237179,-4.080108169636453e-08,-6.799729169046607e-08,-9.496880599073043e-08,-1.221067717243884e-07,-1.4915505691023927e-07,0.0
-0.7877877877877878,4.999478531755458,0.00023308994739633252,-4.8294391477193254e-08,-8.04853126609678e-08,-1.1241026653545324e-07,-1.4453224536892348e-07,-1.7654806997543055e-07,0.0
-0.7857857857857857,4.9993845363041824,0.000275103854867868,-5.700041147617123e-08,-9.499438315079742e-08,-1.3267443451512523e-07,-1.7058703389026835e-07,-2.0837433793910076e-07,0.0
-0.7837837837837838,4.999275671522642,0.00032376400442708287,-6.708405855754576e-08,-1.1179934632888081e-07,-1.5614517005857493e-07,-2.007646880264322e-07,-2.4523673891668057e-07,0.0
-0.7817817817817818,4.9991499765814655,0.00037994693953528137,-7.872716817745055e-08,-1.3120324113437083e-07,-1.8324571270000464e-07,-2.3560939085778655e-07,-2.8779999887155065e-07,0.0
-0.7797797797797797,4.99900529968138,0.0004446148107608149,-1.032911658933599e-06,-1.5627024094980594e-06,-1.9459645167179635e-06,-2.1764635393785723e-06,-2.2341840462251838e-06,0.0
-0.7777777777777778,4.998839289668101,0.0005188183749759159,-1.0951655119155038e-06,-1.6687007532461612e-06,-2.0968721149024904e-06,-2.3730214514338668e-06,-2.4709604212335897e-06,0.0
-0.7757757757757757,4.998649389337711,0.0006037009611722142,-1.2883448887380156e-06,-1.9998407377220263e-06,-2.572778247196292e-06,-3.0026647793982015e-06,-3.2494009885283384e-06,2.0
-0.7737737737737738,4.9984328304832495,0.0007005003351197382,-1.6249656251289835e-06,-2.577816771661932e-06,-3.4078958255042442e-06,-4.12288038307617e-06,-4.675857369881319e-06,4.0
-0.7717717717717718,4.998186630052681,0.0008105505521785153,-2.0632933331367836e-06,-3.3263540879410507e-06,-4.484874078961054e-06,-5.5665145261834414e-06,-6.5248468534447815e-06,5.0
-0.7697697697697697,4.997907588203601,0.0009352825833700608,-2.5721069144063266e-06,-4.183735232828586e-06,-5.698039869067562e-06,-7.158229525555736e-06,-8.504756302921686e-06,5.0
-0.7677677677677678,4.997592289092592,0.001076223955433726,-3.138343166049429e-06,-5.124173743879641e-06,-7.003627321032112e-06,-8.827600937208734e-06,-1.0506107551007562e-05,5.0
-0.7657657657657657,4.99723710431877,0.0012349973667337276,-3.7689747005823563e-06,-6.1641679572435075e-06,-8.435647813605193e-06,-1.0643153283929525e-05,-1.2664662404171515e-05,5.0
-0.7637637637637638,4.9968381990071675,0.001413318222230913,-4.482640726666699e-06,-7.342182580835478e-06,-1.0062227959612075e-05,-1.2719428605597902e-05,-1.5164257107204915e-05,5.0
-0.7617617617617618,4.996391540479142,0.0016129909137525484,-5.298292181766551e-06,-8.692734428589852e-06,-1.1935348732532403e-05,-1.5126159737181392e-05,-1.808500522816558e-05,5.0
-0.7597597597597597,4.995892909592426,0.0018359037407710247,-6.229979295750914e-06,-1.0237497652021353e-05,-1.4080506998923529e-05,-1.7885386656244798e-05,-2.143254028195536e-05,5.0
-0.7577577577577578,4.9953379149756785,0.002084022519502509,-7.288771428389489e-06,-1.1992369466446459e-05,-1.6515210730741488e-05,-2.1012605338428822e-05,-2.5216876461233126e-05,5.0
-0.7557557557557557,4.994722010260754,0.002359382956105457,-8.486578000983342e-06,-1.3976200919691181e-05,-1.9264636064607313e-05,-2.4540127606549166e-05,-2.947901589969513e-05,5.0
-0.7537537537537538,4.994040514180475,0.0026640818092897407,-9.837855722539775e-06,-1.621333253083413e-05,-2.236356253207855e-05,-2.8515043581417132e-05,-3.4279677425759546e-05,5.0
-0.7517517517517518,4.993288633318411,0.0030002668777717786,-1.1359141262242085e-05,-1.87317249661767e-05,-2.5851700274184662e-05,-3.298998780545759e-05,-3.968440754342453e-05,5.0
-0.7497497497497497,4.992461487295841,0.0033701258973112954,-1.306805394774268e-05,-2.1560750163815456e-05,-2.9769918472226008e-05,-3.801767719489615e-05,-4.575672091557807e-05,5.0
-0.7477477477477478,4.991554136139505,0.0037758744663284956,-1.4982801797657036e-05,-2.4730394972012415e-05,-3.415935038259374e-05,-4.3650334645295955e-05,-5.2558438582663785e-05,5.0
-0.7457457457457457,4.990561609514837,0.0042197431442297356,-1.7122244322641572e-05,-2.8271582999563604e-05,-3.9062248199986395e-05,-4.9941490702612375e-05,-6.015291128992017e-05,5.0
-0.7437437437437437,4.989478937449756,0.004703963885966397,-1.9506167297148363e-05,-3.221679004351797e-05,-4.452308210670353e-05,-5.6947744751547395e-05,-6.860755535057164e-05,5.0
-0.7417417417417418,4.9883011821303915,0.005230755994875234,-2.2155494932879308e-05,-3.660043876847548e-05,-5.05891219399694e-05,-6.472950592543251e-05,-7.799463544229407e-05,5.0
-0.7397397397397397,4.9870234703242575,0.005802311793080918,-2.509235966991162e-05,-4.1458987535514085e-05,-5.7310492654510664e-05,-7.335092952565478e-05,-8.839095218031804e-05,5.0
-0.7377377377377378,4.985641025969176,0.006420782220092149,-2.8340072662243748e-05,-4.68308454472502e-05,-6.473999327259143e-05,-8.287959248803361e-05,-9.987732582024082e-05,5.0
-0.7357357357357357,4.984149202453302,0.00708826257314847,-3.192305850756063e-05,-5.275624605484063e-05,-7.293289748746546e-05,-9.338621871135194e-05,-0.0001125382551419715,5.0
-0.7337337337337337,4.9825435141071726,0.007806778599035204,-3.586678758157512e-05,-5.9277131769697504e-05,-8.19467923592622e-05,-0.00010494448385269607,-0.0001264617037804918,5.0
-0.7317317317317318,4.980819666439291,0.008578273139222034,-4.019771059825861e-05,-6.643704524671152e-05,-9.184142804917659e-05,-0.00011763082782763211,-0.00014173887560270328,5.0
-0.7297297297297297,4.978973584673205,0.009404593519142055,-4.494319051929743e-05,-7.428101396759064e-05,-0.0001026785519664104,-0.0001315242342479172,-0.00015846392923792553,5.0
-0.7277277277277278,4.977001440182974,0.01028747985749337,-5.0131429485523444e-05,-8.285542477311908e-05,-0.00011452172609272118,-0.0001467059846716447,-0.00017673365966670921,5.0
-0.7257257257257257,4.974899674471553,0.01122855445212286,-5.5791392072825156e-05,-9.22078927072826e-05,-0.00012743613789249623,-0.00016325940860050664,-0.0001966471827996584,5.0
-0.7237237237237237,4.972665020390729,0.01222931237583825,-6.195272672084811e-05,-0.00010238712803327962,-0.00014148841108107266,-0.00018126963750543816,-0.00021830563147888187,5.0
-0.7217217217217218,4.9702945203603965,0.013291113389365079,-6.864568603757633e-05,-0.00011344280200805937,-0.00015674641559272734,-0.00020082335866928127,-0.00024181185187104797,5.0
-0.7197197197197197,4.967785541407375,0.014415175250660795,-7.590104604415356e-05,-0.0001254254108070801,-0.0001732790745471519,-0.0002220085637606324,-0.00026727009085375026,5.0
-0.7177177177177176,4.965135786908129,0.015602568470959836,-8.375002483742297e-05,-0.0001383861382878613,-0.0001911561690802538,-0.0002449142935592454,-0.00029478567691299543,5.0
-0.7157157157157157,4.962343304983755,0.01685421253929239,-9.222420186295957e-05,-0.00015237671997705938,-0.00021044814512938764,-0.0002696303857501562,-0.0003244647054471904,5.0
-0.7137137137137137,4.959406493558071,0.018170873609750914,-0.00010135543921455415,-0.00016744931107925352,-0.0002312259268274093,-0.0002962472331149581,-0.00035641373916336005,5.0
-0.7117117117117118,4.956324102148787,0.01955316362021401,-0.00011117580593900887,-0.0001836563602979611,-0.000253560739242902,-0.00032485555591644106,-0.0003907395284355373,5.0
-0.7097097097097097,4.953095230515866,0.021001540788059107,-0.0001217175055695985,-0.00020105048969163786,-0.00027752394052669006,-0.0003555461879544723,-0.0004275487501980784,5.0
-0.7077077077077076,4.94971932433883,0.02251631140794564,-0.00013301280646951346,-0.00021968437955424843,-0.0003031868615871507,-0.0003884098729502805,-0.0004669477602577129,5.0
-0.7057057057057057,4.946196168134903,0.02409763285931137,-0.00014509397427511393,-0.0002396106568195254,-0.0003306206507621931,-0.00042353706717059746,-0.000509042353229766,5.0
-0.7037037037037037,4.942525875662116,0.025745517717028474,-0.00015799320579336986,-0.0002608817856813656,-0.0003598961213701752,-0.00046101774500733266,-0.0005539375256309131,5.0
-0.7017017017017018,4.938708878075812,0.027459838847888607,-0.00017174256400448625,-0.00028354995972633136,-0.00039108360102055523,-0.0005009412057946605,-0.0006017372398547804,5.0
-0.6996996996996997,4.934745910123494,0.029240335368257934,-0.00018637391420360468,-0.0003076669956094142,-0.0004242527827173206,-0.0005433958818639636,-0.0006525441890540915,5.0
-0.6976976976976976,4.930637994672285,0.031086619334249985,-0.00020191886167183882,-0.00033328422897160214,-0.00045947257880963395,-0.0005884691493336155,-0.0007064595649208334,5.0
-0.6956956956956957,4.926386425865654,0.032998183034859394,-0.00021840869152763711,-0.0003604524137795879,-0.0004968109795713969,-0.0006362471441893013,-0.0007635828317365427,5.0
-0.6936936936936937,4.9219927512022545,0.03497440676034215,-0.00023587431154268085,-0.0003892216265104965,-0.0005363349185497558,-0.0006868145867266959,-0.0008240115107217743,5.0
-0.6916916916916918,4.917458752820414,0.037014566922332924,-0.00025434619871019746,-0.000419641176606635,-0.0005781101468130939,-0.0007402546174046094,-0.0008878409786509892,5.0
-0.6896896896896897,4.912786428257725,0.039117844408357055,-0.00027385435024879706,-0.00045175952442840867,-0.0006222011179187964,-0.000796648646696419,-0.0009551642840620022,5.0
-0.6876876876876876,4.907977970937383,0.041283333061134984,-0.0002944282395474649,-0.00048562420760641127,-0.0006686708849192692,-0.0008560762207975067,-0.001026071983410626,5.0
-0.6856856856856857,4.903035750612109,0.04351004818202879,-0.000316096777347094,-0.0005212817763115838,-0.0007175810101488991,-0.0009186149042220137,-0.0011006519984399809,5.0
-0.6836836836836837,4.897962293973833,0.04579693496780465,-0.000338888278245704,-0.0005587777375890836,-0.0007689914879813055,-0.0009843401795422337,-0.0011789894950311273,5.0
-0.6816816816816818,4.892760265613381,0.04814287680024858,-0.00036283043243244914,-0.0005981565085796389,-0.000822960680276556,-0.0010533253638714945,-0.0012611667829779398,5.0
-0.6796796796796797,4.887432449490114,0.05054670331878268,-0.00038795028241250736,-0.0006394613782026317,-0.0008795452638792649,-0.0011256415411994272,-0.0013472632355179294,5.0
-0.6776776776776776,4.881981731047251,0.05300719821679656,-0.00041427420438482136,-0.0006827344767028462,-0.0009388001892843838,-0.0012013575093578238,-0.0014373552270455223,5.0
-0.6756756756756757,4.8764110800850435,0.05552310671269297,-0.0004418278938757189,-0.0007280167523633833,-0.001000778649449429,-0.00128053974021177,-0.0015315160872133784,5.0
-0.6736736736736737,4.870723534481453,0.058093142656460574,-0.0004706363552090558,-0.0007753479546520098,-0.001065532057686341,-0.0013632523516155,-0.0016298160695660561,5.0
-0.6716716716716717,4.864922184828744,0.06071599524177373,-0.0005007238944015967,-0.0008247666230864216,-0.0011331100335976194,-0.0014495570897247014,-0.00173232233292342,5.0
-0.6696696696696697,4.859010160034898,0.06339033530208828,-0.0005321141151037343,-0.0008763100811631531,-0.0012035603961121175,-0.0015395133203928277,-0.00183909893390973,5.0
-0.6676676676676676,4.852990613920882,0.06611482117688657,-0.0005648299172524412,-0.0009300144347811775,-0.0012769291628058046,-0.0016331780285702114,-0.0019502068292731585,5.0
-0.6656656656656657,4.846866712829011,0.06888810414110587,-0.0005988934981570299,-0.0009859145746894432,-0.0013532605548397117,-0.0017306058248393544,-0.002065703886918966,5.0
-0.6636636636636637,4.840641624243617,0.0717088333968332,-0.0006343263557907006,-0.0010440441825828376,-0.0014325970069892244,-0.001831848958425691,-0.00218564490484614,5.0
-0.6616616616616617,4.834318506413299,0.07457566063159017,-0.0006711492941049909,-0.0011044357405506698,-0.0015149791823569538,-0.001936957336192468,-0.002310081637395823,5.0
-0.6596596596596597,4.827900498953769,0.07748724415198378,-0.00070938243021533,-0.0011671205436369738,-0.0016004459914425535,-0.0020459785472421673,-0.002439062828365574,5.0
-0.6576576576576576,4.821390714401917,0.08044225260518192,-0.0007490452033219043,-0.0012321287152992208,-0.0016890346152819303,-0.0021589578927977424,-0.0025726342506070263,5.0
-0.6556556556556556,4.8147922306848825,0.08343936830365696,-0.0007901563852318384,-0.0012994892255530099,-0.0017807805323678298,-0.002275938421029103,-0.002710838751711703,5.0
-0.6536536536536537,4.808108084462524,0.08647729017097253,-0.0008327340923394963,-0.0013692299115711597,-0.0018757175490332451,-0.002396960966438167,-0.0028537163053195835,5.0
-0.6516516516516517,4.801341265297751,0.0895547363281282,-0.0008767957989063036,-0.001441377500475157,-0.0019738778329317424,-0.002522064193339496,-0.0030013040674838924,5.0
-0.6496496496496497,4.794494710606319,0.09267044634120516,-0.0009223583514651162,-0.0015159576340248975,-0.002075291949199303,-0.0026512846428946957,-0.0031536364374217464,5.0
-0.6476476476476476,4.787571301335995,0.09582318315182423,-0.0009694379841615106,-0.001592994894887623,-0.002179988898843514,-0.002784656783096665,-0.00331074512189856,5.0
-0.6456456456456456,4.780573858324178,0.09901173471230879,-0.0010180503348389024,-0.0016725128341552843,-0.0022879961588871335,-0.0029222130610676955,-0.0034726592024515155,5.0
-0.6436436436436437,4.773505139283041,0.10223491534748377,-0.0010682104616778437,-0.0017545339997842647,-0.0023993397237987457,-0.0030639839570399583,-0.0036394052046620734,5.0
-0.6416416416416417,4.766367836361875,0.10549156686480117,-0.0011199328602121332,-0.0018390799656523495,-0.0025140441477731154,-0.0032099980394271247,-0.003811007168738196,5.0
-0.6396396396396397,4.759164574237478,0.10878055943400468,-0.0011732314805641506,-0.00192617136096239,-0.0026321325874738006,-0.0033602820204657086,-0.0039874867207551744,5.0
-0.6376376376376376,4.751897908685019,0.11210079225687736,-0.0012281197447664976,-0.0020158278997656014,-0.002753626844913733,-0.003514860811993599,-0.00416886314401658,5.0
-0.6356356356356356,4.744570325583687,0.11545119404680083,-0.0012846105640637808,-0.0021080684104246915,-0.0028785474102180322,-0.003673757581029969,-0.004355153450118827,5.0
-0.6336336336336337,4.737184240313619,0.11883072333692737,-0.0013427163561143922,-0.0022029108648827676,-0.0030069135040797492,-0.0038369938049139904,-0.00454637244942036,5.0
-0.6316316316316316,4.729741997502946,0.12223836863476346,-0.0014024490620350382,-0.0023003724076442957,-0.0031387431197774174,-0.004004589325840945,-0.004742532820718151,5.0
-0.6296296296296297,4.722245871086219,0.12567314843991054,-0.0014638201632491284,-0.0024004693844062465,-0.0032740530646692724,-0.004176562404697461,-0.004943645180013173,5.0
-0.6276276276276276,4.714698064638043,0.1291341111406308,-0.001526840698113097,-0.002503217370299947,-0.0034128590011109784,-0.004352929774140589,-0.0051497181482996115,5.0
-0.6256256256256256,4.707100711948262,0.13262033480382354,-0.0015915212783025046,-0.0026086311977171132,-0.0035551754867620793,-0.004533706690888532,-0.005360758418341059,5.0
-0.6236236236236237,4.699455877807574,0.13613092687191344,-0.0016578721049430249,-0.0027167249836985378,-0.0037010160142531,-0.004718906987197533,-0.005576770820404425,5.0
-0.6216216216216216,4.691765558974908,0.1396650237791009,-0.0017259029844712912,-0.002827512156862845,-0.0038503930501832886,-0.004908543121493621,-0.005797758386914671,5.0
-0.6196196196196196,4.684031685300307,0.14322179049839381,-0.0017956233442084093,-0.002941005483848177,-0.004003318073412024,-0.005102626228115338,-0.006023722415977219,5.0
-0.6176176176176176,4.676256120979324,0.1468004200298506,-0.0018670422476260273,-0.0030572170952337763,-0.004159801612598002,-0.0053011661661085474,-0.006254662533695775,5.0
-0.6156156156156156,4.6684406659171716,0.1504001328395199,-0.0019401684092822545,-0.003176158510903326,-0.004319853282932656,-0.005504171567001347,-0.006490576755196916,5.0
-0.6136136136136137,4.6605870571829,0.15402017625766692,-0.0020150102094033248,-0.003297840664808803,-0.004483481822009473,-0.0057116498814788605,-0.00673146154426227,5.0
-0.6116116116116116,4.6526969705358505,0.15765982384403582,-0.00209157570808705,-0.0034222739290935777,-0.004650695124770593,-0.005923607424875825,-0.0069773118714666765,5.0
-0.6096096096096096,4.644772022008467,0.16131837472710425,-0.002169872659106075,-0.0035494681375365196,-0.004821500277476128,-0.0061400494214098305,-0.007228121270726823,5.0
-0.6076076076076076,4.63681376953123,0.1649951529235555,-0.0022499085232924134,-0.0036794326082847705,-0.004995903590649973,-0.006360980047089199,-0.007483881894178478,5.0
-0.6056056056056056,4.628823714587094,0.168689506643508,-0.002331690481489489,-0.003812176165850956,-0.005173910630967241,-0.006586402471245197,-0.007744584565319863,5.0
-0.6036036036036037,4.6208033038842276,0.17240080758641382,-0.0024152254470633473,-0.003947707162360104,-0.005355526252061935,-0.006816318896657121,-0.008010218830381907,5.0
-0.6016016016016016,4.612753931037222,0.17612845023195556,-0.0025005200779703216,-0.004086033498041228,-0.005540754624247328,-0.007050730598258282,-0.008280773007910207,5.0
-0.5995995995995996,4.604676938248141,0.17987185112974008,-0.002587580788383795,-0.004227162640967953,-0.005729599263154797,-0.007289637960429677,-0.008556234236566587,5.0
-0.5975975975975976,4.596573617979922,0.18363044819110086,-0.002676413759887296,-0.004371101646060562,-0.005922063057308355,-0.0075330405129043505,-0.008836588521178306,5.0
-0.5955955955955956,4.588445214615623,0.18740369998587886,-0.002767024952244835,-0.004517857173368259,-0.006118148294661368,-0.007780936965318428,-0.009121820777078982,5.0
-0.5935935935935936,4.580292926097968,0.191191085046651,-0.0028594201137618815,-0.004667435505654844,-0.006317856688128221,-0.00803332524045362,-0.00941191487279628,5.0
-0.5915915915915916,4.57211790554444,0.1949921011825156,-0.0029536047912518118,-0.004819842565313366,-0.00652118940014723,-0.008290202506220892,-0.009706853671147767,5.0
-0.5895895895895895,4.563921262833938,0.1988062648042155,-0.0030495843396229198,-0.00497508393063601,-0.006728147066312202,-0.00855156520643635,-0.010006619068808165,5.0
-0.5875875875875876,4.555704066161695,0.2026331102620913,-0.003147363931100698,-0.005133164851464501,-0.006938729818108818,-0.008817409090438494,-0.01031119203440907,5.0
-0.5855855855855856,4.547467343559721,0.20647218919809512,-0.00324694856409889,-0.0052940902642444184,-0.007152937304789411,-0.009087729241592062,-0.010620552645227946,5.0
-0.5835835835835836,4.5392120843806065,0.21032306991286162,-0.0033483430717514443,-0.005457864806504253,-0.0073707687144161866,-0.00936252010471855,-0.010934680122516766,5.0
-0.5815815815815816,4.530939240742969,0.2141853367486247,-0.00345155213011586,-0.005624492830777183,-0.007592222794099043,-0.009641775512487676,-0.011253552865514093,5.0
-0.5795795795795795,4.522649728937255,0.21805858948859091,-0.0035565802660569266,-0.005793978417980932,-0.007817297869450303,-0.009925488710798583,-0.011577148484177641,5.0
-0.5775775775775776,4.514344430790983,0.22194244277321132,-0.003663431864818654,-0.005966325390268852,-0.00804599186327589,-0.010213652383175226,-0.011905443830669197,5.0
-0.5755755755755756,4.506024194992814,0.22583652553365618,-0.0037721111772911968,-0.006141537323363696,-0.008278302313519604,-0.010506258674196524,-0.012238415029619233,5.0
-0.5735735735735736,4.497689838375147,0.22974048044267315,-0.0038826223269790654,-0.006319617558384576,-0.008514226390476254,-0.010803299211980102,-0.012576037507196122,5.0
-0.5715715715715716,4.489342147155154,0.2336539633828962,-0.003994969316676761,-0.006500569213177212,-0.008753760913288416,-0.011104765129737383,-0.012918286019003697,5.0
-0.5695695695695695,4.4809818781344015,0.2375766429325865,-0.0041091560348580185,-0.006684395193157794,-0.008996902365742116,-0.011410647086418124,-0.013265134676831365,5.0
-0.5675675675675675,4.472609759857374,0.24150819986870053,-0.004225186261785328,-0.0068710982016815005,-0.00924364691137742,-0.011720935286463853,-0.013616556974282028,5.0
-0.5655655655655656,4.464226493729373,0.24544832668711167,-0.004343063675346858,-0.007060680749947501,-0.009493990407931158,-0.012035619498691174,-0.013972525811305309,5.0
-0.5635635635635636,4.4558327550943915,0.2493967271397588,-0.0044627918566285535,-0.007253145166453482,-0.009747928421130678,-0.0123546890743285,-0.014333013517666287,5.0
-0.5615615615615616,4.447429194273684,0.2533531157884407,-0.004584374295229804,-0.007448493606013661,-0.01000545623785852,-0.01267813296423121,-0.014697991875381716,5.0
-0.5595595595595595,4.43901643756583,0.257317217574935,-0.004707814394331497,-0.007646728058355321,-0.010266568878709734,-0.013005939735303035,-0.015067432140158866,5.0
-0.5575575575575575,4.4305950882091665,0.26128876740709167,-0.004833115475525812,-0.007847850356309444,-0.010531261109964036,-0.013338097586152039,-0.015441305061873035,5.0
-0.5555555555555556,4.422165727307519,0.2652675097605166,-0.004960280783417227,-0.00805186218361163,-0.010799527454996048,-0.013674594362011539,-0.01581958090412166,5.0
-0.5535535535535536,4.413728914720226,0.2692531982954466,-0.005089313490004367,-0.008258765082329618,-0.011071362205146866,-0.014015417568955923,-0.01620222946289293,5.0
-0.5515515515515516,4.405285189917449,0.27324559548839744,-0.005220216698852208,-0.008468560459933562,-0.011346759430080197,-0.01436055438744209,-0.016589220084387377,5.0
-0.5495495495495495,4.396835072801813,0.27724447227815413,-0.00535299344906405,-0.008681249596025077,-0.011625712987645817,-0.014709991685206035,-0.016980521682029612,5.0
-0.5475475475475475,4.388379064497435,0.28124960772566415,-0.005487646719062128,-0.008896833648740264,-0.011908216533272538,-0.015063716029543713,-0.017376102752706842,5.0
-0.5455455455455456,4.379917648107387,0.2852607886873953,-0.0056241794301857,-0.00911531366084171,-0.012194263528911762,-0.01542171369900383,-0.017775931392268993,5.0
-0.5435435435435436,4.371451289440659,0.2892778095017095,-0.005762594450114687,-0.009336690565513235,-0.012483847251551765,-0.015783970694518923,-0.018179975310323664,5.0
-0.5415415415415415,4.362980437709682,0.2933004716878103,-0.005902894596126795,-0.009560965191870973,-0.012776960801322136,-0.016150472749999915,-0.01858820184435767,5.0
-0.5395395395395395,4.354505526199447,0.2973285836568249,-0.006045082638195467,-0.009788138270203207,-0.01307359710920611,-0.016521205342417463,-0.019000577973214618,5.0
-0.5375375375375375,4.346026972909263,0.3013619604345818,-0.006189161301935774,-0.010018210436951051,-0.013373748944378362,-0.01689615370139256,-0.01941707032995697,5.0
-0.5355355355355356,4.337545181168171,0.3054004233956574,-0.006335133271404965,-0.010251182239441377,-0.013677408921184452,-0.017275302818317614,-0.019837645214138905,5.0
-0.5335335335335336,4.329060540225003,0.30944380000826843,-0.006483001191764218,-0.010487054140383032,-0.013984569505777648,-0.01765863745502799,-0.02026226860351567,5.0
-0.5315315315315315,4.320573425814078,0.313491923589596,-0.0066327676718078606,-0.010725826522136815,-0.01429522302242823,-0.01804614215204366,-0.020690906165213484,5.0
-0.5295295295295295,4.312084200697478,0.31754463307113967,-0.006784435286366199,-0.010967499690769697,-0.014609361659519881,-0.018437801236399497,-0.021123523266383427,5.0
-0.5275275275275275,4.30359321518484,0.32160177277370344,-0.00693800657858798,-0.011212073879903155,-0.014926977475247294,-0.01883359882908252,-0.021560084984362096,5.0
-0.5255255255255256,4.295100807631574,0.3256631921916356,-0.00709348406210831,-0.011459549254365483,-0.015248062403028903,-0.01923351885209392,-0.022000556116360738,5.0
-0.5235235235235236,4.286607304916364,0.32972874578594624,-0.007250870223107827,-0.011709925913657823,-0.015572608256648203,-0.019637545035153137,-0.022444901188704753,5.0
-0.5215215215215215,4.278113022898832,0.33379829278594225,-0.007410167522268697,-0.011963203895243048,-0.015900606735136737,-0.020045660922061035,-0.022893084465644153,5.0
-0.5195195195195195,4.269618266858161,0.33787169699902875,-0.007571378396632901,-0.012219383177666732,-0.016232049427411598,-0.020457849876738696,-0.02334506995775561,5.0
-0.5175175175175175,4.261123331913487,0.3419488266283407,-0.007734505261367977,-0.012478463683518909,-0.01656692781667956,-0.020874095088957698,-0.02380082142995566,5.0
-0.5155155155155156,4.2526285034268305,0.3460295540978732,-0.007899550511445273,-0.012740445282244946,-0.016905233284619823,-0.02129437957977747,-0.024260302409144206,5.0
-0.5135135135135136,4.2441340573892905,0.35011375588479826,-0.008066516523235392,-0.013005327792813503,-0.017246957115356294,-0.021718686206704155,-0.024723476191496632,5.0
-0.5115115115115115,4.235640260791236,0.35420131235866203,-0.008235405656025213,-0.013273110986248934,-0.017592090499230148,-0.02214699766858504,-0.025190305849421713,5.0
-0.5095095095095095,4.227147371977161,0.3582921076271674,-0.008406220253460625,-0.013543794588035094,-0.01794062453638245,-0.022579296510251468,-0.02566075423820202,5.0
-0.5075075075075075,4.218655640985877,0.362386029388261,-0.008578962644918624,-0.01381737828039682,-0.01829255024015587,-0.02301556512692236,-0.026134784002331945,5.0
-0.5055055055055055,4.210165309876674,0.3664829687882518,-0.008753635146812265,-0.014093861704464946,-0.01864785854032403,-0.02345578576837935,-0.026612357581567745,5.0
-0.5035035035035035,4.201676613042057,0.3705828202857006,-0.008930240063831415,-0.01437324446232993,-0.019006540286155983,-0.023899940542923902,-0.027093437216702897,5.0
-0.5015015015015015,4.193189777507647,0.37468548152082903,-0.009108779690122124,-0.014655526118988956,-0.019368586249322944,-0.02434801142112557,-0.027577984955080924,5.0
-0.49949949949949946,4.184705023219802,0.3787908531902057,-0.009289256310406998,-0.014940706204190631,-0.019733987126653415,-0.024799980239369666,-0.02806596265585693,5.0
-0.4974974974974975,4.176222563321512,0.3828988389264807,-0.009471672201048805,-0.015228784214181038,-0.020102733542742605,-0.025255828703212028,-0.02855733199501811,5.0
-0.49549549549549554,4.16774260441706,0.3870093451829442,-0.009656029631059168,-0.015519759613354563,-0.020474816052421282,-0.02571553839054787,-0.029052054470172742,5.0
-0.4934934934934935,4.159265346825972,0.3911222811226984,-0.00984233086305425,-0.015813631835812594,-0.020850225143088763,-0.02617909075460055,-0.02955009140511613,5.0
-0.4914914914914915,4.150790984826708,0.39523755851223524,-0.010030578154158948,-0.016110400286832968,-0.0212289512369147,-0.026646467126736587,-0.030051403954182116,5.0
-0.48948948948948945,4.142319706890561,0.399355091619228,-0.010220773756861111,-0.016410064344252566,-0.02161098469291346,-0.027117648719111664,-0.030555953106387066,5.0
-0.4874874874874875,4.133851695906194,0.4034747971143489,-0.01041291991981732,-0.016712623359765942,-0.02199631580889535,-0.027592616627152986,-0.031063699689373888,5.0
-0.48548548548548554,4.125387129395234,0.40759659397692866,-0.010607018888611508,-0.017018076660142076,-0.022384934823298386,-0.02807135183188287,-0.031574604373162875,5.0
-0.48348348348348347,4.116926179719314,0.41172040340429344,-0.010803072906467934,-0.017326423548361843,-0.0227768319169042,-0.028553835202087714,-0.0320886276737158,5.0
-0.4814814814814815,4.1084690142789615,0.4158461487246067,-0.01100108421491984,-0.017637663304678593,-0.02317199721444197,-0.029040047496337793,-0.03260572995631971,5.0
-0.47947947947947944,4.100015795704669,0.4199737553130636,-0.011201055054435255,-0.017951795187604133,-0.023570420786084036,-0.029529969364861564,-0.03312587143879705,5.0
-0.4774774774774775,4.09156668204053,0.424103150511283,-0.011402987665001401,-0.01826881843482279,-0.02397209264883674,-0.030023581351279686,-0.033649012194547724,5.0
-0.47547547547547553,4.083121826920746,0.4282342635497573,-0.011606884286669327,-0.018588732264036057,-0.024377002767830468,-0.03052086389420318,-0.03417511215543,5.0
-0.47347347347347346,4.0746813797393395,0.43236702547321443,-0.011812747160060151,-0.018911535873740344,-0.024785141057512703,-0.03102179732870054,-0.034704131114486114,5.0
-0.4714714714714715,4.066245485813369,0.436501369068767,-0.012020578526834743,-0.019237228443940633,-0.02519649738274792,-0.03152636188763866,-0.035236028728519,5.0
-0.46946946946946944,4.05781428653995,0.44063722879671546,-0.012230380630128367,-0.01956580913680288,-0.025611061559828213,-0.032034537702902134,-0.035770764520526216,5.0
-0.4674674674674675,4.0493879195473435,0.4447745407238882,-0.012442155714952014,-0.019897277097247708,-0.026028823357398728,-0.03254630480649644,-0.03630829788199753,5.0
-0.4654654654654655,4.040966518840403,0.44891324245940045,-0.012655906028562154,-0.020231631453488417,-0.026449772497301783,-0.033061643131539295,-0.0368485880750824,5.0
-0.46346346346346345,4.032550214940613,0.4530532730927195,-0.01287163382080052,-0.02056887131751601,-0.02687389865534362,-0.03358053251314581,-0.03739159423463338,5.0
-0.4614614614614615,4.0241391350209845,0.4571945731339327,-0.013089341344405727,-0.020908995785534103,-0.02730119146198771,-0.034102952689211805,-0.037937275370131814,5.0
-0.45945945945945943,4.01573340303602,0.4613370844561141,-0.013309030855298306,-0.02125200393834644,-0.027731640502978508,-0.034628883301100574,-0.03848559036750193,5.0
-0.4574574574574575,4.007333139846997,0.46548075023969215,-0.013530704612840727,-0.0215978948416995,-0.028165235319899062,-0.03515830389423766,-0.039036497990818875,5.0
-0.4554554554554555,3.9989384633427694,0.4696255149187252,-0.013754364880074007,-0.02194666754658305,-0.028601965410666643,-0.03569119391861829,-0.03958995688391726,5.0
-0.45345345345345345,3.990549488556287,0.47377132412899464,-0.013980013923932407,-0.022298321089490935,-0.029041820229969133,-0.036227532729232154,-0.040145925571904904,5.0
-0.4514514514514515,3.982166327777056,0.47791812465783085,-0.014207654015437445,-0.0226528544926443,-0.029484789189645998,-0.0367672995864095,-0.040704362462588004,5.0
-0.4494494494494494,3.973789090659698,0.48206586439558596,-0.014437287429872653,-0.0230102667641796,-0.0299308616590167,-0.03731047365609279,-0.04126522584781235,5.0
-0.44744744744744747,3.9654178843288106,0.48621449228867786,-0.01466891644694024,-0.023370556898303398,-0.03038002696515928,-0.03785703401003772,-0.04182847390472591,5.0
-0.4454454454454454,3.957052813480293,0.4903639582941281,-0.014902543350900717,-0.02373372387541566,-0.030832274393142223,-0.03840695962594732,-0.042394064696967174,5.0
-0.44344344344344344,3.948693980479303,0.49451421333551854,-0.015138170430696546,-0.02409976666220344,-0.03128759318621173,-0.03896022938754212,-0.042961956175783814,5.0
-0.4414414414414415,3.940341485455012,0.49866520926029817,-0.015375799980060683,-0.02446868421170642,-0.03174597254593679,-0.03951682208457002,-0.043532106181085606,5.0
-0.4394394394394394,3.931995426392296,0.5028168987983734,-0.01561543429761096,-0.02484047546335589,-0.03220740163231444,-0.040076716412758076,-0.04410447244243575,5.0
-0.43743743743743746,3.923655899220528,0.5069692355219132,-0.01585707568693098,-0.025215139342988215,-0.03267186956383688,-0.040639890973709555,-0.044679012579983975,5.0
-0.4354354354354354,3.915322997899596,0.5111221738063092,-0.016100726456638334,-0.02559267476283451,-0.03313936541752255,-0.04120632427474811,-0.04525568410534455,5.0
-0.43343343343343343,3.90699681450329,0.5152756687922301,-0.016346388920440838,-0.025973080621487215,-0.033609878228912815,-0.041775994728711616,-0.04583444442242306,5.0
-0.4314314314314315,3.898677439300188,0.5194296763487106,-0.016594065397181418,-0.026356355803845058,-0.034083396992036,-0.04234888065369793,-0.04641525082819384,5.0
-0.4294294294294294,3.890364960832159,0.5235841530372198,-0.01684375821087237,-0.026742499181037212,-0.0345599106593402,-0.042924960272764046,-0.04699806051343158,5.0
-0.42742742742742745,3.882059465990618,0.5277390560766538,-0.017095469690719577,-0.027131509610327974,-0.03503940814159665,-0.043504211713581147,-0.047582830563399334,5.0
-0.4254254254254254,3.8737610400906277,0.5318943433092007,-0.01734920217113742,-0.02752338593500281,-0.0355218783077751,-0.04408661300804695,-0.04816951795849544,5.0
-0.42342342342342343,3.8654697669429807,0.5360499731670278,-0.017604957991755033,-0.027918126984236975,-0.0360073099848924,-0.044672142091857124,-0.048758079574861314,5.0
-0.42142142142142147,3.8571857289243527,0.5402059046397418,-0.017862739497414595,-0.028315731572947676,-0.036495691957836376,-0.045260776804037756,-0.04934847218495316,5.0
-0.4194194194194194,3.8489090070456395,0.5443620972425719,-0.018122549038162412,-0.028716198501631117,-0.03698701296916605,-0.045852494886440144,-0.04994065245807861,5.0
-0.41741741741741745,3.8406396810185806,0.5485185109852331,-0.018384388969233542,-0.029119526556185264,-0.03748126171888973,-0.046447273983199915,-0.05053457696090132,5.0
-0.4154154154154154,3.832377829320756,0.5526751063414242,-0.018648261651030697,-0.029525714507719802,-0.037978426864222904,-0.04704509164016208,-0.05113020215791521,5.0
-0.4134134134134134,3.8241235292590634,0.5568318442189159,-0.018914169449098333,-0.029934761112354248,-0.038478497019327006,-0.04764592530427361,-0.05172748441189017,5.0
-0.41141141141141147,3.8158768570317556,0.5609886859301844,-0.019182114734092544,-0.030346665111005526,-0.03898146075503086,-0.04824975232294501,-0.052326379984291384,5.0
-0.4094094094094094,3.807637887789138,0.5651455931635563,-0.01945209988174781,-0.030761425229166323,-0.03948730659853633,-0.04885654994338335,-0.05292684503567441,5.0
-0.40740740740740744,3.7994066956930004,0.5693025279548165,-0.019724127272841313,-0.031179040176675263,-0.03999602303310979,-0.04946629531189715,-0.05352883562605736,5.0
-0.4054054054054054,3.7911833539748754,0.5734594526592441,-0.019998199293155636,-0.031599508647480304,-0.040507598497760665,-0.050078965473176154,-0.05413230771527307,5.0
-0.4034034034034034,3.7829679349932013,0.5776163299240353,-0.020274318333440757,-0.03202282931939647,-0.04102202138690896,-0.050694537369546606,-0.05473721716330167,5.0
-0.40140140140140146,3.7747605102894677,0.5817731226610786,-0.02055248678937608,-0.03244900085385926,-0.04153928005004309,-0.05131298784020408,-0.055343519730587064,5.0
-0.3993993993993994,3.7665611506434242,0.5859297940200399,-0.020832707061533354,-0.03287802189567464,-0.04205936279136921,-0.05193429362042529,-0.05595117107833755,5.0
-0.39739739739739743,3.7583699261274246,0.5900863073617255,-0.02111498155534126,-0.033309891072767175,-0.04258225786945403,-0.05255843134076062,-0.05656012676881343,5.0
-0.39539539539539537,3.750186906159982,0.5942426262316837,-0.02139931268105245,-0.03374460699592699,-0.04310795349686193,-0.05318537752620871,-0.057170342265602754,5.0
-0.3933933933933934,3.7420121595586044,0.598398714334009,-0.021685702853713715,-0.03418216825855699,-0.04363643783978818,-0.053815108595374375,-0.05778177293388687,5.0
-0.39139139139139134,3.7338457545919903,0.6025545355053182,-0.02197415449314004,-0.034622573436421236,-0.044167699017689105,-0.054447600859611596,-0.058394374040697465,5.0
-0.3893893893893894,3.7256877590316417,0.6067100536888551,-0.022264670023893453,-0.03506582108739545,-0.04470172510291085,-0.05508283052215254,-0.05900810075516639,5.0
-0.3873873873873874,3.7175382402029746,0.6108652329086959,-0.022557251875266995,-0.035511909751220996,-0.04523850412031783,-0.055720773677224084,-0.05962290814876992,5.0
-0.38538538538538536,3.709397265035987,0.6150200372440185,-0.02285190248127493,-0.03596083794926285,-0.04577802404692195,-0.05636140630915324,-0.06023875119556866,5.0
-0.3833833833833834,3.7012649001155604,0.6191744308033987,-0.02314862428064952,-0.03641260418427288,-0.046320272811513935,-0.05700470429146195,-0.060855584772444085,5.0
-0.38138138138138133,3.6931412117314517,0.6233283776991033,-0.02344741971684544,-0.036867206940159554,-0.04686523829429787,-0.05765064338595341,-0.06147336365933345,5.0
-0.3793793793793794,3.685026265928051,0.6274818420213398,-0.0237482912380522,-0.03732464468176448,-0.0474129083265302,-0.05829919924178999,-0.062092042539463745,5.0
-0.3773773773773774,3.676920128553961,0.6316347878124359,-0.024051241297215697,-0.03778491585464772,-0.047963270690164365,-0.058950347394564624,-0.06271157599958589,5.0
-0.37537537537537535,3.668822865311481,0.6357871790409052,-0.02435627235206933,-0.03824801888488209,-0.04851631311750191,-0.059604063265366186,-0.06333191853021009,5.0
-0.3733733733733734,3.6607345418060357,0.6399389795753719,-0.024663386865175777,-0.038713952178858084,-0.04907202329085224,-0.06026032215984033,-0.06395302452584348,5.0
-0.37137137137137133,3.6526552235956413,0.6440901531583146,-0.024972587303980148,-0.039182714123100565,-0.049630388842201396,-0.06091909926724667,-0.0645748482852308,5.0
-0.36936936936936937,3.6445849762404565,0.6482406633795939,-0.02528387614087546,-0.039654303084098175,-0.05019139735289128,-0.06158036965951293,-0.06519734401159859,5.0
-0.3673673673673674,3.6365238653524896,0.6523904736497308,-0.02559725585328156,-0.04012871740814699,-0.050755036353311724,-0.06224410829028832,-0.06582046581290446,5.0
-0.36536536536536535,3.6284719566455315,0.6565395471728966,-0.025912728923738314,-0.04060595542120999,-0.05132129332260537,-0.06291028999399587,-0.06644416770209148,5.0
-0.3633633633633634,3.620429315985378,0.6606878469195779,-0.026230297840014356,-0.041086015428793345,-0.05189015568838823,-0.06357888948488612,-0.0670684035973486,5.0
-0.3613613613613613,3.612396009440407,0.6648353355988792,-0.02654996509523253,-0.04156889571584168,-0.052461610826486996,-0.06424988135609241,-0.06769312732237809,5.0
-0.35935935935935936,3.6043721033325844,0.668981975630424,-0.02687173318801342,-0.04205459454665365,-0.053035646060694726,-0.06492324007868994,-0.06831829260667033,5.0
-0.3573573573573574,3.5963576642889623,0.6731277291158175,-0.027195604622638078,-0.04254311016481964,-0.05361224866254707,-0.0655989400007592,-0.06894385308578656,5.0
-0.35535535535535534,3.5883527592937448,0.677272557809627,-0.027521581909231752,-0.04303444079318374,-0.05419140585112086,-0.06627695534645549,-0.0695697623016508,5.0
-0.3533533533533534,3.580357455740985,0.6814164230898404,-0.027849667563969737,-0.04352858463383174,-0.054773104792856936,-0.06695726021508616,-0.07019597370285076,5.0
-0.3513513513513513,3.5723718214879945,0.6855592859277624,-0.028179864109307357,-0.04402553986810731,-0.05535733260140962,-0.06763982858019683,-0.07082244064494868,5.0
-0.34934934934934936,3.564395924909531,0.6897011068573039,-0.028512174074235598,-0.04452530465665906,-0.055944076337524795,-0.06832463428866813,-0.0714491163908032,5.0
-0.3473473473473474,3.556429834952845,0.6938418459436195,-0.02884659999456422,-0.045027877139520195,-0.05653332300894925,-0.0690116510598252,-0.07207595411090185,5.0
-0.34534534534534533,3.548473621193662,0.6979814627510483,-0.02918314441323436,-0.04553325543622381,-0.05712505957037359,-0.069700852484561,-0.07270290688370559,5.0
-0.3433433433433434,3.540527353893173,0.702119916310309,-0.029521809880662497,-0.04604143764595622,-0.057719272923411204,-0.07039221202447572,-0.07332992769600549,5.0
-0.3413413413413413,3.532591104056124,0.7062571650849067,-0.02986259895511804,-0.04655242184775114,-0.058315949916616316,-0.07108570301103426,-0.07395696944329218,5.0
-0.33933933933933935,3.5246649434900807,0.7103931669366917,-0.030205514203136732,-0.04706620610072778,-0.05891507734554352,-0.07178129864474306,-0.07458398493013861,5.0
-0.3373373373373374,3.5167489448659524,0.7145278790905297,-0.03055055819997213,-0.04758278844437559,-0.059516641952852334,-0.07247897199434948,-0.0752109268705963,5.0
-0.3353353353353353,3.508843181779869,0.7186612580980188,-0.03089773353008781,-0.04810216689888946,-0.06012063042845904,-0.07317869599606508,-0.0758377478886063,5.0
-0.33333333333333337,3.5009477288164974,0.722793259800209,-0.03124704278769264,-0.04862433946555802,-0.060727029409740216,-0.07388044345281503,-0.07646440051842422,5.0
-0.3313313313313313,3.4930626616138913,0.7269238392892585,-0.03159848857732217,-0.04914930412720918,-0.06133582548178996,-0.07458418703351628,-0.07709083720506016,5.0
-0.32932932932932935,3.485188056929972,0.7310529508689712,-0.03195207351446869,-0.04967705884871648,-0.06194700517773569,-0.07528989927238705,-0.07771701030473428,5.0
-0.3273273273273274,3.4773239927107356,0.7351805480141547,-0.03230780022626323,-0.050207601577570066,-0.06256055497911517,-0.07599755256828952,-0.07834287208534754,5.0
-0.3253253253253253,3.4694705481602948,0.7393065833287359,-0.03266567135221253,-0.05074093024451652,-0.06317646131631954,-0.07670711918410915,-0.0789683747269682,5.0
-0.32332332332332336,3.4616278038128567,0.7434310085025612,-0.03302568954499441,-0.051277042764271925,-0.0637947105691056,-0.07741857124617234,-0.07959347032233406,5.0
-0.3213213213213213,3.4537958416067513,0.7475537742668229,-0.033387857471315126,-0.051815937036312765,-0.06441528906718233,-0.07813188074370615,-0.08021811087737084,5.0
-0.31931931931931934,3.4459747449606204,0.7516748303480316,-0.03375217781283223,-0.05235761094574934,-0.06503818309087592,-0.0788470195283429,-0.08084224831172623,5.0
-0.31731731731731727,3.4381645988518827,0.7557941254204693,-0.03411865326714734,-0.052902062364287114,-0.06566337887187784,-0.07956395931367177,-0.08146583445932008,5.0
-0.3153153153153153,3.4303654898976093,0.7599116070570361,-0.034487286548872335,-0.05344928915128098,-0.06629086259408112,-0.08028267167484195,-0.08208882106890975,5.0
-0.31331331331331336,3.4225775064379214,0.7640272216784183,-0.034858080390774066,-0.05399928915488843,-0.06692062039451042,-0.08100312804821963,-0.08271115980467163,5.0
-0.3113113113113113,3.4148007386220502,0.768140914500491,-0.0352310375450018,-0.05455206021332761,-0.06755263836435067,-0.08172529973110297,-0.08333280224679729,5.0
-0.30930930930930933,3.4070352784971947,0.7722526294798707,-0.035606160784402485,-0.05510760015624657,-0.06818690255008111,-0.0824491578814983,-0.08395369989210479,5.0
-0.30730730730730726,3.399281220100317,0.7763623092575231,-0.03598345290392895,-0.05566590680621012,-0.06882339895471962,-0.08317467351796114,-0.08457380415466402,5.0
-0.3053053053053053,3.391538659553027,0.780469895100337,-0.036362916722146844,-0.05622697798031201,-0.06946211353918505,-0.08390181751950677,-0.08519306636643528,5.0
-0.30330330330330335,3.3838076951597014,0.7845753268405639,-0.03674455508284574,-0.05679081149191946,-0.07010303222378388,-0.08463056062559408,-0.08581143777792186,5.0
-0.3013013013013013,3.3760884275090013,0.7886785428130226,-0.037128370856761087,-0.057357405152558105,-0.07074614088982806,-0.08536087343618672,-0.08642886955883376,5.0
-0.2992992992992993,3.3683809595789564,0.7927794797899609,-0.03751436694341304,-0.0579267567739457,-0.07139142538139227,-0.08609272641189655,-0.08704531279876289,5.0
-0.29729729729729726,3.3606853968457786,0.7968780729134644,-0.03790254627306937,-0.05849886417018347,-0.07203887150721838,-0.08682608987421449,-0.08766071850786843,5.0
-0.2952952952952953,3.353001847396591,0.8009742556252983,-0.03829291180884004,-0.059073725160114755,-0.0726884650427754,-0.08756093400583287,-0.08827503761757093,5.0
-0.29329329329329334,3.3453304220462536,0.8050679595940635,-0.03868546654891061,-0.059651337569860324,-0.07334019173248413,-0.08829722885106547,-0.08888822098125382,5.0
-0.2912912912912913,3.3376712344584782,0.8091591146395369,-0.03908021352892321,-0.06023169923554136,-0.07399403729211582,-0.0890349443163701,-0.0895002193749713,5.0
-0.2892892892892893,3.330024401271435,0.8132476486540723,-0.03947715582451333,-0.06081480800620078,-0.0746499874113748,-0.08977405017098003,-0.09011098349815988,5.0
-0.28728728728728725,3.3223900422280574,0.8173334875209225,-0.03987629655401226,-0.06140066174693501,-0.07530802775667571,-0.09051451604765004,-0.09072046397435327,5.0
-0.2852852852852853,3.3147682803112573,0.8214165550293444,-0.04027763888132393,-0.061989258342248076,-0.07596814397412592,-0.09125631144352335,-0.09132861135189656,5.0
-0.28328328328328334,3.3071592418842792,0.8254967727863396,-0.04068118601898742,-0.06258059569964178,-0.07663032169272527,-0.09199940572112647,-0.09193537610465964,5.0
-0.28128128128128127,3.2995630568364294,0.8295740601248779,-0.04108694123143526,-0.06317467175345491,-0.07729454652779566,-0.09274376810949866,-0.09254070863274574,5.0
-0.2792792792792793,3.2919798587344085,0.8336483340084461,-0.04149490783845931,-0.06377148446896669,-0.07796080408465238,-0.09348936770546308,-0.09314455926319305,5.0
-0.27727727727727725,3.2844097849795117,0.8377195089317582,-0.041905089218896345,-0.06437103184677961,-0.07862907996253174,-0.09423617347504788,-0.09374687825066622,5.0
-0.2752752752752753,3.2768529769709493,0.8417874968174545,-0.042317488814545806,-0.06497331192749788,-0.07929935975878935,-0.09498415425506523,-0.09434761577813536,5.0
-0.27327327327327333,3.269309580275557,0.8458522069086157,-0.04273211013433386,-0.06557832279671859,-0.07997162907338343,-0.09573327875485503,-0.09494672195753744,5.0
-0.27127127127127126,3.2617797448041785,0.8499135456569022,-0.04314895675873708,-0.06618606259035341,-0.08064587351365952,-0.09648351555820439,-0.09554414683041774,5.0
-0.2692692692692693,3.254263624995,0.8539714166061352,-0.04356803234448177,-0.06679652950030056,-0.08132207869945346,-0.09723483312545048,-0.09613984036854624,5.0
-0.26726726726726724,3.2467613800041457,0.858025720271113,-0.04398934062953402,-0.06740972178048579,-0.08200023026852978,-0.09798719979577626,-0.09673375247450496,5.0
-0.2652652652652653,3.239273173903837,0.8620763540114706,-0.04441288543839752,-0.0680256377532949,-0.08268031388237407,-0.0987405837897092,-0.0973258329822407,5.0
-0.2632632632632632,3.23179917588843,0.8661232119003526,-0.04483867068773671,-0.0686442758164188,-0.08336231523235842,-0.09949495321183355,-0.09791603165757842,5.0
-0.26126126126126126,3.224339560488671,0.870166184587699,-0.04526670039234366,-0.06926563445013506,-0.08404622004630094,-0.10025027605372584,-0.0985042981986884,5.0
-0.2592592592592593,3.2168945077944904,0.8742051591579051,-0.045696978671468234,-0.06988971222505021,-0.08473201409543975,-0.10100652019712547,-0.09909058223650212,5.0
-0.25725725725725723,3.209464203686702,0.8782400189816283,-0.04612950975553213,-0.07051650781032862,-0.08541968320184354,-0.10176365341735122,-0.09967483333506803,5.0
-0.2552552552552553,3.2020488400779503,0.8822706435614978,-0.04656429799324804,-0.07114601998243483,-0.08610921324628347,-0.10252164338697568,-0.1002570009918418,5.0
-0.2532532532532532,3.194648615163284,0.8862969083714858,-0.047001347859166924,-0.07177824763441781,-0.08680059017658893,-0.10328045767976947,-0.10083703463790065,5.0
-0.25125125125125125,3.187263733680719,0.8903186846896775,-0.047440663961676885,-0.07241318978576684,-0.087493800016513,-0.10404006377492785,-0.10141488363807422,5.0
-0.2492492492492493,3.179894407182191,0.8943358394241886,-0.047882251051478274,-0.07305084559286944,-0.08818882887513509,-0.10480042906159238,-0.10199049729098121,5.0
-0.24724724724724723,3.1725408543152707,0.898348234931958,-0.04832611403056176,-0.07369121436010483,-0.08888566295682633,-0.10556152084368038,-0.10256382482896184,5.0
-0.24524524524524527,3.165203301116055,0.9023557288301449,-0.048772257961715915,-0.07433429555160578,-0.08958428857180854,-0.10632330634503569,-0.10313481541789399,5.0
-0.2432432432432432,3.1578819813136376,0.9063581737998541,-0.04922068807859323,-0.07498008880372503,-0.09028469214733464,-0.10708575271491468,-0.10370341815688086,5.0
-0.24124124124124124,3.150577136646562,0.9103554173819062,-0.04967140979636385,-0.07562859393824196,-0.09098686023952185,-0.10784882703381937,-0.10426958207779566,5.0
-0.2392392392392393,3.143289017191672,0.9143473017643676,-0.05012442872298869,-0.07627981097634902,-0.09169077954586981,-0.10861249631969354,-0.10483325614466925,5.0
-0.23723723723723722,3.136017881705786,0.9183336635615507,-0.05057975067114321,-0.07693374015345651,-0.09239643691849579,-0.1093767275344934,-0.10539438925290387,5.0
-0.23523523523523526,3.128763997980593,0.9223143335841976,-0.05103738167082643,-0.07759038193485747,-0.09310381937812133,-0.11014148759114807,-0.10595293022829547,5.0
-0.2332332332332332,3.121527643211205,0.9262891366005476,-0.05149732798268879,-0.07824973703229457,-0.09381291412884374,-0.11090674336092078,-0.10650882782584509,5.0
-0.23123123123123124,3.114309104378755,0.9302578910880104,-0.051959596112115584,-0.07891180642147333,-0.09452370857372937,-0.11167246168118691,-0.10706203072833931,5.0
-0.22922922922922928,3.1071086786474624,0.9342204089751455,-0.052424192824102885,-0.07957659136056645,-0.09523619033126313,-0.11243860936363806,-0.10761248754467541,5.0
-0.2272272272272272,3.099926673776549,0.9381764953736725,-0.05289112515896382,-0.08024409340975514,-0.09595034725269197,-0.11320515320292562,-0.10816014680790789,5.0
-0.22522522522522526,3.092763408547383,0.9421259483002322,-0.05336040044890492,-0.08091431445185499,-0.09666616744029854,-0.11397205998575417,-0.10870495697298849,5.0
-0.2232232232232232,3.085619213206223,0.9460685583876306,-0.053832026335512505,-0.08158725671407457,-0.09738363926664229,-0.11473929650043435,-0.10924686641417104,5.0
-0.22122122122122123,3.0784944299228916,0.9500041085853117,-0.05430601078818986,-0.08226292279095464,-0.0981027513948049,-0.115506829546903,-0.10978582342204878,5.0
-0.21921921921921927,3.0713894132657007,0.9539323738488171,-0.054782362123587405,-0.08294131566853823,-0.09882349279967734,-0.11627462594721802,-0.11032177620018957,5.0
-0.2172172172172172,3.0643045306928944,0.9578531208180113,-0.05526108902606748,-0.08362243874981985,-0.09954585279032334,-0.11704265255653165,-0.11085467286133142,5.0
-0.21521521521521525,3.057240163060868,0.9617661074838703,-0.055742200569246295,-0.08430629588152334,-0.10026982103345555,-0.11781087627454445,-0.11138446142309791,5.0
-0.21321321321321318,3.0501967051493395,0.9656710828436652,-0.05622570623865542,-0.08499289138225703,-0.10099538757805657,-0.118579264057439,-0.11191108980318748,5.0
-0.21121121121121122,3.04317456620362,0.9695677865444007,-0.05671161595556504,-0.08568223007209352,-0.10172254288117774,-0.11934778293029004,-0.11243450581399023,5.0
-0.20920920920920927,3.0361741704940624,0.9734559485144013,-0.05719994010200972,-0.08637431730361989,-0.10245127783494364,-0.12011639999994175,-0.1129546571565785,5.0
-0.2072072072072072,3.029195957892681,0.977335288582994,-0.05769068954705773,-0.08706915899450232,-0.10318158379478806,-0.1208850824683403,-0.11347149141401426,5.0
-0.20520520520520524,3.0222403844668637,0.9812055160882736,-0.058183875674361826,-0.08776676166160645,-0.10391345260894426,-0.12165379764630442,-0.11398495604391258,5.0
-0.20320320320320318,3.015307923090001,0.9850663294730089,-0.05867951041102852,-0.08846713245670931,-0.10464687664920516,-0.1224225129677087,-0.11449499837019263,5.0
-0.20120120120120122,3.0083990640687372,0.9889174158688053,-0.05917760625783905,-0.08917027920383774,-0.10538184884296607,-0.12319119600405073,-0.11500156557394502,5.0
-0.19919919919919926,3.0015143157864372,0.992758450668718,-0.05967817632085267,-0.0898762104382589,-0.1061183627065538,-0.12395981447936356,-0.11550460468333636,5.0
-0.1971971971971972,2.994654205362312,0.9965890970886004,-0.060181234344417404,-0.09058493544714363,-0.10685641237983905,-0.12472833628542514,-0.11600406256246563,5.0
-0.19519519519519524,2.987819279325498,1.0004090057175667,-0.0606867947456092,-0.09129646431191543,-0.10759599266211867,-0.12549672949720944,-0.11649988589908039,5.0
-0.19319319319319317,2.9810101043031985,1.0042178140580593,-0.06119487265011314,-0.09201080795228744,-0.10833709904924547,-0.1262649623885104,-0.11699202119105366,5.0
-0.1911911911911912,2.97422726772181,1.0080151460561322,-0.06170548392955333,-0.0927279781719796,-0.10907972777196792,-0.12703300344765756,-0.11748041473151413,5.0
-0.18918918918918914,2.967471378519729,1.0118006116227063,-0.062218645240268836,-0.09344798770609403,-0.10982387583543068,-0.12780082139322982,-0.11796501259251325,5.0
-0.1871871871871872,2.960743067870298,1.0155738061466955,-0.06273437406352264,-0.09417085027011325,-0.11056954105976843,-0.1285683851896558,-0.11844576060710515,5.0
-0.18518518518518523,2.954042989913074,1.0193343100010852,-0.06325268874711885,-0.09489658061046657,-0.11131672212170846,-0.12933566406257427,-0.11892260434970488,5.0
-0.18318318318318316,2.9473718224913146,1.0230816880432196,-0.06377360854838879,-0.09562519455659185,-0.11206541859707463,-0.13010262751380597,-0.11939548911458077,5.0
-0.1811811811811812,2.940730267893247,1.0268154891107775,-0.06429715367849112,-0.09635670907439643,-0.11281563100406311,-0.13086924533576885,-0.11986435989232577,5.0
-0.17917917917917914,2.9341190535943293,1.030535245515125,-0.06482334534795253,-0.0970911423209954,-0.11356736084713401,-0.1316354876251458,-0.12032916134414323,5.0
-0.17717717717717718,2.9275389329973187,1.0342404725340089,-0.06535220581335545,-0.09782851370057746,-0.11432061066133005,-0.13240132479558345,-0.12078983777376835,5.0
-0.17517517517517522,2.9209906861665482,1.0379306679058014,-0.06588375842505485,-0.09856884392121468,-0.11507538405680552,-0.13316672758917938,-0.12124633309683792,5.0
-0.17317317317317316,2.914475120552339,1.0416053113278243,-0.0664180276757805,-0.09931215505239713,-0.11583168576330558,-0.13393166708647586,-0.12169859080750571,5.0
-0.1711711711711712,2.90799307170099,1.045263863961597,-0.0669550392499521,-0.10005847058303355,-0.11658952167430066,-0.13469611471465112,-0.12214655394209081,5.0
-0.16916916916916913,2.9015454039452355,1.0489057679481932,-0.06749482007349997,-0.10080781547961176,-0.1173488988904317,-0.13546004225355804,-0.12259016503953238,5.0
-0.16716716716716717,2.8951330110694933,1.05253044593729,-0.06803739836394963,-0.10156021624416568,-0.11810982576187484,-0.13622342183922273,-0.12302936609841207,5.0
-0.16516516516516522,2.8887568169436064,1.0561373006338657,-0.06858280368048637,-0.10231570097163875,-0.11887231192917759,-0.13698622596437035,-0.12346409853029157,5.0
-0.16316316316316315,2.882417776118118,1.059725714366961,-0.06913106697367213,-0.10307429940617442,-0.11963636836206239,-0.13774842747550206,-0.12389430310910346,5.0
-0.1611611611611612,2.8761168743734293,1.063295048685365,-0.0696822206344381,-0.10383604299579852,-0.12040200739562702,-0.13850999956599747,-0.1243199199163198,5.0
-0.15915915915915912,2.869855129214453,1.0668446439855606,-0.07023629854192205,-0.10460096494488544,-0.12116924276330251,-0.13927091576466222,-0.12474088828161096,5.0
-0.15715715715715717,2.8636335903015895,1.0703738191778054,-0.07079333610966258,-0.10536910026372456,-0.12193808962585513,-0.14003114991909002,-0.12515714671870246,5.0
-0.1551551551551552,2.857453339808077,1.073881871396719,-0.0713533703295978,-0.10614048581441782,-0.1227085645956399,-0.1407906761731479,-0.12556863285612369,5.0
-0.15315315315315314,2.8513154926929016,1.0773680757633355,-0.07191643981325005,-0.1069151603522509,-0.12348068575522617,-0.14154946893783424,-0.1259752833625421,5.0
-0.1511511511511512,2.8452211968776235,1.0808316852061308,-0.0724825848294029,-0.10769316456158373,-0.12425447266943027,-0.14230750285469956,-0.1263770338663697,5.0
-0.14914914914914912,2.8391716333145904,1.0842719303491257,-0.07305184733750256,-0.10847454108520653,-0.12502994638969084,-0.14306475275095296,-0.12677381886932848,5.0
-0.14714714714714716,2.8331680159331354,1.087688019475762,-0.07362427101593041,-0.10925933454599816,-0.12580712944963135,-0.14382119358532053,-0.1271655716536704,5.0
-0.1451451451451452,2.8272115914494957,1.0910791385778325,-0.07419990128421007,-0.1100475915596161,-0.1265860458505454,-0.14457680038364973,-0.1275522241827475,5.0
-0.14314314314314314,2.821303639025314,1.0944444514993332,-0.07477878531812136,-0.11083936073682822,-0.12736672103544655,-0.14533154816320287,-0.12793370699465095,5.0
-0.14114114114114118,2.815445469758787,1.0977831001856726,-0.07536097205660051,-0.1116346926739809,-0.12814918185021132,-0.1460854118445133,-0.12830994908865048,5.0
-0.1391391391391391,2.8096384259917393,1.1010942050492092,-0.07594651219921264,-0.11243363992997837,-0.12893345649024718,-0.14683836614963083,-0.12868087780419957,5.0
-0.13713713713713716,2.8038838804152166,1.1043768654625805,-0.07653545819288565,-0.11323625698802654,-0.12971957443101237,-0.14759038548553086,-0.1290464186923046,5.0
-0.1351351351351351,2.7981832349555824,1.1076301603917182,-0.07712786420650017,-0.11404260020027956,-0.13050756634061972,-0.14834144381142123,-0.12940649537910393,5.0
-0.13313313313313313,2.792537919422631,1.1108531491808133,-0.07772378609183629,-0.11485272771341244,-0.13129746397266662,-0.14909151448865146,-0.1297610294215612,5.0
-0.13113113113113117,2.7869493899009026,1.1140448725017522,-0.07832328132929112,-0.1156666993730393,-0.1320893000373523,-0.14984057011191143,-0.1301099401552447,5.0
-0.1291291291291291,2.781419126865237,1.1172043534806946,-0.07892640895669521,-0.11648457660479852,-0.13288310804888032,-0.1505885823204047,-0.13045314453425155,5.0
-0.12712712712712715,2.7759486330016876,1.120330599014479,-0.07953322947948696,-0.11730642226984893,-0.1336789221470932,-0.15133552158770325,-0.13079055696343223,5.0
-0.12512512512512508,2.770539430715244,1.1234226012893855,-0.08014380476043938,-0.11813230049245552,-0.13447677689125848,-0.15208135698902542,-0.13112208912318696,5.0
-0.12312312312312312,2.7651930593064504,1.1264793395144435,-0.08075819788709128,-0.11896227645730674,-0.13527670702392786,-0.15282605594475568,-0.13144764978724058,5.0
-0.12112112112112117,2.7599110717999613,1.1294997818809078,-0.08137647301500762,-0.11979641617419193,-0.13607874720281643,-0.15356958393911313,-0.131767144633953,5.0
-0.1191191191191191,2.7546950314094403,1.132482887758724,-0.0819986951849932,-0.12063478620769437,-0.13688293169872193,-0.15431190421301888,-0.13208047605189796,5.0
-0.11711711711711714,2.749546507624968,1.135427610139718,-0.0826249301124098,-0.12147745336961603,-0.13768929405760888,-0.15505297743037869,-0.13238754294063482,5.0
-0.11511511511511507,2.7444670719113655,1.138332898335863,-0.08325524394680743,-0.12232448437196232,-0.13849786672514677,-0.15579276131721648,-0.1326882405078149,5.0
-0.11311311311311312,2.739458293008577,1.1411977009392678,-0.08388970300017866,-0.1231759454384797,-0.1393086806322013,-0.1565312102733587,-0.1329824600640003,5.0
-0.11111111111111116,2.73452173182853,1.144020969048447,-0.0845283734422865,-0.12403190187295972,-0.14012176474005725,-0.15726827495668366,-0.13327008881683444,5.0
-0.10910910910910909,2.7296589359467456,1.1468016597630186,-0.08517132096170764,-0.124892417582818,-0.1409371455444892,-0.15800390184032032,-0.1335510096664764,5.0
-0.10710710710710714,2.724871433691373,1.1495387399461223,-0.08581861039147679,-0.12575755455681586,-0.14175484653821635,-0.15873803274361084,-0.13382510100451575,5.0
-0.10510510510510507,2.720160727837391,1.1522311902506406,-0.08647030529852086,-0.1266273722962382,-0.14257488763176623,-0.15947060433813498,-0.1340922365188914,5.0
-0.10310310310310311,2.715528288919315,1.154878009401669,-0.08712646753643814,-0.1275019271993642,-0.14339728453334522,-0.16020154763064293,-0.13435228500766655,5.0
-0.10110110110110115,2.7109755481819646,1.1574782187236645,-0.08778715676160745,-0.12838127189968332,-0.14422204808897032,-0.16093078742534844,-0.13460511020484295,5.0
-0.09909909909909909,2.706503890195606,1.1600308668963266,-0.0884524299131144,-0.12926545455900926,-0.1450491835848538,-0.1616582417686931,-0.13485057062173478,5.0
-0.09709709709709713,2.7021146451690345,1.162535034918524,-0.08912234065754805,-0.1301545181174381,-0.14587869001485226,-0.1623838213804073,-0.13508851940774755,5.0
-0.09509509509509506,2.6978090810018096,1.1649898412545752,-0.08979693880036091,-0.13104849950297565,-0.1467105593166888,-0.16310742907544803,-0.1353188042347293,5.0
-0.0930930930930931,2.69358839512488,1.1673944471319437,-0.09047626966618473,-0.13194742880461827,-0.14754477558162235,-0.16382895918218304,-0.13554126720934864,5.0
-0.09109109109109115,2.6894537061869865,1.1697480619540186,-0.09116037345125994,-0.1328513284137095,-0.14838131424326476,-0.16454829696300635,-0.13575574481821923,5.0
-0.08908908908908908,2.68540604565249,1.1720499487861993,-0.09184928455194817,-0.13376021213948547,-0.1492201412523129,-0.16526531804438227,-0.13596206791069773,5.0
-0.08708708708708712,2.6814463493843688,1.1742994298681284,-0.09254303087415545,-0.13467408430586886,-0.15006121224506414,-0.16597988786412746,-0.13616006172444498,5.0
-0.08508508508508505,2.6775754492939274,1.1764958920997004,-0.09324163312937638,-0.1355929388377331,-0.1509044717146793,-0.16669186114450707,-0.1363495459589169,5.0
-0.0830830830830831,2.6737940651460006,1.1786387924436286,-0.09394510412396337,-0.13651675834602944,-0.15174985219523823,-0.16740108140043697,-0.13653033490195438,5.0
-0.08108108108108114,2.6701027966149073,1.180727663182939,-0.09465344804911095,-0.137445513222309,-0.15259727346966087,-0.1681073804927129,-0.13670223761453715,5.0
-0.07907907907907907,2.666502115691856,1.182762116968065,-0.09536665977989599,-0.13837916075425385,-0.15344664181350745,-0.1688105782367036,-0.13686505817855435,5.0
-0.07707707707707712,2.662992359548681,1.1847418515852515,-0.09608472419250817,-0.13931764427481724,-0.15429784928749476,-0.169510482077316,-0.13701859601210528,5.0
-0.07507507507507505,2.6595737239654147,1.1866666543760802,-0.09680761550951293,-0.14026089235842756,-0.15515077309222594,-0.17020688684124227,-0.13716264625637048,5.0
-0.07307307307307309,2.656246257430085,1.1885364062371087,-0.09753529668357767,-0.1412088180783909,-0.15600527499909908,-0.17089957457749588,-0.1372970002374783,5.0
-0.07107107107107113,2.6530098560179995,1.1903510851291157,-0.09826771883053795,-0.14216131834009563,-0.1568612008715872,-0.17158831449700843,-0.13742144600602882,5.0
-0.06906906906906907,2.649864259154504,1.1921107690273478,-0.099004820722946,-0.1431182733048376,-0.15771838029103857,-0.17227286302157746,-0.1375357689560274,5.0
-0.06706706706706711,2.646809046359587,1.1938156382475853,-0.0997465283553071,-0.14407954591901148,-0.15857662630080094,-0.17295296395169185,-0.13763975252392613,5.0
-0.06506506506506504,2.6438436350647048,1.195465977087823,-0.10049275459203927,-0.1450449815630209,-0.1594357352817898,-0.17362834876171912,-0.13773317896728246,5.0
-0.06306306306306309,2.640967279581765,1.1970621747319465,-0.10124339890877104,-0.14601440783351521,-0.16029548697158819,-0.17429873702959842,-0.13781583022123411,5.0
-0.06106106106106102,2.638179071291391,1.1986047253699474,-0.10199834723690267,-0.14698763447145943,-0.1611556446377699,-0.17496383700655707,-0.13788748882958093,5.0
-0.05905905905905906,2.635477940102514,1.2000942274988398,-0.10275747192038676,-0.14796445344705975,-0.16201595541437835,-0.17562334633046975,-0.13794793894577834,5.0
-0.0570570570570571,2.6328626572182308,1.201531382379457,-0.10352063179244031,-0.14894463921072237,-0.16287615080837772,-0.1762769528843161,-0.13799696739761708,5.0
-0.055055055055055035,2.630331839223971,1.2029169916364957,-0.10428767237838259,-0.1499279491170191,-0.163735947380456,-0.17692433579883132,-0.13803436480782924,5.0
-0.05305305305305308,2.62788395349374,1.2042519540022605,-0.1050584262290244,-0.15091412402610718,-0.16459504760182744,-0.177565166595886,-0.13805992676135162,5.0
-0.05105105105105101,2.625517324888974,1.2055372612183841,-0.10583271338704159,-0.15190288908424426,-0.16545314088571383,-0.1781991104664798,-0.1380734550085501,5.0
-0.049049049049049054,2.6232301437028345,1.2067739931238832,-0.10661034198658466,-0.15289395468200506,-0.16630990478904062,-0.17882582767450814,-0.13807475869239205,5.0
-0.0470470470470471,2.6210204747811554,1.2079633119720232,-0.10739110898405835,-0.15388701758561682,-0.16716500637663692,-0.17944497507476453,-0.13806365558640787,5.0
-0.04504504504504503,2.6188862677302716,1.2091064560321865,-0.10817480101560087,-0.15488176223356226,-0.16801810373697268,-0.1800562077310356,-0.13803997332933435,5.0
-0.04304304304304307,2.6168253681022167,1.2102047325458782,-0.108961195374368,-0.1558778621873371,-0.16886884763527515,-0.18065918061770844,-0.13800355064163478,5.0
-0.041041041041041004,2.614835529429814,1.2112595101178425,-0.1097500610983484,-0.15687498172208927,-0.1697168832868503,-0.1812535503861282,-0.13795423850866498,5.0
-0.03903903903903905,2.612914425968527,1.2122722106336,-0.11054116015716672,-0.15787277753989543,-0.17056185223067125,-0.1818389771750716,-0.1378919013151339,5.0
-0.03703703703703709,2.611059665989051,1.2132443008033027,-0.11133424872425089,-0.1588709005857507,-0.17140339428089174,-0.18241512644323843,-0.13781641791570964,5.0
-0.03503503503503502,2.6092688054549424,1.2141772834383064,-0.11212907851889699,-0.15986899794402704,-0.17224114953195255,-0.18298167080062022,-0.13772768262715068,5.0
-0.033033033033033066,2.6075393619133007,1.2150726885711964,-0.11292539820123719,-0.16086671479129336,-0.17307476039147557,-0.18353829181507175,-0.13762560612819869,5.0
-0.031031031031030998,2.605868828423949,1.2159320645319005,-0.11372295480193606,-0.16186369638002615,-0.17390387361420384,-0.18408468177037657,-0.13751011625464193,5.0
-0.02902902902902904,2.604254687353646,1.2167569690920812,-0.11452149516766195,-0.1628595900269395,-0.1747281423099119,-0.184620545352604,-0.13738115867841807,5.0
-0.027027027027027084,2.6026944238666787,1.2175489607871275,-0.11532076740301882,-0.16385404707944584,-0.17554722789847474,-0.1851456012425724,-0.13723869746134384,5.0
-0.025025025025025016,2.6011855389514578,1.2183095905199244,-0.11612052228970131,-0.16484672483413998,-0.17636080198616275,-0.18565958359375734,-0.13708271547599427,5.0
-0.02302302302302306,2.599725561834287,1.2190403935433405,-0.11692051466414191,-0.16583728838216424,-0.17716854813868263,-0.1861622433769611,-0.1369132146883505,5.0
-0.02102102102102099,2.5983120616458533,1.2197428819092597,-0.11772050473584589,-0.16682541235783752,-0.17797016352848175,-0.18665334957544122,-0.13673021629904625,5.0
-0.019019019019019034,2.596942658222792,1.2204185374612495,-0.11852025932991925,-0.1678107825689624,-0.17876536043630847,-0.18713269021691356,-0.13653376074230564,5.0
-0.017017017017017078,2.595615031945384,1.2210688054360583,-0.11931955303895188,-0.16879309748970367,-0.1795538675899049,-0.18760007323182074,-0.1363239075439203,5.0
-0.01501501501501501,2.594326932532471,1.22169508872624,-0.12011816927136426,-0.16977206959977706,-0.18033543132590416,-0.18805532713040302,-0.1361007350418069,5.0
-0.013013013013013053,2.5930761867354954,1.2222987428428727,-0.12091590118550236,-0.1707474265568128,-0.18110981656442854,-0.18849830149433588,-0.13586433997475794,5.0
-0.011011011011010985,2.591860704894572,1.2228810716037832,-0.12171255250110802,-0.17171891219207433,-0.1818768075894287,-0.1889288672819282,-0.13561483694690465,5.0
-0.009009009009009028,2.5906784863401517,1.2234433235594009,-0.12250793818222591,-0.1726862873231138,-0.18263620863137692,-0.18934691694900752,-0.1353523577771073,5.0
-0.00700700700700696,2.589527623643674,1.2239866891555136,-0.12330188498807002,-0.17364933038035021,-0.1833878442524208,-0.1897523643905879,-0.1350770507439342,5.0
-0.005005005005005003,2.5884063057390936,1.2245122986202632,-0.12409423189079194,-0.17460783784785971,-0.18413155953744478,-0.19014514471114338,-0.13478907973807513,5.0
-0.0030030030030030463,2.5873128199540356,1.2250212205517437,-0.12488483036141167,-0.1755616245218014,-0.18486722009758091,-0.19052521383374724,-0.13448862333492456,5.0
-0.0010010010010009784,2.586245553004193,1.2255144611729232,-0.1256735445273284,-0.17651052359278394,-0.18559471189550017,-0.19089254796042404,-0.13417587380067345,5.0
0.0010010010010010895,2.585202991017277,1.2259929642123055,-0.1264602512067889,-0.17745438656105605,-0.18631394090424658,-0.19124714289778488,-0.1338510360455569,5.0
0.0030030030030030463,2.5841837186632026,1.2264576113619718,-0.1272448398274038,-0.17839308299562823,-0.1870248326134029,-0.19158901326333355,-0.1335143265379365,5.0
0.005005005005005003,2.5831864174751673,1.2269092232593732,-0.12802721223725333,-0.1793265001502745,-0.1877273313979891,-0.1919181915887637,-0.13316597219266366,5.0
0.00700700700700696,2.582209863451928,1.227348560935479,-0.12880728241828795,-0.1802545424507998,-0.18842139976666852,-0.1922347273370921,-0.1328062092467018,5.0
0.009009009009008917,2.58125292403491,1.2277763276696299,-0.12958497611260858,-0.18117713086899723,-0.18910701750658993,-0.19253868585064127,-0.13243528213430777,5.0
0.011011011011011096,2.580314554555029,1.2281931711905052,-0.13036023037279648,-0.18209420219934996,-0.18978418074253195,-0.19283014724668354,-0.1320534423732163,5.0
0.013013013013013053,2.579393794243336,1.2285996861629922,-0.1311329930477762,-0.18300570825479423,-0.19045290092797618,-0.19310920527706418,-0.13166094747227589,5.0
0.01501501501501501,2.5784897618971496,1.2289964169022183,-0.13190322221574888,-0.18391161499776826,-0.19111320378534444,-0.19337596616734057,-0.13125805986987968,5.0
0.017017017017016967,2.5776016512893603,1.2293838602584393,-0.13267088557554862,-0.18481190162236336,-0.19176512821194436,-0.1936305474499691,-0.1308450459113569,5.0
0.019019019019018923,2.576728726403399,1.229762468619756,-0.13343595980738318,-0.18570655960271218,-0.19240872516720825,-0.1938730768048782,-0.13042217487227373,5.0
0.021021021021021102,2.575870316570183,1.2301326529834904,-0.13419842991335046,-0.18659559172183532,-0.19304405655564938,-0.19410369091944107,-0.12998971803336648,5.0
0.02302302302302306,2.5750258115764386,1.2304947860514606,-0.13495828854740297,-0.1874790110940695,-0.19367119411862746,-0.1943225343784337,-0.12954794781161974,5.0
0.025025025025025016,2.5741946568064114,1.2308492053090563,-0.1357155353436034,-0.18835684019295815,-0.19429021834657506,-0.19452975859309307,-0.12909713695084052,5.0
0.027027027027026973,2.5733763484713195,1.2311962160529224,-0.13647017625059324,-0.18922910989514524,-0.19490121742181607,-0.19472552077689517,-0.12863755777397082,5.0
0.02902902902902893,2.5725704289731777,1.2315360943369678,-0.1372222228792285,-0.1900958585494159,-0.19550428620056925,-0.1949099829742101,-0.12816948149836388,5.0
0.03103103103103111,2.5717764824420177,1.2318690898113007,-0.13797169186933683,-0.19095713107860865,-0.1960995252411877,-0.19508331114656685,-0.1276931776143118,5.0
0.033033033033033066,2.570994130478172,1.2321954284333916,-0.13871860428054736,-0.19181297812071377,-0.1966870398841876,-0.19524567431991738,-0.12720891332628423,5.0
0.03503503503503502,2.570223028124328,1.2325153150352512,-0.13946298501116103,-0.192663455214106,-0.19726693938818776,-0.19539724379503684,-0.1267169530556099,5.0
0.03703703703703698,2.569462860085568,1.2328289357345774,-0.14020486224808107,-0.19350862203054983,-0.1978393361245351,-0.19553819242205434,-0.12621755800271722,5.0
0.039039039039038936,2.568713337209658,1.2331364601816734,-0.1409442669499244,-0.19434854165839427,-0.19840434483214814,-0.19566869393908168,-0.12571098576653741,5.0
0.041041041041041115,2.5679741932345244,1.2334380436373638,-0.1416812323645947,-0.1951832799372352,-0.19896208193298548,-0.19578892237400605,-0.12519749001826996,5.0
0.04304304304304307,2.567245181805093,1.2337338288802397,-0.14241579358183484,-0.19601290484430375,-0.1995126649075372,-0.19589905150773707,-0.12467732022640102,5.0
0.04504504504504503,2.566526073757602,1.234023947944193,-0.14314798712057655,-0.19683748593191464,-0.20005621172886362,-0.19599925439654944,-0.12415072142965622,5.0
0.047047047047046986,2.565816654665993,1.2343085236894775,-0.14387785055029167,-0.19765709381450697,-0.2005928403529468,-0.1960897029506305,-0.12361793405443768,5.0
0.04904904904904894,2.565116722642108,1.2345876712124302,-0.14460542214500932,-0.19847179970311424,-0.2011226682624931,-0.19617056756553314,-0.12307919377324888,5.0
0.05105105105105112,2.5644260863791057,1.2348614991005022,-0.14533074056820003,-0.19928167498451602,-0.2016458120608105,-0.19624201680292383,-0.1225347314006279,5.0
0.05305305305305308,2.563744563425706,1.2351301105404286,-0.14605384458633874,-0.20008679084184114,-0.20216238711198267,-0.19630421711681545,-0.12198477282318958,5.0
0.055055055055055035,2.56307197867757,1.235393604288264,-0.14677477280864154,-0.20088721791301273,-0.20267250722326377,-0.1963573326213558,-0.12142953896050766,5.0
0.05705705705705699,2.562408163071228,1.2356520755105869,-0.147493563450216,-0.20168302598313237,-0.20317628436541527,-0.1964015248962112,-0.1208692457537424,5.0
0.05905905905905895,2.5617529524654676,1.2359056165065527,-0.14821025411567476,-0.20247428370669202,-0.20367382842658502,-0.19643695282562026,-0.1203041041791257,5.0
0.06106106106106113,2.561106186694923,1.236154317320606,-0.14892488160012696,-0.20326105835537636,-0.20416524699529354,-0.19646377246729357,-0.11973432028365406,5.0
0.06306306306306309,2.5604677087807053,1.2363982662556174,-0.14963748170437646,-0.20404341558715205,-0.20465064516811252,-0.19648213694748504,-0.1191600952405939,5.0
0.06506506506506504,2.5598373642832466,1.2366375502960354,-0.1503480890611199,-0.20482141923234476,-0.20513012537771788,-0.19649219637876367,-0.11858162542267674,5.0
0.067067067067067,2.559215000783056,1.236872255450309,-0.1510567369689427,-0.2055951310924619,-0.20560378723713205,-0.1964940977972399,-0.11799910249113862,5.0
0.06906906906906896,2.5586004674757428,1.2371024670214579,-0.15176345723095386,-0.20636461074762424,-0.2060717273961636,-0.1964879851162758,-0.11741271349904289,5.0
0.07107107107107113,2.557993614868435,1.2373282698141408,-0.15246827999498022,-0.2071299153686251,-0.20653403940627946,-0.196473999093989,-0.11682264100760499,5.0
0.07307307307307309,2.5573942945655617,1.2375497482860889,-0.15317123359235385,-0.20789109952983012,-0.20699081359040622,-0.1964522773121746,-0.11622906321451651,5.0
0.07507507507507505,2.556802359132859,1.2377669866511676,-0.15387234437246594,-0.20864821501935807,-0.2074421369144538,-0.19642295416458563,-0.11563215409353061,5.0
0.077077077077077,2.5562176620293444,1.2379800689407807,-0.15457163653043565,-0.20940131064325718,-0.20788809285767854,-0.19638616085284913,-0.11503208354483134,5.0
0.07907907907907896,2.5556400575979294,1.2381890790297228,-0.1552691319254363,-0.21015043202068184,-0.20832876127934602,-0.19634202538862794,-0.11442901755594458,5.0
0.08108108108108114,2.5550694011061794,1.2383941006320398,-0.15596484988745055,-0.21089562136741244,-0.20876421827952468,-0.19629067260098285,-0.1138231183731787,5.0
0.0830830830830831,2.554505548829603,1.2385952172718853,-0.15665880701047372,-0.21163691726541123,-0.20919453605222788,-0.19623222414822625,-0.11321454468378257,5.0
0.08508508508508505,2.5539483581706204,1.2387925122338437,-0.15735101693045953,-0.21237435441649832,-0.20961978272952475,-0.19616679853389413,-0.11260345180919352,5.0
0.08708708708708701,2.5533976878071027,1.2389860684966976,-0.15804149008660298,-0.21310796337863838,-0.2100400222156595,-0.19609451112679505,-0.11198999190990655,5.0
0.08908908908908897,2.552853397865045,1.2391759686541415,-0.15873023346487428,-0.21383777028376358,-0.21045531401064632,-0.1960154741854132,-0.1113743142026286,5.0
0.09109109109109115,2.552315350110551,1.2393622948255485,-0.15941725032306014,-0.21456379653651217,-0.21086571302324417,-0.19592979688724832,-0.11075656519048713,5.0
0.0930930930930931,2.5517834081568394,1.2395451285594752,-0.1601025398969315,-0.2152860584937343,-0.21127126937365853,-0.19583758536396992,-0.11013688890713985,5.0
0.09509509509509506,2.5512574376824713,1.2397245507322798,-0.16078609708753328,-0.21600456712509972,-0.2116720281867578,-0.19573894274353143,-0.10951542717567678,5.0
0.09709709709709702,2.5507373066574064,1.2399006414438898,-0.16146791212998335,-0.21671932765564364,-0.21206802937702982,-0.19563396920064122,-0.10889231988322032,5.0
0.0990990990990992,2.5502228855738536,1.2400734799124926,-0.1621479702445707,-0.21743033919157786,-0.21245930742693547,-0.19552276201720958,-0.10826770527211023,5.0
0.10110110110110115,2.549714047679192,1.2402431443696915,-0.16282625127134728,-0.21813759433120072,-0.21284589116072178,-0.19540541565457786,-0.10764172024850475,5.0
0.10310310310310311,2.549210669208479,1.2404097119574349,-0.16350272928981777,-0.2188410787632239,-0.21322780351615783,-0.19528202183949855,-0.10701450070914514,5.0
0.10510510510510507,2.548712629614285,1.240573258627867,-0.16417737222572812,-0.21954077085530765,-0.21360506131701026,-0.19515266966594763,-0.10638618188690525,5.0
0.10710710710710702,2.548219811791763,1.240733859047076,-0.16485014144734844,-0.22023664123604808,-0.21397767504940646,-0.1950174457149259,-0.10575689871559302,5.0
0.1091091091091092,2.547732102297006,1.2408915865035848,-0.1655209913540098,-0.2209286523740715,-0.21434564864551212,-0.19487643419443743,-0.10512678621428104,5.0
0.11111111111111116,2.5472493915568584,1.2410465128223154,-0.16618986896000443,-0.22161675815827045,-0.21470897927818625,-0.19472971710180825,-0.10449597989122199,5.0
0.11311311311311312,2.5467715740684733,1.2411987082846416,-0.16685671347726408,-0.22230090348353648,-0.21506765717044843,-0.19457737441043974,-0.10386461616715366,5.0
0.11511511511511507,2.5462985485869716,1.2413482415550718,-0.16752145590050538,-0.22298102384661111,-0.2154216654237002,-0.19441948428295988,-0.10323283281751845,5.0
0.11711711711711703,2.545830218299672,1.241495179615007,-0.16818401859875107,-0.22365704495687527,-0.21577097986869095,-0.19425612331255987,-0.10260076943282466,5.0
0.11911911911911921,2.5453664909854368,1.2416395877039526,-0.16884431491730723,-0.2243288823670205,-0.21611556894317308,-0.194087366794062,-0.10196856789605041,5.0
0.12112112112112117,2.5449072791577714,1.2417815292685,-0.1695022487943826,-0.2249964411285915,-0.21645539360008811,-0.19391328902597876,-0.10133637287565954,5.0
0.12312312312312312,2.5444525001904346,1.2419210659193098,-0.1701577143965855,-0.2256596154773463,-0.21679040724992946,-0.19373396364448148,-0.10070433233244967,5.0
0.12512512512512508,2.5440020764244164,1.242058257396276,-0.17081059577750718,-0.22631828855325437,-0.21712055574065167,-0.1935494639898066,-0.10007259803810464,5.0
0.12712712712712704,2.543555935255275,1.2421931615419908,-0.17146076656351325,-0.22697233215973814,-0.2174457773781522,-0.19335986350519832,-0.09944132610297597,5.0
0.12912912912912922,2.5431140091999787,1.2423258342835528,-0.17210808967070026,-0.22762160656645494,-0.21776600298992058,-0.19316523616801803,-0.09881067751027897,5.0
0.13113113113113117,2.542676235942559,1.2424563296226896,-0.17275241705674432,-0.22826596035953195,-0.2180811560339559,-0.19296565695215068,-0.09818081865356595,5.0
0.13313313313313313,2.542242558358051,1.24258469963413,-0.1733935895110751,-0.22890523034269958,-0.21839115275449925,-0.19276120232032454,-0.0975519218740391,5.0
0.1351351351351351,2.54181292451441,1.2427109944720396,-0.17403143648644812,-0.22953924149222563,-0.21869590238551412,-0.1925519507444243,-0.09692416599399209,5.0
0.13713713713713704,2.5413872876522827,1.24283526238432,-0.17466577597457977,-0.23016780696795677,-0.2189953074022001,-0.19233798325134907,-0.09629773684243269,5.0
0.13913913913913922,2.5409656061427346,1.2429575497344658,-0.17529641442804808,-0.23079072818211913,-0.21928926382014297,-0.1921193839914405,-0.09567282776874336,5.0
0.14114114114114118,2.540547843423251,1.2430779010306097,-0.1759231467301699,-0.23140779492684274,-0.21957766154101008,-0.1918962408260015,-0.0950496401400844,5.0
0.14314314314314314,2.5401339679125674,1.2431963589613446,-0.17654575621403729,-0.23201878556065972,-0.21986038474300046,-0.19166864592995045,-0.09442838381814606,5.0
0.1451451451451451,2.539723952905078,1.243312964437809,-0.17716401473136398,-0.2326234672535104,-0.22013731231357814,-0.19143669640521924,-0.09380927761080939,5.0
0.14714714714714705,2.5393177764458015,1.243427756641514,-0.1777776827712478,-0.23322159628907327,-0.22040831832135846,-0.19120049490011765,-0.0931925496942846,5.0
0.14914914914914923,2.5389154211870806,1.243540773077288,-0.1783865096284203,-0.23381291842255197,-0.22067327252341037,-0.190960150229559,-0.09257843800136527,5.0
0.1511511511511512,2.5385168742283564,1.2436520496307186,-0.17899023362004854,-0.23439716929139717,-0.22093204090367385,-0.19071577799077694,-0.09196719057156118,5.0
0.15315315315315314,2.538122126940537,1.2437616206294007,-0.17958858234967062,-0.2349740748758476,-0.22118448623771092,-0.19046750116897443,-0.09135906585905494,5.0
0.1551551551551551,2.5377311747765976,1.243869518907304,-0.18018127301641096,-0.23554335200564258,-0.22143046867859525,-0.1902154507272303,-0.09075433299466439,5.0
0.15715715715715706,2.5373440170701578,1.2439757758715289,-0.1807680127672401,-0.2361047089088073,-0.2216698463584287,-0.18995976617495247,-0.0901532719982802,5.0
0.15915915915915924,2.5369606568238523,1.2440804215707548,-0.1813484990897212,-0.23665784579804514,-0.22190247599974366,-0.189700596109211,-0.08955617393858235,5.0
0.1611611611611612,2.536581100489344,1.244183484764653,-0.18192242024242952,-0.23720245549000127,-0.22212821353092646,-0.18943809872340936,-0.08896334103721466,5.0
0.16316316316316315,2.536205357740837,1.2442849929935897,-0.18248945572005054,-0.23773822405249023,-0.22234691469976892,-0.1891724422779485,-0.08837508671500612,5.0
0.1651651651651651,2.5358334412439096,1.244384972647955,-0.18304927675005156,-0.23826483147470512,-0.22255843567932765,-0.18890380552781524,-0.08779173557826653,5.0
0.16716716716716706,2.535465366421416,1.2444834490365047,-0.1836015468177897,-0.23878195235545718,-0.22276263366044058,-0.18863237810236053,-0.08721362334364167,5.0
0.16916916916916924,2.5351011512181225,1.244580446453153,-0.18414592221695575,-0.23928925660461522,-0.2229593674255114,-0.18835836083293434,-0.08664109670048617,5.0
0.1711711711711712,2.534740815865592,1.2446759882417162,-0.1846820526223631,-0.23978641015313054,-0.22314849789851604,-0.18808196602449184,-0.08607451311018824,5.0
0.17317317317317316,2.5343843826487062,1.2447700968581594,-0.18520958168226004,-0.24027307566732573,-0.2233298886665997,-0.18780341766777656,-0.0855142405423561,5.0
0.1751751751751751,2.5340318756750118,1.2448627939299974,-0.1857281476275694,-0.24074891326349218,-0.2235034064691159,-0.18752295158920781,-0.0849606571482411,5.0
0.17717717717717707,2.5336833206479077,1.2449541003125602,-0.18623738389573563,-0.2412135812192717,-0.22366892165048677,-0.18724081553614713,-0.08441415087222275,5.0
0.17917917917917925,2.533338744644471,1.2450440361419093,-0.18673691976716592,-0.24166673667876382,-0.22382630857383187,-0.18695726919577396,-0.08387511900260805,5.0
0.1811811811811812,2.5329981758985225,1.2451326208842892,-0.18722638101259134,-0.24210803634881123,-0.2239754459929052,-0.1866725841463618,-0.08334396766339915,5.0
0.18318318318318316,2.5326616435893126,1.2452198733820627,-0.18770539055002267,-0.24253713718443576,-0.22411621738048101,-0.1863870437402994,-0.08282111124905212,5.0
0.18518518518518512,2.53232917763601,1.245305811896153,-0.188173569110332,-0.2429536970619258,-0.2242485112119305,-0.18610094291873974,-0.08230697180458517,5.0
0.18718718718718708,2.532000808497977,1.2453904541451004,-0.1886305359108353,-0.24335737543859445,-0.22437222120332048,-0.18581458795827852,-0.08180197835369235,5.0
0.18918918918918926,2.5316765669806314,1.2454738173408924,-0.18907590933658056,-0.24374783399871922,-0.22448724650392107,-0.18552829615054828,-0.08130656617777887,5.0
0.1911911911911912,2.531356484046542,1.2455559182217866,-0.1895093076293423,-0.24412473728563483,-0.22459349184354602,-0.18524239541607584,-0.08082117604905714,5.0
0.19319319319319317,2.5310405906312496,1.2456367730824098,-0.18993034958458563,-0.2444877533203639,-0.22469086763562188,-0.18495722385416272,-0.08034625342102546,5.0
0.19519519519519513,2.5307289174632017,1.2457163978014278,-0.19033865525687452,-0.24483655420752767,-0.22477929003732788,-0.184673129230932,-0.0798822475797999,5.0
0.19719719719719708,2.5304214948871024,1.2457948078671435,-0.19073384667436183,-0.2451708167295749,-0.22485868096852354,-0.18439046840802342,-0.07942961075988629,5.0
0.19919919919919926,2.530118352689916,1.2458720184013796,-0.19111554856310106,-0.24549022293059755,-0.2249289680915022,-0.18410960671471377,-0.07898879722806014,5.0
0.20120120120120122,2.529819519928731,1.24594804418202,-0.19148338908196258,-0.2457944606911577,-0.22499008475387738,-0.18383091726650053,-0.07856026233908066,5.0
0.20320320320320318,2.529525024759713,1.2460228996645903,-0.19183700056891204,-0.24608322429563614,-0.2250419698971105,-0.1835547802334077,-0.07814446156699649,5.0
0.20520520520520513,2.5292348942673772,1.2460965990032362,-0.1921760202993288,-0.24635621499362662,-0.22508456793333567,-0.18328158206145598,-0.07774184951581362,5.0
0.2072072072072071,2.5289491542934943,1.24616915607146,-0.19250009125688886,-0.24661314155684208,-0.22511782859323307,-0.18301171465089486,-0.07735287891329244,5.0
0.20920920920920927,2.5286678292650264,1.2462405844829285,-0.1928088629173304,-0.24685372083287493,-0.2251417067477408,-0.182745574494918,-0.07697799959162412,5.0
0.21121121121121122,2.5283909420205832,1.2463108976126498,-0.19310199204515405,-0.24707767829696936,-0.2251561622063951,-0.18248356178268127,-0.07661765745871277,5.0
0.21321321321321318,2.5281185136350355,1.2463801086187742,-0.1933791435029974,-0.24728474860272345,-0.2251611594950447,-0.18222607947052477,-0.0762722934637594,5.0
0.21521521521521514,2.527850563242068,1.2464482304652214,-0.19363999107305727,-0.2474746761323494,-0.22515666761560965,-0.18197353232535535,-0.07594234256080999,5.0
0.21721721721721732,2.5275871078546,1.2465152759452955,-0.1938842182895376,-0.24764721554679364,-0.22514265979044684,-0.18172632594419583,-0.07562823267389636,5.0
0.21921921921921927,2.5273281621832018,1.2465812577064013,-0.19411151928067005,-0.24780213233565862,-0.22511911319376732,-0.18148486575393752,-0.07533038366736591,5.0
0.22122122122122123,2.5270737384527786,1.2466461882759108,-0.19432159961840595,-0.24793920336649328,-0.22508600867240397,-0.18124955599535772,-0.0750492063249647,5.0
0.2232232232232232,2.5268238462180097,1.2467100800881885,-0.19451417717340833,-0.24805821743261583,-0.22504333045808764,-0.18102079869547644,-0.07478510134120889,5.0
0.22522522522522515,2.5265784921781793,1.2467729455127161,-0.19468898297251216,-0.24815897579825086,-0.2249910658732405,-0.1807989926323397,-0.0745384583285553,5.0
0.22722722722722732,2.5263376799922312,1.2468347968832183,-0.19484576205534895,-0.2482412927393625,-0.2249292050321479,-0.18058453229631038,-0.07430965484385185,5.0
0.22922922922922928,2.5261014100950345,1.2468956465276302,-0.1949842743263875,-0.24830499607819756,-0.22485774053923813,-0.18037780685194751,-0.07409905543752641,5.0
0.23123123123123124,2.5258696795160063,1.2469555067987075,-0.19510429539821159,-0.24834992770920086,-0.22477666718607567,-0.180179199104537,-0.07390701072894224,5.0
0.2332332332332332,2.5256424817013734,1.2470143901050332,-0.19520561742145703,-0.2483759441136429,-0.2246859816485644,-0.17998908447531384,-0.07373385651131596,5.0
0.23523523523523515,2.525419806341478,1.2470723089421334,-0.19528804989646967,-0.24838291686001931,-0.2245856821857728,-0.1798078299893805,-0.07357991288955436,5.0
0.23723723723723733,2.5252016392046372,1.2471292759233878,-0.1953514204614312,-0.24837073308704585,-0.22447576834172578,-0.1796357932802771,-0.07344548345431633,5.0
0.2392392392392393,2.5249879619791353,1.2471853038103884,-0.19539557565143048,-0.24833929596587523,-0.22435624065146825,-0.17947332161509583,-0.07333085449554463,5.0
0.24124124124124124,2.524778752124996,1.2472404055423776,-0.19542038162275224,-0.24828852513803432,-0.2242271003526798,-0.17932075094394634,-0.07323629425863312,5.0
0.2432432432432432,2.524573982737196,1.247294594264387,-0.1954257248365002,-0.24821835712548984,-0.22408834910413286,-0.1791784049774799,-0.07316205224629935,5.0
0.24524524524524516,2.5243736224219973,1.2473478833536797,-0.19541151269558826,-0.24812874570922958,-0.22393998871231027,-0.1790465942960483,-0.07310835856911409,5.0
0.24724724724724734,2.5241776351880407,1.2474002864441134,-0.19537767412911175,-0.2480196622727824,-0.22378202086755106,-0.17892561549392857,-0.07307542334749888,5.0
0.2492492492492493,2.523985980353794,1.2474518174480367,-0.1953241601181562,-0.2478910961071838,-0.22361444689116686,-0.17881575036186245,-0.07306343616783569,5.0
0.25125125125125125,2.5237986124728744,1.2475024905753445,-0.1952509441572139,-0.24774305467404587,-0.22343726749505982,-0.17871726511095914,-0.07307256559513949,5.0
0.2532532532532532,2.523615481278648,1.2475523203493575,-0.19515802264556323,-0.24757556382359286,-0.22325048255548616,-0.17863040964077467,-0.07310295874452304,5.0
0.25525525525525516,2.5234365316493848,1.2476013216191861,-0.19504541520320537,-0.2473886679647651,-0.22305409090272751,-0.17855541685412618,-0.07315474091343406,5.0
0.25725725725725734,2.523261703595093,1.2476495095683164,-0.19491316490626934,-0.24718243018480138,-0.22284809012856982,-0.17849250202091171,-0.07322801527636626,5.0
0.2592592592592593,2.5230909322669763,1.2476968997191573,-0.19476133843715954,-0.2469569323160362,-0.22263247641362693,-0.17844186219289923,-0.07332286264344115,5.0
0.26126126126126126,2.5229241479902624,1.2477435079333703,-0.19459002614515208,-0.246712274948029,-0.2224072443766956,-0.1784036756711174,-0.0734393412839264,5.0
0.2632632632632632,2.5227612763209386,1.2477893504078308,-0.1943993420136183,-0.24644857738353063,-0.2221723869484717,-0.17837810152713543,-0.07357748681540092,5.0
0.26526526526526517,2.5226022381267033,1.2478344436661353,-0.1941894235305849,-0.24616597753722097,-0.22192789527209442,-0.17836527917915362,-0.07373731215890067,5.0
0.26726726726726735,2.52244694969221,1.2478788045456435,-0.19396043145990596,-0.2458646317765792,-0.22167375863312622,-0.17836532802346222,-0.07391880755998512,5.0
0.2692692692692693,2.5222953228484295,1.247922450180076,-0.19371254951092784,-0.245544714704684,-0.22140996442168437,-0.17837834712144865,-0.07412194067525443,5.0
0.27127127127127126,2.5221472651257213,1.2479653979777845,-0.1934459839051682,-0.24520641888518216,-0.2211364981295473,-0.1784044149419673,-0.0743466567234294,5.0
0.2732732732732732,2.5220026799299604,1.2480076655958456,-0.19316096283919185,-0.2448499545100779,-0.2208533433851297,-0.17844358915852393,-0.0745928786996808,5.0
0.2752752752752752,2.5218614667408197,1.248049270910213,-0.19285773584355734,-0.2444755490114129,-0.22056048202926945,-0.1784959065003852,-0.0748605076514697,5.0
0.27727727727727736,2.5217235213311007,1.2480902319822014,-0.19253657303840518,-0.2440834466182712,-0.22025789423478134,-0.17856138265640265,-0.0751494230137398,5.0
0.2792792792792793,2.521588736005769,1.248130567021648,-0.19219776428698201,-0.24367390786090345,-0.2199455586727013,-0.17864001223005022,-0.07545948300089184,5.0
0.28128128128128127,2.52145699985918,1.248170294347125,-0.19184161824910964,-0.24324720902405994,-0.21962345272807435,-0.17873176874392205,-0.07579052505257587,5.0
0.2832832832832832,2.52132819904878,1.2482094323436261,-0.1914684613373398,-0.2428036415518881,-0.21929155276800955,-0.1788366046917233,-0.0761423663299618,5.0
0.2852852852852852,2.521202217083441,1.2482479994181979,-0.19107863657925886,-0.2423435114069636,-0.21894983446454572,-0.178954451635627,-0.07651480425880379,5.0
0.28728728728728736,2.5210789351244425,1.2482860139539789,-0.190672502390128,-0.24186713838617108,-0.2185982731746228,-0.179085220346756,-0.07690761711529756,5.0
0.2892892892892893,2.5209582322970188,1.2483234942631565,-0.19025043126075902,-0.24137485539626624,-0.218236844379144,-0.17922880098649452,-0.07732056465045284,5.0
0.2912912912912913,2.5208399860103308,1.2483604585393409,-0.18981280836622696,-0.2408670076919841,-0.21786552418273097,-0.17938506332633933,-0.07775338874846928,5.0
0.29329329329329323,2.520724072283661,1.2483969248098579,-0.18936003010171254,-0.24034395207955148,-0.2174842898753144,-0.17955385700406173,-0.07820581411441652,5.0
0.2952952952952952,2.5206103660766273,1.2484329108884546,-0.18889250255243464,-0.23980605608839192,-0.2170931205561697,-0.1797350118140728,-0.07867754898638221,5.0
0.29729729729729737,2.520498741621227,1.248468434328878,-0.1884106399052854,-0.23925369711369474,-0.2166919978203912,-0.17992833803006597,-0.0791682858671739,5.0
0.2992992992992993,2.520389072753548,1.2485035123797883,-0.18791486281040579,-0.23868726153235306,-0.21628090650711215,-0.18013362675824163,-0.07967770227063642,5.0
0.3013013013013013,2.5202812332430695,1.2485381619413936,-0.18740559670153317,-0.23810714379457115,-0.2158598355079996,-0.18035065031969888,-0.08020546147768787,5.0
0.30330330330330324,2.520175097117537,1.2485723995241964,-0.18688327008451774,-0.2375137454932039,-0.21542877863371884,-0.1805791626609019,-0.08075121329727981,5.0
0.3053053053053052,2.520070538981516,1.2486062412101608,-0.18634831280392572,-0.23690747441263382,-0.21498773553514128,-0.1808188997914821,-0.08131459482765396,5.0
0.3073073073073074,2.519967434326841,1.2486397026165934,-0.18580115429812755,-0.2362887435587213,-0.21453671267509963,-0.18106958024901154,-0.08189523121350167,5.0
0.30930930930930933,2.5198656598333167,1.2486727988629482,-0.18524222185369388,-0.2356579701710903,-0.21407572434545918,-0.18133090559077017,-0.08249273639492746,5.0
0.3113113113113113,2.5197650936581595,1.2487055445407618,-0.18467193887029495,-0.23501557471876536,-0.213604793723205,-0.18160256091291102,-0.08310671384447856,5.0
0.31331331331331325,2.519665615712825,1.2487379536868228,-0.18409072314759575,-0.23436197987993612,-0.2131239539581424,-0.18188421539779628,-0.08373675728892295,5.0
0.3153153153153152,2.5195671079260173,1.2487700397596717,-0.18349898520586988,-0.23369760950644955,-0.21263324928368676,-0.18217552289060582,-0.0843824514129335,5.0
0.3173173173173174,2.5194694544918237,1.2488018156194762,-0.18289712665219884,-0.23302288757348982,-0.21213273614110967,-0.18247612250661618,-0.08504337254236621,5.0
0.31931931931931934,2.519372542102066,1.2488332935112667,-0.1822855386041712,-0.23233823711484397,-0.21162248430651512,-0.1827856392707678,-0.08571908930539517,5.0
0.3213213213213213,2.5192762601621226,1.2488644850514978,-0.18166460018294905,-0.23164407914416602,-0.2111025780087673,-0.18310368479129452,-0.08640916327038045,5.0
0.32332332332332325,2.519180500989587,1.2488954012178741,-0.18103467708740575,-0.23094083156275416,-0.21057311702561515,-0.18342985796925285,-0.08711314955999133,5.0
0.3253253253253252,2.519085159995289,1.2489260523423216,-0.18039612026075882,-0.2302289080545574,-0.21003421774435693,-0.1837637457457471,-0.08783059744177034,5.0
0.3273273273273274,2.5189901358463023,1.2489564481070012,-0.17974926466071847,-0.2295087169694345,-0.2094860141726136,-0.18410492388850874,-0.08856105089600358,5.0
0.32932932932932935,2.518895330610704,1.2489865975432104,-0.17909442814363222,-0.22878066019609664,-0.20892865888413403,-0.18445295781921553,-0.08930404916243416,5.0
0.3313313313313313,2.518800649883933,1.2490165090330243,-0.17843191047243293,-0.22804513202668106,-0.20836232388407303,-0.18480740348256022,-0.09005912726801854,5.0
0.33333333333333326,2.518706002896709,1.2490461903135088,-0.17776199245738508,-0.22730251801552248,-0.207787201377892,-0.18516780825756915,-0.09082581653855688,5.0
0.3353353353353352,2.518611302604554,1.2490756484833347,-0.17708493523767072,-0.2265531938353936,-0.2072035044279368,-0.18553371191104684,-0.0916036450976191,5.0
0.3373373373373374,2.518516465759046,1.2491048900116135,-0.17640097971076815,-0.22579752413527732,-0.20661146748189804,-0.18590464759229008,-0.09239213835672223,5.0
0.33933933933933935,2.5184214129610023,1.249133920748786,-0.1757103461153567,-0.22503586140458373,-0.20601134675772786,-0.18628014286737402,-0.09319081950117347,5.0
0.3413413413413413,2.5183260686958677,1.2491627459393813,-0.17501323377213418,-0.22426854484961714,-0.20540342047024632,-0.18665972079039445,-0.09399920997637146,5.0
0.34334334334334327,2.5182303613516486,1.2491913702364754,-0.17430982098547998,-0.22349589928900931,-0.20478798888557295,-0.1870429010080557,-0.09481682997962577,5.0
0.3453453453453452,2.518134223219783,1.2492197977176838,-0.17360026510734292,-0.22271823407573874,-0.20416537419070874,-0.1874292008929643,-0.09564319896271847,5.0
0.3473473473473474,2.5180375904794245,1.2492480319025199,-0.1728847027630972,-0.22193584205421255,-0.2035359201670613,-0.1878181366999268,-0.09647783615045857,5.0
0.34934934934934936,2.517940403165638,1.2492760757709622,-0.17216325023742032,-0.22114899856168066,-0.20289999165843678,-0.18820922473851323,-0.09732026108037801,5.0
0.3513513513513513,2.5178426051221074,1.2493039317830752,-0.17143600401651699,-0.22035796048393383,-0.20225797382602362,-0.18860198255413232,-0.09816999416846477,5.0
0.35335335335335327,2.5177441439389785,1.2493316018995415,-0.17070304148127224,-0.21956296537578576,-0.20161027118513475,-0.1889959301089338,-0.09902655730543135,5.0
0.35535535535535545,2.5176449708765443,1.2493590876029528,-0.16996442174419937,-0.21876423065721506,-0.20095730642094078,-0.18939059095301147,-0.09988947448745787,5.0
0.3573573573573574,2.5175450407755235,1.2493863899197353,-0.16922018662136695,-0.2179619528962244,-0.20029951898309523,-0.18978549337567915,-0.10075827248464996,5.0
0.35935935935935936,2.5174443119547547,1.2494135094425656,-0.16847036172889399,-0.21715630718942944,-0.19963736346197247,-0.19018017152604463,-0.10163248154959409,5.0
0.3613613613613613,2.517342746097187,1.249440446353165,-0.16771495769209782,-0.21634744665110198,-0.19897130775219043,-0.19057416649174355,-0.10251163616740651,5.0
0.3633633633633633,2.517240308125109,1.2494672004453395,-0.16695397145402172,-0.2155355020208419,-0.19830183101211948,-0.1909670273245436,-0.10339527584755409,5.0
0.36536536536536546,2.5171369660656175,1.2494937711481617,-0.16618738766885818,-0.21472058139923966,-0.1976294214311314,-0.19135831200159606,-0.10428294595650398,5.0
0.3673673673673674,2.517032690907378,1.2495201575491799,-0.16541518016476459,-0.21390277011980377,-0.19695457381938453,-0.19174758831141345,-0.10517419858894611,5.0
0.36936936936936937,2.516927456449804,1.2495463584175535,-0.16463731345974839,-0.21308213076407967,-0.19627778703789356,-0.19213443465419458,-0.10606859347396091,5.0
0.37137137137137133,2.5168212391458087,1.249572372227024,-0.16385374431370725,-0.2122587033252986,-0.19559956128946485,-0.19251844074689317,-0.10696569891109482,5.0
0.3733733733733733,2.516714017939338,1.2495981971786272,-0.16306442329934837,-0.21143250552407117,-0.194920395293713,-0.19289920822443443,-0.1078650927298958,5.0
0.37537537537537546,2.5166057740989336,1.2496238312230683,-0.16226929637460033,-0.21060353327763817,-0.19424078337176573,-0.19327635112969732,-0.10876636326507583,5.0
0.3773773773773774,2.516496491048591,1.2496492720826808,-0.1614683064392656,-0.20977176132202474,-0.19356121246836275,-0.1936494962862892,-0.10966911033814924,5.0
0.3793793793793794,2.516386154197205,1.2496745172729185,-0.16066139485904785,-0.20893714398418148,-0.1928821591407993,-0.19401828354970344,-0.1105729462351718,5.0
0.38138138138138133,2.5162747507678933,1.2496995641232969,-0.1598485029407129,-0.2080996160988609,-0.19220408654551954,-0.19438236593414437,-0.1114774966691152,5.0
0.3833833833833833,2.5161622696284884,1.2497244097977553,-0.15902957334300236,-0.20725909406265597,-0.19152744145409298,-0.19474140961408387,-0.11238240171448698,5.0
0.38538538538538547,2.5160487011244594,1.2497490513143832,-0.15820455140898912,-0.2064154770153457,-0.1908526513307633,-0.19509509380143714,-0.11328731670107291,5.0
0.3873873873873874,2.515934036915494,1.2497734855644875,-0.15737338640683332,-0.2055686481365285,-0.19018012150374414,-0.19544311050107996,-0.11419191305317086,5.0
0.3893893893893894,2.515818269816923,1.2497977093309587,-0.1565360326673367,-0.20471847604352494,-0.1895102324619042,-0.19578516414920247,-0.11509587906041929,5.0
0.39139139139139134,2.515701393647105,1.2498217193059242,-0.15569245060827494,-0.20386481627474617,-0.1888433373074649,-0.19612097114070595,-0.11599892056631944,5.0
0.3933933933933933,2.515583403081805,1.2498455121076777,-0.1548426076371886,-0.2030075128412143,-0.18817975939380857,-0.19645025925340814,-0.1169007615608183,5.0
0.3953953953953955,2.515464293516509,1.249869084296867,-0.15398647892609346,-0.20214639982771174,-0.18751979017548573,-0.19677276697823268,-0.11780114466386572,5.0
0.39739739739739743,2.515344060937528,1.2498924323919467,-0.15312404805340657,-0.20128130302416677,-0.18686368729505254,-0.19708824276575795,-0.11869983148767965,5.0
0.3993993993993994,2.515222701802606,1.249915552883897,-0.15225530751023916,-0.20041204156738904,-0.18621167292848562,-0.19739644420047983,-0.11959660286654188,5.0
0.40140140140140135,2.515100212931636,1.2499384422502133,-0.1513802590700507,-0.19953842957314313,-0.18556393240766664,-0.1976971371148691,-0.12049125894428692,5.0
0.4034034034034033,2.514976591407959,1.2499610969681838,-0.15049891402246166,-0.19866027773881653,-0.18492061313485172,-0.19799009465577175,-0.12138361911121272,5.0
0.4054054054054055,2.5148518344905684,1.249983513527464,-0.14961129327375547,-0.1977773948975787,-0.18428182380020047,-0.19827509631589532,-0.12227352178391147,5.0
0.40740740740740744,2.5147259395374277,1.2500056884419726,-0.14871742731823812,-0.19688958950593563,-0.18364763390940994,-0.19855192694305823,-0.12316082402345487,5.0
0.4094094094094094,2.514598903939949,1.2500276182611223,-0.1478173560861471,-0.1959966710479251,-0.18301807362434164,-0.1988203757395496,-0.1240454009894303,5.0
0.41141141141141135,2.5144707250685565,1.250049299580414,-0.14691112867518213,-0.19509845134083903,-0.18239313391532178,-0.19908023526337382,-0.12492714522947454,5.0
0.4134134134134133,2.5143414002291244,1.2500707290514124,-0.14599880297396461,-0.19419474572926435,-0.1817727670196202,-0.1993313004423656,-0.12580596580614337,5.0
0.4154154154154155,2.5142109266299646,1.2500919033911295,-0.14508044518679353,-0.19328537415634275,-0.18115688719652778,-0.19957336761117464,-0.12668178726514187,5.0
0.41741741741741745,2.514079301358916,1.2501128193908408,-0.14415612926995874,-0.19237016210342125,-0.18054537176555055,-0.1998062335799649,-0.12755454845107675,5.0
0.4194194194194194,2.5139465213700007,1.2501334739243586,-0.14322593629057848,-0.19144894139163685,-0.17993806241056895,-0.20002969474240356,-0.1284242011789329,5.0
0.42142142142142136,2.5138125834790195,1.2501538639557834,-0.14228995371945172,-0.1905215508413929,-0.17933476672945325,-0.20024354622913967,-0.12929070877137927,5.0
0.4234234234234233,2.5136774843673892,1.2501739865467707,-0.1413482746697633,-0.18958783678809363,-0.17873526000562956,-0.20044758111155164,-0.13015404447373305,5.0
0.4254254254254255,2.513541220593481,1.250193838863322,-0.14040099709363474,-0.18864765345483614,-0.17813928717549982,-0.2006415896590969,-0.131014189759923,5.0
0.42742742742742745,2.513403788610658,1.250213418182142,-0.13944822294850703,-0.18770086318498996,-0.17754656496348908,-0.20082535865217746,-0.1318711325440607,5.0
0.4294294294294294,2.513265184791214,1.2502327218965825,-0.13849005734516354,-0.1867473365396517,-0.17695678415483634,-0.20099867075105332,-0.132724865313227,5.0
0.43143143143143137,2.5131254054553724,1.2502517475222124,-0.13752660768886743,-0.18578695226682956,-0.17636961197509404,-0.20116130392004178,-0.13357538319779824,5.0
0.4334334334334333,2.5129844469045324,1.250270492702053,-0.1365579828246151,-0.1848195971508449,-0.175784694544662,-0.2013130309050487,-0.13442268199605034,5.0
0.4354354354354355,2.512842305457933,1.2502889552115362,-0.13558429219689883,-0.1838451657518138,-0.1752016593765495,-0.20145361876140766,-0.13526675616989767,5.0
0.43743743743743746,2.5126989774919335,1.2503071329632556,-0.13460564503365324,-0.1828635600461783,-0.1746201178859277,-0.2015828284280753,-0.1361075968284362,5.0
0.4394394394394394,2.5125544594811062,1.2503250240116017,-0.13362214956323742,-0.1818746889800829,-0.17403966788087813,-0.2017004143434566,-0.13694518971548664,5.0
0.4414414414414414,2.5124087480403574,1.2503426265574191,-0.13263391227240037,-0.1808784679479338,-0.17345989600503922,-0.2018061240975149,-0.13777951321658227,5.0
0.44344344344344333,2.512261839967291,1.2503599389528344,-0.1316410372122073,-0.17987481820874876,-0.17288038010454762,-0.20189969811436156,-0.13861053639983717,5.0
0.4454454454454455,2.5121137322840315,1.2503769597064749,-0.13064362535787924,-0.1788636662529131,-0.1723006914937379,-0.20198086935922005,-0.1394382171038948,5.0
0.44744744744744747,2.511964422277715,1.250393687489331,-0.129641774027448,-0.1778449431317198,-0.17172039709643822,-0.20204936306350776,-0.14026250008471783,5.0
0.4494494494494494,2.5118139075388473,1.2504101211415686,-0.12863557636305784,-0.17681858376162027,-0.1711390614423324,-0.20210489646176877,-0.14108331523137635,5.0
0.4514514514514514,2.51166218599674,1.2504262596806426,-0.1276251208776774,-0.17578452621446314,-0.17055624850068674,-0.20214717853431105,-0.141900575859252,5.0
0.45345345345345334,2.5115092559512426,1.2504421023110894,-0.12661049106893632,-0.174742711004193,-0.16997152333671145,-0.20217590974964023,-0.14271417708724665,5.0
0.4554554554554555,2.511355116100027,1.2504576484363954,-0.1255917651007892,-0.17369308037954972,-0.16938445357887721,-0.20219078180111724,-0.1435239943036946,5.0
0.4574574574574575,2.5111997655608005,1.2504728976732955,-0.1245690155527408,-0.17263557763127294,-0.16879461068857415,-0.20219147733268902,-0.14432988172377076,5.0
0.45945945945945943,2.5110432038879322,1.250487849868811,-0.12354230923546458,-0.17157014642122848,-0.16820157102653865,-0.20217766964903502,-0.14513167103929628,5.0
0.4614614614614614,2.510885431083233,1.250502505120208,-0.12251170707081789,-0.1704967301397453,-0.16760491671342254,-0.20214902240600838,-0.1459291701600063,5.0
0.46346346346346334,2.5107264476009044,1.2505168637978816,-0.12147726403350706,-0.1694152712963186,-0.16700423628468464,-0.2021051892778304,-0.1467221620435865,5.0
0.4654654654654655,2.510566254347058,1.2505309265709552,-0.12043902915099985,-0.16832571094772192,-0.16639912514261543,-0.20204581359807922,-0.1475104036101386,5.0
0.4674674674674675,2.510404852674649,1.2505446944351044,-0.11939704555771122,-0.16722798816649312,-0.16578918581070665,-0.20197052797210516,-0.14829362473522012,5.0
0.46946946946946944,2.510242244375155,1.250558168741796,-0.11835135059901734,-0.16612203955173102,-0.16517402799772166,-0.20187895385906685,-0.14907152731424,5.0
0.4714714714714714,2.51007843166882,1.2505713512278354,-0.11730197598026496,-0.16500779878317703,-0.16455326848067844,-0.20177070112230927,-0.1498437843897879,5.0
0.47347347347347357,2.509913417195763,1.2505842440437955,-0.1162489479556435,-0.16388519621865294,-0.16392653081750092,-0.20164536754727627,-0.15061003933244668,5.0
0.47547547547547553,2.5097472040105893,1.250596849779672,-0.11519228755156893,-0.16275415853409922,-0.16329344490130884,-0.20150253832654563,-0.1513699050647775,5.0
0.4774774774774775,2.509579795583382,1.250609171485948,-0.11413201081907516,-0.1616146084046908,-0.162653646369195,-0.20134178551189427,-0.152122963317484,5.0
0.47947947947947944,2.5094111958099576,1.2506212126882368,-0.11306812910962873,-0.16046646422481708,-0.16200677587888127,-0.20116266743352018,-0.1528687639062417,5.0
0.4814814814814814,2.5092414090340385,1.2506329773937883,-0.11200064936875403,-0.1593096398640807,-0.16135247826685714,-0.2009647280866715,-0.15360682401732179,5.0
0.4834834834834836,2.5090704400835033,1.2506444700884534,-0.11092957444188471,-0.15814404445590857,-0.16069040160150821,-0.20074749648595563,-0.15433662748992702,5.0
0.48548548548548554,2.5088982943221225,1.2506556957231372,-0.10985490338693446,-0.15696958221487692,-0.16002019614435883,-0.20051048598753046,-0.15505762408308477,5.0
0.4874874874874875,2.508724977717187,1.2506666596893958,-0.10877663178820882,-0.15578615227843362,-0.1593415132319231,-0.20025319357922672,-0.15576922871499513,5.0
0.48948948948948945,2.5085504969222985,1.250677367784519,-0.10769475206645723,-0.15459364856836416,-0.15865400408981706,-0.19997509913842704,-0.15647082066290013,5.0
0.4914914914914914,2.508374859373336,1.2506878261671968,-0.10660925378009406,-0.15339195966709898,-0.15795731858977596,-0.1996756646572509,-0.15716174271180125,5.0
0.4934934934934936,2.508198073394417,1.2506980413055906,-0.10552012391289974,-0.15218096870380773,-0.15725110395909855,-0.1993543334342977,-0.15784130024071136,5.0
0.49549549549549554,2.5080201483095794,1.2507080199202691,-0.1044273471438469,-0.15096055324517135,-0.15653500345083712,-0.1990105292318805,-0.15850876023554913,5.0
0.4974974974974975,2.5078410945550904,1.2507177689249387,-0.10333090609508257,-0.14973058518577254,-0.15580865498182345,-0.1986436553973843,-0.1591633502182732,5.0
0.49949949949949946,2.507660923786771,1.2507272953681385,-0.10223078155451976,-0.14849093063318625,-0.15507168974438398,-0.19825309394709398,-0.1598042570823774,5.0
0.5015015015015014,2.507479648976636,1.2507366063790955,-0.1011269526699509,-0.14724144978308198,-0.15432373079639566,-0.19783820461058724,-0.16043062582542142,5.0
0.5035035035035036,2.507297284493426,1.2507457091206138,-0.10001939711206456,-0.14598199677993848,-0.1535643916331678,-0.1973983238335544,-0.1610415581698195,5.0
0.5055055055055055,2.507113846162305,1.2507546107514091,-0.09890809120421414,-0.1447124195593093,-0.1527932747435209,-0.19693276373670848,-0.1616361110636445,5.0
0.5075075075075075,2.506929351300006,1.2507633183995042,-0.0977930100172263,-0.1434325596679247,-0.15200997015136733,-0.19644081102824895,-0.16221329505368792,5.0
0.5095095095095095,2.5067438187229434,1.2507718391474447,-0.09667412742792456,-0.14214225205823974,-0.15121405394306586,-0.19592172586714124,-0.16277207252342962,5.0
0.5115115115115114,2.506557268727157,1.2507801800291345,-0.09555141614035978,-0.14084132485432152,-0.1504050867798207,-0.19537474067423968,-0.1633113557888933,5.0
0.5135135135135136,2.506369723040267,1.2507883480371111,-0.09442484766896418,-0.13952959908616597,-0.14958261239340082,-0.19479905888800034,-0.16383000504556325,5.0
0.5155155155155156,2.5061812047468046,1.2507963501382569,-0.09329439228296113,-0.13820688838963363,-0.14874615606246372,-0.19419385366118228,-0.16432682615960073,5.0
0.5175175175175175,2.505991738189182,1.2508041932951934,-0.09216001891136724,-0.13687299866917865,-0.14789522306576386,-0.19355826649450367,-0.16480056829651746,5.0
0.5195195195195195,2.505801348847159,1.2508118844901286,-0.09102169500780867,-0.13552772772040222,-0.14702929710751292,-0.19289140580270284,-0.16524992138021025,5.0
0.5215215215215214,2.505610063198869,1.250819430747628,-0.08987938637414894,-0.1341708648092037,-0.14614783870913642,-0.19219234540783936,-0.1656735133748564,5.0
0.5235235235235236,2.50541790856628,1.2508268391527397,-0.08873305694160225,-0.13280219020392656,-0.14525028356065128,-0.1914601229539758,-0.1660699073815947,5.0
0.5255255255255256,2.5052249129474484,1.2508341168610349,-0.08758266850759794,-0.1314214746564287,-0.14433604082388404,-0.190693738236601,-0.16643759854119725,5.0
0.5275275275275275,2.505031104837087,1.2508412710974504,-0.08642818042619409,-0.13002847882746266,-0.14340449137878045,-0.18989215143931518,-0.16677501073307505,5.0
0.5295295295295295,2.504836513035915,1.2508483091412255,-0.08526954924932191,-0.12862295265114884,-0.14245498600313333,-0.18905428126940632,-0.16708049305997125,5.0
0.5315315315315314,2.5046411664480877,1.2508552382947111,-0.08410672831560488,-0.12720463463268447,-0.14148684347519974,-0.18817900298301796,-0.16735231610661083,5.0
0.5335335335335336,2.5044450938647334,1.2508620658342657,-0.08293966728294291,-0.12577325107276238,-0.1404993485878827,-0.18726514628965477,-0.1675886679593881,5.0
0.5355355355355356,2.504248323730414,1.2508687989418765,-0.08176831160049464,-0.12432851521148104,-0.1394917500624237,-0.18631149312480227,-0.1677876499729154,5.0
0.5375375375375375,2.5040508838881403,1.2508754446164472,-0.08059260191512561,-0.12287012628380133,-0.13846325834886222,-0.18531677527844492,-0.16794727226792755,5.0
0.5395395395395395,2.503852801297507,1.2508820095638662,-0.07941247340680581,-0.12139776847783117,-0.1374130432998401,-0.18427967186624966,-0.16806544894363268,5.0
0.5415415415415414,2.50365410171956,1.2508885000650267,-0.07822785504682284,-0.11991110978637298,-0.13634023170361267,-0.1831988066291284,-0.168139992986115,5.0
0.5435435435435436,2.5034548093611555,1.2508949218208394,-0.07703866877199325,-0.11840980074120666,-0.13524390466131422,-0.1820727450457614,-0.16816861085279838,5.0
0.5455455455455456,2.503254946470816,1.2509012797730532,-0.07584482856727622,-0.11689347301847232,-0.1341230947925433,-0.18089999124144357,-0.16814889671123862,5.0
0.5475475475475475,2.503054532877372,1.2509075778992926,-0.07464623944827999,-0.11536173790220752,-0.13297678325210577,-0.17967898467523677,-0.16807832630856573,5.0
0.5495495495495495,2.5028535854619283,1.2509138189802569,-0.07344279633406786,-0.11381418459154553,-0.13180389653919303,-0.1784080965858307,-0.16795425044568618,5.0
0.5515515515515514,2.502652117552885,1.2509200043364246,-0.07223438279937416,-0.11225037833523925,-0.13060330307831386,-0.177085626174653,-0.16777388802779605,5.0
0.5535535535535536,2.502450138232738,1.2509261335309367,-0.07102086969380936,-0.11066985837501317,-0.12937380954886052,-0.1757097965025449,-0.16753431865977061,5.0
0.5555555555555556,2.502247651544225,1.2509322040344923,-0.06980211361383873,-0.10907213567671666,-0.1281141569372352,-0.1742787500736416,-0.16723247475150999,5.0
0.5575575575575575,2.5020446555819245,1.2509382108470242,-0.06857795521124688,-0.10745669042532355,-0.12682301628193854,-0.17279054407684757,-0.16686513309425643,5.0
0.5595595595595595,2.5018411414535393,1.2509441460695445,-0.06734821731943214,-0.1058229692564418,-0.12549898407790136,-0.1712431452513509,-0.16642890586419637,5.0
0.5615615615615615,2.5016370920922824,1.2509499984177141,-0.06611270287618883,-0.10417038219309564,-0.1241405773015792,-0.16963442433781092,-0.16592023100425393,5.0
0.5635635635635636,2.501432480897305,1.2509557526662498,-0.0648711926185971,-0.10249829925201669,-0.12274622801287989,-0.1679621500710048,-0.16533536192883133,5.0
0.5655655655655656,2.501227270171815,1.2509613890096805,-0.06362344252221318,-0.10080604667841998,-0.12131427748379871,-0.1662239826626371,-0.16467035648927844,5.0
0.5675675675675675,2.5010214093167873,1.2509668823188962,-0.06236918095288822,-0.09909290276211466,-0.11984296979663447,-0.16441746671453314,-0.16392106513005741,5.0
0.5695695695695695,2.5008148327193527,1.2509722012618465,-0.06110810549517649,-0.09735809318065171,-0.11833044484674221,-0.16254002349234667,-0.16308311815677562,5.0
0.5715715715715715,2.500607457243641,1.2509773072361006,-0.05983987941627675,-0.09560078580678047,-0.11677473067569996,-0.16058894247789993,-0.1621519120272193,5.0
0.5735735735735736,2.500399179176343,1.2509821530236211,-0.05856412771850481,-0.09382008490732334,-0.11517373504999535,-0.15856137210371124,-0.16112259456454864,5.0
0.5755755755755756,2.500189870376064,1.2509866810115446,-0.05728043272594269,-0.09201502464792022,-0.11352523618689626,-0.15645430955496586,-0.15999004897652544,5.0
0.5775775775775776,2.499979373181355,1.2509908207037805,-0.05598832914147065,-0.09018456180186231,-0.11182687251153099,-0.1542645895001752,-0.1587488765435694,5.0
0.5795795795795795,2.4997674932708405,1.2509944850307242,-0.054687298498025595,-0.08832756753998386,-0.11007613130517757,-0.15198887157889057,-0.15739337780744242,5.0
0.5815815815815815,2.4995539890057024,1.2509975645576974,-0.05337676291152399,-0.08644281815025492,-0.1082703360710252,-0.14962362642789592,-0.1559175320444557,5.0
0.5835835835835836,2.4993385545732303,1.2509999179261728,-0.05205607802056488,-0.08452898449671206,-0.10640663239441583,-0.14716511995685141,-0.15431497472983646,5.0
0.5855855855855856,2.499120792021808,1.251001355423672,-0.05072452496601429,-0.08258461997045738,-0.10448197199859025,-0.14460939547233329,-0.15257897257018913,5.0
0.5875875875875876,2.498900163136221,1.2510016099047838,-0.04938130121439993,-0.08060814659648616,-0.1024930945727447,-0.14195225306131756,-0.1507023954558772,5.0
0.5895895895895895,2.4986759043561584,1.2510002843446226,-0.0480255099492428,-0.07859783881334624,-0.10043650673769884,-0.13918922531912975,-0.14867768428658487,5.0
0.5915915915915915,2.4984468734568392,1.2509967561721371,-0.046656147621324424,-0.07655180419406933,-0.09830845714796209,-0.1363155479336765,-0.14649681291297736,5.0
0.5935935935935936,2.4982112697405316,1.2509900015823494,-0.04527208902438208,-0.07446795995173083,-0.0961049060909691,-0.13332612262838356,-0.144151241172785,5.0
0.5955955955955956,2.4979661194701803,1.2509782714716635,-0.04387206887945216,-0.07234400333961766,-0.09382148682913337,-0.13021546818856367,-0.14163185375369142,5.0
0.5975975975975976,2.4977063256641823,1.2509584918553829,-0.04245465824326727,-0.07017737277251894,-0.09145345396489028,-0.1269776521565512,-0.13892887562935077,5.0
0.5995995995995995,2.4974229097946714,1.2509251523276792,-0.04101823286782545,-0.06796519421587201,-0.08899561061208636,-0.123606190217302,-0.136031747738915,5.0
0.6016016016016015,2.497099754777025,1.250868243487551,-0.039560928501973965,-0.065704203311497,-0.0864421999104493,-0.12009389043272163,-0.13292893403752712,5.0
0.6036036036036037,2.4967075690076284,1.250769429501288,-0.03808057429714758,-0.06339062643972435,-0.08378673530427996,-0.11643260207951181,-0.12960760892372336,5.0
0.6056056056056056,2.4961927016057377,1.2505949503307818,-0.03657458868310903,-0.06101999108640489,-0.08102172441929023,-0.11261279841451684,-0.12605313539264265,5.0
0.6076076076076076,2.4954564367391723,1.2502824753568078,-0.03503981010929732,-0.05858681345768403,-0.07813820727527193,-0.10862287012242407,-0.12224817761743537,5.0
0.6096096096096095,2.494316749533443,1.2497168016004154,-0.033472214067755295,-0.05608407245096737,-0.07512497105116263,-0.10444791687541032,-0.11817117897675666,5.0
0.6116116116116117,2.492437975238172,1.2486850805669523,-0.03186643147821996,-0.053502312917047996,-0.07196720532031456,-0.1000676767134903,-0.11379375185832002,5.0
0.6136136136136137,2.4892024939726203,1.246794824938955,-0.030214922840994776,-0.050828112734807064,-0.06864420356780243,-0.0954530009815629,-0.10907623964074732,5.0
0.6156156156156156,2.4834800089610973,1.2433254155516384,-0.02850656957229996,-0.048041486037418056,-0.06512548606948677,-0.09055995661925517,-0.10396031970507799,5.0
0.6176176176176176,2.473223894946698,1.2369647110428255,-0.026724327276541306,-0.0451116016361892,-0.06136445970841558,-0.08532030167478001,-0.0983571436398241,5.0
0.6196196196196195,2.454801792657131,1.225360045221581,-0.02484152089343838,-0.04199012661682461,-0.057288700388599366,-0.07962715374894086,-0.09212972897321917,5.0
0.6216216216216217,2.422003266114469,1.2044110997887876,-0.022816635309984228,-0.03860212174729373,-0.052787040906248556,-0.07331655169159518,-0.08507096718975032,5.0
0.6236236236236237,2.3649300907235773,1.1673354695691274,-0.020587911219298084,-0.034837298078044074,-0.047698292243395855,-0.06615294875636231,-0.0768883529117359,5.0
0.6256256256256256,2.2698174077372992,1.1039553735598082,-0.018073585012761084,-0.030552889965949705,-0.041819312202945956,-0.0578461335026895,-0.06723135907638489,5.0
0.6276276276276276,2.1224334734023915,1.001658388866686,-0.015193349896488597,-0.025616314600676534,-0.034974130152699456,-0.04816100020169837,-0.05583799028598115,5.0
0.6296296296296295,1.9182189929312157,0.8506998485469585,-0.011936553495454237,-0.02002967392673403,-0.027200305587621123,-0.037194750884096975,-0.04288397207405852,5.0
0.6316316316316317,1.6760372050947923,0.6552740570605838,-0.00848187904128193,-0.014133344039522116,-0.019031370291303855,-0.025767688425357857,-0.029441073053868727,5.0
0.6336336336336337,1.4392185354930904,0.4436520581646758,-0.00526940513547023,-0.008704558272259848,-0.01159419942860964,-0.015503337840991017,-0.017502973019158565,5.0
0.6356356356356356,1.2514995253265655,0.26000188269340724,-0.0028166354016405273,-0.004611228508962029,-0.006072429933685791,-0.008009674718057096,-0.008928487904617395,5.0
0.6376376376376376,1.129403354904878,0.13401935550748456,-0.0013239371216928672,-0.002151085491030377,-0.0028064356370638534,-0.003655329198034584,-0.004032839711740616,5.0
0.6396396396396395,1.0617029995963427,0.06327521494409152,-0.0005763079547724916,-0.0009315278455042088,-0.001208361990286458,-0.001558592163994687,-0.0017094883762061763,5.0
0.6416416416416417,1.0280851978816146,0.02848898301926189,-0.00024389692516312608,-0.0003930572164708233,-0.0005085343964377879,-0.0006515737441252729,-0.0007131690762995858,5.0
0.6436436436436437,1.0124647810464964,0.012549162458804611,-0.00010302457299967852,-0.00016573304042074883,-0.00021420214785157718,-0.00027310002656515163,-0.0002987178697751417,5.0
0.6456456456456456,1.0054626400192412,0.0054764710481252045,-4.38767348289814e-05,-7.044646084824804e-05,-9.094285580546147e-05,-0.00011531156352760629,-0.00012588846509252436,5.0
0.6476476476476476,1.0023796066836939,0.0023805977725233035,-1.889867105261416e-05,-3.074665712367776e-05,-3.955919234982388e-05,-4.9707004338818716e-05,-5.392387905824132e-05,5.0
0.6496496496496496,1.0010336864213385,0.0010330854664597755,-7.917823501702733e-06,-1.2982707257600342e-05,-2.019949233973474e-05,-2.503731500234729e-05,-2.6760050537121083e-05,2.0
0.6516516516516517,1.0004484345890632,0.00044796537231165534,-2.794561713038864e-06,-3.6020210466978182e-06,0.0,0.0,0.0,0.0
0.6536536536536537,1.00019441237104,0.0001941662307182555,-7.005209178325379e-07,-3.3286377119695745e-07,0.0,0.0,0.0,0.0
0.6556556556556556,1.0000842542456376,8.413918103508391e-05,-1.6311819741341144e-07,-1.4449926608455603e-07,0.0,0.0,0.0,0.0
0.6576576576576576,1.0000365059755025,3.645456599105534e-05,-7.462239189750843e-08,-6.260265733783801e-08,0.0,0.0,0.0,0.0
0.6596596596596596,1.0000158149020464,1.5792321810997596e-05,0.0,0.0,0.0,0.0,0.0,0.0
0.6616616616616617,1.0000068503224013,6.8404888667429835e-06,0.0,0.0,0.0,0.0,0.0,0.0
0.6636636636636637,1.0000029668979107,2.9626296774356623e-06,0.0,0.0,0.0,0.0,0.0,0.0
0.6656656656656657,1.0000012848235014,1.2829735315078535e-06,0.0,0.0,0.0,0.0,0.0,0.0
0.6676676676676676,1.0000005563326597,5.555313691430316e-07,0.0,0.0,0.0,0.0,0.0,0.0
0.6696696696696696,1.000000240866396,2.4051944896596336e-07,0.0,0.0,0.0,0.0,0.0,0.0
0.6716716716716717,1.0000001042722064,1.0412201565941868e-07,0.0,0.0,0.0,0.0,0.0,0.0
0.6736736736736737,1.0000000451348108,4.5069804680440224e-08,0.0,0.0,0.0,0.0,0.0,0.0
0.6756756756756757,1.000000019534639,1.9506506540028898e-08,0.0,0.0,0.0,0.0,0.0,0.0
0.6776776776776776,1.000000008453758,8.441584791188644e-09,0.0,0.0,0.0,0.0,0.0,0.0
0.6796796796796796,1.0000000036580097,3.6527427618489425e-09,0.0,0.0,0.0,0.0,0.0,0.0
0.6816816816816818,1.0000000015826702,1.5803917168639471e-09,0.0,0.0,0.0,0.0,0.0,0.0
0.6836836836836837,1.000000000684678,6.836926418220189e-10,0.0,0.0,0.0,0.0,0.0,0.0
0.6856856856856857,1.0000000002961642,2.9573826307953346e-10,0.0,0.0,0.0,0.0,0.0,0.0
0.6876876876876876,1.000000000128094,1.2790998068379965e-10,0.0,0.0,0.0,0.0,0.0,0.0
0.6896896896896896,1.0000000000553955,5.531606141734023e-11,0.0,0.0,0.0,0.0,0.0,0.0
0.6916916916916918,1.0000000000239535,2.3919257318313902e-11,0.0,0.0,0.0,0.0,0.0,0.0
0.6936936936936937,1.0000000000103564,1.0341722114778844e-11,0.0,0.0,0.0,0.0,0.0,0.0
0.6956956956956957,1.000000000004477,4.470783571074779e-12,0.0,0.0,0.0,0.0,0.0,0.0
0.6976976976976976,1.0000000000019351,1.932476764384351e-12,0.0,0.0,0.0,0.0,0.0,0.0
0.6996996996996996,1.0000000000008362,8.351815535575412e-13,0.0,0.0,0.0,0.0,0.0,0.0
0.7017017017017018,1.0000000000003613,3.6088007459809656e-13,0.0,0.0,0.0,0.0,0.0,0.0
0.7037037037037037,1.0000000000001559,1.558400968353147e-13,0.0,0.0,0.0,0.0,0.0,0.0
0.7057057057057057,1.0000000000000673,6.725494318302914e-14,0.0,0.0,0.0,0.0,0.0,0.0
0.7077077077077076,1.000000000000029,2.90140153685197e-14,0.0,0.0,0.0,0.0,0.0,0.0
0.7097097097097096,1.0000000000000124,1.2484077355956634e-14,0.0,0.0,0.0,0.0,0.0,0.0
0.7117117117117118,1.0000000000000053,5.330773717452224e-15,0.0,0.0,0.0,0.0,0.0,0.0
0.7137137137137137,1.0000000000000022,2.228284088330496e-15,0.0,0.0,0.0,0.0,0.0,0.0
0.7157157157157157,1.0000000000000009,9.133766271842597e-16,0.0,0.0,0.0,0.0,0.0,0.0
0.7177177177177176,1.0000000000000002,3.6094367135716836e-16,0.0,0.0,0.0,0.0,0.0,0.0
0.7197197197197196,1.0,1.154319673224092e-16,0.0,0.0,0.0,0.0,0.0,0.0
0.7217217217217218,1.0,2.3689947191499864e-17,0.0,0.0,0.0,0.0,0.0,0.0
0.7237237237237237,1.0,5.257361216278513e-18,0.0,0.0,0.0,0.0,0.0,0.0
0.7257257257257257,1.0,1.0738510335129188e-18,0.0,0.0,0.0,0.0,0.0,0.0
0.7277277277277276,1.0,2.2427641946431104e-19,0.0,0.0,0.0,0.0,0.0,0.0
0.7297297297297298,1.0,4.7131434299036945e-20,0.0,0.0,0.0,0.0,0.0,0.0
0.7317317317317318,1.0,1.00734383626749e-20,0.0,0.0,0.0,0.0,0.0,0.0
0.7337337337337337,1.0,2.1385002069194298e-21,0.0,0.0,0.0,0.0,0.0,0.0
0.7357357357357357,1.0,4.530943075987288e-22,0.0,0.0,0.0,0.0,0.0,0.0
0.7377377377377377,1.0,9.634815604702068e-23,0.0,0.0,0.0,0.0,0.0,0.0
0.7397397397397398,1.0,2.057301156680916e-23,0.0,0.0,0.0,0.0,0.0,0.0
0.7417417417417418,1.0,4.4017987951157104e-24,0.0,0.0,0.0,0.0,0.0,0.0
0.7437437437437437,1.0,9.413431936472006e-25,0.0,0.0,0.0,0.0,0.0,0.0
0.7457457457457457,1.0,2.0097558709081085e-25,0.0,0.0,0.0,0.0,0.0,0.0
0.7477477477477477,1.0,4.281586542265598e-26,0.0,0.0,0.0,0.0,0.0,0.0
0.7497497497497498,1.0,9.099104701236672e-27,0.0,0.0,0.0,0.0,0.0,0.0
0.7517517517517518,1.0,1.92900270069791e-27,0.0,0.0,0.0,0.0,0.0,0.0
0.7537537537537538,1.0,4.08204796483764e-28,0.0,0.0,0.0,0.0,0.0,0.0
0.7557557557557557,1.0,8.631350225669115e-29,0.0,0.0,0.0,0.0,0.0,0.0
0.7577577577577577,1.0,1.8254273994092383e-29,0.0,0.0,0.0,0.0,0.0,0.0
0.7597597597597598,1.0,3.863862448077526e-30,0.0,0.0,0.0,0.0,0.0,0.0
0.7617617617617618,1.0,8.18793825268099e-31,0.0,0.0,0.0,0.0,0.0,0.0
0.7637637637637638,1.0,1.737132495600733e-31,0.0,0.0,0.0,0.0,0.0,0.0
0.7657657657657657,1.0,3.689249258697674e-32,0.0,0.0,0.0,0.0,0.0,0.0
0.7677677677677677,1.0,7.84124702740054e-33,0.0,0.0,0.0,0.0,0.0,0.0
0.7697697697697699,1.0,1.6673779398031182e-33,0.0,0.0,0.0,0.0,0.0,0.0
0.7717717717717718,1.0,3.545861668028352e-34,0.0,0.0,0.0,0.0,0.0,0.0
0.7737737737737738,1.0,7.538472603687299e-35,0.0,0.0,0.0,0.0,0.0,0.0
0.7757757757757757,1.0,1.6016780897945397e-35,0.0,0.0,0.0,0.0,0.0,0.0
0.7777777777777777,1.0,3.400127408127597e-36,0.0,0.0,0.0,0.0,0.0,0.0
0.7797797797797799,1.0,7.210984726867594e-37,0.0,0.0,0.0,0.0,0.0,0.0
0.7817817817817818,1.0,1.5278530470838163e-37,0.0,0.0,0.0,0.0,0.0,0.0
0.7837837837837838,1.0,3.2345641445081325e-38,0.0,0.0,0.0,0.0,0.0,0.0
0.7857857857857857,1.0,6.843766169194299e-39,0.0,0.0,0.0,0.0,0.0,0.0
0.7877877877877877,1.0,1.4475672277238053e-39,0.0,0.0,0.0,0.0,0.0,0.0
0.7897897897897899,1.0,3.061735763505863e-40,0.0,0.0,0.0,0.0,0.0,0.0
0.7917917917917918,1.0,6.47722509897791e-41,0.0,0.0,0.0,0.0,0.0,0.0
0.7937937937937938,1.0,1.3708291115782272e-41,0.0,0.0,0.0,0.0,0.0,0.0
0.7957957957957957,1.0,2.9026771645755986e-42,0.0,0.0,0.0,0.0,0.0,0.0
0.7977977977977977,1.0,6.149633426085223e-43,0.0,0.0,0.0,0.0,0.0,0.0
0.7997997997997999,1.0,1.303518933403972e-43,0.0,0.0,0.0,0.0,0.0,0.0
0.8018018018018018,1.0,2.764136462467103e-44,0.0,0.0,0.0,0.0,0.0,0.0
0.8038038038038038,1.0,5.862902868268031e-45,0.0,0.0,0.0,0.0,0.0,0.0
0.8058058058058057,1.0,1.2436616311345991e-45,0.0,0.0,0.0,0.0,0.0,0.0
0.8078078078078077,1.0,2.6378441611154108e-46,0.0,0.0,0.0,0.0,0.0,0.0
0.8098098098098099,1.0,5.593421679072108e-47,0.0,0.0,0.0,0.0,0.0,0.0
0.8118118118118118,1.0,1.18555399411952e-47,0.0,0.0,0.0,0.0,0.0,0.0
0.8138138138138138,1.0,2.5114772579669017e-48,0.0,0.0,0.0,0.0,0.0,0.0
0.8158158158158157,1.0,5.317025291181817e-49,0.0,0.0,0.0,0.0,0.0,0.0
0.8178178178178177,1.0,1.12493554173904e-49,0.0,0.0,0.0,0.0,0.0,0.0
0.8198198198198199,1.0,2.3785602721000034e-50,0.0,0.0,0.0,0.0,0.0,0.0
0.8218218218218218,1.0,5.0263746035071165e-51,0.0,0.0,0.0,0.0,0.0,0.0
0.8238238238238238,1.0,1.0616743004106717e-51,0.0,0.0,0.0,0.0,0.0,0.0
0.8258258258258258,1.0,2.2416914126656277e-52,0.0,0.0,0.0,0.0,0.0,0.0
0.8278278278278277,1.0,4.732239273575155e-53,0.0,0.0,0.0,0.0,0.0,0.0
0.8298298298298299,1.0,9.989032729584331e-54,0.0,0.0,0.0,0.0,0.0,0.0
0.8318318318318318,1.0,2.1086407128220932e-54,0.0,0.0,0.0,0.0,0.0,0.0
0.8338338338338338,1.0,4.4519900170318086e-55,0.0,0.0,0.0,0.0,0.0,0.0
0.8358358358358358,1.0,9.40197540600877e-56,0.0,0.0,0.0,0.0,0.0,0.0
0.8378378378378377,1.0,1.9862201753712597e-56,0.0,0.0,0.0,0.0,0.0,0.0
0.8398398398398399,1.0,4.1975632887408135e-57,0.0,0.0,0.0,0.0,0.0,0.0
0.8418418418418419,1.0,8.874317995572478e-58,0.0,0.0,0.0,0.0,0.0,0.0
0.8438438438438438,1.0,1.8768750315134787e-58,0.0,0.0,0.0,0.0,0.0,0.0
0.8458458458458458,1.0,3.970841463715002e-59,0.0,0.0,0.0,0.0,0.0,0.0
0.8478478478478477,1.0,8.403331930471519e-60,0.0,0.0,0.0,0.0,0.0,0.0
0.8498498498498499,1.0,1.7787286195295612e-60,0.0,0.0,0.0,0.0,0.0,0.0
0.8518518518518519,1.0,3.765467700371101e-61,0.0,0.0,0.0,0.0,0.0,0.0
0.8538538538538538,1.0,7.971455940744056e-62,0.0,0.0,0.0,0.0,0.0,0.0
0.8558558558558558,1.0,1.6874196150528558e-62,0.0,0.0,0.0,0.0,0.0,0.0
0.8578578578578577,1.0,3.571358709284336e-63,0.0,0.0,0.0,0.0,0.0,0.0
0.8598598598598599,1.0,7.556662391069711e-64,0.0,0.0,0.0,0.0,0.0,0.0
0.8618618618618619,1.0,1.5983751540520084e-64,0.0,0.0,0.0,0.0,0.0,0.0
0.8638638638638638,1.0,3.379494038335566e-65,0.0,0.0,0.0,0.0,0.0,0.0
0.8658658658658658,1.0,7.142135128289057e-66,0.0,0.0,0.0,0.0,0.0,0.0
0.867867867867868,1.0,1.5086707677027893e-66,0.0,0.0,0.0,0.0,0.0,0.0
0.8698698698698699,1.0,3.185260622921514e-67,0.0,0.0,0.0,0.0,0.0,0.0
0.8718718718718719,1.0,6.721722162535715e-68,0.0,0.0,0.0,0.0,0.0,0.0
0.8738738738738738,1.0,1.4177783797055015e-68,0.0,0.0,0.0,0.0,0.0,0.0
0.8758758758758758,1.0,2.9891003160931056e-69,0.0,0.0,0.0,0.0,0.0,0.0
0.877877877877878,1.0,6.299308720488063e-70,0.0,0.0,0.0,0.0,0.0,0.0
0.8798798798798799,1.0,1.3270397917345398e-70,0.0,0.0,0.0,0.0,0.0,0.0
0.8818818818818819,1.0,2.794687633669425e-71,0.0,0.0,0.0,0.0,0.0,0.0
0.8838838838838838,1.0,5.883837039861381e-72,0.0,0.0,0.0,0.0,0.0,0.0
0.8858858858858858,1.0,1.2384686594969403e-72,0.0,0.0,0.0,0.0,0.0,0.0
0.887887887887888,1.0,2.6062973524057254e-73,0.0,0.0,0.0,0.0,0.0,0.0
0.8898898898898899,1.0,5.4839450898289686e-74,0.0,0.0,0.0,0.0,0.0,0.0
0.8918918918918919,1.0,1.1537346429825894e-74,0.0,0.0,0.0,0.0,0.0,0.0
0.8938938938938938,1.0,2.4270225305868966e-75,0.0,0.0,0.0,0.0,0.0,0.0
0.8958958958958958,1.0,5.1051204214478627e-76,0.0,0.0,0.0,0.0,0.0,0.0
0.897897897897898,1.0,1.0737665787062925e-76,0.0,0.0,0.0,0.0,0.0,0.0
0.8998998998998999,1.0,2.25835010479995e-77,0.0,0.0,0.0,0.0,0.0,0.0
0.9019019019019019,1.0,4.749573405915926e-78,0.0,0.0,0.0,0.0,0.0,0.0
0.9039039039039038,1.0,9.988568739299808e-79,0.0,0.0,0.0,0.0,0.0,0.0
0.9059059059059058,1.0,2.1005827247278734e-79,0.0,0.0,0.0,0.0,0.0,0.0
0.907907907907908,1.0,4.417393560526388e-80,0.0,0.0,0.0,0.0,0.0,0.0
0.9099099099099099,1.0,9.289313221198503e-81,0.0,0.0,0.0,0.0,0.0,0.0
0.9119119119119119,1.0,1.9534099684267194e-81,0.0,0.0,0.0,0.0,0.0,0.0
0.9139139139139139,1.0,4.107676784302202e-82,0.0,0.0,0.0,0.0,0.0,0.0
0.9159159159159158,1.0,8.637593515674706e-83,0.0,0.0,0.0,0.0,0.0,0.0
0.917917917917918,1.0,1.8162819271398825e-83,0.0,0.0,0.0,0.0,0.0,0.0
0.91991991991992,1.0,3.819160757539531e-84,0.0,0.0,0.0,0.0,0.0,0.0
0.9219219219219219,1.0,8.030577642186523e-85,0.0,0.0,0.0,0.0,0.0,0.0
0.9239239239239239,1.0,1.6885720294350302e-85,0.0,0.0,0.0,0.0,0.0,0.0
0.9259259259259258,1.0,3.5504706906726224e-86,0.0,0.0,0.0,0.0,0.0,0.0
0.927927927927928,1.0,7.465263564832435e-87,0.0,0.0,0.0,0.0,0.0,0.0
0.92992992992993,1.0,1.5696264365886554e-87,0.0,0.0,0.0,0.0,0.0,0.0
0.9319319319319319,1.0,3.300184268258408e-88,0.0,0.0,0.0,0.0,0.0,0.0
0.9339339339339339,1.0,6.938558488927872e-89,0.0,0.0,0.0,0.0,0.0,0.0
0.9359359359359358,1.0,1.4587725712869637e-89,0.0,0.0,0.0,0.0,0.0,0.0
0.937937937937938,1.0,3.066838394332991e-90,0.0,0.0,0.0,0.0,0.0,0.0
0.93993993993994,1.0,6.44727841780833e-91,0.0,0.0,0.0,0.0,0.0,0.0
0.9419419419419419,1.0,1.3553173075128174e-91,0.0,0.0,0.0,0.0,0.0,0.0
0.9439439439439439,1.0,2.848923997808246e-92,0.0,0.0,0.0,0.0,0.0,0.0
0.9459459459459458,1.0,5.988138365784393e-93,0.0,0.0,0.0,0.0,0.0,0.0
0.947947947947948,1.0,1.2585459778376702e-93,0.0,0.0,0.0,0.0,0.0,0.0
0.94994994994995,1.0,2.6448879912486356e-94,0.0,0.0,0.0,0.0,0.0,0.0
0.9519519519519519,1.0,5.557769020538163e-95,0.0,0.0,0.0,0.0,0.0,0.0
0.9539539539539539,1.0,1.1677294046686333e-95,0.0,0.0,0.0,0.0,0.0,0.0
0.9559559559559558,1.0,2.453157368109629e-96,0.0,0.0,0.0,0.0,0.0,0.0
0.957957957957958,1.0,5.152790821492121e-97,0.0,0.0,0.0,0.0,0.0,0.0
0.95995995995996,1.0,1.08214511605343e-97,0.0,0.0,0.0,0.0,0.0,0.0
0.9619619619619619,1.0,2.2721968640155416e-98,0.0,0.0,0.0,0.0,0.0,0.0
0.9639639639639639,1.0,4.769964200725821e-99,0.0,0.0,0.0,0.0,0.0,0.0
0.9659659659659658,1.0,1.0011150990546543e-99,0.0,0.0,0.0,0.0,0.0,0.0
0.967967967967968,1.0,2.1006007648393281e-100,0.0,0.0,0.0,0.0,0.0,0.0
0.96996996996997,1.0,4.406406009753706e-101,0.0,0.0,0.0,0.0,0.0,0.0
0.9719719719719719,1.0,9.240552755139007e-102,0.0,0.0,0.0,0.0,0.0,0.0
0.9739739739739739,1.0,1.937202476266358e-102,0.0,0.0,0.0,0.0,0.0,0.0
0.9759759759759759,1.0,4.0598239879366617e-103,0.0,0.0,0.0,0.0,0.0,0.0
0.977977977977978,1.0,8.505237522273254e-104,0.0,0.0,0.0,0.0,0.0,0.0
0.97997997997998,1.0,1.781169210348404e-104,0.0,0.0,0.0,0.0,0.0,0.0
0.9819819819819819,1.0,3.728691273958845e-105,0.0,0.0,0.0,0.0,0.0,0.0
0.9839839839839839,1.0,7.802501099233918e-106,0.0,0.0,0.0,0.0,0.0,0.0
0.9859859859859861,1.0,1.6320434309379693e-106,0.0,0.0,0.0,0.0,0.0,0.0
0.987987987987988,1.0,3.412282479151212e-107,0.0,0.0,0.0,0.0,0.0,0.0
0.98998998998999,1.0,7.13130750765339e-108,0.0,0.0,0.0,0.0,0.0,0.0
0.991991991991992,1.0,1.4897060878196914e-108,0.0,0.0,0.0,0.0,0.0,0.0
0.9939939939939939,1.0,3.1105859060296013e-109,0.0,0.0,0.0,0.0,0.0,0.0
0.9959959959959961,1.0,6.494416391375902e-110,0.0,0.0,0.0,0.0,0.0,0.0
0.997997997997998,1.0,1.3665155366863353e-110,0.0,0.0,0.0,0.0,0.0,0.0
1.0,1.0,3.412245591963232e-111,0.0,0.0,0.0,0.0,0.0,0.0
