-1.0,5.0,0.0,0.0,0.0,0.0,0.0,0.0,0.0
-0.997997997997998,5.0,0.0,0.0,0.0,0.0,0.0,0.0,0.0
-0.995995995995996,5.0,0.0,0.0,0.0,0.0,0.0,0.0,0.0
-0.993993993993994,5.0,0.0,0.0,0.0,0.0,0.0,0.0,0.0
-0.991991991991992,5.0,0.0,0.0,0.0,0.0,0.0,0.0,0.0
-0.98998998998999,5.0,0.0,0.0,0.0,0.0,0.0,0.0,0.0
-0.987987987987988,5.0,0.0,0.0,0.0,0.0,0.0,0.0,0.0
-0.985985985985986,5.0,0.0,0.0,0.0,0.0,0.0,0.0,0.0
-0.983983983983984,5.0,0.0,0.0,0.0,0.0,0.0,0.0,0.0
-0.9819819819819819,5.0,0.0,0.0,0.0,0.0,0.0,0.0,0.0
-0.97997997997998,5.0,0.0,0.0,0.0,0.0,0.0,0.0,0.0
-0.977977977977978,5.0,0.0,0.0,0.0,0.0,0.0,0.0,0.0
-0.975975975975976,5.0,0.0,0.0,0.0,0.0,0.0,0.0,0.0
-0.973973973973974,5.0,0.0,0.0,0.0,0.0,0.0,0.0,0.0
-0.9719719719719719,5.0,0.0,0.0,0.0,0.0,0.0,0.0,0.0
-0.96996996996997,5.0,0.0,0.0,0.0,0.0,0.0,0.0,0.0
-0.967967967967968,5.0,0.0,0.0,0.0,0.0,0.0,0.0,0.0
-0.965965965965966,5.0,0.0,0.0,0.0,0.0,0.0,0.0,0.0
-0.963963963963964,5.0,0.0,0.0,0.0,0.0,0.0,0.0,0.0
-0.9619619619619619,5.0,0.0,0.0,0.0,0.0,0.0,0.0,0.0
-0.95995995995996,5.0,0.0,0.0,0.0,0.0,0.0,0.0,0.0
-0.957957957957958,5.0,0.0,0.0,0.0,0.0,0.0,0.0,0.0
-0.955955955955956,5.0,0.0,0.0,0.0,0.0,0.0,0.0,0.0
-0.953953953953954,5.0,0.0,0.0,0.0,0.0,0.0,0.0,0.0
-0.9519519519519519,5.0,0.0,0.0,0.0,0.0,0.0,0.0,0.0
-0.94994994994995,5.0,0.0,0.0,0.0,0.0,0.0,0.0,0.0
-0.9479479479479479,5.0,0.0,0.0,0.0,0.0,0.0,0.0,0.0
-0.9459459459459459,5.0,0.0,0.0,0.0,0.0,0.0,0.0,0.0
-0.943943943943944,5.0,0.0,0.0,0.0,0.0,0.0,0.0,0.0
-0.9419419419419419,5.0,0.0,0.0,0.0,0.0,0.0,0.0,0.0
-0.93993993993994,5.0,0.0,0.0,0.0,0.0,0.0,0.0,0.0
-0.9379379379379379,5.0,0.0,0.0,0.0,0.0,0.0,0.0,0.0
-0.9359359359359359,5.0,0.0,0.0,0.0,0.0,0.0,0.0,0.0
-0.933933933933934,5.0,0.0,0.0,0.0,0.0,0.0,0.0,0.0
-0.9319319319319319,5.0,0.0,0.0,0.0,0.0,0.0,0.0,0.0
-0.92992992992993,5.0,0.0,0.0,0.0,0.0,0.0,0.0,0.0
-0.9279279279279279,5.0,0.0,0.0,0.0,0.0,0.0,0.0,0.0
-0.9259259259259259,5.0,0.0,0.0,0.0,0.0,0.0,0.0,0.0
-0.9239239239239239,5.0,0.0,0.0,0.0,0.0,0.0,0.0,0.0
-0.9219219219219219,5.0,0.0,0.0,0.0,0.0,0.0,0.0,0.0
-0.91991991991992,5.0,0.0,0.0,0.0,0.0,0.0,0.0,0.0
-0.9179179179179179,5.0,0.0,0.0,0.0,0.0,0.0,0.0,0.0
-0.9159159159159159,5.0,0.0,0.0,0.0,0.0,0.0,0.0,0.0
-0.9139139139139139,5.0,0.0,0.0,0.0,0.0,0.0,0.0,0.0
-0.9119119119119119,5.0,0.0,0.0,0.0,0.0,0.0,0.0,0.0
-0.9099099099099099,5.0,0.0,0.0,0.0,0.0,0.0,0.0,0.0
-0.9079079079079079,5.0,0.0,0.0,0.0,0.0,0.0,0.0,0.0
-0.9059059059059059,5.0,0.0,0.0,0.0,0.0,0.0,0.0,0.0
-0.9039039039039038,5.0,0.0,0.0,0.0,0.0,0.0,0.0,0.0
-0.9019019019019019,5.0,0.0,0.0,0.0,0.0,0.0,0.0,0.0
-0.8998998998998999,5.0,0.0,0.0,0.0,0.0,0.0,0.0,0.0
-0.8978978978978979,5.0,0.0,0.0,0.0,0.0,0.0,0.0,0.0
-0.8958958958958959,5.0,0.0,0.0,0.0,0.0,0.0,0.0,0.0
-0.8938938938938938,5.0,0.0,0.0,0.0,0.0,0.0,0.0,0.0
-0.8918918918918919,5.0,0.0,0.0,0.0,0.0,0.0,0.0,0.0
-0.8898898898898899,5.0,0.0,0.0,0.0,0.0,0.0,0.0,0.0
-0.8878878878878879,5.0,0.0,0.0,0.0,0.0,0.0,0.0,0.0
-0.8858858858858859,5.0,0.0,0.0,0.0,0.0,0.0,0.0,0.0
-0.8838838838838838,5.0,0.0,0.0,0.0,0.0,0.0,0.0,0.0
-0.8818818818818819,5.0,0.0,0.0,0.0,0.0,0.0,0.0,0.0
-0.8798798798798799,5.0,0.0,0.0,0.0,0.0,0.0,0.0,0.0
-0.8778778778778779,5.0,0.0,0.0,0.0,0.0,0.0,0.0,0.0
-0.8758758758758759,5.0,0.0,0.0,0.0,0.0,0.0,0.0,0.0
-0.8738738738738738,5.0,0.0,0.0,0.0,0.0,0.0,0.0,0.0
-0.8718718718718719,5.0,0.0,0.0,0.0,0.0,0.0,0.0,0.0
-0.8698698698698699,5.0,0.0,0.0,0.0,0.0,0.0,0.0,0.0
-0.8678678678678678,5.0,0.0,0.0,0.0,0.0,0.0,0.0,0.0
-0.8658658658658659,5.0,0.0,0.0,0.0,0.0,0.0,0.0,0.0
-0.8638638638638638,5.0,0.0,0.0,0.0,0.0,0.0,0.0,0.0
-0.8618618618618619,5.0,0.0,0.0,0.0,0.0,0.0,0.0,0.0
-0.8598598598598599,5.0,0.0,0.0,0.0,0.0,0.0,0.0,0.0
-0.8578578578578578,5.0,0.0,0.0,0.0,0.0,0.0,0.0,0.0
-0.8558558558558559,5.0,0.0,0.0,0.0,0.0,0.0,0.0,0.0
-0.8538538538538538,5.0,0.0,0.0,0.0,0.0,0.0,0.0,0.0
-0.8518518518518519,5.0,0.0,0.0,0.0,0.0,0.0,0.0,0.0
-0.8498498498498499,5.0,0.0,0.0,0.0,0.0,0.0,0.0,0.0
-0.8478478478478478,5.0,0.0,0.0,0.0,0.0,0.0,0.0,0.0
-0.8458458458458459,5.0,0.0,0.0,0.0,0.0,0.0,0.0,0.0
-0.8438438438438438,5.0,0.0,0.0,0.0,0.0,0.0,0.0,0.0
-0.8418418418418419,5.0,0.0,0.0,0.0,0.0,0.0,0.0,0.0
-0.8398398398398399,5.0,0.0,0.0,0.0,0.0,0.0,0.0,0.0
-0.8378378378378378,5.0,0.0,0.0,0.0,0.0,0.0,0.0,0.0
-0.8358358358358359,5.0,0.0,0.0,0.0,0.0,0.0,0.0,0.0
-0.8338338338338338,5.0,0.0,0.0,0.0,0.0,0.0,0.0,0.0
-0.8318318318318318,5.0,0.0,0.0,0.0,0.0,0.0,0.0,0.0
-0.8298298298298299,5.0,0.0,0.0,0.0,0.0,0.0,0.0,0.0
-0.8278278278278278,5.0,0.0,0.0,0.0,0.0,0.0,0.0,0.0
-0.8258258258258259,5.0,0.0,0.0,0.0,0.0,0.0,0.0,0.0
-0.8238238238238238,5.0,0.0,0.0,0.0,0.0,0.0,0.0,0.0
-0.8218218218218218,5.0,0.0,0.0,0.0,0.0,0.0,0.0,0.0
-0.8198198198198199,5.0,0.0,0.0,0.0,0.0,0.0,0.0,0.0
-0.8178178178178178,5.0,0.0,0.0,0.0,0.0,0.0,0.0,0.0
-0.8158158158158157,5.0,0.0,0.0,0.0,0.0,0.0,0.0,0.0
-0.8138138138138138,5.0,0.0,0.0,0.0,0.0,0.0,0.0,0.0
-0.8118118118118118,5.0,0.0,0.0,0.0,0.0,0.0,0.0,0.0
-0.8098098098098099,5.0,0.0,0.0,0.0,0.0,0.0,0.0,0.0
-0.8078078078078078,5.0,0.0,0.0,0.0,0.0,0.0,0.0,0.0
-0.8058058058058057,5.0,0.0,0.0,0.0,0.0,0.0,0.0,0.0
-0.8038038038038038,5.0,0.0,0.0,0.0,0.0,0.0,0.0,0.0
-0.8018018018018018,5.0,0.0,0.0,0.0,0.0,0.0,0.0,0.0
-0.7997997997997999,5.0,0.0,0.0,0.0,0.0,0.0,0.0,0.0
-0.7977977977977978,5.0,0.0,0.0,0.0,0.0,0.0,0.0,0.0
-0.7957957957957957,5.0,0.0,0.0,0.0,0.0,0.0,0.0,0.0
-0.7937937937937938,5.0,0.0,0.0,0.0,0.0,0.0,0.0,0.0
-0.7917917917917918,5.0,0.0,0.0,0.0,0.0,0.0,0.0,0.0
-0.7897897897897898,5.0,0.0,0.0,0.0,0.0,0.0,0.0,0.0
-0.7877877877877878,5.0,0.0,0.0,0.0,0.0,0.0,0.0,0.0
-0.7857857857857857,5.0,0.0,0.0,0.0,0.0,0.0,0.0,0.0
-0.7837837837837838,5.0,0.0,0.0,0.0,0.0,0.0,0.0,0.0
-0.7817817817817818,5.0,0.0,0.0,0.0,0.0,0.0,0.0,0.0
-0.7797797797797797,5.0,0.0,0.0,0.0,0.0,0.0,0.0,0.0
-0.7777777777777778,5.0,0.0,0.0,0.0,0.0,0.0,0.0,0.0
-0.7757757757757757,5.0,0.0,0.0,0.0,0.0,0.0,0.0,0.0
-0.7737737737737738,5.0,0.0,0.0,0.0,0.0,0.0,0.0,0.0
-0.7717717717717718,5.0,0.0,0.0,0.0,0.0,0.0,0.0,0.0
-0.7697697697697697,5.0,0.0,0.0,0.0,0.0,0.0,0.0,0.0
-0.7677677677677678,5.0,0.0,0.0,0.0,0.0,0.0,0.0,0.0
-0.7657657657657657,5.0,0.0,0.0,0.0,0.0,0.0,0.0,0.0
-0.7637637637637638,5.0,0.0,0.0,0.0,0.0,0.0,0.0,0.0
-0.7617617617617618,5.0,0.0,0.0,0.0,0.0,0.0,0.0,0.0
-0.7597597597597597,5.0,0.0,0.0,0.0,0.0,0.0,0.0,0.0
-0.7577577577577578,5.0,0.0,0.0,0.0,0.0,0.0,0.0,0.0
-0.7557557557557557,5.0,0.0,0.0,0.0,0.0,0.0,0.0,0.0
-0.7537537537537538,5.0,0.0,0.0,0.0,0.0,0.0,0.0,0.0
-0.7517517517517518,5.0,0.0,0.0,0.0,0.0,0.0,0.0,0.0
-0.7497497497497497,5.0,0.0,0.0,0.0,0.0,0.0,0.0,0.0
-0.7477477477477478,5.0,0.0,0.0,0.0,0.0,0.0,0.0,0.0
-0.7457457457457457,5.0,0.0,0.0,0.0,0.0,0.0,0.0,0.0
-0.7437437437437437,5.0,0.0,0.0,0.0,0.0,0.0,0.0,0.0
-0.7417417417417418,5.0,0.0,0.0,0.0,0.0,0.0,0.0,0.0
-0.7397397397397397,5.0,0.0,0.0,0.0,0.0,0.0,0.0,0.0
-0.7377377377377378,5.0,0.0,0.0,0.0,0.0,0.0,0.0,0.0
-0.7357357357357357,5.0,0.0,0.0,0.0,0.0,0.0,0.0,0.0
-0.7337337337337337,5.0,0.0,0.0,0.0,0.0,0.0,0.0,0.0
-0.7317317317317318,5.0,0.0,0.0,0.0,0.0,0.0,0.0,0.0
-0.7297297297297297,5.0,0.0,0.0,0.0,0.0,0.0,0.0,0.0
-0.7277277277277278,5.0,0.0,0.0,0.0,0.0,0.0,0.0,0.0
-0.7257257257257257,5.0,0.0,0.0,0.0,0.0,0.0,0.0,0.0
-0.7237237237237237,5.0,0.0,0.0,0.0,0.0,0.0,0.0,0.0
-0.7217217217217218,5.0,0.0,0.0,0.0,0.0,0.0,0.0,0.0
-0.7197197197197197,5.0,0.0,0.0,0.0,0.0,0.0,0.0,0.0
-0.7177177177177176,5.0,0.0,0.0,0.0,0.0,0.0,0.0,0.0
-0.7157157157157157,5.0,0.0,0.0,0.0,0.0,0.0,0.0,0.0
-0.7137137137137137,5.0,0.0,0.0,0.0,0.0,0.0,0.0,0.0
-0.7117117117117118,5.0,0.0,0.0,0.0,0.0,0.0,0.0,0.0
-0.7097097097097097,5.0,0.0,0.0,0.0,0.0,0.0,0.0,0.0
-0.7077077077077076,5.0,0.0,0.0,0.0,0.0,0.0,0.0,0.0
-0.7057057057057057,5.0,0.0,0.0,0.0,0.0,0.0,0.0,0.0
-0.7037037037037037,5.0,0.0,0.0,0.0,0.0,0.0,0.0,0.0
-0.7017017017017018,5.0,0.0,0.0,0.0,0.0,0.0,0.0,0.0
-0.6996996996996997,5.0,0.0,0.0,0.0,0.0,0.0,0.0,0.0
-0.6976976976976976,5.0,0.0,0.0,0.0,0.0,0.0,0.0,0.0
-0.6956956956956957,5.0,0.0,0.0,0.0,0.0,0.0,0.0,0.0
-0.6936936936936937,5.0,0.0,0.0,0.0,0.0,0.0,0.0,0.0
-0.6916916916916918,5.0,0.0,0.0,0.0,0.0,0.0,0.0,0.0
-0.6896896896896897,5.0,0.0,0.0,0.0,0.0,0.0,0.0,0.0
-0.6876876876876876,5.0,0.0,0.0,0.0,0.0,0.0,0.0,0.0
-0.6856856856856857,5.0,0.0,0.0,0.0,0.0,0.0,0.0,0.0
-0.6836836836836837,5.0,0.0,0.0,0.0,0.0,0.0,0.0,0.0
-0.6816816816816818,5.0,0.0,0.0,0.0,0.0,0.0,0.0,0.0
-0.6796796796796797,5.0,0.0,0.0,0.0,0.0,0.0,0.0,0.0
-0.6776776776776776,5.0,0.0,0.0,0.0,0.0,0.0,0.0,0.0
-0.6756756756756757,5.0,0.0,0.0,0.0,0.0,0.0,0.0,0.0
-0.6736736736736737,5.0,0.0,0.0,0.0,0.0,0.0,0.0,0.0
-0.6716716716716717,5.0,0.0,0.0,0.0,0.0,0.0,0.0,0.0
-0.6696696696696697,5.0,0.0,0.0,0.0,0.0,0.0,0.0,0.0
-0.6676676676676676,5.0,0.0,0.0,0.0,0.0,0.0,0.0,0.0
-0.6656656656656657,5.0,0.0,0.0,0.0,0.0,0.0,0.0,0.0
-0.6636636636636637,5.0,0.0,0.0,0.0,0.0,0.0,0.0,0.0
-0.6616616616616617,5.0,0.0,0.0,0.0,0.0,0.0,0.0,0.0
-0.6596596596596597,5.0,0.0,0.0,0.0,0.0,0.0,0.0,0.0
-0.6576576576576576,5.0,0.0,0.0,0.0,0.0,0.0,0.0,0.0
-0.6556556556556556,5.0,0.0,0.0,0.0,0.0,0.0,0.0,0.0
-0.6536536536536537,5.0,0.0,0.0,0.0,0.0,0.0,0.0,0.0
-0.6516516516516517,5.0,0.0,0.0,0.0,0.0,0.0,0.0,0.0
-0.6496496496496497,5.0,0.0,0.0,0.0,0.0,0.0,0.0,0.0
-0.6476476476476476,5.0,0.0,0.0,0.0,0.0,0.0,0.0,0.0
-0.6456456456456456,5.0,0.0,0.0,0.0,0.0,0.0,0.0,0.0
-0.6436436436436437,5.0,0.0,0.0,0.0,0.0,0.0,0.0,0.0
-0.6416416416416417,5.0,0.0,0.0,0.0,0.0,0.0,0.0,0.0
-0.6396396396396397,5.0,0.0,0.0,0.0,0.0,0.0,0.0,0.0
-0.6376376376376376,5.0,0.0,0.0,0.0,0.0,0.0,0.0,0.0
-0.6356356356356356,5.0,0.0,0.0,0.0,0.0,0.0,0.0,0.0
-0.6336336336336337,5.0,0.0,0.0,0.0,0.0,0.0,0.0,0.0
-0.6316316316316316,5.0,0.0,0.0,0.0,0.0,0.0,0.0,0.0
-0.6296296296296297,5.0,0.0,0.0,0.0,0.0,0.0,0.0,0.0
-0.6276276276276276,5.0,0.0,0.0,0.0,0.0,0.0,0.0,0.0
-0.6256256256256256,5.0,0.0,0.0,0.0,0.0,0.0,0.0,0.0
-0.6236236236236237,5.0,0.0,0.0,0.0,0.0,0.0,0.0,0.0
-0.6216216216216216,5.0,0.0,0.0,0.0,0.0,0.0,0.0,0.0
-0.6196196196196196,5.0,0.0,0.0,0.0,0.0,0.0,0.0,0.0
-0.6176176176176176,5.0,0.0,0.0,0.0,0.0,0.0,0.0,0.0
-0.6156156156156156,5.0,0.0,0.0,0.0,0.0,0.0,0.0,0.0
-0.6136136136136137,5.0,0.0,0.0,0.0,0.0,0.0,0.0,0.0
-0.6116116116116116,5.0,0.0,0.0,0.0,0.0,0.0,0.0,0.0
-0.6096096096096096,5.0,0.0,0.0,0.0,0.0,0.0,0.0,0.0
-0.6076076076076076,5.0,0.0,0.0,0.0,0.0,0.0,0.0,0.0
-0.6056056056056056,5.0,0.0,0.0,0.0,0.0,0.0,0.0,0.0
-0.6036036036036037,5.0,0.0,0.0,0.0,0.0,0.0,0.0,0.0
-0.6016016016016016,5.0,0.0,0.0,0.0,0.0,0.0,0.0,0.0
-0.5995995995995996,5.0,0.0,0.0,0.0,0.0,0.0,0.0,0.0
-0.5975975975975976,5.0,0.0,0.0,0.0,0.0,0.0,0.0,0.0
-0.5955955955955956,5.0,0.0,0.0,0.0,0.0,0.0,0.0,0.0
-0.5935935935935936,5.0,0.0,0.0,0.0,0.0,0.0,0.0,0.0
-0.5915915915915916,5.0,0.0,0.0,0.0,0.0,0.0,0.0,0.0
-0.5895895895895895,5.0,0.0,0.0,0.0,0.0,0.0,0.0,0.0
-0.5875875875875876,5.0,0.0,0.0,0.0,0.0,0.0,0.0,0.0
-0.5855855855855856,5.0,0.0,0.0,0.0,0.0,0.0,0.0,0.0
-0.5835835835835836,5.0,0.0,0.0,0.0,0.0,0.0,0.0,0.0
-0.5815815815815816,5.0,0.0,0.0,0.0,0.0,0.0,0.0,0.0
-0.5795795795795795,5.0,0.0,0.0,0.0,0.0,0.0,0.0,0.0
-0.5775775775775776,5.0,0.0,0.0,0.0,0.0,0.0,0.0,0.0
-0.5755755755755756,5.0,0.0,0.0,0.0,0.0,0.0,0.0,0.0
-0.5735735735735736,5.0,0.0,0.0,0.0,0.0,0.0,0.0,0.0
-0.5715715715715716,5.0,8.37586190459373e-144,-1.6996921582335915e-146,-2.829518687665793e-146,-3.9463084680481765e-146,-5.075393040029231e-146,-6.167465269702299e-146,0.0
-0.5695695695695695,5.0,7.905780223266928e-141,-1.604299689186051e-143,-2.67071653486119e-143,-3.7248282979086867e-143,-4.790544827292728e-143,-5.821326272124479e-143,0.0
-0.5675675675675675,5.0,4.182001053061638e-138,-8.486427398850799e-141,-1.412756115879383e-140,-1.9703603470387004e-140,-2.534103269594615e-140,-3.0793662248025265e-140,0.0
-0.5655655655655656,5.0,1.2954964419760438e-135,-2.628917678595616e-138,-4.376422909223646e-138,-6.103764170816188e-138,-7.850121814188114e-138,-9.539232384583709e-138,0.0
-0.5635635635635636,5.0,2.8404274834954363e-133,-5.764006587883853e-136,-9.595481321273877e-136,-1.3382745750436905e-135,-1.7211704353117245e-135,-2.0915146471025443e-135,0.0
-0.5615615615615616,5.0,4.660596929037887e-131,-9.45762972599712e-134,-1.5744345186920977e-133,-2.1958520014679784e-133,-2.824110698750572e-133,-3.4317745473045234e-133,0.0
-0.5595595595595595,5.0,6.079321654847481e-129,-1.2336611398113925e-131,-2.0537055680548065e-131,-2.864287735373896e-131,-3.683793640173262e-131,-4.4764354518616653e-131,0.0
-0.5575575575575575,5.0,6.6144806245021e-127,-1.3422595759474341e-129,-2.2344920140060265e-129,-3.116429234094367e-129,-4.008075742819272e-129,-4.870493328735726e-129,0.0
-0.5555555555555556,5.0,6.17840040335389e-125,-1.2537669359434397e-127,-2.0871761736644416e-127,-2.910968937701267e-127,-3.7438308753034695e-127,-4.5493908978013495e-127,0.0
-0.5535535535535536,5.0,5.0747948679306714e-123,-1.0298150972301897e-125,-1.7143581255804843e-125,-2.391002405369006e-125,-3.0750958940888493e-125,-3.736764222636024e-125,0.0
-0.5515515515515516,5.0,3.7561761451440292e-121,-7.622311842729762e-124,-1.2689047071108567e-123,-1.7697318673476176e-123,-2.276072657517451e-123,-2.7658151705384078e-123,0.0
-0.5495495495495495,5.0,2.5558906659407716e-119,-5.186603327138638e-122,-8.634264133394599e-122,-1.2042143355868275e-121,-1.5487540082145945e-121,-1.8819993804697986e-121,0.0
-0.5475475475475475,5.0,1.6160915439644597e-117,-3.2794930904454125e-120,-5.459451548643821e-120,-7.61425608221909e-120,-9.79278296098551e-120,-1.1899895895601956e-119,0.0
-0.5455455455455456,5.0,9.519872771869137e-116,-1.9318433472324905e-118,-3.2159863926876708e-118,-4.48531207442235e-118,-5.768611822719875e-118,-7.009843925469465e-118,0.0
-0.5435435435435436,5.0,5.2215680418272394e-114,-1.059599400690856e-116,-1.7639407766698718e-116,-2.460154956548565e-116,-3.164033791315771e-116,-3.844838885619018e-116,0.0
-0.5415415415415415,5.0,2.668652355371507e-112,-5.415427729281034e-115,-9.01519365579043e-115,-1.2573422900517734e-114,-1.6170824859566656e-114,-1.9650300955458913e-114,0.0
-0.5395395395395395,5.0,1.2755862412879172e-110,-2.5885144193681619e-113,-4.309162625369952e-113,-6.009956757953995e-113,-7.729475013716534e-113,-9.392626014211869e-113,0.0
-0.5375375375375375,5.0,5.738699099880492e-109,-1.164539478997315e-111,-1.9386370657683764e-111,-2.703802559234924e-111,-3.47739179586775e-111,-4.225622126407482e-111,0.0
-0.5355355355355356,5.0,2.4478446937452742e-107,-4.9673484089448555e-110,-8.26926516261822e-110,-1.1533082031946804e-109,-1.4832830415808844e-109,-1.8024410271161598e-109,0.0
-0.5335335335335336,5.0,9.957622470568349e-106,-2.020674770030913e-108,-3.363866212949532e-108,-4.691558949375576e-108,-6.033868318034627e-108,-7.332175656138201e-108,0.0
-0.5315315315315315,5.0,3.8730078057822675e-104,-7.859395332980853e-107,-1.3083725697442675e-106,-1.824777399015224e-106,-2.3468673535156217e-106,-2.8518427600086677e-106,0.0
-0.5295295295295295,5.0,1.4398301904374964e-102,-2.9218104497787737e-105,-4.864008596743815e-105,-6.7837962681292735e-105,-8.72471897293642e-105,-1.0602016598341748e-104,0.0
-0.5275275275275275,5.0,5.109754297394877e-101,-1.0369093245220751e-103,-1.7261680575141582e-103,-2.4074736287611993e-103,-3.0962797253180515e-103,-3.762506178452039e-103,0.0
-0.5255255255255256,5.0,1.7306090819501174e-99,-3.511880590993491e-102,-5.8463126472230406e-102,-8.153808351633864e-102,-1.0486707385569111e-101,-1.2743132026215567e-101,0.0
-0.5235235235235236,5.0,5.60144260818171e-98,-1.1366863714288717e-100,-1.8922693232376466e-100,-2.639133816882758e-100,-3.3942205771201283e-100,-4.1245549580090693e-100,0.0
-0.5215215215215215,5.0,1.7370989344837482e-96,-3.5250502821669504e-99,-5.8682365509756e-99,-8.18438545558039e-99,-1.0526032953200473e-98,-1.2790919275531014e-98,0.0
-0.5195195195195195,5.0,5.177196062683451e-95,-1.0505951088513931e-97,-1.7489511140385896e-97,-2.439248986627648e-97,-3.13714638119799e-97,-3.8121661119469515e-97,0.0
-0.5175175175175175,5.0,1.487264645048016e-93,-3.018067971034431e-96,-5.024250822903358e-96,-7.007284897764006e-96,-9.012150288698417e-96,-1.0951294505176866e-95,0.0
-0.5155155155155156,5.0,4.129360926587564e-92,-8.3796061412948e-95,-1.3949733225052714e-94,-1.9455588186431766e-94,-2.502205736591325e-94,-3.0406053001932593e-94,0.0
-0.5135135135135136,5.0,1.1110382513046642e-90,-2.2546014066974965e-93,-3.753289548689802e-93,-5.234684751720131e-93,-6.732388704719764e-93,-8.180996661936561e-93,0.0
-0.5115115115115115,5.0,2.905005375792076e-89,-5.895052847220643e-92,-9.813637201999651e-92,-1.3687006119246426e-91,-1.7603017138398917e-91,-2.139065802131935e-91,0.0
-0.5095095095095095,5.0,7.404322732521844e-88,-1.5025402076645783e-90,-2.5013150622372175e-90,-3.4885653360028577e-90,-4.486684294802063e-90,-5.452084074290945e-90,0.0
-0.5075075075075075,5.0,1.8459432526492505e-86,-3.745925263346764e-89,-6.235932479828748e-89,-8.697208206681234e-89,-1.118558023461033e-88,-1.3592381333688864e-88,0.0
-0.5055055055055055,5.0,4.516701686396559e-85,-9.16562680341975e-88,-1.52582408519193e-87,-2.12805539486014e-87,-2.736916697546402e-87,-3.325819014420315e-87,0.0
-0.5035035035035035,5.0,1.0876219759049987e-83,-2.2070833600472517e-86,-3.674185105954728e-86,-5.124358379398774e-86,-6.590496679110212e-86,-8.008573731713684e-86,0.0
-0.5015015015015015,5.0,2.580498258195165e-82,-5.236538882505021e-85,-8.717393061420595e-85,-1.2158082647606753e-84,-1.5636650948445363e-84,-1.900118885343289e-84,0.0
-0.49949949949949946,5.0,6.027297374466157e-81,-1.2231039861227212e-83,-2.0361308187062544e-83,-2.8397763644187072e-83,-3.6522692820155555e-83,-4.438127998122833e-83,0.0
-0.4974974974974975,5.0,1.3822672881718307e-79,-2.8049995296602626e-82,-4.669550629871592e-82,-6.512587201833852e-82,-8.375913850728268e-82,-1.017815908422484e-81,0.0
-0.49549549549549554,5.0,3.101958094984966e-78,-6.294723945154265e-81,-1.047897935530955e-80,-1.4614953824699574e-80,-1.8796461432959444e-80,-2.2840895703401213e-80,0.0
-0.4934934934934935,5.0,6.791398409732051e-77,-1.378161048014742e-79,-2.2942580637798464e-79,-3.199784494956341e-79,-4.1152799095117786e-79,-5.000764614058606e-79,0.0
-0.4914914914914915,5.0,1.4481559922292263e-75,-2.938705785658953e-78,-4.892134671442565e-78,-6.8230234933250165e-78,-8.77516956172088e-78,-1.0663322639412885e-77,0.0
-0.48948948948948945,5.0,3.0070239543544212e-74,-6.102076530217917e-77,-1.0158274539409596e-76,-1.4167669225998484e-76,-1.8221203528631813e-76,-2.2141859566085242e-76,0.0
-0.4874874874874875,5.0,6.087846344346448e-73,-1.235391033171361e-75,-2.0565853634142129e-75,-2.8683041643385144e-75,-3.6889592159962994e-75,-4.482712504542183e-75,0.0
-0.48548548548548554,5.0,1.204368460295841e-71,-2.4439940043256927e-74,-4.0685759914133316e-74,-5.674412386036294e-74,-7.29792750960204e-74,-8.8682224413533e-74,0.0
-0.48348348348348347,5.0,2.33463352696125e-70,-4.737611893946026e-73,-7.886817223866795e-73,-1.0999684763407333e-72,-1.4146822009158667e-72,-1.71907934479186e-72,0.0
-0.4814814814814815,5.0,4.4476956136898175e-69,-9.025594551233478e-72,-1.5025125771333906e-71,-2.095543009606987e-71,-2.695102142205719e-71,-3.2750072219546383e-71,0.0
-0.47947947947947944,5.0,8.351429562761505e-68,-1.6947341658153138e-70,-2.8212649976473595e-70,-3.9347971085528767e-70,-5.0605881472194674e-70,-6.149474808371375e-70,0.0
-0.4774774774774775,5.0,1.548900228260341e-66,-3.143143478065757e-69,-5.23246704770621e-69,-7.29768250309043e-69,-9.385634013259835e-69,-1.140514071607413e-68,0.0
-0.47547547547547553,5.0,2.838870826816144e-65,-5.760847704438792e-68,-9.590222651522024e-68,-1.3375411523219086e-67,-1.7202271718522992e-67,-2.0903684216614205e-67,0.0
-0.47347347347347346,5.0,5.133736378516652e-64,-1.0417759466900513e-66,-1.7342696412647167e-66,-2.4187728467867945e-66,-3.1108117805259003e-66,-3.780165095719122e-66,0.0
-0.4714714714714715,5.0,9.129561263024373e-63,-1.8526384345430968e-65,-3.0841320568751872e-65,-4.301415822302197e-65,-5.532100722370005e-65,-6.7224427358862246e-65,0.0
-0.46946946946946944,5.0,1.5904688628134022e-61,-3.227497641235001e-64,-5.3728934654628456e-64,-7.493534173534014e-64,-9.637521115622894e-64,-1.1711226361748809e-63,0.0
-0.4674674674674675,5.0,2.705920911731505e-60,-5.491055854141871e-63,-9.141093626305827e-63,-1.2749014644066808e-62,-1.6396655435232817e-62,-1.992472349205322e-62,0.0
-0.4654654654654655,5.0,4.488906646410878e-59,-9.109223042183499e-62,-1.5164344144977693e-61,-2.1149596916459947e-61,-2.72007416192469e-61,-3.305352470710031e-61,0.0
-0.46346346346346345,5.0,7.262285650244438e-58,-1.473716987120209e-60,-2.4533323491477114e-60,-3.4216442063384864e-60,-4.400616254637571e-60,-5.34749677546319e-60,0.0
-0.4614614614614615,5.0,1.147704595780768e-56,-2.3290074784391347e-59,-3.8771551377901035e-59,-5.407439158784868e-59,-6.954570149061949e-59,-8.450984883685162e-59,0.0
-0.45945945945945943,5.0,1.776489343201915e-55,-3.604984227557292e-58,-6.0013045251762215e-58,-8.369974360047791e-58,-1.076472099334407e-57,-1.308096581700447e-57,0.0
-0.4574574574574575,5.0,2.701870875781307e-54,-5.482837220139154e-57,-9.127411867297219e-57,-1.272993279750795e-56,-1.6372114051304046e-56,-1.9894901538983306e-56,0.0
-0.4554554554554555,5.0,4.0513311735240314e-53,-8.221262366168505e-56,-1.3686134508882236e-55,-1.9087949036238228e-55,-2.454923239562972e-55,-2.983149029124745e-55,0.0
-0.45345345345345345,5.0,6.008026793178835e-52,-1.2191934565232899e-54,-2.029620865402851e-54,-2.830696981426891e-54,-3.6405921823621635e-54,-4.423938337145812e-54,0.0
-0.4514514514514515,5.0,8.836831538110948e-51,-1.7932355428067434e-53,-2.9852426247770368e-53,-4.163495473873136e-53,-5.354719764403109e-53,-6.506894720365232e-53,0.0
-0.4494494494494494,5.0,1.2920569249209737e-49,-2.621937954916782e-52,-4.364803594226906e-52,-6.087558799434676e-52,-7.829279898309831e-52,-9.513905914038557e-52,0.0
-0.44744744744744747,5.0,1.8788898091601187e-48,-3.8127828648451964e-51,-6.347231947756473e-51,-8.85243673890018e-51,-1.1385221448270358e-50,-1.383497934372246e-50,0.0
-0.4454454454454454,5.0,2.71090984789809e-47,-5.501179774255242e-50,-9.157947161232404e-50,-1.2772520142682957e-49,-1.6426886129321925e-49,-1.9961458924048947e-49,0.0
-0.44344344344344344,5.0,3.864918361418189e-46,-7.842979631162093e-49,-1.3056398081178563e-48,-1.8209660368940004e-48,-2.341965516535641e-48,-2.8458861948533517e-48,0.0
-0.4414414414414415,5.0,5.42719588070749e-45,-1.1013269302562127e-47,-1.8334056054174534e-47,-2.557037031621284e-47,-3.288634950477276e-47,-3.9962504739693865e-47,0.0
-0.4394394394394394,5.0,7.507722602721937e-44,-1.5235228779310357e-46,-2.536245421448718e-46,-3.537282445718088e-46,-4.5493399340104476e-46,-5.5282213262674905e-46,0.0
-0.43743743743743746,5.0,1.0281987530761068e-42,-2.086497339158057e-45,-3.473442637429235e-45,-4.844384365835158e-45,-6.230418856675657e-45,-7.57101797066422e-45,0.0
-0.4354354354354354,5.0,1.4036551566162625e-41,-2.8484013821387457e-44,-4.741802744510285e-44,-6.613356683610373e-44,-8.505514648688412e-44,-1.0335646083564753e-43,0.0
-0.43343343343343343,5.0,1.9139602042031412e-40,-3.883950317365022e-43,-6.4657061290268575e-43,-9.017671789946294e-43,-1.1597732161722799e-42,-1.4093215983588685e-42,0.0
-0.4314314314314315,5.0,2.5972076712386933e-39,-5.2704468655189173e-42,-8.773840501702126e-42,-1.2236809468727843e-41,-1.5737902425165132e-41,-1.9124226608588036e-41,0.0
-0.4294294294294294,5.0,3.4970753593311724e-38,-7.09652526833944e-41,-1.181375743071432e-40,-1.647655878419191e-40,-2.1190693138663997e-40,-2.575029420241241e-40,0.0
-0.42742742742742745,5.0,4.668794048811758e-37,-9.474263930761303e-40,-1.5772036550328583e-39,-2.1997140951301833e-39,-2.8290777821531504e-39,-3.4378103979540216e-39,0.0
-0.4254254254254254,5.0,6.15593650816706e-36,-1.249208395350561e-38,-2.0795874607710214e-38,-2.900385016809196e-38,-3.7302187720259965e-38,-4.5328498785050526e-38,0.0
-0.42342342342342343,5.0,8.008328578588151e-35,-1.625109563723696e-37,-2.7053592368393176e-37,-3.773144214240426e-37,-4.852684487042648e-37,-5.89683652135171e-37,0.0
-0.42142142142142147,5.0,1.035986645862579e-33,-2.1023011101002103e-36,-3.499751557547385e-36,-4.881077219181572e-36,-6.27760996046317e-36,-7.628363183409896e-36,0.0
-0.4194194194194194,5.0,1.3387439060365235e-32,-2.716678647394267e-35,-4.522520718794942e-35,-6.307525688839636e-35,-8.112181863161808e-35,-9.857679889609334e-35,0.0
-0.41741741741741745,5.0,1.7070466635192629e-31,-3.4640659800410605e-34,-5.766714506713896e-34,-8.042793422733976e-34,-1.0343929799366755e-33,-1.2569632989342972e-33,0.0
-0.4154154154154154,5.0,2.1032975477784772e-30,-4.268167729019432e-33,-7.10532215663303e-33,-9.909739461046867e-33,-1.2745030728420566e-32,-1.5487378762368665e-32,0.0
-0.4134134134134134,5.0,2.5325250454157294e-29,-5.139188073125323e-32,-8.555330812050971e-32,-1.1932055645266692e-31,-1.5345955002139167e-31,-1.864794386555775e-31,0.0
-0.41141141141141147,5.0,3.0726870633943244e-28,-6.235324992037887e-31,-1.0380096479927433e-30,-1.4477042620873132e-30,-1.8619092235971917e-30,-2.2625361979469312e-30,0.0
-0.4094094094094094,5.0,3.754319709242944e-27,-7.618544625004255e-30,-1.268277569255146e-29,-1.7688572028891668e-29,-2.274947741424164e-29,-2.764448206269442e-29,0.0
-0.40740740740740744,5.0,4.4621167884130655e-26,-9.054859070955536e-29,-1.5073843125848963e-28,-2.102337582461435e-28,-2.7038407210711703e-28,-3.28562608067832e-28,0.0
-0.4054054054054054,5.0,5.039497327335452e-25,-1.0226522579143074e-27,-1.702433973549272e-27,-2.374371880064405e-27,-3.0537071828245348e-27,-3.710773302751406e-27,0.0
-0.4034034034034034,5.0,5.9827432375956095e-24,-1.2140627294833058e-26,-2.0210796198775234e-26,-2.818784570425257e-26,-3.62527149256379e-26,-4.405321094797462e-26,0.0
-0.40140140140140146,5.0,7.519671667809437e-23,-1.525947671039946e-25,-2.5402820332446537e-25,-3.542912277880697e-25,-4.556580526378223e-25,-5.537019876765576e-25,0.0
-0.3993993993993994,5.0,9.063768276825978e-22,-1.8392872327226784e-24,-3.0619059879540177e-24,-4.270417290863838e-24,-5.49223315195902e-24,-6.673996861062755e-24,0.0
-0.39739739739739743,5.0,9.924314580785869e-21,-2.0139156854476846e-23,-3.352614201197219e-23,-4.675865853071144e-23,-6.013685245067849e-23,-7.307649791722044e-23,0.0
-0.39539539539539537,5.0,1.0269998174403832e-19,-2.0840643698451929e-22,-3.4693924145086205e-22,-4.83873555033916e-22,-6.223153849622882e-22,-7.562189752173802e-22,0.0
-0.3933933933933934,5.0,1.5505450291066287e-18,-3.1464812302065335e-21,-5.238023484506471e-21,-7.30543202377486e-21,-9.395600761592807e-21,-1.1417252009467698e-20,0.0
-0.39139139139139134,5.0,1.9281567872786778e-17,-3.9127590790209035e-20,-6.513664772054627e-20,-9.084559349276294e-20,-1.1683757026691333e-19,-1.419775081721434e-19,0.0
-0.3893893893893894,5.0,1.9438903299369503e-16,-3.944686753309364e-19,-6.566815544454961e-19,-9.158688332456742e-19,-1.1779095170768188e-18,-1.4313602868047526e-18,0.0
-0.3873873873873874,4.999999999999999,5.906183091135455e-16,-1.1985265754667057e-18,-1.9952162081347124e-18,-2.7827130642647967e-18,-3.578879510590643e-18,-4.34894695089266e-18,0.0
-0.38538538538538536,4.9999999999999964,1.5812970085172003e-15,-3.2088854327228675e-18,-5.341909271325865e-18,-7.45032075061816e-18,-9.581943831769197e-18,-1.1643690514722052e-17,0.0
-0.3833833833833834,4.999999999999992,3.782008703424966e-15,-7.674733190213002e-18,-1.2776314157455895e-17,-1.781902942355376e-17,-2.291726018090808e-17,-2.7848366644264456e-17,0.0
-0.38138138138138133,4.999999999999981,8.421143091606191e-15,-1.7088809532922144e-17,-2.844815497273084e-17,-3.967642813550299e-17,-5.102831388944871e-17,-6.200807527663508e-17,0.0
-0.3793793793793794,4.999999999999958,1.851909838741339e-14,-3.7580331033609495e-17,-6.256088694247609e-17,-8.725319927586866e-17,-1.122173504455053e-16,-1.3636315573437434e-16,0.0
-0.3773773773773774,4.99999999999991,4.024323860798645e-14,-8.166457119643362e-17,-1.3594898888082418e-16,-1.8960703400957764e-16,-2.438558030991328e-16,-2.9632625189173555e-16,0.0
-0.37537537537537535,4.999999999999808,8.606817993370477e-14,-1.746559484541274e-16,-2.9075398604917807e-16,-4.055124011961137e-16,-5.215341971719306e-16,-6.337527010521782e-16,0.0
-0.3733733733733734,4.999999999999594,1.815268009141258e-13,-3.6836767790282717e-16,-6.132305920863448e-16,-8.552681022979607e-16,-1.0999702149257037e-15,-1.3366507864033664e-15,0.0
-0.37137137137137133,4.999999999999153,3.7810086937330974e-13,-7.672703896213483e-16,-1.2772935942602933e-15,-1.781431785266387e-15,-2.291120057500151e-15,-2.7841003193063266e-15,0.0
-0.36936936936936937,4.999999999998257,7.779482639558512e-13,-1.5786704446887393e-15,-2.6280509110277138e-15,-3.665322872705954e-15,-4.714014210549708e-15,-5.728328563945239e-15,0.0
-0.3673673673673674,4.999999999996457,1.5816973963989196e-12,-3.2096979295768235e-15,-5.3432618545102874e-15,-7.452207188229469e-15,-9.584370001036097e-15,-1.164663872278664e-14,0.0
-0.36536536536536535,4.999999999992882,3.177976830359836e-12,-6.448986813710073e-15,-1.0735784487507818e-14,-1.4973118014337006e-14,-1.9257100546701275e-14,-2.340065052701008e-14,0.0
-0.3633633633633634,4.999999999985867,6.310085296424153e-12,-1.280489413306174e-14,-2.1316617287176218e-14,-2.973012607310968e-14,-3.8236259575846866e-14,-4.646355486510099e-14,0.0
-0.3613613613613613,4.999999999972263,1.2383488137661474e-11,-2.5129494634733503e-14,-4.1833678137616524e-14,-5.83451167874281e-14,-7.503833064754511e-14,-9.118432691125675e-14,0.0
-0.35935935935935936,4.999999999946191,2.402340960903652e-11,-4.8750088518707105e-14,-8.115545266290668e-14,-1.1318690046754462e-13,-1.4557098399851894e-13,-1.76893490022592e-13,0.0
-0.3573573573573574,4.9999999998968,4.607261353012956e-11,-9.349397210705507e-14,-1.5564167898258164e-13,-2.170722810305218e-13,-2.791791754866291e-13,-3.392501536841732e-13,0.0
-0.35535535535535534,4.999999999804317,8.735852490101443e-11,-1.7727441238415817e-13,-2.9511300635003944e-13,-4.1159189407959457e-13,-5.293531034022975e-13,-6.432540011960391e-13,0.0
-0.3533533533533534,4.999999999633129,1.6377844939121192e-10,-3.323514037225599e-13,-5.532734284554731e-13,-7.716462963741209e-13,-9.924232415411626e-13,-1.2059629326776397e-12,0.0
-0.3513513513513513,4.999999999319858,3.0362150673549685e-10,-6.161313307407385e-13,-1.0256887436596432e-12,-1.4305203893248451e-12,-1.839808845756746e-12,-2.235680482198225e-12,0.0
-0.34934934934934936,4.9999999987530614,5.56631077510176e-10,-1.1295571589882557e-12,-1.8804011506787487e-12,-2.622581365722939e-12,-3.372932277918412e-12,-4.098686055837011e-12,0.0
-0.3473473473473474,4.9999999977390885,1.009241698289595e-09,-2.048028275347098e-12,-3.409402255511282e-12,-4.755067726009676e-12,-6.1155476914352395e-12,-7.431429978814333e-12,0.0
-0.34534534534534533,4.999999995945396,1.8098772481946646e-09,-3.672737449104347e-12,-6.114094953471496e-12,-8.527282323444257e-12,-1.0967036587537474e-11,-1.332681365385875e-11,0.0
-0.3433433433433434,4.999999992807624,3.2104193863968754e-09,-6.514821669106304e-12,-1.0845381365200757e-11,-1.5125971956575685e-11,-1.945368777269323e-11,-2.3639537422513126e-11,0.0
-0.3413413413413413,4.999999987379187,5.6333298310707285e-09,-1.1431571665376715e-11,-1.9030414125107863e-11,-2.6541575688585245e-11,-3.413542798596151e-11,-4.14803474141423e-11,0.0
-0.33933933933933935,4.99999997809088,9.778919368622376e-09,-1.9844110166981855e-11,-3.303497064748059e-11,-4.607362551512798e-11,-5.925582355315355e-11,-7.200589804394095e-11,0.0
-0.3373373373373374,4.999999962371565,1.679460468621969e-08,-3.4080860477759914e-11,-5.673523358022422e-11,-7.91282042693742e-11,-1.0176770023736897e-10,-1.2366505446709816e-10,0.0
-0.3353353353353353,4.999999936057229,2.8538582130194292e-08,-5.7912612947564064e-11,-9.640852891390278e-11,-1.3446025137306602e-10,-1.7293088705808906e-10,-2.1014042290341126e-10,0.0
-0.33333333333333337,4.999999892482096,4.798534456043295e-08,-9.737543013197991e-11,-1.6210323612391237e-10,-2.2608416622187292e-10,-2.9076946544042323e-10,-3.5333432603281977e-10,0.0
-0.3313313313313313,4.999999821098656,7.984135470432408e-08,-1.620200174873201e-10,-2.697186458131663e-10,-3.761745700128286e-10,-4.838024726086282e-10,-5.879022417474237e-10,0.0
-0.32932932932932935,4.999999705409397,1.314677381745077e-07,-2.66784122053072e-10,-4.441219871264003e-10,-6.194136004490727e-10,-7.96635007673195e-10,-9.680469473744014e-10,0.0
-0.3273273273273274,4.999999519907237,2.1424515071965437e-07,-4.347622260713498e-10,-7.23759203762405e-10,-1.0094215263602237e-09,-1.2982287196010676e-09,-1.5775685682434028e-09,0.0
-0.3253253253253253,4.999999225608638,3.4556630070287383e-07,-7.012489303096951e-10,-1.167386072053e-09,-1.628144587391637e-09,-2.093975616616223e-09,-2.5445363080718774e-09,0.0
-0.32332332332332336,4.999998763618295,5.517063428743885e-07,-1.1195637908959767e-09,-1.8637649477878532e-09,-2.5993789736254862e-09,-3.3430914131057718e-09,-4.062424321139606e-09,0.0
-0.3213213213213213,4.999998045981668,8.719026934162133e-07,-1.769330430708468e-09,-2.9454472032049063e-09,-4.107993086113089e-09,-5.2833375016696865e-09,-6.420153108591761e-09,0.0
-0.31931931931931934,4.999996942858194,1.3640753988239734e-06,-2.7680848448277675e-09,-4.60809785369955e-09,-6.426879446711789e-09,-8.265684116796995e-09,-1.0044211149813068e-08,0.0
-0.31731731731731727,4.9999952647821315,2.112737625146089e-06,-4.287328192399279e-09,-7.137219028144584e-09,-9.95422571719174e-09,-1.2802245024753947e-08,-1.5556903688447538e-08,0.0
-0.3153153153153153,4.999992738472183,3.239781996877675e-06,-6.574415756187987e-09,-1.0944589047753331e-08,-1.5264335999602892e-08,-1.9631639387674553e-08,-2.3855778485404513e-08,0.0
-0.31331331331331336,4.999988974313479,4.918978779869111e-06,-9.981978834007075e-09,-1.661724175669449e-08,-2.317594192114776e-08,-2.980684744314662e-08,-3.622038535632044e-08,0.0
-0.3113113113113113,4.999983423282077,7.395179125202399e-06,-1.5006895672380557e-08,-2.498234236979269e-08,-3.48426844508332e-08,-4.4811580220861786e-08,-5.44536850602978e-08,0.0
-0.30930930930930933,4.999975320738775,1.1009369185881592e-05,-2.23411377733771e-08,-3.719183253210609e-08,-5.187116764533822e-08,-6.671210984096395e-08,-8.10665487225945e-08,0.0
-0.30730730730730726,4.999963614221743,1.623085287083045e-05,-3.2937086710264205e-08,-5.483116476675096e-08,-7.647260960211552e-08,-9.835230957780766e-08,-1.1951476427247333e-07,0.0
-0.3053053053053053,4.999946872158508,2.3697933402999092e-05,-4.809010595220782e-08,-8.005676171973908e-08,-1.1165455551668554e-07,-1.436002182750947e-07,-1.7449865335785333e-07,0.0
-0.30330330330330335,4.999923170348156,3.4268494095186225e-05,-6.954121680558724e-08,-1.1576694315112901e-07,-1.6145926766907154e-07,-2.0765463652812792e-07,-2.523356363811292e-07,0.0
-0.3013013013013013,4.999889953195685,4.908182910751288e-05,-9.960263228811002e-08,-1.6581090496612988e-07,-2.3125518579035588e-07,-2.9741997734684596e-07,-3.6141573710523856e-07,0.0
-0.2992992992992993,4.999843868167174,6.963280889112442e-05,-4.7477171159426706e-07,-5.183789863587552e-07,-3.2503994369091324e-07,-4.177786649976062e-07,-5.079866148966662e-07,0.0
-0.29729729729729726,4.999780571651723,9.785666044587914e-05,-5.616778160140309e-07,-6.419975996016701e-07,-4.577415195152262e-07,-5.88420040928001e-07,-7.153783322486606e-07,0.0
-0.2952952952952953,4.999694505421317,0.0001362314265685742,-9.625013689523477e-07,-8.649130046939496e-07,-6.364688649677819e-07,-8.183030046502383e-07,-9.94701005031843e-07,0.0
-0.29329329329329334,4.999578649657213,0.00018788986317020974,-2.1229303496782188e-06,-2.8265062149493463e-06,-8.66033629564229e-07,-1.1113974239969694e-06,-1.353474381867007e-06,0.0
-0.2912912912912913,4.99942428015949,0.00025674968810004175,-3.8393149206002e-06,-6.524302694970213e-06,-1.1276819125993378e-05,-1.32320284185574e-05,-1.4165003436720498e-05,0.0
-0.2892892892892893,4.999220634239006,0.0003475554511285999,-5.6465860463049436e-06,-9.41300508226675e-06,-1.2409439911217126e-05,-1.4690113385269381e-05,-1.5908276342388145e-05,2.0
-0.28728728728728725,4.998954617537535,0.00046615871463083253,-7.529668511792785e-06,-1.1980387410821902e-05,-1.5675705528646944e-05,-1.8907822825238165e-05,-2.092297672889317e-05,4.0
-0.2852852852852853,4.998610561798386,0.0006195535078423416,-1.0108800218187976e-05,-1.6184588279334927e-05,-2.1418263876786304e-05,-2.6314064190463914e-05,-2.9711820200301158e-05,5.0
-0.28328328328328334,4.9981699302504214,0.0008160041717193421,-1.3709878594247644e-05,-2.2080785441418033e-05,-2.941680752112095e-05,-3.656459586777171e-05,-4.177968871629663e-05,5.0
-0.28128128128128127,4.997611097354799,0.0010651494786262934,-1.8453941875514334e-05,-2.980014780384304e-05,-3.980374470083286e-05,-4.974155570632491e-05,-5.707701833862496e-05,5.0
-0.2792792792792793,4.996909194272778,0.0013780729278924171,-2.4553446831586123e-05,-3.9675206639000584e-05,-5.3002481812305966e-05,-6.634501467437378e-05,-7.611859076391974e-05,5.0
-0.27727727727727725,4.996036035216995,0.0017673350626853906,-3.231768896619288e-05,-5.2210341198770975e-05,-6.969483268971788e-05,-8.727339907594912e-05,-9.999837460791468e-05,5.0
-0.2752752752752753,4.994960149032905,0.002246961728322612,-4.213820907870553e-05,-6.804784338093865e-05,-9.075406968514019e-05,-0.00011368154491916988,-0.00013011593444425208,5.0
-0.27327327327327333,4.993646932113931,0.002832380661399656,-5.4475718795466855e-05,-8.793356339840088e-05,-0.00011717312303027703,-0.00014683190842434716,-0.00016790968470301282,5.0
-0.27127127127127126,4.992058929939924,0.003540299821729209,-6.98527780816146e-05,-0.00011270085787900609,-0.0001500375786514665,-0.0001880611491505369,-0.0002148345147072635,5.0
-0.2692692692692693,4.990156250117429,0.004388524947595512,-8.885508086916507e-05,-0.0001432771454010127,-0.00019054505265182482,-0.00023883778880145416,-0.00027248529873511135,5.0
-0.26726726726726724,4.987897105723045,0.005395719048707607,-0.00011213769719380188,-0.000180698958426685,-0.0002400339658020279,-0.00030081677594695716,-0.00034267845683461876,5.0
-0.2652652652652653,4.985238479332317,0.006581110586366684,-0.00014042989562131696,-0.00022612031263454654,-0.00029999391261887546,-0.0003758476139432745,-0.00042744544740100013,5.0
-0.2632632632632632,4.982136886630876,0.007964159644452379,-0.0001745353543701604,-0.00028081057850176477,-0.00037205733756335885,-0.0004659530515081991,-0.0005289908821553955,5.0
-0.26126126126126126,4.978549209483793,0.00956419407657723,-0.0002153285917880105,-0.00034614620988517475,-0.00045798405886055297,-0.0005733042494523172,-0.0006496569638618044,5.0
-0.2592592592592593,4.974433563313738,0.011400030451370476,-0.0002637495572590204,-0.0004236006408908641,-0.0005596455963906589,-0.0007002007420624746,-0.000791899267724602,5.0
-0.25725725725725723,4.969750161004986,0.013489596373103369,-0.0003207973390593248,-0.0005147334488128602,-0.0006790094775828344,-0.0008490514881692343,-0.00095826413979057,5.0
-0.2552552552552553,4.964462135055988,0.01584957097382191,-0.0003875229658215018,-0.0006211780813313372,-0.0008181214909208783,-0.0010223522599154028,-0.0011513602539674956,5.0
-0.2532532532532532,4.958536281958937,0.01849505926030486,-0.0004650210758550683,-0.000744627548204945,-0.0009790848674558095,-0.001222657998508848,-0.0013738232246377849,5.0
-0.25125125125125125,4.951943697787377,0.021439313783078062,-0.0005544204912320135,-0.0008868182371711683,-0.0011640368689671363,-0.0014525515373054923,-0.0016282761030805327,5.0
-0.2492492492492493,4.944660281146513,0.024693514003664045,-0.0006568740157319458,-0.0010495125393332138,-0.0013751239969139449,-0.0017146108492286343,-0.0019172889930189954,5.0
-0.24724724724724723,4.936667088092422,0.02826661003350601,-0.0007735478871173516,-0.0012344810718512074,-0.0016144770113249419,-0.002011376444535049,-0.0022433397328281207,5.0
-0.24524524524524527,4.927950532494586,0.03216523345969927,-0.0009056112802412089,-0.0014434851473282054,-0.001884186628836355,-0.0023453198598660293,-0.0026087765234780918,5.0
-0.2432432432432432,4.918502433904208,0.036393674167200574,-0.0010542261741855496,-0.0016782599746033675,-0.002186280513289074,-0.002718813870610018,-0.0030157831012378616,5.0
-0.24124124124124124,4.908319922695844,0.04095391875780193,-0.0012205378278187437,-0.001940498974139593,-0.002522702058673607,-0.0031341050368552475,-0.003466347174517865,5.0
-0.2392392392392393,4.897405218531092,0.04584574355720512,-0.0014056660629582203,-0.0022318395334185283,-0.0028952914085149987,-0.003593289195516364,-0.003962232897735061,5.0
-0.23723723723723722,4.885765302667409,0.051066853373479985,-0.001610697515406698,-0.0025538504681900127,-0.0033057690750884073,-0.0040982904061271285,-0.00450495799768813,5.0
-0.23523523523523526,4.873411507175271,0.05661305612660958,-0.001836678968323748,-0.002908021374778302,-0.003755722398804114,-0.004650843668278501,-0.005095775893821827,5.0
-0.2332332332332332,4.8603590448534115,0.062478463160658256,-0.002084611830137795,-0.003295753965935233,-0.004246594948948281,-0.005252481528158629,-0.0057356628889547465,5.0
-0.23123123123123124,4.846626502828505,0.06865570538060221,-0.00235544776822866,-0.003718355395257391,-0.004779678841194383,-0.005904524526674379,-0.006425310307109644,5.0
-0.22922922922922928,4.832235320851613,0.07513615619040119,-0.002650085466598435,-0.004177033503796778,-0.005356109848373629,-0.006608075319793367,-0.007165121314511891,5.0
-0.2272272272272272,4.817209272534869,0.08191015339448801,-0.0029693684430624964,-0.0046728938692278815,-0.005976865108584689,-0.007364016212737524,-0.007955212056547787,5.0
-0.22522522522522526,4.801573964560867,0.08896721361041171,-0.0033140838383438924,-0.005206938500305044,-0.006642763183826383,-0.008173009784271174,-0.008795416665464966,5.0
-0.2232232232232232,4.785356365545843,0.09629623419116853,-0.003684962074166699,-0.005780065994488616,-0.0073544661890439155,-0.009035502232597086,-0.009685295640225657,5.0
-0.22122122122122123,4.768584372982351,0.10388567906205921,-0.004082677268707668,-0.006393072962718321,-0.008112483693795709,-0.00995172905021268,-0.01062414707321566,5.0
-0.21921921921921927,4.75128642369684,0.11172374615868241,-0.004507848294711126,-0.007046656521133837,-0.008917178095169159,-0.010921722630347668,-0.011611020197173218,5.0
-0.2172172172172172,4.733491150642601,0.11979851526068822,-0.0049610403673885405,-0.007741417653683752,-0.009768771168975354,-0.01194532141906846,-0.012644730744859304,5.0
-0.21521521521521525,4.715227086670343,0.12809807592887046,-0.00544276705492489,-0.00847786526021876,-0.010667351523834233,-0.013022180250494914,-0.013723877647608086,5.0
-0.21321321321321318,4.696522414197234,0.13661063597121695,-0.005953492612879969,-0.009256420719853897,-0.01161288270657671,-0.014151781533754685,-0.014846860641725391,5.0
-0.21121121121121122,4.677404758416743,0.14532461140028582,-0.006493634553924266,-0.010077422817279295,-0.012605211734833107,-0.015333446996031522,-0.01601189839979639,5.0
-0.20920920920920927,4.6579010208141405,0.1542286992200196,-0.007063566375283892,-0.010941132898816028,-0.013644077861682908,-0.016566349723863658,-0.017217046854363923,5.0
-0.2072072072072072,4.638037249217036,0.16331193461748517,-0.007663620377306054,-0.011847740144238198,-0.014729121406259685,-0.01784952628280526,-0.018460217431795385,5.0
-0.20520520520520524,4.617838540350442,0.17256373425704674,-0.008294090517216544,-0.01279736685891922,-0.015859892512107295,-0.01918188873220093,-0.019739194962593177,5.0
-0.20320320320320318,4.597328970817077,0.1819739274038277,-0.00895523525210321,-0.013790073708164503,-0.017035859721083346,-0.020562236386064147,-0.021051655079542327,5.0
-0.20120120120120122,4.57653155252949,0.19153277656183285,-0.00964728033422652,-0.01482586483132639,-0.01825641827420719,-0.02198926720220576,-0.022395180956064086,5.0
-0.19919919919919926,4.5554682088344975,0.20123098922021948,-0.010370421529828774,-0.015904692787286883,-0.019520898071802954,-0.02346158870947882,-0.023767279273540186,5.0
-0.1971971971971972,4.534159767856143,0.21105972217694943,-0.011124827239657594,-0.017026463295092328,-0.020828571243531005,-0.02497772840719905,-0.025165395338100652,5.0
-0.19519519519519524,4.512625969912104,0.22101057976739918,-0.011910641005461032,-0.01819103974397856,-0.02217865929450905,-0.026536143591548184,-0.026586927294555612,5.0
-0.19319319319319317,4.490885486207863,0.23107560717775286,-0.012727983891806918,-0.01939824745583246,-0.023570339806848008,-0.028135230581253053,-0.02802923940804358,5.0
-0.1911911911911912,4.468955946364731,0.24124727987692735,-0.013576956736804697,-0.020647877690431023,-0.02500275268677026,-0.029773333329302397,-0.029489674402888702,5.0
-0.18918918918918914,4.446853972677825,0.25151849006115423,-0.014457642268748551,-0.02193969138972831,-0.026475005956260605,-0.03144875141919672,-0.030965564863475008,5.0
-0.1871871871871872,4.424595219317761,0.261882530874841,-0.015370107088446295,-0.023273422662179886,-0.02798618109515732,-0.03315974745352731,-0.03245424371405245,5.0
-0.18518518518518523,4.402194414978748,0.27233307905141146,-0.016314403519140278,-0.024648782011762158,-0.029535337944960775,-0.03490455384986417,-0.03395305380370226,5.0
-0.18318318318318316,4.379665407733092,0.2828641765092801,-0.017290571327552035,-0.026065459319113745,-0.031121519189651246,-0.03668137906431037,-0.035459356629612804,5.0
-0.1811811811811812,4.357021211077827,0.2934702113414618,-0.01829863932077702,-0.02752312658424521,-0.03274375443168596,-0.038488413266953375,-0.03697054023674562,5.0
-0.17917917917917914,4.334274050355206,0.3041458985526809,-0.019338626824593228,-0.02902144044166406,-0.03440106388328763,-0.040323833496079514,-0.03848402633525781,5.0
-0.17717717717717718,4.311435408897678,0.3148862608249675,-0.020410545049296576,-0.030560044459660967,-0.03609246169431815,-0.0421858083196608,-0.03999727667900498,5.0
-0.17517517517517522,4.288516073392394,0.3256866095309029,-0.021514398349490746,-0.032138571235998975,-0.037816958938598655,-0.04407250203346898,-0.04150779874934499,5.0
-0.17317317317317316,4.265526178082658,0.33654252616184044,-0.022650185384387737,-0.03375664430242256,-0.03957356628061931,-0.04598207842539275,-0.04301315078851635,5.0
-0.1711711711711712,4.2424752475261975,0.3474498442952877,-0.023817900185154915,-0.0354138798503242,-0.04136129634427824,-0.04791270413526075,-0.04451094622625919,5.0
-0.16916916916916913,4.219372237714727,0.3584046321899659,-0.025017533135708953,-0.037109888289632284,-0.043179165804692686,-0.04986255163882235,-0.04599885754223348,5.0
-0.16716716716716717,4.196225575428183,0.3694031760676578,-0.026249071873132017,-0.038844275652560885,-0.04502619722330696,-0.05182980188359917,-0.047474619605292284,5.0
-0.16516516516516522,4.173043195752331,0.38044196411694,-0.02751250211359722,-0.04061664485333216,-0.04690142064554843,-0.053812646603171865,-0.04893603252889607,5.0
-0.16316316316316315,4.149832577732324,0.39151767123442643,-0.02880780840935807,-0.04242659681438196,-0.04880387497920849,-0.055809290335174414,-0.05038096407999345,5.0
-0.1611611611611612,4.126600778169373,0.4026271445036534,-0.030134974841997862,-0.04427373146891442,-0.050732609170593114,-0.05781795216688153,-0.0518073516766174,5.0
-0.15915915915915912,4.103354463594396,0.4137673893995652,-0.03149398565676542,-0.04615764864901063,-0.052686683194334755,-0.05983686723084231,-0.05321320400731074,5.0
-0.15715715715715717,4.080099940473139,0.42493555669724004,-0.032884825842453565,-0.04807794886783225,-0.05466516887160882,-0.061864287971561814,-0.054596602303345176,5.0
-0.1551551551551552,4.0568431837125845,0.43612893005645675,-0.034307481660914164,-0.05003423400381094,-0.05666715053037238,-0.06389848520279229,-0.055955701292567994,5.0
-0.15315315315315314,4.033589863549658,0.4473449142485622,-0.03576194112995928,-0.052026107894088354,-0.05869172552015773,-0.06593774897358498,-0.05728872986162586,5.0
-0.1511511511511512,4.0103453709109695,0.4585810239883978,-0.03724819446306823,-0.054053176843871294,-0.060738004592909955,-0.06798038925988634,-0.05859399145129251,5.0
-0.14914914914914912,3.9871148413372675,0.4698348733315348,-0.03876623446901951,-0.05611505005780581,-0.06280511216037213,-0.0700247364971518,-0.05986986420768589,5.0
-0.14714714714714716,3.9639031775690867,0.4811041655954597,-0.04031605691428738,-0.05821133999894792,-0.06489218643758918,-0.07206914196820088,-0.061114800910303704,5.0
-0.1451451451451452,3.9407150708911796,0.49238668376246875,-0.04189766085079344,-0.060341662680425553,-0.06699837948122975,-0.07411197805935842,-0.062327328696045604,5.0
-0.14314314314314314,3.9175550213331842,0.5036802813216921,-0.043511048911381585,-0.0625056378944426,-0.06912285713061139,-0.07615163839681277,-0.0635060485967244,5.0
-0.14114114114114118,3.894427356822894,0.5149828735077463,-0.04515622757519152,-0.06470288938287472,-0.07126479885855908,-0.07818653787407658,-0.06464963490599643,5.0
-0.1391391391391391,3.871336251386698,0.5262924288938645,-0.046833207404942255,-0.0669330449533456,-0.07342339753852856,-0.08021511258045506,-0.06575683439016322,5.0
-0.13713713713713716,3.8482857424894865,0.5376069612979036,-0.04854200325800087,-0.06919573654435042,-0.07559785913378096,-0.08223581963950188,-0.06682646535590252,5.0
-0.1351351351351351,3.8252797476036924,0.5489245219602775,-0.05028263447300399,-0.0714906002427094,-0.07778740231380274,-0.08424713696557404,-0.06785741658667734,5.0
-0.13313313313313313,3.8023220800943256,0.5602431919535974,-0.052055125033720506,-0.07381727625638729,-0.07999125800262058,-0.08624756294577551,-0.06884864615834037,5.0
-0.13113113113113117,3.779416464503998,0.5715610747845568,-0.0538595037117909,-0.07617540884550292,-0.08220866886316584,-0.08823561605380055,-0.06979918014329023,5.0
-0.1291291291291291,3.756566551319086,0.582876289149369,-0.05569580418995489,-0.0785646462141738,-0.08443888872138701,-0.09020983440144702,-0.07070811121144664,5.0
-0.12712712712712715,3.733775931295431,0.5941869618048451,-0.05756406516738027,-0.08098464036569505,-0.08668118193339795,-0.0921687752328631,-0.07157459713528429,5.0
-0.12512512512512508,3.7110481494193213,0.6054912205179547,-0.059464330448733775,-0.08343504692343258,-0.08893482269856838,-0.09411101436590781,-0.0723978592051974,5.0
-0.12312312312312312,3.688386718576934,0.6167871870574284,-0.0613966490186879,-0.0859155249197214,-0.09119909432111976,-0.09603514558435149,-0.07317718056055557,5.0
-0.12112112112112117,3.6657951330029483,0.6280729701916333,-0.06336107510363233,-0.08842573655498884,-0.09347328842246434,-0.09793977998399726,-0.07391190444095051,5.0
-0.1191191191191191,3.64327688157657,0.6393466586576108,-0.06535766822245798,-0.09096534692927763,-0.09575670410622968,-0.0998235452751816,-0.0746014323613235,5.0
-0.11711711711711714,3.620835461030779,0.6506063140667646,-0.06738649322839989,-0.09353402374831186,-0.09804864707762649,-0.101685085043492,-0.07524522221390134,5.0
-0.11511511511511507,3.5984743891381537,0.6618499637133199,-0.06944762034406353,-0.0961314370062338,-0.10034842871854913,-0.10352305796993133,-0.07584278629915363,5.0
-0.11311311311311312,3.5761972179340935,0.6730755932523703,-0.07154112519191591,-0.09875725864713561,-0.10265536511953754,-0.10533613701115291,-0.07639368928732065,5.0
-0.11111111111111116,3.5540075470356225,0.6842811392150978,-0.07366708882269461,-0.10141116220751299,-0.10496877606947418,-0.10712300853978622,-0.07689754611144596,5.0
-0.10910910910910909,3.53190903711111,0.6954644813297175,-0.07582559774437395,-0.10409282244177663,-0.1072879840036341,-0.10888237144427178,-0.0773540197922878,5.0
-0.10710710710710714,3.5099054235530875,0.706623434617869,-0.07801674395452418,-0.10680191493296352,-0.10961231291044757,-0.11061293618702055,-0.07776281919498255,5.0
-0.10510510510510507,3.488000530402734,0.7177557412376513,-0.08024062497910148,-0.10953811569079183,-0.11194108719706669,-0.11231342381910892,-0.07812369671689416,5.0
-0.10310310310310311,3.4661982845703916,0.7288590620463546,-0.0824973439209084,-0.11230110073918474,-0.11427363051354286,-0.11398256494911416,-0.0784364459057215,5.0
-0.10110110110110115,3.444502730391459,0.739930967858296,-0.08478700952116011,-0.11509054569535598,-0.1166092645351205,-0.1156190986630935,-0.07870089900665754,5.0
-0.09909909909909909,3.42291804455102,0.7509689303761163,-0.08710973623776716,-0.11790612534247222,-0.11894730770182195,-0.11722177139211262,-0.07891692443721986,5.0
-0.09709709709709713,3.40144855140332,0.7619703127776121,-0.08946564434409372,-0.12074751319778945,-0.1212870739141358,-0.11878933572314711,-0.07908442418832073,5.0
-0.09509509509509506,3.380098738703521,0.7729323599448473,-0.09185486005204813,-0.12361438107797397,-0.12362787118321836,-0.12032054914862544,-0.07920333115024698,5.0
-0.0930930930930931,3.3588732737586593,0.78385218832806,-0.09427751566339497,-0.12650639866304725,-0.12596900023356808,-0.12181417274936629,-0.07927360636250261,5.0
-0.09109109109109115,3.337777019992179,0.7947267754440643,-0.09673374975311759,-0.12942323306001605,-0.12830975305562953,-0.1232689698052145,-0.07929523618697926,5.0
-0.08908908908908908,3.3168150539013115,0.8055529490176089,-0.09922370738846907,-0.1323645483667288,-0.13064941140521244,-0.1246837043273176,-0.0792682294046978,5.0
-0.08708708708708712,3.2959926823686314,0.8163273757848343,-0.10174754038699922,-0.13533000523580935,-0.1329872452459742,-0.1260571395057509,-0.07919261423748047,5.0
-0.08508508508508505,3.27531546026776,0.8270465499908655,-0.10430540761627752,-0.1383192604376139,-0.13532251113049484,-0.1273880360661354,-0.07906843529741864,5.0
-0.0830830830830831,3.254789208277984,0.8377067816290081,-0.10689747533719675,-0.1413319664199941,-0.13765445051467118,-0.12867515052905415,-0.07889575046898942,5.0
-0.08108108108108114,3.2344200307929736,0.8483041844873597,-0.10952391759156854,-0.14436777086117128,-0.13998228799926576,-0.12991723336652716,-0.0786746277312225,5.0
-0.07907907907907907,3.2142143337742533,0.8588346640902805,-0.11218491663313801,-0.14742631621018323,-0.14230522949146818,-0.13111302705064143,-0.0784051419305395,5.0
-0.07707707707707712,3.194178842360126,0.8692939056474811,-0.11488066339905673,-0.1505072392070853,-0.14462246027827355,-0.13226126399074728,-0.07808737151888838,5.0
-0.07507507507507505,3.174320617994833,0.8796773621528364,-0.11761135801616672,-0.1536101703723149,-0.14693314300236152,-0.13336066435754582,-0.07772139527670187,5.0
-0.07307307307307309,3.154647074790455,0.8899802428088278,-0.1203772103330567,-0.15673473345128824,-0.149236415530007,-0.13440993379505498,-0.07730728904615936,5.0
-0.07107107107107113,3.1351659947751047,0.9001975019909556,-0.12317844046463612,-0.15988054479633568,-0.15153138869941218,-0.135407761025011,-0.0768451225073566,5.0
-0.06906906906906907,3.1158855416151567,0.9103238290098319,-0.12601527933082324,-0.16304721266344185,-0.15381714393678136,-0.13635281535293217,-0.07633495603843393,5.0
-0.06706706706706711,3.0968142723267458,0.9203536389769131,-0.1288879691647413,-0.16623433639590318,-0.1560927307265602,-0.1372437440910605,-0.0757768377106035,5.0
-0.06506506506506504,3.077961146412968,0.9302810651328551,-0.13179676395846174,-0.16944150546093853,-0.15835716392165436,-0.13807916992093278,-0.0751708004804642,5.0
-0.06306306306306309,3.0593355317790016,0.9400999530547796,-0.13474192980575117,-0.17266829829852742,-0.16060942087929375,-0.13885768822767786,-0.07451685965507265,5.0
-0.06106106106106102,3.0409472066892307,0.9498038572194839,-0.13772374509142868,-0.17591428093438577,-0.16284843840873275,-0.13957786444955042,-0.07381501071996752,5.0
-0.05905905905905906,3.022806356940564,0.9593860404625729,-0.14074250046584905,-0.17917900530119146,-0.16507310951844736,-0.14023823149995532,-0.07306522763666894,5.0
-0.0570570570570571,3.0049235673375323,0.9688394769366628,-0.1437984985307979,-0.1824620072042028,-0.1672822799532345,-0.1408372873355307,-0.072267461733917,5.0
-0.055055055055055035,2.987309806471544,0.978156859232729,-0.14689205314995094,-0.18576280385966423,-0.16947474451604394,-0.14137349276293476,-0.07142164133576484,5.0
-0.05305305305305308,2.9699764037341057,0.9873306103838946,-0.1500234882833664,-0.18908089092738886,-0.1716492431759379,-0.1418452695989252,-0.07052767228908932,5.0
-0.05105105105105101,2.9529350174384335,0.9963529015162542,-0.15319313623182482,-0.1924157389533734,-0.17380445697281266,-0.14225099932312327,-0.06958543957238969,5.0
-0.049049049049049054,2.9361975928936084,1.0052156759414355,-0.15640133516395416,-0.19576678913511786,-0.17593900374198498,-0.14258902239029628,-0.06859481018588165,5.0
-0.0470470470470471,2.9197763092795457,1.013910680494372,-0.15964842578804037,-0.19913344832261112,-0.1780514336980454,-0.14285763839864413,-0.06755563753851206,5.0
-0.04504504504504503,2.903683514219958,1.0224295049000047,-0.1629347470224973,-0.2025150831729824,-0.1801402249380298,-0.14305510734161875,-0.0664677675588888,5.0
-0.04304304304304307,2.8879316450556245,1.0307636298966087,-0.16626063051577364,-0.20591101338807682,-0.1822037789494333,-0.14317965220207332,-0.06533104676213637,5.0
-0.041041041041041004,2.8725331359933564,1.0389044847428395,-0.16962639386983566,-0.2093205039832576,-0.18424041623911902,-0.14322946317731333,-0.06414533250085647,5.0
-0.03903903903903905,2.8575003105584713,1.0468435145823016,-0.1730323324333465,-0.2127427565641095,-0.18624837223470841,-0.14320270384963252,-0.06291050561286078,5.0
-0.03703703703703709,2.8428452591203692,1.0545722579260328,-0.17647870955342107,-0.21617689962684358,-0.1882257936500806,-0.14309751963628134,-0.06162648564810019,5.0
-0.03503503503503502,2.828579701699188,1.0620824342340593,-0.17996574521045822,-0.2196219779491272,-0.19017073555005387,-0.14291204886197928,-0.06029324880910601,5.0
-0.033033033033033066,2.814714836799541,1.06936604122903,-0.18349360301083148,-0.22307694120120908,-0.19208115939431114,-0.1426444367919497,-0.05891084867036266,5.0
-0.031031031031030998,2.8012611776519005,1.076415461158929,-0.18706237557839325,-0.22654063198213567,-0.19395493238444544,-0.14229285293947447,-0.05747943964996205,5.0
-0.02902902902902904,2.7882283779623456,1.0832235747480425,-0.19067206846806942,-0.23001177357084435,-0.19578982847690385,-0.14185551191441564,-0.05599930309022883,5.0
-0.027027027027027084,2.77562505005677,1.0897838810484464,-0.19432258282229178,-0.233488957773785,-0.19758353145393423,-0.14133069800354903,-0.05447087566283717,5.0
-0.025025025025025016,2.7634585791249333,1.0960906208482493,-0.1980136971008996,-0.23697063334450835,-0.1993336404588571,-0.14071679356617475,-0.052894779650367874,5.0
-0.02302302302302306,2.75173493808059,1.1021389007354652,-0.20174504833273998,-0.2404550955395741,-0.20103767839501072,-0.14001231118705393,-0.0512718544749484,5.0
-0.02102102102102099,2.7404585083031607,1.1079248143932168,-0.2055161134556111,-0.2439404774506749,-0.20269310355343853,-0.13921592935322374,-0.04960318865324075,5.0
-0.019019019019019034,2.729631912152219,1.1134455572546706,-0.2093261914213945,-0.24742474380515084,-0.20429732476729123,-0.1383265312146729,-0.047890151166450255,5.0
-0.017017017017017078,2.719255863581569,1.1186995303204648,-0.21317438683433818,-0.2509056879455523,-0.2058477202870426,-0.13734324575797083,-0.04613442105821083,5.0
-0.01501501501501501,2.7093290433579904,1.1236864287837256,-0.21705959595043903,-0.2543809326733954,-0.20734166042849556,-0.13626549047775732,-0.04433801392873802,5.0
-0.013013013013013053,2.6998480052508156,1.1284073111603086,-0.22098049588249735,-0.2578479355641344,-0.20877653386717798,-0.13509301438890234,-0.0425033038987036,5.0
-0.011011011011010985,2.6908071190566143,1.1328646449176727,-0.22493553781760858,-0.2613039992241486,-0.21014977724440614,-0.1338259400014879,-0.040633039589113164,5.0
-0.009009009009009028,2.6821985554347494,1.1370623251531853,-0.22892294495316826,-0.2647462867651301,-0.2114589075230272,-0.13246480270374006,-0.03873035272038018,5.0
-0.00700700700700696,2.67401231625957,1.14100566369061,-0.23294071568967126,-0.268171842521283,-0.2127015563002708,-0.1310105858879417,-0.0367987580869164,5.0
-0.005005005005005003,2.6662363125822153,1.1447013470183143,-0.23698663238499812,-0.2715776177411307,-0.2138755050706948,-0.1294647501331511,-0.034842143918548014,5.0
-0.0030030030030030463,2.658856490413028,1.1481573627364325,-0.24105827568318355,-0.27496050066562994,-0.2149787202555825,-0.12782925484403265,-0.03286475199408022,5.0
-0.0010010010010009784,2.6518570024903916,1.1513828955428544,-0.24515304409522382,-0.278317350080253,-0.21600938669813322,-0.12610657094805355,-0.030871147312765655,5.0
0.0010010010010010895,2.645220422124733,1.154388195181535,-0.24926817815060592,-0.28164503112670114,-0.21696593828552996,-0.12429968357485188,-0.02886617763362152,5.0
0.0030030030030030463,2.6389279932431844,1.1571844201031005,-0.25340078808077837,-0.28494045190693196,-0.2178470844132837,-0.12241208407158968,-0.02685492372876446,5.0
0.005005005005005003,2.6329599090571048,1.1597834617481189,-0.25754788366691217,-0.28820059923317076,-0.21865183116022702,-0.12044775122460315,-0.0248426417267173,5.0
0.00700700700700696,2.6272956104626797,1.1621977552682063,-0.26170640461083267,-0.29142257179246206,-0.21937949629080844,-0.11841112212788261,-0.022834699403212852,5.0
0.009009009009008917,2.621914094466235,1.1644400830792467,-0.26587324959366476,-0.2946036090155282,-0.2200297175316926,-0.11630705372180228,-0.02083650866954487,5.0
0.011011011011011096,2.616794222662124,1.1665233778515336,-0.27004530208974226,-0.297741114070545,-0.22060245395975184,-0.11414077657554109,-0.01885345677655693,5.0
0.013013013013013053,2.6119150200956396,1.16846053137264,-0.2742194510146109,-0.300832669636604,-0.2210979807588738,-0.11191784295834978,-0.016890838869923517,5.0
0.01501501501501501,2.6072559556810373,1.1702642151920324,-0.27839260440836217,-0.3038760454340092,-0.22151687802010575,-0.10964407159771053,-0.014953794485960186,5.0
0.017017017017016967,2.6027971966354833,1.1719467181236198,-0.2825616945840751,-0.3068691968771342,-0.2218600146394409,-0.10732549172512824,-0.0130472503673956,5.0
0.019019019019018923,2.598519831018839,1.1735198046181519,-0.28672367349403344,-0.30981025464400963,-0.2221285286789797,-0.10496828904377282,-0.011175871619966618,5.0
0.021021021021021102,2.594406054300154,1.174994596811272,-0.29087549746692326,-0.31269750539751456,-0.22232380577525945,-0.10257875611144504,-0.0093440227503477,5.0
0.02302302302302306,2.590439317761164,1.1763814817986662,-0.29501410092773467,-0.31552936431976625,-0.22244745728636134,-0.10016324932642696,-0.007555739560175198,5.0
0.025025025025025016,2.5866044383591005,1.1776900444764853,-0.29913635920806336,-0.3183043405115541,-0.22250129985927092,-0.09772815425436344,-0.005814712261738543,5.0
0.027027027027026973,2.582887671289414,1.1789290251890274,-0.30323904106799143,-0.3210209966448802,-0.2224873379722458,-0.09527986047307786,-0.004124279571748336,5.0
0.02902902902902893,2.5792767478257193,1.1801063005045014,-0.3073187520634597,-0.3236779045268763,-0.2224077507730847,-0.09282474647755914,-0.0024874329715791612,5.0
0.03103103103103111,2.575760882014516,1.1812288847300634,-0.31137187038860287,-0.3262735984306875,-0.22226488420915538,-0.0903691745209707,-0.0009068298311260337,5.0
0.033033033033033066,2.572330750444722,1.182302949294266,-0.31539447728608794,-0.32880652817072015,-0.22206124904944793,-0.08791949461121641,0.0006151862932841464,5.0
0.03503503503503502,2.5689784496062997,1.1833338568642975,-0.3193822845360464,-0.3312750139463094,-0.22179952495633135,-0.08548205627559093,0.002076560139894392,5.0
0.03703703703703698,2.5656974353332775,1.1843262070066634,-0.3233305618917134,-0.3336772049515397,-0.22148257030005888,-0.08306322618303373,0.0034754960852462387,5.0
0.039039039039038936,2.5624824485477458,1.1852838903119483,-0.32723406761249346,-0.33601104365263257,-0.22111343694766786,-0.080669409303291,0.004810428432525577,5.0
0.041041041041041115,2.5593294310479573,1.1862101481488296,-0.3310869854369566,-0.3382742374713891,-0.22069538882451914,-0.07830707100694846,0.006079992599674786,5.0
0.04304304304304307,2.55623543448477,1.1871076355494705,-0.33488287142228323,-0.3404642393871928,-0.22023192266499264,-0.0759827573847122,0.007282998925716489,5.0
0.04504504504504503,2.553198525014221,1.1879784851188537,-0.3386146140360865,-0.3425782386853899,-0.21972678906088677,-0.07370311109589449,0.008418410487404555,5.0
0.047047047047046986,2.550217685461586,1.1888243702698598,-0.3422744107058713,-0.34461316274202336,-0.21918401170163954,-0.07147488024454943,0.009485325926688479,5.0
0.04904904904904894,2.5472927162358734,1.189646566485069,-0.345853763698755,-0.34656569035160323,-0.21860790259623616,-0.06930491811906991,0.010482967859347238,5.0
0.05105105105105112,2.5444241357336344,1.1904460096732077,-0.3493434977132921,-0.3484322766862174,-0.21800307108496986,-0.06720017210151062,0.011410676994271028,5.0
0.05305305305305308,2.541613080594727,1.1912233510076433,-0.3527338009181623,-0.3502091895343032,-0.21737442459688344,-0.06516766063318295,0.01226791166843104,5.0
0.055055055055055035,2.538861205934958,1.191979007897529,-0.3560142903808378,-0.35189255602223884,-0.2167271593857416,-0.06321443778310423,0.01305425211969169,5.0
0.05705705705705699,2.5361705855835113,1.192713210945926,-0.35917410191594457,-0.35347841859045853,-0.2160667398758499,-0.06134754566998614,0.01376940849989986,5.0
0.05905905905905895,2.5335436123876947,1.1934260468951603,-0.3622020033821028,-0.35496279859839425,-0.21539886575266967,-0.05957395569705834,0.014413231390968008,5.0
0.06106106106106113,2.5309828987948757,1.1941174976528506,-0.36508652941224856,-0.35634176558956976,-0.2147294265173582,-0.057900500230989915,0.01498572343800641,5.0
0.06306306306306309,2.528491178154638,1.1947874755404109,-0.36781613452897355,-0.35761150997854346,-0.2140644438572452,-0.05633379695142419,0.015487050660608473,5.0
0.06506506506506504,2.5260712074706113,1.1954358549185262,-0.3703793606317941,-0.35876841674100635,-0.21341000282857467,-0.054880168580029795,0.01591755204427184,5.0
0.067067067067067,2.5237256726353534,1.1960625003313408,-0.3727650140072312,-0.35980913760861033,-0.2127721734635763,-0.0535455610379719,0.016277746140616667,5.0
0.06906906906906896,2.5214570974668598,1.1966672912825667,-0.37496234636163567,-0.36073065929703396,-0.2121569249614263,-0.052335463257739426,0.016568333604271627,5.0
0.07107107107107113,2.519267758097905,1.1972501437216863,-0.3769612339592561,-0.3615303654292974,-0.2115700350660271,-0.05125483187929359,0.01679019484884109,5.0
0.07307307307307309,2.517159604420582,1.1978110282846122,-0.37875234880011555,-0.36220609005018817,-0.21101699754371223,-0.050308023892803845,0.01694438229472623,5.0
0.07507507507507505,2.515134190336553,1.1983499853068318,-0.380327315913815,-0.36275616094985474,-0.21050293083134486,-0.04949873996317155,0.01703210698758489,5.0
0.077077077077077,2.5131926144961567,1.1988671366125667,-0.38167885127797924,-0.3631794314082273,-0.21003249092125922,-0.0488299807074494,0.01705471966865066,5.0
0.07907907907907896,2.511335473024061,1.1993626940833406,-0.38280087557601483,-0.3634752994161657,-0.20960979138717512,-0.04830401762552845,0.017013686659996138,5.0
0.08108108108108114,2.509562825433201,1.1998369650243816,-0.383688599951917,-0.36364371390090566,-0.20923833314871837,-0.047922379743044426,0.016910561175275344,5.0
0.0830830830830831,2.5078741745389337,1.200290354376821,-0.384338581047777,-0.36368516795830025,-0.2089209461451082,-0.047685856352082,0.016746950869299428,5.0
0.08508508508508505,2.506268460726008,1.2007233638657713,-0.3847487438578005,-0.363600679548828,-0.2086597445714626,-0.04759451556859988,0.016524482591467902,5.0
0.08708708708708701,2.5047440704214337,1.201136588226408,-0.38491837222916947,-0.36339176052661665,-0.20845609675865026,-0.04764773780155583,0.01624476540550144,5.0
0.08908908908908897,2.503298858118623,1.2015307087087645,-0.3848480681112636,-0.36306037522221357,-0.20831061018522512,-0.04784426267856311,0.015909352980956176,5.0
0.09109109109109115,2.5019301808139973,1.2019064841235818,-0.3845396818306606,-0.3626088900761987,-0.20822313153129313,-0.04818224752105898,0.015519706452868397,5.0
0.0930930930930931,2.5006349432856148,1.2022647397523887,-0.3839962166889777,-0.3620400160126426,-0.20819276114840946,-0.04865933512525966,0.01507715878862574,5.0
0.09509509509509506,2.499409652288563,1.2026063545013166,-0.3832217119959964,-0.36135674534500334,-0.20821788084990545,-0.0492727283923517,0.014582881601185241,5.0
0.09709709709709702,2.4982504774820096,1.2029322467261812,-0.3822211092295886,-0.36056228502400567,-0.2082961935385421,-0.05001926926321221,0.014037855211481046,5.0
0.0990990990990992,2.497153316749107,1.2032433591924865,-0.3810001063417375,-0.3596599879741914,-0.20842477289204278,-0.050895519442923726,0.013442842597504822,5.0
0.10110110110110115,2.496113863527582,1.2035406436549092,-0.37956500530838927,-0.35865328413454456,-0.20860012112424461,-0.05189784053567772,0.012798367680976131,5.0
0.10310310310310311,2.4951276738331565,1.2038250455435746,-0.3779225578669933,-0.35754561263359314,-0.20881823272705136,-0.05302247143367799,0.012104698203136111,5.0
0.10510510510510507,2.494190230821409,1.2040974892271206,-0.37607981402887014,-0.35634035630760424,-0.20907466206862843,-0.05426560109335023,0.011361833237736964,5.0
0.10710710710710702,2.493297004982572,1.2043588642841474,-0.374043977432173,-0.35504077952944535,-0.20936459276598657,-0.05562343516577141,0.010569495190583122,5.0
0.1091091091091092,2.492443508380503,1.2046100131558144,-0.37182227095848686,-0.35364997007225185,-0.20968290685353483,-0.05709225530277926,0.009727125949586007,5.0
0.11111111111111116,2.4916253417113126,1.204851720475207,-0.36942181531667506,-0.35217078550104597,-0.21002425192125523,-0.058668470313915776,0.00883388668513833,5.0
0.11311311311311312,2.490838233347,1.2050847042775332,-0.3668495225442868,-0.35060580437877176,-0.21038310458538056,-0.06034865868275963,0.007888660664526197,5.0
0.11511511511511507,2.490078069922955,1.2053096091946327,-0.3641120056282823,-0.348957282399018,-0.21075382887047572,-0.06212960224810729,0.006890058341424416,5.0
0.11711711711711703,2.4893409184040864,1.205527001634085,-0.3612155047356518,-0.34722711342027873,-0.2111307283156278,-0.0640083111034743,0.0058364239158339454,5.0
0.11911911911911921,2.488623039903941,1.2057373668443985,-0.35816582989660073,-0.34541679527637753,-0.21150809086143219,-0.06598203995918786,0.004725842532763503,5.0
0.12112112112112117,2.4879208958186685,1.2059411076800886,-0.3549683194172739,-0.3435274001717011,-0.21188022582223273,-0.06804829634062079,0.0035561472992814056,5.0
0.12312312312312312,2.4872311470619928,1.206138544809716,-0.3516278128279618,-0.3415595494325342,-0.2122414924941623,-0.07020484106328428,0.002324925347349703,5.0
0.12512512512512508,2.4865506473422543,1.2063299180599194,-0.348148636803017,-0.3395133923696181,-0.21258632018915824,-0.0724496814331091,0.0010295222509111677,5.0
0.12712712712712704,2.485876431507428,1.2065153885610636,-0.3445346022220684,-0.33738858900372853,-0.21290921971377735,-0.07478105757332815,-0.0003329557839159323,5.0
0.12912912912912922,2.48520570000295,1.2066950413545756,-0.3407890103760796,-0.3351842964070201,-0.2132047865248779,-0.07719742218459895,-0.0017656424011045732,5.0
0.13113113113113117,2.4845358004479126,1.2068688881364746,-0.3369146662502688,-0.33289915840998113,-0.21346769598732446,-0.07969741390988261,-0.0032719145380249687,5.0
0.13313313313313313,2.4838642072471218,1.2070368698431553,-0.3329138968296478,-0.33053129840973666,-0.21369269132669724,-0.08227982430764637,-0.004855398942855038,5.0
0.1351351351351351,2.483188500030004,1.2071988588309825,-0.3287885724602856,-0.32807831498426854,-0.21387456500705598,-0.08494355824295045,-0.006519981686594036,5.0
0.13713713713713704,2.4825063415541115,1.2073546604566907,-0.3245401294472406,-0.3255372799650433,-0.2140081343644544,-0.08768758729118152,-0.008269820379929778,5.0
0.13913913913913922,2.481815455545742,1.2075040139244932,-0.3201695922648151,-0.32290473854633095,-0.21408821238559667,-0.09051089551666058,-0.010109358573730787,5.0
0.14114114114114118,2.481113604789643,1.2076465923201534,-0.3156775939823788,-0.32017671091392513,-0.21410957453207188,-0.09341241673822555,-0.012043341561924584,5.0
0.14314314314314314,2.480398569634878,1.2077820017970957,-0.3110643937536876,-0.31734869475964284,-0.21406692246716005,-0.096390962122794,-0.01407683250537039,5.0
0.1451451451451451,2.4796681269437744,1.207909779922913,-0.30632989045954284,-0.3144156679079231,-0.2139548454344747,-0.09944513664834725,-0.016215227438936546,5.0
0.14714714714714705,2.4789200293276603,1.208029393266256,-0.30147363180893194,-0.3113720901091673,-0.2137677798520094,-0.10257324263769599,-0.01846426729037322,5.0
0.14914914914914923,2.4781519842067437,1.208140234449453,-0.29649481837091735,-0.3082119028426978,-0.21349996740579932,-0.10577316816670194,-0.02083004450065123,5.0
0.1511511511511512,2.4773616317360565,1.2082416191378023,-0.29139230212428346,-0.30492852572457346,-0.21314541154318317,-0.1090422576728579,-0.023319001149862646,5.0
0.15315315315315314,2.4765465199888217,1.2083327837260327,-0.2861645792044206,-0.30151484786478194,-0.21269783177781737,-0.11237716150351297,-0.025937914594932443,5.0
0.1551551551551551,2.475704075189487,1.2084128846179831,-0.2808097766646435,-0.2979632123294621,-0.21215061464214488,-0.11577366041037394,-0.028693865412276774,5.0
0.15715715715715706,2.4748315645816477,1.208480999640938,-0.2753256333271364,-0.29426539180518174,-0.2114967594688989,-0.11922646006707636,-0.03159418076128978,5.0
0.15915915915915924,2.4739260499300086,1.2085361309334774,-0.26970947519360233,-0.2904125536394034,-0.21072881641693522,-0.12272894948411119,-0.034646343951819605,5.0
0.1611611611611612,2.4729843303714576,1.2085772064090539,-0.26395818630600987,-0.2863952125126917,-0.2098388131484226,-0.12627291560571738,-0.0378578577920833,5.0
0.16316316316316315,2.472002873054707,1.2086030737108366,-0.25806817614470634,-0.2822031687978734,-0.20881816506920275,-0.12984820422957408,-0.04123604497938382,5.0
0.1651651651651651,2.4709777263694934,1.2086124765211221,-0.2520353443412973,-0.2778254298356757,-0.20765756175044375,-0.13344231446871446,-0.04478776310838093,5.0
0.16716716716716706,2.4699044004525073,1.20860399742484,-0.24585504253066423,-0.273250109689803,-0.20634681878680258,-0.13703991000087534,-0.048519004441267374,5.0
0.16916916916916924,2.4687776794743326,1.20857594140125,-0.23952203168361336,-0.26846430046641384,-0.20487467975247242,-0.14062222498593724,-0.05243434082329163,5.0
0.1711711711711712,2.467591294705131,1.2085261132226646,-0.23303043143519642,-0.2634539050957877,-0.20322854691778286,-0.1441663352961544,-0.05653616111142299,5.0
0.17317317317317316,2.466337325236531,1.2084514001128783,-0.2263736555217404,-0.25820341722507767,-0.2013941114227216,-0.14764425576460313,-0.06082363086847436,5.0
0.1751751751751751,2.465005078569988,1.2083469919215462,-0.21954432330991014,-0.25269562716224864,-0.19935484226399555,-0.15102181000023507,-0.06529128000114438,5.0
0.17717717717717707,2.4635789831907915,1.2082049285140701,-0.21253412944983427,-0.2469112210762175,-0.1970912763362386,-0.15425719837767005,-0.0699270908714786,5.0
0.17917917917917925,2.4620346048640536,1.2080114084580105,-0.20533363939705507,-0.24082822064471648,-0.19458002578943878,-0.15729915813379533,-0.07470991329139756,5.0
0.1811811811811812,2.460331119788651,1.20774182460896,-0.1979319550430487,-0.2344211781858728,-0.19179238052616207,-0.1600845612588984,-0.07960596787648838,5.0
0.18318318318318316,2.458397178439595,1.2073516170680292,-0.19031615659875542,-0.22765999128239503,-0.18869232735095126,-0.16253522214018676,-0.08456410733235208,5.0
0.18518518518518512,2.456104616688267,1.2067594038341376,-0.18247036179987822,-0.22050811621682342,-0.1852337224641683,-0.16455357338197812,-0.08950937624593036,5.0
0.18718718718718708,2.453220098233118,1.205815883880506,-0.17437412903522556,-0.21291981400190743,-0.18135622162168208,-0.16601669289269172,-0.09433423298956455,5.0
0.18918918918918926,2.449317118395985,1.2042467993534278,-0.16599974011611288,-0.20483582134860503,-0.1769793676551635,-0.16676790070925485,-0.09888656543561053,5.0
0.1911911911911912,2.4436178955256005,1.2015494964737277,-0.15730761488869408,-0.1961764770660965,-0.17199394249121064,-0.16660477435378743,-0.10295336455541829,5.0
0.19319319319319317,2.4347149965938386,1.1968089410762475,-0.14823874488697078,-0.18683086962085627,-0.16624933862615915,-0.16526201575098146,-0.10623875051788485,5.0
0.19519519519519513,2.420099659606205,1.1883808449357647,-0.13870265674345383,-0.17664013912017745,-0.15953546508658745,-0.1623874904934677,-0.10833550649916748,5.0
0.19719719719719708,2.395421738659978,1.1733765017114897,-0.12855936004958946,-0.1653732367077664,-0.15155823731452964,-0.15751127612160704,-0.10869206802331041,5.0
0.19919919919919926,2.353510027198585,1.1469166890447233,-0.1175954622433464,-0.15269635621971023,-0.14191123149280296,-0.15001477367034535,-0.1065866316372184,5.0
0.20120120120120122,2.283606004785755,1.1013177059851813,-0.1055030150169652,-0.13814940964345743,-0.13005882713316522,-0.13912966022641618,-0.10114637265283373,5.0
0.20320320320320318,2.1723109286636606,1.0259539507150317,-0.09189553782469208,-0.12117819468167595,-0.11538075282343617,-0.124049205417113,-0.09150313803322059,5.0
0.20520520520520513,2.009048295216667,0.9095970538795889,-0.0764478192075502,-0.10133971918100158,-0.09739337374357802,-0.10430853098531474,-0.07723231004229283,5.0
0.2072072072072071,1.797366953602834,0.7475170084528074,-0.05928229582272684,-0.07884192788971439,-0.07630323410093343,-0.08056204104685577,-0.059127250301919246,5.0
0.20920920920920927,1.564584411495441,0.55226414064901,-0.041556856823840436,-0.05534155660331679,-0.05381149621680251,-0.05543902551785822,-0.03984412586525441,5.0
0.21121121121121122,1.3537600031922739,0.35772511940503515,-0.02562150552786436,-0.034120633025201345,-0.03327838408891742,-0.033235421669586554,-0.023223625689117535,5.0
0.21321321321321318,1.197445374191695,0.20242970708331262,-0.013814060644269844,-0.01839538301500213,-0.017991810704594817,-0.01743460662530943,-0.011877859897360721,5.0
0.21521521521521514,1.1004819113520672,0.10265696305125614,-0.006691078912484718,-0.008919654213664413,-0.008757788719928437,-0.008304927923498127,-0.0055796780414819475,5.0
0.21721721721721732,1.0480238309646595,0.048555885557344254,-0.0030435579682182813,-0.004066837981184389,-0.004012701171554778,-0.003763990390402387,-0.002522469466678115,5.0
0.21921921921921927,1.0221087459148168,0.022144859865988527,-0.0013481707699769775,-0.0018067723653297334,-0.0017916382741347276,-0.0016749210787292944,-0.0011259538220879108,5.0
0.22122122122122123,1.0099731567769392,0.009928933474572252,-0.0005927077855356966,-0.0007967005790286782,-0.0007937304210680086,-0.0007424518687565128,-0.0005006895282970666,5.0
0.2232232232232232,1.0044517293404085,0.004417115148825247,-0.00026001061696062205,-0.00035034431177601537,-0.00035047351954295484,-0.000329273185281401,-0.00022458990630385114,5.0
0.22522522522522515,1.0019763203283851,0.0019573877709434693,-0.00011338347127784618,-0.00015256537360257727,-0.00015238759618062684,-0.00014207661005198995,-9.671474005480159e-05,5.0
0.22722722722722732,1.0008746912009097,0.0008652461899614144,-4.8599493456804084e-05,-6.452693312957187e-05,-6.320699058147564e-05,-5.448945809472952e-05,-3.073476134114339e-05,2.0
0.22922922922922928,1.000386305732475,0.00038173332079532193,-2.0018630751160087e-05,-2.5730001006570813e-05,-2.402600565221354e-05,-1.766943038564146e-05,-6.881874630069196e-06,0.0
0.23123123123123124,1.000170302571415,0.0001681600191473843,-7.846186636709221e-06,-9.678077883262315e-06,-8.687251592150488e-06,-6.182772565584093e-06,-3.364935231899809e-06,0.0
0.2332332332332332,1.0000749585552722,7.398340627786545e-05,-3.3973916973282923e-06,-4.100127699934489e-06,-3.8091083099067632e-06,-2.9213931877406037e-06,-1.4828048250768223e-06,0.0
0.23523523523523515,1.000032947549238,3.2482335223939026e-05,0.0,0.0,0.0,0.0,0.0,0.0
0.23723723723723733,1.0000144639980486,1.425590906470666e-05,0.0,0.0,0.0,0.0,0.0,0.0
0.2392392392392393,1.000006343744911,6.252179228058561e-06,0.0,0.0,0.0,0.0,0.0,0.0
0.24124124124124124,1.0000027797771944,2.7396546957337807e-06,0.0,0.0,0.0,0.0,0.0,0.0
0.2432432432432432,1.0000012169589785,1.1994061803302949e-06,0.0,0.0,0.0,0.0,0.0,0.0
0.24524524524524516,1.000000532268351,5.245980867761593e-07,0.0,0.0,0.0,0.0,0.0,0.0
0.24724724724724734,1.0000002325710189,2.292228825209852e-07,0.0,0.0,0.0,0.0,0.0,0.0
0.2492492492492493,1.0000001015144782,1.000546162603176e-07,0.0,0.0,0.0,0.0,0.0,0.0
0.25125125125125125,1.0000000442610875,4.3625300512515157e-08,0.0,0.0,0.0,0.0,0.0,0.0
0.2532532532532532,1.0000000192756628,1.899911407726818e-08,0.0,0.0,0.0,0.0,0.0,0.0
0.25525525525525516,1.0000000083841236,8.263992090004359e-09,0.0,0.0,0.0,0.0,0.0,0.0
0.25725725725725734,1.0000000036419248,3.5898139746341517e-09,0.0,0.0,0.0,0.0,0.0,0.0
0.2592592592592593,1.00000000157975,1.5571796899685554e-09,0.0,0.0,0.0,0.0,0.0,0.0
0.26126126126126126,1.0000000006842014,6.744416037165439e-10,0.0,0.0,0.0,0.0,0.0,0.0
0.2632632632632632,1.0000000002958462,2.9163347704604456e-10,0.0,0.0,0.0,0.0,0.0,0.0
0.26526526526526517,1.000000000127696,1.258810937353677e-10,0.0,0.0,0.0,0.0,0.0,0.0
0.26726726726726735,1.0000000000550118,5.423135795321818e-11,0.0,0.0,0.0,0.0,0.0,0.0
0.2692692692692693,1.00000000002365,2.3315154071956297e-11,0.0,0.0,0.0,0.0,0.0,0.0
0.27127127127127126,1.0000000000101446,1.0001153156185674e-11,0.0,0.0,0.0,0.0,0.0,0.0
0.2732732732732732,1.000000000004341,4.279642444485706e-12,0.0,0.0,0.0,0.0,0.0,0.0
0.2752752752752752,1.0000000000018525,1.8265575378998583e-12,0.0,0.0,0.0,0.0,0.0,0.0
0.27727727727727736,1.0000000000007885,7.7739216431295e-13,0.0,0.0,0.0,0.0,0.0,0.0
0.2792792792792793,1.0000000000003346,3.2985535867237673e-13,0.0,0.0,0.0,0.0,0.0,0.0
0.28128128128128127,1.0000000000001414,1.3950620433157246e-13,0.0,0.0,0.0,0.0,0.0,0.0
0.2832832832832832,1.0000000000000595,5.878294693314387e-14,0.0,0.0,0.0,0.0,0.0,0.0
0.2852852852852852,1.0000000000000249,2.4641247553571625e-14,0.0,0.0,0.0,0.0,0.0,0.0
0.28728728728728736,1.0000000000000104,1.0257863461352846e-14,0.0,0.0,0.0,0.0,0.0,0.0
0.2892892892892893,1.0000000000000042,4.253398557160897e-15,0.0,0.0,0.0,0.0,0.0,0.0
0.2912912912912913,1.0000000000000018,1.7373664370151774e-15,0.0,0.0,0.0,0.0,0.0,0.0
0.29329329329329323,1.0000000000000007,6.947060913040733e-16,0.0,0.0,0.0,0.0,0.0,0.0
0.2952952952952952,1.0000000000000002,2.5358099661094956e-16,0.0,0.0,0.0,0.0,0.0,0.0
0.29729729729729737,1.0,6.22494628988578e-17,0.0,0.0,0.0,0.0,0.0,0.0
0.2992992992992993,1.0,1.3792449333661149e-17,0.0,0.0,0.0,0.0,0.0,0.0
0.3013013013013013,1.0,2.7280467942227696e-18,0.0,0.0,0.0,0.0,0.0,0.0
0.30330330330330324,1.0,5.537865638699093e-19,0.0,0.0,0.0,0.0,0.0,0.0
0.3053053053053052,1.0,1.1116174181541856e-19,0.0,0.0,0.0,0.0,0.0,0.0
0.3073073073073074,1.0,2.2780397455107584e-20,0.0,0.0,0.0,0.0,0.0,0.0
0.30930930930930933,1.0,4.571176746961106e-21,0.0,0.0,0.0,0.0,0.0,0.0
0.3113113113113113,1.0,9.003098703254339e-22,0.0,0.0,0.0,0.0,0.0,0.0
0.31331331331331325,1.0,1.7571236346952803e-22,0.0,0.0,0.0,0.0,0.0,0.0
0.3153153153153152,1.0,3.4152899309857195e-23,0.0,0.0,0.0,0.0,0.0,0.0
0.3173173173173174,1.0,6.619621637058931e-24,0.0,0.0,0.0,0.0,0.0,0.0
0.31931931931931934,1.0,1.277124288582112e-24,0.0,0.0,0.0,0.0,0.0,0.0
0.3213213213213213,1.0,2.450635167562155e-25,0.0,0.0,0.0,0.0,0.0,0.0
0.32332332332332325,1.0,4.678718973086277e-26,0.0,0.0,0.0,0.0,0.0,0.0
0.3253253253253252,1.0,8.894273202129247e-27,0.0,0.0,0.0,0.0,0.0,0.0
0.3273273273273274,1.0,1.6846359165160266e-27,0.0,0.0,0.0,0.0,0.0,0.0
0.32932932932932935,1.0,3.1814001598044713e-28,0.0,0.0,0.0,0.0,0.0,0.0
0.3313313313313313,1.0,5.993043781557853e-29,0.0,0.0,0.0,0.0,0.0,0.0
0.33333333333333326,1.0,1.125964614776722e-29,0.0,0.0,0.0,0.0,0.0,0.0
0.3353353353353352,1.0,2.1081129828423382e-30,0.0,0.0,0.0,0.0,0.0,0.0
0.3373373373373374,1.0,3.928396873986512e-31,0.0,0.0,0.0,0.0,0.0,0.0
0.33933933933933935,1.0,7.276257219868588e-32,0.0,0.0,0.0,0.0,0.0,0.0
0.3413413413413413,1.0,1.3380478830245876e-32,0.0,0.0,0.0,0.0,0.0,0.0
0.34334334334334327,1.0,2.4409565094221272e-33,0.0,0.0,0.0,0.0,0.0,0.0
0.3453453453453452,1.0,4.415584055656748e-34,0.0,0.0,0.0,0.0,0.0,0.0
0.3473473473473474,1.0,7.919356927437487e-35,0.0,0.0,0.0,0.0,0.0,0.0
0.34934934934934936,1.0,1.4082044108071532e-35,0.0,0.0,0.0,0.0,0.0,0.0
0.3513513513513513,1.0,2.4828387596771365e-36,0.0,0.0,0.0,0.0,0.0,0.0
0.35335335335335327,1.0,4.341042045898876e-37,0.0,0.0,0.0,0.0,0.0,0.0
0.35535535535535545,1.0,7.528060701015676e-38,0.0,0.0,0.0,0.0,0.0,0.0
0.3573573573573574,1.0,1.2951622329745546e-38,0.0,0.0,0.0,0.0,0.0,0.0
0.35935935935935936,1.0,2.211290912973515e-39,0.0,0.0,0.0,0.0,0.0,0.0
0.3613613613613613,1.0,3.7478398497328855e-40,0.0,0.0,0.0,0.0,0.0,0.0
0.3633633633633633,1.0,6.307335504140022e-41,0.0,0.0,0.0,0.0,0.0,0.0
0.36536536536536546,1.0,1.05420103585932e-41,0.0,0.0,0.0,0.0,0.0,0.0
0.3673673673673674,1.0,1.7500698803498395e-42,0.0,0.0,0.0,0.0,0.0,0.0
0.36936936936936937,1.0,2.8856673300891045e-43,0.0,0.0,0.0,0.0,0.0,0.0
0.37137137137137133,1.0,4.725789887921029e-44,0.0,0.0,0.0,0.0,0.0,0.0
0.3733733733733733,1.0,7.686076438026057e-45,0.0,0.0,0.0,0.0,0.0,0.0
0.37537537537537546,1.0,1.2413572113675962e-45,0.0,0.0,0.0,0.0,0.0,0.0
0.3773773773773774,1.0,1.990700922150951e-46,0.0,0.0,0.0,0.0,0.0,0.0
0.3793793793793794,1.0,3.169406001965212e-47,0.0,0.0,0.0,0.0,0.0,0.0
0.38138138138138133,1.0,5.008854556579663e-48,0.0,0.0,0.0,0.0,0.0,0.0
0.3833833833833833,1.0,7.855703631455267e-49,0.0,0.0,0.0,0.0,0.0,0.0
0.38538538538538547,1.0,1.2223085830581077e-49,0.0,0.0,0.0,0.0,0.0,0.0
0.3873873873873874,1.0,1.8860527400200753e-50,0.0,0.0,0.0,0.0,0.0,0.0
0.3893893893893894,1.0,2.884712679422986e-51,0.0,0.0,0.0,0.0,0.0,0.0
0.39139139139139134,1.0,4.371254432240552e-52,0.0,0.0,0.0,0.0,0.0,0.0
0.3933933933933933,1.0,6.558984510705007e-53,0.0,0.0,0.0,0.0,0.0,0.0
0.3953953953953955,1.0,9.740306058270824e-54,0.0,0.0,0.0,0.0,0.0,0.0
0.39739739739739743,1.0,1.4309035131841977e-54,0.0,0.0,0.0,0.0,0.0,0.0
0.3993993993993994,1.0,2.0786075606302655e-55,0.0,0.0,0.0,0.0,0.0,0.0
0.40140140140140135,1.0,2.9847862758554674e-56,0.0,0.0,0.0,0.0,0.0,0.0
0.4034034034034033,1.0,4.235649569074152e-57,0.0,0.0,0.0,0.0,0.0,0.0
0.4054054054054055,1.0,5.938988609986636e-58,0.0,0.0,0.0,0.0,0.0,0.0
0.40740740740740744,1.0,8.226954760046482e-59,0.0,0.0,0.0,0.0,0.0,0.0
0.4094094094094094,1.0,1.1258280967480614e-59,0.0,0.0,0.0,0.0,0.0,0.0
0.41141141141141135,1.0,1.5219521395309704e-60,0.0,0.0,0.0,0.0,0.0,0.0
0.4134134134134133,1.0,2.0324758589220312e-61,0.0,0.0,0.0,0.0,0.0,0.0
0.4154154154154155,1.0,2.681307815793129e-62,0.0,0.0,0.0,0.0,0.0,0.0
0.41741741741741745,1.0,3.494295656080652e-63,0.0,0.0,0.0,0.0,0.0,0.0
0.4194194194194194,1.0,4.498259426183824e-64,0.0,0.0,0.0,0.0,0.0,0.0
0.42142142142142136,1.0,5.719523340991538e-65,0.0,0.0,0.0,0.0,0.0,0.0
0.4234234234234233,1.0,7.181872887745546e-66,0.0,0.0,0.0,0.0,0.0,0.0
0.4254254254254255,1.0,8.903919132284645e-67,0.0,0.0,0.0,0.0,0.0,0.0
0.42742742742742745,1.0,1.0895944024222598e-67,0.0,0.0,0.0,0.0,0.0,0.0
0.4294294294294294,1.0,1.3156425095017479e-68,0.0,0.0,0.0,0.0,0.0,0.0
0.43143143143143137,1.0,1.5668579022015048e-69,0.0,0.0,0.0,0.0,0.0,0.0
0.4334334334334333,1.0,1.839739352387582e-70,0.0,0.0,0.0,0.0,0.0,0.0
0.4354354354354355,1.0,2.1287701286615477e-71,0.0,0.0,0.0,0.0,0.0,0.0
0.43743743743743746,1.0,2.426385370032457e-72,0.0,0.0,0.0,0.0,0.0,0.0
0.4394394394394394,1.0,2.723145094271666e-73,0.0,0.0,0.0,0.0,0.0,0.0
0.4414414414414414,1.0,3.0081371041831556e-74,0.0,0.0,0.0,0.0,0.0,0.0
0.44344344344344333,1.0,3.2696030839863003e-75,0.0,0.0,0.0,0.0,0.0,0.0
0.4454454454454455,1.0,3.495744945951102e-76,0.0,0.0,0.0,0.0,0.0,0.0
0.44744744744744747,1.0,3.6756335560022446e-77,0.0,0.0,0.0,0.0,0.0,0.0
0.4494494494494494,1.0,3.8001160148962567e-78,0.0,0.0,0.0,0.0,0.0,0.0
0.4514514514514514,1.0,3.862607693628792e-79,0.0,0.0,0.0,0.0,0.0,0.0
0.45345345345345334,1.0,3.859665410231306e-80,0.0,0.0,0.0,0.0,0.0,0.0
0.4554554554554555,1.0,3.7912681110477424e-81,0.0,0.0,0.0,0.0,0.0,0.0
0.4574574574574575,1.0,3.660775604785291e-82,0.0,0.0,0.0,0.0,0.0,0.0
0.45945945945945943,1.0,3.47458458109152e-83,0.0,0.0,0.0,0.0,0.0,0.0
0.4614614614614614,1.0,3.2415431839120223e-84,0.0,0.0,0.0,0.0,0.0,0.0
0.46346346346346334,1.0,2.9722117352681e-85,0.0,0.0,0.0,0.0,0.0,0.0
0.4654654654654655,1.0,2.678063778340247e-86,0.0,0.0,0.0,0.0,0.0,0.0
0.4674674674674675,1.0,2.3707105243073024e-87,0.0,0.0,0.0,0.0,0.0,0.0
0.46946946946946944,1.0,2.0612099733496308e-88,0.0,0.0,0.0,0.0,0.0,0.0
0.4714714714714714,1.0,1.7594980519348717e-89,0.0,0.0,0.0,0.0,0.0,0.0
0.47347347347347357,1.0,1.4739598367101202e-90,0.0,0.0,0.0,0.0,0.0,0.0
0.47547547547547553,1.0,1.2111469625956981e-91,0.0,0.0,0.0,0.0,0.0,0.0
0.4774774774774775,1.0,9.756410675590524e-93,0.0,0.0,0.0,0.0,0.0,0.0
0.47947947947947944,1.0,7.700587192841149e-94,0.0,0.0,0.0,0.0,0.0,0.0
0.4814814814814814,1.0,5.9518717044842313e-95,0.0,0.0,0.0,0.0,0.0,0.0
0.4834834834834836,1.0,4.502313356950469e-96,0.0,0.0,0.0,0.0,0.0,0.0
0.48548548548548554,1.0,3.331421953406898e-97,0.0,0.0,0.0,0.0,0.0,0.0
0.4874874874874875,1.0,2.4098869418315505e-98,0.0,0.0,0.0,0.0,0.0,0.0
0.48948948948948945,1.0,1.7033223689919327e-99,0.0,0.0,0.0,0.0,0.0,0.0
0.4914914914914914,1.0,1.175665213094827e-100,0.0,0.0,0.0,0.0,0.0,0.0
0.4934934934934936,1.0,7.919492049421029e-102,0.0,0.0,0.0,0.0,0.0,0.0
0.49549549549549554,1.0,5.203043144509487e-103,0.0,0.0,0.0,0.0,0.0,0.0
0.4974974974974975,1.0,3.331623136900486e-104,0.0,0.0,0.0,0.0,0.0,0.0
0.49949949949949946,1.0,2.0775471104055095e-105,0.0,0.0,0.0,0.0,0.0,0.0
0.5015015015015014,1.0,1.2605583897747188e-106,0.0,0.0,0.0,0.0,0.0,0.0
0.5035035035035036,1.0,7.434871031462e-108,0.0,0.0,0.0,0.0,0.0,0.0
0.5055055055055055,1.0,4.258198096049187e-109,0.0,0.0,0.0,0.0,0.0,0.0
0.5075075075075075,1.0,2.36554071419303e-110,0.0,0.0,0.0,0.0,0.0,0.0
0.5095095095095095,1.0,1.2731244780154735e-111,0.0,0.0,0.0,0.0,0.0,0.0
0.5115115115115114,1.0,6.629993802523635e-113,0.0,0.0,0.0,0.0,0.0,0.0
0.5135135135135136,1.0,3.3366809395383824e-114,0.0,0.0,0.0,0.0,0.0,0.0
0.5155155155155156,1.0,1.6208144131779485e-115,0.0,0.0,0.0,0.0,0.0,0.0
0.5175175175175175,1.0,7.589856247792244e-117,0.0,0.0,0.0,0.0,0.0,0.0
0.5195195195195195,1.0,3.4220777522550297e-118,0.0,0.0,0.0,0.0,0.0,0.0
0.5215215215215214,1.0,1.48383061811293e-119,0.0,0.0,0.0,0.0,0.0,0.0
0.5235235235235236,1.0,6.180137159042291e-121,0.0,0.0,0.0,0.0,0.0,0.0
0.5255255255255256,1.0,2.4694247970583235e-122,0.0,0.0,0.0,0.0,0.0,0.0
0.5275275275275275,1.0,9.453710601752726e-124,0.0,0.0,0.0,0.0,0.0,0.0
0.5295295295295295,1.0,3.462369525008575e-125,0.0,0.0,0.0,0.0,0.0,0.0
0.5315315315315314,1.0,1.2110502960142831e-126,0.0,0.0,0.0,0.0,0.0,0.0
0.5335335335335336,1.0,4.0372351601554987e-128,0.0,0.0,0.0,0.0,0.0,0.0
0.5355355355355356,1.0,1.2796301581424102e-129,0.0,0.0,0.0,0.0,0.0,0.0
0.5375375375375375,1.0,3.845137361458616e-131,0.0,0.0,0.0,0.0,0.0,0.0
0.5395395395395395,1.0,1.0916851170704907e-132,0.0,0.0,0.0,0.0,0.0,0.0
0.5415415415415414,1.0,2.91702840586204e-134,0.0,0.0,0.0,0.0,0.0,0.0
0.5435435435435436,1.0,7.302942174421124e-136,0.0,0.0,0.0,0.0,0.0,0.0
0.5455455455455456,1.0,1.7043816887488712e-137,0.0,0.0,0.0,0.0,0.0,0.0
0.5475475475475475,1.0,3.686905175064972e-139,0.0,0.0,0.0,0.0,0.0,0.0
0.5495495495495495,1.0,7.344631037460652e-141,0.0,0.0,0.0,0.0,0.0,0.0
0.5515515515515514,1.0,1.3374481555168661e-142,0.0,0.0,0.0,0.0,0.0,0.0
0.5535535535535536,1.0,2.20724779605015e-144,0.0,0.0,0.0,0.0,0.0,0.0
0.5555555555555556,1.0,3.26782317153595e-146,0.0,0.0,0.0,0.0,0.0,0.0
0.5575575575575575,1.0,4.2861955681993575e-148,0.0,0.0,0.0,0.0,0.0,0.0
0.5595595595595595,1.0,4.902297165275504e-150,0.0,0.0,0.0,0.0,0.0,0.0
0.5615615615615615,1.0,4.787406738732255e-152,0.0,0.0,0.0,0.0,0.0,0.0
0.5635635635635636,1.0,3.8763004642693884e-154,0.0,0.0,0.0,0.0,0.0,0.0
0.5655655655655656,1.0,2.491366252527271e-156,0.0,0.0,0.0,0.0,0.0,0.0
0.5675675675675675,1.0,1.1852038401757374e-158,0.0,0.0,0.0,0.0,0.0,0.0
0.5695695695695695,1.0,3.674042802049066e-161,0.0,0.0,0.0,0.0,0.0,0.0
0.5715715715715715,1.0,5.478883522121416e-164,0.0,0.0,0.0,0.0,0.0,0.0
0.5735735735735736,1.0,0.0,0.0,0.0,0.0,0.0,0.0,0.0
0.5755755755755756,1.0,0.0,0.0,0.0,0.0,0.0,0.0,0.0
0.5775775775775776,1.0,0.0,0.0,0.0,0.0,0.0,0.0,0.0
0.5795795795795795,1.0,0.0,0.0,0.0,0.0,0.0,0.0,0.0
0.5815815815815815,1.0,0.0,0.0,0.0,0.0,0.0,0.0,0.0
0.5835835835835836,1.0,0.0,0.0,0.0,0.0,0.0,0.0,0.0
0.5855855855855856,1.0,0.0,0.0,0.0,0.0,0.0,0.0,0.0
0.5875875875875876,1.0,0.0,0.0,0.0,0.0,0.0,0.0,0.0
0.5895895895895895,1.0,0.0,0.0,0.0,0.0,0.0,0.0,0.0
0.5915915915915915,1.0,0.0,0.0,0.0,0.0,0.0,0.0,0.0
0.5935935935935936,1.0,0.0,0.0,0.0,0.0,0.0,0.0,0.0
0.5955955955955956,1.0,0.0,0.0,0.0,0.0,0.0,0.0,0.0
0.5975975975975976,1.0,0.0,0.0,0.0,0.0,0.0,0.0,0.0
0.5995995995995995,1.0,0.0,0.0,0.0,0.0,0.0,0.0,0.0
0.6016016016016015,1.0,0.0,0.0,0.0,0.0,0.0,0.0,0.0
0.6036036036036037,1.0,0.0,0.0,0.0,0.0,0.0,0.0,0.0
0.6056056056056056,1.0,0.0,0.0,0.0,0.0,0.0,0.0,0.0
0.6076076076076076,1.0,0.0,0.0,0.0,0.0,0.0,0.0,0.0
0.6096096096096095,1.0,0.0,0.0,0.0,0.0,0.0,0.0,0.0
0.6116116116116117,1.0,0.0,0.0,0.0,0.0,0.0,0.0,0.0
0.6136136136136137,1.0,0.0,0.0,0.0,0.0,0.0,0.0,0.0
0.6156156156156156,1.0,0.0,0.0,0.0,0.0,0.0,0.0,0.0
0.6176176176176176,1.0,0.0,0.0,0.0,0.0,0.0,0.0,0.0
0.6196196196196195,1.0,0.0,0.0,0.0,0.0,0.0,0.0,0.0
0.6216216216216217,1.0,0.0,0.0,0.0,0.0,0.0,0.0,0.0
0.6236236236236237,1.0,0.0,0.0,0.0,0.0,0.0,0.0,0.0
0.6256256256256256,1.0,0.0,0.0,0.0,0.0,0.0,0.0,0.0
0.6276276276276276,1.0,0.0,0.0,0.0,0.0,0.0,0.0,0.0
0.6296296296296295,1.0,0.0,0.0,0.0,0.0,0.0,0.0,0.0
0.6316316316316317,1.0,0.0,0.0,0.0,0.0,0.0,0.0,0.0
0.6336336336336337,1.0,0.0,0.0,0.0,0.0,0.0,0.0,0.0
0.6356356356356356,1.0,0.0,0.0,0.0,0.0,0.0,0.0,0.0
0.6376376376376376,1.0,0.0,0.0,0.0,0.0,0.0,0.0,0.0
0.6396396396396395,1.0,0.0,0.0,0.0,0.0,0.0,0.0,0.0
0.6416416416416417,1.0,0.0,0.0,0.0,0.0,0.0,0.0,0.0
0.6436436436436437,1.0,0.0,0.0,0.0,0.0,0.0,0.0,0.0
0.6456456456456456,1.0,0.0,0.0,0.0,0.0,0.0,0.0,0.0
0.6476476476476476,1.0,0.0,0.0,0.0,0.0,0.0,0.0,0.0
0.6496496496496496,1.0,0.0,0.0,0.0,0.0,0.0,0.0,0.0
0.6516516516516517,1.0,0.0,0.0,0.0,0.0,0.0,0.0,0.0
0.6536536536536537,1.0,0.0,0.0,0.0,0.0,0.0,0.0,0.0
0.6556556556556556,1.0,0.0,0.0,0.0,0.0,0.0,0.0,0.0
0.6576576576576576,1.0,0.0,0.0,0.0,0.0,0.0,0.0,0.0
0.6596596596596596,1.0,0.0,0.0,0.0,0.0,0.0,0.0,0.0
0.6616616616616617,1.0,0.0,0.0,0.0,0.0,0.0,0.0,0.0
0.6636636636636637,1.0,0.0,0.0,0.0,0.0,0.0,0.0,0.0
0.6656656656656657,1.0,0.0,0.0,0.0,0.0,0.0,0.0,0.0
0.6676676676676676,1.0,0.0,0.0,0.0,0.0,0.0,0.0,0.0
0.6696696696696696,1.0,0.0,0.0,0.0,0.0,0.0,0.0,0.0
0.6716716716716717,1.0,0.0,0.0,0.0,0.0,0.0,0.0,0.0
0.6736736736736737,1.0,0.0,0.0,0.0,0.0,0.0,0.0,0.0
0.6756756756756757,1.0,0.0,0.0,0.0,0.0,0.0,0.0,0.0
0.6776776776776776,1.0,0.0,0.0,0.0,0.0,0.0,0.0,0.0
0.6796796796796796,1.0,0.0,0.0,0.0,0.0,0.0,0.0,0.0
0.6816816816816818,1.0,0.0,0.0,0.0,0.0,0.0,0.0,0.0
0.6836836836836837,1.0,0.0,0.0,0.0,0.0,0.0,0.0,0.0
0.6856856856856857,1.0,0.0,0.0,0.0,0.0,0.0,0.0,0.0
0.6876876876876876,1.0,0.0,0.0,0.0,0.0,0.0,0.0,0.0
0.6896896896896896,1.0,0.0,0.0,0.0,0.0,0.0,0.0,0.0
0.6916916916916918,1.0,0.0,0.0,0.0,0.0,0.0,0.0,0.0
0.6936936936936937,1.0,0.0,0.0,0.0,0.0,0.0,0.0,0.0
0.6956956956956957,1.0,0.0,0.0,0.0,0.0,0.0,0.0,0.0
0.6976976976976976,1.0,0.0,0.0,0.0,0.0,0.0,0.0,0.0
0.6996996996996996,1.0,0.0,0.0,0.0,0.0,0.0,0.0,0.0
0.7017017017017018,1.0,0.0,0.0,0.0,0.0,0.0,0.0,0.0
0.7037037037037037,1.0,0.0,0.0,0.0,0.0,0.0,0.0,0.0
0.7057057057057057,1.0,0.0,0.0,0.0,0.0,0.0,0.0,0.0
0.7077077077077076,1.0,0.0,0.0,0.0,0.0,0.0,0.0,0.0
0.7097097097097096,1.0,0.0,0.0,0.0,0.0,0.0,0.0,0.0
0.7117117117117118,1.0,0.0,0.0,0.0,0.0,0.0,0.0,0.0
0.7137137137137137,1.0,0.0,0.0,0.0,0.0,0.0,0.0,0.0
0.7157157157157157,1.0,0.0,0.0,0.0,0.0,0.0,0.0,0.0
0.7177177177177176,1.0,0.0,0.0,0.0,0.0,0.0,0.0,0.0
0.7197197197197196,1.0,0.0,0.0,0.0,0.0,0.0,0.0,0.0
0.7217217217217218,1.0,0.0,0.0,0.0,0.0,0.0,0.0,0.0
0.7237237237237237,1.0,0.0,0.0,0.0,0.0,0.0,0.0,0.0
0.7257257257257257,1.0,0.0,0.0,0.0,0.0,0.0,0.0,0.0
0.7277277277277276,1.0,0.0,0.0,0.0,0.0,0.0,0.0,0.0
0.7297297297297298,1.0,0.0,0.0,0.0,0.0,0.0,0.0,0.0
0.7317317317317318,1.0,0.0,0.0,0.0,0.0,0.0,0.0,0.0
0.7337337337337337,1.0,0.0,0.0,0.0,0.0,0.0,0.0,0.0
0.7357357357357357,1.0,0.0,0.0,0.0,0.0,0.0,0.0,0.0
0.7377377377377377,1.0,0.0,0.0,0.0,0.0,0.0,0.0,0.0
0.7397397397397398,1.0,0.0,0.0,0.0,0.0,0.0,0.0,0.0
0.7417417417417418,1.0,0.0,0.0,0.0,0.0,0.0,0.0,0.0
0.7437437437437437,1.0,0.0,0.0,0.0,0.0,0.0,0.0,0.0
0.7457457457457457,1.0,0.0,0.0,0.0,0.0,0.0,0.0,0.0
0.7477477477477477,1.0,0.0,0.0,0.0,0.0,0.0,0.0,0.0
0.7497497497497498,1.0,0.0,0.0,0.0,0.0,0.0,0.0,0.0
0.7517517517517518,1.0,0.0,0.0,0.0,0.0,0.0,0.0,0.0
0.7537537537537538,1.0,0.0,0.0,0.0,0.0,0.0,0.0,0.0
0.7557557557557557,1.0,0.0,0.0,0.0,0.0,0.0,0.0,0.0
0.7577577577577577,1.0,0.0,0.0,0.0,0.0,0.0,0.0,0.0
0.7597597597597598,1.0,0.0,0.0,0.0,0.0,0.0,0.0,0.0
0.7617617617617618,1.0,0.0,0.0,0.0,0.0,0.0,0.0,0.0
0.7637637637637638,1.0,0.0,0.0,0.0,0.0,0.0,0.0,0.0
0.7657657657657657,1.0,0.0,0.0,0.0,0.0,0.0,0.0,0.0
0.7677677677677677,1.0,0.0,0.0,0.0,0.0,0.0,0.0,0.0
0.7697697697697699,1.0,0.0,0.0,0.0,0.0,0.0,0.0,0.0
0.7717717717717718,1.0,0.0,0.0,0.0,0.0,0.0,0.0,0.0
0.7737737737737738,1.0,0.0,0.0,0.0,0.0,0.0,0.0,0.0
0.7757757757757757,1.0,0.0,0.0,0.0,0.0,0.0,0.0,0.0
0.7777777777777777,1.0,0.0,0.0,0.0,0.0,0.0,0.0,0.0
0.7797797797797799,1.0,0.0,0.0,0.0,0.0,0.0,0.0,0.0
0.7817817817817818,1.0,0.0,0.0,0.0,0.0,0.0,0.0,0.0
0.7837837837837838,1.0,0.0,0.0,0.0,0.0,0.0,0.0,0.0
0.7857857857857857,1.0,0.0,0.0,0.0,0.0,0.0,0.0,0.0
0.7877877877877877,1.0,0.0,0.0,0.0,0.0,0.0,0.0,0.0
0.7897897897897899,1.0,0.0,0.0,0.0,0.0,0.0,0.0,0.0
0.7917917917917918,1.0,0.0,0.0,0.0,0.0,0.0,0.0,0.0
0.7937937937937938,1.0,0.0,0.0,0.0,0.0,0.0,0.0,0.0
0.7957957957957957,1.0,0.0,0.0,0.0,0.0,0.0,0.0,0.0
0.7977977977977977,1.0,0.0,0.0,0.0,0.0,0.0,0.0,0.0
0.7997997997997999,1.0,0.0,0.0,0.0,0.0,0.0,0.0,0.0
0.8018018018018018,1.0,0.0,0.0,0.0,0.0,0.0,0.0,0.0
0.8038038038038038,1.0,0.0,0.0,0.0,0.0,0.0,0.0,0.0
0.8058058058058057,1.0,0.0,0.0,0.0,0.0,0.0,0.0,0.0
0.8078078078078077,1.0,0.0,0.0,0.0,0.0,0.0,0.0,0.0
0.8098098098098099,1.0,0.0,0.0,0.0,0.0,0.0,0.0,0.0
0.8118118118118118,1.0,0.0,0.0,0.0,0.0,0.0,0.0,0.0
0.8138138138138138,1.0,0.0,0.0,0.0,0.0,0.0,0.0,0.0
0.8158158158158157,1.0,0.0,0.0,0.0,0.0,0.0,0.0,0.0
0.8178178178178177,1.0,0.0,0.0,0.0,0.0,0.0,0.0,0.0
0.8198198198198199,1.0,0.0,0.0,0.0,0.0,0.0,0.0,0.0
0.8218218218218218,1.0,0.0,0.0,0.0,0.0,0.0,0.0,0.0
0.8238238238238238,1.0,0.0,0.0,0.0,0.0,0.0,0.0,0.0
0.8258258258258258,1.0,0.0,0.0,0.0,0.0,0.0,0.0,0.0
0.8278278278278277,1.0,0.0,0.0,0.0,0.0,0.0,0.0,0.0
0.8298298298298299,1.0,0.0,0.0,0.0,0.0,0.0,0.0,0.0
0.8318318318318318,1.0,0.0,0.0,0.0,0.0,0.0,0.0,0.0
0.8338338338338338,1.0,0.0,0.0,0.0,0.0,0.0,0.0,0.0
0.8358358358358358,1.0,0.0,0.0,0.0,0.0,0.0,0.0,0.0
0.8378378378378377,1.0,0.0,0.0,0.0,0.0,0.0,0.0,0.0
0.8398398398398399,1.0,0.0,0.0,0.0,0.0,0.0,0.0,0.0
0.8418418418418419,1.0,0.0,0.0,0.0,0.0,0.0,0.0,0.0
0.8438438438438438,1.0,0.0,0.0,0.0,0.0,0.0,0.0,0.0
0.8458458458458458,1.0,0.0,0.0,0.0,0.0,0.0,0.0,0.0
0.8478478478478477,1.0,0.0,0.0,0.0,0.0,0.0,0.0,0.0
0.8498498498498499,1.0,0.0,0.0,0.0,0.0,0.0,0.0,0.0
0.8518518518518519,1.0,0.0,0.0,0.0,0.0,0.0,0.0,0.0
0.8538538538538538,1.0,0.0,0.0,0.0,0.0,0.0,0.0,0.0
0.8558558558558558,1.0,0.0,0.0,0.0,0.0,0.0,0.0,0.0
0.8578578578578577,1.0,0.0,0.0,0.0,0.0,0.0,0.0,0.0
0.8598598598598599,1.0,0.0,0.0,0.0,0.0,0.0,0.0,0.0
0.8618618618618619,1.0,0.0,0.0,0.0,0.0,0.0,0.0,0.0
0.8638638638638638,1.0,0.0,0.0,0.0,0.0,0.0,0.0,0.0
0.8658658658658658,1.0,0.0,0.0,0.0,0.0,0.0,0.0,0.0
0.867867867867868,1.0,0.0,0.0,0.0,0.0,0.0,0.0,0.0
0.8698698698698699,1.0,0.0,0.0,0.0,0.0,0.0,0.0,0.0
0.8718718718718719,1.0,0.0,0.0,0.0,0.0,0.0,0.0,0.0
0.8738738738738738,1.0,0.0,0.0,0.0,0.0,0.0,0.0,0.0
0.8758758758758758,1.0,0.0,0.0,0.0,0.0,0.0,0.0,0.0
0.877877877877878,1.0,0.0,0.0,0.0,0.0,0.0,0.0,0.0
0.8798798798798799,1.0,0.0,0.0,0.0,0.0,0.0,0.0,0.0
0.8818818818818819,1.0,0.0,0.0,0.0,0.0,0.0,0.0,0.0
0.8838838838838838,1.0,0.0,0.0,0.0,0.0,0.0,0.0,0.0
0.8858858858858858,1.0,0.0,0.0,0.0,0.0,0.0,0.0,0.0
0.887887887887888,1.0,0.0,0.0,0.0,0.0,0.0,0.0,0.0
0.8898898898898899,1.0,0.0,0.0,0.0,0.0,0.0,0.0,0.0
0.8918918918918919,1.0,0.0,0.0,0.0,0.0,0.0,0.0,0.0
0.8938938938938938,1.0,0.0,0.0,0.0,0.0,0.0,0.0,0.0
0.8958958958958958,1.0,0.0,0.0,0.0,0.0,0.0,0.0,0.0
0.897897897897898,1.0,0.0,0.0,0.0,0.0,0.0,0.0,0.0
0.8998998998998999,1.0,0.0,0.0,0.0,0.0,0.0,0.0,0.0
0.9019019019019019,1.0,0.0,0.0,0.0,0.0,0.0,0.0,0.0
0.9039039039039038,1.0,0.0,0.0,0.0,0.0,0.0,0.0,0.0
0.9059059059059058,1.0,0.0,0.0,0.0,0.0,0.0,0.0,0.0
0.907907907907908,1.0,0.0,0.0,0.0,0.0,0.0,0.0,0.0
0.9099099099099099,1.0,0.0,0.0,0.0,0.0,0.0,0.0,0.0
0.9119119119119119,1.0,0.0,0.0,0.0,0.0,0.0,0.0,0.0
0.9139139139139139,1.0,0.0,0.0,0.0,0.0,0.0,0.0,0.0
0.9159159159159158,1.0,0.0,0.0,0.0,0.0,0.0,0.0,0.0
0.917917917917918,1.0,0.0,0.0,0.0,0.0,0.0,0.0,0.0
0.91991991991992,1.0,0.0,0.0,0.0,0.0,0.0,0.0,0.0
0.9219219219219219,1.0,0.0,0.0,0.0,0.0,0.0,0.0,0.0
0.9239239239239239,1.0,0.0,0.0,0.0,0.0,0.0,0.0,0.0
0.9259259259259258,1.0,0.0,0.0,0.0,0.0,0.0,0.0,0.0
0.927927927927928,1.0,0.0,0.0,0.0,0.0,0.0,0.0,0.0
0.92992992992993,1.0,0.0,0.0,0.0,0.0,0.0,0.0,0.0
0.9319319319319319,1.0,0.0,0.0,0.0,0.0,0.0,0.0,0.0
0.9339339339339339,1.0,0.0,0.0,0.0,0.0,0.0,0.0,0.0
0.9359359359359358,1.0,0.0,0.0,0.0,0.0,0.0,0.0,0.0
0.937937937937938,1.0,0.0,0.0,0.0,0.0,0.0,0.0,0.0
0.93993993993994,1.0,0.0,0.0,0.0,0.0,0.0,0.0,0.0
0.9419419419419419,1.0,0.0,0.0,0.0,0.0,0.0,0.0,0.0
0.9439439439439439,1.0,0.0,0.0,0.0,0.0,0.0,0.0,0.0
0.9459459459459458,1.0,0.0,0.0,0.0,0.0,0.0,0.0,0.0
0.947947947947948,1.0,0.0,0.0,0.0,0.0,0.0,0.0,0.0
0.94994994994995,1.0,0.0,0.0,0.0,0.0,0.0,0.0,0.0
0.9519519519519519,1.0,0.0,0.0,0.0,0.0,0.0,0.0,0.0
0.9539539539539539,1.0,0.0,0.0,0.0,0.0,0.0,0.0,0.0
0.9559559559559558,1.0,0.0,0.0,0.0,0.0,0.0,0.0,0.0
0.957957957957958,1.0,0.0,0.0,0.0,0.0,0.0,0.0,0.0
0.95995995995996,1.0,0.0,0.0,0.0,0.0,0.0,0.0,0.0
0.9619619619619619,1.0,0.0,0.0,0.0,0.0,0.0,0.0,0.0
0.9639639639639639,1.0,0.0,0.0,0.0,0.0,0.0,0.0,0.0
0.9659659659659658,1.0,0.0,0.0,0.0,0.0,0.0,0.0,0.0
0.967967967967968,1.0,0.0,0.0,0.0,0.0,0.0,0.0,0.0
0.96996996996997,1.0,0.0,0.0,0.0,0.0,0.0,0.0,0.0
0.9719719719719719,1.0,0.0,0.0,0.0,0.0,0.0,0.0,0.0
0.9739739739739739,1.0,0.0,0.0,0.0,0.0,0.0,0.0,0.0
0.9759759759759759,1.0,0.0,0.0,0.0,0.0,0.0,0.0,0.0
0.977977977977978,1.0,0.0,0.0,0.0,0.0,0.0,0.0,0.0
0.97997997997998,1.0,0.0,0.0,0.0,0.0,0.0,0.0,0.0
0.9819819819819819,1.0,0.0,0.0,0.0,0.0,0.0,0.0,0.0
0.9839839839839839,1.0,0.0,0.0,0.0,0.0,0.0,0.0,0.0
0.9859859859859861,1.0,0.0,0.0,0.0,0.0,0.0,0.0,0.0
0.987987987987988,1.0,0.0,0.0,0.0,0.0,0.0,0.0,0.0
0.98998998998999,1.0,0.0,0.0,0.0,0.0,0.0,0.0,0.0
0.991991991991992,1.0,0.0,0.0,0.0,0.0,0.0,0.0,0.0
0.9939939939939939,1.0,0.0,0.0,0.0,0.0,0.0,0.0,0.0
0.9959959959959961,1.0,0.0,0.0,0.0,0.0,0.0,0.0,0.0
0.997997997997998,1.0,0.0,0.0,0.0,0.0,0.0,0.0,0.0
1.0,1.0,0.0,0.0,0.0,0.0,0.0,0.0,0.0
