-3.0,5.0,4.298020918656987e-134,0.0,0.0,0.0,0.0,0.0,0.0
-2.998999799959992,5.0,3.2294401084146062e-133,0.0,0.0,0.0,0.0,0.0,0.0
-2.997999599919984,5.0,2.7064467971513415e-132,0.0,0.0,0.0,0.0,0.0,0.0
-2.996999399879976,5.0,2.271838131843257e-131,0.0,0.0,0.0,0.0,0.0,0.0
-2.995999199839968,5.0,1.9070331233639625e-130,0.0,0.0,0.0,0.0,0.0,0.0
-2.99499899979996,5.0,1.6007815552194617e-129,0.0,0.0,0.0,0.0,0.0,0.0
-2.993998799759952,5.0,1.3436889646330965e-128,0.0,0.0,0.0,0.0,0.0,0.0
-2.992998599719944,5.0,1.1278679944328514e-127,0.0,0.0,0.0,0.0,0.0,0.0
-2.991998399679936,5.0,9.466962145885027e-127,0.0,0.0,0.0,0.0,0.0,0.0
-2.990998199639928,5.0,7.946133468462598e-126,0.0,0.0,0.0,0.0,0.0,0.0
-2.98999799959992,5.0,6.669509866680089e-125,0.0,0.0,0.0,0.0,0.0,0.0
-2.988997799559912,5.0,5.597896108073478e-124,0.0,0.0,0.0,0.0,0.0,0.0
-2.987997599519904,5.0,4.698385001536705e-123,0.0,0.0,0.0,0.0,0.0,0.0
-2.986997399479896,5.0,3.943349072313023e-122,0.0,0.0,0.0,0.0,0.0,0.0
-2.985997199439888,5.0,3.3095938543828646e-121,0.0,0.0,0.0,0.0,0.0,0.0
-2.98499699939988,5.0,2.7776469075384675e-120,0.0,0.0,0.0,0.0,0.0,0.0
-2.983996799359872,5.0,2.3311608128063042e-119,0.0,0.0,0.0,0.0,0.0,0.0
-2.982996599319864,5.0,1.956411882568089e-118,0.0,0.0,0.0,0.0,0.0,0.0
-2.981996399279856,5.0,1.6418792469217825e-117,0.0,0.0,0.0,0.0,0.0,0.0
-2.980996199239848,5.0,1.377891434717474e-116,0.0,0.0,0.0,0.0,0.0,0.0
-2.97999599919984,5.0,1.1563296312348699e-115,0.0,0.0,0.0,0.0,0.0,0.0
-2.978995799159832,5.0,9.70378527589885e-115,0.0,0.0,0.0,0.0,0.0,0.0
-2.977995599119824,5.0,8.143171325482127e-114,0.0,0.0,0.0,0.0,0.0,0.0
-2.976995399079816,5.0,6.833431399052829e-113,0.0,0.0,0.0,0.0,0.0,0.0
-2.975995199039808,5.0,5.734254712792945e-112,0.0,0.0,0.0,0.0,0.0,0.0
-2.9749949989998,5.0,4.8118047640129e-111,0.0,0.0,0.0,0.0,0.0,0.0
-2.973994798959792,5.0,4.0376799710230225e-110,0.0,0.0,0.0,0.0,0.0,0.0
-2.972994598919784,5.0,3.3880410930784867e-109,0.0,0.0,0.0,0.0,0.0,0.0
-2.971994398879776,5.0,2.8428786803047936e-108,0.0,0.0,0.0,0.0,0.0,0.0
-2.970994198839768,5.0,2.3853980920449285e-107,0.0,0.0,0.0,0.0,0.0,0.0
-2.96999399879976,5.0,2.001503223385866e-106,0.0,0.0,0.0,0.0,0.0,0.0
-2.968993798759752,5.0,1.6793631037939727e-105,0.0,0.0,0.0,0.0,0.0,0.0
-2.967993598719744,5.0,1.4090480712667207e-104,0.0,0.0,0.0,0.0,0.0,0.0
-2.966993398679736,5.0,1.1822243578398268e-103,0.0,0.0,0.0,0.0,0.0,0.0
-2.965993198639728,5.0,9.918977128892134e-103,0.0,0.0,0.0,0.0,0.0,0.0
-2.96499299859972,5.0,8.321981942068237e-102,0.0,0.0,0.0,0.0,0.0,0.0
-2.963992798559712,5.0,6.981995193076588e-101,0.0,0.0,0.0,0.0,0.0,0.0
-2.962992598519704,5.0,5.857674294739171e-100,0.0,0.0,0.0,0.0,0.0,0.0
-2.961992398479696,5.0,4.914324091042501e-99,0.0,0.0,0.0,0.0,0.0,0.0
-2.960992198439688,5.0,4.122828502580364e-98,0.0,0.0,0.0,0.0,0.0,0.0
-2.95999199839968,5.0,3.458753797471773e-97,0.0,0.0,0.0,0.0,0.0,0.0
-2.958991798359672,5.0,2.9015959294613292e-96,0.0,0.0,0.0,0.0,0.0,0.0
-2.957991598319664,5.0,2.434148808006496e-95,0.0,0.0,0.0,0.0,0.0,0.0
-2.956991398279656,5.0,2.0419740786698993e-94,0.0,0.0,0.0,0.0,0.0,0.0
-2.955991198239648,5.0,1.7129561098488476e-93,0.0,0.0,0.0,0.0,0.0,0.0
-2.95499099819964,5.0,1.4369284993363869e-92,0.0,0.0,0.0,0.0,0.0,0.0
-2.953990798159632,5.0,1.2053606116493583e-91,0.0,0.0,0.0,0.0,0.0,0.0
-2.952990598119624,5.0,1.011094501848972e-90,0.0,0.0,0.0,0.0,0.0,0.0
-2.951990398079616,5.0,8.48124130286949e-90,0.0,0.0,0.0,0.0,0.0,0.0
-2.950990198039608,5.0,7.114100728339898e-89,0.0,0.0,0.0,0.0,0.0,0.0
-2.9499899979996,5.0,5.967240225694308e-88,0.0,0.0,0.0,0.0,0.0,0.0
-2.948989797959592,5.0,5.005182951180098e-87,0.0,0.0,0.0,0.0,0.0,0.0
-2.947989597919584,5.0,4.198163189275686e-86,0.0,0.0,0.0,0.0,0.0,0.0
-2.946989397879576,5.0,3.521207373967836e-85,0.0,0.0,0.0,0.0,0.0,0.0
-2.945989197839568,5.0,2.953362917043274e-84,0.0,0.0,0.0,0.0,0.0,0.0
-2.94498899779956,5.0,2.4770510810052386e-83,0.0,0.0,0.0,0.0,0.0,0.0
-2.943988797759552,5.0,2.077523952701767e-82,0.0,0.0,0.0,0.0,0.0,0.0
-2.942988597719544,5.0,1.742408778898238e-81,0.0,0.0,0.0,0.0,0.0,0.0
-2.941988397679536,5.0,1.4613256153120962e-80,0.0,0.0,0.0,0.0,0.0,0.0
-2.940988197639528,5.0,1.2255664987198447e-79,0.0,0.0,0.0,0.0,0.0,0.0
-2.93998799759952,5.0,1.0278262470460639e-78,0.0,0.0,0.0,0.0,0.0,0.0
-2.938987797559512,5.0,8.619765831122005e-78,0.0,0.0,0.0,0.0,0.0,0.0
-2.937987597519504,5.0,7.228766128686537e-77,0.0,0.0,0.0,0.0,0.0,0.0
-2.9369873974794958,5.0,6.062138095148483e-76,0.0,0.0,0.0,0.0,0.0,0.0
-2.9359871974394878,5.0,5.083705953946472e-75,0.0,0.0,0.0,0.0,0.0,0.0
-2.9349869973994798,5.0,4.2631240287076934e-74,0.0,0.0,0.0,0.0,0.0,0.0
-2.9339867973594718,5.0,3.5749375781831524e-73,0.0,0.0,0.0,0.0,0.0,0.0
-2.9329865973194638,5.0,2.997794853203796e-72,0.0,0.0,0.0,0.0,0.0,0.0
-2.9319863972794558,5.0,2.513786037102938e-71,0.0,0.0,0.0,0.0,0.0,0.0
-2.9309861972394478,5.0,2.1078886464907842e-70,0.0,0.0,0.0,0.0,0.0,0.0
-2.9299859971994398,5.0,1.7675022550965385e-69,0.0,0.0,0.0,0.0,0.0,0.0
-2.9289857971594317,5.0,1.4820581608101327e-68,0.0,0.0,0.0,0.0,0.0,0.0
-2.9279855971194237,5.0,1.2426919299977138e-67,0.0,0.0,0.0,0.0,0.0,0.0
-2.9269853970794157,5.0,1.0419686949247823e-66,0.0,0.0,0.0,0.0,0.0,0.0
-2.9259851970394077,5.0,8.736527095344341e-66,0.0,0.0,0.0,0.0,0.0,0.0
-2.9249849969993997,5.0,7.325140361162159e-65,0.0,0.0,0.0,0.0,0.0,0.0
-2.9239847969593917,5.0,6.141663827131937e-64,0.0,0.0,0.0,0.0,0.0,0.0
-2.9229845969193837,5.0,5.149310738258392e-63,0.0,0.0,0.0,0.0,0.0,0.0
-2.9219843968793757,5.0,4.317229447700264e-62,0.0,0.0,0.0,0.0,0.0,0.0
-2.9209841968393677,5.0,3.6195462784899954e-61,0.0,0.0,0.0,0.0,0.0,0.0
-2.9199839967993597,5.0,3.0345626721608394e-60,0.0,0.0,0.0,0.0,0.0,0.0
-2.9189837967593517,5.0,2.5440817648464176e-59,0.0,0.0,0.0,0.0,0.0,0.0
-2.9179835967193437,5.0,2.1328435351099557e-58,0.0,0.0,0.0,0.0,0.0,0.0
-2.9169833966793357,5.0,1.788051026932294e-57,0.0,0.0,0.0,0.0,0.0,0.0
-2.9159831966393277,5.0,1.498972969648405e-56,0.0,0.0,0.0,0.0,0.0,0.0
-2.9149829965993197,5.0,1.2566104812006424e-55,0.0,0.0,0.0,0.0,0.0,0.0
-2.9139827965593117,5.0,1.0534175249039802e-54,0.0,0.0,0.0,0.0,0.0,0.0
-2.9129825965193037,5.0,8.830664542767558e-54,0.0,0.0,0.0,0.0,0.0,0.0
-2.9119823964792957,5.0,7.4025137680353645e-53,0.0,0.0,0.0,0.0,0.0,0.0
-2.9109821964392877,5.0,6.205232389140286e-52,0.0,0.0,0.0,0.0,0.0,0.0
-2.9099819963992797,5.0,5.201515171897582e-51,0.0,0.0,0.0,0.0,0.0,0.0
-2.9089817963592717,5.0,4.360082252283343e-50,0.0,0.0,0.0,0.0,0.0,0.0
-2.9079815963192637,5.0,3.654706371945936e-49,0.0,0.0,0.0,0.0,0.0,0.0
-2.9069813962792557,5.0,3.063397092573221e-48,0.0,0.0,0.0,0.0,0.0,0.0
-2.9059811962392477,5.0,2.5677166679550943e-47,0.0,0.0,0.0,0.0,0.0,0.0
-2.9049809961992397,5.0,2.15220633515991e-46,0.0,0.0,0.0,0.0,0.0,0.0
-2.9039807961592317,5.0,1.8039052108739166e-45,0.0,0.0,0.0,0.0,0.0,0.0
-2.9029805961192237,5.0,1.5119468516192922e-44,0.0,0.0,0.0,0.0,0.0,0.0
-2.9019803960792157,5.0,1.2672209461897759e-43,0.0,0.0,0.0,0.0,0.0,0.0
-2.9009801960392076,5.0,1.0620896298283692e-42,0.0,0.0,0.0,0.0,0.0,0.0
-2.8999799959991996,5.0,8.901496050115019e-42,0.0,0.0,0.0,0.0,0.0,0.0
-2.8989797959591916,5.0,7.460326757092187e-41,0.0,0.0,0.0,0.0,0.0,0.0
-2.8979795959191836,5.0,6.252384947113618e-40,0.0,0.0,0.0,0.0,0.0,0.0
-2.8969793958791756,5.0,5.2399432399655216e-39,0.0,0.0,0.0,0.0,0.0,0.0
-2.8959791958391676,5.0,4.391374471718226e-38,0.0,0.0,0.0,0.0,0.0,0.0
-2.8949789957991596,5.0,3.680165767325193e-37,0.0,0.0,0.0,0.0,0.0,0.0
-2.8939787957591516,5.0,3.084091891041177e-36,0.0,0.0,0.0,0.0,0.0,0.0
-2.8929785957191436,5.0,2.5845221543398117e-35,0.0,0.0,0.0,0.0,0.0,0.0
-2.8919783956791356,5.0,2.165839312538311e-34,0.0,0.0,0.0,0.0,0.0,0.0
-2.8909781956391276,5.0,1.8149523630840983e-33,0.0,0.0,0.0,0.0,0.0,0.0
-2.8899779955991196,5.0,1.52088807840956e-32,0.0,0.0,0.0,0.0,0.0,0.0
-2.8889777955591116,5.0,1.2744485549922892e-31,0.0,0.0,0.0,0.0,0.0,0.0
-2.8879775955191036,5.0,1.0679241137787882e-30,0.0,0.0,0.0,0.0,0.0,0.0
-2.8869773954790956,5.0,8.948526092335715e-30,0.0,0.0,0.0,0.0,0.0,0.0
-2.8859771954390876,5.0,7.498176484601649e-29,0.0,0.0,0.0,0.0,0.0,0.0
-2.8849769953990796,5.0,6.28279432930974e-28,0.0,0.0,0.0,0.0,0.0,0.0
-2.8839767953590716,5.0,5.264329509233315e-27,0.0,0.0,0.0,0.0,0.0,0.0
-2.8829765953190636,5.0,4.4108910036996723e-26,0.0,0.0,0.0,0.0,0.0,0.0
-2.881976395279056,5.0,3.6957503590696965e-25,0.0,0.0,0.0,0.0,0.0,0.0
-2.880976195239048,5.0,3.0965063261340638e-24,0.0,0.0,0.0,0.0,0.0,0.0
-2.87997599519904,5.0,2.5943846099672474e-23,0.0,0.0,0.0,0.0,0.0,0.0
-2.878975795159032,5.0,2.1736508882814283e-22,0.0,0.0,0.0,0.0,0.0,0.0
-2.877975595119024,5.0,1.821118784813319e-21,0.0,0.0,0.0,0.0,0.0,0.0
-2.876975395079016,5.0,1.5257374440142017e-20,0.0,0.0,0.0,0.0,0.0,0.0
-2.875975195039008,5.0,1.2782458344931188e-19,0.0,0.0,0.0,0.0,0.0,0.0
-2.874974994999,5.0,1.0708829895522956e-18,0.0,0.0,0.0,0.0,0.0,0.0
-2.873974794958992,5.0,8.971451384215015e-18,0.0,0.0,0.0,0.0,0.0,0.0
-2.872974594918984,5.0,7.515821412407174e-17,0.0,0.0,0.0,0.0,0.0,0.0
-2.871974394878976,4.999999999999999,3.5142573556507394e-16,0.0,0.0,0.0,0.0,0.0,0.0
-2.870974194838968,4.999999999999998,8.906815824851456e-16,0.0,0.0,0.0,0.0,0.0,0.0
-2.86997399479896,4.9999999999999964,1.517235246285794e-15,0.0,0.0,0.0,0.0,0.0,0.0
-2.868973794758952,4.999999999999995,2.154810743655619e-15,0.0,0.0,0.0,0.0,0.0,0.0
-2.867973594718944,4.999999999999993,2.8091839630391834e-15,0.0,0.0,0.0,0.0,0.0,0.0
-2.866973394678936,4.999999999999991,3.4534906614291492e-15,0.0,0.0,0.0,0.0,0.0,0.0
-2.865973194638928,4.999999999999989,4.099798521378991e-15,0.0,0.0,0.0,0.0,0.0,0.0
-2.86497299459892,4.999999999999988,4.745586719423162e-15,0.0,0.0,0.0,0.0,0.0,0.0
-2.863972794558912,4.999999999999986,5.3906113159154936e-15,0.0,0.0,0.0,0.0,0.0,0.0
-2.862972594518904,4.999999999999984,6.035289873345126e-15,0.0,0.0,0.0,0.0,0.0,0.0
-2.861972394478896,4.999999999999982,6.6794538319293986e-15,0.0,0.0,0.0,0.0,0.0,0.0
-2.860972194438888,4.9999999999999805,7.323133941713693e-15,0.0,0.0,0.0,0.0,0.0,0.0
-2.85997199439888,4.999999999999979,7.966336322944376e-15,0.0,0.0,0.0,0.0,0.0,0.0
-2.858971794358872,4.999999999999977,8.609054982240531e-15,0.0,0.0,0.0,0.0,0.0,0.0
-2.857971594318864,4.999999999999975,9.251292620340997e-15,0.0,0.0,0.0,0.0,0.0,0.0
-2.856971394278856,4.999999999999973,9.893049256007592e-15,0.0,0.0,0.0,0.0,0.0,0.0
-2.855971194238848,4.999999999999972,1.0534325142568649e-14,0.0,0.0,0.0,0.0,0.0,0.0
-2.85497099419884,4.99999999999997,1.1175120741901686e-14,0.0,0.0,0.0,0.0,0.0,0.0
-2.853970794158832,4.999999999999968,1.1815436388392123e-14,0.0,0.0,0.0,0.0,0.0,0.0
-2.852970594118824,4.999999999999966,1.2455272451614453e-14,0.0,0.0,0.0,0.0,0.0,0.0
-2.851970394078816,4.9999999999999645,1.3094629299217395e-14,0.0,0.0,0.0,0.0,0.0,0.0
-2.850970194038808,4.999999999999963,1.3733507295110283e-14,0.0,0.0,0.0,0.0,0.0,0.0
-2.8499699939988,4.999999999999961,1.437190680475416e-14,0.0,0.0,0.0,0.0,0.0,0.0
-2.848969793958792,4.999999999999959,1.5009828192864497e-14,0.0,0.0,0.0,0.0,0.0,0.0
-2.847969593918784,4.999999999999957,1.5647271823870827e-14,0.0,0.0,0.0,0.0,0.0,0.0
-2.846969393878776,4.999999999999956,1.628423806197501e-14,0.0,0.0,0.0,0.0,0.0,0.0
-2.845969193838768,4.999999999999954,1.692072727107118e-14,0.0,0.0,0.0,0.0,0.0,0.0
-2.84496899379876,4.999999999999952,1.755673981477889e-14,0.0,0.0,0.0,0.0,0.0,0.0
-2.843968793758752,4.99999999999995,1.8192276056438144e-14,0.0,0.0,0.0,0.0,0.0,0.0
-2.842968593718744,4.9999999999999485,1.8827336359108212e-14,0.0,0.0,0.0,0.0,0.0,0.0
-2.841968393678736,4.999999999999947,1.9461921085568558e-14,0.0,0.0,0.0,0.0,0.0,0.0
-2.840968193638728,4.999999999999945,2.0096030598318063e-14,0.0,0.0,0.0,0.0,0.0,0.0
-2.83996799359872,4.999999999999943,2.0729665259574953e-14,0.0,0.0,0.0,0.0,0.0,0.0
-2.838967793558712,4.999999999999941,2.1362825431276804e-14,0.0,0.0,0.0,0.0,0.0,0.0
-2.837967593518704,4.99999999999994,2.199551147508082e-14,0.0,0.0,0.0,0.0,0.0,0.0
-2.836967393478696,4.999999999999938,2.262772375236419e-14,0.0,0.0,0.0,0.0,0.0,0.0
-2.835967193438688,4.999999999999936,2.3259462624224535e-14,0.0,0.0,0.0,0.0,0.0,0.0
-2.83496699339868,4.999999999999934,2.3890728451480288e-14,0.0,0.0,0.0,0.0,0.0,0.0
-2.833966793358672,4.9999999999999325,2.4521521594670973e-14,0.0,0.0,0.0,0.0,0.0,0.0
-2.832966593318664,4.999999999999931,2.515184241405749e-14,0.0,0.0,0.0,0.0,0.0,0.0
-2.831966393278656,4.999999999999929,2.5781691269622213e-14,0.0,0.0,0.0,0.0,0.0,0.0
-2.830966193238648,4.999999999999927,2.641106852106917e-14,0.0,0.0,0.0,0.0,0.0,0.0
-2.82996599319864,4.999999999999925,2.7039974527824212e-14,0.0,0.0,0.0,0.0,0.0,0.0
-2.828965793158632,4.999999999999924,2.7668409649035114e-14,0.0,0.0,0.0,0.0,0.0,0.0
-2.827965593118624,4.999999999999922,2.829637424357187e-14,0.0,0.0,0.0,0.0,0.0,0.0
-2.826965393078616,4.99999999999992,2.8923868670026844e-14,0.0,0.0,0.0,0.0,0.0,0.0
-2.825965193038608,4.999999999999918,2.955089328671509e-14,0.0,0.0,0.0,0.0,0.0,0.0
-2.8249649929986,4.9999999999999165,3.017744845167453e-14,0.0,0.0,0.0,0.0,0.0,0.0
-2.823964792958592,4.999999999999915,3.0803534522666274e-14,0.0,0.0,0.0,0.0,0.0,0.0
-2.822964592918584,4.999999999999913,3.142915185717479e-14,0.0,0.0,0.0,0.0,0.0,0.0
-2.821964392878576,4.999999999999911,3.205430081240811e-14,0.0,0.0,0.0,0.0,0.0,0.0
-2.820964192838568,4.999999999999909,3.267898174529811e-14,0.0,0.0,0.0,0.0,0.0,0.0
-2.81996399279856,4.999999999999908,3.330319501250067e-14,0.0,0.0,0.0,0.0,0.0,0.0
-2.818963792758552,4.999999999999906,3.392694097039587e-14,0.0,0.0,0.0,0.0,0.0,0.0
-2.817963592718544,4.999999999999904,3.455021997508826e-14,0.0,0.0,0.0,0.0,0.0,0.0
-2.816963392678536,4.999999999999902,3.517303238240702e-14,0.0,0.0,0.0,0.0,0.0,0.0
-2.815963192638528,4.9999999999999005,3.5795378547906215e-14,0.0,0.0,0.0,0.0,0.0,0.0
-2.81496299259852,4.999999999999899,3.6417258826865004e-14,0.0,0.0,0.0,0.0,0.0,0.0
-2.813962792558512,4.999999999999897,3.703867357428782e-14,0.0,0.0,0.0,0.0,0.0,0.0
-2.812962592518504,4.999999999999895,3.7659623144904666e-14,0.0,0.0,0.0,0.0,0.0,0.0
-2.8119623924784958,4.999999999999893,3.828010789317124e-14,0.0,0.0,0.0,0.0,0.0,0.0
-2.8109621924384878,4.999999999999892,3.89001281732692e-14,0.0,0.0,0.0,0.0,0.0,0.0
-2.8099619923984798,4.99999999999989,3.9519684339106386e-14,0.0,0.0,0.0,0.0,0.0,0.0
-2.8089617923584718,4.999999999999888,4.0138776744316946e-14,0.0,0.0,0.0,0.0,0.0,0.0
-2.8079615923184638,4.999999999999886,4.0757405742261675e-14,0.0,0.0,0.0,0.0,0.0,0.0
-2.8069613922784558,4.9999999999998845,4.137557168602812e-14,0.0,0.0,0.0,0.0,0.0,0.0
-2.8059611922384478,4.999999999999883,4.199327492843083e-14,0.0,0.0,0.0,0.0,0.0,0.0
-2.8049609921984398,4.999999999999881,4.2610515822011614e-14,0.0,0.0,0.0,0.0,0.0,0.0
-2.8039607921584317,4.999999999999879,4.322729471903968e-14,0.0,0.0,0.0,0.0,0.0,0.0
-2.8029605921184237,4.999999999999877,4.384361197151191e-14,0.0,0.0,0.0,0.0,0.0,0.0
-2.8019603920784157,4.999999999999876,4.445946793115302e-14,0.0,0.0,0.0,0.0,0.0,0.0
-2.8009601920384077,4.999999999999874,4.507486294941583e-14,0.0,0.0,0.0,0.0,0.0,0.0
-2.7999599919983997,4.999999999999872,4.568979737748146e-14,0.0,0.0,0.0,0.0,0.0,0.0
-2.7989597919583917,4.99999999999987,4.630427156625949e-14,0.0,0.0,0.0,0.0,0.0,0.0
-2.7979595919183837,4.9999999999998685,4.6918285866388265e-14,0.0,0.0,0.0,0.0,0.0,0.0
-2.7969593918783757,4.999999999999867,4.753184062823501e-14,0.0,0.0,0.0,0.0,0.0,0.0
-2.7959591918383677,4.999999999999865,4.814493620189612e-14,0.0,0.0,0.0,0.0,0.0,0.0
-2.7949589917983597,4.999999999999863,4.875757293719736e-14,0.0,0.0,0.0,0.0,0.0,0.0
-2.7939587917583517,4.9999999999998614,4.9369751183693995e-14,0.0,0.0,0.0,0.0,0.0,0.0
-2.7929585917183437,4.99999999999986,4.9981471290671116e-14,0.0,0.0,0.0,0.0,0.0,0.0
-2.7919583916783357,4.999999999999858,5.059273360714378e-14,0.0,0.0,0.0,0.0,0.0,0.0
-2.7909581916383277,4.999999999999856,5.1203538481857224e-14,0.0,0.0,0.0,0.0,0.0,0.0
-2.7899579915983197,4.999999999999854,5.1813886263287126e-14,0.0,0.0,0.0,0.0,0.0,0.0
-2.7889577915583117,4.999999999999853,5.242377729963972e-14,0.0,0.0,0.0,0.0,0.0,0.0
-2.7879575915183037,4.999999999999851,5.3033211938852146e-14,0.0,0.0,0.0,0.0,0.0,0.0
-2.7869573914782957,4.999999999999849,5.364219052859246e-14,0.0,0.0,0.0,0.0,0.0,0.0
-2.7859571914382877,4.999999999999847,5.4250713416260064e-14,0.0,0.0,0.0,0.0,0.0,0.0
-2.7849569913982797,4.9999999999998455,5.485878094898576e-14,0.0,0.0,0.0,0.0,0.0,0.0
-2.7839567913582717,4.999999999999844,5.5466393473632e-14,0.0,0.0,0.0,0.0,0.0,0.0
-2.7829565913182637,4.999999999999842,5.6073551336793144e-14,0.0,0.0,0.0,0.0,0.0,0.0
-2.7819563912782557,4.99999999999984,5.668025488479559e-14,0.0,0.0,0.0,0.0,0.0,0.0
-2.7809561912382477,4.999999999999838,5.7286504463698e-14,0.0,0.0,0.0,0.0,0.0,0.0
-2.7799559911982397,4.999999999999837,5.78923004192916e-14,0.0,0.0,0.0,0.0,0.0,0.0
-2.7789557911582317,4.999999999999835,5.84976430971002e-14,0.0,0.0,0.0,0.0,0.0,0.0
-2.7779555911182237,4.999999999999833,5.910253284238064e-14,0.0,0.0,0.0,0.0,0.0,0.0
-2.7769553910782157,4.999999999999831,5.970697000012278e-14,0.0,0.0,0.0,0.0,0.0,0.0
-2.7759551910382076,4.9999999999998295,6.031095491504987e-14,0.0,0.0,0.0,0.0,0.0,0.0
-2.7749549909981996,4.999999999999828,6.091448793161862e-14,0.0,0.0,0.0,0.0,0.0,0.0
-2.7739547909581916,4.999999999999826,6.151756939401955e-14,0.0,0.0,0.0,0.0,0.0,0.0
-2.7729545909181836,4.999999999999824,6.212019964617708e-14,0.0,0.0,0.0,0.0,0.0,0.0
-2.7719543908781756,4.999999999999822,6.272237903174976e-14,0.0,0.0,0.0,0.0,0.0,0.0
-2.7709541908381676,4.999999999999821,6.332410789413054e-14,0.0,0.0,0.0,0.0,0.0,0.0
-2.7699539907981596,4.999999999999819,6.392538657644695e-14,0.0,0.0,0.0,0.0,0.0,0.0
-2.7689537907581516,4.999999999999817,6.452621542156123e-14,0.0,0.0,0.0,0.0,0.0,0.0
-2.7679535907181436,4.999999999999815,6.512659477207067e-14,0.0,0.0,0.0,0.0,0.0,0.0
-2.7669533906781356,4.9999999999998135,6.572652497030767e-14,0.0,0.0,0.0,0.0,0.0,0.0
-2.7659531906381276,4.999999999999812,6.63260063583401e-14,0.0,0.0,0.0,0.0,0.0,0.0
-2.7649529905981196,4.99999999999981,6.692503927797139e-14,0.0,0.0,0.0,0.0,0.0,0.0
-2.7639527905581116,4.999999999999808,6.752362407074076e-14,0.0,0.0,0.0,0.0,0.0,0.0
-2.7629525905181036,4.999999999999806,6.812176107792349e-14,0.0,0.0,0.0,0.0,0.0,0.0
-2.7619523904780956,4.999999999999805,6.871945064053103e-14,0.0,0.0,0.0,0.0,0.0,0.0
-2.7609521904380876,4.999999999999803,6.93166930993113e-14,0.0,0.0,0.0,0.0,0.0,0.0
-2.7599519903980796,4.999999999999801,6.991348879474884e-14,0.0,0.0,0.0,0.0,0.0,0.0
-2.7589517903580716,4.999999999999799,7.050983806706498e-14,0.0,0.0,0.0,0.0,0.0,0.0
-2.7579515903180636,4.9999999999997975,7.110574125621817e-14,0.0,0.0,0.0,0.0,0.0,0.0
-2.7569513902780556,4.999999999999796,7.170119870190405e-14,0.0,0.0,0.0,0.0,0.0,0.0
-2.7559511902380476,4.999999999999794,7.229621074355572e-14,0.0,0.0,0.0,0.0,0.0,0.0
-2.7549509901980396,4.999999999999792,7.289077772034397e-14,0.0,0.0,0.0,0.0,0.0,0.0
-2.7539507901580316,4.99999999999979,7.348489997117744e-14,0.0,0.0,0.0,0.0,0.0,0.0
-2.7529505901180236,4.999999999999789,7.407857783470283e-14,0.0,0.0,0.0,0.0,0.0,0.0
-2.7519503900780156,4.999999999999787,7.467181164930512e-14,0.0,0.0,0.0,0.0,0.0,0.0
-2.7509501900380076,4.999999999999785,7.526460175310778e-14,0.0,0.0,0.0,0.0,0.0,0.0
-2.7499499899979996,4.999999999999783,7.585694848397298e-14,0.0,0.0,0.0,0.0,0.0,0.0
-2.7489497899579916,4.9999999999997815,7.644885217950172e-14,0.0,0.0,0.0,0.0,0.0,0.0
-2.7479495899179835,4.99999999999978,7.704031317703419e-14,0.0,0.0,0.0,0.0,0.0,0.0
-2.7469493898779755,4.999999999999778,7.763133181364978e-14,0.0,0.0,0.0,0.0,0.0,0.0
-2.7459491898379675,4.999999999999776,7.822190842616745e-14,0.0,0.0,0.0,0.0,0.0,0.0
-2.7449489897979595,4.999999999999774,7.881204335114587e-14,0.0,0.0,0.0,0.0,0.0,0.0
-2.7439487897579515,4.999999999999773,7.940173692488357e-14,0.0,0.0,0.0,0.0,0.0,0.0
-2.7429485897179435,4.999999999999771,7.999098948341925e-14,0.0,0.0,0.0,0.0,0.0,0.0
-2.7419483896779355,4.999999999999769,8.05798013625319e-14,0.0,0.0,0.0,0.0,0.0,0.0
-2.7409481896379275,4.999999999999767,8.116817289774105e-14,0.0,0.0,0.0,0.0,0.0,0.0
-2.7399479895979195,4.9999999999997655,8.175610442430699e-14,0.0,0.0,0.0,0.0,0.0,0.0
-2.7389477895579115,4.999999999999764,8.234359627723085e-14,0.0,0.0,0.0,0.0,0.0,0.0
-2.7379475895179035,4.999999999999762,8.2930648791255e-14,0.0,0.0,0.0,0.0,0.0,0.0
-2.7369473894778955,4.99999999999976,8.351726230086305e-14,0.0,0.0,0.0,0.0,0.0,0.0
-2.7359471894378875,4.999999999999758,8.410343714028024e-14,0.0,0.0,0.0,0.0,0.0,0.0
-2.7349469893978795,4.999999999999757,8.468917364347351e-14,0.0,0.0,0.0,0.0,0.0,0.0
-2.7339467893578715,4.999999999999755,8.52744721441517e-14,0.0,0.0,0.0,0.0,0.0,0.0
-2.7329465893178635,4.999999999999753,8.58593329757659e-14,0.0,0.0,0.0,0.0,0.0,0.0
-2.7319463892778555,4.999999999999751,8.644375647150946e-14,0.0,0.0,0.0,0.0,0.0,0.0
-2.7309461892378475,4.9999999999997495,8.702774296431829e-14,0.0,0.0,0.0,0.0,0.0,0.0
-2.7299459891978395,4.999999999999748,8.761129278687113e-14,0.0,0.0,0.0,0.0,0.0,0.0
-2.7289457891578315,4.999999999999746,8.819440627158954e-14,0.0,0.0,0.0,0.0,0.0,0.0
-2.7279455891178235,4.999999999999744,8.877708375063838e-14,0.0,0.0,0.0,0.0,0.0,0.0
-2.7269453890778155,4.999999999999742,8.93593255559257e-14,0.0,0.0,0.0,0.0,0.0,0.0
-2.7259451890378075,4.999999999999741,8.994113201910324e-14,0.0,0.0,0.0,0.0,0.0,0.0
-2.7249449889977995,4.999999999999739,9.052250347156643e-14,0.0,0.0,0.0,0.0,0.0,0.0
-2.7239447889577915,4.999999999999737,9.110344024445469e-14,0.0,0.0,0.0,0.0,0.0,0.0
-2.7229445889177835,4.999999999999735,9.168394266865152e-14,0.0,0.0,0.0,0.0,0.0,0.0
-2.7219443888777755,4.9999999999997335,9.226401107478484e-14,0.0,0.0,0.0,0.0,0.0,0.0
-2.7209441888377675,4.999999999999732,9.284364579322715e-14,0.0,0.0,0.0,0.0,0.0,0.0
-2.7199439887977594,4.99999999999973,9.342284715409562e-14,0.0,0.0,0.0,0.0,0.0,0.0
-2.7189437887577514,4.999999999999728,9.400161548725238e-14,0.0,0.0,0.0,0.0,0.0,0.0
-2.7179435887177434,4.999999999999726,9.457995112230477e-14,0.0,0.0,0.0,0.0,0.0,0.0
-2.7169433886777354,4.999999999999725,9.515785438860542e-14,0.0,0.0,0.0,0.0,0.0,0.0
-2.7159431886377274,4.999999999999723,9.573532561525257e-14,0.0,0.0,0.0,0.0,0.0,0.0
-2.7149429885977194,4.999999999999721,9.631236513109017e-14,0.0,0.0,0.0,0.0,0.0,0.0
-2.7139427885577114,4.999999999999719,9.688897326470808e-14,0.0,0.0,0.0,0.0,0.0,0.0
-2.7129425885177034,4.999999999999718,9.746515034444237e-14,0.0,0.0,0.0,0.0,0.0,0.0
-2.7119423884776954,4.999999999999716,9.80408966983754e-14,0.0,0.0,0.0,0.0,0.0,0.0
-2.7109421884376874,4.999999999999714,9.861621265433612e-14,0.0,0.0,0.0,0.0,0.0,0.0
-2.7099419883976794,4.999999999999712,9.919109853990019e-14,0.0,0.0,0.0,0.0,0.0,0.0
-2.7089417883576714,4.9999999999997105,9.976555468239018e-14,0.0,0.0,0.0,0.0,0.0,0.0
-2.7079415883176634,4.999999999999709,1.0033958140887586e-13,0.0,0.0,0.0,0.0,0.0,0.0
-2.7069413882776554,4.999999999999707,1.0091317904617427e-13,0.0,0.0,0.0,0.0,0.0,0.0
-2.7059411882376474,4.999999999999705,1.0148634792085e-13,0.0,0.0,0.0,0.0,0.0,0.0
-2.7049409881976394,4.999999999999703,1.020590883592154e-13,0.0,0.0,0.0,0.0,0.0,0.0
-2.7039407881576314,4.999999999999702,1.0263140068733063e-13,0.0,0.0,0.0,0.0,0.0,0.0
-2.7029405881176234,4.9999999999997,1.032032852310042e-13,0.0,0.0,0.0,0.0,0.0,0.0
-2.7019403880776154,4.999999999999698,1.0377474231579271e-13,0.0,0.0,0.0,0.0,0.0,0.0
-2.7009401880376074,4.999999999999696,1.0434577226700137e-13,0.0,0.0,0.0,0.0,0.0,0.0
-2.6999399879975994,4.9999999999996945,1.0491637540968414e-13,0.0,0.0,0.0,0.0,0.0,0.0
-2.6989397879575914,4.999999999999693,1.0548655206864379e-13,0.0,0.0,0.0,0.0,0.0,0.0
-2.6979395879175834,4.999999999999691,1.0605630256843233e-13,0.0,0.0,0.0,0.0,0.0,0.0
-2.6969393878775754,4.999999999999689,1.0662562723335092e-13,0.0,0.0,0.0,0.0,0.0,0.0
-2.6959391878375674,4.999999999999687,1.0719452638745031e-13,0.0,0.0,0.0,0.0,0.0,0.0
-2.6949389877975594,4.999999999999686,1.0776300035453098e-13,0.0,0.0,0.0,0.0,0.0,0.0
-2.6939387877575514,4.999999999999684,1.0833104945814319e-13,0.0,0.0,0.0,0.0,0.0,0.0
-2.6929385877175434,4.999999999999682,1.0889867402158738e-13,0.0,0.0,0.0,0.0,0.0,0.0
-2.6919383876775353,4.99999999999968,1.0946587436791422e-13,0.0,0.0,0.0,0.0,0.0,0.0
-2.6909381876375273,4.9999999999996785,1.100326508199249e-13,0.0,0.0,0.0,0.0,0.0,0.0
-2.6899379875975193,4.999999999999677,1.1059900370017128e-13,0.0,0.0,0.0,0.0,0.0,0.0
-2.6889377875575113,4.999999999999675,1.1116493333095606e-13,0.0,0.0,0.0,0.0,0.0,0.0
-2.6879375875175033,4.999999999999673,1.1173044003433302e-13,0.0,0.0,0.0,0.0,0.0,0.0
-2.6869373874774953,4.999999999999671,1.122955241321072e-13,0.0,0.0,0.0,0.0,0.0,0.0
-2.6859371874374873,4.99999999999967,1.1286018594583505e-13,0.0,0.0,0.0,0.0,0.0,0.0
-2.6849369873974793,4.999999999999668,1.1342442579682479e-13,0.0,0.0,0.0,0.0,0.0,0.0
-2.6839367873574713,4.999999999999666,1.1398824400613634e-13,0.0,0.0,0.0,0.0,0.0,0.0
-2.6829365873174633,4.999999999999664,1.1455164089458178e-13,0.0,0.0,0.0,0.0,0.0,0.0
-2.6819363872774553,4.9999999999996625,1.151146167827253e-13,0.0,0.0,0.0,0.0,0.0,0.0
-2.6809361872374473,4.999999999999661,1.1567717199088364e-13,0.0,0.0,0.0,0.0,0.0,0.0
-2.6799359871974393,4.999999999999659,1.1623930683912607e-13,0.0,0.0,0.0,0.0,0.0,0.0
-2.6789357871574313,4.999999999999657,1.1680102164727466e-13,0.0,0.0,0.0,0.0,0.0,0.0
-2.6779355871174233,4.999999999999655,1.1736231673490462e-13,0.0,0.0,0.0,0.0,0.0,0.0
-2.6769353870774153,4.999999999999654,1.1792319242134421e-13,0.0,0.0,0.0,0.0,0.0,0.0
-2.6759351870374073,4.999999999999652,1.1848364902567515e-13,0.0,0.0,0.0,0.0,0.0,0.0
-2.6749349869973993,4.99999999999965,1.190436868667328e-13,0.0,0.0,0.0,0.0,0.0,0.0
-2.6739347869573913,4.999999999999648,1.1960330626310615e-13,0.0,0.0,0.0,0.0,0.0,0.0
-2.6729345869173833,4.9999999999996465,1.201625075331383e-13,0.0,0.0,0.0,0.0,0.0,0.0
-2.6719343868773757,4.999999999999645,1.2072129099492644e-13,0.0,0.0,0.0,0.0,0.0,0.0
-2.6709341868373677,4.999999999999643,1.2127965696632217e-13,0.0,0.0,0.0,0.0,0.0,0.0
-2.6699339867973597,4.999999999999641,1.2183760576493167e-13,0.0,0.0,0.0,0.0,0.0,0.0
-2.6689337867573517,4.999999999999639,1.2239513770811565e-13,0.0,0.0,0.0,0.0,0.0,0.0
-2.6679335867173437,4.999999999999638,1.2295225311299004e-13,0.0,0.0,0.0,0.0,0.0,0.0
-2.6669333866773357,4.999999999999636,1.235089522964257e-13,0.0,0.0,0.0,0.0,0.0,0.0
-2.6659331866373277,4.999999999999634,1.2406523557504885e-13,0.0,0.0,0.0,0.0,0.0,0.0
-2.6649329865973197,4.999999999999632,1.246211032652413e-13,0.0,0.0,0.0,0.0,0.0,0.0
-2.6639327865573117,4.9999999999996305,1.2517655568314042e-13,0.0,0.0,0.0,0.0,0.0,0.0
-2.6629325865173037,4.999999999999629,1.2573159314463957e-13,0.0,0.0,0.0,0.0,0.0,0.0
-2.6619323864772957,4.999999999999627,1.2628621596538813e-13,0.0,0.0,0.0,0.0,0.0,0.0
-2.6609321864372877,4.999999999999625,1.2684042446079177e-13,0.0,0.0,0.0,0.0,0.0,0.0
-2.6599319863972797,4.999999999999623,1.273942189460126e-13,0.0,0.0,0.0,0.0,0.0,0.0
-2.6589317863572717,4.999999999999622,1.2794759973596947e-13,0.0,0.0,0.0,0.0,0.0,0.0
-2.6579315863172637,4.99999999999962,1.2850056714533795e-13,0.0,0.0,0.0,0.0,0.0,0.0
-2.6569313862772557,4.999999999999618,1.2905312148855067e-13,0.0,0.0,0.0,0.0,0.0,0.0
-2.6559311862372477,4.999999999999616,1.2960526307979752e-13,0.0,0.0,0.0,0.0,0.0,0.0
-2.6549309861972397,4.9999999999996145,1.3015699223302576e-13,0.0,0.0,0.0,0.0,0.0,0.0
-2.6539307861572317,4.999999999999613,1.3070830926194022e-13,0.0,0.0,0.0,0.0,0.0,0.0
-2.6529305861172237,4.999999999999611,1.3125921448000363e-13,0.0,0.0,0.0,0.0,0.0,0.0
-2.6519303860772157,4.999999999999609,1.318097082004365e-13,0.0,0.0,0.0,0.0,0.0,0.0
-2.6509301860372076,4.999999999999607,1.3235979073621768e-13,0.0,0.0,0.0,0.0,0.0,0.0
-2.6499299859971996,4.999999999999606,1.3290946240008432e-13,0.0,0.0,0.0,0.0,0.0,0.0
-2.6489297859571916,4.999999999999604,1.3345872350453204e-13,0.0,0.0,0.0,0.0,0.0,0.0
-2.6479295859171836,4.999999999999602,1.3400757436181528e-13,0.0,0.0,0.0,0.0,0.0,0.0
-2.6469293858771756,4.9999999999996,1.3455601528394732e-13,0.0,0.0,0.0,0.0,0.0,0.0
-2.6459291858371676,4.9999999999995985,1.3510404658270052e-13,0.0,0.0,0.0,0.0,0.0,0.0
-2.6449289857971596,4.999999999999597,1.3565166856960668e-13,0.0,0.0,0.0,0.0,0.0,0.0
-2.6439287857571516,4.999999999999595,1.3619888155595691e-13,0.0,0.0,0.0,0.0,0.0,0.0
-2.6429285857171436,4.999999999999593,1.3674568585280207e-13,0.0,0.0,0.0,0.0,0.0,0.0
-2.6419283856771356,4.999999999999591,1.3729208177095284e-13,0.0,0.0,0.0,0.0,0.0,0.0
-2.6409281856371276,4.99999999999959,1.3783806962097995e-13,0.0,0.0,0.0,0.0,0.0,0.0
-2.6399279855971196,4.999999999999588,1.3838364971321438e-13,0.0,0.0,0.0,0.0,0.0,0.0
-2.6389277855571116,4.999999999999586,1.389288223577474e-13,0.0,0.0,0.0,0.0,0.0,0.0
-2.6379275855171036,4.999999999999584,1.3947358786443108e-13,0.0,0.0,0.0,0.0,0.0,0.0
-2.6369273854770956,4.999999999999583,1.4001794654287807e-13,0.0,0.0,0.0,0.0,0.0,0.0
-2.6359271854370876,4.999999999999581,1.4056189870246214e-13,0.0,0.0,0.0,0.0,0.0,0.0
-2.6349269853970796,4.999999999999579,1.4110544465231812e-13,0.0,0.0,0.0,0.0,0.0,0.0
-2.6339267853570716,4.999999999999577,1.4164858470134226e-13,0.0,0.0,0.0,0.0,0.0,0.0
-2.6329265853170636,4.9999999999995755,1.4219131915819223e-13,0.0,0.0,0.0,0.0,0.0,0.0
-2.6319263852770556,4.999999999999574,1.4273364833128754e-13,0.0,0.0,0.0,0.0,0.0,0.0
-2.6309261852370476,4.999999999999572,1.432755725288095e-13,0.0,0.0,0.0,0.0,0.0,0.0
-2.6299259851970396,4.99999999999957,1.4381709205870158e-13,0.0,0.0,0.0,0.0,0.0,0.0
-2.6289257851570316,4.999999999999568,1.4435820722866942e-13,0.0,0.0,0.0,0.0,0.0,0.0
-2.6279255851170236,4.999999999999567,1.4489891834618127e-13,0.0,0.0,0.0,0.0,0.0,0.0
-2.6269253850770156,4.999999999999565,1.4543922571846787e-13,0.0,0.0,0.0,0.0,0.0,0.0
-2.6259251850370076,4.999999999999563,1.4597912965252282e-13,0.0,0.0,0.0,0.0,0.0,0.0
-2.6249249849969996,4.999999999999561,1.4651863045510284e-13,0.0,0.0,0.0,0.0,0.0,0.0
-2.6239247849569916,4.9999999999995595,1.4705772843272768e-13,0.0,0.0,0.0,0.0,0.0,0.0
-2.6229245849169835,4.999999999999558,1.475964238916806e-13,0.0,0.0,0.0,0.0,0.0,0.0
-2.6219243848769755,4.999999999999556,1.4813471713800835e-13,0.0,0.0,0.0,0.0,0.0,0.0
-2.6209241848369675,4.999999999999554,1.4867260847752138e-13,0.0,0.0,0.0,0.0,0.0,0.0
-2.6199239847969595,4.999999999999552,1.4921009821579432e-13,0.0,0.0,0.0,0.0,0.0,0.0
-2.6189237847569515,4.999999999999551,1.4974718665816562e-13,0.0,0.0,0.0,0.0,0.0,0.0
-2.6179235847169435,4.999999999999549,1.5028387410973821e-13,0.0,0.0,0.0,0.0,0.0,0.0
-2.6169233846769355,4.999999999999547,1.5082016087537939e-13,0.0,0.0,0.0,0.0,0.0,0.0
-2.6159231846369275,4.999999999999545,1.5135604725972127e-13,0.0,0.0,0.0,0.0,0.0,0.0
-2.6149229845969195,4.9999999999995435,1.518915335671607e-13,0.0,0.0,0.0,0.0,0.0,0.0
-2.6139227845569115,4.999999999999542,1.5242662010185963e-13,0.0,0.0,0.0,0.0,0.0,0.0
-2.6129225845169035,4.99999999999954,1.529613071677452e-13,0.0,0.0,0.0,0.0,0.0,0.0
-2.6119223844768955,4.999999999999538,1.5349559506850998e-13,0.0,0.0,0.0,0.0,0.0,0.0
-2.6109221844368875,4.999999999999536,1.5402948410761203e-13,0.0,0.0,0.0,0.0,0.0,0.0
-2.6099219843968795,4.999999999999535,1.5456297458827537e-13,0.0,0.0,0.0,0.0,0.0,0.0
-2.6089217843568715,4.999999999999533,1.5509606681348978e-13,0.0,0.0,0.0,0.0,0.0,0.0
-2.6079215843168635,4.999999999999531,1.5562876108601131e-13,0.0,0.0,0.0,0.0,0.0,0.0
-2.6069213842768555,4.999999999999529,1.5616105770836225e-13,0.0,0.0,0.0,0.0,0.0,0.0
-2.6059211842368475,4.9999999999995275,1.5669295698283144e-13,0.0,0.0,0.0,0.0,0.0,0.0
-2.6049209841968395,4.999999999999526,1.5722445921147445e-13,0.0,0.0,0.0,0.0,0.0,0.0
-2.6039207841568315,4.999999999999524,1.5775556469611355e-13,0.0,0.0,0.0,0.0,0.0,0.0
-2.6029205841168235,4.999999999999522,1.5828627373833827e-13,0.0,0.0,0.0,0.0,0.0,0.0
-2.6019203840768155,4.99999999999952,1.5881658663950525e-13,0.0,0.0,0.0,0.0,0.0,0.0
-2.6009201840368075,4.999999999999519,1.5934650370073858e-13,0.0,0.0,0.0,0.0,0.0,0.0
-2.5999199839967995,4.999999999999517,1.5987602522293017e-13,0.0,0.0,0.0,0.0,0.0,0.0
-2.5989197839567915,4.999999999999515,1.6040515150674053e-13,0.0,0.0,0.0,0.0,0.0,0.0
-2.5979195839167835,4.999999999999513,1.6093388285260372e-13,0.0,0.0,0.0,0.0,0.0,0.0
-2.5969193838767755,4.9999999999995115,1.6146221956075291e-13,0.0,0.0,0.0,0.0,0.0,0.0
-2.5959191838367675,4.99999999999951,1.619901619313685e-13,0.0,0.0,0.0,0.0,0.0,0.0
-2.5949189837967594,4.999999999999508,1.6251771026542155e-13,0.0,0.0,0.0,0.0,0.0,0.0
-2.5939187837567514,4.999999999999506,1.630448648695571e-13,0.0,0.0,0.0,0.0,0.0,0.0
-2.5929185837167434,4.999999999999504,1.6357162608475794e-13,0.0,0.0,0.0,0.0,0.0,0.0
-2.5919183836767354,4.999999999999503,1.6409799445297175e-13,0.0,0.0,0.0,0.0,0.0,0.0
-2.5909181836367274,4.999999999999501,1.6462397167730833e-13,0.0,0.0,0.0,0.0,0.0,0.0
-2.5899179835967194,4.999999999999499,1.6514956636908928e-13,0.0,0.0,0.0,0.0,0.0,0.0
-2.5889177835567114,4.999999999999497,1.6567482607498974e-13,0.0,0.0,0.0,0.0,0.0,0.0
-2.5879175835167034,4.9999999999994955,1.66200006808956e-13,0.0,0.0,0.0,0.0,0.0,0.0
-2.5869173834766954,4.999999999999494,1.667265572738423e-13,0.0,0.0,0.0,0.0,0.0,0.0
-2.5859171834366874,4.999999999999492,1.6726393708630628e-13,0.0,0.0,0.0,0.0,0.0,0.0
-2.5849169833966794,4.99999999999949,1.6788306041293833e-13,0.0,0.0,0.0,0.0,0.0,0.0
-2.5839167833566714,4.999999999999488,1.6877300968907278e-13,0.0,0.0,0.0,0.0,0.0,0.0
-2.5829165833166634,4.999999999999485,1.701741520830212e-13,0.0,0.0,0.0,0.0,0.0,0.0
-2.5819163832766554,4.99999999999948,1.7195062604192422e-13,0.0,0.0,0.0,0.0,0.0,0.0
-2.5809161832366474,4.999999999999475,1.7434054469761246e-13,0.0,0.0,0.0,0.0,0.0,0.0
-2.5799159831966394,4.999999999999467,1.7749298789155748e-13,0.0,0.0,0.0,0.0,0.0,0.0
-2.5789157831566314,4.999999999999458,1.8141368902074898e-13,0.0,0.0,0.0,0.0,0.0,0.0
-2.5779155831166234,4.9999999999994476,1.8653696649762238e-13,0.0,0.0,0.0,0.0,0.0,0.0
-2.5769153830766154,4.999999999999433,1.927097422000616e-13,0.0,0.0,0.0,0.0,0.0,0.0
-2.5759151830366074,4.9999999999994165,2.0015247176394454e-13,0.0,0.0,0.0,0.0,0.0,0.0
-2.5749149829965994,4.999999999999396,2.093128292099518e-13,0.0,0.0,0.0,0.0,0.0,0.0
-2.5739147829565914,4.999999999999372,2.2010320961919938e-13,0.0,0.0,0.0,0.0,0.0,0.0
-2.5729145829165834,4.999999999999343,2.3274239269287216e-13,0.0,0.0,0.0,0.0,0.0,0.0
-2.5719143828765754,4.999999999999309,2.477988021138665e-13,0.0,0.0,0.0,0.0,0.0,0.0
-2.5709141828365674,4.999999999999269,2.656506156809751e-13,0.0,0.0,0.0,0.0,0.0,0.0
-2.5699139827965594,4.999999999999222,2.8639628986143646e-13,0.0,0.0,0.0,0.0,0.0,0.0
-2.5689137827565514,4.999999999999168,3.1059947028855807e-13,0.0,0.0,0.0,0.0,0.0,0.0
-2.5679135827165434,4.999999999999104,3.389346898341145e-13,0.0,0.0,0.0,0.0,0.0,0.0
-2.5669133826765353,4.99999999999903,3.7181944154597535e-13,0.0,0.0,0.0,0.0,0.0,0.0
-2.5659131826365273,4.999999999998945,4.1005944313487146e-13,0.0,0.0,0.0,0.0,0.0,0.0
-2.5649129825965193,4.999999999998845,4.543890063810842e-13,0.0,0.0,0.0,0.0,0.0,0.0
-2.5639127825565113,4.999999999998731,5.057339274575314e-13,0.0,0.0,0.0,0.0,0.0,0.0
-2.5629125825165033,4.999999999998598,5.650957554059997e-13,0.0,0.0,0.0,0.0,0.0,0.0
-2.5619123824764953,4.999999999998444,6.333772605354079e-13,0.0,0.0,0.0,0.0,0.0,0.0
-2.5609121824364873,4.999999999998267,7.11973544493895e-13,0.0,0.0,0.0,0.0,0.0,0.0
-2.5599119823964793,4.999999999998064,8.026745169872401e-13,0.0,0.0,0.0,0.0,0.0,0.0
-2.5589117823564713,4.999999999997829,9.070290799610699e-13,0.0,0.0,0.0,0.0,0.0,0.0
-2.5579115823164633,4.999999999997559,1.0270980647179453e-12,0.0,0.0,0.0,0.0,0.0,0.0
-2.5569113822764553,4.999999999997249,1.1651707515870349e-12,0.0,0.0,0.0,0.0,0.0,0.0
-2.5559111822364473,4.999999999996894,1.323667739107487e-12,0.0,0.0,0.0,0.0,0.0,0.0
-2.5549109821964393,4.9999999999964855,1.5056836176078219e-12,0.0,0.0,0.0,0.0,0.0,0.0
-2.5539107821564313,4.999999999996017,1.7143506652689625e-12,0.0,0.0,0.0,0.0,0.0,0.0
-2.5529105821164233,4.999999999995481,1.95360736649834e-12,0.0,0.0,0.0,0.0,0.0,0.0
-2.5519103820764153,4.999999999994865,2.2278210298911548e-12,0.0,0.0,0.0,0.0,0.0,0.0
-2.5509101820364073,4.999999999994161,2.54163265646746e-12,0.0,0.0,0.0,0.0,0.0,0.0
-2.5499099819963993,4.9999999999933555,2.9007803345814857e-12,0.0,0.0,0.0,0.0,0.0,0.0
-2.5489097819563913,4.9999999999924345,3.3115522669927964e-12,0.0,0.0,0.0,0.0,0.0,0.0
-2.5479095819163833,4.999999999991381,3.7809582618890406e-12,0.0,0.0,0.0,0.0,0.0,0.0
-2.5469093818763753,4.9999999999901785,4.317074208206554e-12,0.0,0.0,0.0,0.0,0.0,0.0
-2.5459091818363673,4.9999999999888045,4.929181919445226e-12,0.0,0.0,0.0,0.0,0.0,0.0
-2.5449089817963593,4.999999999987236,5.627933382843732e-12,0.0,0.0,0.0,0.0,0.0,0.0
-2.5439087817563513,4.999999999985447,6.424910647417701e-12,0.0,0.0,0.0,0.0,0.0,0.0
-2.5429085817163433,4.999999999983409,7.333472124831005e-12,0.0,0.0,0.0,0.0,0.0,0.0
-2.5419083816763353,4.9999999999810845,8.369014330929458e-12,0.0,0.0,0.0,0.0,0.0,0.0
-2.5409081816363273,4.999999999978438,9.54851151911722e-12,0.0,0.0,0.0,0.0,0.0,0.0
-2.5399079815963193,4.999999999975425,1.0891350984584313e-11,0.0,0.0,0.0,0.0,0.0,0.0
-2.5389077815563112,4.999999999971996,1.2419459331319778e-11,0.0,0.0,0.0,0.0,0.0,0.0
-2.5379075815163032,4.999999999968096,1.4157661534578678e-11,0.0,0.0,0.0,0.0,0.0,0.0
-2.5369073814762952,4.999999999963661,1.6133854551349478e-11,0.0,0.0,0.0,0.0,0.0,0.0
-2.5359071814362872,4.9999999999586215,1.8379461394667782e-11,0.0,0.0,0.0,0.0,0.0,0.0
-2.5349069813962792,4.999999999952896,2.0930220542853255e-11,0.0,0.0,0.0,0.0,0.0,0.0
-2.5339067813562712,4.9999999999463975,2.3826246475395672e-11,0.0,0.0,0.0,0.0,0.0,0.0
-2.5329065813162632,4.999999999939021,2.7112714009773197e-11,0.0,0.0,0.0,0.0,0.0,0.0
-2.5319063812762552,4.9999999999306555,3.084042579932247e-11,0.0,0.0,0.0,0.0,0.0,0.0
-2.530906181236247,4.99999999992117,3.5066686035391596e-11,0.0,0.0,0.0,0.0,0.0,0.0
-2.529905981196239,4.999999999910421,3.985619197703532e-11,0.0,0.0,0.0,0.0,0.0,0.0
-2.528905781156231,4.999999999898244,4.528134827984054e-11,0.0,0.0,0.0,0.0,0.0,0.0
-2.527905581116223,4.999999999884458,5.142398696412579e-11,0.0,0.0,0.0,0.0,0.0,0.0
-2.526905381076215,4.999999999868856,5.837589233624789e-11,0.0,0.0,0.0,0.0,0.0,0.0
-2.525905181036207,4.999999999851206,6.623967970661544e-11,0.0,0.0,0.0,0.0,0.0,0.0
-2.524904980996199,4.99999999983125,7.513103202063238e-11,0.0,0.0,0.0,0.0,0.0,0.0
-2.523904780956191,4.999999999808695,8.517970116598582e-11,0.0,0.0,0.0,0.0,0.0,0.0
-2.522904580916183,4.999999999783217,9.653129596305952e-11,0.0,0.0,0.0,0.0,0.0,0.0
-2.521904380876175,4.999999999754447,1.0934905019737772e-10,0.0,0.0,0.0,0.0,0.0,0.0
-2.520904180836167,4.999999999721976,1.238156829984407e-10,0.0,0.0,0.0,0.0,0.0,0.0
-2.519903980796159,4.999999999685344,1.4013604824788149e-10,0.0,0.0,0.0,0.0,0.0,0.0
-2.518903780756151,4.999999999644037,1.5853928722029814e-10,0.0,0.0,0.0,0.0,0.0,0.0
-2.517903580716143,4.999999999597478,1.792816064292125e-10,0.0,0.0,0.0,0.0,0.0,0.0
-2.516903380676135,4.9999999995450235,2.026500394227425e-10,0.0,0.0,0.0,0.0,0.0,0.0
-2.515903180636127,4.999999999485954,2.2896527117194818e-10,0.0,0.0,0.0,0.0,0.0,0.0
-2.514902980596119,4.999999999419465,2.5858545563458443e-10,0.0,0.0,0.0,0.0,0.0,0.0
-2.513902780556111,4.999999999344659,2.919105238359427e-10,0.0,0.0,0.0,0.0,0.0,0.0
-2.512902580516103,4.999999999260532,3.293870742247498e-10,0.0,0.0,0.0,0.0,0.0,0.0
-2.511902380476095,4.999999999165967,3.715133071358838e-10,0.0,0.0,0.0,0.0,0.0,0.0
-2.510902180436087,4.999999999059714,4.188448894576537e-10,0.0,0.0,0.0,0.0,0.0,0.0
-2.509901980396079,4.999999998940385,4.720012132492283e-10,0.0,0.0,0.0,0.0,0.0,0.0
-2.508901780356071,4.999999998806429,5.316720774389276e-10,0.0,0.0,0.0,0.0,0.0,0.0
-2.507901580316063,4.999999998656122,5.986258910373289e-10,0.0,0.0,0.0,0.0,0.0,0.0
-2.506901380276055,4.999999998487543,6.737177894253077e-10,0.0,0.0,0.0,0.0,0.0,0.0
-2.505901180236047,4.999999998298556,7.578991921413774e-10,0.0,0.0,0.0,0.0,0.0,0.0
-2.504900980196039,4.9999999980867855,8.522279432306188e-10,0.0,0.0,0.0,0.0,0.0,0.0
-2.503900780156031,4.99999999784959,9.57879579530097e-10,0.0,0.0,0.0,0.0,0.0,0.0
-2.502900580116023,4.999999997584039,1.0761602250455328e-09,0.0,0.0,0.0,0.0,0.0,0.0
-2.501900380076015,4.999999997286874,1.2085201886613506e-09,0.0,0.0,0.0,0.0,0.0,0.0
-2.500900180036007,4.9999999969544815,1.356568993670544e-09,0.0,0.0,0.0,0.0,0.0,0.0
-2.499899979995999,4.999999996582852,1.5220915727626518e-09,0.0,0.0,0.0,0.0,0.0,0.0
-2.498899779955991,4.999999996167539,1.707067301434369e-09,0.0,0.0,0.0,0.0,0.0,0.0
-2.497899579915983,4.999999995703618,1.9136900950339615e-09,0.0,0.0,0.0,0.0,0.0,0.0
-2.496899379875975,4.99999999518563,2.1443894300243824e-09,0.0,0.0,0.0,0.0,0.0,0.0
-2.495899179835967,4.999999994607534,2.401855588415442e-09,0.0,0.0,0.0,0.0,0.0,0.0
-2.494898979795959,4.9999999939626445,2.689065350274906e-09,0.0,0.0,0.0,0.0,0.0,0.0
-2.493898779755951,4.999999993243566,3.0093110512157356e-09,0.0,0.0,0.0,0.0,0.0,0.0
-2.492898579715943,4.999999992442123,3.3662329821469914e-09,0.0,0.0,0.0,0.0,0.0,0.0
-2.491898379675935,4.999999991549281,3.763853150590448e-09,0.0,0.0,0.0,0.0,0.0,0.0
-2.490898179635927,4.999999990555062,4.2066138276611465e-09,0.0,0.0,0.0,0.0,0.0,0.0
-2.489897979595919,4.999999989448451,4.6994190743376e-09,0.0,0.0,0.0,0.0,0.0,0.0
-2.488897779555911,4.999999988217294,5.247679826551952e-09,0.0,0.0,0.0,0.0,0.0,0.0
-2.487897579515903,4.999999986848184,5.857363405994031e-09,0.0,0.0,0.0,0.0,0.0,0.0
-2.486897379475895,4.9999999853263475,6.535047659143539e-09,0.0,0.0,0.0,0.0,0.0,0.0
-2.485897179435887,4.999999983635504,7.2879799340210674e-09,0.0,0.0,0.0,0.0,0.0,0.0
-2.484896979395879,4.999999981757722,8.124141494170063e-09,0.0,0.0,0.0,0.0,0.0,0.0
-2.483896779355871,4.9999999796732695,9.052317353977827e-09,0.0,0.0,0.0,0.0,0.0,0.0
-2.482896579315863,4.999999977360432,1.0082172384519094e-08,0.0,0.0,0.0,0.0,0.0,0.0
-2.481896379275855,4.999999974795332,1.1224334500403978e-08,0.0,0.0,0.0,0.0,0.0,0.0
-2.480896179235847,4.9999999719517305,1.2490484832709205e-08,0.0,0.0,0.0,0.0,0.0,0.0
-2.479895979195839,4.999999968800795,1.3893455597837279e-08,0.0,0.0,0.0,0.0,0.0,0.0
-2.478895779155831,4.999999965310868,1.544733713517979e-08,0.0,0.0,0.0,0.0,0.0,0.0
-2.477895579115823,4.999999961447208,1.716759354067272e-08,0.0,0.0,0.0,0.0,0.0,0.0
-2.476895379075815,4.999999957171698,1.9071187920334433e-08,0.0,0.0,0.0,0.0,0.0,0.0
-2.475895179035807,4.999999952442552,2.117671945947837e-08,0.0,0.0,0.0,0.0,0.0,0.0
-2.474894978995799,4.999999947213971,2.350457044239667e-08,0.0,0.0,0.0,0.0,0.0,0.0
-2.473894778955791,4.999999941435791,2.6077066433001188e-08,0.0,0.0,0.0,0.0,0.0,0.0
-2.472894578915783,4.99999993505309,2.8918649876476424e-08,0.0,0.0,0.0,0.0,0.0,0.0
-2.471894378875775,4.9999999280057645,3.205606749407223e-08,0.0,0.0,0.0,0.0,0.0,0.0
-2.470894178835767,4.9999999202280785,3.5518573143165054e-08,0.0,0.0,0.0,0.0,0.0,0.0
-2.469893978795759,4.9999999116481675,3.933814745125259e-08,0.0,0.0,0.0,0.0,0.0,0.0
-2.468893778755751,4.999999902187503,4.354973440229542e-08,0.0,0.0,0.0,0.0,0.0,0.0
-2.467893578715743,4.999999891760322,4.819149723021823e-08,0.0,0.0,0.0,0.0,0.0,0.0
-2.466893378675735,4.999999880273004,5.330509484791709e-08,0.0,0.0,0.0,0.0,0.0,0.0
-2.465893178635727,4.999999867623399,5.893597938091282e-08,0.0,0.0,0.0,0.0,0.0,0.0
-2.464892978595719,4.9999998537001105,6.513371739243e-08,0.0,0.0,0.0,0.0,0.0,0.0
-2.463892778555711,4.999999838381713,7.195233520347126e-08,0.0,0.0,0.0,0.0,0.0,0.0
-2.462892578515703,4.999999821535918,7.945069194068363e-08,0.0,0.0,0.0,0.0,0.0,0.0
-2.461892378475695,4.999999803018673,8.76928794902e-08,0.0,0.0,0.0,0.0,0.0,0.0
-2.460892178435687,4.999999782673188,9.674865364442459e-08,0.0,0.0,0.0,0.0,0.0,0.0
-2.459891978395679,4.999999760328901,1.0669389709458134e-07,0.0,0.0,0.0,0.0,0.0,0.0
-2.458891778355671,4.999999735800354,1.1761111643547755e-07,0.0,0.0,0.0,0.0,0.0,0.0
-2.457891578315663,4.999999708885993,1.2958997688544428e-07,0.0,0.0,0.0,0.0,0.0,0.0
-2.456891378275655,4.999999679366882,1.4272787439840568e-07,0.0,0.0,0.0,0.0,0.0,0.0
-2.455891178235647,4.9999996470053185,1.5713054935837338e-07,0.0,0.0,0.0,0.0,0.0,0.0
-2.454890978195639,4.9999996115433545,1.7291274581698086e-07,0.0,0.0,0.0,0.0,0.0,0.0
-2.453890778155631,4.999999572701212,1.9019891560974488e-07,0.0,0.0,0.0,0.0,0.0,0.0
-2.452890578115623,4.999999530175582,2.0912397254780857e-07,0.0,0.0,0.0,0.0,0.0,0.0
-2.451890378075615,4.999999483637815,2.2983409965756974e-07,0.0,0.0,0.0,0.0,0.0,0.0
-2.450890178035607,4.999999432731974,2.524876112210263e-07,0.0,0.0,0.0,0.0,0.0,0.0
-2.449889977995599,4.999999377072766,2.772558744873667e-07,0.0,0.0,0.0,0.0,0.0,0.0
-2.448889777955591,4.999999316243326,3.0432429341399373e-07,0.0,0.0,0.0,0.0,0.0,0.0
-2.447889577915583,4.999999249792855,3.338933584285219e-07,0.0,0.0,0.0,0.0,0.0,0.0
-2.446889377875575,4.9999991772341,3.661797655782307e-07,0.0,0.0,0.0,0.0,0.0,0.0
-2.445889177835567,4.999999098040673,4.01417609557551e-07,0.0,0.0,0.0,0.0,0.0,0.0
-2.444888977795559,4.999999011644186,4.39859654369483e-07,0.0,0.0,0.0,0.0,0.0,0.0
-2.443888777755551,4.999998917431212,4.817786853683653e-07,0.0,0.0,0.0,0.0,0.0,0.0
-2.442888577715543,4.999998814740042,5.274689478158739e-07,0.0,0.0,0.0,0.0,0.0,0.0
-2.441888377675535,4.9999987028572495,5.772476763699105e-07,0.0,0.0,0.0,0.0,0.0,0.0
-2.440888177635527,4.999998581014029,6.314567188948405e-07,0.0,0.0,0.0,0.0,0.0,0.0
-2.439887977595519,4.9999984483823114,6.90464261496448e-07,0.0,0.0,0.0,0.0,0.0,0.0
-2.438887777555511,4.999998304070651,7.546666586519064e-07,0.0,0.0,0.0,0.0,0.0,0.0
-2.437887577515503,4.9999981471198485,8.244903731695861e-07,0.0,0.0,0.0,0.0,0.0,0.0
-2.436887377475495,4.99999797649833,9.003940321429052e-07,0.0,0.0,0.0,0.0,0.0,0.0
-2.435887177435487,4.999997791097236,9.828706045074223e-07,0.0,0.0,0.0,0.0,0.0,0.0
-2.434886977395479,4.999997589725241,1.0724497050455948e-06,0.0,0.0,0.0,0.0,0.0,0.0
-2.433886777355471,4.999997371103058,1.169700030890358e-06,0.0,0.0,0.0,0.0,0.0,0.0
-2.432886577315463,4.9999971338576445,1.2752319367326665e-06,0.0,0.0,0.0,0.0,0.0,0.0
-2.431886377275455,4.999996876516075,1.3897001551634708e-06,0.0,0.0,0.0,0.0,0.0,0.0
-2.430886177235447,4.999996597499071,1.5138066670976387e-06,0.0,0.0,0.0,0.0,0.0,0.0
-2.429885977195439,4.999996295114185,1.648303729859702e-06,0.0,0.0,0.0,0.0,0.0,0.0
-2.428885777155431,4.9999959675486085,1.7939970686921753e-06,0.0,0.0,0.0,0.0,0.0,0.0
-2.427885577115423,4.999995612861598,1.9517492384347337e-06,0.0,0.0,0.0,0.0,0.0,0.0
-2.426885377075415,4.999995228976503,2.122483162327275e-06,0.0,0.0,0.0,0.0,0.0,0.0
-2.425885177035407,4.999994813672378,2.3071858541059624e-06,0.0,0.0,0.0,0.0,0.0,0.0
-2.424884976995399,4.999994364575168,2.506912330416519e-06,0.0,0.0,0.0,0.0,0.0,0.0
-2.423884776955391,4.999993879148443,2.7227897210084397e-06,0.0,0.0,0.0,0.0,0.0,0.0
-2.422884576915383,4.99999335468368,2.9560215828212513e-06,0.0,0.0,0.0,0.0,0.0,0.0
-2.421884376875375,4.999992788290057,3.207892424684851e-06,0.0,0.0,0.0,0.0,0.0,0.0
-2.420884176835367,4.999992176883771,3.4797724508440856e-06,0.0,0.0,0.0,0.0,0.0,0.0
-2.419883976795359,4.999991517176832,3.773122529558301e-06,0.0,0.0,0.0,0.0,0.0,0.0
-2.418883776755351,4.999990805665335,4.089499393167676e-06,0.0,0.0,0.0,0.0,0.0,0.0
-2.417883576715343,4.999990038617208,4.430561077079331e-06,0.0,0.0,0.0,0.0,0.0,0.0
-2.416883376675335,4.999989212059384,4.798072604848467e-06,0.0,0.0,0.0,0.0,0.0,0.0
-2.415883176635327,4.999988321764417,5.193911924555029e-06,0.0,0.0,0.0,0.0,0.0,0.0
-2.414882976595319,4.999987363236509,5.6200761059594594e-06,0.0,0.0,0.0,0.0,0.0,0.0
-2.413882776555311,4.9999863316969355,6.078687801371666e-06,0.0,0.0,0.0,0.0,0.0,0.0
-2.412882576515303,4.999985222068858,6.572001978608892e-06,0.0,0.0,0.0,0.0,0.0,0.0
-2.411882376475295,4.999984028961508,7.102412932766102e-06,0.0,0.0,0.0,0.0,0.0,0.0
-2.410882176435287,4.999982746653732,7.672461579768274e-06,0.0,0.0,0.0,0.0,0.0,0.0
-2.409881976395279,4.999981369076877,8.284843040621472e-06,0.0,0.0,0.0,0.0,0.0,0.0
-2.408881776355271,4.9999798897970145,8.942414519759604e-06,0.0,0.0,0.0,0.0,0.0,0.0
-2.407881576315263,4.999978301996487,9.648203482466111e-06,0.0,0.0,0.0,0.0,0.0,0.0
-2.406881376275255,4.999976598454763,1.0405416137143327e-05,0.0,0.0,0.0,0.0,0.0,0.0
-2.4058811762352468,4.999974771528593,1.1217446225988439e-05,0.0,0.0,0.0,0.0,0.0,0.0
-2.4048809761952388,4.9999728131314605,1.2087884126903965e-05,0.0,0.0,0.0,0.0,0.0,0.0
-2.4038807761552308,4.999970714712319,1.3020526271965286e-05,0.0,0.0,0.0,0.0,0.0,0.0
-2.4028805761152228,4.9999684672336056,1.4019384884817704e-05,0.0,0.0,0.0,0.0,0.0,0.0
-2.401880376075215,4.999966061148525,1.5088698037845767e-05,0.0,0.0,0.0,0.0,0.0,0.0
-2.400880176035207,4.999963486377605,1.623294003314424e-05,0.0,0.0,0.0,0.0,0.0,0.0
-2.399879975995199,4.999960732284515,1.7456832107402446e-05,0.0,0.0,0.0,0.0,0.0,0.0
-2.398879775955191,4.999957787651148,1.8765353460908424e-05,0.0,0.0,0.0,0.0,0.0,0.0
-2.397879575915183,4.999954640651964,2.0163752612010412e-05,0.0,0.0,0.0,0.0,0.0,0.0
-2.396879375875175,4.999951278827599,2.165755907595795e-05,0.0,0.0,0.0,0.0,0.0,0.0
-2.395879175835167,4.99994768905774,2.325259536538094e-05,0.0,0.0,0.0,0.0,0.0,0.0
-2.394878975795159,4.999943857533274,2.4954989312082622e-05,0.0,0.0,0.0,0.0,0.0,0.0
-2.393878775755151,4.999939769727702,2.677118670733657e-05,0.0,0.0,0.0,0.0,0.0,0.0
-2.392878575715143,4.99993541036786,2.8707964255415282e-05,0.0,0.0,0.0,0.0,0.0,0.0
-2.391878375675135,4.999930763403909,3.0772442837320134e-05,0.0,0.0,0.0,0.0,0.0,0.0
-2.390878175635127,4.999925811978651,3.2972101079676844e-05,0.0,0.0,0.0,0.0,0.0,0.0
-2.389877975595119,4.99992053839615,3.531478922127446e-05,0.0,0.0,0.0,0.0,0.0,0.0
-2.388877775555111,4.999914924089699,3.7808743271923136e-05,0.0,0.0,0.0,0.0,0.0,0.0
-2.387877575515103,4.999908949589127,4.0462599456044224e-05,0.0,0.0,0.0,0.0,0.0,0.0
-2.386877375475095,4.999902594487485,4.3285408930176535e-05,0.0,0.0,0.0,0.0,0.0,0.0
-2.385877175435087,4.999895837407114,4.6286652767988484e-05,0.0,0.0,0.0,0.0,0.0,0.0
-2.384876975395079,4.999888655965139,4.947625720065427e-05,0.0,0.0,0.0,0.0,0.0,0.0
-2.383876775355071,4.9998810267383895,5.286460910205909e-05,0.0,0.0,0.0,0.0,0.0,0.0
-2.382876575315063,4.999872925227786,5.646257170741612e-05,0.0,0.0,0.0,0.0,0.0,0.0
-2.381876375275055,4.999864325822227,6.028150055091632e-05,0.0,0.0,0.0,0.0,0.0,0.0
-2.380876175235047,4.999855201761991,6.433325961156527e-05,0.0,0.0,0.0,0.0,0.0,0.0
-2.379875975195039,4.999845525101697,6.86302376516415e-05,0.0,0.0,0.0,0.0,0.0,0.0
-2.378875775155031,4.999835266672851,7.318536473220297e-05,0.0,0.0,0.0,0.0,0.0,0.0
-2.377875575115023,4.9998243960460105,7.801212889173363e-05,0.0,0.0,0.0,0.0,0.0,0.0
-2.376875375075015,4.999812881492616,8.312459297126368e-05,0.0,0.0,0.0,0.0,0.0,0.0
-2.375875175035007,4.999800689946512,8.853741156762019e-05,0.0,0.0,0.0,0.0,0.0,0.0
-2.374874974994999,4.999787786965197,9.426584810101905e-05,0.0,0.0,0.0,0.0,0.0,0.0
-2.373874774954991,4.999774136690862,0.00010032579197680388,0.0,0.0,0.0,0.0,0.0,0.0
-2.372874574914983,4.999759701811218,0.00010673377582430157,0.0,0.0,0.0,0.0,0.0,0.0
-2.371874374874975,4.999744443520206,0.00011350699279526454,0.0,0.0,0.0,0.0,0.0,0.0
-2.370874174834967,4.9997283214785755,0.00012066331390221805,0.0,0.0,0.0,0.0,0.0,0.0
-2.369873974794959,4.999711293774413,0.00012822130538040996,0.0,0.0,0.0,0.0,0.0,0.0
-2.368873774754951,4.999693316883645,0.0001362002460540149,0.0,0.0,0.0,0.0,0.0,0.0
-2.367873574714943,4.999674345630553,0.00014462014468828507,0.0,0.0,0.0,0.0,0.0,0.0
-2.366873374674935,4.999654333148354,0.00015350175731052842,0.0,0.0,0.0,0.0,0.0,0.0
-2.365873174634927,4.999633230839861,0.00016286660448385125,0.0,0.0,0.0,0.0,0.0,0.0
-2.364872974594919,4.999610988338296,0.00017273698851534412,0.0,0.0,0.0,0.0,0.0,0.0
-2.363872774554911,4.999587553468253,0.0001831360105839376,0.0,0.0,0.0,0.0,0.0,0.0
-2.362872574514903,4.999562872206871,0.0001940875877743792,0.0,0.0,0.0,0.0,0.0,0.0
-2.361872374474895,4.999536888645239,0.00020561647000195786,0.0,0.0,0.0,0.0,0.0,0.0
-2.360872174434887,4.999509544950051,0.0002177482568163894,0.0,0.0,0.0,0.0,0.0,0.0
-2.359871974394879,4.999480781325557,0.00023050941407619724,0.0,0.0,0.0,0.0,0.0,0.0
-2.358871774354871,4.999450535975807,0.00024392729048297286,0.0,0.0,0.0,0.0,0.0,0.0
-2.357871574314863,4.999418745067216,0.00025803013396783365,0.0,0.0,0.0,0.0,0.0,0.0
-2.356871374274855,4.999385342691469,0.0002728471079271864,0.0,0.0,0.0,0.0,0.0,0.0
-2.355871174234847,4.99935026082875,0.00028840830730468987,0.0,0.0,0.0,0.0,0.0,0.0
-2.354870974194839,4.9993134293113215,0.0003047447745178527,0.0,0.0,0.0,0.0,0.0,0.0
-2.353870774154831,4.999274775787429,0.0003218885152337363,0.0,0.0,0.0,0.0,0.0,0.0
-2.352870574114823,4.999234225685533,0.0003398725139976291,0.0,0.0,0.0,0.0,0.0,0.0
-2.351870374074815,4.999191702178862,0.00035873074971762194,0.0,0.0,0.0,0.0,0.0,0.0
-2.350870174034807,4.999147126150274,0.0003784982110065861,0.0,0.0,0.0,0.0,0.0,0.0
-2.349869973994799,4.9991004161574395,0.0003992109113793775,0.0,0.0,0.0,0.0,0.0,0.0
-2.348869773954791,4.999051488398364,0.0004209059043036088,0.0,0.0,0.0,0.0,0.0,0.0
-2.347869573914783,4.999000256677164,0.0004436212981275599,0.0,0.0,0.0,0.0,0.0,0.0
-2.346869373874775,4.998946632369952,0.00046739627096534594,0.0,0.0,0.0,0.0,0.0,0.0
-2.345869173834767,4.9988905243904425,0.0004922710857079328,0.0,0.0,0.0,0.0,0.0,0.0
-2.344868973794759,4.998831839154767,0.0005182871053836911,0.0,0.0,0.0,0.0,0.0,0.0
-2.343868773754751,4.998770480545245,0.0005454868089912557,0.0,0.0,0.0,0.0,0.0,0.0
-2.342868573714743,4.998706349873674,0.0005739138075457803,0.0,0.0,0.0,0.0,0.0,0.0
-2.341868373674735,4.998639345846422,0.0006036128593251341,0.0,0.0,0.0,0.0,0.0,0.0
-2.340868173634727,4.998569364539121,0.0006346298808199367,0.0,0.0,0.0,0.0,0.0,0.0
-2.339867973594719,4.998496299393031,0.0006670119480230126,0.0,0.0,0.0,0.0,0.0,0.0
-2.338867773554711,4.998420041234564,0.0007008072883740408,0.0,0.0,0.0,0.0,0.0,0.0
-2.337867573514703,4.998340478358336,0.0007360652731379985,0.0,0.0,0.0,0.0,0.0,0.0
-2.336867373474695,4.998257497281744,0.0007728366814456034,0.0,0.0,0.0,0.0,0.0,0.0
-2.335867173434687,4.998170993454344,0.0008111783583165485,-4.415315786159314e-06,-5.810424620750166e-06,-6.034606308017737e-06,-5.161555970895574e-06,-3.135900188918314e-06,0.0
-2.334866973394679,4.998080860392845,0.0008511192939050752,-4.973106966919188e-06,-6.514789712607987e-06,-6.6113607498722844e-06,-5.376577635153356e-06,-3.2857367808059304e-06,1.0
-2.333866773354671,4.997986996983359,0.000892712830261203,-6.303933147182463e-06,-8.537713801742961e-06,-8.978782897119974e-06,-7.396810654231149e-06,-3.4158219351602112e-06,3.0
-2.332866573314663,4.99788933852355,0.0009360039178533004,-8.533409373025546e-06,-1.2382106056858841e-05,-1.45269952680424e-05,-1.4846251315901513e-05,-1.2180809101222484e-05,5.0
-2.331866373274655,4.997787853109208,0.0009810217332669833,-1.1362554181092565e-05,-1.7447137280119334e-05,-2.226921388969299e-05,-2.649375299686088e-05,-3.0251707089822724e-05,5.0
-2.330866173234647,4.9976824685905,0.001027787223457404,-1.4257058797516058e-05,-2.24287080446666e-05,-2.9415280074224455e-05,-3.607600680909303e-05,-4.1568992440314986e-05,5.0
-2.329865973194639,4.997573069529525,0.0010763270539200381,-1.6870345875329346e-05,-2.6635147865054163e-05,-3.483766597383078e-05,-4.217409129735979e-05,-4.6602038343446974e-05,5.0
-2.328865773154631,4.997459565506417,0.0011266804314741764,-1.927062382426525e-05,-3.0436422682211844e-05,-3.9711915757304493e-05,-4.809955772491093e-05,-5.3602665903949616e-05,5.0
-2.327865573114623,4.997341883438638,0.0011788862464938755,-2.1710105788383974e-05,-3.441933450513344e-05,-4.5088343331683436e-05,-5.515845966445337e-05,-6.194102580997248e-05,5.0
-2.326865373074615,4.997219950728337,0.001232983070405464,-2.4304984115024802e-05,-3.872486021493673e-05,-5.095933003689925e-05,-6.283579468556998e-05,-7.093079290878309e-05,5.0
-2.325865173034607,4.997093689818893,0.0012890090641860222,-2.7026142337737586e-05,-4.322746939198921e-05,-5.704344226550166e-05,-7.072854716587907e-05,-8.004108620118081e-05,5.0
-2.324864972994599,4.996963018019544,0.0013470017829357768,-2.981912006955588e-05,-4.781937008200858e-05,-6.319100642004857e-05,-7.864467476032899e-05,-8.905038528823722e-05,5.0
-2.323864772954591,4.996827848881608,0.0014069980579993373,-3.2661479030351455e-05,-5.2472453786068755e-05,-6.937886831223827e-05,-8.658523376352031e-05,-9.800469968198952e-05,5.0
-2.322864572914583,4.996688093898407,0.0014690341544539754,-3.5558949563120605e-05,-5.720736653741788e-05,-7.565250245352119e-05,-9.46387097809622e-05,-0.00010704662013153045,5.0
-2.321864372874575,4.996543664304644,0.00153314630846145,-3.852744888516215e-05,-6.20564569876497e-05,-8.2063997310202e-05,-0.00010288239153683936,-0.00011627581809078314,5.0
-2.320864172834567,4.996394472606751,0.0015993713799779593,-4.158057281208822e-05,-6.704226169893637e-05,-8.8642571482124e-05,-0.0001113482925752631,-0.00012571856069595378,5.0
-2.319863972794559,4.996240433265657,0.0016677471740725494,-4.472610630051346e-05,-7.217521316985815e-05,-9.539774983727016e-05,-0.0001200405451029928,-0.0001353674964736596,5.0
-2.318863772754551,4.996081462304558,0.001738312220072387,-4.796830008258817e-05,-7.746063851385992e-05,-0.00010233388072324654,-0.00012896189250169047,-0.00014522165044778004,5.0
-2.317863572714543,4.995917476269802,0.0018111052005550655,-5.131087440288021e-05,-8.290453825504075e-05,-0.00010945878261255311,-0.00013812416122945892,-0.00015529628724792312,5.0
-2.316863372674535,4.995748391298892,0.001886164413742909,-5.475812376749606e-05,-8.851455763938642e-05,-0.00011678347514816987,-0.00014754403777591802,-0.0001656128142664,5.0
-2.315863172634527,4.995574122776214,0.0019635275156065423,-5.831439181979826e-05,-9.42981646953207e-05,-0.00012431829326725187,-0.0001572356749596641,-0.00017618774013895315,5.0
-2.314862972594519,4.995394585581205,0.0020432315457705797,-6.198326189160972e-05,-0.00010026101477474548,-0.00013207035707843613,-0.00016720739619800962,-0.00018702923194655453,5.0
-2.313862772554511,4.99520969468048,0.0021253131139091757,-6.576730848870243e-05,-0.00010640675359599023,-0.0001400436785787514,-0.00017746285052502725,-0.00019813969249375018,5.0
-2.312862572514503,4.9950193657881945,0.0022098086131644486,-6.966842759156092e-05,-0.00011273787377114198,-0.00014824073701978288,-0.00018800388654428604,-0.00020951984809707778,5.0
-2.311862372474495,4.994823515864913,0.0022967543551596944,-7.368837062090559e-05,-0.00011925676505258271,-0.00015666406787229038,-0.00019883288801175131,-0.00022117152172555343,5.0
-2.310862172434487,4.9946220633165765,0.0023861865671308126,-7.782916267888942e-05,-0.0001259664184258884,-0.00016531717358810947,-0.00020995386354306423,-0.0002330986223390093,5.0
-2.309861972394479,4.994414927900304,0.0024781412577170904,-8.209329838464359e-05,-0.00013287069300826855,-0.00017420477498478296,-0.0002213725988695192,-0.0002453070532749432,5.0
-2.308861772354471,4.994202030479066,0.002572654017392393,-8.648376067888058e-05,-0.00013997429150462964,-0.00018333269505839932,-0.0002330963950300767,-0.00025780427616539566,5.0
-2.307861572314463,4.993983292813979,0.0026697598390389506,-9.100394930093011e-05,-0.00014728261124263733,-0.00019270762195214354,-0.000245133720009244,-0.0002705988816249707,5.0
-2.306861372274455,4.993758637524196,0.002769493017112827,-9.565758176335384e-05,-0.00015480156868091473,-0.00020233686660820448,-0.00025749388242634204,-0.00028370022864922863,5.0
-2.305861172234447,4.993527988231967,0.002871887133301703,-0.00010044859503495487,-0.00016253743262273975,-0.0002122281440126232,-0.00027018673659834287,-0.00029711812918374126,5.0
-2.304860972194439,4.993291269816863,0.0029769750946508845,-0.00010538105594248979,-0.0001704966734334006,-0.0002223893796672848,-0.0002832224161548787,-0.00031086256991049544,5.0
-2.303860772154431,4.993048408670899,0.0030847891756772146,-0.00011045908223664864,-0.0001786858303548346,-0.00023282854268544134,-0.00029661110211202604,-0.0003249434810391406,5.0
-2.302860572114423,4.992799332873301,0.003195361028029458,-0.0001156867759539233,-0.00018711139972235502,-0.0002435535086300875,-0.0003103628314656184,-0.0003393705568672544,5.0
-2.301860372074415,4.992543972260458,0.003308721646628575,-0.00012106817070343752,-0.00019577974650051652,-0.0002545719534124917,-0.00032448734709142,-0.00035415312211700185,5.0
-2.300860172034407,4.992282258419919,0.003424901305101014,-0.0001266071938121009,-0.0002046970403795518,-0.0002658912777245926,-0.0003389939879562775,-0.0003693000364789156,5.0
-2.299859971994399,4.992014124664866,0.003543929485655079,-0.00013230764354638786,-0.00021386921705614104,-0.000277518561642202,-0.0003538916212090556,-0.00038481963604900004,5.0
-2.298859771954391,4.991739506040671,0.0036658348264054954,-0.00013817318114889008,-0.00022330196498312856,-0.00028946054974723386,-0.0003691886197079581,-0.0004007197154959211,5.0
-2.297859571914383,4.991458339386619,0.0037906450964127125,-0.00014420733682428064,-0.0002330007367514803,-0.00030172366621014293,-0.0003848928861614821,-0.0004170075533887564,5.0
-2.296859371874375,4.991170563441877,0.003918387193452614,-0.00015041352778233738,-0.00024297078199537393,-0.0003143140562875117,-0.0004010119187686527,-0.00043368997634251813,5.0
-2.295859171834367,4.990876118962601,0.004049087149677088,-0.00015679508515899327,-0.0002532171959814617,-0.0003272376469438978,-0.00041755290629059803,-0.00045077345010595,5.0
-2.294858971794359,4.990574948815724,0.004182770129684972,-0.00016335528557822847,-0.00026374497598647187,-0.0003405002165852896,-0.000434522836045492,-0.0004682641812947778,5.0
-2.293858771754351,4.990266998030688,0.0043194604126426265,-0.00017009738273106946,-0.0002745590769828483,-0.0003541074632685799,-0.0004519285977886011,-0.000486168213447081,5.0
-2.292858571714343,4.989952213812393,0.004459181359954166,-0.00017702463478442372,-0.0002856644591706545,-0.00036806506225937744,-0.0004697770693993776,-0.0005044915045786337,5.0
-2.291858371674335,4.989630545534831,0.004601955377261672,-0.00018414032454050058,-0.0002970661220964541,-0.0003823787067609926,-0.00048807517535415744,-0.00052323997870753,5.0
-2.290858171634327,4.9893019447387195,0.004747803881306231,-0.0001914477707283097,-0.0003087691228328919,-0.0003970541291209908,-0.0005068299145920039,-0.0005424195492828716,5.0
-2.289857971594319,4.9889663651486895,0.004896747278693441,-0.00019895033028724003,-0.00032077857834167227,-0.00041209710306132976,-0.0005260483593991402,-0.00056203611699961,5.0
-2.288857771554311,4.988623762712105,0.005048804957579331,-0.00020665139274185415,-0.00033309965427253156,-0.00042751342997165027,-0.0005457376306350792,-0.0005820955475597713,5.0
-2.287857571514303,4.988274095649948,0.005203995288030966,-0.00021455436861827888,-0.000345737543836042,-0.0004433089138275871,-0.0005659048567274903,-0.0006026036364259972,5.0
-2.286857371474295,4.987917324505241,0.005362335624580174,-0.00022266267426874643,-0.00035869744098497087,-0.00045948932984435923,-0.0005865571244401093,-0.0006235660676887494,5.0
-2.285857171434287,4.987553412177169,0.005523842305646164,-0.0002309797154837953,-0.0003719845120379628,-0.0004760603917025609,-0.0006077014287645742,-0.0006449883732038918,5.0
-2.284856971394279,4.987182323936501,0.0056885306478069225,-0.00023950887196639507,-0.0003856038692541728,-0.0004930277213278109,-0.0006293446278130612,-0.0006668758965943229,5.0
-2.283856771354271,4.986804027425712,0.005856414936373551,-0.000248253484230882,-0.00039956054892545357,-0.0005103968240333913,-0.0006514934067131997,-0.0006892337649568474,5.0
-2.282856571314263,4.986418492651787,0.006027508415753683,-0.00025721684388728346,-0.00041385949549336144,-0.0005281730705843975,-0.0006741542525830686,-0.0007120668694813305,5.0
-2.281856371274255,4.986025691979659,0.0062018232830661464,-0.0002664021876778825,-0.0004285055521845347,-0.0005463616865953216,-0.0006973334409426346,-0.0007353798548572181,5.0
-2.2808561712342468,4.985625600130548,0.006379370686839738,-0.00027581269512045556,-0.00044350345780266675,-0.0005649677487447491,-0.0007210370325453665,-0.0007591771163868736,5.0
-2.2798559711942388,4.985218194184723,0.006560160730472927,-0.000285451489224371,-0.00045885784868075346,-0.0005839961866333315,-0.0007452708786521435,-0.0007834628031434088,5.0
-2.2788557711542308,4.9848034535845835,0.0067442024785330686,-0.0002953216394979876,-0.0004745732644039309,-0.000603451788729632,-0.0007700406322221189,-0.0008082408252572346,5.0
-2.2778555711142228,4.9843813601329945,0.006931503963540747,-0.00030542616635462086,-0.0004906541557506689,-0.000623339210717032,-0.0007953517623270012,-0.0008335148634264005,5.0
-2.2768553710742148,4.983951897983363,0.0071220721915742444,-0.0003157680460326549,-0.0005071048933379841,-0.000643662984630562,-0.0008212095692477461,-0.0008592883789526581,5.0
-2.2758551710342068,4.983515053620808,0.007315913146321113,-0.00032635021524856457,-0.0005239297756525076,-0.0006644275274042642,-0.0008476191981123129,-0.0008855646229422095,5.0
-2.2748549709941988,4.983070815836473,0.007513031792411442,-0.0003371755749716664,-0.0005411330354555013,-0.0006856371477843536,-0.0008745856494973411,-0.000912346643716469,5.0
-2.2738547709541908,4.982619175698434,0.007713432079503483,-0.0003482469929176124,-0.0005587188439164265,-0.0007072960509493625,-0.0009021137860599713,-0.0009396372919000311,5.0
-2.2728545709141827,4.982160126522484,0.007917116948502907,-0.00035956730457639165,-0.0005766913122083894,-0.0007294083405679993,-0.0009302083349068416,-0.0009674392230449037,5.0
-2.2718543708741747,4.981693663844689,0.008124088340688286,-0.0003711393127952128,-0.0005950544906469863,-0.0007519780183776023,-0.000958873885974699,-0.0009957548979768673,5.0
-2.2708541708341667,4.981219785395924,0.008334347209750802,-0.00038296578610688025,-0.0006138123657375511,-0.0007750089816488692,-0.0009881148871374744,-0.0010245865812884127,5.0
-2.2698539707941587,4.980738491077299,0.00854789353617048,-0.00039504945611591236,-0.0006329688556916214,-0.0007985050190952747,-0.001017935637036091,-0.0010539363385428638,5.0
-2.2688537707541507,4.980249782934907,0.008764726343130056,-0.0004073930143206064,-0.000652527805071576,-0.0008224698058802403,-0.0010483402767412443,-0.0010838060327985118,5.0
-2.2678535707141427,4.979753665132552,0.008984843713276671,-0.0004199991087598222,-0.0006724929792258247,-0.0008469068983762375,-0.0010793327813193477,-0.0011141973210236056,5.0
-2.2668533706741347,4.979250143921804,0.009208242805926687,-0.00043287034083546637,-0.0006928680590999105,-0.0008718197292528861,-0.0011109169522085516,-0.001145111650874438,5.0
-2.2658531706341267,4.978739227609322,0.009434919874590449,-0.0004460092625876296,-0.0007136566368737302,-0.000897211603338674,-0.0011430964110670434,-0.0011765502581752869,5.0
-2.2648529705941187,4.978220926521754,0.00966487028484506,-0.00045941837460402685,-0.0007348622127081505,-0.000923085694539378,-0.0011758745954747996,-0.0012085141652958089,5.0
-2.2638527705541107,4.9776952529685285,0.009898088532592948,-0.0004731001246440997,-0.0007564881927116629,-0.0009494450439309943,-0.0012092547565944833,-0.0012410041804897236,5.0
-2.2628525705141027,4.977162221202699,0.010134568262669933,-0.0004870569069643937,-0.0007785378880816847,-0.0009762925589970997,-0.0012432399586603555,-0.001274020898152623,5.0
-2.2618523704740947,4.976621847379823,0.010374302287697415,-0.0005012910622557994,-0.0008010145152519214,-0.0010036310138647172,-0.0012778330799877345,-0.0013075646998835877,5.0
-2.2608521704340867,4.976074149514898,0.010617282607073335,-0.0005158048780510561,-0.0008239211967958278,-0.0010314630503165032,-0.0013130368150893186,-0.0013416357561951266,5.0
-2.2598519703940787,4.975519147437458,0.010863500426065584,-0.0005306005894345746,-0.0008472609627989231,-0.0010597911793214722,-0.001348853677447609,-0.0013762340287044317,5.0
-2.2588517703540707,4.974956862745224,0.011112946175072047,-0.0005456803798847325,-0.0008710367524159253,-0.0010886177828274624,-0.0013852860025156475,-0.001411359272648809,5.0
-2.2578515703140627,4.974387318756816,0.011365609529190548,-0.0005610463820972115,-0.0008952514153647842,-0.0011179451155887055,-0.001422335950586917,-0.0014470110395918298,5.0
-2.2568513702740547,4.973810540464071,0.011621479428251523,-0.000576700678671071,-0.0009199077131687111,-0.0011477753068520845,-0.0014600055092729748,-0.001483188680217332,5.0
-2.2558511702340467,4.9732265544843814,0.011880544097402482,-0.0005926453025806983,-0.0009450083200283736,-0.0011781103617864311,-0.001498296495437464,-0.0015198913471404535,5.0
-2.2548509701940387,4.972635389013191,0.012142791068233903,-0.0006088822374003647,-0.0009705558232792905,-0.0012089521626018355,-0.0015372105565427106,-0.0015571179976947417,5.0
-2.2538507701540307,4.972037073776602,0.012408207200333586,-0.0006254134172884258,-0.0009965527234553498,-0.0012403024693629422,-0.001576749171458169,-0.0015948673966795352,5.0
-2.2528505701140227,4.971431639983874,0.01267677870309314,-0.0006422407267709931,-0.0010230014340316634,-0.0012721629205462192,-0.0016169136508503254,-0.0016331381190711617,5.0
-2.2518503700740147,4.97081912027958,0.012948491157585382,-0.0006593660003875517,-0.0010499042809547319,-0.0013045350334227334,-0.0016577051373168998,-0.0016719285527145582,5.0
-2.2508501700340067,4.970199548695286,0.013223329538374318,-0.0006767910222723763,-0.0010772635020838142,-0.0013374202043640326,-0.0016991246054439938,-0.0017112369010192706,5.0
-2.2498499699939987,4.969572960600722,0.013501278235173003,-0.0006945175257461342,-0.0011050812466655844,-0.0013708197091699935,-0.0017411728619558936,-0.0017510611856861077,5.0
-2.2488497699539907,4.968939392654542,0.01378232107431806,-0.0007125471929834567,-0.0011333595749477368,-0.0014047347035065537,-0.0017838505460991399,-0.0017913992494895657,5.0
-2.2478495699139827,4.968298882754813,0.01406644134005692,-0.0007308816548070059,-0.0011621004580105846,-0.0014391662235215814,-0.0018271581303618987,-0.001832248759137806,5.0
-2.2468493698739747,4.967651469989365,0.014353621795645734,-0.0007495224906396178,-0.0011913057778638102,-0.0014741151866827099,-0.0018710959215839076,-0.0018736072082276996,5.0
-2.2458491698339667,4.96699719458613,0.014643844704245906,-0.0007684712286263347,-0.0012209773278230372,-0.001509582392855604,-0.0019156640624676772,-0.001915471920308183,5.0
-2.2448489697939586,4.966336097863549,0.01493709184959674,-0.0007877293459201108,-0.001251116813151965,-0.0015455685256180191,-0.001960862533463637,-0.001957840052061327,5.0
-2.2438487697539506,4.965668222181135,0.015233344556452911,-0.0008072982691104962,-0.0012817258519331432,-0.001582074153786388,-0.0020066911549734925,-0.002000708596607108,5.0
-2.2428485697139426,4.964993610890337,0.015532583710793425,-0.0008271793747648559,-0.0013128059761157928,-0.0016190997331188724,-0.0020531495897991433,-0.0020440743869346487,5.0
-2.2418483696739346,4.964312308285898,0.01583478977983617,-0.0008473739900469732,-0.0013443586326827171,-0.0016566456081520949,-0.002100237345758568,-0.0020879340994593596,5.0
-2.2408481696339266,4.9636243595579215,0.016139942831917664,-0.0008678833933779585,-0.0013763851848796003,-0.0016947120141277664,-0.0021479537783939857,-0.0021322842577017925,5.0
-2.2398479695939186,4.962929810744906,0.016448022556301803,-0.000888708815108444,-0.0014088869134575028,-0.0017332990789691396,-0.002196298093708859,-0.0021771212360801647,5.0
-2.2388477695539106,4.96222870868794,0.016759008282966597,-0.0009098514381779415,-0.0014418650178910858,-0.0017724068252743727,-0.0022452693508863853,-0.0022224412638045653,5.0
-2.2378475695139026,4.9615211009861815,0.017072879002388703,-0.000931312398745718,-0.001475320617549128,-0.001812035172303068,-0.002294866464960234,-0.00226824042885749,5.0
-2.2368473694738946,4.960807035953643,0.017389613385302958,-0.0009530927867863882,-0.0015092547528080247,-0.001852183937942122,-0.0023450882094260095,-0.002314514682042614,5.0
-2.2358471694338866,4.9600865625772235,0.0177091898023736,-0.0009751936466514491,-0.0015436683861117045,-0.001892852840646244,-0.0023959332187973143,-0.002361259841082332,5.0
-2.2348469693938786,4.959359730475847,0.018031586343689156,-0.000997615977604471,-0.0015785624029912891,-0.001934041501356306,-0.002447399991121922,-0.002408471594744483,5.0
-2.2338467693538706,4.958626589860529,0.018356780837979272,-0.0010203607343419645,-0.0016139376130643113,-0.0019757494454043243,-0.0024994868904808483,-0.0024561455069800507,5.0
-2.2328465693138626,4.957887191495231,0.018684750871454887,-0.001043428827514002,-0.001649794751036,-0.0020179761044171038,-0.0025521921494958836,-0.00250427702105613,5.0
-2.231846369273855,4.957141586658348,0.019015473806193638,-0.0010668211242584346,-0.001686134477724442,-0.0020607208182314425,-0.0026055138718698583,-0.0025528614636719394,5.0
-2.230846169233847,4.956389827104753,0.01934892679801178,-0.001090538448760559,-0.001722957381127842,-0.0021039828368326096,-0.0026594500349795573,-0.002601894049049551,5.0
-2.229845969193839,4.9556319650283776,0.019685086813793634,-0.0011145815828467096,-0.0017602639775466415,-0.0021477613223250492,-0.0027139984925346433,-0.0026513698829951256,5.0
-2.228845769153831,4.954868053025326,0.02002393064827136,-0.001138951266616214,-0.0017980547127667533,-0.002192055350940644,-0.002769156977308613,-0.0027012839669300387,5.0
-2.227845569113823,4.954098144057598,0.02036543494026641,-0.0011636481991119797,-0.0018363299633036743,-0.0022368639150857858,-0.002824923103940521,-0.00275163120189446,5.0
-2.226845369073815,4.953322291417489,0.02070957618842015,-0.0011886730390262465,-0.001875090037701475,-0.002282185925424744,-0.002881294371799975,-0.0028024063925279497,5.0
-2.225845169033807,4.95254054869275,0.02105633076644208,-0.0012140264054350885,-0.0019143351778762865,-0.002328020212993654,-0.002938268167903232,-0.0028536042510328204,5.0
-2.224844968993799,4.9517529697326035,0.021405674937907977,-0.0012397088785533507,-0.0019540655604911037,-0.002374365531337162,-0.0029958417698654504,-0.002905219401125971,5.0
-2.223844768953791,4.95095960861467,0.021757584870633367,-0.0012657210005009652,-0.001994281298347797,-0.002421220558658577,-0.003054012348873271,-0.002957246381984038,5.0
-2.222844568913783,4.950160519612853,0.022112036650638215,-0.0012920632760718175,-0.0020349824417827934,-0.00246858389997415,-0.0031127769726626902,-0.003009679652185007,5.0
-2.221844368873775,4.949355757166197,0.022469006295709838,-0.0013187361734975228,-0.0020761689800547992,-0.0025164540892627695,-0.003172132608489261,-0.0030625135936472995,5.0
-2.220844168833767,4.948545375848718,0.022828469768559654,-0.0013457401252002415,-0.0021178408427157723,-0.0025648295916037463,-0.0032320761260806827,-0.0031157425155650493,5.0
-2.219843968793759,4.9477294303401465,0.02319040298956217,-0.0013730755285307579,-0.0021599979009596076,-0.002613708805297104,-0.0032926043005651103,-0.0031693606583360723,5.0
-2.218843768753751,4.946907975397584,0.02355478184905946,-0.0014007427464902205,-0.0022026399689462125,-0.0026630900639627282,-0.0033537138153717293,-0.003223362197477083,5.0
-2.217843568713743,4.946081065827987,0.023921582219216697,-0.0014287421084359063,-0.002245766805101659,-0.0027129716386165895,-0.003415401265103005,-0.003277741247519349,5.0
-2.216843368673735,4.945248756461462,0.024290779965416523,-0.0014570739107729973,-0.0022893781133973283,-0.0027633517397238454,-0.0034776631583800584,-0.0033324918658771308,5.0
-2.215843168633727,4.9444111021253425,0.02466235095718711,-0.0014857384176354446,-0.0023334735446125664,-0.0028142285192298295,-0.0035404959206639386,-0.0033876080566809046,5.0
-2.214842968593719,4.943568157619032,0.025036271078667603,-0.0015147358615596584,-0.0023780526975861133,-0.002865600072570678,-0.003603895897056056,-0.0034430837745676925,5.0
-2.213842768553711,4.942719977689619,0.025412516238623693,-0.001544066444154847,-0.00242311512046159,-0.002917464440665649,-0.003667859355080737,-0.0034989129284213366,5.0
-2.212842568513703,4.941866617008309,0.02579106238003417,-0.001573730336773577,-0.0024686603119317974,-0.0029698196118931397,-0.003732382487452131,-0.003555089385056489,5.0
-2.211842368473695,4.941008130147682,0.026171885489275192,-0.0016037276811855712,-0.0025146877224855825,-0.003022663524051937,-0.0037974614148264863,-0.0036116069728410055,5.0
-2.210842168433687,4.940144571559841,0.0265549616049366,-0.001634058590256998,-0.0025611967556598645,-0.003075994066308695,-0.0038630921885394695,-0.0036684594852523585,5.0
-2.209841968393679,4.939275995555501,0.02694026682630291,-0.0016647231486367736,-0.0026081867692982173,-0.0031298090811319353,-0.003929270793327002,-0.003725640684364488,5.0
-2.208841768353671,4.938402456284053,0.027327777321531323,-0.0016957214134506126,-0.0026556570768162544,-0.003184106366212105,-0.003995993150026866,-0.0037831443042619615,5.0
-2.207841568313663,4.937524007714654,0.02771746933555967,-0.0017270534150029913,-0.0027036069484732313,-0.0032388836763666824,-0.004063255118257661,-0.003840964054378822,5.0
-2.206841368273655,4.9366407036183455,0.028109319197765305,-0.0017587191574866884,-0.0027520356126486483,-0.0032941387254287902,-0.004131052499071096,-0.0038990936227594527,5.0
-2.205841168233647,4.935752597551233,0.028503303329390963,-0.0017907186196992888,-0.0028009422571222383,-0.0033498691881174146,-0.00419938103757356,-0.003957526679238934,5.0
-2.204840968193639,4.934859742838676,0.028899398250744782,-0.0018230517557658555,-0.0028503260303556874,-0.003406072701887248,-0.004268236425513106,-0.004016256878540284,5.0
-2.203840768153631,4.933962192560463,0.02929758058816913,-0.001855718495866875,-0.0029001860427744003,-0.0034627468687560103,-0.004337614303828396,-0.004075277863285983,5.0
-2.202840568113623,4.933059999536912,0.029697827080767476,-0.0018887187469706287,-0.002950521368047808,-0.0035198892571073714,-0.004407510265156833,-0.004134583266921451,5.0
-2.201840368073615,4.932153216315829,0.030100114586871757,-0.0019220523935690175,-0.0030013310443668226,-0.0035774974034675873,-0.004477919856299788,-0.004194166716548431,5.0
-2.200840168033607,4.931241895160221,0.030504420090229866,-0.0019557192984159047,-0.0030526140757171235,-0.003635568814254358,-0.004548838580643532,-0.0042540218356670375,5.0
-2.199839967993599,4.9303260880367095,0.030910720705892007,-0.001989719303266802,-0.003104369433146912,-0.0036941009674964346,-0.004620261900535125,-0.0043141422468258835,5.0
-2.198839767953591,4.9294058466045625,0.03131899368577872,-0.0020240522296185743,-0.0031565960560276155,-0.0037530913145228254,-0.0046921852396130444,-0.00437452157418102,5.0
-2.197839567913583,4.92848122220527,0.03172921642391906,-0.002058717879447465,-0.0032092928533056573,-0.003812537281620436,-0.004764603985092612,-0.004435153445965387,5.0
-2.196839367873575,4.927552265852635,0.032141366461352565,-0.0020937160359434668,-0.003262458704743056,-0.0038724362716591226,-0.0048375134900065795,-0.00449603149687186,5.0
-2.195839167833567,4.9266190282233415,0.03255542149069641,-0.002129046464238592,-0.0033160924621441,-0.003932785665683049,-0.004910909075401087,-0.004557149370353957,5.0
-2.194838967793559,4.925681559647961,0.03297135936038393,-0.0021647089121263315,-0.0033701929505649043,-0.003993582824467243,-0.004984786032487316,-0.004618500720849332,5.0
-2.193838767753551,4.92473991010243,0.03338915807858837,-0.002200703110769295,-0.0034247589695023174,-0.00405482509003817,-0.005059139624748805,-0.0046800792159318715,5.0
-2.192838567713543,4.923794129199953,0.033808795816845316,-0.002237028775391886,-0.0034797892940583415,-0.004116509787157123,-0.005133965090004371,-0.004741878538398551,5.0
-2.191838367673535,4.922844266183362,0.034230250913387925,-0.002273685605954861,-0.003535282676076288,-0.004178634224765233,-0.005209257642426268,-0.0048038923882973384,5.0
-2.190838167633527,4.921890369917916,0.034653501876213626,-0.0023106732878088255,-0.0035912378452449727,-0.004241195697388986,-0.005285012474513179,-0.004866114484902077,5.0
-2.189837967593519,4.9209324888845485,0.035078527385894,-0.0023479914923240737,-0.003647653510167765,-0.004304191486505304,-0.005361224759017567,-0.004928538568639711,5.0
-2.188837767553511,4.919970671173545,0.03550530629813924,-0.002385639877494674,-0.0037045283593938536,-0.004367618861865461,-0.005437889650826911,-0.00499115840297426,5.0
-2.187837567513503,4.919004964478646,0.03593381764612682,-0.0024236180885153606,-0.0037618610624099006,-0.0044314750827774635,-0.005515002288798553,-0.00505396777625094,5.0
-2.186837367473495,4.918035416091561,0.03636404064260283,-0.0024619257583305553,-0.0038196502705912577,-0.004495757399346842,-0.00559255779754802,-0.00511696050350252,5.0
-2.185837167433487,4.917062072896864,0.036795954681762826,-0.002500562508155557,-0.003877894618112763,-0.004560463053676245,-0.00567055128919099,-0.005180130428218813,5.0
-2.184836967393479,4.916084981367281,0.03722953934091834,-0.002539527947970754,-0.003936592722820213,-0.004625589281024579,-0.005748977865039236,-0.005243471424078897,5.0
-2.183836767353471,4.915104187559326,0.03766477438195797,-0.0025788216769903854,-0.0039957431870644424,-0.004691133310926819,-0.005827832617251246,-0.005306977396644589,5.0
-2.182836567313463,4.914119737109297,0.038101639752613506,-0.002618443284107988,-0.004055344598500697,-0.004757092368275944,-0.005907110630438394,-0.005370642285012764,5.0
-2.181836367273455,4.913131675229636,0.03854011558754363,-0.0026583923483210602,-0.004115395530856515,-0.004823463674368605,-0.005986806983227615,-0.00543446006342331,5.0
-2.180836167233447,4.912140046705632,0.03898018220924937,-0.0026986684391378814,-0.004175894544671843,-0.004890244447916399,-0.006066916749781811,-0.005498424742819197,5.0
-2.179835967193439,4.9111448958925035,0.039421820128838575,-0.0027392711169693796,-0.0042368401880149825,-0.004957431906024491,-0.006147435001278965,-0.005562530372354669,5.0
-2.178835767153431,4.9101462667128475,0.039865010046657434,-0.0027801999335090605,-0.004298230997178183,-0.005025023265139452,-0.006228356807351163,-0.005626771040847907,5.0
-2.177835567113423,4.909144202654492,0.04030973285280758,-0.002821454432103661,-0.004360065497356193,-0.0050930157419678615,-0.006309677237484345,-0.005691140878174443,5.0
-2.176835367073415,4.908138746768747,0.04075596962756651,-0.0028630341481169835,-0.004422342203310787,-0.00516140655436717,-0.006391391362379616,-0.005755634056598321,5.0
-2.175835167033407,4.907129941669078,0.04120370164172681,-0.002904938609288864,-0.004485059620023705,-0.005230192922209966,-0.006473494255276683,-0.005820244792038422,5.0
-2.174834966993399,4.906117829530179,0.04165291035686739,-0.0029471673360908003,-0.004548216243339834,-0.005299372068222515,-0.00655598099323975,-0.005884967345268175,5.0
-2.173834766953391,4.905102452087479,0.04210357742556521,-0.0029897198420792493,-0.004611810560601775,-0.0053689412187982325,-0.006638846658406101,-0.005949796023047488,5.0
-2.172834566913383,4.904083850637035,0.04255568469155357,-0.003032595634247102,-0.004675841051276463,-0.005438897604786376,-0.006722086339197381,-0.006014725179186704,5.0
-2.171834366873375,4.903062066035806,0.043009214189828456,-0.0030757942133734315,-0.0047403061875737965,-0.0055092384622561445,-0.006805695131493561,-0.006079749215542919,5.0
-2.170834166833367,4.902037138702288,0.04346414814669896,-0.003119315074371188,-0.004805204435056878,-0.005579961033236088,-0.006889668139769401,-0.006144862582949789,5.0
-2.169833966793359,4.901009108617448,0.04392046897977738,-0.0031631577066322096,-0.004870534253243031,-0.005651062566428648,-0.006974000478193366,-0.006210059782082482,5.0
-2.168833766753351,4.899978015325951,0.04437815929790151,-0.0032073215943687256,-0.004936294096194561,-0.0057225403178996475,-0.007058687271688907,-0.006275335364259966,5.0
-2.167833566713343,4.898943897937624,0.04483720190097947,-0.0032518062169503213,-0.005002482413098043,-0.005794391551742404,-0.007143723656958139,-0.00634068393218709,5.0
-2.166833366673335,4.897906795129105,0.04529757977974927,-0.003296611049235357,-0.005069097648830901,-0.005866613540716316,-0.007229104783468127,-0.006406100140639347,5.0
-2.165833166633327,4.896866745145672,0.0457592761154446,-0.003341735561895773,-0.005136138244514059,-0.005939203566859759,-0.007314825814400066,-0.006471578697093088,5.0
-2.164832966593319,4.895823785803188,0.046222274279360605,-0.0033871792217342687,-0.005203602638049579,-0.006012158922077221,-0.007400881927561817,-0.006537114362304271,5.0
-2.163832766553311,4.894777954490149,0.04668655783231607,-0.003432941491993055,-0.00527148926464235,-0.006085476908700804,-0.007487268316264461,-0.006602701950838579,5.0
-2.162832566513303,4.893729288169822,0.047152110524009874,-0.003479021832653355,-0.005339796557305079,-0.006159154840026197,-0.007573980190163585,-0.006668336331555743,5.0
-2.161832366473295,4.892677823382434,0.04761891629227256,-0.0035254197007251378,-0.00540852294734605,-0.006233190040823528,-0.007661012776066179,-0.006734012428050726,5.0
-2.160832166433287,4.891623596247427,0.0480869592622145,-0.0035721345505265686,-0.0054776668648392765,-0.006307579847823325,-0.007748361318704081,-0.006799725219054131,5.0
-2.159831966393279,4.890566642465745,0.04855622374527615,-0.0036191658339529615,-0.005547226739076907,-0.006382321610178264,-0.007836021081474956,-0.006865469738794219,5.0
-2.158831766353271,4.889506997322179,0.04902669423818525,-0.0036665130007350354,-0.005617200999003888,-0.006457412689901131,-0.007923987347151936,-0.006931241077322415,5.0
-2.157831566313263,4.888444695687747,0.04949835542182479,-0.00371417549868644,-0.005687588073635047,-0.00653285046227968,-0.008012255418562814,-0.006997034380804223,5.0
-2.156831366273255,4.887379772022107,0.04997119216002161,-0.0037621527739406654,-0.005758386392454846,-0.006608632316269049,-0.008100820619239953,-0.007062844851777164,5.0
-2.1558311662332468,4.886312260376026,0.05044518949825925,-0.0038104442711774733,-0.005829594385800194,-0.006684755654862428,-0.008189678294041857,-0.007128667749377219,5.0
-2.1548309661932388,4.8852421943938795,0.05092033266232241,-0.003859049433839136,-0.0059012104852268306,-0.0067612178954407345,-0.008278823809747447,-0.007194498389535096,5.0
-2.1538307661532308,4.884169607316199,0.0513966070568797,-0.00390796770433675,-0.005973233123859716,-0.006838016470102054,-0.008368252555623892,-0.007260332145143586,5.0
-2.1528305661132228,4.883094531982267,0.05187399826401107,-0.0039571985242470385,-0.006045660736728087,-0.00691514882597156,-0.008457959943968927,-0.0073261644461969705,5.0
-2.1518303660732148,4.882017000832761,0.05235249204168645,-0.004006741334500058,-0.0061184917610857545,-0.006992612425492737,-0.008547941410628514,-0.007391990779903594,5.0
-2.1508301660332068,4.880937045912451,0.05283207432220416,-0.004056595575558244,-0.006191724636717327,-0.007070404746700603,-0.00863819241549054,-0.007457806690772404,5.0
-2.1498299659931988,4.879854698872962,0.053312731210595994,-0.00410676068758733,-0.00626535780623104,-0.007148523283477795,-0.008728708442955358,-0.007523607780674227,5.0
-2.1488297659531908,4.878769990975603,0.053794448983008114,-0.004157236110619619,-0.006339389715338836,-0.007226965545794085,-0.008819485002383696,-0.007589389708878452,5.0
-2.1478295659131827,4.8776829530942765,0.05427721408506602,-0.0042080212847101775,-0.006413818813124502,-0.007305729059930169,-0.008910517628522577,-0.007655148192065669,5.0
-2.1468293658731747,4.876593615718482,0.05476101313023166,-0.004259115650086505,-0.006488643552300462,-0.007384811368686328,-0.009001801881909695,-0.007720879004316655,5.0
-2.1458291658331667,4.875502008956408,0.05524583289816373,-0.004310518647292243,-0.006563862389454036,-0.007464210031576604,-0.009093333349256716,-0.007786577977078062,5.0
-2.1448289657931587,4.874408162538137,0.055731660333085804,-0.004362229717325467,-0.0066394737852837485,-0.0075439226250090755,-0.00918510764381172,-0.007852240999104969,5.0
-2.1438287657531507,4.873312105818963,0.05621848254217106,-0.004414248301772145,-0.006715476204826426,-0.007623946742452779,-0.009277120405701184,-0.007917864016380435,5.0
-2.1428285657131427,4.872213867782829,0.05670628679394856,-0.004466573842935255,-0.006791868117675683,-0.007704279994591692,-0.009369367302251635,-0.007983443032012075,5.0
-2.1418283656731347,4.871113477045873,0.05719506051673432,-0.004519205783960098,-0.006868647998192374,-0.007784920009466329,-0.009461844028291169,-0.008048974106105633,5.0
-2.1408281656331267,4.870010961860096,0.057684791297089075,-0.0045721435689562535,-0.006945814325707613,-0.007865864432603202,-0.009554546306430954,-0.008114453355615536,5.0
-2.1398279655931187,4.8689063501171255,0.058175466878302176,-0.004625386643116593,-0.007023365584718742,-0.007947110927132585,-0.009647469887326869,-0.00817987695417239,5.0
-2.1388277655531107,4.867799669352082,0.05866707515889922,-0.004678934452833738,-0.007101300265078822,-0.00802865717389488,-0.009740610549921362,-0.008245241131887465,5.0
-2.1378275655131027,4.866690946747518,0.059159604191170445,-0.004732786445814251,-0.007179616862179867,-0.00811050087153579,-0.009833964101665748,-0.008310542175134213,5.0
-2.1368273654730947,4.865580209137416,0.059653042179713754,-0.004786942071190812,-0.007258313877130259,-0.008192639736590674,-0.009927526378723111,-0.00837577642630718,5.0
-2.1358271654330867,4.864467483011235,0.0601473774799863,-0.004841400779632544,-0.007337389816926454,-0.008275071503558268,-0.010021293246152061,-0.008440940283558476,5.0
-2.1348269653930787,4.863352794517966,0.06064259859685872,-0.0048961620234536105,-0.007416843194619285,-0.008357793924964009,-0.010115260598071754,-0.008506030200512507,5.0
-2.1338267653530707,4.862236169470205,0.06113869418316586,-0.004951225256720085,-0.007496672529474849,-0.008440804771413228,-0.010209424357808503,-0.00857104268595954,5.0
-2.1328265653130627,4.861117633348196,0.06163565303824671,-0.005006589935355075,-0.007576876347130052,-0.008524101831634424,-0.010303780478024544,-0.00863597430352899,5.0
-2.1318263652730547,4.859997211303846,0.06213346410646801,-0.0050622555172419766,-0.007657453179742816,-0.00860768291251288,-0.010398324940829531,-0.008700821671343468,5.0
-2.1308261652330467,4.858874928164691,0.06263211647572954,-0.005118221462325685,-0.007738401566136828,-0.008691545839114872,-0.010493053757875457,-0.008765581461654806,5.0
-2.1298259651930387,4.857750808437808,0.0631315993759455,-0.005174487232711502,-0.00781972005194067,-0.008775688454702592,-0.010587962970435589,-0.00883025040046326,5.0
-2.1288257651530307,4.856624876313655,0.06363190217750184,-0.0052310522927614825,-0.007901407189721196,-0.008860108620740284,-0.010683048649468492,-0.008894825267121511,5.0
-2.1278255651130227,4.855497155669843,0.06413301438968705,-0.005287916109187856,-0.007983461539110896,-0.008944804216891533,-0.010778306895667668,-0.008959302893924886,5.0
-2.1268253650730147,4.854367670074831,0.06463492565909822,-0.005345078151143187,-0.008065881666928974,-0.009029773141008177,-0.010873733839497973,-0.009023680165689395,5.0
-2.1258251650330067,4.853236442791545,0.06513762576802351,-0.005402537890306819,-0.008148666147295888,-0.009115013309110999,-0.010969325641219493,-0.009087954019319224,5.0
-2.1248249649929987,4.852103496780925,0.06564110463280177,-0.0054602948009673065,-0.008231813561741082,-0.009200522655362437,-0.011065078490899894,-0.009152121443365366,5.0
-2.1238247649529907,4.850968854705407,0.06614535230216491,-0.005518348360100337,-0.008315322499303534,-0.009286299132031524,-0.011160988608416078,-0.009216179477576813,5.0
-2.1228245649129827,4.849832538932328,0.06665035895556476,-0.005576698047441901,-0.0083991915566251,-0.009372340709451497,-0.011257052243446105,-0.009280125212446089,5.0
-2.1218243648729747,4.848694571537288,0.06715611490148798,-0.005635343345556225,-0.008483419338036112,-0.009458645375970047,-0.011353265675452032,-0.00934395578875025,5.0
-2.1208241648329667,4.847554974307443,0.06766261057576506,-0.005694283739898329,-0.008568004455633313,-0.009545211137892697,-0.011449625213654679,-0.009407668397089008,5.0
-2.1198239647929586,4.846413768744776,0.06816983653987702,-0.005753518718870866,-0.008652945529349901,-0.009632036019419534,-0.01154612719700084,-0.009471260277420896,5.0
-2.1188237647529506,4.845270976069312,0.0686777834792655,-0.005813047773875122,-0.008738241187017597,-0.009719118062575431,-0.011642767994123743,-0.00953472871859869,5.0
-2.1178235647129426,4.844126617222318,0.06918644220165038,-0.005872870399356079,-0.00882389006442078,-0.00980645532713428,-0.011739544003297294,-0.009598071057904889,5.0
-2.1168233646729346,4.84298071286949,0.06969580363536086,-0.0059329860928414736,-0.008909890805342793,-0.009894045890537308,-0.011836451652384576,-0.009661284680588009,5.0
-2.1158231646329266,4.8418332834041315,0.07020585882768511,-0.005993394354974963,-0.008996242061604426,-0.009981887847805926,-0.011933487398781214,-0.009724367019400177,5.0
-2.1148229645929186,4.840684348950327,0.07071659894324418,-0.006054094689543439,-0.009082942493094959,-0.010069979311449258,-0.012030647729353635,-0.009787315554136406,5.0
-2.1138227645529106,4.839533929366138,0.07122801526239253,-0.006115086603498724,-0.009169990767795875,-0.010158318411366758,-0.012127929160372839,-0.00985012781117575,5.0
-2.1128225645129026,4.838382044246811,0.07174009917965059,-0.006176369606973895,-0.009257385561797688,-0.010246903294746154,-0.012225328237443692,-0.009912801363024346,5.0
-2.1118223644728946,4.837228712928007,0.07225284220217322,-0.0062379432132944985,-0.009345125559310124,-0.01033573212595691,-0.012322841535429794,-0.009975333827860203,5.0
-2.1108221644328866,4.83607395448907,0.07276623594825493,-0.006299806938985005,-0.009433209452666179,-0.01042480308643958,-0.01242046565837414,-0.010037722869079538,5.0
-2.1098219643928786,4.83491778775631,0.0732802721458743,-0.00636196030377093,-0.009521635942320384,-0.010514114374591236,-0.012518197239415448,-0.010099966194844285,5.0
-2.1088217643528706,4.833760231306324,0.07379494263127731,-0.006424402830576941,-0.009610403736841798,-0.010603664205647175,-0.012616032940700154,-0.01016206155763039,5.0
-2.1078215643128626,4.832601303469344,0.0743102393475977,-0.006487134045521395,-0.009699511552902072,-0.010693450811559152,-0.012713969453289934,-0.010224006753776292,5.0
-2.1068213642728546,4.831441022332599,0.07482615434351518,-0.006550153477907776,-0.00978895811525922,-0.010783472440870356,-0.012812003497064666,-0.01028579962303129,5.0
-2.1058211642328466,4.830279405743692,0.07534267977194548,-0.006613460660213357,-0.009878742156737324,-0.010873727358587283,-0.012910131820620754,-0.010347438048103098,5.0
-2.1048209641928386,4.82911647131399,0.07585980788875987,-0.006677055128075545,-0.009968862418202776,-0.010964213846048721,-0.013008351201164621,-0.01040891995420426,5.0
-2.1038207641528306,4.8279522364219885,0.07637753105153039,-0.006740936420276361,-0.010059317648537404,-0.011054930200792082,-0.013106658444401337,-0.010470243308596958,5.0
-2.1028205641128226,4.8267867182166855,0.07689584171829489,-0.006805104078725233,-0.010150106604608893,-0.011145874736417111,-0.01320505038441829,-0.01053140612013576,5.0
-2.1018203640728146,4.825619933620899,0.07741473244633751,-0.006869557648440696,-0.010241228051238883,-0.0112370457824474,-0.013303523883563829,-0.01059240643880825,5.0
-2.1008201640328066,4.8244518993345675,0.07793419589097908,-0.0069342966775311245,-0.010332680761169047,-0.01132844168418968,-0.013402075832320948,-0.010653242355273086,5.0
-2.0998199639927986,4.823282631837982,0.07845422480437396,-0.006999320717174876,-0.010424463515025599,-0.01142006080259124,-0.013500703149175964,-0.010713912000395613,5.0
-2.0988197639527906,4.822112147394977,0.07897481203430866,-0.007064629321600118,-0.010516575101282379,-0.011511901514095644,-0.013599402780482378,-0.010774413544780882,5.0
-2.0978195639127826,4.820940462056041,0.0794959505229986,-0.007130222048064543,-0.01060901431622291,-0.011603962210496914,-0.013698171700319929,-0.010834745198304208,5.0
-2.0968193638727746,4.819767591661355,0.08001763330588037,-0.0071960984568352065,-0.0107017799639017,-0.011696241298792542,-0.013797006910349121,-0.010894905209639484,5.0
-2.0958191638327666,4.818593551843765,0.08053985351039818,-0.007262258111168657,-0.010794870856104848,-0.011788737201035333,-0.01389590543966136,-0.010954891865785358,5.0
-2.0948189637927586,4.817418358031657,0.08106260435478248,-0.007328700577291602,-0.010888285812310492,-0.011881448354184636,-0.013994864344624975,-0.011014703491589756,5.0
-2.0938187637527506,4.816242025451767,0.08158587914682108,-0.007395425424382087,-0.010982023659648923,-0.011974373209956823,-0.014093880708727222,-0.01107433844927286,5.0
-2.0928185637127426,4.815064569131907,0.08210967128262339,-0.007462432224551553,-0.011076083232862894,-0.012067510234675597,-0.014192951642412851,-0.011133795137949166,5.0
-2.0918183636727345,4.813886003903608,0.08263397424537858,-0.007529720552827679,-0.011170463374268042,-0.012160857909122138,-0.014292074282919226,-0.011193071993148906,5.0
-2.0908181636327265,4.812706344404703,0.08315878160410903,-0.007597289987138164,-0.01126516293371365,-0.012254414728385258,-0.014391245794108352,-0.011252167486339176,5.0
-2.0898179635927185,4.8115256050818305,0.08368408701242365,-0.007665140108295609,-0.011360180768543981,-0.012348179201712078,-0.014490463366296233,-0.011311080124445386,5.0
-2.0888177635527105,4.810343800192889,0.08420988420727069,-0.007733270499983433,-0.011455515743560074,-0.012442149852359013,-0.014589724216079633,-0.011369808449373254,5.0
-2.0878175635127025,4.80916094380943,0.0847361670076954,-0.00780168074874292,-0.011551166730982335,-0.012536325217443522,-0.014689025586160712,-0.01142835103753192,5.0
-2.0868173634726945,4.807977049819007,0.0852629293136052,-0.007870370443961452,-0.011647132610413754,-0.012630703847796639,-0.014788364745169579,-0.011486706499358337,5.0
-2.0858171634326865,4.806792131927491,0.08579016510454636,-0.007939339177861857,-0.011743412268803984,-0.01272528430781641,-0.01488773898748516,-0.0115448734788435,5.0
-2.0848169633926785,4.80560620366135,0.08631786843849455,-0.008008586545492927,-0.011840004600414216,-0.012820065175322422,-0.014987145633054633,-0.011602850653060801,5.0
-2.0838167633526705,4.804419278369913,0.08684603345066419,-0.008078112144721023,-0.011936908506782817,-0.012915045041411327,-0.01508658202721135,-0.01166063673169662,5.0
-2.0828165633126625,4.803231369227615,0.08737465435233842,-0.0081479155762227,-0.012034122896691734,-0.013010222510313578,-0.015186045540491834,-0.011718230456583737,5.0
-2.0818163632726545,4.802042489236234,0.08790372542972406,-0.008217996443478296,-0.01213164668613358,-0.013105596199251219,-0.015285533568451627,-0.011775630601237508,5.0
-2.0808161632326465,4.80085265122713,0.08843324104283269,-0.008288354352766366,-0.012229478798279361,-0.01320116473829685,-0.015385043531480508,-0.011832835970395214,5.0
-2.0798159631926385,4.799661867863484,0.08896319562439056,-0.008358988913158755,-0.012327618163446566,-0.013296926770233584,-0.015484572874616817,-0.011889845399558676,5.0
-2.0788157631526305,4.798470151642543,0.08949358367877887,-0.008429899736516299,-0.012426063719067662,-0.013392880950416065,-0.015584119067361369,-0.011946657754540388,5.0
-2.0778155631126225,4.797277514897874,0.09002439978100453,-0.008501086437484812,-0.012524814409658684,-0.013489025946632335,-0.01568367960349078,-0.012003271931013195,5.0
-2.0768153630726145,4.79608396980163,0.09055563857570274,-0.008572548633491231,-0.01262386918678776,-0.01358536043896649,-0.015783252000870458,-0.012059686854063814,5.0
-2.0758151630326065,4.794889528366822,0.09108729477616989,-0.008644285944739758,-0.012723227009043362,-0.013681883119662008,-0.015882833801267364,-0.012115901477750202,5.0
-2.0748149629925985,4.793694202449592,0.09161936316342605,-0.00871629799420766,-0.012822886842002048,-0.013778592692985595,-0.015982422570162455,-0.012171914784662986,5.0
-2.0738147629525905,4.792498003751504,0.0921518385853051,-0.008788584407640566,-0.012922847658195449,-0.013875487875091424,-0.01608201589656312,-0.012227725785490974,5.0
-2.0728145629125825,4.791300943821825,0.0926847159555716,-0.008861144813547035,-0.013023108437076311,-0.013972567393885658,-0.01618161139281555,-0.01228333351859102,5.0
-2.0718143628725745,4.7901030340597925,0.09321799025306031,-0.008933978843192138,-0.013123668164983296,-0.014069829988891088,-0.016281206694417218,-0.012338737049562181,5.0
-2.0708141628325665,4.788904285716889,0.09375165652083639,-0.009007086130589826,-0.013224525835104427,-0.014167274411111833,-0.016380799459829495,-0.012393935470824477,5.0
-2.0698139627925585,4.787704709899087,0.09428570986537355,-0.009080466312493901,-0.013325680447438835,-0.01426489942289794,-0.016480387370290523,-0.01244892790120216,5.0
-2.0688137627525505,4.786504317569074,0.0948201454557471,-0.009154119028387466,-0.013427131008756872,-0.014362703797809904,-0.016579968129628673,-0.012503713485511866,5.0
-2.0678135627125425,4.78530311954845,0.09535495852283905,-0.00922804392047059,-0.013528876532558128,-0.01446068632048299,-0.0166795394640762,-0.012558291394155525,5.0
-2.0668133626725345,4.784101126519895,0.09589014435855274,-0.009302240633646092,-0.0136309160390276,-0.014558845786491323,-0.0167790991220838,-0.012612660822718278,5.0
-2.0658131626325265,4.7828983490292885,0.09642569831503492,-0.009376708815503478,-0.013733248554989636,-0.014657181002211833,-0.016878644874135772,-0.012666820991571483,5.0
-2.0648129625925185,4.781694797487803,0.09696161580390292,-0.009451448116300776,-0.013835873113859884,-0.014755690784687983,-0.016978174512566075,-0.012720771145480841,5.0
-2.0638127625525104,4.7804904821739385,0.09749789229547612,-0.009526458188944415,-0.013938788755595004,-0.014854373961493408,-0.017077685851375365,-0.012774510553219777,5.0
-2.0628125625125024,4.779285413235521,0.09803452331800891,-0.00960173868896707,-0.014041994526640386,-0.01495322937059545,-0.017177176726049022,-0.012828038507188007,5.0
-2.0618123624724944,4.778079600691645,0.0985715044569261,-0.009677289274503568,-0.014145489479875881,-0.015052255860218798,-0.017276644993376434,-0.012881354323035499,5.0
-2.0608121624324864,4.776873054434573,0.09910883135405853,-0.009753109606264944,-0.014249272674559678,-0.01515145228870926,-0.0173760885312714,-0.012934457339291588,5.0
-2.0598119623924784,4.7756657842315855,0.09964649970687962,-0.009829199347510741,-0.014353343176270374,-0.015250817524397779,-0.017475505238593834,-0.012987346916999404,5.0
-2.0588117623524704,4.774457799726776,0.10018450526774274,-0.009905558164019786,-0.01445770005684768,-0.015350350445464856,-0.017574893034972852,-0.013040022439355523,5.0
-2.0578115623124624,4.773249110442811,0.1007228438431181,-0.009982185724059494,-0.01456234239433168,-0.015450049939805638,-0.017674249860631038,-0.013092483311354604,5.0
-2.0568113622724544,4.772039725782626,0.10126151129283119,-0.010059081698354039,-0.01466726927290103,-0.015549914904895535,-0.017773573676210176,-0.013144728959439161,5.0
-2.0558111622324464,4.770829655031097,0.10180050352930223,-0.010136245760051526,-0.014772479782810296,-0.015649944247656825,-0.017872862462598248,-0.013196758831154103,5.0
-2.0548109621924384,4.769618907356648,0.10233981651678704,-0.010213677584690434,-0.014877973020326746,-0.01575013688432621,-0.01797211422075776,-0.013248572394806112,5.0
-2.0538107621524304,4.768407491812828,0.10287944627062043,-0.010291376850165564,-0.014983748087666744,-0.015850491740323547,-0.01807132697155533,-0.013300169139127562,5.0
-2.0528105621124224,4.767195417339849,0.10341938885646144,-0.010369343236693774,-0.015089804092932127,-0.015951007750121912,-0.018170498755592544,-0.01335154857294496,5.0
-2.0518103620724144,4.765982692766079,0.1039596403895428,-0.010447576426779669,-0.015196140150046729,-0.016051683857119036,-0.01826962763303789,-0.01340271022485157,5.0
-2.0508101620324064,4.764769326809506,0.10450019703392432,-0.010526076105181567,-0.015302755378693333,-0.016152519013510374,-0.018368711683459934,-0.013453653642884283,5.0
-2.0498099619923984,4.763555328079161,0.10504105500175141,-0.010604841958877943,-0.01540964890425136,-0.016253512180163885,-0.01846774900566159,-0.013504378394204491,5.0
-2.0488097619523904,4.762340705076526,0.10558221055251996,-0.01068387367703455,-0.015516819857735405,-0.016354662326496464,-0.018566737717515294,-0.01355488406478277,5.0
-2.0478095619123824,4.761125466196896,0.10612365999234924,-0.010763170950972423,-0.015624267375734876,-0.01645596843035252,-0.018665675955799294,-0.013605170259087354,5.0
-2.0468093618723744,4.759909619730735,0.10666539967326287,-0.010842733474136942,-0.01573199060035488,-0.01655742947788428,-0.01876456187603483,-0.013655236599776247,5.0
-2.0458091618323664,4.758693173864998,0.10720742599248044,-0.010922560942068126,-0.015839988679158583,-0.016659044463434258,-0.01886339365232424,-0.013705082727392867,5.0
-2.0448089617923584,4.757476136684454,0.10774973539172096,-0.011002653052372196,-0.01594826076511102,-0.016760812389419708,-0.018962169477189855,-0.013754708300065109,5.0
-2.0438087617523504,4.756258516172977,0.10829232435651927,-0.011083009504694628,-0.01605680601652464,-0.016862732266219232,-0.019060887561413834,-0.013804112993207822,5.0
-2.0428085617123424,4.755040320214848,0.10883518941555767,-0.01116363000069463,-0.0161656235970064,-0.01696480311206143,-0.019159546133878713,-0.013853296499228588,5.0
-2.0418083616723344,4.753821556596035,0.10937832714001319,-0.011244514244021172,-0.016274712675406654,-0.017067023952915622,-0.019258143441408717,-0.013902258527236734,5.0
-2.0408081616323264,4.752602233005492,0.1099217341429224,-0.011325661940290516,-0.01638407242576969,-0.017169393822384603,-0.01935667774861185,-0.013950998802755538,5.0
-2.0398079615923184,4.751382357036437,0.11046540707856564,-0.011407072797065229,-0.016493702027285964,-0.01727191176159939,-0.019455147337722713,-0.013999517067437645,5.0
-2.0388077615523104,4.750161936187652,0.11100934264186896,-0.01148874652383467,-0.016603600664245856,-0.017374576819115795,-0.01955355050844589,-0.014047813078783496,5.0
-2.0378075615123024,4.748940977864775,0.11155353756782631,-0.011570682831996842,-0.016713767525995044,-0.017477388050812896,-0.01965188557780012,-0.014095886609862952,5.0
-2.0368073614722944,4.747719489381609,0.11209798863094161,-0.011652881434841476,-0.016824201806891127,-0.017580344519793137,-0.019750150879963003,-0.014143737449039876,5.0
-2.0358071614322863,4.746497477961424,0.11264269264469015,-0.011735342047534401,-0.016934902706261697,-0.01768344529628409,-0.019848344766116383,-0.014191365399699814,5.0
-2.0348069613922783,4.745274950738275,0.11318764646099855,-0.011818064387102806,-0.017045869428363353,-0.017786689457541627,-0.019946465604292283,-0.014238770279980592,5.0
-2.0338067613522703,4.744051914758314,0.11373284696974183,-0.011901048172421531,-0.017157101182341837,-0.01789007608775456,-0.020044511779219426,-0.014285951922505962,5.0
-2.0328065613122623,4.742828376981107,0.11427829109825721,-0.011984293124200079,-0.017268597182192924,-0.01799360427795038,-0.0201424816921703,-0.014332910174122155,5.0
-2.0318063612722543,4.741604344280943,0.1148239758108714,-0.012067798964970254,-0.01738035664672402,-0.0180972731259023,-0.020240373760808818,-0.014379644895637431,5.0
-2.0308061612322463,4.740379823448139,0.11536989810844175,-0.012151565419074284,-0.01749237879951622,-0.018201081736037142,-0.020338186419038548,-0.014426155961564567,5.0
-2.0298059611922383,4.739154821190332,0.11591605502790629,-0.01223559221265329,-0.017604662868886782,-0.01830502921934422,-0.020435918116851432,-0.014472443259866331,5.0
-2.0288057611522303,4.737929344133752,0.11646244364184227,-0.012319879073636011,-0.0177172080878519,-0.018409114693285218,-0.020533567320177377,-0.014518506691703986,5.0
-2.0278055611122223,4.736703398824483,0.11700906105803023,-0.01240442573172753,-0.017830013694089434,-0.018513337281704553,-0.020631132510734198,-0.014564346171188736,5.0
-2.0268053610722143,4.735476991729688,0.11755590441902185,-0.012489231918398052,-0.017943078929901823,-0.018617696114740664,-0.020728612185878476,-0.014609961625136362,5.0
-2.0258051610322063,4.734250129238816,0.11810297090171011,-0.012574297366871559,-0.018056403042178797,-0.018722190328737936,-0.020826004858457148,-0.014655352992824928,5.0
-2.0248049609921983,4.733022817664768,0.11865025771689766,-0.012659621812114202,-0.018169985282360013,-0.018826819066159187,-0.020923309056659907,-0.01470052022575571,5.0
-2.0238047609521903,4.731795063245034,0.11919776210886529,-0.012745204990822491,-0.01828382490639741,-0.018931581475498973,-0.021020523323872598,-0.014745463287417406,5.0
-2.0228045609121823,4.730566872142796,0.11974548135493668,-0.012831046641411083,-0.018397921174717433,-0.019036476711197393,-0.021117646218531693,-0.014790182153053732,5.0
-2.0218043608721743,4.729338250447985,0.1202934127650404,-0.012917146504000237,-0.018512273352182827,-0.019141503933554654,-0.021214676313979806,-0.014834676809434432,5.0
-2.0208041608321663,4.728109204178305,0.12084155368126773,-0.01300350432040283,-0.018626880708054305,-0.01924666230864635,-0.02131161219832256,-0.014878947254629894,5.0
-2.0198039607921583,4.72687973928022,0.12138990147742533,-0.013090119834110943,-0.01874174251595185,-0.019351951008239447,-0.021408452474286764,-0.014922993497789375,5.0
-2.0188037607521503,4.725649861629906,0.1219384535585874,-0.013176992790282015,-0.01885685805381579,-0.01945736920970918,-0.021505195759080116,-0.014966815558922967,5.0
-2.0178035607121423,4.724419577034158,0.1224872073606428,-0.013264122935724564,-0.018972226603867683,-0.019562916095956704,-0.021601840684252496,-0.015010413468687405,5.0
-2.0168033606721343,4.723188891231287,0.12303616034984052,-0.013351510018883381,-0.01908784745257088,-0.019668590855327715,-0.02169838589555882,-0.015053787268175628,5.0
-2.0158031606321263,4.721957809891963,0.12358531002233683,-0.013439153789824455,-0.019203719890591088,-0.019774392681532044,-0.02179483005282387,-0.015096937008710547,5.0
-2.0148029605921183,4.720726338620054,0.12413465390374136,-0.013527054000219328,-0.019319843212756652,-0.019880320773564292,-0.021891171829808882,-0.015139862751642542,5.0
-2.0138027605521103,4.719494482953433,0.12468418954866772,-0.013615210403329175,-0.01943621671801891,-0.01998637433562551,-0.021987409914080016,-0.015182564568151187,5.0
-2.0128025605121023,4.71826224836478,0.12523391454028795,-0.013703622753988424,-0.019552839709412316,-0.020092552577046018,-0.022083543006878894,-0.015225042539050838,5.0
-2.0118023604720943,4.717029640262354,0.12578382648989264,-0.013792290808588115,-0.019669711494014745,-0.02019885471220938,-0.02217956982299512,-0.015267296754600423,5.0
-2.0108021604320863,4.71579666399078,0.1263339230364618,-0.013881214325058875,-0.019786831382907686,-0.020305279960477554,-0.022275489090640876,-0.015309327314317098,5.0
-2.0098019603920783,4.71456332483181,0.12688420184624213,-0.013970393062853624,-0.01990419869113652,-0.020411827546117176,-0.02237129955132745,-0.015351134326793863,5.0
-2.0088017603520703,4.7133296280051,0.12743466061233727,-0.01405982678293,-0.020021812737670886,-0.020518496698227116,-0.022466999959743862,-0.015392717909521115,5.0
-2.0078015603120623,4.712095578668981,0.12798529705431028,-0.01414951524773254,-0.020139672845365216,-0.020625286650667193,-0.02256258908363746,-0.015434078188711954,5.0
-2.0068013602720542,4.710861181921235,0.12853610891779893,-0.014239458221174572,-0.02025777834091918,-0.02073219664198801,-0.022658065703696405,-0.015475215299131055,5.0
-2.0058011602320462,4.709626442799882,0.12908709397414417,-0.014329655468619964,-0.02037612855483846,-0.020839225915361977,-0.022753428613434004,-0.01551612938392717,5.0
-2.0048009601920382,4.708391366283968,0.12963825002003398,-0.014420106756864665,-0.020494722821395518,-0.020946373718515404,-0.022848676619074807,-0.015556820594469006,5.0
-2.0038007601520302,4.707155957294364,0.13018957487716046,-0.014510811854118079,-0.020613560478590632,-0.021053639303661748,-0.022943808539442417,-0.01559728909018431,5.0
-2.0028005601120222,4.705920220694571,0.1307410663918901,-0.014601770529984244,-0.020732640868112908,-0.021161021927435814,-0.023038823205848793,-0.015637535038402,5.0
-2.0018003600720142,4.704684161291532,0.13129272243494852,-0.01469298255544299,-0.020851963335301565,-0.02126852085082893,-0.023133719461985017,-0.015677558614197232,5.0
-2.0008001600320062,4.703447783836451,0.13184454090111525,-0.014784447702830926,-0.020971527229107355,-0.021376135339125125,-0.023228496163813443,-0.015717360000239166,5.0
-1.9997999599919984,4.702211093025597,0.1323965197089311,-0.01487616574582235,-0.021091331902054086,-0.02148386466183816,-0.023323152179460953,-0.015756939386641276,5.0
-1.9987997599519904,4.700974093501137,0.1329486568004138,-0.014968136459410182,-0.0212113767102003,-0.02159170809264937,-0.02341768638911333,-0.015796296970814035,5.0
-1.9977995599119824,4.699736789851934,0.1335009501407821,-0.015060359619886887,-0.021331661013101303,-0.021699664909346425,-0.02351209768491073,-0.01583543295731993,5.0
-1.9967993598719744,4.698499186614358,0.13405339771818528,-0.015152835004825406,-0.021452184173771174,-0.021807734393762747,-0.023606384970843823,-0.015874347557730414,5.0
-1.9957991598319664,4.697261288273077,0.13460599754343885,-0.015245562393060214,-0.02157294555864519,-0.02191591583171782,-0.023700547162650944,-0.015913040990485013,5.0
-1.9947989597919584,4.696023099261838,0.13515874764976077,-0.015338541564668491,-0.021693944537542396,-0.022024208512958093,-0.023794583187715754,-0.0159515134807521,5.0
-1.9937987597519504,4.69478462396423,0.13571164609251118,-0.015431772300951465,-0.021815180483628547,-0.022132611731098734,-0.023888491984965624,-0.015989765260291573,5.0
-1.9927985597119424,4.693545866714425,0.13626469094893093,-0.015525254384415996,-0.02193665277337932,-0.02224112478356604,-0.02398227250477057,-0.016027796567319112,5.0
-1.9917983596719344,4.692306831797903,0.1368178803178789,-0.015618987598756438,-0.022058360786543975,-0.02234974697154064,-0.024075923708842692,-0.016065607646372156,5.0
-1.9907981596319264,4.691067523452145,0.13737121231956803,-0.01571297172883682,-0.02218030390610942,-0.022458477599901387,-0.024169444570136176,-0.016103198748177394,5.0
-1.9897979595919184,4.689827945867311,0.13792468509529707,-0.01580720656067347,-0.02230248151826474,-0.022567315977170058,-0.024262834072747697,-0.0161405701295199,5.0
-1.9887977595519104,4.6885881031868815,0.1384782968071806,-0.01590169188141798,-0.02242489301236626,-0.02267626141545683,-0.024356091211817376,-0.01617772205311374,5.0
-1.9877975595119024,4.687347999508282,0.1390320456378738,-0.015996427479340786,-0.022547537780903223,-0.022785313230406636,-0.024449214993430186,-0.016214654787474265,5.0
-1.9867973594718944,4.686107638883478,0.1395859297902951,-0.016091413143815177,-0.022670415219464106,-0.02289447074114631,-0.024542204434517965,-0.016251368606791935,5.0
-1.9857971594318864,4.684867025319548,0.14013994748734504,-0.016186648665301877,-0.0227935247267035,-0.023003733270232623,-0.024635058562761793,-0.016287863790807773,5.0
-1.9847969593918784,4.683626162779232,0.14069409697162352,-0.016282133835334354,-0.022916865704309865,-0.02311310014360131,-0.024727776416495158,-0.01632414062469053,5.0
-1.9837967593518704,4.682385055181464,0.14124837650514452,-0.01637786844650462,-0.023040437556973957,-0.023222570690516975,-0.02482035704460762,-0.01636019939891557,5.0
-1.9827965593118624,4.6811437064018815,0.14180278436905178,-0.016473852292449728,-0.02316423969235797,-0.023332144243523967,-0.02491279950644915,-0.016396040409145426,5.0
-1.9817963592718544,4.679902120273323,0.14235731886333425,-0.016570085167839036,-0.023288271521065693,-0.023441820138398375,-0.025005102871735293,-0.016431663956112334,5.0
-1.9807961592318464,4.678660300586317,0.1429119783065431,-0.016666566868361973,-0.023412532456613157,-0.023551597714100814,-0.02509726622045286,-0.016467070345502394,5.0
-1.9797959591918384,4.6774182510895566,0.14346676103551284,-0.016763297190716623,-0.023537021915400417,-0.023661476312730453,-0.02518928864276668,-0.016502259887841812,5.0
-1.9787957591518304,4.676175975490369,0.1440216654050871,-0.01686027593259888,-0.023661739316683916,-0.023771455279479888,-0.025281169238926954,-0.01653723289838491,5.0
-1.9777955591118224,4.674933477455186,0.14457668978784907,-0.016957502892692294,-0.023786684082549723,-0.023881533962591094,-0.02537290711917761,-0.016571989697004182,5.0
-1.9767953590718144,4.673690760610008,0.14513183257385942,-0.01705497787065843,-0.023911855637887478,-0.02399171171331231,-0.025464501403665386,-0.016606530608082128,5.0
-1.9757951590318064,4.672447828540882,0.1456870921704026,-0.017152700667127905,-0.02403725341036517,-0.024101987885855953,-0.025555951222349993,-0.01664085596040522,5.0
-1.9747949589917984,4.671204684794364,0.14624246700174054,-0.017250671083691875,-0.024162876830404457,-0.024212361837357393,-0.025647255714915045,-0.016674966087059612,5.0
-1.9737947589517904,4.669961332878007,0.14679795550887642,-0.017348888922894004,-0.02428872533115661,-0.024322832927834534,-0.025738414030679783,-0.016708861325328825,5.0
-1.9727945589117823,4.6687177762608405,0.14735355614932721,-0.01744735398822289,-0.024414798348479184,-0.024433400520148408,-0.025829425328511964,-0.01674254201659336,5.0
-1.9717943588717743,4.667474018373865,0.1479092673969066,-0.017546066084104844,-0.024541095320913024,-0.024544063979964368,-0.02592028877674137,-0.016776008506231992,5.0
-1.9707941588317663,4.666230062610551,0.14846508774151693,-0.017645025015896872,-0.024667615689659726,-0.02465482267571408,-0.026011003553074254,-0.016809261143524986,5.0
-1.9697939587917583,4.6649859123273405,0.14902101568894965,-0.01774423058988011,-0.024794358898559594,-0.02476567597855815,-0.02610156884450864,-0.016842300281558982,5.0
-1.9687937587517503,4.663741570844159,0.1495770497606954,-0.017843682613253222,-0.024921324394069716,-0.024876623262349355,-0.02619198384725037,-0.01687512627713354,5.0
-1.9677935587117423,4.662497041444927,0.15013318849376117,-0.017943380894126035,-0.025048511625242426,-0.02498766390359644,-0.02628224776662992,-0.01690773949066932,5.0
-1.9667933586717343,4.6612523273780715,0.15068943044049446,-0.018043325241513256,-0.025175920043703903,-0.025098797281428383,-0.026372359817020043,-0.016940140286117865,5.0
-1.9657931586317263,4.6600074318570455,0.15124577416841248,-0.018143515465328115,-0.02530354910363277,-0.02521002277755903,-0.02646231922175395,-0.016972329030872785,5.0
-1.9647929585917183,4.658762358060835,0.15180221826003729,-0.018243951376376098,-0.025431398261738947,-0.02532133977625227,-0.026552125213044404,-0.017004306095682556,5.0
-1.9637927585517103,4.657517109134463,0.1523587613127331,-0.01834463278634847,-0.025559466977242432,-0.02543274766428746,-0.026641777031903326,-0.017036071854564603,5.0
-1.9627925585117023,4.656271688189491,0.15291540193854586,-0.018445559507815835,-0.025687754711852022,-0.025544245830925207,-0.026731273928062124,-0.017067626684720817,5.0
-1.9617923584716943,4.655026098304508,0.15347213876404425,-0.018546731354221406,-0.025816260929744,-0.02565583366787343,-0.02682061515989259,-0.017098970966454432,5.0
-1.9607921584316863,4.6537803425255975,0.15402897043016067,-0.018648148139874247,-0.025944985097540875,-0.02576751056925373,-0.026909799994328628,-0.01713010508308819,5.0
-1.9597919583916783,4.6525344238668085,0.15458589559203065,-0.01874980967994229,-0.026073926684289865,-0.02587927593156811,-0.02699882770678842,-0.017161029420883916,5.0
-1.9587917583516703,4.651288345310597,0.15514291291883048,-0.018851715790445124,-0.026203085161441396,-0.02599112915366581,-0.027087697581097397,-0.017191744368963313,5.0
-1.9577915583116623,4.650042109808257,0.15570002109361292,-0.018953866288246708,-0.026332460002827535,-0.02610306963671065,-0.02717640890941181,-0.017222250319230106,5.0
-1.9567913582716543,4.6487957202803285,0.15625721881313862,-0.019056260991047794,-0.026462050684640276,-0.026215096784148476,-0.02726496099214305,-0.01725254766629352,5.0
-1.9557911582316463,4.6475491796169965,0.1568145047877058,-0.019158899717378303,-0.0265918566854099,-0.026327210001675153,-0.02735335313788267,-0.017282636807393163,5.0
-1.9547909581916383,4.64630249067846,0.15737187774097608,-0.01926178228658945,-0.026721877485983207,-0.026439408697204764,-0.02744158466332824,-0.01731251814232516,5.0
-1.9537907581516303,4.645055656295294,0.15792933640979584,-0.019364908518845782,-0.02685211256950175,-0.02655169228083827,-0.027529654893209753,-0.0173421920733698,5.0
-1.9527905581116223,4.643808679268792,0.15848687954401747,-0.01946827823511713,-0.02698256142138021,-0.026664060164832578,-0.02761756316021717,-0.01737165900522053,5.0
-1.9517903580716143,4.642561562371291,0.15904450590631575,-0.01957189125717051,-0.027113223529284792,-0.026776511763570165,-0.027705308804928643,-0.017400919344914417,5.0
-1.9507901580316063,4.64131430834648,0.15960221427200458,-0.019675747407561874,-0.027244098383111735,-0.026889046493529044,-0.027792891175739617,-0.017429973501764062,5.0
-1.9497899579915983,4.640066919909712,0.16016000342885184,-0.019779846509627986,-0.027375185474965955,-0.027001663773253515,-0.027880309628792906,-0.01745882188729105,5.0
-1.9487897579515903,4.638819399748284,0.1607178721768945,-0.019884188387478196,-0.027506484299139954,-0.027114363023325167,-0.02796756352790964,-0.01748746491516083,5.0
-1.9477895579115823,4.63757175052173,0.16127581932825502,-0.01998877286598625,-0.027637994352092805,-0.02722714366633467,-0.028054652244521184,-0.01751590300111915,5.0
-1.9467893578715743,4.636323974862099,0.16183384370695994,-0.02009359977078228,-0.027769715132429568,-0.027340005126854257,-0.028141575157602072,-0.017544136562929993,5.0
-1.9457891578315663,4.635076075374224,0.16239194414876143,-0.020198668928244796,-0.027901646140880868,-0.02745294683141067,-0.02822833165360387,-0.017572166020315007,5.0
-1.9447889577915582,4.633828054636011,0.16295011950096244,-0.020303980165492758,-0.02803378688028276,-0.027565968208458747,-0.02831492112638989,-0.01759999179489442,5.0
-1.9437887577515502,4.632579915198704,0.16350836862224732,-0.02040953331037789,-0.028166136855557,-0.027679068688355755,-0.028401342977171017,-0.017627614310129373,5.0
-1.9427885577115422,4.6313316595871745,0.16406669038251687,-0.020515328191476986,-0.02829869557369155,-0.02779224770333635,-0.02848759661444242,-0.017655033991265758,5.0
-1.9417883576715342,4.6300832903002025,0.16462508366273168,-0.020621364638084477,-0.028431462543721402,-0.027905504687488026,-0.02857368145392103,-0.01768225126527932,5.0
-1.9407881576315262,4.628834809810766,0.16518354735475982,-0.020727642480205182,-0.02856443727670991,-0.02801883907672741,-0.028659596918484093,-0.01770926656082221,5.0
-1.9397879575915182,4.627586220566343,0.16574208036123325,-0.020834161548547055,-0.028697619285730173,-0.028132250308776897,-0.02874534243810842,-0.017736080308170688,5.0
-1.9387877575515102,4.62633752498921,0.16630068159541073,-0.020940921674514282,-0.02883100808584694,-0.028245737823141968,-0.02883091744981035,-0.01776269293917409,5.0
-1.9377875575115022,4.625088725476759,0.16685934998104807,-0.02104792269020041,-0.028964603194098732,-0.02835930106108905,-0.028916321397586636,-0.017789104887204955,5.0
-1.9367873574714942,4.623839824401816,0.16741808445227574,-0.02115516442838165,-0.02909840412948017,-0.02847293946562375,-0.029001553732355842,-0.017815316587110133,5.0
-1.9357871574314862,4.622590824112961,0.16797688395348254,-0.02126264672251034,-0.02923241041292474,-0.02858665248146971,-0.029086613911900427,-0.017841328475162954,5.0
-1.9347869573914782,4.6213417269348644,0.1685357474392071,-0.021370369406708566,-0.029366621567287744,-0.028700439555047693,-0.02917150140080945,-0.017867140989016306,5.0
-1.9337867573514702,4.620092535168623,0.16909467387403318,-0.021478332315761784,-0.02950103711732919,-0.028814300134455108,-0.029256215670421613,-0.017892754567656512,5.0
-1.9327865573114622,4.618843251092091,0.16965366223249187,-0.02158653528511269,-0.02963565658969729,-0.028928233669445993,-0.02934075619876898,-0.017918169651358104,5.0
-1.9317863572714542,4.617593876960232,0.17021271149896672,-0.021694978150855006,-0.02977047951291182,-0.029042239611410985,-0.029425122470521002,-0.017943386681639195,5.0
-1.9307861572314462,4.616344415005447,0.17077182066760338,-0.0218036607497275,-0.02990550541734774,-0.029156317413357807,-0.029509313976928842,-0.017968406101217523,5.0
-1.9297859571914382,4.615094867437923,0.17133098874222158,-0.02191258291910801,-0.030040733835218807,-0.02927046652989194,-0.029593330215770226,-0.017993228353967234,5.0
-1.9287857571514302,4.613845236445964,0.17189021473622948,-0.022021744497007435,-0.030176164300561532,-0.02938468641719733,-0.029677170691294406,-0.0180178538848761,5.0
-1.9277855571114222,4.61259552419632,0.1724494976725378,-0.022131145322063915,-0.03031179634921887,-0.029498976533017494,-0.029760834914167505,-0.018042283140003314,5.0
-1.9267853570714142,4.611345732834517,0.17300883658347577,-0.022240785233536835,-0.030447629518824244,-0.029613336336636483,-0.029844322401418044,-0.01806651656643781,5.0
-1.9257851570314062,4.610095864485163,0.17356823051070544,-0.02235066407130108,-0.03058366334878551,-0.02972776528886036,-0.029927632676382755,-0.01809055461225704,5.0
-1.9247849569913982,4.608845921252262,0.17412767850513514,-0.02246078167584111,-0.03071989738026896,-0.029842262851998456,-0.030010765268652644,-0.018114397726486254,5.0
-1.9237847569513902,4.607595905219508,0.17468717962683109,-0.022571137888245135,-0.030856331156183366,-0.029956828489844906,-0.030093719714019206,-0.018138046359058246,5.0
-1.9227845569113822,4.606345818450568,0.17524673294492715,-0.022681732550199275,-0.030992964221164092,-0.030071461667660334,-0.030176495554420958,-0.01816150096077356,5.0
-1.9217843568713742,4.605095662989352,0.17580633753753183,-0.022792565503981708,-0.031129796121557224,-0.030186161852153646,-0.03025909233789021,-0.018184761983261202,5.0
-1.9207841568313662,4.603845440860275,0.17636599249163182,-0.02290363659245686,-0.03126682640540374,-0.030300928511463807,-0.030341509618500045,-0.018207829878939857,5.0
-1.9197839567913582,4.602595154068503,0.17692569690299306,-0.023014945659069634,-0.03140405462242379,-0.030415761115142124,-0.030423746956311764,-0.018230705100979665,5.0
-1.9187837567513504,4.601344804600185,0.17748544987605888,-0.0231264925478395,-0.03154148032400088,-0.030530659134134254,-0.030505803917322306,-0.01825338810326442,5.0
-1.9177835567113424,4.6000943944226735,0.1780452505238447,-0.023238277103354875,-0.03167910306316641,-0.03064562204076284,-0.030587680073412563,-0.018275879340354594,5.0
-1.9167833566713344,4.598843925484737,0.17860509796782958,-0.023350299170767263,-0.031816922394584064,-0.030760649308710006,-0.030669375002295468,-0.018298179267450733,5.0
-1.9157831566313264,4.597593399716751,0.17916499133784608,-0.023462558595785638,-0.03195493787453444,-0.030875740413000338,-0.030750888287464948,-0.018320288340357652,5.0
-1.9147829565913184,4.59634281903089,0.17972492977196772,-0.023575055224670738,-0.03209314906089966,-0.03099089482998386,-0.03083221951814504,-0.018342207015449245,5.0
-1.9137827565513104,4.595092185321302,0.18028491241639408,-0.023687788904229512,-0.03223155551314843,-0.031106112037319607,-0.03091336828923967,-0.018363935749634026,5.0
-1.9127825565113024,4.5938415004642765,0.18084493842533553,-0.023800759481809666,-0.03237015679232095,-0.031221391513959314,-0.030994334201282985,-0.018385475000321477,5.0
-1.9117823564712944,4.592590766318409,0.18140500696089643,-0.023913966805294198,-0.03250895246101417,-0.031336732740131365,-0.031075116860389884,-0.01840682522538903,5.0
-1.9107821564312863,4.5913399847247565,0.1819651171929583,-0.024027410723096047,-0.03264794208336716,-0.03145213519732526,-0.031155715878207448,-0.01842798688314991,5.0
-1.9097819563912783,4.590089157506986,0.18252526829906413,-0.02414109108415286,-0.03278712522504682,-0.031567598368276266,-0.031236130871866837,-0.018448960432321842,5.0
-1.9087817563512703,4.5888382864715265,0.18308545946430355,-0.02425500773792195,-0.03292650145323363,-0.03168312173695064,-0.03131636146393574,-0.01846974633199646,5.0
-1.9077815563112623,4.587587373407716,0.18364568988119978,-0.024369160534375163,-0.033066070336607786,-0.03179870478853099,-0.031396407282371495,-0.018490345041609638,5.0
-1.9067813562712543,4.586336420087949,0.1842059587495986,-0.024483549323994117,-0.03320583144533555,-0.031914347009402246,-0.031476267960474834,-0.018510757020912604,5.0
-1.9057811562312463,4.5850854282678215,0.1847662652765603,-0.024598173957765358,-0.033345784351055695,-0.03203004788713788,-0.03155594313684413,-0.01853098272994387,5.0
-1.9047809561912383,4.583834399686289,0.18532660867625583,-0.02471303428717579,-0.03348592862686645,-0.03214580691048657,-0.03163543245533043,-0.018551022629002004,5.0
-1.9037807561512303,4.582583336065813,0.1858869881698659,-0.024828130164208092,-0.033626263847312536,-0.032261623569359216,-0.031714735564993,-0.0185708771786191,5.0
-1.9027805561112223,4.581332239112525,0.18644740298548404,-0.02494346144133638,-0.0337667895883723,-0.03237749735481641,-0.03179385212005534,-0.018590546839535177,5.0
-1.9017803560712143,4.580081110516383,0.1870078523580252,-0.025059027971521975,-0.03390750542744549,-0.03249342775905612,-0.03187278177986214,-0.018610032072673154,5.0
-1.9007801560312063,4.578829951951345,0.18756833552913776,-0.025174829608209187,-0.034048410943340816,-0.03260941427540186,-0.031951524208836325,-0.018629333339114627,5.0
-1.8997799559911983,4.577578765075542,0.18812885174712166,-0.025290866205321307,-0.034189505716264036,-0.03272545639829108,-0.03203007907643695,-0.018648451100076218,5.0
-1.8987797559511903,4.5763275515314525,0.1886894002668497,-0.025407137617256697,-0.03433078932780601,-0.03284155362326394,-0.03210844605711745,-0.018667385816886695,5.0
-1.8977795559111823,4.575076312946089,0.1892499803496938,-0.02552364369888493,-0.03447226136093114,-0.03295770544695231,-0.03218662483028443,-0.018686137950964517,5.0
-1.8967793558711743,4.573825050931187,0.18981059126345645,-0.02564038430554307,-0.0346139213999659,-0.03307391136706904,-0.03226461508025681,-0.01870470796379601,5.0
-1.8957791558311663,4.572573767083394,0.19037123228230501,-0.025757359293031936,-0.03475576903058739,-0.03319017088239745,-0.032342416496225455,-0.018723096316914024,5.0
-1.8947789557911583,4.571322462984471,0.1909319026867095,-0.02587456851761253,-0.03489780383981223,-0.033306483492780994,-0.032420028772212985,-0.018741303471877,5.0
-1.8937787557511503,4.570071140201482,0.19149260176338428,-0.025992011836002415,-0.03504002541598537,-0.03342284869911313,-0.03249745160703415,-0.01875932989024848,5.0
-1.8927785557111423,4.568819800287001,0.1920533288052324,-0.02610968910537222,-0.035182433348769145,-0.03353926600332738,-0.032574684704256354,-0.018777176033577002,5.0
-1.8917783556711343,4.567568444779305,0.19261408311129063,-0.026227600183342144,-0.035325027229132326,-0.033655734908387414,-0.032651727772160494,-0.01879484236337629,5.0
-1.8907781556311263,4.5663170752025755,0.1931748639866772,-0.026345744927978424,-0.03546780664933923,-0.03377225491827732,-0.032728580523702054,-0.01881232934110578,5.0
-1.8897779555911183,4.565065693067093,0.1937356707425397,-0.026464123197789968,-0.035610771202938984,-0.03388882553799193,-0.032805242676472446,-0.01882963742815148,5.0
-1.8887777555511103,4.563814299869426,0.19429650269600268,-0.026582734851724726,-0.03575392048475459,-0.03400544627352726,-0.0328817139526604,-0.018846767085806883,5.0
-1.8877775555111023,4.562562897092621,0.19485735917011654,-0.026701579749166357,-0.03589725409087228,-0.03412211663187093,-0.032957994079013855,-0.01886371877525447,5.0
-1.8867773554710943,4.561311486206387,0.1954182394938045,-0.026820657749930667,-0.03604077161863069,-0.03423883612099276,-0.03303408278680173,-0.01888049295754714,5.0
-1.8857771554310863,4.560060068667261,0.1959791430018084,-0.02693996871426215,-0.03618447266661026,-0.03435560424983532,-0.033109979811776186,-0.018897090093590113,5.0
-1.8847769553910783,4.558808645918786,0.1965400690346331,-0.02705951250283045,-0.0363283568346224,-0.03447242052830457,-0.0331856848941348,-0.01891351064412287,5.0
-1.8837767553510703,4.557557219391668,0.1971010169384891,-0.0271792889767269,-0.03647242372369891,-0.03458928446726064,-0.03326119777848309,-0.01892975506970157,5.0
-1.8827765553110622,4.5563057905039255,0.19766198606523375,-0.02729929799746096,-0.03661667293608126,-0.03470619557850858,-0.03333651821379742,-0.018945823830681562,5.0
-1.8817763552710542,4.555054360661041,0.19822297577230955,-0.02741953942695668,-0.036761104075210015,-0.03482315337478913,-0.033411645953387664,-0.01896171738720024,5.0
-1.8807761552310462,4.553802931256091,0.19878398542268105,-0.027540013127549248,-0.036905716745714266,-0.03494015736976983,-0.03348658075486076,-0.018977436199160258,5.0
-1.8797759551910382,4.552551503669881,0.19934501438476993,-0.02766071896198134,-0.03705051055340102,-0.03505720707803596,-0.033561322380083844,-0.01899298072621296,5.0
-1.8787757551510302,4.5513000792710665,0.19990606203238837,-0.027781656793399813,-0.037195485105244855,-0.03517430201508181,-0.03363587059514834,-0.019008351427742275,5.0
-1.8777755551110222,4.550048659416269,0.20046712774467088,-0.027902826485352018,-0.03734064000937753,-0.03529144169730195,-0.03371022517033389,-0.01902354876284884,5.0
-1.8767753550710142,4.548797245450187,0.20102821090600617,-0.028024227901782536,-0.0374859748750776,-0.035408625641982744,-0.03378438588007266,-0.019038573190334668,5.0
-1.8757751550310062,4.547545838705708,0.2015893109059669,-0.02814586090702967,-0.03763148931276039,-0.03552585336729393,-0.03385835250291437,-0.019053425168688083,5.0
-1.8747749549909982,4.546294440504005,0.20215042713924108,-0.02826772536582215,-0.03777718293396783,-0.03564312439228064,-0.03393212482149115,-0.01906810515606919,5.0
-1.8737747549509902,4.545043052154645,0.20271155900556279,-0.0283898211432758,-0.03792305535135851,-0.035760438236855215,-0.03400570262248323,-0.019082613610295614,5.0
-1.8727745549109822,4.543791674955681,0.203272705909644,-0.02851214810489032,-0.038069106178698055,-0.03587779442178956,-0.03407908569658474,-0.01909695098882889,5.0
-1.8717743548709742,4.542540310193762,0.20383386726110816,-0.028634706116546126,-0.0382153350308492,-0.03599519246870758,-0.034152273838470026,-0.019111117748761106,5.0
-1.8707741548309662,4.541288959144223,0.20439504247442494,-0.028757495044501282,-0.038361741523762594,-0.03611263190007782,-0.03422526684676029,-0.019125114346802075,5.0
-1.8697739547909582,4.540037623071198,0.20495623096884696,-0.028880514755388446,-0.038508325274467216,-0.03623011223920632,-0.03429806452399072,-0.019138941239266877,5.0
-1.8687737547509502,4.538786303227713,0.20551743216834983,-0.029003765116211964,-0.038655085901061294,-0.03634763301022979,-0.03437066667657793,-0.019152598882063908,5.0
-1.8677735547109422,4.537535000855803,0.20607864550157393,-0.029127245994345012,-0.0388020230227033,-0.03646519373810886,-0.034443073114787746,-0.019166087730683207,5.0
-1.8667733546709342,4.536283717186613,0.20663987040177006,-0.02925095725752674,-0.03894913625960295,-0.03658279394862152,-0.034515283652703496,-0.01917940824018527,5.0
-1.8657731546309262,4.535032453440521,0.20720110630674607,-0.029374898773859657,-0.03909642523301252,-0.036700433168356826,-0.03458729810819452,-0.019192560865190143,5.0
-1.8647729545909182,4.533781210827245,0.20776235265881846,-0.029499070411806914,-0.03924388956521816,-0.036818110924708734,-0.03465911630288494,-0.019205546059866897,5.0
-1.8637727545509102,4.532529990545968,0.20832360890476573,-0.029623472040189763,-0.03939152887953147,-0.03693582674587019,-0.034730738062123095,-0.019218364277923384,5.0
-1.8627725545109022,4.5312787937854635,0.20888487449578366,-0.029748103528184966,-0.03953934280028099,-0.03705358016082709,-0.0348021632149507,-0.01923101597259625,5.0
-1.8617723544708942,4.5300276217242095,0.20944614888744498,-0.029872964745322392,-0.03968733095280406,-0.037171370699352786,-0.03487339159407289,-0.019243501596641295,5.0
-1.8607721544308862,4.528776475530527,0.21000743153965876,-0.029998055561482436,-0.03983549296343837,-0.037289197892002156,-0.03494442303582798,-0.01925582160232385,5.0
-1.8597719543908782,4.527525356362698,0.2105687219166332,-0.030123375846893754,-0.03998382845951412,-0.037407061270106325,-0.03501525738015782,-0.019267976441409627,5.0
-1.8587717543508702,4.526274265369101,0.21113001948683827,-0.030248925472130764,-0.04013233706934565,-0.03752496036576704,-0.03508589447057802,-0.019279966565155484,5.0
-1.8577715543108622,4.525023203688328,0.21169132372297064,-0.030374704308111254,-0.0402810184222235,-0.03764289471185122,-0.035156334154148754,-0.019291792424300538,5.0
-1.8567713542708542,4.523772172449321,0.21225263410191825,-0.030500712226094105,-0.040429872148406425,-0.03776086384198571,-0.03522657628144531,-0.01930345446905726,5.0
-1.8557711542308462,4.5225211727714845,0.21281395010472504,-0.03062694909767674,-0.04057889787911334,-0.03787886729055183,-0.03529662070652911,-0.019314953149102858,5.0
-1.8547709541908382,4.52127020576481,0.21337527121655592,-0.030753414794792957,-0.040728095246515494,-0.037996904592680125,-0.03536646728691895,-0.01932628891357075,5.0
-1.8537707541508301,4.520019272529991,0.21393659692665942,-0.030880109189710375,-0.04087746388372839,-0.038114975284245046,-0.035436115883561964,-0.019337462211041972,5.0
-1.8527705541108221,4.518768374158535,0.21449792672833087,-0.03100703215502804,-0.04102700342480384,-0.03823307890185962,-0.03550556636080512,-0.019348473489536958,5.0
-1.8517703540708141,4.5175175117328665,0.2150592601188743,-0.031134183563674107,-0.04117671350472214,-0.03835121498287032,-0.03557481858636681,-0.01935932319650731,5.0
-1.8507701540308061,4.516266686326428,0.21562059659956223,-0.031261563288903345,-0.04132659375938417,-0.038469383065351796,-0.035643872431308586,-0.01937001177882782,5.0
-1.8497699539907981,4.515015899003779,0.2161819356755936,-0.031389171204294616,-0.04147664382560325,-0.03858758268810167,-0.035712727770006905,-0.01938053968278842,5.0
-1.8487697539507901,4.513765150820679,0.21674327685605138,-0.031517007183748655,-0.0416268633410977,-0.03870581339063542,-0.035781384480125335,-0.019390907354086627,5.0
-1.8477695539107821,4.512514442824176,0.2173046196538576,-0.031645071101485324,-0.041777251944482605,-0.03882407471318132,-0.03584984244258681,-0.01940111523781986,5.0
-1.8467693538707741,4.511263776052684,0.21786596358572655,-0.031773362832041324,-0.04192780927526213,-0.038942366196675286,-0.03591810154154605,-0.019411163778478145,5.0
-1.8457691538307661,4.5100131515360555,0.21842730817211875,-0.031901882250267605,-0.04207853497382176,-0.0390606873827561,-0.03598616166436247,-0.019421053419936975,5.0
-1.8447689537907581,4.508762570295653,0.2189886529371915,-0.032030629231327115,-0.042229428681420725,-0.03917903781376047,-0.03605402270157307,-0.01943078460545054,5.0
-1.8437687537507501,4.507512033344412,0.21954999740875034,-0.032159603650692134,-0.04238049004018409,-0.03929741703271827,-0.03612168454686566,-0.019440357777644964,5.0
-1.842768553710742,4.506261541686907,0.22011134111819938,-0.03228880538414193,-0.042531718693095355,-0.03941582458334794,-0.036189147097052544,-0.019449773378512104,5.0
-1.841768353670734,4.505011096319412,0.22067268360049158,-0.03241823430776042,-0.04268311428398891,-0.039534260010052016,-0.036256410252044395,-0.019459031849403424,5.0
-1.840768153630726,4.503760698229955,0.22123402439408038,-0.032547890297933806,-0.04283467645754284,-0.0396527228579128,-0.03632347391482442,-0.019468133631024353,5.0
-1.839767953590718,4.502510348398389,0.22179536304087058,-0.03267777323134808,-0.04298640485927129,-0.039771212672688,-0.036390337991422834,-0.01947707916342878,5.0
-1.83876775355071,4.501260047796441,0.2223566990861714,-0.032807882984986936,-0.043138299135517554,-0.03988972900080686,-0.03645700239089177,-0.01948586888601398,5.0
-1.837767553510702,4.500009797387776,0.22291803207865082,-0.03293821943612946,-0.043290358933446946,-0.04000827138936626,-0.03652346702528061,-0.019494503237515864,5.0
-1.836767353470694,4.498759598128065,0.22347936157029222,-0.03306878246234792,-0.04344258390103984,-0.04012683938612688,-0.03658973180961125,-0.01950298265600445,5.0
-1.835767153430686,4.497509450965047,0.2240406871163514,-0.033199571941505523,-0.04359497368708476,-0.04024543253950967,-0.03665579666185417,-0.019511307578879637,5.0
-1.834766953390678,4.496259356838597,0.22460200827531832,-0.033330587751754494,-0.04374752794117183,-0.04036405039859259,-0.03672166150290466,-0.01951947844286745,5.0
-1.83376675335067,4.495009316680802,0.22516332460888006,-0.03346182977153388,-0.04390024631368601,-0.04048269251310713,-0.036787326256559165,-0.019527495684016304,5.0
-1.832766553310662,4.493759331416036,0.225724635681886,-0.03359329787956759,-0.04405312845580069,-0.0406013584334354,-0.03685279084949226,-0.019535359737693665,5.0
-1.831766353270654,4.492509401961039,0.22628594106231686,-0.03372499195486232,-0.04420617401947117,-0.04072004771060701,-0.0369180552112337,-0.019543071038582906,5.0
-1.830766153230646,4.491259529225005,0.22684724032125614,-0.03385691187670573,-0.04435938265742841,-0.04083875989629619,-0.03698311927414575,-0.019550630020680384,5.0
-1.829765953190638,4.490009714109664,0.22740853303286346,-0.033989057524664495,-0.04451275402317286,-0.04095749454281916,-0.03704798297340085,-0.0195580371172927,5.0
-1.82876575315063,4.488759957509384,0.22796981877435116,-0.03412142877858228,-0.04466628777096819,-0.04107625120313136,-0.0371126462469595,-0.01956529276103403,5.0
-1.827765553110622,4.487510260311251,0.2285310971259625,-0.03425402551857805,-0.04481998355583519,-0.04119502943082492,-0.03717710903554822,-0.019572397383823728,5.0
-1.826765353070614,4.486260623395182,0.22909236767095215,-0.034386847625044015,-0.04497384103354574,-0.041313828780125836,-0.03724137128263776,-0.01957935141688381,5.0
-1.825765153030606,4.485011047634012,0.22965362999556901,-0.034519894978643884,-0.04512785986061686,-0.04143264880589192,-0.03730543293442161,-0.019586155290736797,5.0
-1.824764952990598,4.4837615338936025,0.23021488368903903,-0.03465316746031086,-0.045282039694304464,-0.041551489063609844,-0.03736929393979431,-0.019592809435203244,5.0
-1.82376475295059,4.482512083032938,0.23077612834355066,-0.03478666495124586,-0.04543638019259761,-0.04167034910939299,-0.03743295425033026,-0.019599314279399625,5.0
-1.822764552910582,4.481262695904226,0.23133736355423962,-0.03492038733291547,-0.045590881014212256,-0.04178922849997873,-0.03749641382026232,-0.019605670251735995,5.0
-1.821764352870574,4.480013373353003,0.23189858891917456,-0.03505433448705003,-0.045745541818585415,-0.04190812679272593,-0.03755967260646068,-0.01961187777991372,5.0
-1.820764152830566,4.478764116218227,0.23245980403934283,-0.03518850629564176,-0.04590036226586914,-0.0420270435456126,-0.0376227305684117,-0.0196179372909232,5.0
-1.819763952790558,4.477514925332372,0.2330210085186356,-0.035322902640942656,-0.04605534201692442,-0.042145978317233185,-0.03768558766819683,-0.019623849211041485,5.0
-1.81876375275055,4.476265801521527,0.23358220196383156,-0.0354575234054624,-0.046210480733315,-0.04226493066679581,-0.0377482438704716,-0.019629613965829847,5.0
-1.817763552710542,4.475016745605479,0.23414338398458107,-0.03559236847196636,-0.046365778077301446,-0.042383900154119955,-0.03781069914244465,-0.019635231980131417,5.0
-1.816763352670534,4.473767758397799,0.23470455419338715,-0.0357274377234735,-0.046521233711834954,-0.04250288633963339,-0.03787295345385676,-0.019640703678068576,5.0
-1.815763152630526,4.472518840705922,0.2352657122055866,-0.03586273104325411,-0.04667684730055123,-0.04262188878436968,-0.03793500677695999,-0.01964602948304047,5.0
-1.814762952590518,4.471269993331221,0.2358268576393283,-0.03599824831482769,-0.04683261850776416,-0.042740907049965284,-0.03799685908649682,-0.019651209817720408,5.0
-1.81376275255051,4.470021217069078,0.23638799011554992,-0.036133989421960756,-0.046988546998459786,-0.04285994069865677,-0.03805851035967933,-0.019656245104053203,5.0
-1.812762552510502,4.468772512708946,0.23694910925795382,-0.03626995424866461,-0.04714463243829002,-0.04297898929327803,-0.03811996057616857,-0.019661135763252596,5.0
-1.811762352470494,4.467523881034409,0.237510214692979,-0.036406142679193086,-0.04730087449356648,-0.0430980523972574,-0.03818120971805384,-0.019665882215798583,5.0
-1.810762152430486,4.466275322823235,0.23807130604977333,-0.036542554598040275,-0.04745727283125426,-0.043217129574614745,-0.03824225776983211,-0.019670484881434795,5.0
-1.809761952390478,4.465026838847426,0.238632382960163,-0.03667918988993841,-0.04761382711896581,-0.04333622038995876,-0.03830310471838765,-0.019674944179165963,5.0
-1.80876175235047,4.463778429873259,0.23919344505862042,-0.03681604843985543,-0.047770537024954776,-0.04345532440848411,-0.038363750552971615,-0.019679260527255257,5.0
-1.807761552310462,4.462530096661331,0.2397544919822302,-0.03695313013299296,-0.04792740221810995,-0.04357444119596867,-0.0384241952651819,-0.019683434343221947,5.0
-1.806761352270454,4.4612818399665874,0.24031552337065612,-0.03709043485478412,-0.04808442236794915,-0.043693570318770796,-0.03848443884894299,-0.01968746604383892,5.0
-1.805761152230446,4.460033660538365,0.24087653886610516,-0.03722796249089125,-0.048241597144613374,-0.043812711343826694,-0.03854448130048606,-0.01969135604513046,5.0
-1.8047609521904382,4.458785559120413,0.24143753811329047,-0.03736571292720401,-0.04839892621886087,-0.04393186383864784,-0.03860432261832933,-0.01969510476237003,5.0
-1.8037607521504302,4.457537536450929,0.2419985207593966,-0.037503686049837184,-0.04855640926206134,-0.04405102737131853,-0.03866396280325841,-0.019698712610078255,5.0
-1.8027605521104222,4.456289593262582,0.24255948645404307,-0.03764188174512891,-0.04871404594619035,-0.04417020151049351,-0.038723401858306965,-0.019702180002021043,5.0
-1.8017603520704142,4.455041730282542,0.2431204348492475,-0.03778029989963869,-0.04887183594382371,-0.04428938582539564,-0.03878263978873755,-0.019705507351207827,5.0
-1.8007601520304062,4.453793948232505,0.24368136559938997,-0.03791894040014566,-0.04902977892813199,-0.04440857988581375,-0.0388416766020226,-0.019708695069889943,5.0
-1.7997599519903982,4.4525462478287245,0.2442422783611799,-0.03805780313364682,-0.04918787457287544,-0.04452778326210065,-0.03890051230782574,-0.01971174356955928,5.0
-1.7987597519503902,4.451298629782033,0.24480317279362115,-0.03819688798735551,-0.04934612255239845,-0.04464699552517116,-0.038959146917983176,-0.019714653260946898,5.0
-1.7977595519103822,4.450051094797881,0.24536404855798036,-0.0383361948486998,-0.04950452254162483,-0.04476621624650022,-0.03901758044648543,-0.019717424554022048,5.0
-1.7967593518703742,4.448803643576364,0.24592490531775646,-0.0384757236053212,-0.04966307421605266,-0.044885444998121346,-0.039075812909459065,-0.019720057857991146,5.0
-1.7957591518303662,4.447556276812261,0.2464857427386512,-0.03861547414507316,-0.049821777251749716,-0.04500468135262492,-0.039133844325148825,-0.01972255358129697,5.0
-1.7947589517903582,4.44630899519507,0.24704656048854207,-0.03875544635602,-0.049980631325348586,-0.04512392488315676,-0.039191674713899914,-0.019724912131618012,5.0
-1.7937587517503502,4.445061799409047,0.2476073582374572,-0.03889564012643578,-0.05013963611404246,-0.04524317516341677,-0.039249304098140404,-0.019727133915868007,5.0
-1.7927585517103422,4.443814690133256,0.2481681356575505,-0.03903605534480313,-0.05029879129558031,-0.0453624317676576,-0.039306732502363814,-0.0197292193401954,5.0
-1.7917583516703341,4.442567668041606,0.24872889242308174,-0.03917669189981233,-0.050458096548262915,-0.04548169427068337,-0.03936395995311192,-0.019731168809983175,5.0
-1.7907581516303261,4.441320733802908,0.24928962821039452,-0.03931754968036044,-0.05061755155093844,-0.0456009622478486,-0.039420986478957636,-0.01973298272984853,5.0
-1.7897579515903181,4.440073888080919,0.24985034269789919,-0.03945862857555048,-0.05077715598299843,-0.045720235275057114,-0.03947781211048809,-0.01973466150364282,5.0
-1.7887577515503101,4.438827131534399,0.25041103556605476,-0.039599928474690675,-0.050936909524373776,-0.04583951292876092,-0.03953443688028787,-0.019736205534451462,5.0
-1.7877575515103021,4.437580464817164,0.2509717064973541,-0.039741449267293665,-0.05109681185553057,-0.04595879478595927,-0.039590860822922264,-0.019737615224593944,5.0
-1.7867573514702941,4.436333888578145,0.2515323551763078,-0.039883190843075865,-0.05125686265746634,-0.04607808042419759,-0.03964708397492062,-0.019738890975623802,5.0
-1.7857571514302861,4.43508740346144,0.25209298128943164,-0.04002515309195685,-0.051417061611706116,-0.04619736942156643,-0.03970310637476003,-0.019740033188328746,5.0
-1.7847569513902781,4.433841010106375,0.25265358452523273,-0.040167335904058694,-0.0515774084002984,-0.0463166613567005,-0.03975892806284874,-0.019741042262730706,5.0
-1.7837567513502701,4.432594709147561,0.2532141645741966,-0.04030973916970529,-0.05173790270581152,-0.046435955808777664,-0.03981454908150995,-0.019741918598085884,5.0
-1.7827565513102621,4.431348501214945,0.25377472112877436,-0.04045236277942176,-0.05189854421132969,-0.04655525235751787,-0.03986996947496554,-0.019742662592884982,5.0
-1.7817563512702541,4.4301023869338705,0.2543352538833701,-0.04059520662393394,-0.05205933260044923,-0.04667455058318211,-0.03992518928931993,-0.019743274644853228,5.0
-1.780756151230246,4.428856366925127,0.2548957625343269,-0.04073827059416756,-0.052220267557274526,-0.046793850066571246,-0.03998020857254401,-0.019743755150950504,5.0
-1.779755951190238,4.427610441805006,0.2554562467799137,-0.040881554581247585,-0.05238134876641433,-0.04691315038902491,-0.04003502737445906,-0.01974410450737153,5.0
-1.77875575115023,4.426364612185346,0.25601670632031026,-0.04102505847649761,-0.05254257591297779,-0.04703245113242031,-0.040089645746721,-0.019744323109545967,5.0
-1.777755551110222,4.4251188786735804,0.25657714085759287,-0.04116878217143898,-0.05270394868257051,-0.047151751879171,-0.040144063742804374,-0.019744411352138648,5.0
-1.776755351070214,4.423873241872779,0.2571375500957174,-0.041312725557790184,-0.0528654667612906,-0.04727105221222571,-0.04019828141798682,-0.01974436962904974,5.0
-1.775755151030206,4.4226277023816944,0.2576979337405026,-0.04145688852746585,-0.05302712983572483,-0.047390351715067024,-0.0402522988293333,-0.019744198333415022,5.0
-1.774754950990198,4.421382260794795,0.2582582914996115,-0.04160127097257598,-0.05318893759294436,-0.047509649971710206,-0.04030611603568076,-0.019743897857606142,5.0
-1.77375475095019,4.420136917702303,0.25881862308253323,-0.04174587278542497,-0.05335088972050098,-0.047628946566701656,-0.040359733097622606,-0.019743468593231006,5.0
-1.772754550910182,4.418891673690225,0.2593789282005632,-0.04189069385851064,-0.05351298590642288,-0.04774824108511791,-0.040413150077493604,-0.01974291093113415,5.0
-1.771754350870174,4.417646529340384,0.2599392065667821,-0.042035734084523275,-0.0536752258392107,-0.047867533112564205,-0.040466367039354786,-0.019742225261397316,5.0
-1.770754150830166,4.416401485230449,0.2604994578960351,-0.04218099335634456,-0.05383760920783348,-0.047986822235173275,-0.04051938404897859,-0.01974141197334001,5.0
-1.769753950790158,4.415156541933959,0.26105968190490947,-0.04232647156704647,-0.05400013570172442,-0.048106108039603974,-0.04057220117383402,-0.019740471455520197,5.0
-1.76875375075015,4.413911700020348,0.26161987831171424,-0.042472168609890094,-0.05416280501077704,-0.04822539011304025,-0.0406248184830722,-0.019739404095735134,5.0
-1.767753550710142,4.412666960054975,0.2621800468364574,-0.042618084378324594,-0.054325616825340976,-0.048344668043189896,-0.04067723604751209,-0.0197382102810223,5.0
-1.766753350670134,4.41142232259914,0.26274018720082404,-0.04276421876598596,-0.054488570836218095,-0.04846394141828348,-0.04072945393962622,-0.019736890397660436,5.0
-1.765753150630126,4.410177788210115,0.26330029912815595,-0.04291057166669585,-0.05465166673465845,-0.04858320982707339,-0.040781472233526884,-0.019735444831170738,5.0
-1.764752950590118,4.408933357441163,0.26386038234342946,-0.043057142974460304,-0.05481490421235621,-0.0487024728588327,-0.04083329100495226,-0.019733873966318097,5.0
-1.76375275055011,4.407689030841571,0.2644204365732365,-0.0432039325834686,-0.05497828296144593,-0.04882173010335444,-0.04088491033125308,-0.01973217818711261,5.0
-1.762752550510102,4.4064448089566675,0.26498046154576477,-0.04335094038809197,-0.055141802674498586,-0.04894098115095072,-0.04093633029137913,-0.019730357876811024,5.0
-1.761752350470094,4.405200692327858,0.26554045699078066,-0.0434981662828824,-0.0553054630445177,-0.04906022559245196,-0.040987550965866267,-0.019728413417918422,5.0
-1.760752150430086,4.403956681492654,0.26610042263961203,-0.04364561016257139,-0.05546926376493569,-0.04917946301920638,-0.04103857243682345,-0.01972634519218997,5.0
-1.759751950390078,4.402712776984704,0.26666035822513323,-0.04379327192206871,-0.05563320452961,-0.04929869302307923,-0.04108939478792004,-0.01972415358063272,5.0
-1.75875175035007,4.401468979333829,0.2672202634817505,-0.04394115145646126,-0.05579728503281965,-0.04941791519645254,-0.04114001810437322,-0.019721838963507543,5.0
-1.757751550310062,4.400225289066056,0.26778013814538987,-0.04408924866101174,-0.055961504969261396,-0.04953712913222434,-0.041190442472935566,-0.01971940172033103,5.0
-1.756751350270054,4.398981706703669,0.2683399819534863,-0.044237563431157575,-0.05612586403404625,-0.049656334423808665,-0.04124066798188282,-0.019716842229877542,5.0
-1.755751150230046,4.397738232765235,0.26889979464497327,-0.04438609566250968,-0.056290361922696076,-0.04977553066513499,-0.0412906947210018,-0.01971416087018124,5.0
-1.754750950190038,4.39649486776566,0.26945957596027525,-0.044534845250851295,-0.056454998331140024,-0.04989471745064803,-0.04134052278157835,-0.019711358018538083,5.0
-1.75375075015003,4.395251612216227,0.27001932564130005,-0.04468381209213693,-0.056619772955711155,-0.05001389437530765,-0.041390152256385496,-0.019708434051507916,5.0
-1.752750550110022,4.394008466624649,0.2705790434314325,-0.044832996082491056,-0.056784685493143014,-0.050133061034588366,-0.041439583239671535,-0.019705389344916415,5.0
-1.751750350070014,4.39276543149511,0.271138729075529,-0.04498239711820705,-0.056949735640566206,-0.05025221702447937,-0.04148881582714823,-0.01970222427385702,5.0
-1.750750150030006,4.391522507328321,0.2716983823199131,-0.0451320150957462,-0.05711492309550531,-0.050371361941484304,-0.041537850115979325,-0.019698939212692945,5.0
-1.749749949989998,4.390279694621566,0.2722580029123715,-0.04528184991173644,-0.05728024755587535,-0.05049049538262104,-0.041586686204768644,-0.019695534535058908,5.0
-1.74874974994999,4.389036993868751,0.2728175906021494,-0.04543190146297123,-0.057445708719978485,-0.05060961694542141,-0.041635324193548415,-0.01969201061386291,5.0
-1.747749549909982,4.387794405560452,0.2733771451399474,-0.04558216964640866,-0.05761130628650092,-0.05072872622793114,-0.04168376418376789,-0.01968836782128794,5.0
-1.746749349869974,4.386551930183966,0.27393666627791674,-0.04573265435917013,-0.05777703995450943,-0.05084782282870935,-0.041732006278281365,-0.019684606528793485,5.0
-1.745749149829966,4.385309568223354,0.27449615376965547,-0.04588335549853943,-0.057942909423448145,-0.05096690634682856,-0.041780050581336756,-0.019680727107117053,5.0
-1.744748949789958,4.384067320159485,0.2750556073702029,-0.046034272961961574,-0.05810891439313542,-0.051085976381874135,-0.041827897198563856,-0.019676729926275508,5.0
-1.74374874974995,4.382825186470081,0.2756150268360329,-0.046185406647041675,-0.058275054563760184,-0.05120503253394385,-0.04187554623696265,-0.01967261535556633,5.0
-1.742748549709942,4.381583167629752,0.27617441192504905,-0.04633675645154397,-0.05844132963587899,-0.05132407440364774,-0.04192299780489168,-0.019668383763568827,5.0
-1.741748349669934,4.380341264110039,0.2767337623965748,-0.04648832227339059,-0.05860773931041254,-0.051443101592107285,-0.04197025201205622,-0.01966403551814519,5.0
-1.740748149629926,4.379099476379442,0.27729307801134573,-0.046640104010660564,-0.05877428328864243,-0.051562113700955,-0.042017308969496646,-0.019659570986441503,5.0
-1.739747949589918,4.37785780490345,0.2778523585314978,-0.04679210156158871,-0.05894096127220774,-0.051681110332334065,-0.04206416878957681,-0.019654990534888686,5.0
-1.73874774954991,4.3766162501445764,0.2784116037205566,-0.04694431482456453,-0.05910777296310184,-0.05180009108889738,-0.042110831585972106,-0.019650294529203374,5.0
-1.737747549509902,4.375374812562372,0.2789708133434248,-0.04709674369813115,-0.05927471806366887,-0.051919055573807105,-0.04215729747365799,-0.019645483334388737,5.0
-1.736747349469894,4.374133492613453,0.279529987166367,-0.047249388080984105,-0.059441796276600616,-0.052038003390733924,-0.042203566568898225,-0.019640557314735314,5.0
-1.735747149429886,4.372892290751516,0.2800891249569945,-0.04740224787197045,-0.059609007304933105,-0.05215693414385639,-0.04224963898923329,-0.0196355168338218,5.0
-1.734746949389878,4.371651207427357,0.28064822648424936,-0.047555322970087584,-0.05977635085204321,-0.05227584743786017,-0.04229551485346878,-0.019630362254515848,5.0
-1.73374674934987,4.370410243088876,0.2812072915183858,-0.0477086132744821,-0.05994382662164543,-0.052394742877937245,-0.042341194281663885,-0.01962509393897488,5.0
-1.732746549309862,4.369169398181091,0.28176631983095335,-0.0478621186844489,-0.060111434317788655,-0.05251362006978535,-0.0423866773951201,-0.01961971224864702,5.0
-1.731746349269854,4.3679286731461495,0.28232531119477583,-0.048015839099430094,-0.06027917364485296,-0.05263247861960717,-0.0424319643163698,-0.019614217544271915,5.0
-1.730746149229846,4.36668806842333,0.2828842653839327,-0.04816977441901395,-0.06044704430754612,-0.052751318134109604,-0.042477055169165126,-0.01960861018588181,5.0
-1.729745949189838,4.365447584449051,0.2834431821737393,-0.04832392454293392,-0.06061504601090082,-0.05287013822050325,-0.04252195007846682,-0.019602890532802553,5.0
-1.72874574914983,4.364207221656873,0.28400206134072703,-0.0484782893710676,-0.060783178460271155,-0.05298893848650167,-0.042566649170433214,-0.019597058943654818,5.0
-1.727745549109822,4.362966980477507,0.2845609026626223,-0.048632868803435855,-0.060951441361329836,-0.05310771854032083,-0.04261115257240965,-0.01959111577635531,5.0
-1.726745349069814,4.361726861338815,0.28511970591832847,-0.048787662740201944,-0.06111983442006508,-0.053226477990678665,-0.042655460412917685,-0.019585061388118205,5.0
-1.725745149029806,4.360486864665818,0.2856784708879059,-0.048942671081670455,-0.061288357342777544,-0.053345216446794554,-0.042699572821644625,-0.019578896135456606,5.0
-1.724744948989798,4.359246990880701,0.28623719735255326,-0.04909789372828662,-0.06145700983607758,-0.053463933518388934,-0.042743489929433255,-0.019572620374184186,5.0
-1.72374474894979,4.3580072404028245,0.28679588509459103,-0.049253330580635295,-0.06162579160688219,-0.0535826288156829,-0.04278721186827168,-0.019566234459416892,5.0
-1.722744548909782,4.3567676136487306,0.28735453389744464,-0.04940898153944027,-0.06179470236241246,-0.05370130194939812,-0.04283073877128331,-0.019559738745574803,5.0
-1.721744348869774,4.355528111032156,0.2879131435456285,-0.04956484650556346,-0.06196374181019066,-0.053819952530756436,-0.04287407077271716,-0.019553133586384136,5.0
-1.720744148829766,4.354288732964046,0.28847171382473313,-0.049720925380004076,-0.062132909658037666,-0.053938580171479886,-0.04291720800793808,-0.01954641933487927,5.0
-1.719743948789758,4.353049479852572,0.2890302445214115,-0.04987721806389792,-0.06230220561407038,-0.05405718448379049,-0.042960150613417424,-0.019539596343404925,5.0
-1.7187437487497499,4.351810352103148,0.28958873542336916,-0.05003372445851672,-0.06247162938669902,-0.05417576508041038,-0.04300289872672365,-0.019532664963618475,5.0
-1.7177435487097419,4.3505713501184555,0.29014718631935343,-0.05019044446526733,-0.06264118068462485,-0.05429432157456177,-0.04304545248651321,-0.019525625546492228,5.0
-1.7167433486697339,4.349332474298463,0.2907055969991445,-0.05034737798569109,-0.06281085921683749,-0.05441285357996709,-0.04308781203252146,-0.019518478442315836,5.0
-1.7157431486297259,4.348093725040458,0.2912639672535496,-0.050504524921463186,-0.06298066469261279,-0.0545313607108491,-0.04312997750555384,-0.0195112240006988,5.0
-1.7147429485897179,4.346855102739074,0.29182229687439687,-0.05066188517439192,-0.06315059682151018,-0.05464984258193112,-0.043171949047477134,-0.019503862570572933,5.0
-1.7137427485497099,4.345616607786317,0.29238058565453107,-0.05081945864641801,-0.06332065531337036,-0.054768298808437206,-0.04321372680121063,-0.019496394500194827,5.0
-1.7127425485097019,4.344378240571606,0.2929388333878103,-0.05097724523961405,-0.06349083987831318,-0.05488672900609229,-0.04325531091071766,-0.01948882013714844,5.0
-1.7117423484696939,4.343140001481801,0.29349703986910264,-0.05113524485618363,-0.06366115022673509,-0.05500513279112256,-0.04329670152099709,-0.019481139828347524,5.0
-1.7107421484296859,4.341901890901245,0.2940552048942869,-0.05129345739846091,-0.06383158606930706,-0.055123509780255674,-0.04333789877807497,-0.019473353920038208,5.0
-1.7097419483896779,4.340663909211796,0.2946133282602489,-0.051451882768909586,-0.06400214711697189,-0.05524185959072088,-0.043378902828995924,-0.0194654627578013,5.0
-1.7087417483496699,4.339426056792863,0.29517140976488304,-0.051610520870122537,-0.06417283308094254,-0.055360181840249455,-0.04341971382181507,-0.019457466686554813,5.0
-1.7077415483096618,4.338188334021454,0.29572944920709116,-0.051769371604820806,-0.06434364367269928,-0.05547847614707474,-0.04346033190558955,-0.019449366050556215,5.0
-1.7067413482696538,4.336950741272199,0.2962874463867835,-0.05192843487585294,-0.06451457860398754,-0.05559674212993231,-0.04350075723037029,-0.01944116119340466,5.0
-1.7057411482296458,4.335713278917398,0.29684540110487767,-0.05208771058619417,-0.0646856375868156,-0.05571497940806026,-0.04354098994719372,-0.01943285245804325,5.0
-1.7047409481896378,4.334475947327053,0.29740331316329843,-0.052247198638945544,-0.06485682033345212,-0.055833187601199194,-0.043581030208073565,-0.019424440186761052,5.0
-1.7037407481496298,4.333238746868902,0.2979611823649774,-0.052406898937333246,-0.06502812655642397,-0.055951366329592404,-0.04362087816599252,-0.019415924721195108,5.0
-1.7027405481096218,4.332001677908455,0.29851900851385166,-0.05256681138470753,-0.06519955596851358,-0.056069515213985816,-0.04366053397489404,-0.019407306402332365,5.0
-1.7017403480696138,4.330764740809019,0.29907679141486077,-0.05272693588454187,-0.06537110828275665,-0.05618763387562805,-0.04369999778967399,-0.01939858557051146,5.0
-1.7007401480296058,4.329527935931737,0.299634530873945,-0.052887272340432064,-0.06554278321243953,-0.056305721936270266,-0.043739269766172414,-0.019389762565424448,5.0
-1.6997399479895978,4.328291263635609,0.30019222669804135,-0.05304782065609519,-0.06571458047109689,-0.056423779018166226,-0.043778350061165254,-0.019380837726118434,5.0
-1.6987397479495898,4.327054724277517,0.30074987869507835,-0.05320858073536862,-0.0658864997725091,-0.05654180474407197,-0.043817238832356005,-0.019371811390997095,5.0
-1.6977395479095818,4.325818318212246,0.30130748667397095,-0.05336955248220911,-0.06605854083069972,-0.05665979873724584,-0.04385593623836748,-0.019362683897822214,5.0
-1.6967393478695738,4.324582045792511,0.30186505044461326,-0.05353073580069161,-0.06623070335993289,-0.05677776062144807,-0.043894442438733444,-0.01935345558371498,5.0
-1.6957391478295658,4.3233459073689655,0.3024225698178714,-0.053692130595008346,-0.06640298707471097,-0.056895690020940755,-0.043932757593890454,-0.019344126785157442,5.0
-1.6947389477895578,4.322109903290223,0.30298004460557404,-0.05385373676946768,-0.06657539168977167,-0.05701358656048743,-0.04397088186516943,-0.019334697837993697,5.0
-1.6937387477495498,4.320874033902868,0.3035374746205031,-0.05401555422849307,-0.06674791692008575,-0.05713144986535294,-0.04400881541478753,-0.019325169077431183,5.0
-1.6927385477095418,4.319638299551466,0.30409485967638406,-0.054177582876622075,-0.06692056248085425,-0.05724927956130306,-0.04404655840583986,-0.019315540838041892,5.0
-1.6917383476695338,4.31840270057857,0.3046521995878732,-0.05433982261850515,-0.06709332808750604,-0.05736707527460421,-0.044084111002291336,-0.019305813453763535,5.0
-1.690738147629526,4.317167237324736,0.3052094941705461,-0.05450227335890479,-0.0672662134556954,-0.057484836632023355,-0.0441214733689685,-0.019295987257900767,5.0
-1.689737947589518,4.315931910128521,0.30576674324088626,-0.054664935002694266,-0.06743921830129927,-0.05760256326082738,-0.044158645671551436,-0.01928606258312631,5.0
-1.68873774754951,4.31469671932649,0.30632394661627127,-0.054827807454856804,-0.06761234234041487,-0.057720254788783135,-0.04419562807656573,-0.01927603976148218,5.0
-1.687737547509502,4.313461665253221,0.3068811041149601,-0.054990890620484505,-0.06778558528935727,-0.05783791084415705,-0.04423242075137454,-0.019265919124380887,5.0
-1.686737347469494,4.31222674824131,0.3074382155560796,-0.05515418440477743,-0.06795894686465707,-0.057955531055714986,-0.04426902386417071,-0.019255701002606648,5.0
-1.685737147429486,4.31099196862137,0.3079952807596118,-0.055317688713042615,-0.06813242678305789,-0.05807311505272202,-0.044305437583968814,-0.019245385726316656,5.0
-1.684736947389478,4.309757326722039,0.3085522995463805,-0.05548140345069332,-0.06830602476151418,-0.058190662464942304,-0.04434166208059763,-0.019234973625042395,5.0
-1.68373674734947,4.308522822869979,0.30910927173803915,-0.055645328523247925,-0.06847974051718896,-0.05830817292263895,-0.044377697524692304,-0.019224465027690887,5.0
-1.682736547309462,4.307288457389885,0.30966619715705757,-0.0558094638363295,-0.06865357376745161,-0.05842564605657397,-0.0444135440876869,-0.019213860262546185,5.0
-1.681736347269454,4.306054230604487,0.31022307562671064,-0.05597380929566459,-0.06882752422987563,-0.058543081498008215,-0.044449201941806835,-0.01920315965727069,5.0
-1.680736147229446,4.304820142834554,0.31077990697106694,-0.05613836480708291,-0.06900159162223685,-0.05866047887870135,-0.04448467126006152,-0.019192363538906663,5.0
-1.679735947189438,4.303586194398907,0.31133669101497763,-0.05630313027651632,-0.06917577566251096,-0.058777837830911825,-0.044519952216236995,-0.019181472233877662,5.0
-1.67873574714943,4.302352385614421,0.3118934275840674,-0.05646810560999848,-0.06935007606887193,-0.058895157987397216,-0.04455504498488882,-0.019170486067990163,5.0
-1.677735547109422,4.301118716796037,0.31245011650472415,-0.05663329071366402,-0.06952449255968995,-0.059012438981414,-0.04458994974133473,-0.01915940536643506,5.0
-1.676735347069414,4.2998851882567735,0.31300675760409113,-0.056798685493748086,-0.06969902485352952,-0.059129680446717896,-0.04462466666164785,-0.019148230453789307,5.0
-1.675735147029406,4.298651800307734,0.3135633507100588,-0.05696428985658591,-0.06987367266914774,-0.05924688201756388,-0.044659195922649414,-0.01913696165401755,5.0
-1.674734946989398,4.297418553258126,0.314119895651258,-0.057130103708612136,-0.0700484357254924,-0.05936404332870649,-0.04469353770190204,-0.01912559929047377,5.0
-1.67373474694939,4.29618544741527,0.3146763922570525,-0.057296126956360466,-0.07022331374170036,-0.059481164015399914,-0.0447276921777028,-0.01911414368590296,5.0
-1.672734546909382,4.294952483084617,0.31523284035753474,-0.05746235950646327,-0.07039830643709591,-0.05959824371339833,-0.04476165952907647,-0.019102595162442792,5.0
-1.671734346869374,4.293719660569763,0.31578923978351847,-0.0576288012656511,-0.07057341353118886,-0.05971528205895599,-0.04479543993576871,-0.019090954041625367,5.0
-1.670734146829366,4.292486980172465,0.31634559036653503,-0.0577954521407523,-0.07074863474367311,-0.05983227868882743,-0.0448290335782395,-0.019079220644378843,5.0
-1.669733946789358,4.2912544421926615,0.31690189193882806,-0.057962312038692676,-0.07092396979442496,-0.05994923324026783,-0.04486244063765643,-0.019067395291029174,5.0
-1.66873374674935,4.290022046928486,0.3174581443333495,-0.058129380866495106,-0.07109941840350141,-0.06006614535103309,-0.044895661295888095,-0.019055478301301783,5.0
-1.667733546709342,4.288789794676284,0.3180143473837556,-0.05829665853127919,-0.0712749802911387,-0.060183014659380044,-0.04492869573549764,-0.01904346999432322,5.0
-1.666733346669334,4.287557685730634,0.3185705009244021,-0.05846414494026076,-0.07145065517775058,-0.06029984080406665,-0.044961544139736166,-0.01903137068862289,5.0
-1.665733146629326,4.286325720384358,0.31912660479034044,-0.058631840000751806,-0.0716264427839269,-0.06041662342435231,-0.04499420669253636,-0.019019180702134673,5.0
-1.664732946589318,4.285093898928546,0.3196826588173134,-0.05879974362015977,-0.07180234283043174,-0.060533362159997724,-0.04502668357850599,-0.019006900352198552,5.0
-1.66373274654931,4.283862221652566,0.3202386628417504,-0.058967855705987414,-0.0719783550382021,-0.060650056651265334,-0.045058974982921544,-0.018994529955562278,5.0
-1.662732546509302,4.28263068884408,0.3207946167007636,-0.05913617616583226,-0.07215447912834601,-0.06076670653891927,-0.045091081091721864,-0.01898206982838298,5.0
-1.661732346469294,4.281399300789063,0.32135052023214195,-0.059304704907386346,-0.07233071482214122,-0.06088331146422547,-0.045123002091501885,-0.018969520286228784,5.0
-1.660732146429286,4.280168057771812,0.32190637327434696,-0.059473441838435614,-0.0725070618410333,-0.06099987106895187,-0.0451547381695063,-0.01895688164408039,5.0
-1.659731946389278,4.278936960074958,0.3224621756665072,-0.05964238686685979,-0.07268351990663427,-0.06111638499536838,-0.045186289513623454,-0.01894415421633274,5.0
-1.65873174634927,4.277706007979483,0.3230179272484109,-0.05981153990063155,-0.07286008874072067,-0.061232852886247045,-0.045217656312379055,-0.01893133831679651,5.0
-1.657731546309262,4.276475201764725,0.3235736278605016,-0.0599809008478164,-0.07303676806523236,-0.06134927438486195,-0.04524883875493014,-0.018918434258699834,5.0
-1.656731346269254,4.275244541708396,0.3241292773438711,-0.06015046961657207,-0.07321355760227047,-0.06146564913498951,-0.0452798370310589,-0.018905442354689828,5.0
-1.6557311462292459,4.274014028086582,0.32468487554025255,-0.06032024611514797,-0.07339045707409599,-0.061581976780908244,-0.04531065133116677,-0.018892362916834226,5.0
-1.6547309461892379,4.2727836611737615,0.325240422292014,-0.060490230251884824,-0.0735674662031281,-0.061698256967399126,-0.04534128184626851,-0.018879196256623074,5.0
-1.6537307461492299,4.271553441242808,0.32579591744215136,-0.06066042193521417,-0.07374458471194259,-0.06181448933974543,-0.04537172876798617,-0.018865942684970306,5.0
-1.6527305461092219,4.270323368564999,0.3263513608342817,-0.060830821073657726,-0.07392181232327012,-0.06193067354373303,-0.0454019922885435,-0.018852602512215478,5.0
-1.6517303460692139,4.269093443410031,0.32690675231263544,-0.061001427575826994,-0.07409914875999482,-0.062046809225650174,-0.04543207260076001,-0.018839176048125402,5.0
-1.6507301460292059,4.267863666046017,0.3274620917220507,-0.061172241350422776,-0.07427659374515255,-0.0621628960322879,-0.04546196989804541,-0.01882566360189593,5.0
-1.6497299459891979,4.266634036739502,0.3280173789079661,-0.061343262306234554,-0.07445414700192947,-0.062278933610940085,-0.045491684374394,-0.018812065482153664,5.0
-1.6487297459491899,4.265404555755473,0.32857261371641455,-0.06151449035214016,-0.07463180825366028,-0.062394921609403485,-0.04552121622437918,-0.018798381996957745,5.0
-1.6477295459091819,4.2641752233573635,0.3291277959940171,-0.06168592539710505,-0.07480957722382706,-0.06251085967597812,-0.045550565643148,-0.01878461345380167,5.0
-1.6467293458691739,4.262946039807068,0.3296829255879777,-0.06185756735018208,-0.07498745363605745,-0.06262674745946728,-0.04557973282641574,-0.01877076015961506,5.0
-1.6457291458291659,4.261717005364951,0.33023800234607736,-0.062029416120510765,-0.07516543721412339,-0.06274258460917792,-0.04560871797046067,-0.018756822420765512,5.0
-1.6447289457891578,4.2604881202898595,0.3307930261166707,-0.06220147161731697,-0.07534352768193955,-0.06285837077492075,-0.04563752127211879,-0.01874280054306047,5.0
-1.6437287457491498,4.259259384839136,0.33134799674868143,-0.06237373374991241,-0.07552172476356205,-0.06297410560701074,-0.04566614292877879,-0.018728694831749097,5.0
-1.6427285457091418,4.258030799268629,0.3319029140915984,-0.06254620242769417,-0.07570002818318694,-0.06308978875626714,-0.04569458313837672,-0.018714505591524124,5.0
-1.6417283456691338,4.256802363832713,0.3324577779954732,-0.06271887756014421,-0.07587843766514897,-0.06320541987401407,-0.045722842099391155,-0.018700233126523726,5.0
-1.6407281456291258,4.255574078784301,0.33301258831091796,-0.06289175905682906,-0.07605695293392012,-0.06332099861208068,-0.04575092001083815,-0.018685877740333375,5.0
-1.6397279455891178,4.254345944374864,0.33356734488910317,-0.06306484682739927,-0.0762355737141084,-0.06343652462280162,-0.04577881707226623,-0.018671439735987762,5.0
-1.6387277455491098,4.253117960854445,0.3341220475817561,-0.06323814078158899,-0.07641429973045646,-0.06355199755901719,-0.045806533483751515,-0.01865691941597252,5.0
-1.6377275455091018,4.251890128471679,0.33467669624116125,-0.06341164082921558,-0.07659313070784043,-0.06366741707407399,-0.045834069445892946,-0.01864231708222614,5.0
-1.6367273454690938,4.250662447473809,0.3352312907201582,-0.06358534688017925,-0.07677206637126843,-0.06378278282182503,-0.045861425159807255,-0.018627633036141684,5.0
-1.6357271454290858,4.249434918106712,0.33578583087214214,-0.06375925884446246,-0.07695110644587946,-0.06389809445663018,-0.04588860082712427,-0.018612867578568552,5.0
-1.6347269453890778,4.248207540614911,0.3363403165510638,-0.06393337663212968,-0.07713025065694212,-0.06401335163335659,-0.0459155966499821,-0.018598021009814187,5.0
-1.6337267453490698,4.246980315241598,0.33689474761142935,-0.0641077001533269,-0.07730949872985328,-0.06412855400737873,-0.04594241283102216,-0.01858309362964571,5.0
-1.6327265453090618,4.245753242228655,0.3374491239083008,-0.06428222931828106,-0.07748885039013682,-0.06424370123457904,-0.04596904957338467,-0.018568085737291514,5.0
-1.6317263452690538,4.244526321816668,0.3380034452972951,-0.06445696403729972,-0.07766830536344221,-0.0643587929713478,-0.045995507080703525,-0.018552997631442802,5.0
-1.6307261452290458,4.243299554244951,0.3385577116345858,-0.06463190422077071,-0.07784786337554365,-0.06447382887458393,-0.046021785557101846,-0.018537829610255144,5.0
-1.6297259451890378,4.242072939751559,0.33911192277690066,-0.06480704977916135,-0.07802752415233818,-0.0645888086016946,-0.046047885207186764,-0.0185225819713498,5.0
-1.6287257451490298,4.2408464785733075,0.3396660785815217,-0.06498240062301824,-0.07820728741984477,-0.0647037318105959,-0.04607380623604497,-0.018507255011815157,5.0
-1.6277255451090218,4.2396201709457895,0.34022017890628403,-0.06515795666296666,-0.07838715290420285,-0.06481859815971273,-0.04609954884923774,-0.01849184902820805,5.0
-1.6267253450690138,4.238394017103387,0.34077422360957377,-0.06533371780970984,-0.07856712033167076,-0.06493340730797895,-0.04612511325279603,-0.01847636431655497,5.0
-1.6257251450290058,4.237168017279283,0.34132821255032597,-0.06550968397402882,-0.07874718942862477,-0.06504815891483759,-0.04615049965321588,-0.018460801172353304,5.0
-1.6247249449889978,4.235942171705481,0.34188214558802166,-0.0656858550667816,-0.07892735992155733,-0.06516285264024076,-0.04617570825745335,-0.018445159890572507,5.0
-1.6237247449489898,4.234716480612804,0.34243602258268446,-0.0658622309989024,-0.07910763153707559,-0.06527748814464975,-0.046200739272919775,-0.018429440765655166,5.0
-1.6227245449089818,4.233490944230917,0.3429898433948753,-0.06603881168140145,-0.07928800400190034,-0.06539206508903499,-0.04622559290747693,-0.01841364409151812,5.0
-1.6217243448689738,4.232265562788322,0.343543607885689,-0.06621559702536411,-0.07946847704286414,-0.06550658313487602,-0.04625026936943224,-0.018397770161553473,5.0
-1.6207241448289658,4.231040336512367,0.34409731591674786,-0.06639258694195031,-0.07964905038691016,-0.06562104194416143,-0.04627476886753397,-0.018381819268629664,5.0
-1.6197239447889578,4.2298152656292585,0.3446509673501959,-0.0665697813423938,-0.07982972376109061,-0.06573544117938897,-0.04629909161096644,-0.018365791705092442,5.0
-1.6187237447489498,4.228590350364053,0.3452045620486921,-0.06674718013800164,-0.08001049689256498,-0.06584978050356514,-0.04632323780934519,-0.01834968776276582,5.0
-1.6177235447089418,4.227365590940669,0.3457580998754033,-0.06692478324015347,-0.08019136950859916,-0.06596405958020553,-0.04634720767271245,-0.01833350773295317,5.0
-1.6167233446689337,4.226140987581881,0.3463115806939957,-0.0671025905603008,-0.0803723413365633,-0.06607827807333433,-0.046371001411532234,-0.018317251906438105,5.0
-1.6157231446289257,4.224916540509327,0.34686500436862844,-0.06728060200996629,-0.08055341210393079,-0.06619243564748437,-0.04639461923668582,-0.018300920573485563,5.0
-1.6147229445889177,4.2236922499434995,0.3474183707639444,-0.06745881750074327,-0.0807345815382766,-0.06630653196769735,-0.04641806135946722,-0.018284514023842804,5.0
-1.6137227445489097,4.222468116103751,0.3479716797450615,-0.06763723694429478,-0.08091584936727596,-0.06642056669952341,-0.04644132799157852,-0.018268032546740448,5.0
-1.6127225445089017,4.221244139208291,0.3485249311775654,-0.06781586025235327,-0.08109721531870275,-0.06653453950902127,-0.04646441934512547,-0.018251476430893598,5.0
-1.6117223444688937,4.220020319474184,0.34907812492749957,-0.06799468733671955,-0.08127867912042815,-0.06664845006275799,-0.04648733563261303,-0.018234845964502863,5.0
-1.6107221444288857,4.218796657117351,0.34963126086135843,-0.06817371810926237,-0.08146024050041943,-0.06676229802780943,-0.0465100770669411,-0.018218141435255606,5.0
-1.6097219443888777,4.217573152352566,0.3501843388460788,-0.06835295248191783,-0.0816418991867385,-0.06687608307175996,-0.046532643861400186,-0.018201363130327067,5.0
-1.6087217443488697,4.216349805393456,0.35073735874903167,-0.06853239036668879,-0.08182365490754065,-0.0669898048627027,-0.046555036229667286,-0.0181845113363816,5.0
-1.6077215443088617,4.215126616452506,0.3512903204380154,-0.06871203167564409,-0.0820055073910732,-0.0671034630692393,-0.04657725438580165,-0.018167586339573934,5.0
-1.6067213442688537,4.213903585741054,0.3518432237812479,-0.06889187632091817,-0.08218745636567429,-0.06721705736048064,-0.046599298544240844,-0.018150588425550482,5.0
-1.6057211442288457,4.2126807134692985,0.3523960686473621,-0.06907192421471058,-0.08236950155977173,-0.06733058740604657,-0.04662116891979661,-0.01813351787945068,5.0
-1.6047209441888377,4.2114579998463,0.3529488549053987,-0.06925217526928523,-0.08255164270188194,-0.06744405287606628,-0.04664286572765112,-0.01811637498590834,5.0
-1.6037207441488297,4.210235445079986,0.3535015824248015,-0.06943262939697024,-0.08273387952060873,-0.06755745344117864,-0.04666438918335307,-0.018099160029053103,5.0
-1.6027205441088217,4.209013049377159,0.35405425107541333,-0.0696132865101572,-0.08291621174464234,-0.06767078877253235,-0.04668573950281386,-0.018081873292511836,5.0
-1.6017203440688137,4.207790812943499,0.35460686072747216,-0.06979414652130089,-0.08309863910275817,-0.06778405854178632,-0.04670691690230387,-0.018064515059410063,5.0
-1.6007201440288057,4.206568735983581,0.3551594112516074,-0.06997520934291883,-0.08328116132381608,-0.06789726242110998,-0.04672792159844881,-0.01804708561237347,5.0
-1.5997199439887977,4.205346818700873,0.3557119025188384,-0.0701564748875909,-0.08346377813675929,-0.06801040008318367,-0.04674875380822608,-0.018029585233529336,5.0
-1.5987197439487897,4.204125061297756,0.3562643344005724,-0.07033794306795896,-0.0836464892706135,-0.0681234712011991,-0.0467694137489612,-0.018012014204508077,5.0
-1.5977195439087817,4.202903463975532,0.35681670676860267,-0.07051961379672658,-0.0838292944544859,-0.06823647544885961,-0.04678990163832429,-0.017994372806444652,5.0
-1.5967193438687737,4.20168202693444,0.3573690194951081,-0.07070148698665857,-0.08401219341756443,-0.06834941250038057,-0.046810217694326466,-0.01797666131998008,5.0
-1.5957191438287657,4.200460750373668,0.3579212724526541,-0.07088356255058069,-0.08419518588911672,-0.06846228203048986,-0.04683036213531638,-0.0179588800252628,5.0
-1.5947189437887577,4.199239634491366,0.3584734655141912,-0.07106584040137959,-0.08437827159848947,-0.06857508371442828,-0.046850335179976776,-0.0179410292019502,5.0
-1.5937187437487497,4.1980186794846635,0.3590255985530559,-0.07124832045200206,-0.08456145027510746,-0.06868781722794992,-0.04687013704732103,-0.017923109129209948,5.0
-1.5927185437087417,4.196797885549685,0.3595776714429718,-0.07143100261545526,-0.08474472164847284,-0.0688004822473226,-0.04688976795668966,-0.017905120085721354,5.0
-1.5917183436687337,4.195577252881563,0.3601296840580505,-0.07161388680480582,-0.08492808544816412,-0.06891307844932812,-0.046909228127746845,-0.017887062349676693,5.0
-1.5907181436287257,4.194356781674456,0.3606816362727914,-0.0717969729331801,-0.08511154140383542,-0.06902560551126267,-0.04692851778047702,-0.017868936198782475,5.0
-1.5897179435887177,4.193136472121561,0.36123352796208286,-0.07198026091376349,-0.08529508924521564,-0.06913806311093719,-0.04694763713518136,-0.01785074191026068,5.0
-1.5887177435487096,4.191916324415132,0.36178535900120334,-0.0721637506598002,-0.08547872870210764,-0.06925045092667764,-0.04696658641247434,-0.017832479760849944,5.0
-1.5877175435087016,4.190696338746489,0.3623371292658212,-0.07234744208459308,-0.08566245950438715,-0.06936276863732517,-0.04698536583328025,-0.017814150026806686,5.0
-1.5867173434686936,4.189476515306036,0.362888838631995,-0.07253133510150304,-0.08584628138200219,-0.06947501592223664,-0.04700397561882972,-0.017795752983906236,5.0
-1.5857171434286856,4.1882568542832725,0.36344048697617376,-0.07271542962394884,-0.08603019406497193,-0.06958719246128442,-0.04702241599065618,-0.017777288907443782,5.0
-1.5847169433886776,4.187037355866803,0.3639920741751943,-0.07289972556540668,-0.08621419728338599,-0.069699297934857,-0.0470406871705924,-0.017758758072235478,5.0
-1.5837167433486696,4.1858180202443505,0.36454360010628173,-0.07308422283940984,-0.08639829076740317,-0.06981133202385874,-0.047058789380766866,-0.0177401607526193,5.0
-1.5827165433086616,4.184598847602764,0.36509506464704705,-0.07326892135954807,-0.08658247424725081,-0.06992329440971022,-0.047076722843600365,-0.017721497222455987,5.0
-1.5817163432686536,4.183379838128026,0.36564646767548586,-0.07345382103946756,-0.08676674745322356,-0.07003518477434825,-0.04709448778180237,-0.017702767755129946,5.0
-1.5807161432286456,4.1821609920052625,0.36619780906997407,-0.07363892179287003,-0.08695111011568256,-0.07014700280022597,-0.04711208441836764,-0.01768397262355004,5.0
-1.5797159431886376,4.180942309418745,0.36674908870926487,-0.07382422353351256,-0.08713556196505419,-0.07025874817031272,-0.04712951297657241,-0.017665112100150437,5.0
-1.5787157431486296,4.179723790551897,0.367300306472486,-0.07400972617520715,-0.08732010273182941,-0.07037042056809432,-0.04714677367997128,-0.017646186456891446,5.0
-1.5777155431086216,4.178505435587297,0.3678514622391345,-0.07419542963181995,-0.0875047321465624,-0.0704820196775729,-0.04716386675239334,-0.01762719596526022,5.0
-1.5767153430686138,4.177287244706684,0.3684025558890707,-0.0743813338172709,-0.08768944993986943,-0.07059354518326665,-0.047180792417938745,-0.017608140896271534,5.0
-1.5757151430286058,4.176069218090953,0.3689535873025154,-0.07456743864553333,-0.08787425584242811,-0.07070499677021035,-0.04719755090097551,-0.017589021520468658,5.0
-1.5747149429885978,4.174851355920162,0.36950455636004204,-0.07475374403063337,-0.08805914958497625,-0.07081637412395485,-0.04721414242613585,-0.017569838107924025,5.0
-1.5737147429485898,4.173633658373527,0.37005546294257274,-0.07494024988664923,-0.08824413089831067,-0.0709276769305672,-0.04723056721831273,-0.017550590928240052,5.0
-1.5727145429085818,4.172416125629425,0.370606306931371,-0.07512695612771095,-0.0884291995132861,-0.07103890487663071,-0.04724682550265665,-0.017531280250549945,5.0
-1.5717143428685738,4.171198757865392,0.37115708820803567,-0.07531386266799973,-0.08861435516081444,-0.07115005764924487,-0.047262917504572316,-0.017511906343518506,5.0
-1.5707141428285658,4.169981555258124,0.37170780665449427,-0.0755009694217474,-0.08879959757186337,-0.07126113493602523,-0.0472788434497152,-0.017492469475342946,5.0
-1.5697139427885578,4.168764517983471,0.37225846215299824,-0.07568827630323605,-0.08898492647745578,-0.07137213642510368,-0.04729460356398856,-0.017472969913753807,5.0
-1.5687137427485498,4.167547646216442,0.3728090545861146,-0.07587578322679712,-0.08917034160866824,-0.07148306180512817,-0.047310198073540005,-0.017453407926015765,5.0
-1.5677135427085418,4.166330940131202,0.3733595838367222,-0.0760634901068115,-0.08935584269663052,-0.07159391076526309,-0.04732562720475862,-0.017433783778928624,5.0
-1.5667133426685338,4.1651143999010705,0.37391004978800374,-0.07625139685770864,-0.0895414294725244,-0.071704682995189,-0.04734089118427169,-0.01741409773882824,5.0
-1.5657131426285258,4.1638980256985265,0.3744604523234426,-0.07643950339396596,-0.08972710166758269,-0.07181537818510304,-0.04735599023894184,-0.017394350071587475,5.0
-1.5647129425885178,4.162681817695204,0.375010791326816,-0.07662780963010873,-0.08991285901308858,-0.07192599602571888,-0.047370924595863985,-0.017374541042617226,5.0
-1.5637127425485098,4.161465776061897,0.37556106668219147,-0.07681631548070968,-0.09009870124037477,-0.07203653620826707,-0.047385694482362566,-0.017354670916867494,5.0
-1.5627125425085018,4.160249900968564,0.37611127827392243,-0.07700502086038802,-0.09028462808082222,-0.07214699842449492,-0.04740030012598843,-0.01733473995882837,5.0
-1.5617123424684938,4.159034192584327,0.3766614259866445,-0.07719392568380973,-0.09047063926585996,-0.07225738236666712,-0.04741474175451646,-0.017314748432531217,5.0
-1.5607121424284858,4.157818651077483,0.3772115097052717,-0.07738302986568671,-0.09065673452696398,-0.07236768772756556,-0.04742901959594236,-0.01729469660154968,5.0
-1.5597119423884778,4.1566032766155026,0.3777615293149953,-0.07757233332077668,-0.09084291359565662,-0.0724779142004899,-0.04744313387848042,-0.0172745847290009,5.0
-1.5587117423484698,4.155388069365042,0.37831148470128056,-0.07776183596388259,-0.09102917620350569,-0.07258806147925782,-0.047457084830560395,-0.017254413077546594,5.0
-1.5577115423084618,4.154173029491948,0.3788613757498651,-0.07795153770985253,-0.091215522082124,-0.07269812925820508,-0.047470872680825296,-0.017234181909394165,5.0
-1.5567113422684538,4.152958157161267,0.37941120234675824,-0.07814143847357902,-0.0914019509631685,-0.0728081172321861,-0.04748449765812845,-0.01721389148629786,5.0
-1.5557111422284458,4.151743452537256,0.37996096437824,-0.07833153816999931,-0.0915884625783398,-0.07291802509657419,-0.047497959991531245,-0.017193542069559975,5.0
-1.5547109421884378,4.150528915783391,0.38051066173086057,-0.07852183671409459,-0.09177505665938171,-0.07302785254726195,-0.04751125991030036,-0.0171731339200319,5.0
-1.5537107421484297,4.149314547062376,0.3810602942914407,-0.07871233402088973,-0.09196173293807983,-0.07313759928066128,-0.04752439764390529,-0.017152667298115182,5.0
-1.5527105421084217,4.148100346536159,0.3816098619470719,-0.07890303000545318,-0.09214849114626197,-0.07324726499370415,-0.047537373422015916,-0.017132142463762753,5.0
-1.5517103420684137,4.146886314365937,0.3821593645851166,-0.07909392458289655,-0.09233533101579687,-0.07335684938384258,-0.04755018747449995,-0.017111559676479895,5.0
-1.5507101420284057,4.1456724507121745,0.3827088020932092,-0.07928501766837433,-0.09252225227859383,-0.07346635214904926,-0.04756284003142038,-0.0170909191953253,5.0
-1.5497099419883977,4.14445875573461,0.383258174359256,-0.07947630917708368,-0.09270925466660204,-0.07357577298781745,-0.04757533132303314,-0.017070221278912112,5.0
-1.5487097419483897,4.143245229592271,0.3838074812714375,-0.07966779902426406,-0.09289633791181015,-0.07368511159916179,-0.047587661579784425,-0.017049466185408844,5.0
-1.5477095419083817,4.142031872443483,0.38435672271820676,-0.0798594871251969,-0.09308350174624529,-0.07379436768261789,-0.047599831032308304,-0.01702865417254038,5.0
-1.5467093418683737,4.140818684445884,0.38490589858829166,-0.08005137339520527,-0.09327074590197273,-0.07390354093824332,-0.04761183991142416,-0.017007785497588804,5.0
-1.5457091418283657,4.13960566575643,0.38545500877069466,-0.08024345774965368,-0.09345807011109519,-0.07401263106661728,-0.04762368844813424,-0.016986860417394355,5.0
-1.5447089417883577,4.138392816531412,0.38600405315469244,-0.08043574010394747,-0.093645474105752,-0.07412163776884087,-0.047635376873621044,-0.01696587918835616,5.0
-1.5437087417483497,4.137180136926457,0.38655303162983634,-0.08062822037353284,-0.09383295761811877,-0.0742305607465376,-0.04764690541924491,-0.016944842066433125,5.0
-1.5427085417083417,4.135967627096545,0.38710194408595044,-0.08082089847389591,-0.09402052038040618,-0.07433939970185299,-0.04765827431654124,-0.016923749307144527,5.0
-1.5417083416683337,4.134755287196012,0.3876507904131323,-0.08101377432056281,-0.09420816212485975,-0.07444815433745519,-0.047669483797218214,-0.016902601165570907,5.0
-1.5407081416283257,4.133543117378556,0.3881995705017514,-0.08120684782909912,-0.09439588258375892,-0.07455682435653485,-0.04768053409315414,-0.016881397896354712,5.0
-1.5397079415883177,4.132331117797247,0.38874828424244506,-0.08140011891510932,-0.09458368148941627,-0.07466540946280514,-0.04769142543639491,-0.016860139753700883,5.0
-1.5387077415483097,4.13111928860453,0.3892969315261185,-0.08159358749423641,-0.09477155857417667,-0.07477390936050198,-0.047702158059151366,-0.016838826991377544,5.0
-1.5377075415083017,4.129907629952226,0.389845512243942,-0.08178725348216152,-0.09495951357041688,-0.07488232375438386,-0.047712732193796854,-0.016817459862716645,5.0
-1.5367073414682937,4.128696141991542,0.39039402628734643,-0.08198111679460333,-0.09514754621054415,-0.07499065234973198,-0.047723148072864624,-0.016796038620614514,5.0
-1.5357071414282857,4.127484824873068,0.39094247354802125,-0.0821751773473176,-0.09533565622699612,-0.07509889485235033,-0.04773340592904533,-0.016774563517532474,5.0
-1.5347069413882777,4.126273678746779,0.3914908539179095,-0.0823694350560966,-0.09552384335223935,-0.07520705096856554,-0.047743505995184544,-0.01675303480549741,5.0
-1.5337067413482697,4.125062703762042,0.39203916728920435,-0.08256388983676868,-0.09571210731876895,-0.07531512040522698,-0.04775344850428009,-0.01673145273610234,5.0
-1.5327065413082617,4.123851900067608,0.3925874135543451,-0.08275854160519776,-0.09590044785910766,-0.07542310286970659,-0.047763233689479705,-0.016709817560507042,5.0
-1.5317063412682537,4.122641267811617,0.39313559260601144,-0.08295339027728273,-0.09608886470580488,-0.07553099806989913,-0.04777286178407862,-0.016688129529438576,5.0
-1.5307061412282457,4.121430807141596,0.39368370433711936,-0.0831484357689569,-0.09627735759143614,-0.07563880571422196,-0.047782333021517,-0.01666638889319193,5.0
-1.5297059411882377,4.12022051820446,0.39423174864081606,-0.0833436779961875,-0.09646592624860195,-0.07574652551161508,-0.047791647635377583,-0.016644595901630577,5.0
-1.5287057411482297,4.1190104011465065,0.39477972541047635,-0.08353911687497528,-0.0966545704099274,-0.07585415717154134,-0.04780080585938347,-0.016622750804187198,5.0
-1.5277055411082217,4.117800456113422,0.3953276345396956,-0.08373475232135383,-0.09684328980806117,-0.07596170040398618,-0.04780980792739557,-0.016600853849864174,5.0
-1.5267053410682137,4.1165906832502746,0.39587547592228667,-0.08393058425138884,-0.09703208417567458,-0.07606915491945779,-0.04781865407341046,-0.01657890528723437,5.0
-1.5257051410282056,4.11538108270152,0.3964232494522744,-0.08412661258117825,-0.09722095324546146,-0.07617652042898734,-0.047827344531558146,-0.016556905364441772,5.0
-1.5247049409881976,4.114171654610994,0.3969709550238915,-0.08432283722685105,-0.0974098967501367,-0.07628379664412897,-0.04783587953609977,-0.01653485432920219,5.0
-1.5237047409481896,4.11296239912192,0.3975185925315748,-0.0845192581045674,-0.09759891442243632,-0.07639098327695973,-0.047844259321425525,-0.01651275242880399,5.0
-1.5227045409081816,4.111753316376906,0.39806616186996047,-0.0847158751305178,-0.09778800599511617,-0.07649808004008009,-0.04785248412205251,-0.016490599910108823,5.0
-1.5217043408681736,4.110544406517946,0.3986136629338813,-0.08491268822092267,-0.09797717120095178,-0.07660508664661371,-0.047860554172622576,-0.01646839701955237,5.0
-1.5207041408281656,4.109335669686428,0.3991610956183631,-0.08510969729203191,-0.09816640977273738,-0.0767120028102079,-0.047868469707900395,-0.01644614400314518,5.0
-1.5197039407881576,4.108127106023127,0.3997084598186221,-0.08530690226012477,-0.09835572144328544,-0.07681882824503365,-0.04787623096277133,-0.016423841106473398,5.0
-1.5187037407481496,4.106918715668217,0.4002557554300623,-0.08550430304150906,-0.09854510594542633,-0.07692556266578601,-0.04788383817223952,-0.016401488574699596,5.0
-1.5177035407081416,4.105710498761276,0.4008029823482736,-0.08570189955252105,-0.09873456301200752,-0.07703220578768415,-0.047891291571425916,-0.01637908665256359,5.0
-1.5167033406681336,4.104502455441284,0.40135014046903056,-0.08589969170952513,-0.09892409237589325,-0.0771387573264718,-0.047898591395566445,-0.016356635584383244,5.0
-1.5157031406281256,4.103294585846637,0.4018972296882903,-0.08609767942891318,-0.09911369376996393,-0.07724521699841738,-0.047905737880009854,-0.01633413561405527,5.0
-1.5147029405881176,4.102086890115149,0.402444249902193,-0.0862958626271046,-0.09930336692711594,-0.07735158452031449,-0.04791273126021611,-0.016311586985056102,5.0
-1.5137027405481096,4.100879368384059,0.40299120100706004,-0.08649424122054583,-0.0994931115802608,-0.07745785960948194,-0.04791957177175439,-0.016288989940442627,5.0
-1.5127025405081016,4.099672020790043,0.403538082899394,-0.08669281512571007,-0.09968292746232522,-0.07756404198376436,-0.04792625965030125,-0.016266344722853016,5.0
-1.5117023404680936,4.098464847469217,0.40408489547587906,-0.08689158425909692,-0.09987281430625017,-0.07767013136153209,-0.047932795131638714,-0.01624365157450749,5.0
-1.5107021404280856,4.0972578485571525,0.4046316386333813,-0.08709054853723229,-0.10006277184499093,-0.07777612746168189,-0.04793917845165258,-0.01622091073720906,5.0
-1.5097019403880776,4.096051024188879,0.4051783122689478,-0.08728970787666795,-0.10025279981151644,-0.07788203000363693,-0.04794540984633041,-0.016198122452344334,5.0
-1.5087017403480696,4.094844374498894,0.40572491627980956,-0.08748906219398135,-0.10044289793880912,-0.07798783870734731,-0.04795148955175983,-0.01617528696088416,5.0
-1.5077015403080616,4.0936378996211795,0.4062714505633796,-0.08768861140577536,-0.10063306595986428,-0.07809355329329012,-0.0479574178041265,-0.0161524045033843,5.0
-1.5067013402680536,4.0924315996892,0.4068179150172543,-0.08788835542867816,-0.10082330360768982,-0.07819917348246999,-0.04796319483971244,-0.01612947531998617,5.0
-1.5057011402280456,4.091225474835919,0.40736430953921426,-0.08808829417934244,-0.10101361061530587,-0.07830469899641895,-0.047968820894893995,-0.016106499650417352,5.0
-1.5047009401880376,4.090019525193804,0.407910634027224,-0.08828842757444595,-0.10120398671574454,-0.07841012955719692,-0.047974296206140105,-0.01608347773399228,5.0
-1.5037007401480296,4.088813750894839,0.4084568883794326,-0.08848875553069051,-0.10139443164204902,-0.07851546488739186,-0.04797962101001029,-0.016060409809612743,5.0
-1.5027005401080216,4.087608152070528,0.4090030724941732,-0.0886892779648023,-0.10158494512727399,-0.07862070471012,-0.04798479554315279,-0.016037296115768446,5.0
-1.5017003400680136,4.086402728851904,0.4095491862699625,-0.08888999479353099,-0.10177552690448431,-0.07872584874902586,-0.047989820042302594,-0.01601413689053747,5.0
-1.5007001400280056,4.085197481369537,0.4100952296055012,-0.08909090593365011,-0.10196617670675526,-0.07883089672828247,-0.04799469474427962,-0.01599093237158677,5.0
-1.4996999399879976,4.083992409753536,0.4106412023996721,-0.0892920113019562,-0.10215689426717176,-0.07893584837259168,-0.047999419885986654,-0.015967682796172607,5.0
-1.4986997399479896,4.0827875141335594,0.4111871045515396,-0.08949331081526885,-0.10234767931882806,-0.07904070340718389,-0.048003995704407415,-0.01594438840114095,5.0
-1.4976995399079815,4.081582794638817,0.4117329359603473,-0.08969480439043022,-0.1025385315948272,-0.07914546155781832,-0.048008422436604685,-0.015921049422927852,5.0
-1.4966993398679735,4.080378251398072,0.4122786965255177,-0.08989649194430498,-0.10272945082828071,-0.07925012255078329,-0.048012700319718216,-0.01589766609755991,5.0
-1.4956991398279655,4.079173884539649,0.4128243861466475,-0.09009837339377934,-0.10292043675230757,-0.0793546861128956,-0.04801682959096278,-0.015874238660654443,5.0
-1.4946989397879575,4.077969694191434,0.4133700047235072,-0.09030044865576142,-0.10311148910003431,-0.0794591519715013,-0.04802081048762622,-0.01585076734742003,5.0
-1.4936987397479495,4.076765680480873,0.4139155521560388,-0.09050271764718072,-0.10330260760459455,-0.07956351985447539,-0.04802464324706761,-0.015827252392656737,5.0
-1.4926985397079415,4.075561843534981,0.41446102834434984,-0.09070518028498753,-0.10349379199912788,-0.07966778949022152,-0.04802832810671505,-0.015803694030756432,5.0
-1.4916983396679335,4.074358183480335,0.4150064331887123,-0.09090783648615273,-0.10368504201677994,-0.07977196060767251,-0.048031865304063844,-0.015780092495703196,5.0
-1.4906981396279255,4.073154700443081,0.41555176658955956,-0.0911106861676676,-0.10387635739070178,-0.07987603293629013,-0.04803525507667466,-0.01575644802107358,5.0
-1.4896979395879175,4.071951394548928,0.41609702844748053,-0.09131372924654318,-0.10406773785404898,-0.07998000620606482,-0.04803849766217143,-0.015732760840036938,5.0
-1.4886977395479095,4.070748265923153,0.41664221866321743,-0.09151696563981015,-0.1042591831399817,-0.08008388014751616,-0.0480415932982395,-0.01570903118535583,5.0
-1.4876975395079015,4.069545314690597,0.4171873371376618,-0.09172039526451838,-0.10445069298166389,-0.0801876544916924,-0.04804454222262386,-0.015685259289386327,5.0
-1.4866973394678935,4.0683425409756655,0.4177323837718502,-0.09192401803773657,-0.10464226711226271,-0.08029132897017086,-0.048047344673127095,-0.015661445384078383,5.0
-1.4856971394278855,4.0671399449023315,0.4182773584669598,-0.09212783387655198,-0.10483390526494814,-0.08039490331505747,-0.04805000088760776,-0.01563758970097624,5.0
-1.4846969393878775,4.065937526594128,0.4188222611243063,-0.09233184269807006,-0.10502560717289287,-0.08049837725898726,-0.04805251110397844,-0.015613692471218832,5.0
-1.4836967393478695,4.064735286174155,0.4193670916453385,-0.09253604441941417,-0.10521737256927118,-0.08060175053512397,-0.048054875560203984,-0.015589753925540175,5.0
-1.4826965393078615,4.063533223765076,0.41991184993163483,-0.09274043895772519,-0.10540920118725898,-0.08070502287716043,-0.048057094494299867,-0.015565774294269856,5.0
-1.4816963392678535,4.062331339489119,0.42045653588490195,-0.09294502623016143,-0.10560109276003347,-0.08080819401931841,-0.048059168144330415,-0.015541753807333466,5.0
-1.4806961392278455,4.061129633468076,0.4210011494069693,-0.09314980615389803,-0.10579304702077226,-0.08091126369634856,-0.04806109674840703,-0.015517692694253056,5.0
-1.4796959391878375,4.059928105823311,0.42154569039978756,-0.09335477864612703,-0.1059850637026535,-0.08101423164353085,-0.048062880544686735,-0.015493591184147688,5.0
-1.4786957391478295,4.0587267566757514,0.42209015876542566,-0.09355994362405688,-0.10617714253885516,-0.08111709759667433,-0.04806451977137041,-0.015469449505733913,5.0
-1.4776955391078215,4.057525586145902,0.4226345544060689,-0.09376530100491229,-0.10636928326255507,-0.08121986129211739,-0.048066014666701344,-0.01544526788732632,5.0
-1.4766953390678135,4.056324594353839,0.4231788772240159,-0.09397085070593401,-0.1065614856069301,-0.08132252246672778,-0.048067365468963445,-0.01542104655683805,5.0
-1.4756951390278055,4.055123781419219,0.4237231271216788,-0.09417659264437868,-0.1067537493051564,-0.08142508085790295,-0.048068572416479945,-0.015396785741781391,5.0
-1.4746949389877975,4.0539231474612825,0.42426730400157986,-0.09438252673751842,-0.10694607409040863,-0.0815275362035699,-0.048069635747611715,-0.015372485669268299,5.0
-1.4736947389477895,4.0527226925988575,0.424811407766352,-0.09458865290264079,-0.10713845969586001,-0.08162988824218541,-0.0480705557007559,-0.015348146566010976,5.0
-1.4726945389077815,4.051522416950365,0.4253554383187374,-0.09479497105704862,-0.10733090585468194,-0.08173213671273638,-0.0480713325143443,-0.015323768658322431,5.0
-1.4716943388677735,4.050322320633827,0.4258993955615864,-0.09500148111805991,-0.1075234123000438,-0.08183428135473976,-0.04807196642684207,-0.015299352172117076,5.0
-1.4706941388277655,4.049122403766871,0.4264432793978579,-0.09520818300300732,-0.10771597876511259,-0.08193632190824277,-0.048072457676746096,-0.015274897332911236,5.0
-1.4696939387877574,4.047922666466737,0.42698708973061944,-0.09541507662923857,-0.10790860498305296,-0.08203825811382313,-0.048072806502583734,-0.015250404365823748,5.0
-1.4686937387477494,4.046723108850285,0.42753082646304624,-0.09562216191411556,-0.10810129068702658,-0.08214008971258915,-0.048073013142911195,-0.015225873495576457,5.0
-1.4676935387077414,4.045523731034002,0.4280744894984223,-0.09582943877501497,-0.10829403561019232,-0.08224181644617974,-0.04807307783631229,-0.015201304946494791,5.0
-1.4666933386677334,4.044324533134011,0.4286180787401401,-0.09603690712932735,-0.10848683948570566,-0.08234343805676468,-0.048073000821396795,-0.015176698942508234,5.0
-1.4656931386277254,4.043125515266073,0.42916159409170124,-0.09624456689445758,-0.10867970204671869,-0.0824449542870449,-0.048072782336799284,-0.015152055707150872,5.0
-1.4646929385877174,4.041926677545601,0.4297050354567161,-0.0964524179878244,-0.10887262302637982,-0.08254636488025226,-0.04807242262117749,-0.015127375463561816,5.0
-1.4636927385477096,4.040728020087662,0.4302484027389045,-0.09666046032686033,-0.10906560215783366,-0.08264766958014995,-0.04807192191321096,-0.015102658434485739,5.0
-1.4626925385077016,4.039529543006988,0.43079169584209565,-0.09686869382901118,-0.10925863917422027,-0.0827488681310322,-0.04807128045159958,-0.015077904842273204,5.0
-1.4616923384676936,4.03833124641798,0.43133491467022816,-0.09707711841173634,-0.10945173380867544,-0.0828499602777248,-0.04807049847506219,-0.01505311490888118,5.0
-1.4606921384276856,4.037133130434716,0.43187805912734983,-0.09728573399250813,-0.10964488579433014,-0.08295094576558482,-0.04806957622233505,-0.01502828885587339,5.0
-1.4596919383876776,4.035935195170955,0.4324211291176169,-0.09749454048881179,-0.10983809486431029,-0.0830518243405006,-0.04806851393217046,-0.015003426904420695,5.0
-1.4586917383476696,4.034737440740144,0.43296412454529404,-0.09770353781814532,-0.11003136075173649,-0.08315259574889217,-0.048067311843335396,-0.014978529275301463,5.0
-1.4576915383076616,4.0335398672554215,0.4335070453147531,-0.09791272589801882,-0.11022468318972345,-0.08325325973771075,-0.04806597019460975,-0.014953596188901864,5.0
-1.4566913382676536,4.032342474829625,0.4340498913304721,-0.09812210464595478,-0.11041806191137993,-0.08335381605443895,-0.04806448922478515,-0.014928627865216253,5.0
-1.4556911382276456,4.031145263575294,0.43459266249703354,-0.09833167397948728,-0.11061149664980814,-0.08345426444709073,-0.04806286917266338,-0.014903624523847418,5.0
-1.4546909381876376,4.029948233604666,0.43513535871912373,-0.09854143381616198,-0.11080498713810372,-0.08355460466421144,-0.048061110277054966,-0.014878586384006923,5.0
-1.4536907381476296,4.028751385029692,0.43567797990152984,-0.09875138407353566,-0.11099853310935495,-0.0836548364548775,-0.04805921277677766,-0.014853513664515348,5.0
-1.4526905381076216,4.027554717962029,0.436220525949138,-0.09896152466917608,-0.11119213429664265,-0.08375495956869648,-0.048057176910655086,-0.014828406583802588,5.0
-1.4516903380676136,4.026358232513047,0.43676299676693153,-0.09917185552066138,-0.11138579043303948,-0.0838549737558071,-0.04805500291751508,-0.01480326535990811,5.0
-1.4506901380276056,4.025161928793828,0.4373053922599873,-0.09938237654557973,-0.11157950125160974,-0.08395487876687878,-0.048052691036188505,-0.014778090210481227,5.0
-1.4496899379875976,4.023965806915166,0.437847712333474,-0.09959308766152915,-0.11177326648540893,-0.08405467435311201,-0.04805024150550762,-0.014752881352781369,5.0
-1.4486897379475896,4.022769866987571,0.43838995689264887,-0.09980398878611704,-0.11196708586748319,-0.08415436026623792,-0.048047654564304806,-0.014727639003678343,5.0
-1.4476895379075816,4.021574109121267,0.43893212584285424,-0.10001507983695972,-0.11216095913086903,-0.08425393625851825,-0.04804493045141112,-0.014702363379652627,5.0
-1.4466893378675736,4.020378533426193,0.43947421908951484,-0.10022636073168215,-0.1123548860085929,-0.0843534020827454,-0.048042069405654905,-0.014677054696795623,5.0
-1.4456891378275656,4.019183140012001,0.44001623653813415,-0.10043783138791743,-0.1125488662336707,-0.0844527574922421,-0.048039071665860474,-0.014651713170809988,5.0
-1.4446889377875576,4.01798792898806,0.4405581780942913,-0.10064949172330644,-0.11274289953910718,-0.0845520022408615,-0.048035937470846744,-0.014626339017009897,5.0
-1.4436887377475496,4.016792900463453,0.441100043663638,-0.10086134165549733,-0.11293698565789569,-0.08465113608298691,-0.04803266705942581,-0.014600932450321373,5.0
-1.4426885377075416,4.015598054546978,0.44164183315189537,-0.10107338110214524,-0.11313112432301786,-0.08475015877353186,-0.04802926067040192,-0.014575493685282614,5.0
-1.4416883376675336,4.014403391347148,0.4421835464648508,-0.10128560998091211,-0.1133253152674432,-0.08484907006794029,-0.04802571854257004,-0.01455002293604437,5.0
-1.4406881376275256,4.013208910972192,0.44272518350835455,-0.10149802820946566,-0.11351955822412838,-0.08494786972218597,-0.04802204091471453,-0.014524520416370222,5.0
-1.4396879375875176,4.012014613530054,0.4432667441883178,-0.10171063570547959,-0.11371385292601739,-0.08504655749277285,-0.0480182280256082,-0.014498986339637032,5.0
-1.4386877375475096,4.010820499128398,0.4438082284107094,-0.10192343238663298,-0.11390819910604069,-0.08514513313673497,-0.0480142801140109,-0.014473420918835285,5.0
-1.4376875375075016,4.009626567874607,0.44434963608155287,-0.10213641817060978,-0.11410259649711507,-0.0852435964116364,-0.04801019741866841,-0.014447824366569467,5.0
-1.4366873374674936,4.008432819875782,0.4448909671069255,-0.10234959297509864,-0.11429704483214342,-0.0853419470755714,-0.048005980178311355,-0.014422196895058515,5.0
-1.4356871374274855,4.007239255238754,0.44543222139295546,-0.10256295671779253,-0.11449154384401436,-0.08544018488716433,-0.0480016286316541,-0.014396538716136198,5.0
-1.4346869373874775,4.006045874070073,0.44597339884582,-0.10277650931638807,-0.11468609326560175,-0.08553830960556964,-0.04799714301739349,-0.014370850041251548,5.0
-1.4336867373474695,4.004852676476024,0.44651449937174487,-0.10299025068858579,-0.11488069282976483,-0.08563632099047222,-0.0479925235742081,-0.014345131081469304,5.0
-1.4326865373074615,4.003659662562623,0.4470555228770014,-0.10320418075208909,-0.11507534226934729,-0.08573421880208704,-0.04798777054075673,-0.014319382047470297,5.0
-1.4316863372674535,4.002466832435627,0.4475964692679069,-0.10341829942460441,-0.11527004131717784,-0.08583200280115963,-0.047982884155677835,-0.01429360314955196,5.0
-1.4306861372274455,4.001274186200532,0.44813733845082343,-0.10363260662384077,-0.11546478970606934,-0.08592967274896607,-0.047977864657588125,-0.01426779459762868,5.0
-1.4296859371874375,4.000081723962583,0.44867813033215614,-0.10384710226750937,-0.11565958716881877,-0.08602722840731285,-0.04797271228508173,-0.01424195660123224,5.0
-1.4286857371474295,3.9988894458267783,0.44921884481835395,-0.1040617862733233,-0.11585443343820723,-0.08612466953853727,-0.047967427276729105,-0.014216089369512278,5.0
-1.4276855371074215,3.9976973518978753,0.44975948181590925,-0.10427665855899738,-0.11604932824699941,-0.08622199590550748,-0.047962009871076114,-0.01419019311123665,5.0
-1.4266853370674135,3.9965054422803954,0.4503000412313567,-0.10449171904224758,-0.11624427132794353,-0.08631920727162247,-0.04795646030664289,-0.014164268034791839,5.0
-1.4256851370274055,3.99531371707863,0.450840522971274,-0.104706967640791,-0.11643926241377094,-0.08641630340081223,-0.04795077882192287,-0.014138314348183332,5.0
-1.4246849369873975,3.9941221763966475,0.45138092694228116,-0.10492240427234531,-0.11663430123719645,-0.08651328405753796,-0.047944965655381845,-0.014112332259036008,5.0
-1.4236847369473895,3.9929308203383,0.45192125305104075,-0.10513802885462865,-0.11682938753091753,-0.08661014900679197,-0.04793902104545689,-0.014086321974594451,5.0
-1.4226845369073815,3.9917396490072266,0.45246150120425827,-0.10535384130535931,-0.11702452102761453,-0.08670689801409799,-0.0479329452305553,-0.014060283701723332,5.0
-1.4216843368673735,3.9905486625068645,0.4530016713086811,-0.1055698415422552,-0.11721970145995025,-0.08680353084551104,-0.04792673844905367,-0.014034217646907671,5.0
-1.4206841368273655,3.9893578609404505,0.45354176327109935,-0.10578602948303385,-0.11741492856056976,-0.08690004726761771,-0.04792040093929681,-0.014008124016253152,5.0
-1.4196839367873575,3.9881672444110285,0.4540817769983445,-0.10600240504541178,-0.11761020206210035,-0.08699644704753597,-0.047913932939596594,-0.013982003015486365,5.0
-1.4186837367473495,3.9869768130214545,0.45462171239728943,-0.1062189681471045,-0.11780552169715117,-0.08709272995291545,-0.04790733468823105,-0.013955854849955101,5.0
-1.4176835367073415,3.985786566874401,0.45516156937484864,-0.10643571870582587,-0.11800088719831295,-0.08718889575193735,-0.047900606423443216,-0.013929679724628542,5.0
-1.4166833366673335,3.9845965060723634,0.4557013478379762,-0.10665265663928793,-0.11819629829815792,-0.08728494421331445,-0.047893748383440043,-0.013903477844097475,5.0
-1.4156831366273255,3.9834066307176643,0.456241047693666,-0.10686978186520062,-0.11839175472923968,-0.0873808751062913,-0.04788676080639144,-0.013877249412574514,5.0
-1.4146829365873175,3.9822169409124566,0.45678066884894997,-0.10708709430127118,-0.11858725622409251,-0.08747668820064393,-0.047879643930428935,-0.013850994633894229,5.0
-1.4136827365473095,3.9810274367587266,0.45732021121089633,-0.10730459386520402,-0.11878280251523156,-0.08757238326668004,-0.04787239799364488,-0.013824713711513335,5.0
-1.4126825365073015,3.9798381183582987,0.45785967468660915,-0.10752228047470018,-0.11897839333515228,-0.08766796007523889,-0.04786502323409107,-0.013798406848510808,5.0
-1.4116823364672935,3.9786489858128364,0.4583990591832258,-0.10774015404745724,-0.11917402841633047,-0.08776341839769125,-0.04785751988977783,-0.013772074247588072,5.0
-1.4106821364272855,3.9774600392238475,0.45893836460791526,-0.10795821450116845,-0.11936970749122168,-0.0878587580059394,-0.04784988819867275,-0.013745716111069055,5.0
-1.4096819363872775,3.976271278692682,0.45947759086787593,-0.10817646175352282,-0.11956543029226113,-0.08795397867241715,-0.04784212839869966,-0.013719332640900356,5.0
-1.4086817363472695,3.975082704320537,0.4600167378703337,-0.10839489572220445,-0.11976119655186337,-0.08804908017008957,-0.047834240727737516,-0.013692924038651308,5.0
-1.4076815363072614,3.9738943162084586,0.4605558055225385,-0.10861351632489226,-0.11995700600242189,-0.08814406227245296,-0.04782622542361922,-0.013666490505514148,5.0
-1.4066813362672534,3.972706114457339,0.46109479373176315,-0.1088323234792595,-0.1201528583763091,-0.08823892475353495,-0.04781808272413057,-0.013640032242304078,5.0
-1.4056811362272454,3.9715180991679198,0.46163370240529894,-0.10905131710297339,-0.12034875340587567,-0.08833366738789443,-0.047809812867009194,-0.013613549449459382,5.0
-1.4046809361872374,3.9703302704407952,0.4621725314504551,-0.10927049711369481,-0.12054469082345065,-0.08842828995062113,-0.04780141608994334,-0.01358704232704156,5.0
-1.4036807361472294,3.969142628376408,0.4627112807745533,-0.10948986342907768,-0.12074067036134095,-0.08852279221733604,-0.04779289263057094,-0.013560511074735425,5.0
-1.4026805361072214,3.967955173075053,0.46324995028492666,-0.10970941596676877,-0.12093669175183105,-0.08861717396419083,-0.04778424272647839,-0.01353395589184923,5.0
-1.4016803360672134,3.966767904636876,0.46378853988891644,-0.10992915464440718,-0.12113275472718264,-0.08871143496786824,-0.04777546661519957,-0.013507376977314807,5.0
-1.4006801360272054,3.965580823161877,0.4643270494938692,-0.11014907937962419,-0.12132885901963486,-0.08880557500558175,-0.047766564534214864,-0.013480774529687725,5.0
-1.3996799359871974,3.964393928749908,0.46486547900713404,-0.11036919009004242,-0.12152500436140352,-0.08889959385507559,-0.04775753672094997,-0.013454148747147423,5.0
-1.3986797359471894,3.963207221500676,0.4654038283360596,-0.11058948669327619,-0.12172119048468116,-0.08899349129462493,-0.04774838341277512,-0.013427499827497379,5.0
-1.3976795359071814,3.962020701513744,0.4659420973879919,-0.11080996910693026,-0.12191741712163662,-0.08908726710303527,-0.047739104847003784,-0.01340082796816528,5.0
-1.3966793358671734,3.9608343688885297,0.46648028607027237,-0.11103063724860023,-0.122113684004415,-0.08918092105964309,-0.047729701260891974,-0.01337413336620322,5.0
-1.3956791358271654,3.9596482237243125,0.4670183942902344,-0.11125149103587184,-0.12230999086513751,-0.08927445294431542,-0.04772017289163709,-0.013347416218287894,5.0
-1.3946789357871574,3.9584622661202316,0.4675564219552021,-0.11147253038632061,-0.12250633743590096,-0.08936786253744979,-0.04771051997637697,-0.013320676720720773,5.0
-1.3936787357471494,3.9572764961752886,0.46809436897248774,-0.11169375521751174,-0.122702723448778,-0.08946114961997456,-0.04770074275218912,-0.013293915069428352,5.0
-1.3926785357071414,3.956090913988353,0.4686322352493908,-0.11191516544699964,-0.12289914863581668,-0.08955431397334866,-0.04769084145608961,-0.013267131459962365,5.0
-1.3916783356671334,3.9549055196581624,0.4691700206931958,-0.11213676099232785,-0.12309561272904064,-0.08964735537956178,-0.04768081632503225,-0.01324032608749999,5.0
-1.3906781356271254,3.9537203132833283,0.46970772521117116,-0.11235854177102829,-0.12329211546044848,-0.08974027362113417,-0.047670667595907684,-0.013213499146844084,5.0
-1.3896779355871174,3.9525352949623382,0.47024534871056756,-0.11258050770062145,-0.12348865656201408,-0.08983306848111677,-0.047660395505542415,-0.013186650832423433,5.0
-1.3886777355471094,3.9513504647935616,0.470782891098618,-0.11280265869861601,-0.12368523576568625,-0.08992573974309144,-0.04765000029069804,-0.013159781338292972,5.0
-1.3876775355071014,3.950165822875253,0.47132035228253466,-0.11302499468250833,-0.12388185280338879,-0.09001828719117057,-0.04763948218807026,-0.01313289085813399,5.0
-1.3866773354670934,3.9489813693055575,0.4718577321695113,-0.11324751556978259,-0.12407850740702021,-0.09011071060999754,-0.04762884143428808,-0.013105979585254402,5.0
-1.3856771354270854,3.9477971041825155,0.4723950306667195,-0.11347022127791027,-0.12427519930845397,-0.0902030097847465,-0.04761807826591297,-0.01307904771258896,5.0
-1.3846769353870774,3.9466130276040694,0.4729322476813107,-0.11369311172434995,-0.124471928239538,-0.09029518450112241,-0.04760719291943786,-0.013052095432699445,5.0
-1.3836767353470694,3.9454291396680667,0.47346938312041337,-0.11391618682654714,-0.12466869393209493,-0.09038723454536113,-0.04759618563128636,-0.013025122937774893,5.0
-1.3826765353070614,3.944245440472267,0.47400643689113425,-0.11413944650193392,-0.12486549611792169,-0.09047915970422947,-0.04758505663781184,-0.012998130419631795,5.0
-1.3816763352670534,3.943061930114348,0.4745434089005566,-0.11436289066792882,-0.12506233452878976,-0.090570959765025,-0.047573806175296565,-0.012971118069714281,5.0
-1.3806761352270454,3.941878608691908,0.4750802990557419,-0.11458651924193666,-0.125259208896445,-0.09066263451557625,-0.04756243447995091,-0.012944086079094294,5.0
-1.3796759351870374,3.9406954763024755,0.47561710726372675,-0.11481033214134805,-0.12545611895260744,-0.09075418374424263,-0.04755094178791228,-0.012917034638471752,5.0
-1.3786757351470293,3.9395125330435117,0.4761538334315245,-0.11503432928353932,-0.12565306442897126,-0.09084560723991435,-0.04753932833524436,-0.012889963938174693,5.0
-1.3776755351070213,3.938329779012418,0.47669047746612325,-0.11525851058587229,-0.12585004505720476,-0.09093690479201251,-0.04752759435793614,-0.012862874168159443,5.0
-1.3766753350670133,3.9371472143065382,0.4772270392744855,-0.11548287596569395,-0.12604706056895013,-0.0910280761904889,-0.047515740091901126,-0.01283576551801068,5.0
-1.3756751350270053,3.935964839023166,0.4777635187635481,-0.11570742534033614,-0.12624411069582323,-0.09111912122582595,-0.04750376577297614,-0.012808638176941596,5.0
-1.3746749349869973,3.9347826532595476,0.47829991584021964,-0.11593215862711533,-0.12644119516941393,-0.09121003968903667,-0.047491671636920745,-0.01278149233379396,5.0
-1.3736747349469893,3.9336006571128865,0.4788362304113817,-0.11615707574333262,-0.1266383137212856,-0.0913008313716648,-0.04747945791941611,-0.012754328177038244,5.0
-1.3726745349069813,3.9324188506803495,0.4793724623838848,-0.11638217660627283,-0.12683546608297472,-0.09139149606578417,-0.04746712485606413,-0.012727145894773632,5.0
-1.3716743348669733,3.931237234059066,0.4799086116645501,-0.11660746113320485,-0.12703265198599142,-0.09148203356399909,-0.047454672682386415,-0.012699945674728161,5.0
-1.3706741348269653,3.930055807346137,0.4804446781601642,-0.11683292924138097,-0.12722987116181875,-0.09157244365944404,-0.047442101633823494,-0.012672727704258688,5.0
-1.3696739347869573,3.9288745706386323,0.480980661777481,-0.11705858084803669,-0.12742712334191283,-0.09166272614578332,-0.047429411945733725,-0.012645492170351021,5.0
-1.3686737347469493,3.9276935240335975,0.481516562423217,-0.1172844158703903,-0.1276244082577023,-0.09175288081721114,-0.04741660385339238,-0.012618239259619884,5.0
-1.3676735347069413,3.9265126676280544,0.4820523800040506,-0.1175104342256428,-0.1278217256405886,-0.09184290746845146,-0.04740367759199079,-0.012590969158309024,5.0
-1.3666733346669333,3.9253320015190036,0.48258811442661986,-0.11773663583097728,-0.1280190752219455,-0.09193280589475769,-0.04739063339663527,-0.012563682052291192,5.0
-1.3656731346269253,3.924151525803427,0.4831237655975194,-0.11796302060355875,-0.12821645673311896,-0.0920225758919126,-0.04737747150234628,-0.012536378127068216,5.0
-1.3646729345869173,3.9229712405782897,0.4836593334232984,-0.11818958846053375,-0.12841386990542683,-0.09211221725622805,-0.04736419214405737,-0.012509057567770977,5.0
-1.3636727345469093,3.92179114594054,0.48419481781045803,-0.11841633931903005,-0.12861131447015878,-0.09220172978454486,-0.047350795556614395,-0.012481720559159519,5.0
-1.3626725345069013,3.9206112419871113,0.4847302186654496,-0.11864327309615626,-0.12880879015857613,-0.09229111327423266,-0.04733728197477443,-0.012454367285623033,5.0
-1.3616723344668933,3.9194315288149246,0.4852655358946696,-0.11887038970900142,-0.1290062967019115,-0.09238036752318947,-0.047323651633204976,-0.012426997931179937,5.0
-1.3606721344268853,3.91825200652089,0.4858007694044602,-0.11909768907463486,-0.12920383383136874,-0.0924694923298419,-0.04730990476648301,-0.012399612679477897,5.0
-1.3596719343868773,3.9170726752019065,0.4863359191011037,-0.1193251711101057,-0.12940140127812277,-0.09255848749314473,-0.047296041609094085,-0.012372211713793917,5.0
-1.3586717343468693,3.9158935349548645,0.4868709848908214,-0.1195528357324426,-0.12959899877331932,-0.09264735281258069,-0.04728206239543144,-0.012344795217034361,5.0
-1.3576715343068613,3.9147145858766463,0.48740596667976976,-0.11978068285865318,-0.1297966260480746,-0.09273608808816032,-0.04726796735979512,-0.012317363371735059,5.0
-1.3566713342668533,3.91353582806413,0.4879408643740394,-0.12000871240572399,-0.1299942828334751,-0.09282469312042188,-0.04725375673639109,-0.012289916360061378,5.0
-1.3556711342268453,3.9123572616141886,0.48847567787965157,-0.12023692429062006,-0.13019196886057804,-0.0929131677104311,-0.047239430759330465,-0.012262454363808316,5.0
-1.3546709341868373,3.9111788866236936,0.4890104071025556,-0.12046531843028446,-0.1303896838604105,-0.09300151165978095,-0.04722498966262858,-0.012234977564400585,5.0
-1.3536707341468293,3.910000703189516,0.48954505194862724,-0.12069389474163832,-0.13058742756396963,-0.09308972477059171,-0.04721043368020429,-0.012207486142892751,5.0
-1.3526705341068213,3.9088227114085314,0.49007961232366587,-0.12092265314158,-0.13078519970222235,-0.09317780684551068,-0.04719576304587896,-0.012179980279969303,5.0
-1.3516703340668133,3.9076449113776204,0.49061408813339297,-0.12115159354698542,-0.13098300000610547,-0.09326575768771195,-0.047180977993375915,-0.012152460155944789,5.0
-1.3506701340268052,3.906467303193673,0.49114847928344946,-0.12138071587470715,-0.13118082820652513,-0.09335357710089652,-0.047166078756319355,-0.012124925950763943,5.0
-1.3496699339867975,3.905289886953591,0.491682785679394,-0.12161002004157451,-0.13137868403435723,-0.09344126488929187,-0.0471510655682338,-0.01209737784400181,5.0
-1.3486697339467895,3.904112662754292,0.4922170072267028,-0.12183950596439325,-0.13157656722044705,-0.0935288208576521,-0.04713593866254328,-0.012069816014863878,5.0
-1.3476695339067815,3.9029356306927148,0.4927511438307657,-0.12206917355994511,-0.13177447749560908,-0.0936162448112576,-0.04712069827257041,-0.012042240642186189,5.0
-1.3466693338667735,3.9017587908658213,0.49328519539688725,-0.12229902274498777,-0.13197241459062714,-0.09370353655591518,-0.047105344631535824,-0.012014651904435509,5.0
-1.3456691338267655,3.9005821433706034,0.4938191618302827,-0.12252905343625435,-0.13217037823625422,-0.09379069589795762,-0.047089877972557245,-0.0119870499797094,5.0
-1.3446689337867574,3.8994056883040864,0.49435304303608013,-0.12275926555045341,-0.13236836816321246,-0.09387772264424397,-0.047074298528648924,-0.011959435045736403,5.0
-1.3436687337467494,3.898229425763333,0.49488683891931634,-0.12298965900426855,-0.1325663841021931,-0.09396461660215912,-0.047058606532720655,-0.011931807279876134,5.0
-1.3426685337067414,3.897053355845452,0.49542054938493757,-0.12322023371435796,-0.13276442578385617,-0.09405137757961365,-0.047042802217577104,-0.011904166859119365,5.0
-1.3416683336667334,3.895877478647598,0.4959541743377981,-0.12345098959735476,-0.13296249293883078,-0.09413800538504404,-0.04702688581591718,-0.011876513960088188,5.0
-1.3406681336267254,3.894701794266983,0.4964877136826591,-0.1236819265698662,-0.13316058529771513,-0.09422449982741225,-0.04701085756033304,-0.011848848759036102,5.0
-1.3396679335867174,3.8935263028008773,0.497021167324188,-0.12391304454847363,-0.13335870259107604,-0.09431086071620584,-0.046994717683309546,-0.011821171431848038,5.0
-1.3386677335467094,3.8923510043466174,0.49755453516695697,-0.12414434344973217,-0.13355684454944913,-0.09439708786143751,-0.04697846641722325,-0.011793482154040509,5.0
-1.3376675335067014,3.8911758990016097,0.49808781711544303,-0.12437582319017054,-0.1337550109033388,-0.09448318107364514,-0.04696210399434177,-0.011765781100761635,5.0
-1.3366673334666934,3.890000986863336,0.4986210130740267,-0.1246074836862909,-0.13395320138321834,-0.09456914016389177,-0.04694563064682309,-0.011738068446791244,5.0
-1.3356671334266854,3.888826268029361,0.49915412294699085,-0.12483932485456838,-0.1341514157195292,-0.0946549649437652,-0.04692904660671452,-0.01171034436654085,5.0
-1.3346669333866774,3.887651742597334,0.49968714663851904,-0.12507134661145095,-0.13434965364268175,-0.09474065522537803,-0.04691235210595213,-0.011682609034053725,5.0
-1.3336667333466694,3.8864774106649977,0.5002200840526959,-0.12530354887335923,-0.13454791488305487,-0.0948262108213672,-0.04689554737635978,-0.011654862623004905,5.0
-1.3326665333066614,3.8853032723301903,0.5007529350935023,-0.1255359315566858,-0.1347461991709953,-0.09491163154489406,-0.04687863264964828,-0.011627105306701182,5.0
-1.3316663332666534,3.88412932769085,0.5012856996648188,-0.12576849457779565,-0.13494450623681867,-0.09499691720964396,-0.04686160815741478,-0.011599337258081125,5.0
-1.3306661332266454,3.8829555768450215,0.5018183776704204,-0.12600123785302503,-0.13514283581080835,-0.09508206762982627,-0.046844474131141706,-0.011571558649715053,5.0
-1.3296659331866374,3.8817820198908577,0.502350969013976,-0.12623416129868195,-0.13534118762321595,-0.09516708262017388,-0.046827230802196015,-0.011543769653805,5.0
-1.3286657331466294,3.880608656926625,0.502883473599047,-0.12646726483104542,-0.135539561404261,-0.09525196199594319,-0.046809878401828445,-0.0115159704421847,5.0
-1.3276655331066214,3.879435488050707,0.5034158913290843,-0.12670054836636518,-0.13573795688413084,-0.09533670557291364,-0.04679241716117248,-0.011488161186319545,5.0
-1.3266653330666134,3.8782625133616078,0.5039482221074272,-0.12693401182086142,-0.1359363737929803,-0.09542131316738754,-0.04677484731124358,-0.011460342057306493,5.0
-1.3256651330266054,3.877089732957954,0.5044804658373002,-0.12716765511072456,-0.13613481186093201,-0.09550578459618997,-0.04675716908293842,-0.01143251322587409,5.0
-1.3246649329865974,3.8759171469385003,0.5050126224218113,-0.12740147815211467,-0.13633327081807586,-0.09559011967666815,-0.046739382707033914,-0.011404674862382362,5.0
-1.3236647329465894,3.8747447554021295,0.5055446917639493,-0.12763548086116142,-0.13653175039446885,-0.09567431822669142,-0.046721488414186364,-0.011376827136822774,5.0
-1.3226645329065814,3.873572558447857,0.5060766737665815,-0.12786966315396375,-0.13673025032013525,-0.09575838006465093,-0.046703486434930726,-0.01134897021881818,5.0
-1.3216643328665734,3.8724005561748336,0.5066085683324493,-0.12810402494658898,-0.13692877032506584,-0.09584230500945919,-0.04668537699967959,-0.011321104277622736,5.0
-1.3206641328265654,3.871228748682346,0.5071403753641691,-0.12833856615507325,-0.13712731013921864,-0.09592609288054992,-0.046667160338722494,-0.011293229482121891,5.0
-1.3196639327865574,3.8700571360698204,0.5076720947642253,-0.12857328669542054,-0.13732586949251782,-0.09600974349787761,-0.04664883668222498,-0.011265346000832269,5.0
-1.3186637327465494,3.8688857184368257,0.5082037264349698,-0.1288081864836025,-0.1375244481148541,-0.09609325668191736,-0.046630406260227714,-0.011237454001901685,5.0
-1.3176635327065414,3.8677144958830745,0.5087352702786193,-0.12904326543555827,-0.1377230457360841,-0.09617663225366439,-0.04661186930264585,-0.01120955365310905,5.0
-1.3166633326665333,3.866543468508425,0.5092667261972508,-0.1292785234671939,-0.13792166208603093,-0.09625987003463397,-0.046593226039268,-0.011181645121864375,5.0
-1.3156631326265253,3.865372636412886,0.509798094092801,-0.12951396049438205,-0.13812029689448332,-0.09634296984686092,-0.04657447669975551,-0.011153728575208691,5.0
-1.3146629325865173,3.864201999696617,0.5103293738670621,-0.12974957643296195,-0.13831894989119603,-0.09642593151289955,-0.046555621513641746,-0.01112580417981408,5.0
-1.3136627325465093,3.863031558459932,0.5108605654216778,-0.12998537119873835,-0.13851762080588884,-0.09650875485582286,-0.04653666071033106,-0.01109787210198356,5.0
-1.3126625325065013,3.8618613128033017,0.5113916686581429,-0.13022134470748165,-0.1387163093682474,-0.09659143969922272,-0.046517594519098183,-0.011069932507651137,5.0
-1.3116623324664933,3.8606912628273578,0.5119226834777989,-0.13045749687492772,-0.13891501530792233,-0.09667398586720945,-0.0464984231690874,-0.011041985562381802,5.0
-1.3106621324264853,3.859521408632894,0.5124536097818336,-0.13069382761677698,-0.13911373835452973,-0.09675639318441148,-0.04647914688931181,-0.011014031431371488,5.0
-1.3096619323864773,3.858351750320873,0.5129844474712745,-0.13093033684869457,-0.1393124782376503,-0.09683866147597513,-0.046459765908652466,-0.01098607027944707,5.0
-1.3086617323464693,3.8571822879924245,0.5135151964469918,-0.13116702448630987,-0.13951123468682988,-0.09692079056756417,-0.04644028045585765,-0.010958102271066387,5.0
-1.3076615323064613,3.856013021748856,0.5140458566096914,-0.13140389044521614,-0.13971000743157905,-0.09700278028535966,-0.04642069075954223,-0.010930127570318238,5.0
-1.3066613322664533,3.854843951691651,0.5145764278599154,-0.13164093464096993,-0.13990879620137292,-0.09708463045605971,-0.04640099704818682,-0.010902146340922401,5.0
-1.3056611322264453,3.8536750779224778,0.5151069100980381,-0.13187815698909125,-0.1401076007256511,-0.0971663409068791,-0.046381199550136955,-0.010874158746229599,5.0
-1.3046609321864373,3.85250640054319,0.5156373032242655,-0.13211555740506295,-0.1403064207338176,-0.09724791146554915,-0.0463612984936026,-0.010846164949221568,5.0
-1.3036607321464293,3.851337919655834,0.5161676071386324,-0.13235313580433034,-0.14050525595524108,-0.0973293419603171,-0.04634129410665707,-0.010818165112511016,5.0
-1.3026605321064213,3.850169635362654,0.5166978217410003,-0.13259089210230107,-0.1407041061192538,-0.09741063221994636,-0.04632118661723662,-0.010790159398341647,5.0
-1.3016603320664133,3.849001547766096,0.5172279469310567,-0.13282882621434497,-0.14090297095515286,-0.09749178207371585,-0.04630097625313958,-0.010762147968588157,5.0
-1.3006601320264053,3.847833656968811,0.5177579826083113,-0.13306693805579306,-0.1411018501921988,-0.09757279135141958,-0.04628066324202557,-0.010734130984756238,5.0
-1.2996599319863973,3.846665963073665,0.5182879286720963,-0.1333052275419379,-0.14130074355961633,-0.0976536598833668,-0.046260247811414794,-0.010706108607982554,5.0
-1.2986597319463893,3.8454984661837406,0.5188177850215634,-0.13354369458803314,-0.14149965078659407,-0.09773438750038142,-0.04623973018868743,-0.010678080999034755,5.0
-1.2976595319063813,3.8443311664023443,0.5193475515556815,-0.1337823391092929,-0.14169857160228422,-0.09781497403380185,-0.046219110601082664,-0.010650048318311406,5.0
-1.2966593318663733,3.8431640638330102,0.5198772281732364,-0.13402116102089195,-0.14189750573580273,-0.09789541931548057,-0.04619838927569816,-0.010622010725842013,5.0
-1.2956591318263653,3.8419971585795087,0.5204068147728271,-0.13426016023796483,-0.1420964529162292,-0.09797572317778387,-0.04617756643948915,-0.010593968381286931,5.0
-1.2946589317863573,3.8408304507458473,0.5209363112528657,-0.13449933667560612,-0.14229541287260655,-0.09805588545359166,-0.04615664231926781,-0.010565921443937346,5.0
-1.2936587317463493,3.8396639404362802,0.5214657175115736,-0.13473869024886942,-0.14249438533394088,-0.09813590597629678,-0.04613561714170233,-0.010537870072715217,5.0
-1.2926585317063413,3.8384976277553102,0.5219950334469805,-0.13497822087276745,-0.1426933700292017,-0.09821578457980498,-0.046114491133316324,-0.010509814426173202,5.0
-1.2916583316663333,3.8373315128076952,0.5225242589569219,-0.13521792846227199,-0.14289236668732147,-0.09829552109853464,-0.046093264520488,-0.010481754662494604,5.0
-1.2906581316263253,3.8361655956984526,0.5230533939390377,-0.1354578129323128,-0.1430913750371958,-0.09837511536741614,-0.04607193752944933,-0.010453690939493266,5.0
-1.2896579315863173,3.8349998765328657,0.5235824382907688,-0.13569787419777798,-0.14329039480768296,-0.0984545672218916,-0.04605051038628532,-0.010425623414613507,5.0
-1.2886577315463092,3.8338343554164864,0.5241113919093539,-0.1359381121735131,-0.14348942572760395,-0.09853387649791454,-0.04602898331693322,-0.010397552244930006,5.0
-1.2876575315063012,3.8326690324551413,0.5246402546918284,-0.13617852677432118,-0.1436884675257423,-0.09861304303194958,-0.046007356547181716,-0.010369477587147718,5.0
-1.2866573314662932,3.831503907754934,0.5251690265350206,-0.13641911791496197,-0.14388751993084398,-0.09869206666097173,-0.045985630302670104,-0.010341399597601749,5.0
-1.2856571314262852,3.8303389814222504,0.52569770733555,-0.13665988551015185,-0.14408658267161698,-0.09877094722246633,-0.045963804808887586,-0.010313318432257282,5.0
-1.2846569313862772,3.8291742535637625,0.5262262969898222,-0.1369008294745635,-0.1442856554767316,-0.09884968455442861,-0.04594188029117238,-0.010285234246709437,5.0
-1.2836567313462692,3.8280097242864315,0.5267547953940284,-0.1371419497228251,-0.1444847380748197,-0.09892827849536295,-0.0459198569747109,-0.010257147196183173,5.0
-1.2826565313062612,3.8268453936975124,0.5272832024441395,-0.13738324616952044,-0.144683830194475,-0.0990067288842829,-0.04589773508453707,-0.010229057435533165,5.0
-1.2816563312662532,3.8256812619045566,0.5278115180359063,-0.13762471872918836,-0.1448829315642529,-0.09908503556071051,-0.045875514845531484,-0.010200965119243744,5.0
-1.2806561312262452,3.8245173290154177,0.5283397420648513,-0.1378663673163219,-0.14508204191266985,-0.09916319836467577,-0.045853196482420505,-0.010172870401428696,5.0
-1.2796559311862372,3.8233535951382507,0.5288678744262706,-0.1381081918453689,-0.14528116096820376,-0.09924121713671666,-0.04583078021977562,-0.010144773435831266,5.0
-1.2786557311462292,3.8221900603815193,0.5293959150152246,-0.13835019223073045,-0.14548028845929342,-0.09931909171787823,-0.04580826628201258,-0.010116674375823968,5.0
-1.2776555311062212,3.8210267248539975,0.5299238637265412,-0.13859236838676137,-0.14567942411433843,-0.09939682194971247,-0.045785654893390544,-0.010088573374408575,5.0
-1.2766553310662132,3.8198635886647723,0.5304517204548056,-0.13883472022776933,-0.14587856766169896,-0.09947440767427775,-0.04576294627801148,-0.01006047058421598,5.0
-1.2756551310262052,3.81870065192325,0.5309794850943605,-0.13907724766801466,-0.14607771882969567,-0.09955184873413837,-0.04574014065981918,-0.010032366157506132,5.0
-1.2746549309861972,3.817537914739156,0.5315071575393029,-0.13931995062170982,-0.14627687734660968,-0.09962914497236439,-0.04571723826259873,-0.010004260246167991,5.0
-1.2736547309461892,3.816375377222542,0.5320347376834784,-0.13956282900301922,-0.14647604294068228,-0.09970629623253092,-0.04569423930997556,-0.009976153001719458,5.0
-1.2726545309061812,3.8152130394837873,0.5325622254204787,-0.13980588272605848,-0.14667521534011468,-0.09978330235871788,-0.04567114402541475,-0.009948044575307293,5.0
-1.2716543308661732,3.8140509016336055,0.5330896206436392,-0.14004911170489434,-0.146874394273068,-0.09986016319550936,-0.04564795263222027,-0.009919935117707127,5.0
-1.2706541308261652,3.812888963783047,0.5336169232460345,-0.14029251585354446,-0.1470735794676632,-0.09993687858799372,-0.045624665353534405,-0.009891824779323424,5.0
-1.2696539307861572,3.8117272260435047,0.5341441331204758,-0.1405360950859764,-0.14727277065198055,-0.10001344838176254,-0.04560128241233684,-0.009863713710189426,5.0
-1.2686537307461492,3.810565688526718,0.5346712501595078,-0.1407798493161083,-0.14747196755406028,-0.10008987242291109,-0.04557780403144402,-0.00983560205996718,5.0
-1.2676535307061412,3.80940435134478,0.535198274255405,-0.1410237784578072,-0.14767116990190185,-0.10016615055803703,-0.04555423043350837,-0.009807489977947491,5.0
-1.2666533306661332,3.8082432146101426,0.5357252053001699,-0.14126788242488997,-0.14787037742346415,-0.1002422826342405,-0.045530561841017766,-0.009779377613049948,5.0
-1.2656531306261252,3.8070822784356197,0.53625204318553,-0.14151216113112233,-0.14806958984666524,-0.10031826849912391,-0.04550679847629462,-0.009751265113822937,5.0
-1.2646529305861172,3.8059215429343976,0.536778787802935,-0.14175661449021845,-0.14826880689938232,-0.10039410800079127,-0.04548294056149538,-0.009723152628443641,5.0
-1.2636527305461092,3.8047610082200403,0.5373054390435553,-0.14200124241584097,-0.14846802830945202,-0.10046980098784786,-0.04545898831860963,-0.009695040304718032,5.0
-1.2626525305061012,3.803600674406496,0.5378319967982772,-0.14224604482160058,-0.14866725380466983,-0.10054534730940017,-0.04543494196945959,-0.009666928290080912,5.0
-1.2616523304660932,3.802440541608104,0.5383584609577047,-0.14249102162105576,-0.1488664831127904,-0.10062074681505521,-0.04541080173569935,-0.009638816731595926,5.0
-1.2606521304260851,3.801280609939605,0.5388848314121542,-0.14273617272771244,-0.14906571596152735,-0.10069599935492028,-0.04538656783881411,-0.009610705775955538,5.0
-1.2596519303860771,3.800120879516147,0.5394111080516537,-0.14298149805502341,-0.14926495207855314,-0.10077110477960259,-0.04536224050011954,-0.009582595569481066,5.0
-1.2586517303460691,3.7989613504532938,0.5399372907659413,-0.14322699751638887,-0.14946419119149973,-0.10084606294020901,-0.045337819940761144,-0.009554486258122679,5.0
-1.2576515303060611,3.797802022867034,0.5404633794444639,-0.14347267102515543,-0.14966343302795745,-0.10092087368834558,-0.04531330638171338,-0.009526377987459388,5.0
-1.2566513302660531,3.79664289687379,0.5409893739763731,-0.14371851849461595,-0.14986267731547598,-0.10099553687611713,-0.0452887000437791,-0.009498270902699004,5.0
-1.2556511302260451,3.7954839725904272,0.5415152742505267,-0.14396453983800958,-0.15006192378156347,-0.10107005235612714,-0.04526400114758874,-0.009470165148678149,5.0
-1.2546509301860371,3.7943252501342624,0.5420410801554852,-0.14421073496852127,-0.15026117215368745,-0.10114441998147683,-0.045239209913599615,-0.009442060869862177,5.0
-1.2536507301460291,3.793166729623073,0.5425667915795107,-0.14445710379928164,-0.15046042215927402,-0.10121863960576544,-0.045214326562095154,-0.009413958210345156,5.0
-1.2526505301060211,3.7920084111751073,0.5430924084105654,-0.14470364624336615,-0.15065967352570805,-0.10129271108308918,-0.04518935131318402,-0.009385857313849728,5.0
-1.2516503300660131,3.790850294909093,0.5436179305363094,-0.14495036221379615,-0.1508589259803334,-0.10136663426804134,-0.04516428438679963,-0.009357758323727126,5.0
-1.2506501300260051,3.789692380944246,0.5441433578441003,-0.14519725162353703,-0.15105817925045267,-0.1014404090157115,-0.04513912600269901,-0.00932966138295696,5.0
-1.249649929985997,3.7885346694002817,0.5446686902209896,-0.14544431438549912,-0.1512574330633267,-0.10151403518168513,-0.045113876380462097,-0.009301566634147171,5.0
-1.248649729945989,3.787377160397421,0.5451939275537229,-0.14569155041253687,-0.1514566871461756,-0.10158751262204335,-0.04508853573949103,-0.009273474219533843,5.0
-1.247649529905981,3.7862198540564034,0.5457190697287351,-0.1459389596174482,-0.15165594122617745,-0.10166084119336193,-0.045063104299009164,-0.00924538428098106,5.0
-1.246649329865973,3.7850627504984917,0.5462441166321516,-0.14618654191297537,-0.1518551950304691,-0.10173402075271133,-0.04503758227806019,-0.00921729695998073,5.0
-1.245649129825965,3.7839058498454845,0.5467690681497832,-0.14643429721180354,-0.1520544482861456,-0.10180705115765584,-0.04501196989550737,-0.009189212397652372,5.0
-1.244648929785957,3.7827491522197207,0.5472939241671249,-0.1466822254265609,-0.15225370072026012,-0.10187993226625315,-0.044986267370032446,-0.00916113073474288,5.0
-1.243648729745949,3.781592657744091,0.5478186845693535,-0.14693032646981827,-0.15245295205982395,-0.10195266393705371,-0.04496047492013487,-0.00913305211162633,5.0
-1.242648529705941,3.780436366542044,0.5483433492413237,-0.1471786002540888,-0.1526522020318062,-0.1020252460291,-0.0449345927641308,-0.009104976668303696,5.0
-1.241648329665933,3.779280278737596,0.5488679180675662,-0.14742704669182755,-0.15285145036313375,-0.10209767840192627,-0.04490862112015205,-0.00907690454440256,5.0
-1.240648129625925,3.7781243944553347,0.5493923909322834,-0.147675665695431,-0.15305069678069097,-0.10216996091555756,-0.044882560206145346,-0.009048835879176867,5.0
-1.239647929585917,3.7769687138204304,0.5499167677193467,-0.14792445717723715,-0.15324994101131933,-0.1022420934305092,-0.04485641023987109,-0.009020770811506573,5.0
-1.238647729545909,3.7758132369586392,0.5504410483122923,-0.1481734210495244,-0.15344918278181766,-0.10231407580778613,-0.044830171438902465,-0.008992709479897365,5.0
-1.237647529505901,3.774657963996313,0.5509652325943184,-0.1484225572245119,-0.15364842181894153,-0.10238590790888215,-0.04480384402062441,-0.008964652022480316,5.0
-1.236647329465893,3.773502895060402,0.5514893204482787,-0.14867186561435827,-0.15384765784940307,-0.10245758959577918,-0.044777428202232565,-0.008936598577011541,5.0
-1.2356471294258853,3.7723480302784647,0.5520133117566816,-0.14892134613116206,-0.15404689059987078,-0.1025291207309466,-0.044750924200732276,-0.008908549280871852,5.0
-1.2346469293858773,3.7711933697786706,0.552537206401682,-0.14917099868696054,-0.15424611979696887,-0.10260050117734047,-0.04472433223293741,-0.008880504271066403,5.0
-1.2336467293458693,3.770038913689807,0.5530610042650793,-0.14942082319373,-0.15444534516727768,-0.10267173079840283,-0.04469765251546958,-0.008852463684224324,5.0
-1.2326465293058613,3.768884662141284,0.5535847052283119,-0.14967081956338446,-0.1546445664373327,-0.10274280945806076,-0.04467088526475671,-0.008824427656598358,5.0
-1.2316463292658533,3.7677306152631402,0.5541083091724518,-0.1499209877077759,-0.1548437833336246,-0.10281373702072573,-0.04464403069703228,-0.008796396324064497,5.0
-1.2306461292258453,3.766576773186048,0.5546318159781999,-0.15017132753869353,-0.15504299558259887,-0.10288451335129288,-0.044617089028334084,-0.008768369822121602,5.0
-1.2296459291858373,3.765423136041318,0.5551552255258805,-0.1504218389678629,-0.15524220291065532,-0.10295513831513994,-0.044590060474503215,-0.008740348285891023,5.0
-1.2286457291458293,3.7642697039609034,0.5556785376954361,-0.1506725219069463,-0.15544140504414797,-0.1030256117781268,-0.04456294525118302,-0.008712331850116271,5.0
-1.2276455291058213,3.7631164770774066,0.5562017523664226,-0.15092337626754135,-0.15564060170938457,-0.10309593360659432,-0.044535743573817975,-0.008684320649162589,5.0
-1.2266453290658133,3.761963455524082,0.5567248694180027,-0.15117440196118118,-0.15583979263262643,-0.10316610366736378,-0.044508455657652615,-0.008656314817016635,5.0
-1.2256451290258052,3.760810639434845,0.5572478887289412,-0.15142559889933352,-0.15603897754008778,-0.10323612182773594,-0.04448108171773051,-0.008628314487286109,5.0
-1.2246449289857972,3.759658028944272,0.5577708101775999,-0.15167696699340072,-0.1562381561579357,-0.10330598795549026,-0.04445362196889316,-0.0086003197931994,5.0
-1.2236447289457892,3.7585056241876083,0.5582936336419301,-0.15192850615471853,-0.1564373282122899,-0.10337570191888407,-0.044426076625779014,-0.00857233086760524,5.0
-1.2226445289057812,3.7573534253007743,0.5588163589994696,-0.1521802162945562,-0.1566364934292216,-0.10344526358665156,-0.044398445902822256,-0.008544347842972335,5.0
-1.2216443288657732,3.7562014324203696,0.5593389861273363,-0.15243209732411572,-0.15683565153475443,-0.10351467282800338,-0.044370730014251965,-0.008516370851389097,5.0
-1.2206441288257652,3.7550496456836804,0.559861514902221,-0.15268414915453146,-0.15703480225486297,-0.10358392951262539,-0.044342929174090856,-0.008488400024563225,5.0
-1.2196439287857572,3.7538980652286824,0.5603839452003843,-0.15293637169686955,-0.1572339453154731,-0.10365303351067803,-0.04431504359615438,-0.008460435493821443,5.0
-1.2186437287457492,3.7527466911940506,0.5609062768976504,-0.15318876486212785,-0.15743308044246165,-0.10372198469279549,-0.04428707349404968,-0.008432477390109177,5.0
-1.2176435287057412,3.751595523719165,0.5614285098694012,-0.1534413285612347,-0.15763220736165567,-0.10379078293008487,-0.04425901908117447,-0.008404525843990198,5.0
-1.2166433286657332,3.750444562944115,0.5619506439905715,-0.15369406270504923,-0.15783132579883236,-0.10385942809412531,-0.04423088057071606,-0.008376580985646361,5.0
-1.2156431286257252,3.7492938090097114,0.5624726791356446,-0.15394696720436052,-0.15803043547971887,-0.10392792005696729,-0.044202658175650354,-0.008348642944877268,5.0
-1.2146429285857172,3.7481432620574875,0.5629946151786454,-0.1542000419698873,-0.1582295361299923,-0.10399625869113176,-0.04417435210874077,-0.008320711851100001,5.0
-1.2136427285457092,3.746992922229713,0.5635164519931366,-0.1544532869122774,-0.15842862747527856,-0.10406444386960925,-0.044145962582537286,-0.00829278783334878,5.0
-1.2126425285057012,3.7458427896693993,0.5640381894522138,-0.15470670194210723,-0.15862770924115274,-0.1041324754658591,-0.044117489809375285,-0.008264871020274693,5.0
-1.2116423284656932,3.744692864520306,0.5645598274284996,-0.15496028696988165,-0.15882678115313875,-0.10420035335380874,-0.04408893400137469,-0.0082369615401454,5.0
-1.2106421284256852,3.7435431469269527,0.5650813657941403,-0.15521404190603344,-0.15902584293670888,-0.10426807740785264,-0.044060295370438825,-0.008209059520844818,5.0
-1.2096419283856772,3.7423936370346267,0.5656028044207988,-0.1554679666609226,-0.15922489431728365,-0.10433564750285171,-0.04403157412825343,-0.008181165089872829,5.0
-1.2086417283456692,3.7412443349893914,0.5661241431796519,-0.15572206114483653,-0.1594239350202317,-0.10440306351413245,-0.04400277048628563,-0.00815327837434498,5.0
-1.2076415283056612,3.7400952409380968,0.5666453819413841,-0.15597632526798888,-0.15962296477086907,-0.10447032531748589,-0.04397388465578288,-0.008125399500992166,5.0
-1.2066413282656532,3.738946355028387,0.5671665205761848,-0.15623075894051983,-0.15982198329445912,-0.10453743278916704,-0.043944916847771874,-0.008097528596160329,5.0
-1.2056411282256452,3.737797677408714,0.5676875589537405,-0.15648536207249517,-0.16002099031621272,-0.1046043858058938,-0.04391586727305762,-0.008069665785810136,5.0
-1.2046409281856372,3.736649208228343,0.5682084969432323,-0.15674013457390626,-0.16021998556128733,-0.10467118424484632,-0.04388673614222224,-0.008041811195516656,5.0
-1.2036407281456292,3.7355009476373646,0.5687293344133313,-0.15699507635466944,-0.1604189687547872,-0.10473782798366607,-0.04385752366562401,-0.008013964950469027,5.0
-1.2026405281056212,3.734352895786705,0.5692500712321924,-0.1572501873246256,-0.1606179396217628,-0.10480431690045472,-0.04382823005339619,-0.007986127175470122,5.0
-1.2016403280656132,3.733205052828137,0.5697707072674502,-0.1575054673935399,-0.16081689788721065,-0.10487065087377365,-0.043798855515446024,-0.007958297994936194,5.0
-1.2006401280256052,3.7320574189142866,0.5702912423862139,-0.15776091647110133,-0.16101584327607316,-0.10493682978264288,-0.04376940026145358,-0.007930477532896534,5.0
-1.1996399279855972,3.730909994198649,0.5708116764550619,-0.1580165344669223,-0.16121477551323798,-0.10500285350654003,-0.04373986450087064,-0.007902665912993101,5.0
-1.1986397279455892,3.7297627788355947,0.5713320093400375,-0.15827232129053792,-0.16141369432353828,-0.10506872192539958,-0.0437102484429196,-0.00787486325848014,5.0
-1.1976395279055811,3.728615772980381,0.5718522409066437,-0.15852827685140639,-0.16161259943175177,-0.10513443491961191,-0.043680552296592345,-0.007847069692223825,5.0
-1.1966393278655731,3.7274689767891633,0.5723723710198375,-0.1587844010589077,-0.16181149056260113,-0.10519999237002242,-0.04365077627064915,-0.007819285336701851,5.0
-1.1956391278255651,3.726322390419005,0.5728923995440237,-0.15904069382234354,-0.16201036744075284,-0.10526539415793021,-0.04362092057361735,-0.007791510314003033,5.0
-1.1946389277855571,3.725176014027887,0.5734123263430513,-0.15929715505093706,-0.1622092297908177,-0.1053306401650877,-0.043590985413790376,-0.007763744745826935,5.0
-1.1936387277455491,3.7240298477747196,0.5739321512802067,-0.15955378465383238,-0.16240807733734994,-0.10539573027369906,-0.04356097099922643,-0.007735988753483406,5.0
-1.1926385277055411,3.722883891819352,0.574451874218207,-0.15981058254009375,-0.16260690980484713,-0.10546066436641967,-0.04353087753774744,-0.0077082424578921995,5.0
-1.1916383276655331,3.721738146322584,0.5749714950191966,-0.16006754861870556,-0.1628057269177496,-0.10552544232635486,-0.04350070523693773,-0.00768050597958254,5.0
-1.1906381276255251,3.7205926114461727,0.5754910135447396,-0.1603246827985719,-0.1630045284004405,-0.10559006403705885,-0.04347045430414285,-0.007652779438692698,5.0
-1.1896379275855171,3.719447287352847,0.5760104296558135,-0.16058198498851567,-0.16320331397724494,-0.10565452938253396,-0.043440124946468366,-0.00762506295496954,5.0
-1.1886377275455091,3.7183021742063174,0.5765297432128041,-0.16083945509727854,-0.1634020833724297,-0.10571883824722916,-0.04340971737077863,-0.0075973566477681,5.0
-1.1876375275055011,3.717157272171283,0.5770489540754985,-0.1610970930335204,-0.16360083631020353,-0.10578299051603972,-0.043379231783695626,-0.007569660636051147,5.0
-1.186637327465493,3.7160125814134464,0.5775680621030791,-0.16135489870581893,-0.1637995725147159,-0.10584698607430532,-0.043348668391597546,-0.007541975038388738,5.0
-1.185637127425485,3.714868102099521,0.578087067154116,-0.16161287202266897,-0.1639982917100571,-0.10591082480780953,-0.043318027400617735,-0.007514299972957755,5.0
-1.184636927385477,3.7137238343972436,0.5786059690865614,-0.16187101289248207,-0.16419699362025725,-0.10597450660277831,-0.04328730901664326,-0.007486635557541478,5.0
-1.183636727345469,3.712579778475383,0.5791247677577442,-0.16212932122358634,-0.16439567796928706,-0.10603803134587944,-0.04325651344531382,-0.007458981909529141,5.0
-1.182636527305461,3.711435934503754,0.5796434630243614,-0.16238779692422556,-0.16459434448105623,-0.10610139892422098,-0.04322564089202032,-0.007431339145915471,5.0
-1.181636327265453,3.7102923026532255,0.5801620547424712,-0.16264643990255923,-0.16479299287941385,-0.10616460922535031,-0.04319469156190372,-0.007403707383300257,5.0
-1.180636127225445,3.709148883095733,0.5806805427674879,-0.16290525006666154,-0.16499162288814762,-0.1062276621372531,-0.043163665659853696,-0.007376086737887897,5.0
-1.179635927185437,3.7080056760042885,0.5811989269541754,-0.16316422732452143,-0.1651902342309835,-0.1062905575483521,-0.04313256339050734,-0.00734847732548696,5.0
-1.178635727145429,3.7068626815529964,0.5817172071566362,-0.1634233715840416,-0.1653888266315852,-0.10635329534750579,-0.04310138495824791,-0.007320879261509729,5.0
-1.177635527105421,3.7057198999170593,0.5822353832283109,-0.16368268275303863,-0.1655873998135544,-0.1064158754240078,-0.04307013056720356,-0.007293292660971795,5.0
-1.176635327065413,3.704577331272795,0.5827534550219665,-0.1639421607392421,-0.1657859535004293,-0.10647829766758524,-0.04303880042124597,-0.007265717638491576,5.0
-1.175635127025405,3.703434975797646,0.5832714223896922,-0.16420180545029442,-0.1659844874156854,-0.10654056196839781,-0.04300739472398914,-0.007238154308289895,5.0
-1.174634926985397,3.7022928336701946,0.5837892851828914,-0.16446161679375024,-0.1661830012827338,-0.10660266821703662,-0.04297591367878791,-0.007210602784189532,5.0
-1.173634726945389,3.701150905070173,0.5843070432522757,-0.1647215946770761,-0.16638149482492232,-0.10666461630452302,-0.0429443574887369,-0.007183063179614796,5.0
-1.172634526905381,3.70000919017848,0.584824696447858,-0.16498173900765006,-0.16657996776553385,-0.10672640612230747,-0.04291272635666895,-0.007155535607591074,5.0
-1.171634326865373,3.6988676891771917,0.5853422446189448,-0.16524204969276093,-0.16677841982778635,-0.10678803756226815,-0.04288102048515384,-0.0071280201807443645,5.0
-1.170634126825365,3.6977264022495766,0.5858596876141313,-0.16550252663960854,-0.1669768507348328,-0.10684951051671013,-0.042849240076497076,-0.007100517011300866,5.0
-1.169633926785357,3.6965853295801114,0.5863770252812941,-0.16576316975530267,-0.16717526020976023,-0.10691082487836402,-0.04281738533273845,-0.007073026211086495,5.0
-1.168633726745349,3.6954444713544925,0.586894257467584,-0.16602397894686288,-0.1673736479755901,-0.10697198054038468,-0.0427854564556506,-0.00704554789152645,5.0
-1.167633526705341,3.694303827759655,0.5874113840194206,-0.16628495412121833,-0.16757201375527697,-0.10703297739635018,-0.04275345364673781,-0.007018082163644706,5.0
-1.166633326665333,3.693163398983785,0.5879284047824838,-0.16654609518520702,-0.16777035727170897,-0.1070938153402605,-0.04272137710723446,-0.006990629138063589,5.0
-1.165633126625325,3.6920231852163345,0.5884453196017095,-0.16680740204557568,-0.16796867824770667,-0.10715449426653623,-0.042689227038103725,-0.00696318892500324,5.0
-1.164632926585317,3.690883186648041,0.588962128321282,-0.1670688746089794,-0.16816697640602338,-0.10721501407001753,-0.0426570036400361,-0.006935761634281164,5.0
-1.163632726545309,3.6897434034709398,0.5894788307846274,-0.16733051278198094,-0.16836525146934425,-0.10727537464596272,-0.042624707113448033,-0.006908347375311703,5.0
-1.162632526505301,3.688603835878383,0.5899954268344066,-0.16759231647105063,-0.16856350316028612,-0.10733557589004694,-0.04259233765848034,-0.0068809462571055025,5.0
-1.161632326465293,3.6874644840650554,0.5905119163125095,-0.16785428558256604,-0.16876173120139668,-0.10739561769836106,-0.042559895474996896,-0.006853558388269003,5.0
-1.160632126425285,3.68632534822699,0.5910282990600482,-0.16811642002281124,-0.16895993531515485,-0.10745549996741031,-0.04252738076258308,-0.006826183877003874,5.0
-1.159631926385277,3.6851864285615865,0.5915445749173488,-0.16837871969797688,-0.16915811522396942,-0.1075152225941127,-0.04249479372054412,-0.006798822831106437,5.0
-1.158631726345269,3.684047725267629,0.5920607437239471,-0.16864118451415958,-0.16935627065017955,-0.10757478547579816,-0.04246213454790383,-0.0067714753579671124,5.0
-1.157631526305261,3.682909238545302,0.5925768053185794,-0.1689038143773613,-0.16955440131605332,-0.10763418851020666,-0.042429403443402784,-0.006744141564569771,5.0
-1.156631326265253,3.681770968596207,0.5930927595391772,-0.16916660919348944,-0.1697525069437882,-0.10769343159548722,-0.04239660060549695,-0.006716821557491167,5.0
-1.155631126225245,3.6806329156233817,0.5936086062228578,-0.16942956886835606,-0.16995058725550977,-0.10775251463019613,-0.04236372623235585,-0.006689515442900236,5.0
-1.154630926185237,3.6794950798313164,0.5941243452059194,-0.16969269330767767,-0.17014864197327156,-0.1078114375132958,-0.04233078052186109,-0.006662223326557474,5.0
-1.153630726145229,3.678357461425974,0.5946399763238313,-0.16995598241707477,-0.17034667081905494,-0.10787020014415317,-0.04229776367160465,-0.006634945313814226,5.0
-1.152630526105221,3.6772200606148036,0.5951554994112281,-0.17021943610207138,-0.17054467351476793,-0.10792880242253819,-0.04226467587888724,-0.006607681509612006,5.0
-1.151630326065213,3.6760828776067607,0.5956709143019008,-0.17048305426809485,-0.17074264978224488,-0.10798724424862233,-0.04223151734071648,-0.006580432018481734,5.0
-1.150630126025205,3.674945912612324,0.5961862208287899,-0.17074683682047492,-0.17094059934324612,-0.108045525522977,-0.042198288253805186,-0.0065531969445430304,5.0
-1.149629925985197,3.673809165843514,0.596701418823975,-0.17101078366444375,-0.171138521919457,-0.10810364614657215,-0.042164988814569676,-0.006525976391503416,5.0
-1.148629725945189,3.672672637513908,0.5972165081186686,-0.1712748947051356,-0.17133641723248771,-0.1081616060207743,-0.04213161921912789,-0.006498770462657526,5.0
-1.147629525905181,3.67153632783866,0.5977314885432057,-0.1715391698475856,-0.17153428500387213,-0.10821940504734522,-0.04209817966329758,-0.0064715792608863185,5.0
-1.146629325865173,3.6704002370345163,0.5982463599270361,-0.17180360899673014,-0.17173212495506757,-0.1082770431284401,-0.04206467034259452,-0.006444402888656229,5.0
-1.145629125825165,3.669264365319835,0.5987611220987147,-0.17206821205740574,-0.17192993680745405,-0.10833452016660598,-0.04203109145223053,-0.006417241448018324,5.0
-1.144628925785157,3.6681287129146,0.5992757748858929,-0.17233297893434904,-0.17212772028233367,-0.10839183606477992,-0.041997443187111676,-0.006390095040607444,5.0
-1.143628725745149,3.6669932800404417,0.5997903181153073,-0.172597909532196,-0.17232547510092955,-0.10844899072628726,-0.04196372574183623,-0.006362963767641304,5.0
-1.142628525705141,3.665858066920651,0.6003047516127714,-0.17286300375548153,-0.17252320098438556,-0.10850598405483997,-0.04192993931069284,-0.006335847729919612,5.0
-1.141628325665133,3.664723073780199,0.6008190752031667,-0.17312826150863897,-0.17272089765376555,-0.1085628159545348,-0.041896084087658485,-0.006308747027823151,5.0
-1.140628125625125,3.663588300845753,0.6013332887104275,-0.17339368269599897,-0.17291856483005172,-0.1086194863298511,-0.04186216026639642,-0.006281661761312818,5.0
-1.139627925585117,3.6624537483456923,0.6018473919575363,-0.17365926722179018,-0.17311620223414514,-0.10867599508564967,-0.041828168040254354,-0.006254592029928738,5.0
-1.138627725545109,3.661319416510129,0.6023613847665111,-0.17392501499013782,-0.17331380958686435,-0.10873234212717046,-0.041794107602262244,-0.006227537932789253,5.0
-1.137627525505101,3.6601853055709213,0.6028752669583932,-0.17419092590506297,-0.17351138660894405,-0.10878852736003038,-0.04175997914513024,-0.006200499568589973,5.0
-1.136627325465093,3.659051415761693,0.603389038353236,-0.17445699987048272,-0.1737089330210352,-0.10884455069022206,-0.04172578286124668,-0.006173477035602805,5.0
-1.135627125425085,3.6579177473178497,0.6039026987700973,-0.17472323679020918,-0.17390644854370368,-0.10890041202411138,-0.04169151894267599,-0.006146470431674965,5.0
-1.134626925385077,3.656784300476597,0.6044162480270252,-0.17498963656794914,-0.1741039328974297,-0.10895611126843592,-0.04165718758115662,-0.006119479854227972,5.0
-1.133626725345069,3.6556510754769582,0.6049296859410445,-0.17525619910730264,-0.17430138580260632,-0.10901164833030239,-0.04162278896809862,-0.006092505400256623,5.0
-1.132626525305061,3.6545180725597906,0.6054430123281495,-0.17552292431176394,-0.17449880697953937,-0.10906702311718529,-0.04158832329458197,-0.00606554716632802,5.0
-1.131626325265053,3.6533852919678065,0.6059562270032905,-0.1757898120847197,-0.17469619614844592,-0.10912223553692449,-0.04155379075135396,-0.006038605248580506,5.0
-1.130626125225045,3.6522527339455886,0.6064693297803602,-0.17605686232944914,-0.17489355302945414,-0.10917728549772335,-0.041519191528827375,-0.006011679742722678,5.0
-1.129625925185037,3.6511203987396095,0.6069823204721835,-0.17632407494912258,-0.1750908773426014,-0.10923217290814644,-0.041484525817078025,-0.005984770744032306,5.0
-1.128625725145029,3.64998828659825,0.6074951988905057,-0.17659144984680208,-0.17528816880783446,-0.10928689767711783,-0.041449793805842676,-0.005957878347355328,5.0
-1.127625525105021,3.6488563977718194,0.608007964845979,-0.17685898692543983,-0.17548542714500767,-0.10934145971391881,-0.041414995684516884,-0.0059310026471047755,5.0
-1.126625325065013,3.6477247325125726,0.6085206181481491,-0.17712668608787807,-0.17568265207388248,-0.10939585892818561,-0.04138013164215252,-0.005904143737259738,5.0
-1.125625125025005,3.6465932910747303,0.6090331586054468,-0.1773945472368485,-0.17587984331412646,-0.10945009522990766,-0.041345201867455744,-0.005877301711364288,5.0
-1.1246249249849969,3.6454620737145014,0.609545586025172,-0.17766257027497173,-0.17607700058531217,-0.1095041685294251,-0.04131020654878465,-0.005850476662526426,5.0
-1.1236247249449889,3.6443310806901015,0.6100579002134818,-0.17793075510475648,-0.17627412360691685,-0.10955807873742697,-0.041275145874146955,-0.005823668683416999,5.0
-1.1226245249049809,3.6432003122617727,0.6105701009753787,-0.1781991016285995,-0.17647121209832065,-0.10961182576494864,-0.0412400200311977,-0.005796877866268604,5.0
-1.121624324864973,3.642069768691806,0.611082188114698,-0.17846760974878434,-0.17666826577880612,-0.10966540952336981,-0.04120482920723694,-0.005770104302874524,5.0
-1.120624124824965,3.640939450244562,0.6115941614340942,-0.17873627936748157,-0.17686528436755727,-0.1097188299244126,-0.0411695735892074,-0.005743348084587619,5.0
-1.119623924784957,3.6398093571864942,0.6121060207350288,-0.17900511038674777,-0.17706226758365853,-0.10977208688013876,-0.04113425336369209,-0.005716609302319204,5.0
-1.118623724744949,3.63867948978617,0.6126177658177573,-0.179274102708525,-0.1772592151460939,-0.10982518030294793,-0.04109886871691199,-0.005689888046537946,5.0
-1.117623524704941,3.6375498483142925,0.6131293964813166,-0.1795432562346408,-0.17745612677374598,-0.10987811010557495,-0.041063419834723565,-0.005663184407268743,5.0
-1.116623324664933,3.636420433043726,0.6136409125235107,-0.17981257086680644,-0.1776530021853945,-0.10993087620108799,-0.041027906902616304,-0.0056364984740915535,5.0
-1.115623124624925,3.635291244249516,0.6141523137409001,-0.18008204650661797,-0.17784984109971605,-0.10998347850288596,-0.04099233010571043,-0.005609830336140279,5.0
-1.114622924584917,3.6341622822089192,0.614663599928786,-0.18035168305555493,-0.178046643235283,-0.11003591692469646,-0.04095668962875437,-0.005583180082101585,5.0
-1.113622724544909,3.6330335472014195,0.6151747708811984,-0.1806214804149794,-0.17824340831056193,-0.11008819138057303,-0.04092098565612215,-0.005556547800213707,5.0
-1.112622524504901,3.6319050395087586,0.6156858263908824,-0.18089143848613637,-0.17844013604391315,-0.1101403017848932,-0.040885218371811013,-0.005529933578265282,5.0
-1.111622324464893,3.6307767594149576,0.6161967662492853,-0.18116155717015264,-0.17863682615358942,-0.11019224805235572,-0.04084938795943872,-0.0055033375035941235,5.0
-1.110622124424885,3.6296487072063437,0.616707590246542,-0.18143183636803667,-0.17883347835773536,-0.11024403009797856,-0.040813494602241214,-0.005476759663086001,5.0
-1.109621924384877,3.628520883171577,0.6172182981714618,-0.18170227598067773,-0.1790300923743856,-0.11029564783709614,-0.04077753848306981,-0.005450200143173405,5.0
-1.108621724344869,3.6273932876016746,0.6177288898115146,-0.1819728759088458,-0.17922666792146463,-0.11034710118535694,-0.04074151978438866,-0.005423659029834296,5.0
-1.107621524304861,3.6262659207900354,0.6182393649528165,-0.18224363605319036,-0.17942320471678488,-0.110398390058721,-0.040705438688272005,-0.005397136408590803,5.0
-1.106621324264853,3.6251387830324693,0.6187497233801162,-0.18251455631424113,-0.1796197024780464,-0.11044951437345749,-0.04066929537640167,-0.005370632364507968,5.0
-1.105621124224845,3.624011874627223,0.6192599648767804,-0.18278563659240615,-0.17981616092283514,-0.11050047404614208,-0.04063309003006409,-0.005344146982192404,5.0
-1.104620924184837,3.6228851958750066,0.6197700892247786,-0.1830568767879723,-0.18001257976862234,-0.11055126899365435,-0.04059682283014777,-0.005317680345790988,5.0
-1.103620724144829,3.621758747079022,0.6202800962046694,-0.1833282768011042,-0.18020895873276305,-0.11060189913317515,-0.04056049395714045,-0.005291232538989493,5.0
-1.102620524104821,3.6206325285449883,0.6207899855955855,-0.1835998365318445,-0.18040529753249543,-0.11065236438218408,-0.0405241035911263,-0.005264803645011237,5.0
-1.101620324064813,3.619506540581173,0.621299757175217,-0.18387155588011214,-0.18060159588493868,-0.11070266465845667,-0.04048765191178296,-0.005238393746615693,5.0
-1.100620124024805,3.6183807834984165,0.6218094107197986,-0.1841434347457029,-0.18079785350709288,-0.1107527998800616,-0.040451139098378726,-0.005212002926097081,5.0
-1.099619923984797,3.617255257610164,0.6223189460040929,-0.18441547302828845,-0.18099407011583732,-0.11080276996535825,-0.04041456532976977,-0.00518563126528296,5.0
-1.098619723944789,3.6161299632324915,0.6228283628013737,-0.18468767062741587,-0.18119024542792928,-0.1108525748329936,-0.04037793078439701,-0.005159278845532759,5.0
-1.097619523904781,3.6150049006841343,0.6233376608834116,-0.18496002744250717,-0.18138637916000272,-0.11090221440189975,-0.04034123564028324,-0.005132945747736348,5.0
-1.096619323864773,3.6138800702865197,0.623846840020457,-0.18523254337285888,-0.18158247102856745,-0.11095168859129081,-0.04030448007503008,-0.0051066320523125396,5.0
-1.095619123824765,3.612755472363793,0.6243558999812246,-0.1855052183176412,-0.1817785207500073,-0.11100099732066016,-0.04026766426581495,-0.005080337839207599,5.0
-1.094618923784757,3.6116311072428484,0.6248648405328755,-0.1857780521758979,-0.1819745280405793,-0.1110501405097775,-0.040230788389387935,-0.005054063187893725,5.0
-1.093618723744749,3.61050697525336,0.6253736614410028,-0.18605104484654564,-0.1821704926164119,-0.11109911807868592,-0.04019385262206877,-0.005027808177367537,5.0
-1.092618523704741,3.6093830767278106,0.625882362469611,-0.1863241962283732,-0.18236641419350444,-0.11114792994769898,-0.0401568571397436,-0.005001572886148482,5.0
-1.091618323664733,3.608259412001524,0.6263909433811009,-0.1865975062200414,-0.18256229248772488,-0.11119657603739751,-0.040119802117861855,-0.004975357392277323,5.0
-1.090618123624725,3.6071359814126938,0.6268994039362541,-0.1868709747200822,-0.18275812721480872,-0.11124505626862692,-0.04008268773143307,-0.004949161773314526,5.0
-1.089617923584717,3.6060127853024175,0.6274077438942122,-0.18714460162689853,-0.1829539180903583,-0.11129337056249379,-0.04004551415502357,-0.00492298610633866,5.0
-1.088617723544709,3.604889824014726,0.6279159630124613,-0.18741838683876344,-0.18314966482984085,-0.1113415188403632,-0.04000828156275325,-0.004896830467944795,5.0
-1.087617523504701,3.603767097896618,0.628424061046811,-0.18769233025381962,-0.18334536714858646,-0.11138950102385485,-0.039970990128292146,-0.004870694934242841,5.0
-1.086617323464693,3.6026446072980916,0.628932037751381,-0.18796643177007938,-0.18354102476178813,-0.11143731703484071,-0.03993364002485724,-0.004844579580855921,5.0
-1.085617123424685,3.601522352572176,0.6294398928785777,-0.1882406912854234,-0.1837366373844989,-0.11148496679544133,-0.03989623142520896,-0.004818484482918688,5.0
-1.084616923384677,3.600400334074967,0.6299476261790801,-0.18851510869760074,-0.18393220473163147,-0.11153245022802279,-0.039858764501647874,-0.00479240971507565,5.0
-1.083616723344669,3.5992785521656603,0.6304552374018177,-0.18878968390422843,-0.1841277265179564,-0.11157976725519356,-0.039821239426011124,-0.004766355351479451,5.0
-1.082616523304661,3.5981570072065865,0.6309627262939541,-0.18906441680279015,-0.1843232024581,-0.11162691779980057,-0.03978365636966893,-0.004740321465789159,5.0
-1.081616323264653,3.597035699563243,0.6314700926008666,-0.18933930729063692,-0.1845186322665439,-0.1116739017849268,-0.0397460155035213,-0.004714308131168524,5.0
-1.080616123224645,3.5959146296043345,0.6319773360661274,-0.18961435526498574,-0.18471401565762288,-0.11172071913388722,-0.039708316997993924,-0.004688315420284218,5.0
-1.079615923184637,3.594793797701805,0.6324844564314848,-0.18988956062291934,-0.1849093523455233,-0.11176736977022561,-0.0396705610230353,-0.0046623434053040536,5.0
-1.078615723144629,3.593673204230876,0.632991453436842,-0.19016492326138598,-0.18510464204428187,-0.11181385361771118,-0.03963274774811244,-0.00463639215789518,5.0
-1.077615523104621,3.5925528495700827,0.6334983268202409,-0.1904404430771987,-0.18529988446778436,-0.11186017060033517,-0.039594877342207624,-0.004610461749222268,5.0
-1.076615323064613,3.591432734101312,0.6340050763178383,-0.19071611996703514,-0.18549507932976322,-0.1119063206423072,-0.039556949973814426,-0.004584552249945657,5.0
-1.075615123024605,3.5903128582098405,0.6345117016638879,-0.1909919538274359,-0.18569022634379598,-0.11195230366805119,-0.03951896581093392,-0.004558663730219479,5.0
-1.074614922984597,3.5891932222843734,0.6350182025907205,-0.19126794455480642,-0.18588532522330511,-0.11199811960220302,-0.03948092502107117,-0.004532796259689796,5.0
-1.073614722944589,3.5880738267170837,0.6355245788287228,-0.19154409204541442,-0.1860803756815548,-0.11204376836960586,-0.03944282777123106,-0.0045069499074926475,5.0
-1.072614522904581,3.586954671903651,0.6360308301063163,-0.1918203961953903,-0.18627537743165015,-0.11208924989530686,-0.03940467422791449,-0.004481124742252124,5.0
-1.071614322864573,3.5858357582433027,0.6365369561499394,-0.19209685690072703,-0.18647033018653503,-0.11213456410455347,-0.0393664645571145,-0.0044553208320783876,5.0
-1.070614122824565,3.584717086138855,0.6370429566840221,-0.1923734740572787,-0.1866652336589907,-0.11217971092278946,-0.03932819892431213,-0.0044295382445656735,5.0
-1.069613922784557,3.5835986559967528,0.6375488314309686,-0.19265024756076116,-0.18686008756163403,-0.1122246902756514,-0.03928987749447249,-0.0044037770467902655,5.0
-1.068613722744549,3.582480468227113,0.6380545801111335,-0.19292717730675094,-0.18705489160691594,-0.11226950208896465,-0.03925150043204062,-0.004378037305308428,5.0
-1.067613522704541,3.5813625232437656,0.6385602024428019,-0.1932042631906852,-0.18724964550711934,-0.11231414628873955,-0.03921306790093732,-0.004352319086154324,5.0
-1.066613322664533,3.580244821464298,0.6390656981421672,-0.19348150510786088,-0.18744434897435758,-0.11235862280116725,-0.03917458006455495,-0.004326622454837868,5.0
-1.065613122624525,3.579127363310096,0.6395710669233071,-0.193758902953435,-0.1876390017205726,-0.11240293155261598,-0.0391360370857531,-0.004300947476342589,5.0
-1.064612922584517,3.5780101492063907,0.6400763084981633,-0.19403645662242358,-0.18783360345753303,-0.11244707246962714,-0.039097439126854525,-0.004275294215123423,5.0
-1.063612722544509,3.5768931795822994,0.6405814225765186,-0.1943141660097011,-0.18802815389683242,-0.1124910454789105,-0.03905878634964041,-0.0042496627351044924,5.0
-1.062612522504501,3.5757764548708724,0.6410864088659727,-0.19459203101000105,-0.1882226527498875,-0.11253485050734091,-0.03902007891534622,-0.004224053099676837,5.0
-1.0616123224644929,3.574659975509137,0.64159126707192,-0.19487005151791464,-0.18841709972793597,-0.11257848748195359,-0.03898131698465709,-0.004198465371696117,5.0
-1.0606121224244849,3.5735437419381437,0.6420959968975254,-0.19514822742789026,-0.18861149454203466,-0.11262195632993983,-0.0389425007177032,-0.004172899613480268,5.0
-1.0596119223844769,3.572427754603011,0.6426005980437005,-0.19542655863423386,-0.18880583690305747,-0.11266525697864294,-0.03890363027405537,-0.004147355886807138,5.0
-1.0586117223444689,3.5713120139529733,0.6431050702090797,-0.19570504503110822,-0.18900012652169387,-0.11270838935555387,-0.03886470581272029,-0.004121834252912066,5.0
-1.0576115223044609,3.570196520441426,0.6436094130899948,-0.19598368651253206,-0.1891943631084461,-0.1127513533883064,-0.03882572749213567,-0.004096334772485426,5.0
-1.0566113222644529,3.5690812745259737,0.6441136263804503,-0.19626248297237983,-0.18938854637362762,-0.11279414900467294,-0.038786695470165555,-0.0040708575056701505,5.0
-1.0556111222244449,3.5679662766684768,0.6446177097720975,-0.19654143430438165,-0.1895826760273605,-0.11283677613256,-0.03874760990409553,-0.004045402512059199,5.0
-1.0546109221844369,3.5668515273351,0.6451216629542097,-0.1968205404021227,-0.1897767517795741,-0.11287923470000348,-0.03870847095062767,-0.004019969850692993,5.0
-1.0536107221444289,3.5657370269963584,0.6456254856136561,-0.19709980115904227,-0.1899707733400022,-0.11292152463516397,-0.03866927876587562,-0.0039945595800568185,5.0
-1.0526105221044209,3.564622776127171,0.646129177434873,-0.19737921646843395,-0.1901647404181807,-0.11296364586632202,-0.03863003350535957,-0.003969171758078182,5.0
-1.0516103220644129,3.563508775206904,0.6466327380998399,-0.19765878622344504,-0.19035865272344593,-0.11300559832187342,-0.03859073532400106,-0.003943806442124137,5.0
-1.0506101220244048,3.562395024719423,0.6471361672880502,-0.19793851031707568,-0.1905525099649319,-0.11304738193032421,-0.03855138437611796,-0.003918463688998554,5.0
-1.0496099219843968,3.561281525153143,0.6476394646764833,-0.19821838864217875,-0.19074631185156804,-0.11308899662028578,-0.03851198081541902,-0.0038931435549394017,5.0
-1.0486097219443888,3.560168277001077,0.648142629939577,-0.19849842109145963,-0.1909400580920772,-0.11313044232047009,-0.0384725247949988,-0.003867846095615925,5.0
-1.0476095219043808,3.5590552807608895,0.6486456627491994,-0.1987786075574751,-0.19113374839497257,-0.11317171895968425,-0.03843301646733212,-0.003842571366125863,5.0
-1.0466093218643728,3.557942536934943,0.6491485627746195,-0.19905894793263312,-0.19132738246855568,-0.11321282646682561,-0.03839345598426868,-0.003817319420992568,5.0
-1.0456091218243648,3.556830046030354,0.6496513296824765,-0.19933944210919294,-0.19152096002091412,-0.11325376477087667,-0.03835384349702771,-0.0037920903141621244,5.0
-1.0446089217843568,3.5557178085590415,0.6501539631367518,-0.19962008997926356,-0.19171448075991862,-0.11329453380089981,-0.038314179156192264,-0.0037668840990004223,5.0
-1.0436087217443488,3.554605825037784,0.6506564627987391,-0.19990089143480413,-0.19190794439322043,-0.11333513348603162,-0.03827446311170365,-0.0037417008282902013,5.0
-1.0426085217043408,3.5534940959882664,0.6511588283270112,-0.20018184636762304,-0.19210135062824943,-0.1133755637554781,-0.03823469551285574,-0.0037165405542280605,5.0
-1.0416083216643328,3.552382621937139,0.6516610593773915,-0.20046295466937752,-0.19229469917221065,-0.11341582453850886,-0.03819487650828926,-0.0036914033284214426,5.0
-1.0406081216243248,3.5512714034160684,0.6521631556029216,-0.20074421623157312,-0.19248798973208192,-0.1134559157644517,-0.03815500624598593,-0.003666289201885579,5.0
-1.0396079215843168,3.5501604409617946,0.652665116653831,-0.20102563094556383,-0.19268122201461174,-0.11349583736268734,-0.038115084873262796,-0.003641198225040414,5.0
-1.0386077215443088,3.5490497351161845,0.6531669421775028,-0.20130719870255023,-0.19287439572631587,-0.11353558926264323,-0.03807511253676603,-0.003616130447707468,5.0
-1.0376075215043008,3.5479392864262893,0.6536686318184419,-0.2015889193935805,-0.19306751057347452,-0.11357517139378842,-0.038035089382465075,-0.0035910859191067047,5.0
-1.0366073214642928,3.5468290954444,0.6541701852182444,-0.20187079290954932,-0.19326056626213037,-0.11361458368562767,-0.03799501555564656,-0.0035660646878533657,5.0
-1.0356071214242848,3.545719162728107,0.6546716020155617,-0.20215281914119726,-0.19345356249808496,-0.1136538260676955,-0.03795489120090832,-0.0035410668019547386,5.0
-1.0346069213842768,3.5446094888403543,0.6551728818460687,-0.2024349979791108,-0.1936464989868963,-0.11369289846955052,-0.03791471646215296,-0.0035160923088069377,5.0
-1.0336067213442688,3.5435000743495046,0.6556740243424294,-0.2027173293137213,-0.19383937543387597,-0.11373180082076945,-0.03787449148258185,-0.003491141255191622,5.0
-1.0326065213042608,3.542390919829394,0.656175029134262,-0.2029998130353052,-0.1940321915440856,-0.113770533050941,-0.03783421640468865,-0.003466213687272692,5.0
-1.0316063212642528,3.5412820258593936,0.6566758958481068,-0.2032824490339829,-0.19422494702233506,-0.11380909508966017,-0.03779389137025303,-0.003441309650592968,5.0
-1.0306061212242448,3.5401733930244714,0.6571766241073899,-0.20356523719971942,-0.19441764157317876,-0.11384748686652182,-0.03775351652033416,-0.003416429190070822,5.0
-1.0296059211842368,3.539065021915256,0.657677213532387,-0.20384817742232256,-0.19461027490091232,-0.11388570831111444,-0.037713091995264215,-0.003391572349996763,5.0
-1.0286057211442288,3.537956913128098,0.6581776637401907,-0.20413126959144393,-0.1948028467095707,-0.11392375935301437,-0.03767261793464182,-0.003366739174030026,5.0
-1.0276055211042208,3.536849067265133,0.658677974344673,-0.20441451359657797,-0.19499535670292412,-0.11396163992177903,-0.037632094477325385,-0.0033419297051950863,5.0
-1.0266053210642128,3.5357414849343494,0.6591781449564487,-0.204697909327061,-0.1951878045844752,-0.1139993499469408,-0.03759152176142636,-0.003317143985878162,5.0
-1.0256051210242048,3.534634166749651,0.6596781751828422,-0.20498145667207177,-0.19538019005745647,-0.11403688935800033,-0.03755089992430239,-0.0032923820578236772,5.0
-1.0246049209841968,3.5335271133309267,0.6601780646278469,-0.20526515552063093,-0.19557251282482627,-0.11407425808442037,-0.03751022910255059,-0.003267643962130676,5.0
-1.0236047209441888,3.5324203253041158,0.6606778128920903,-0.2055490057616005,-0.19576477258926644,-0.11411145605561906,-0.03746950943200046,-0.00324292973924921,5.0
-1.0226045209041807,3.5313138033012765,0.6611774195727964,-0.20583300728368348,-0.19595696905317844,-0.114148483200963,-0.03742874104770685,-0.00321823942897668,5.0
-1.0216043208641727,3.5302075479606567,0.6616768842637475,-0.2061171599754238,-0.1961491019186804,-0.11418533944976106,-0.03738792408394293,-0.003193573070454152,5.0
-1.0206041208241647,3.5291015599267634,0.6621762065552482,-0.20640146372520587,-0.1963411708876039,-0.11422202473125696,-0.037347058674193,-0.0031689307021626036,5.0
-1.0196039207841567,3.5279958398504343,0.6626753860340837,-0.20668591842125442,-0.19653317566149037,-0.11425853897462294,-0.03730614495114514,-0.003144312361919137,5.0
-1.0186037207441487,3.5268903883889084,0.6631744222834829,-0.2069705239516343,-0.1967251159415884,-0.11429488210895264,-0.03726518304668397,-0.00311971808687317,5.0
-1.0176035207041407,3.5257852062059016,0.6636733148830793,-0.20725528020424944,-0.1969169914288491,-0.11433105406325346,-0.03722417309188305,-0.003095147913502543,5.0
-1.0166033206641327,3.5246802939716773,0.6641720634088711,-0.20754018706684405,-0.1971088018239243,-0.11436705476644063,-0.03718311521699752,-0.0030706018776096113,5.0
-1.0156031206241247,3.5235756523631245,0.6646706674331814,-0.20782524442700115,-0.19730054682716144,-0.11440288414732898,-0.03714200955145638,-0.003046080014317269,5.0
-1.0146029205841167,3.522471282063831,0.6651691265246172,-0.20811045217214288,-0.19749222613860135,-0.11443854213462606,-0.037100856223854846,-0.0030215823580649315,5.0
-1.0136027205441087,3.52136718376416,0.6656674402480287,-0.20839581018952974,-0.19768383945797352,-0.11447402865692462,-0.03705965536194641,-0.0029971089426044663,5.0
-1.0126025205041007,3.520263358161329,0.6661656081644687,-0.20868131836626128,-0.1978753864846936,-0.11450934364269548,-0.03701840709263512,-0.002972659800996083,5.0
-1.0116023204640927,3.519159805959487,0.6666636298311501,-0.20896697658927516,-0.19806686691785877,-0.11454448702027945,-0.03697711154196753,-0.002948234965604152,5.0
-1.0106021204240847,3.5180565278697924,0.6671615048014035,-0.20925278474534695,-0.19825828045624477,-0.11457945871788011,-0.03693576883512455,-0.0029238344680929786,5.0
-1.0096019203840767,3.5169535246104937,0.6676592326246352,-0.2095387427210901,-0.19844962679830153,-0.11461425866355573,-0.03689437909641333,-0.0028994583394225397,5.0
-1.0086017203440687,3.515850796907011,0.6681568128462831,-0.20982485040295612,-0.1986409056421497,-0.11464888678521175,-0.036852942449258984,-0.00287510660984413,5.0
-1.007601520304061,3.514748345492015,0.6686542450077734,-0.21011110767723368,-0.19883211668557713,-0.11468334301059278,-0.03681145901619616,-0.002850779308895979,5.0
-1.006601320264053,3.5136461711055125,0.6691515286464756,-0.2103975144300486,-0.19902325962603357,-0.11471762726727423,-0.03676992891886056,-0.00282647646539882,5.0
-1.005601120224045,3.5125442744949256,0.6696486632956588,-0.21068407054736388,-0.1992143341606281,-0.11475173948265449,-0.03672835227798038,-0.0028021981074513886,5.0
-1.004600920184037,3.511442656415179,0.6701456484844457,-0.21097077591497945,-0.1994053399861248,-0.11478567958394681,-0.03668672921336765,-0.0027779442624258684,5.0
-1.003600720144029,3.51034131762878,0.6706424837377657,-0.21125763041853177,-0.19959627679893804,-0.11481944749817043,-0.036645059843909304,-0.0027537149569632677,5.0
-1.002600520104021,3.5092402589059097,0.6711391685763085,-0.21154463394349396,-0.1997871442951289,-0.11485304315214262,-0.03660334428755849,-0.0027295102169687755,5.0
-1.001600320064013,3.5081394810245032,0.671635702516479,-0.2118317863751751,-0.1999779421704004,-0.11488646647247017,-0.0365615826613254,-0.0027053300676070317,5.0
-1.000600120024005,3.507038984770341,0.6721320850703467,-0.21211908759872045,-0.20016867012009387,-0.11491971738554015,-0.03651977508126823,-0.002681174533297348,5.0
-0.9995999199839969,3.5059387709371337,0.6726283157455993,-0.21240653749911123,-0.2003593278391843,-0.11495279581751196,-0.036477921662483974,-0.0026570436377088705,5.0
-0.9985997199439889,3.5048388403266113,0.6731243940454934,-0.21269413596116418,-0.20054991502227576,-0.11498570169430786,-0.03643602251909908,-0.002632937403755713,5.0
-0.9975995199039809,3.503739193748613,0.6736203194688033,-0.21298188286953154,-0.20074043136359693,-0.11501843494160402,-0.036394077764259986,-0.0026088558535919933,5.0
-0.9965993198639729,3.502639832021177,0.6741160915097724,-0.2132697781087005,-0.20093087655699682,-0.11505099548482174,-0.03635208751012368,-0.0025847990086068457,5.0
-0.9955991198239649,3.5015407559706317,0.6746117096580634,-0.21355782156299422,-0.2011212502959401,-0.11508338324911836,-0.03631005186784802,-0.002560766889419375,5.0
-0.9945989197839569,3.500441966431685,0.6751071733987044,-0.21384601311656964,-0.20131155227350242,-0.11511559815937746,-0.03626797094758193,-0.002536759515873543,5.0
-0.9935987197439489,3.49934346424752,0.6756024822120381,-0.2141343526534191,-0.20150178218236547,-0.11514764014019968,-0.03622584485845565,-0.002512776907033019,5.0
-0.9925985197039409,3.4982452502698886,0.6760976355736695,-0.2144228400573691,-0.20169193971481275,-0.1151795091158934,-0.036183673708570674,-0.002488819081175963,5.0
-0.9915983196639329,3.4971473253592027,0.6765926329544127,-0.21471147521208073,-0.2018820245627239,-0.11521120501046493,-0.036141457604989706,-0.002464886055789775,5.0
-0.9905981196239249,3.496049690384632,0.6770874738202358,-0.2150002580010487,-0.20207203641757043,-0.11524272774760867,-0.036099196653726524,-0.0024409778475657762,5.0
-0.9895979195839169,3.4949523462241987,0.6775821576322091,-0.21528918830760232,-0.20226197497041076,-0.11527407725069755,-0.03605689095973566,-0.0024170944723938444,5.0
-0.9885977195439088,3.493855293764878,0.6780766838464469,-0.21557826601490412,-0.20245183991188453,-0.11530525344277273,-0.03601454062690196,-0.002393235945357011,5.0
-0.9875975195039008,3.4927585339026925,0.6785710519140542,-0.21586749100595062,-0.2026416309322083,-0.11533625624653379,-0.03597214575803016,-0.0023694022807259755,5.0
-0.9865973194638928,3.491662067542813,0.6790652612810696,-0.21615686316357163,-0.20283134772116998,-0.1153670855843285,-0.03592970645483425,-0.002345593491953612,5.0
-0.9855971194238848,3.490565895599658,0.6795593113884082,-0.21644638237043026,-0.20302098996812354,-0.11539774137814238,-0.03588722281792665,-0.002321809591669393,5.0
-0.9845969193838768,3.4894700189969963,0.6800532016718068,-0.2167360485090227,-0.20321055736198404,-0.1154282235495885,-0.03584469494680756,-0.0022980505916737905,5.0
-0.9835967193438688,3.4883744386680484,0.6805469315617614,-0.21702586146167824,-0.20340004959122174,-0.11545853201989656,-0.03580212293985381,-0.002274316502932597,5.0
-0.9825965193038608,3.4872791555555906,0.681040500483474,-0.2173158211105593,-0.20358946634385752,-0.11548866670990302,-0.035759506894307964,-0.0022506073355712287,5.0
-0.9815963192638528,3.4861841706120598,0.6815339078567887,-0.21760592733766057,-0.20377880730745648,-0.1155186275400393,-0.035716846906267065,-0.0022269230988689664,5.0
-0.9805961192238448,3.4850894847996567,0.682027153096136,-0.21789618002480998,-0.20396807216912313,-0.11554841443032197,-0.03567414307067143,-0.0022032638012531294,5.0
-0.9795959191838368,3.4839950990904573,0.6825202356104699,-0.21818657905366748,-0.20415726061549497,-0.1155780273003408,-0.03563139548129308,-0.002179629450293242,5.0
-0.9785957191438288,3.4829010144665165,0.6830131548032095,-0.21847712430572594,-0.20434637233273806,-0.11560746606924854,-0.03558860423072448,-0.0021560200526951206,5.0
-0.9775955191038208,3.4818072319199795,0.6835059100721763,-0.21876781566231066,-0.20453540700654027,-0.11563673065574899,-0.03554576941036671,-0.0021324356142949025,5.0
-0.9765953190638128,3.4807137524531933,0.6839985008095318,-0.21905865300457902,-0.20472436432210556,-0.11566582097808598,-0.03550289111041782,-0.0021088761400530538,5.0
-0.9755951190238048,3.4796205770788156,0.6844909264017174,-0.21934963621352122,-0.2049132439641488,-0.11569473695403204,-0.03545996941986102,-0.0020853416340483127,5.0
-0.9745949189837968,3.47852770681993,0.6849831862293894,-0.21964076516995923,-0.20510204561688908,-0.11572347850087639,-0.03541700442645252,-0.002061832099471582,5.0
-0.9735947189437888,3.477435142710159,0.6854752796673568,-0.2199320397545474,-0.20529076896404405,-0.1157520455354136,-0.03537399621670968,-0.002038347538619775,5.0
-0.9725945189037808,3.4763428857937804,0.6859672060845169,-0.22022345984777286,-0.20547941368882403,-0.1157804379739317,-0.035330944875898586,-0.0020148879528896022,5.0
-0.9715943188637728,3.475250937125842,0.6864589648437908,-0.22051502532995437,-0.20566797947392534,-0.11580865573220005,-0.03528785048802181,-0.0019914533427713137,5.0
-0.9705941188237648,3.474159297772282,0.6869505553020566,-0.22080673608124343,-0.20585646600152488,-0.11583669872545745,-0.03524471313580601,-0.001968043707842388,5.0
-0.9695939187837568,3.473067968810046,0.6874419768100875,-0.22109859198162357,-0.20604487295327312,-0.1158645668683997,-0.035201532900689184,-0.0019446590467611642,5.0
-0.9685937187437488,3.471976951327208,0.6879332287124813,-0.22139059291091062,-0.20623320001028797,-0.11589226007516744,-0.035158309862808115,-0.0019212993572604391,5.0
-0.9675935187037408,3.470886246423091,0.6884243103475972,-0.22168273874875308,-0.2064214468531487,-0.11591977825933353,-0.03511504410098548,-0.0018979646361409843,5.0
-0.9665933186637328,3.469795855208393,0.688915221047486,-0.22197502937463173,-0.20660961316188897,-0.11594712133389072,-0.035071735692716904,-0.0018746548792650229,5.0
-0.9655931186237248,3.4687057788053073,0.6894059601378215,-0.2222674646678598,-0.20679769861599037,-0.11597428921123834,-0.035028384714157805,-0.0018513700815496357,5.0
-0.9645929185837168,3.4676160183476488,0.6898965269378345,-0.22256004450758318,-0.20698570289437607,-0.11600128180317003,-0.03498499124011031,-0.0018281102369601507,5.0
-0.9635927185437088,3.466526574980981,0.6903869207602412,-0.22285276877278015,-0.2071736256754034,-0.11602809902086013,-0.03494155534400975,-0.001804875338503426,5.0
-0.9625925185037008,3.4654374498627445,0.6908771409111739,-0.22314563734226206,-0.20736146663685812,-0.11605474077485105,-0.03489807709791132,-0.001781665378221128,5.0
-0.9615923184636928,3.464348644162382,0.6913671866901111,-0.22343865009467292,-0.20754922545594628,-0.11608120697503961,-0.034854556572476374,-0.001758480347182912,5.0
-0.9605921184236847,3.4632601590614724,0.691857057389805,-0.2237318069084894,-0.20773690180928794,-0.11610749753066352,-0.034810993836958674,-0.0017353202354795708,5.0
-0.9595919183836767,3.4621719957538604,0.6923467522962103,-0.22402510766202133,-0.20792449537291005,-0.11613361235028805,-0.03476738895919061,-0.0017121850322161206,5.0
-0.9585917183436687,3.461084155445787,0.692836270688413,-0.22431855223341168,-0.20811200582223893,-0.11615955134179196,-0.034723742005569075,-0.001689074725504838,5.0
-0.9575915183036607,3.4599966393560253,0.6933256118385541,-0.2246121405006365,-0.20829943283209346,-0.1161853144123539,-0.034680053041041374,-0.0016659893024582241,5.0
-0.9565913182636527,3.4589094487160135,0.6938147750117594,-0.22490587234150486,-0.2084867760766772,-0.11621090146843809,-0.034636322129090936,-0.0016429287491819373,5.0
-0.9555911182236447,3.4578225847699913,0.6943037594660608,-0.22519974763365944,-0.2086740352295713,-0.11623631241578022,-0.03459254933172289,-0.0016198930507676473,5.0
-0.9545909181836367,3.456736048775135,0.6947925644523244,-0.22549376625457604,-0.20886120996372695,-0.11626154715937302,-0.03454873470944948,-0.0015968821912858517,5.0
-0.9535907181436287,3.455649842001698,0.6952811892141734,-0.22578792808156414,-0.20904829995145732,-0.11628660560345185,-0.034504878321275384,-0.0015738961537786248,5.0
-0.9525905181036207,3.4545639657331453,0.6957696329879104,-0.22608223299176675,-0.20923530486443048,-0.11631148765147983,-0.03446098022468291,-0.0015509349202523365,5.0
-0.9515903180636127,3.4534784212662983,0.6962578950024417,-0.22637668086216028,-0.2094222243736608,-0.11633619320613323,-0.03441704047561701,-0.0015279984716702966,5.0
-0.9505901180236047,3.452393209911472,0.6967459744791984,-0.22667127156955505,-0.2096090581495013,-0.1163607221692863,-0.034373059128470204,-0.0015050867879453562,5.0
-0.9495899179835967,3.4513083329926175,0.6972338706320563,-0.22696600499059516,-0.2097958058616361,-0.11638507444199608,-0.03432903623606726,-0.0014821998479324643,5.0
-0.9485897179435887,3.450223791847467,0.6977215826672588,-0.22726088100175837,-0.2099824671790713,-0.11640924992448727,-0.034284971849649966,-0.0014593376294211623,5.0
-0.9475895179035807,3.449139587827675,0.6982091097833343,-0.22755589947935623,-0.2101690417701273,-0.1164332485161365,-0.034240866018861484,-0.0014365001091280563,5.0
-0.9465893178635727,3.448055722298966,0.6986964511710171,-0.22785106029953434,-0.21035552930243048,-0.11645707011545692,-0.034196718791730744,-0.001413687262689221,5.0
-0.9455891178235647,3.446972196641279,0.6991836060131634,-0.22814636333827182,-0.2105419294429041,-0.11648071462008229,-0.034152530214656744,-0.0013908990646525593,5.0
-0.9445889177835567,3.445889012248915,0.6996705734846718,-0.2284418084713821,-0.21072824185776046,-0.1165041819267509,-0.03410830033239256,-0.0013681354884701293,5.0
-0.9435887177435487,3.444806170530684,0.7001573527523962,-0.22873739557451214,-0.2109144662124918,-0.11652747193128964,-0.03406402918802932,-0.0013453965064904399,5.0
-0.9425885177035407,3.4437236729100564,0.7006439429750668,-0.2290331245231431,-0.21110060217186144,-0.11655058452859773,-0.03401971682298009,-0.0013226820899506784,5.0
-0.9415883176635327,3.442641520825312,0.7011303433032017,-0.22932899519258956,-0.2112866493998947,-0.11657351961262989,-0.0339753632769635,-0.0012999922089689264,5.0
-0.9405881176235247,3.4415597157296896,0.701616552879022,-0.22962500745800013,-0.21147260755987027,-0.11659627707638004,-0.03393096858798737,-0.0012773268325363325,5.0
-0.9395879175835167,3.4404782590915426,0.7021025708363693,-0.22992116119435743,-0.2116584763143112,-0.11661885681186458,-0.033886532792332204,-0.0012546859285092477,5.0
-0.9385877175435087,3.439397152394491,0.7025883963006139,-0.2302174562764776,-0.21184425532497486,-0.11664125871010535,-0.03384205592453438,-0.0012320694636013235,5.0
-0.9375875175035007,3.4383163971375734,0.7030740283885722,-0.2305138925790103,-0.2120299442528439,-0.1166634826611122,-0.033797538017369434,-0.0012094774033756038,5.0
-0.9365873174634927,3.4372359948354068,0.7035594662084159,-0.23081046997643914,-0.21221554275811721,-0.1166855285538663,-0.03375297910183515,-0.0011869097122365702,5.0
-0.9355871174234847,3.43615594701834,0.7040447088595848,-0.23110718834308075,-0.21240105050019967,-0.11670739627630207,-0.03370837920713444,-0.0011643663534221642,5.0
-0.9345869173834767,3.435076255232611,0.7045297554326967,-0.23140404755308527,-0.2125864671376928,-0.11672908571529024,-0.033663738360658294,-0.0011418472889957892,5.0
-0.9335867173434687,3.433996921040507,0.7050146050094588,-0.23170104748043627,-0.212771792328385,-0.11675059675661953,-0.03361905658796836,-0.0011193524798382925,5.0
-0.9325865173034606,3.432917946020523,0.7054992566625757,-0.23199818799895022,-0.21295702572924077,-0.11677192928497895,-0.03357433391277966,-0.001096881885639928,5.0
-0.9315863172634526,3.431839331767524,0.7059837094556607,-0.23229546898227646,-0.2131421669963918,-0.11679308318393966,-0.03352957035694297,-0.0010744354648923081,5.0
-0.9305861172234446,3.4307610798929065,0.7064679624431418,-0.23259289030389724,-0.21332721578512612,-0.11681405833593682,-0.03348476594042727,-0.0010520131748803293,5.0
-0.9295859171834366,3.429683192024759,0.706952014670171,-0.23289045183712737,-0.2135121717498778,-0.11683485462225106,-0.033439920681301964,-0.0010296149716740814,5.0
-0.9285857171434286,3.428605669808028,0.7074358651725319,-0.23318815345511404,-0.21369703454421687,-0.11685547192298994,-0.033395034595719096,-0.0010072408101207688,5.0
-0.9275855171034206,3.4275285149046826,0.7079195129765448,-0.2334859950308366,-0.2138818038208381,-0.11687591011706912,-0.033350107697895245,-0.0009848906438366146,5.0
-0.9265853170634126,3.426451728993882,0.7084029570989757,-0.23378397643710636,-0.21406647923155114,-0.11689616908219358,-0.03330514000009362,-0.0009625644251987469,5.0
-0.9255851170234046,3.4253753137721383,0.7088861965469396,-0.23408209754656592,-0.21425106042726894,-0.11691624869483848,-0.03326013151260575,-0.0009402621053370868,5.0
-0.9245849169833966,3.4242992709534903,0.7093692303178066,-0.2343803582316899,-0.21443554705799783,-0.11693614883023001,-0.03321508224373332,-0.0009179836341262441,5.0
-0.9235847169433886,3.4232236022696667,0.7098520573991067,-0.23467875836478355,-0.21461993877282529,-0.11695586936232588,-0.03316999219976972,-0.0008957289601774133,5.0
-0.9225845169033806,3.422148309470262,0.7103346767684356,-0.23497729781798304,-0.2148042352199096,-0.11697541016379573,-0.033124861384981566,-0.0008734980308302524,5.0
-0.9215843168633726,3.4210733943229013,0.7108170873933554,-0.23527597646325468,-0.21498843604646825,-0.11699477110600144,-0.0330796898015902,-0.000851290792144805,5.0
-0.9205841168233646,3.419998858613418,0.7112992882313016,-0.2355747941723952,-0.2151725408987669,-0.11701395205897758,-0.03303447744975298,-0.0008291071888933941,5.0
-0.9195839167833566,3.418924704146023,0.7117812782294829,-0.23587375081703055,-0.21535654942210689,-0.11703295289141072,-0.032989224327544434,-0.0008069471645525359,5.0
-0.9185837167433486,3.4178509327434807,0.7122630563247865,-0.2361728462686161,-0.21554046126081508,-0.11705177347062001,-0.03294393043093758,-0.0007848106612948937,5.0
-0.9175835167033406,3.416777546247282,0.7127446214436776,-0.2364720803984356,-0.21572427605823014,-0.11707041366253587,-0.03289859575378482,-0.0007626976199812025,5.0
-0.9165833166633326,3.41570454651782,0.7132259725021033,-0.2367714530776011,-0.21590799345669232,-0.11708887333168033,-0.03285322028779903,-0.0007406079801522503,5.0
-0.9155831166233246,3.414631935434569,0.7137071084053936,-0.23707096417705253,-0.21609161309753022,-0.11710715234114576,-0.03280780402253435,-0.000718541680020855,5.0
-0.9145829165833166,3.413559714896257,0.7141880280481607,-0.23737061356755643,-0.21627513462104925,-0.11712525055257436,-0.03276234694536709,-0.0006964986564638861,5.0
-0.9135827165433086,3.412487886821048,0.7146687303142023,-0.23767040111970578,-0.21645855766651895,-0.11714316782613692,-0.03271684904147637,-0.0006744788450143001,5.0
-0.9125825165033006,3.4114164531467175,0.7151492140763994,-0.23797032670391968,-0.21664188187216032,-0.11716090402051156,-0.03267131029382485,-0.0006524821798531966,5.0
-0.9115823164632926,3.410345415830833,0.7156294781966172,-0.23827039019044158,-0.21682510687513346,-0.11717845899286285,-0.032625730683139224,-0.0006305085938019307,5.0
-0.9105821164232846,3.409274776850934,0.716109521525605,-0.23857059144933976,-0.21700823231152483,-0.11719583259881983,-0.0325801101878909,-0.0006085580183142537,5.0
-0.9095819163832766,3.4082045382047124,0.7165893429028953,-0.2388709303505051,-0.21719125781633405,-0.11721302469245438,-0.032534448784276214,-0.0005866303834684848,5.0
-0.9085817163432686,3.407134701910191,0.7170689411567022,-0.239171406763652,-0.2173741830234611,-0.1172300351262598,-0.03248874644619709,-0.000564725617959742,5.0
-0.9075815163032606,3.4060652700059086,0.7175483151038194,-0.23947202055831537,-0.21755700756569224,-0.11724686375112828,-0.032443003145241095,-0.0005428436490922067,5.0
-0.9065813162632526,3.4049962445510995,0.7180274635495209,-0.23977277160385124,-0.21773973107468797,-0.1172635104163292,-0.03239721885066195,-0.0005209844027714524,5.0
-0.9055811162232446,3.4039276276258756,0.718506385287457,-0.2400736597694348,-0.21792235318096848,-0.1172799749694866,-0.03235139352935964,-0.0004991478034968197,5.0
-0.9045809161832365,3.4028594213314096,0.7189850790995531,-0.24037468492405936,-0.21810487351389982,-0.11729625725655672,-0.03230552714586061,-0.00047733377435386595,5.0
-0.9035807161432285,3.4017916277901166,0.7194635437559059,-0.2406758469365355,-0.21828729170168096,-0.1173123571218055,-0.032259619662297984,-0.00045554223700685806,5.0
-0.9025805161032205,3.40072424914584,0.7199417780146831,-0.24097714567548947,-0.2184696073713288,-0.11732827440778582,-0.0322136710383916,-0.00043377311169134994,5.0
-0.9015803160632125,3.39965728756403,0.7204197806220186,-0.2412785810093619,-0.21865182014866455,-0.11734400895531455,-0.032167681231428116,-0.0004120263172068548,5.0
-0.9005801160232045,3.398590745231931,0.7208975503119103,-0.24158015280640627,-0.218833929658299,-0.11735956060344939,-0.03212165019624116,-0.00039030177090955485,5.0
-0.8995799159831965,3.397524624358762,0.7213750858061165,-0.24188186093468736,-0.21901593552361845,-0.11737492918946592,-0.03207557788519124,-0.00036859938870512267,5.0
-0.8985797159431885,3.3964589271759005,0.721852385814053,-0.24218370526207936,-0.21919783736676912,-0.11739011454883366,-0.03202946424814585,-0.0003469190850416495,5.0
-0.8975795159031805,3.395393655937068,0.7223294490326905,-0.24248568565626505,-0.21937963480864323,-0.11740511651519356,-0.031983309232459574,-0.00032526077290264235,5.0
-0.8965793158631725,3.3943288129185087,0.7228062741464486,-0.24278780198473218,-0.21956132746886367,-0.1174199349203335,-0.03193711278295397,-0.00030362436380013504,5.0
-0.8955791158231645,3.3932644004191768,0.7232828598270955,-0.24309005411477358,-0.2197429149657683,-0.11743456959416464,-0.0318908748418977,-0.00028200976776791034,5.0
-0.8945789157831565,3.3922004207609158,0.7237592047336416,-0.24339244191348375,-0.21992439691639554,-0.11744902036469815,-0.031844595348986655,-0.000260416893354845,5.0
-0.8935787157431485,3.3911368762886416,0.7242353075122384,-0.24369496524775694,-0.22010577293646746,-0.11746328705802017,-0.03179827424132391,-0.0002388456476183723,5.0
-0.8925785157031405,3.390073769370527,0.7247111667960732,-0.24399762398428537,-0.22028704264037544,-0.11747736949826873,-0.031751911453399916,-0.00021729593611807103,5.0
-0.8915783156631325,3.3890111023981793,0.725186781205266,-0.24430041798955612,-0.22046820564116315,-0.11749126750760845,-0.03170550691707267,-0.000195767662909399,5.0
-0.8905781156231245,3.3879488777868243,0.7256621493467672,-0.24460334712984932,-0.2206492615505113,-0.11750498090620684,-0.031659060561547867,-0.00017426073053756415,5.0
-0.8895779155831165,3.3868870979754866,0.7261372698142552,-0.24490641127123486,-0.22083020997872083,-0.11751850951220964,-0.03161257231335921,-0.0001527750400315598,5.0
-0.8885777155431085,3.3858257654271684,0.7266121411880301,-0.2452096102795703,-0.22101105053469666,-0.11753185314171591,-0.0315660420963487,-0.00013131049089833862,5.0
-0.8875775155031005,3.3847648826290304,0.7270867620349142,-0.2455129440204973,-0.2211917828259312,-0.11754501160875355,-0.03151946983164705,-0.00010986698111717471,5.0
-0.8865773154630925,3.3837044520925685,0.7275611309081486,-0.24581641235943857,-0.22137240645848696,-0.11755798472525422,-0.03147285543765415,-8.844440713419618e-05,5.0
-0.8855771154230845,3.3826444763537937,0.7280352463472913,-0.24612001516159585,-0.2215529210369803,-0.1175707723010289,-0.03142619883001969,-6.704266385709482e-05,5.0
-0.8845769153830765,3.381584957973408,0.7285091068781163,-0.24642375229194524,-0.2217333261645643,-0.11758337414374237,-0.03137949992162385,-4.5661644650036845e-05,5.0
-0.8835767153430685,3.380525899536982,0.7289827110125103,-0.24672762361523387,-0.22191362144291008,-0.11759579005888803,-0.031332758622557966,-2.430124132875588e-05,5.0
-0.8825765153030605,3.3794673036551277,0.7294560572483745,-0.24703162899597747,-0.22209380647219137,-0.11760801984976317,-0.03128597484010565,-2.9613441558767796e-06,5.0
-0.8815763152630525,3.378409172963676,0.7299291440695213,-0.24733576829845477,-0.22227388085106495,-0.11762006331744321,-0.031239148478723576,1.835815816355648e-05,5.0
-0.8805761152230445,3.377351510123845,0.730401969945579,-0.24764004138670564,-0.22245384417665395,-0.11763192026075689,-0.031192279440022973,3.9657378486326004e-05,5.0
-0.8795759151830365,3.3762943178224174,0.7308745333318888,-0.2479444481245244,-0.2226336960445289,-0.11764359047626011,-0.031145367622750643,6.0936431235024775e-05,5.0
-0.8785757151430285,3.3752375987719074,0.7313468326694093,-0.2482489883754585,-0.22281343604869075,-0.11765507375821137,-0.031098412922770845,8.219543240185902e-05,5.0
-0.8775755151030205,3.3741813557107307,0.7318188663846162,-0.2485536620028014,-0.2229930637815507,-0.11766636989854538,-0.03105141523304661,0.00010343449955212338,5.0
-0.8765753150630125,3.373125591403373,0.7322906328894095,-0.24885846886958957,-0.223172578833913,-0.11767747868684805,-0.03100437444362191,0.0001246537518274462,5.0
-0.8755751150230044,3.3720703086405552,0.7327621305810132,-0.24916340883859703,-0.22335198079495552,-0.11768839991033056,-0.0309572904416036,0.0001458533099487823,5.0
-0.8745749149829964,3.3710155102394004,0.7332333578418837,-0.24946848177233039,-0.22353126925221084,-0.11769913335380387,-0.030910163111143748,0.00016703329621907924,5.0
-0.8735747149429884,3.369961199043594,0.7337043130396137,-0.24977368753302343,-0.22371044379154717,-0.1177096787996531,-0.0308629923334221,0.0001881938345256943,5.0
-0.8725745149029804,3.3689073779235477,0.7341749945268413,-0.2500790259826323,-0.22388950399714908,-0.11772003602781184,-0.030815777986628975,0.00020933505034248346,5.0
-0.8715743148629724,3.367854049776556,0.7346454006411554,-0.25038449698282905,-0.22406844945149768,-0.11773020481573591,-0.03076851994594812,0.00023045707073157272,5.0
-0.8705741148229644,3.366801217526956,0.7351155297050085,-0.2506901003949965,-0.2242472797353514,-0.11774018493837879,-0.030721218083540135,0.0002515600243448221,5.0
-0.8695739147829564,3.365748884126281,0.7355853800256241,-0.25099583608022114,-0.22442599442772515,-0.11774997616816447,-0.030673872268525873,0.00027264404142494496,5.0
-0.8685737147429484,3.364697052553414,0.7360549498949102,-0.251301703899288,-0.2246045931058712,-0.11775957827496301,-0.03062648236697045,0.00029370925380630157,5.0
-0.8675735147029404,3.363645725814739,0.7365242375893714,-0.2516077037126734,-0.22478307534525835,-0.11776899102606403,-0.03057904824186726,0.00031475579491532015,5.0
-0.8665733146629324,3.362594906944288,0.7369932413700246,-0.2519138353805383,-0.22496144071955182,-0.11777821418615164,-0.03053156975312258,0.000335783799770557,5.0
-0.8655731146229244,3.3615445990038895,0.7374619594823147,-0.252220098762721,-0.2251396888005925,-0.11778724751727836,-0.030484046757540274,0.0003567934049823632,5.0
-0.8645729145829164,3.360494805083307,0.7379303901560308,-0.2525264937187299,-0.22531781915837534,-0.11779609077883951,-0.030436479108806997,0.0003777847487521895,5.0
-0.8635727145429084,3.359445528300382,0.7383985316052281,-0.25283302010773634,-0.2254958313610295,-0.11780474372754823,-0.03038886665747782,0.0003987579708714752,5.0
-0.8625725145029004,3.358396771801172,0.7388663820281458,-0.25313967778856605,-0.22567372497479657,-0.11781320611740938,-0.030341209250962,0.0004197132127201429,5.0
-0.8615723144628924,3.3573485387600823,0.7393339396071315,-0.25344646661969156,-0.225851499564009,-0.11782147769969464,-0.03029350673350937,0.0004406506172646478,5.0
-0.8605721144228844,3.3563008323799983,0.7398012025085654,-0.25375338645922346,-0.22602915469106916,-0.11782955822291687,-0.030245758946197118,0.00046157032905559556,5.0
-0.8595719143828764,3.3552536558924135,0.7402681688827856,-0.2540604371649012,-0.2262066899164261,-0.11783744743280468,-0.030197965726916798,0.00048247249422490906,5.0
-0.8585717143428684,3.3542070125575507,0.7407348368640169,-0.25436761859408535,-0.2263841047985556,-0.11784514507227804,-0.030150126910362167,0.0005033572604825413,5.0
-0.8575715143028604,3.3531609056644864,0.7412012045703017,-0.25467493060374663,-0.22656139889393606,-0.11785265088142244,-0.030102242328017066,0.0005242247771127096,5.0
-0.8565713142628524,3.3521153385312643,0.7416672701034311,-0.2549823730504574,-0.2267385717570277,-0.11785996459746448,-0.030054311808144166,0.000545075194969649,5.0
-0.8555711142228444,3.351070314505009,0.7421330315488803,-0.25528994579038095,-0.22691562294024886,-0.1178670859547469,-0.03000633517577391,0.0005659086664728601,5.0
-0.8545709141828364,3.3500258369620353,0.7425984869757448,-0.2555976486792611,-0.22709255199395376,-0.11787401468470395,-0.029958312252694172,0.0005867253456018169,5.0
-0.8535707141428284,3.3489819093079496,0.7430636344366802,-0.2559054815724123,-0.22726935846640967,-0.11788075051583707,-0.029910242857440456,0.0006075253878901965,5.0
-0.8525705141028204,3.3479385349777533,0.7435284719678412,-0.2562134443247068,-0.22744604190377327,-0.11788729317369036,-0.029862126805286455,0.000628308950419518,5.0
-0.8515703140628124,3.346895717435935,0.74399299758883,-0.25652153679056505,-0.22762260185006833,-0.11789364238082661,-0.029813963908235555,0.0006490761918122537,5.0
-0.8505701140228044,3.345853460176562,0.744457209302639,-0.2568297588239427,-0.22779903784716068,-0.11789979785680313,-0.029765753975012587,0.0006698272722243493,5.0
-0.8495699139827964,3.344811766723367,0.7449211050956019,-0.2571381102783186,-0.22797534943473602,-0.11790575931814838,-0.02971749681105638,0.0006905623533371725,5.0
-0.8485697139427884,3.343770640629825,0.745384682937343,-0.25744659100668205,-0.22815153615027525,-0.11791152647833805,-0.02966919221851299,0.0007112815983488619,5.0
-0.8475695139027803,3.342730085479232,0.7458479407807365,-0.2577552008615198,-0.22832759752903056,-0.11791709904777206,-0.02962083999622948,0.0007319851719650374,5.0
-0.8465693138627723,3.3416901048847736,0.7463108765618606,-0.25806393969480285,-0.22850353310400148,-0.11792247673375157,-0.029572439939748528,0.0007526732403888817,5.0
-0.8455691138227643,3.340650702489587,0.7467734881999593,-0.25837280735797163,-0.22867934240590976,-0.11792765924045573,-0.02952399184130361,0.0007733459713105983,5.0
-0.8445689137827563,3.3396118819668232,0.7472357735974057,-0.25868180370192245,-0.22885502496317528,-0.11793264626891964,-0.029475495489815047,0.0007940035338961609,5.0
-0.8435687137427483,3.3385736470196945,0.7476977306396703,-0.2589909285769921,-0.22903058030189133,-0.11793743751701201,-0.02942695067088676,0.0008146460987754205,5.0
-0.8425685137027403,3.3375360013815247,0.7481593571952901,-0.2593001818329431,-0.22920600794579923,-0.11794203267941314,-0.029378357166803818,0.0008352738380294865,5.0
-0.8415683136627323,3.336498948815786,0.7486206511158424,-0.25960956331894747,-0.22938130741626367,-0.11794643144759348,-0.02932971475653075,0.0008558869251774169,5.0
-0.8405681136227243,3.335462493116134,0.7490816102359237,-0.2599190728835703,-0.22955647823224698,-0.11795063350979236,-0.029281023215710817,0.0008764855351621602,5.0
-0.8395679135827163,3.334426638106434,0.749542232373128,-0.2602287103747539,-0.22973151991028423,-0.11795463855099705,-0.02923228231666601,0.000897069844335759,5.0
-0.8385677135427083,3.333391387640781,0.7500025153280331,-0.2605384756397989,-0.22990643196445665,-0.11795844625292219,-0.029183491828398016,0.0009176400304437572,5.0
-0.8375675135027008,3.3323567456035112,0.7504624568841892,-0.26084836852534815,-0.23008121390636693,-0.11796205629398972,-0.02913465151659006,0.0009381962726088722,5.0
-0.8365673134626928,3.331322715909209,0.7509220548081098,-0.26115838887736786,-0.23025586524511235,-0.11796546834930945,-0.0290857611436098,0.0009587387513138281,5.0
-0.8355671134226847,3.3302893025027047,0.7513813068492703,-0.2614685365411281,-0.23043038548725928,-0.1179686820906593,-0.029036820468512987,0.0009792676483833841,5.0
-0.8345669133826767,3.3292565093590643,0.7518402107401068,-0.2617788113611837,-0.23060477413681665,-0.11797169718646679,-0.028987829247048295,0.0009997831469655322,5.0
-0.8335667133426687,3.3282243404835725,0.7522987641960212,-0.26208921318135514,-0.23077903069520966,-0.11797451330179055,-0.028938787231663078,0.0010202854315118173,5.0
-0.8325665133026607,3.327192799911708,0.7527569649153918,-0.26239974184470677,-0.23095315466125277,-0.11797713009830252,-0.02888969417151028,0.0010407746877568026,5.0
-0.8315663132626527,3.32616189170911,0.7532148105795853,-0.26271039719352623,-0.23112714553112368,-0.11797954723427055,-0.02884054981245628,0.0010612511026966503,5.0
-0.8305661132226447,3.325131619971535,0.7536722988529767,-0.2630211790693034,-0.23130100279833626,-0.11798176436454155,-0.028791353897090012,0.00108171486456679,5.0
-0.8295659131826367,3.324101988824808,0.754129427382973,-0.2633320873127068,-0.23147472595371352,-0.11798378114052525,-0.028742106164733067,0.0011021661628186409,5.0
-0.8285657131426287,3.3230730024247634,0.7545861938000389,-0.2636431217635615,-0.23164831448536063,-0.11798559721017843,-0.028692806351451022,0.0011226051880954206,5.0
-0.8275655131026207,3.322044664957176,0.7550425957177317,-0.26395428226082607,-0.23182176787863784,-0.11798721221798986,-0.028643454190066083,0.0011430321322069734,5.0
-0.8265653130626127,3.3210169806376846,0.7554986307327399,-0.264265568642567,-0.2319950856161329,-0.11798862580496558,-0.028594049410170717,0.0011634471881035943,5.0
-0.8255651130226047,3.319989953711704,0.7559542964249251,-0.2645769807459345,-0.2321682671776335,-0.11798983760861527,-0.02854459173814275,0.0011838505498488951,5.0
-0.8245649129825967,3.3189635884543307,0.7564095903573725,-0.2648885184071379,-0.23234131204010064,-0.11799084726293897,-0.028495080897161698,0.001204242412591642,5.0
-0.8235647129425887,3.3179378891702367,0.756864510076445,-0.26520018146141827,-0.23251421967764027,-0.11799165439841439,-0.02844551660722628,0.0012246229725365323,5.0
-0.8225645129025807,3.3169128601935522,0.7573190531118409,-0.26551196974302244,-0.23268698956147596,-0.11799225864198541,-0.028395898585173544,0.001244992426913958,5.0
-0.8215643128625727,3.3158885058877416,0.7577732169766629,-0.26582388308517485,-0.2328596211599207,-0.11799265961705045,-0.028346226544699087,0.0012653509739486706,5.0
-0.8205641128225647,3.3148648306454653,0.7582269991674877,-0.26613592132004954,-0.2330321139383496,-0.11799285694345256,-0.028296500196378863,0.001285698812827357,5.0
-0.8195639127825567,3.3138418388884343,0.7586803971644447,-0.2664480842787419,-0.23320446735917202,-0.11799285023746972,-0.02824671924769243,0.001306036143665126,5.0
-0.8185637127425487,3.312819535067252,0.7591334084312986,-0.2667603717912379,-0.23337668088180327,-0.11799263911180596,-0.028196883403047553,0.001326363167470863,5.0
-0.8175635127025407,3.3117979236612443,0.75958603041554,-0.2670727836863849,-0.23354875396263677,-0.11799222317558357,-0.02814699236380645,0.0013466800861114295,5.0
-0.8165633126625327,3.3107770091782824,0.7600382605484817,-0.26738531979185914,-0.23372068605501567,-0.11799160203433565,-0.02809704582831343,0.0013669871022747159,5.0
-0.8155631126225247,3.3097567961545873,0.760490096245361,-0.26769797993413513,-0.23389247660920523,-0.11799077529000018,-0.028047043491924266,0.0013872844194315304,5.0
-0.8145629125825167,3.3087372891545304,0.7609415349054504,-0.26801076393845247,-0.2340641250723652,-0.11798974254091482,-0.027996985047037043,0.0014075722417962867,5.0
-0.8135627125425087,3.307718492770416,0.7613925739121721,-0.2683236716287826,-0.23423563088852048,-0.11798850338181202,-0.027946870183124656,0.0014278507742864516,5.0
-0.8125625125025007,3.306700411622257,0.7618432106332225,-0.26863670282779406,-0.23440699349853353,-0.11798705740381571,-0.02789669858676901,0.0014481202224808165,5.0
-0.8115623124624927,3.305683050357532,0.7622934424207007,-0.2689498573568182,-0.23457821234007672,-0.11798540419443913,-0.027846469941696875,0.0014683807925764928,5.0
-0.8105621124224847,3.3046664136509376,0.7627432666112475,-0.269263135035813,-0.23474928684760374,-0.11798354333758317,-0.02779618392881756,0.0014886326913446696,5.0
-0.8095619123824767,3.3036505062041193,0.763192680526188,-0.26957653568332635,-0.23492021645232125,-0.11798147441353549,-0.027745840226262142,0.001508876126085074,5.0
-0.8085617123424687,3.302635332745397,0.7636416814716841,-0.26989005911645925,-0.2350910005821615,-0.11797919699897179,-0.027695438509424766,0.0015291113045791725,5.0
-0.8075615123024606,3.3016208980294737,0.7640902667388929,-0.2702037051508264,-0.235261638661754,-0.11797671066695718,-0.027644978451005525,0.001549338435042032,5.0
-0.8065613122624526,3.3006072068371313,0.7645384336041342,-0.2705174736005185,-0.23543213011239725,-0.11797401498694875,-0.027594459721055356,0.0015695577260728775,5.0
-0.8055611122224446,3.2995942639749125,0.7649861793290644,-0.2708313642780602,-0.23560247435203124,-0.11797110952479989,-0.027543881987022758,0.0015897693866043323,5.0
-0.8045609121824366,3.2985820742747896,0.7654335011608583,-0.27114537699437125,-0.23577267079520928,-0.11796799384276507,-0.027493244913802378,0.0016099736258502824,5.0
-0.8035607121424286,3.297570642593819,0.7658803963324016,-0.2714595115587241,-0.2359427188530708,-0.1179646674995066,-0.027442548163785736,0.0016301706532524083,5.0
-0.8025605121024206,3.2965599738137814,0.7663268620624832,-0.2717737677787004,-0.2361126179333128,-0.11796113005010143,-0.02739179139691363,0.0016503606784253047,5.0
-0.8015603120624126,3.295550072840808,0.7667728955560081,-0.27208814546014876,-0.23628236744016334,-0.11795738104605044,-0.027340974270730893,0.0016705439111002226,5.0
-0.8005601120224046,3.29454094460499,0.7672184940042078,-0.2724026444071394,-0.23645196677435298,-0.11795342003528836,-0.027290096440442974,0.0016907205610674396,5.0
-0.7995599119823966,3.2935325940599767,0.7676636545848629,-0.2727172644219189,-0.23662141533308848,-0.11794924656219503,-0.027239157558974582,0.0017108908381171808,5.0
-0.7985597119423886,3.292525026182558,0.7681083744625371,-0.2730320053048645,-0.2367907125100251,-0.11794486016760825,-0.02718815727703066,0.0017310549519791198,5.0
-0.7975595119023806,3.2915182459722265,0.7685526507888137,-0.27334686685443665,-0.23695985769523986,-0.11794026038883763,-0.027137095243159277,0.001751213112260464,5.0
-0.7965593118623726,3.290512258450734,0.7689964807025473,-0.2736618488671306,-0.23712885027520475,-0.11793544675968021,-0.027085971103816747,0.0017713655283825784,5.0
-0.7955591118223646,3.2895070686616203,0.7694398613301175,-0.27397695113742726,-0.2372976896327598,-0.11793041881043725,-0.027034784503434973,0.0017915124095161372,5.0
-0.7945589117823566,3.2885026816697387,0.7698827897856967,-0.27429217345774415,-0.23746637514708718,-0.1179251760679325,-0.026983535084491053,0.001811653964514848,5.0
-0.7935587117423486,3.287499102560755,0.7703252631715255,-0.2746075156183829,-0.23763490619368452,-0.11791971805553199,-0.026932222487579045,0.001831790401847653,5.0
-0.7925585117023406,3.2864963364406377,0.7707672785781963,-0.2749229774074793,-0.23780328214433927,-0.11791404429316568,-0.02688084635148411,0.0018519219295295055,5.0
-0.7915583116623326,3.2854943884351293,0.771208833084944,-0.2752385586109486,-0.237971502367103,-0.11790815429734983,-0.026829406313258843,0.0018720487550505974,5.0
-0.7905581116223246,3.2844932636891992,0.7716499237599526,-0.2755542590124329,-0.23813956622626617,-0.11790204758121176,-0.02677790200830221,0.0018921710853041312,5.0
-0.7895579115823166,3.2834929673664845,0.7720905476606624,-0.2758700783932459,-0.23830747308233236,-0.11789572365451588,-0.026726333070440447,0.001912289126512564,5.0
-0.7885577115423086,3.28249350464871,0.772530701834094,-0.276186016532317,-0.23847522229199425,-0.11788918202369107,-0.026674699132010732,0.0019324030841523653,5.0
-0.7875575115023006,3.281494880735095,0.7729703833171774,-0.2765020732061352,-0.23864281320810882,-0.11788242219186039,-0.026622999823947044,0.0019525131628772483,5.0
-0.7865573114622926,3.2804971008417394,0.7734095891370916,-0.2768182481886911,-0.2388102451796733,-0.11787544365887179,-0.02657123477586859,0.001972619566439902,5.0
-0.7855571114222846,3.2795001702009956,0.7738483163116147,-0.277134541251418,-0.23897751755180124,-0.11786824592133113,-0.02651940361617061,0.001992722497612191,5.0
-0.7845569113822766,3.2785040940608248,0.7742865618494826,-0.2774509521631328,-0.23914462966569933,-0.11786082847263632,-0.026467505972117666,0.0020128221581038387,5.0
-0.7835567113422686,3.2775088776841312,0.7747243227507581,-0.2777674806899753,-0.2393115808586445,-0.11785319080301379,-0.02641554146993958,0.0020329187484796145,5.0
-0.7825565113022606,3.2765145263480817,0.775161596007209,-0.2780841265953466,-0.2394783704639613,-0.11784533239955655,-0.02636350973492972,0.002053012468074975,5.0
-0.7815563112622526,3.27552104534341,0.7755983786026988,-0.27840088963984677,-0.23964499781099996,-0.11783725274626419,-0.026311410391545945,0.0020731035149102097,5.0
-0.7805561112222446,3.2745284399736994,0.7760346675135809,-0.2787177695812111,-0.2398114622251146,-0.11782895132408416,-0.026259243063514102,0.0020931920856030795,5.0
-0.7795559111822365,3.273536715554652,0.7764704597091098,-0.2790347661742469,-0.23997776302764268,-0.11782042761095614,-0.026207007373934114,0.00211327837527993,5.0
-0.7785557111422285,3.272545877413337,0.7769057521518594,-0.2793518791707662,-0.24014389953588333,-0.11781168108185687,-0.026154702945388596,0.0021333625774853137,5.0
-0.7775555111022205,3.2715559308874234,0.7773405417981506,-0.2796691083195215,-0.24030987106307863,-0.11780271120884821,-0.026102329400054206,0.002153444884090138,5.0
-0.7765553110622125,3.2705668813243958,0.7777748255984882,-0.2799864533661376,-0.24047567691839364,-0.11779351746112644,-0.026049886359815557,0.0021735254851982934,5.0
-0.7755551110222045,3.2695787340807496,0.7782086004980117,-0.28030391405304395,-0.24064131640689743,-0.11778409930507353,-0.025997373446381793,0.002193604569051826,5.0
-0.7745549109821965,3.268591494521173,0.7786418634369505,-0.2806214901194052,-0.24080678882954468,-0.11777445620431067,-0.025944790281405755,0.002213682321934632,5.0
-0.7735547109421885,3.267605168017706,0.7790746113510966,-0.28093918130105244,-0.240972093483159,-0.11776458761975442,-0.025892136486605988,0.002233758928074735,5.0
-0.7725545109021805,3.2666197599488873,0.7795068411722784,-0.2812569873304106,-0.24113722966041473,-0.11775449300967328,-0.025839411683891166,0.0022538345695450566,5.0
-0.7715543108621725,3.2656352756988793,0.7799385498288524,-0.28157490793642914,-0.2413021966498218,-0.11774417182974821,-0.025786615495487438,0.0022739094261628543,5.0
-0.7705541108221645,3.2646517206565795,0.7803697342462016,-0.2818929428445079,-0.24146699373571012,-0.11773362353313407,-0.02573374754406829,0.002293983675387668,5.0
-0.7695539107821565,3.263669100214711,0.780800391347242,-0.2822110917764243,-0.24163162019821366,-0.11772284757052354,-0.025680807452887127,0.002314057492217941,5.0
-0.7685537107421485,3.262687419768896,0.7812305180529435,-0.28252935445025934,-0.24179607531325845,-0.1177118433902135,-0.025627794845912634,0.002334131049086252,5.0
-0.7675535107021405,3.2617066847167155,0.7816601112828571,-0.2828477305803229,-0.24196035835254767,-0.1177006104381729,-0.025574709347966615,0.0023542045157531957,5.0
-0.7665533106621325,3.260726900456747,0.7820891679556528,-0.2831662198770775,-0.24212446858355036,-0.11768914815811372,-0.025521550584864813,0.002374278059199964,5.0
-0.7655531106221245,3.2597480723875885,0.7825176849896711,-0.28348482204706266,-0.2422884052694894,-0.11767745599156326,-0.02546831818356012,0.002394351843519606,5.0
-0.7645529105821165,3.2587702059068646,0.7829456593034774,-0.2838035367928165,-0.2424521676693315,-0.11766553337793928,-0.025415011772288616,0.0024144260298070335,5.0
-0.7635527105421085,3.2577933064102154,0.7833730878164323,-0.2841223638127989,-0.24261575503777671,-0.11765337975462699,-0.02536163098071825,0.0024345007760477808,5.0
-0.7625525105021005,3.2568173792902684,0.7837999674492689,-0.2844413028013124,-0.24277916662525106,-0.11764099455705909,-0.02530817544010011,0.0024545762370055727,5.0
-0.7615523104620925,3.255842429935596,0.7842262951246781,-0.2847603534484227,-0.24294240167789694,-0.11762837721879647,-0.02525464478342235,0.0024746525641087037,5.0
-0.7605521104220845,3.254868463729652,0.7846520677679074,-0.2850795154398789,-0.2431054594375679,-0.11761552717161325,-0.02520103864556681,0.0024947299053352735,5.0
-0.7595519103820765,3.253895486049699,0.7850772823073654,-0.2853987884570334,-0.2432683391418226,-0.11760244384558237,-0.02514735666346816,0.0025148084050972954,5.0
-0.7585517103420685,3.252923502265712,0.7855019356752385,-0.2857181721767598,-0.24343104002391971,-0.11758912666916466,-0.02509359847627567,0.0025348882041238124,5.0
-0.7575515103020605,3.251952517739272,0.7859260248081137,-0.28603766627137156,-0.24359356131281495,-0.11757557506929973,-0.025039763725517472,0.002554969439342898,5.0
-0.7565513102620525,3.250982537822442,0.7863495466476134,-0.28635727040854025,-0.24375590223315824,-0.11756178847149923,-0.024985852055267467,0.0025750522437627318,5.0
-0.7555511102220445,3.2500135678566275,0.7867724981410348,-0.2866769842512116,-0.2439180620052928,-0.11754776629994237,-0.024931863112314625,0.0025951367463517127,5.0
-0.7545509101820365,3.249045613171424,0.7871948762420047,-0.2869968074575238,-0.24408003984525514,-0.11753350797757431,-0.024877796546334863,0.002615223071917667,5.0
-0.7535507101420285,3.2480786790834464,0.7876166779111364,-0.2873167396807227,-0.2442418349647756,-0.11751901292620597,-0.0248236520100653,0.002635311340986232,5.0
-0.7525505101020205,3.2471127708951477,0.7880379001166955,-0.28763678056907754,-0.24440344657128135,-0.11750428056661724,-0.02476942915948089,0.002655401669678409,5.0
-0.7515503100620124,3.2461478938936206,0.7884585398352796,-0.28795692976579745,-0.2445648738678998,-0.11748931031866168,-0.024715127653973625,0.002675494169587424,5.0
-0.7505501100220044,3.245184053349387,0.7888785940525009,-0.28827718690894605,-0.24472611605346356,-0.11747410160137417,-0.024660747156533772,0.002695588947654853,5.0
-0.7495499099819964,3.244221254515177,0.7892980597636755,-0.2885975516313568,-0.24488717232251728,-0.11745865383308061,-0.02460628733393367,0.0027156861060461356,5.0
-0.7485497099419884,3.2432595026246864,0.7897169339745242,-0.28891802356054724,-0.24504804186532445,-0.11744296643150991,-0.024551747856913525,0.002735785742025503,5.0
-0.7475495099019804,3.242298802891331,0.7901352137018801,-0.2892386023186343,-0.24520872386787745,-0.11742703881390881,-0.02449712840036961,0.002755887947830401,5.0
-0.7465493098619724,3.2413391605069863,0.7905528959743996,-0.2895592875222483,-0.24536921751190774,-0.11741087039715832,-0.024442428643544543,0.002775992810545439,5.0
-0.7455491098219644,3.240380580640711,0.7909699778332818,-0.2898800787824465,-0.24552952197489752,-0.11739446059789313,-0.02438764827021951,0.0027961004119759583,5.0
-0.7445489097819564,3.2394230684374636,0.7913864563329991,-0.2902009757046291,-0.24568963643009384,-0.11737780883262287,-0.024332786968908744,0.0028162108285212893,5.0
-0.7435487097419484,3.238466629016808,0.7918023285420264,-0.2905219778884517,-0.24584956004652336,-0.11736091451785602,-0.024277844433055782,0.002836324131047747,5.0
-0.7425485097019404,3.237511267471607,0.7922175915435822,-0.2908430849277412,-0.2460092919890089,-0.11734377707022595,-0.024222820361231745,0.0028564403847614436,5.0
-0.7415483096619324,3.236556988866709,0.7926322424363712,-0.2911642964104091,-0.2461688314181878,-0.11732639590661925,-0.02416771445733536,0.0028765596490809868,5.0
-0.7405481096219244,3.235603798237621,0.7930462783353375,-0.29148561191836664,-0.2463281774905323,-0.11730877044430646,-0.024112526430794857,0.0028966819775101474,5.0
-0.7395479095819164,3.2346517005891786,0.7934596963724165,-0.29180703102743916,-0.24648732935836992,-0.11729090010107476,-0.024057255996771436,0.0029168074175105496,5.0
-0.7385477095419084,3.233700700894203,0.7938724936972961,-0.2921285533072821,-0.2466462861699077,-0.11727278429536309,-0.024001902876364455,0.0029369360103744958,5.0
-0.7375475095019004,3.2327508040921527,0.7942846674781803,-0.2924501783212952,-0.24680504706925593,-0.1172544224463995,-0.023946466796818087,0.0029570677910979873,5.0
-0.7365473094618924,3.2318020150877693,0.79469621490256,-0.29277190562653943,-0.24696361119645652,-0.11723581397434056,-0.023890947491729462,0.0029772027882540466,5.0
-0.7355471094218844,3.2308543387497153,0.7951071331779815,-0.2930937347736527,-0.24712197768751004,-0.11721695830041298,-0.023835344701258185,0.002997341023866364,5.0
-0.7345469093818764,3.229907779909207,0.7955174195328237,-0.2934156653067664,-0.2472801456744063,-0.11719785484705715,-0.023779658172337077,0.0030174825132834155,5.0
-0.7335467093418684,3.228962343358642,0.7959270712170764,-0.29373769676342365,-0.24743811428515655,-0.11717850303807306,-0.023723887658884207,0.0030376272650531424,5.0
-0.7325465093018604,3.2280180338502253,0.7963360855031232,-0.2940598286744972,-0.24759588264382834,-0.11715890229876844,-0.02366803292201596,0.0030577752807982436,5.0
-0.7315463092618524,3.227074856094587,0.7967444596865199,-0.29438206056410676,-0.24775344987057926,-0.11713905205610782,-0.023612093730261,0.0030779265550921644,5.0
-0.7305461092218444,3.2261328147594033,0.7971521910867829,-0.2947043919495407,-0.24791081508169702,-0.11711895173886518,-0.023556069859775312,0.003098081075335976,5.0
-0.7295459091818364,3.2251919144680072,0.7975592770481765,-0.2950268223411749,-0.2480679773896375,-0.11709860077777708,-0.023499961094557893,0.0031182388216361013,5.0
-0.7285457091418284,3.2242521597980076,0.7979657149404965,-0.2953493512423947,-0.2482249359030673,-0.11707799860569872,-0.023443767226667172,0.0031383997666830673,5.0
-0.7275455091018204,3.2233135552799013,0.7983715021598614,-0.2956719781495174,-0.24838168972690752,-0.11705714465776108,-0.023387488056437995,0.0031585638756313882,5.0
-0.7265453090618124,3.222376105395687,0.7987766361294987,-0.2959947025517156,-0.24853823796237925,-0.11703603837153051,-0.023331123392699105,0.003178731105980644,5.0
-0.7255451090218044,3.221439814577483,0.7991811143005317,-0.2963175239309412,-0.248694579707051,-0.11701467918716944,-0.02327467305299083,0.0031989014074578436,5.0
-0.7245449089817964,3.220504687206141,0.7995849341527702,-0.29664044176185206,-0.24885071405488948,-0.11699306654759936,-0.023218136863783167,0.003219074721901255,5.0
-0.7235447089417884,3.21957072760987,0.799988093195488,-0.2969634555117384,-0.2490066400963105,-0.11697119989866465,-0.02316151466069374,0.0032392509831457076,5.0
-0.7225445089017803,3.2186379400628575,0.8003905889682148,-0.29728656464045167,-0.249162356918234,-0.11694907868929909,-0.023104806288705943,0.0032594301169095656,5.0
-0.7215443088617723,3.2177063287838985,0.8007924190415133,-0.29760976860033483,-0.24931786360413988,-0.11692670237169313,-0.0230480116023868,0.0032796120406834205,5.0
-0.7205441088217643,3.2167758979350314,0.8011935810177588,-0.2979330668361534,-0.2494731592341263,-0.1169040704014625,-0.022991130466104546,0.0032997966636205953,5.0
-0.7195439087817563,3.215846651620177,0.8015940725319124,-0.29825645878502816,-0.2496282428849706,-0.11688118223781865,-0.022934162754245736,0.0033199838864296292,5.0
-0.7185437087417483,3.2149185938837848,0.8019938912522957,-0.2985799438763703,-0.24978311363019104,-0.11685803734374013,-0.022877108351431898,0.003340173601268815,5.0
-0.7175435087017403,3.2139917287094892,0.8023930348813557,-0.29890352153181854,-0.24993777054011324,-0.11683463518614584,-0.022819967152735383,0.0033603656916429306,5.0
-0.7165433086617323,3.2130660600187757,0.8027915011564285,-0.29922719116517665,-0.25009221268193654,-0.11681097523606873,-0.022762739063894356,0.003380560032302243,5.0
-0.7155431086217243,3.212141591669654,0.8031892878504966,-0.2995509521823549,-0.2502464391198036,-0.11678705696883107,-0.022705424001526846,0.0034007564891439224,5.0
-0.7145429085817163,3.211218327455344,0.803586392772938,-0.2998748039813112,-0.25040044891487195,-0.11676287986422035,-0.022648021893343643,0.0034209549191159564,5.0
-0.7135427085417083,3.2102962711029726,0.8039828137702721,-0.3001987459519961,-0.2505542411253876,-0.11673844340666643,-0.0225905326783598,0.00344115517012368,5.0
-0.7125425085017003,3.209375426272287,0.8043785487268995,-0.3005227774762998,-0.25070781480676224,-0.11671374708541984,-0.02253295630710485,0.003461357080939097,5.0
-0.7115423084616923,3.2084557965543756,0.8047735955658295,-0.3008468979280007,-0.2508611690116508,-0.11668879039473003,-0.022475292741831302,0.0034815604811130256,5.0
-0.7105421084216843,3.2075373854704083,0.8051679522494017,-0.301171106672716,-0.2510143027900324,-0.11666357283402486,-0.02241754195672132,0.0035017651908902073,5.0
-0.7095419083816763,3.2066201964703915,0.805561616780004,-0.3014954030678574,-0.251167215189294,-0.11663809390809123,-0.022359703938091766,0.003521971021127547,5.0
-0.7085417083416683,3.20570423293194,0.805954587200774,-0.3018197864625851,-0.2513199052543148,-0.11661235312725479,-0.022301778684596762,0.003542177773215497,5.0
-0.7075415083016603,3.204789498159064,0.8063468615962923,-0.3021442561977675,-0.25147237202755407,-0.11658635000756128,-0.022243766207428305,0.0035623852390027997,5.0
-0.7065413082616523,3.203875995380982,0.8067384380932696,-0.3024688116059426,-0.25162461454914153,-0.11656008407095791,-0.022185666530514365,0.003582593200724672,5.0
-0.7055411082216443,3.2029637277509417,0.8071293148612191,-0.3027934520112821,-0.2517766318569689,-0.11653355484547465,-0.02212747969071446,0.0036028014309344896,5.0
-0.7045409081816363,3.202052698345073,0.8075194901131194,-0.303118176729559,-0.25192842298678536,-0.11650676186540611,-0.022069205738012406,0.003623009692439186,5.0
-0.7035407081416283,3.201142910161258,0.8079089621060636,-0.30344298506811634,-0.25207998697229306,-0.11647970467149313,-0.022010844735706293,0.003643217738238376,5.0
-0.7025405081016203,3.2002343661180204,0.8082977291418967,-0.3037678763258408,-0.2522313228452463,-0.1164523828111042,-0.021952396760595235,0.0036634253114673633,5.0
-0.7015403080616123,3.199327069053445,0.8086857895678408,-0.30409284979313855,-0.25238242963555346,-0.11642479583841712,-0.02189386190316304,0.0036836321453441777,5.0
-0.7005401080216043,3.198421021724116,0.8090731417771054,-0.3044179047519139,-0.2525333063713796,-0.1163969433146,-0.021835240267758353,0.0037038379631206698,5.0
-0.6995399079815963,3.197516226804084,0.8094597842094857,-0.3047430404755524,-0.25268395207925304,-0.1163688248079922,-0.021776531972771233,0.0037240424780378657,5.0
-0.6985397079415883,3.196612686883858,0.8098457153519403,-0.30506825622890543,-0.25283436578417234,-0.11634043989428422,-0.021717737150806087,0.00374424539328557,5.0
-0.6975395079015803,3.195710404469426,0.8102309337391596,-0.30539355126827933,-0.25298454650971663,-0.11631178815669756,-0.021658855948850506,0.003764446401966422,5.0
-0.6965393078615723,3.194809381981302,0.8106154379541195,-0.30571892484142815,-0.2531344932781582,-0.11628286918616376,-0.021599888528440175,0.0037846451870644617,5.0
-0.6955391078215643,3.1939096217536056,0.8109992266286095,-0.3060443761875485,-0.2532842051105762,-0.11625368258150226,-0.021540835065819428,0.003804841421418338,5.0
-0.6945389077815562,3.1930111260331673,0.8113822984437541,-0.30636990453727975,-0.25343368102697383,-0.11622422794959757,-0.021481695752097445,0.003825034767699201,5.0
-0.6935387077415482,3.192113896978668,0.8117646521305097,-0.30669550911270604,-0.2535829200463965,-0.11619450490557524,-0.02142247079339973,0.0038452248783934287,5.0
-0.6925385077015402,3.191217936659811,0.8121462864701477,-0.30702118912736387,-0.25373192118705196,-0.11616451307297701,-0.02136316041101503,0.0038654113957902374,5.0
-0.6915383076615322,3.1903232470565213,0.812527200294717,-0.3073469437862507,-0.25388068346643355,-0.11613425208393373,-0.021303764841537072,0.003885593951974276,5.0
-0.6905381076215242,3.1894298300581867,0.8129073924874882,-0.307672772285841,-0.2540292059014447,-0.11610372157933838,-0.021244284337001415,0.0039057721688233525,5.0
-0.6895379075815162,3.188537687462927,0.813286861983377,-0.3079986738141024,-0.25417748750852526,-0.11607292120901594,-0.02118471916501701,0.003925945658011261,5.0
-0.6885377075415082,3.187646820976901,0.8136656077693499,-0.3083246475505188,-0.2543255273037803,-0.11604185063189286,-0.021125069608892204,0.0039461140210159005,5.0
-0.6875375075015002,3.1867572322136497,0.8140436288848072,-0.3086506926661146,-0.2544733243031095,-0.11601050951616355,-0.021065335967755287,0.003966276849132681,5.0
-0.6865373074614922,3.1858689226934747,0.8144209244219466,-0.3089768083234859,-0.25462087752234047,-0.11597889753945648,-0.021005518556669343,0.003986433723493341,5.0
-0.6855371074214842,3.184981893842856,0.8147974935261044,-0.30930299367683356,-0.2547681859773623,-0.11594701438899672,-0.02094561770674109,0.004006584215090221,5.0
-0.6845369073814762,3.1840961469939066,0.8151733353960761,-0.3096292478720007,-0.254915248684261,-0.11591485976176759,-0.020885633765223725,0.004026727884806103,5.0
-0.6835367073414682,3.183211683383871,0.8155484492844127,-0.30995557004651464,-0.2550620646594566,-0.11588243336466915,-0.02082556709561363,0.004046864283449567,5.0
-0.6825365073014602,3.1823285041546523,0.8159228344976979,-0.3102819593296337,-0.2552086329198425,-0.11584973491467475,-0.020765418077740686,0.004066992951796057,5.0
-0.6815363072614522,3.181446610352392,0.8162964903967961,-0.3106084148423963,-0.255354952482926,-0.11581676413898502,-0.020705187107852085,0.004087113420634638,5.0
-0.6805361072214442,3.180566002927085,0.8166694163970875,-0.31093493569767594,-0.2555010223669699,-0.1157835207751794,-0.020644874598689588,0.004107225210820488,5.0
-0.6795359071814362,3.179686682732234,0.8170416119686675,-0.31126152100024024,-0.25564684159113715,-0.11575000457136465,-0.02058448097956001,0.004127327833333208,5.0
-0.6785357071414282,3.178808650524552,0.817413076636529,-0.31158816984681265,-0.25579240917563384,-0.11571621528632045,-0.02052400669639872,0.0041474207893409335,5.0
-0.6775355071014202,3.1779319069637015,0.8177838099807204,-0.31191488132614037,-0.2559377241418571,-0.11568215268964244,-0.020463452211826303,0.004167503570270355,5.0
-0.6765353070614122,3.1770564526120806,0.818153811636476,-0.3122416545190663,-0.2560827855125419,-0.11564781656188207,-0.020402818005197925,0.004187575657882614,5.0
-0.6755351070214042,3.1761822879346524,0.8185230812943256,-0.31256848849860364,-0.25622759231190956,-0.11561320669468281,-0.020342104572645486,0.004207636524355137,5.0
-0.6745349069813962,3.1753094132988164,0.8188916187001711,-0.31289538233001674,-0.2563721435658182,-0.11557832289091378,-0.02028131242711247,0.004227685632369396,5.0
-0.6735347069413882,3.1744378289743267,0.8192594236553484,-0.31322233507090425,-0.2565164383019125,-0.11554316496479898,-0.02022044209838115,0.004247722435204611,5.0
-0.6725345069013802,3.1735675351332526,0.8196264960166559,-0.31354934577128907,-0.25666047554977683,-0.11550773274204419,-0.020159494133092416,0.004267746376837475,5.0
-0.6715343068613722,3.1726985318499885,0.8199928356963602,-0.31387641347371176,-0.25680425434108745,-0.11547202605995956,-0.020098469094757754,0.004287756892047809,5.0
-0.6705341068213642,3.1718308191013045,0.8203584426621738,-0.3142035372133255,-0.2569477737097655,-0.11543604476757797,-0.020037367563763512,0.004307753406530176,5.0
-0.6695339067813562,3.1709643967664456,0.8207233169372079,-0.3145307160179984,-0.2570910326921318,-0.11539978872577052,-0.019976190137367227,0.00432773533701144,5.0
-0.6685337067413482,3.1700992646272756,0.8210874585999026,-0.3148579489084213,-0.25723403032706266,-0.11536325780735802,-0.019914937429686187,0.004347702091374347,5.0
-0.6675335067013402,3.1692354223684687,0.8214508677839223,-0.3151852348982147,-0.25737676565614415,-0.11532645189721724,-0.019853610071677703,0.004367653068786943,5.0
-0.6665333066613321,3.168372869577744,0.8218135446780341,-0.3155125729940454,-0.25751923772382845,-0.11528937089238449,-0.0197922087111115,0.004387587659837937,5.0
-0.6655331066213241,3.167511605746152,0.8221754895259504,-0.31583996219574334,-0.25766144557759146,-0.11525201470215397,-0.01973073401253387,0.004407505246677901,5.0
-0.6645329065813161,3.1666516302684014,0.822536702626154,-0.316167401496424,-0.2578033882680876,-0.11521438324817218,-0.019669186657223565,0.004427405203166321,5.0
-0.6635327065413081,3.1657929424432334,0.8228971843316919,-0.316494889882617,-0.25794506484930924,-0.11517647646452844,-0.019607567343139547,0.004447286895024429,5.0
-0.6625325065013001,3.1649355414738483,0.8232569350499404,-0.3168224263343944,-0.25808647437874194,-0.11513829429783946,-0.01954587678486026,0.004467149679993766,5.0
-0.6615323064612921,3.16407942646837,0.8236159552423498,-0.3171500098255067,-0.2582276159175228,-0.11509983670733079,-0.019484115713514757,0.004486992908000419,5.0
-0.6605321064212841,3.163224596440362,0.823974245424158,-0.31747763932352074,-0.2583684885305969,-0.1150611036649128,-0.019422284876705245,0.004506815921324859,5.0
-0.6595319063812761,3.162371050309388,0.8243318061640791,-0.3178053137899637,-0.2585090912868756,-0.11502209515525244,-0.01936038503842143,0.0045266180547773914,5.0
-0.6585317063412681,3.1615187869016186,0.8246886380839679,-0.3181330321804681,-0.25864942325939205,-0.11498281117583958,-0.01929841697894627,0.004546398635878992,5.0
-0.6575315063012601,3.1606678049504815,0.8250447418584527,-0.3184607934449221,-0.2587894835254586,-0.11494325173704896,-0.019236381494753443,0.0045661569850476095,5.0
-0.6565313062612521,3.1598181030973587,0.8254001182145511,-0.31878859652762415,-0.25892927116682246,-0.11490341686219696,-0.01917427939839634,0.004585892415789728,5.0
-0.6555311062212441,3.15896967989233,0.8257547679312514,-0.31911644036744025,-0.2590687852698217,-0.11486330658759353,-0.019112111518388666,0.00460560423489717,5.0
-0.6545309061812361,3.1581225337949577,0.8261086918390745,-0.31944432389796507,-0.25920802492553985,-0.11482292096258902,-0.01904987869907663,0.0046252917426490145,5.0
-0.6535307061412281,3.1572766631751175,0.8264618908196069,-0.31977224604768634,-0.25934698922996063,-0.1147822600496157,-0.018987581800502765,0.004644954233018498,5.0
-0.6525305061012201,3.1564320663138714,0.826814365805011,-0.32010020574015313,-0.2594856772841211,-0.1147413239242242,-0.01892522169826142,0.004664590993884841,5.0
-0.6515303060612121,3.1555887414043857,0.8271661177775105,-0.32042820189414667,-0.2596240881942638,-0.11470011267511494,-0.01886279928334595,0.004684201307249856,5.0
-0.6505301060212041,3.1547466865528886,0.8275171477688513,-0.32075623342385556,-0.2597622210719895,-0.11465862640416434,-0.018800315461987665,0.004703784449459201,5.0
-0.6495299059811961,3.1539058997796734,0.8278674568597365,-0.3210842992390527,-0.25990007503440604,-0.11461686522644501,-0.018737771155486485,0.004723339691428191,5.0
-0.6485297059411881,3.15306637902014,0.8282170461792413,-0.32141239824527623,-0.2600376492042794,-0.1145748292702419,-0.018675167300033657,0.004742866298871996,5.0
-0.6475295059011801,3.152228122125877,0.8285659169042021,-0.321740529344013,-0.26017494271017955,-0.11453251867706163,-0.018612504846526153,0.004762363532540081,5.0
-0.6465293058611721,3.151391126865785,0.8289140702585841,-0.32206869143288497,-0.26031195468662854,-0.11448993360163813,-0.018549784760373333,0.004781830648454813,5.0
-0.6455291058211641,3.1505553909272375,0.8292615075128261,-0.32239688340583833,-0.26044868427424495,-0.11444707421193114,-0.01848700802129548,0.004801266898153988,5.0
-0.6445289057811561,3.1497209119172824,0.829608229983161,-0.3227251041533337,-0.26058513061988675,-0.11440394068912042,-0.018424175623114675,0.004820671528937179,5.0
-0.6435287057411481,3.148887687363876,0.8299542390309212,-0.3230533525625426,-0.26072129287679385,-0.11436053322759461,-0.018361288573537936,0.004840043784115756,5.0
-0.6425285057011401,3.148055714717159,0.830299536061817,-0.3233816275175414,-0.2608571702047273,-0.11431685203493384,-0.018298347893932747,0.0048593829032663825,5.0
-0.6415283056611321,3.1472249913507664,0.8306441225251943,-0.3237099278995107,-0.2609927617701072,-0.11427289733188781,-0.01823535461909505,0.0048786881224878245,5.0
-0.640528105621124,3.1463955145631664,0.8309879999132775,-0.3240382525869363,-0.2611280667461494,-0.11422866935234786,-0.01817230979701005,0.004897958674660924,5.0
-0.639527905581116,3.145567281579043,0.8313311697603916,-0.32436660045581095,-0.26126308431299866,-0.11418416834331428,-0.01810921448860561,0.004917193789711519,5.0
-0.638527705541108,3.1447402895507013,0.8316736336421594,-0.32469497037983885,-0.26139781365786,-0.11413939456485722,-0.018046069767498688,0.004936392694876144,5.0
-0.6375275055011,3.1439145355595097,0.8320153931746898,-0.3250233612306415,-0.26153225397512947,-0.11409434829007349,-0.01798287671973482,0.004955554614970367,5.0
-0.636527305461092,3.143090016617373,0.8323564500137431,-0.3253517718779655,-0.2616664044665198,-0.114049029805037,-0.017919636443520768,0.004974678772659485,5.0
-0.635527105421084,3.1422667296682296,0.8326968058538783,-0.3256802011898904,-0.26180026434118575,-0.11400343940874463,-0.017856350048950625,0.004993764388731488,5.0
-0.634526905381076,3.141444671589583,0.8330364624275884,-0.32600864803303986,-0.26193383281584554,-0.11395757741305607,-0.01779301865772543,0.005012810682371996,5.0
-0.633526705341068,3.140623839194055,0.8333754215044167,-0.32633711127279197,-0.26206710911490094,-0.11391144414262945,-0.017729643402866552,0.005031816871441042,5.0
-0.63252650530106,3.1398042292309682,0.8337136848900613,-0.32666558977349147,-0.2622000924705536,-0.11386503993485092,-0.017666225428422895,0.005050782172751471,5.0
-0.631526305261052,3.13898583838795,0.8340512544254614,-0.32699408239866257,-0.2623327821229187,-0.11381836513975935,-0.01760276588917232,0.005069705802348727,5.0
-0.630526105221044,3.1381686632925634,0.8343881319858728,-0.32732258801122244,-0.2624651773201369,-0.11377142011996606,-0.01753926595031728,0.005088586975791869,5.0
-0.629525905181036,3.137352700513955,0.8347243194799311,-0.32765110547369525,-0.26259727731848165,-0.11372420525056978,-0.01747572678717495,0.005107424908435588,5.0
-0.628525705141028,3.1365379465645282,0.8350598188486998,-0.32797963364842597,-0.26272908138246415,-0.11367672091906592,-0.017412149584862074,0.005126218815712964,5.0
-0.62752550510102,3.1357243979016314,0.8353946320647107,-0.3283081713977952,-0.2628605887849356,-0.11362896752525158,-0.01734853553797474,0.0051449679134188365,5.0
-0.626525305061012,3.1349120509292696,0.835728761130991,-0.32863671758443375,-0.26299179880718676,-0.11358094548112586,-0.017284885850263262,0.0051636714179935156,5.0
-0.625525105021004,3.134100901999825,0.8360622080800814,-0.3289652710714366,-0.26312271073904236,-0.11353265521078465,-0.017221201734302395,0.0051823285468066155,5.0
-0.624524904980996,3.133290947415801,0.8363949749730465,-0.3292938307225767,-0.2632533238789537,-0.11348409715031159,-0.01715748441115714,0.005200938518440822,5.0
-0.623524704940988,3.1324821834315753,0.8367270638984747,-0.3296223954025195,-0.26338363753408833,-0.1134352717476643,-0.017093735110044386,0.005219500552975373,5.0
-0.62252450490098,3.1316746062551637,0.8370584769714718,-0.32995096397703516,-0.26351365102041513,-0.1133861794625555,-0.017029955067990536,0.005238013872269021,5.0
-0.621524304860972,3.1308682120500038,0.8373892163326472,-0.33027953531321086,-0.2636433636627858,-0.11333682076633063,-0.01696614552948545,0.005256477700242249,5.0
-0.620524104820964,3.130062996936737,0.8377192841470956,-0.3306081082796629,-0.26377277479501465,-0.11328719614184078,-0.016902307746132952,0.005274891263158563,5.0
-0.619523904780956,3.1292589569950064,0.8380486826033738,-0.33093668174674623,-0.26390188375995305,-0.11323730608331131,-0.016838442976298034,0.005293253789904616,5.0
-0.618523704740948,3.1284560882652617,0.8383774139124679,-0.33126525458676326,-0.2640306899095602,-0.11318715109620656,-0.01677455248475112,0.005311564512268932,5.0
-0.61752350470094,3.1276543867505637,0.8387054803067658,-0.33159382567417334,-0.26415919260497256,-0.11313673169709071,-0.01671063754230961,0.005329822665219086,5.0
-0.616523304660932,3.1268538484184027,0.8390328840390192,-0.33192239388579675,-0.26428739121656586,-0.11308604841348446,-0.016646699425476925,0.0053480274871770045,5.0
-0.615523104620924,3.1260544692025083,0.8393596273813089,-0.3322509581010215,-0.2644152851240175,-0.11303510178371855,-0.016582739416079444,0.005366178220292304,5.0
-0.614522904580916,3.1252562450046693,0.8396857126240037,-0.33257951720200485,-0.2645428737163619,-0.11298389235678288,-0.01651875880090131,0.005384274110713379,5.0
-0.613522704540908,3.1244591716965515,0.8400111420747242,-0.3329080700738739,-0.2646701563920436,-0.11293242069217264,-0.016454758871317667,0.005402314408856043,5.0
-0.6125225045009,3.1236632451215116,0.8403359180573058,-0.33323661560492596,-0.26479713255896664,-0.11288068735973114,-0.016390740922926552,0.005420298369669548,5.0
-0.611522304460892,3.1228684610964117,0.8406600429107582,-0.33356515268682346,-0.2649238016345393,-0.1128286929394889,-0.016326706255179332,0.005438225252899753,5.0
-0.610522104420884,3.1220748154134275,0.8409835189882356,-0.33389368021478977,-0.2650501630457158,-0.11277643802150046,-0.01626265617101063,0.005456094323349261,5.0
-0.6095219043808764,3.1212823038418542,0.8413063486560004,-0.3342221970878005,-0.2651762162290346,-0.11272392320567733,-0.01619859197646724,0.0054739048511342914,5.0
-0.6085217043408684,3.120490922129902,0.8416285342923959,-0.3345507022087713,-0.26530196063065015,-0.11267114910161828,-0.016134514980336922,0.00549165611193812,5.0
-0.6075215043008604,3.119700666006485,0.8419500782868237,-0.3348791944847468,-0.26542739570636475,-0.11261811632843768,-0.016070426493776997,0.005509347387260941,5.0
-0.6065213042608524,3.1189115311830027,0.8422709830387228,-0.3352076728270827,-0.26555252092165366,-0.11256482551459039,-0.01600632782994313,0.005526977964665887,5.0
-0.6055211042208444,3.1181235133551097,0.8425912509565551,-0.3355361361516262,-0.2656773357516862,-0.11251127729769421,-0.015942220303618426,0.00554454713802105,5.0
-0.6045209041808364,3.1173366082044724,0.8429108844568028,-0.3358645833788946,-0.26580183968134585,-0.11245747232435073,-0.015878105230843383,0.0055620542077373875,5.0
-0.6035207041408284,3.116550811400515,0.8432298859629631,-0.3361930134342486,-0.2659260322052432,-0.11240341124996374,-0.015813983928546646,0.005579498481002253,5.0
-0.6025205041008204,3.1157661186021497,0.8435482579045606,-0.3365214252480644,-0.2660499128277273,-0.11234909473855506,-0.015749857714176998,0.005596879272008452,5.0
-0.6015203040608124,3.114982525459494,0.8438660027161619,-0.33684981775590017,-0.2661734810628917,-0.11229452346257944,-0.015685727905336806,0.005614195902178624,5.0
-0.6005201040208044,3.1142000276155675,0.8441831228364012,-0.3371781898986604,-0.26629673643457774,-0.11223969810273686,-0.015621595819417182,0.005631447700384786,5.0
-0.5995199039807964,3.113418620707975,0.8444996207070185,-0.3375065406227566,-0.2664196784763733,-0.11218461934778406,-0.015557462773235083,0.0056486340031629565,5.0
-0.5985197039407884,3.112638300370569,0.8448154987719033,-0.3378348688802644,-0.26654230673160867,-0.11212928789434395,-0.015493330082672636,0.005665754154922635,5.0
-0.5975195039007803,3.1118590622350935,0.8451307594761531,-0.33816317362907455,-0.2666646207533471,-0.11207370444671412,-0.01542919906231886,0.005682807508151,5.0
-0.5965193038607723,3.1110809019328043,0.8454454052651437,-0.3384914538330451,-0.2667866201043743,-0.11201786971667445,-0.015365071025114162,0.005699793423611793,5.0
-0.5955191038207643,3.110303815096073,0.8457594385836096,-0.33881970846214315,-0.266908304357181,-0.11196178442329274,-0.015300947281997634,0.005716711270538615,5.0
-0.5945189037807563,3.1095277973599624,0.8460728618747384,-0.3391479364925875,-0.26702967309394415,-0.11190544929273061,-0.015236829141557636,0.005733560426822612,5.0
-0.5935187037407483,3.108752844363782,0.8463856775792803,-0.3394761369069847,-0.26715072590650435,-0.11184886505804827,-0.015172717909685713,0.005750340279194429,5.0
-0.5925185037007403,3.1079789517526173,0.8466978881346688,-0.3398043086944629,-0.26727146239633887,-0.11179203245900854,-0.01510861488923406,0.005767050223400299,5.0
-0.5915183036607323,3.107206115178834,0.8470094959741572,-0.34013245085079824,-0.2673918821745314,-0.11173495224188064,-0.015044521379676865,0.005783689664372131,5.0
-0.5905181036207243,3.1064343303035558,0.8473205035259721,-0.34046056237854044,-0.2675119848617388,-0.11167762515924361,-0.014980438676775738,0.005800258016391594,5.0
-0.5895179035807163,3.105663592798117,0.847630913212478,-0.34078864228713185,-0.26763177008815453,-0.11162005196978976,-0.014916368072249303,0.005816754703248026,5.0
-0.5885177035407083,3.1048938983454835,0.8479407274493606,-0.3411166895930224,-0.2677512374934674,-0.11156223343812799,-0.014852310853447263,0.0058331791583901196,5.0
-0.5875175035007003,3.1041252426416475,0.8482499486448281,-0.3414447033197803,-0.2678703867268189,-0.11150417033458733,-0.014788268303029137,0.005849530825071314,5.0
-0.5865173034606923,3.1033576213969942,0.8485585791988246,-0.34177268249819887,-0.2679892174467566,-0.11144586343502058,-0.014724241698647838,0.0058658091564888085,5.0
-0.5855171034206843,3.1025910303376354,0.8488666215022651,-0.34210062616639714,-0.2681077293211832,-0.11138731352060847,-0.014660232312638204,0.005882013615916142,5.0
-0.5845169033806763,3.101825465206716,0.8491740779362854,-0.3424285333699177,-0.2682259220273045,-0.11132852137766445,-0.014596241411710799,0.005898143676829306,5.0
-0.5835167033406683,3.1010609217656864,0.8494809508715101,-0.3427564031618186,-0.26834379525157304,-0.11126948779744025,-0.014532270256651077,0.005914198823026332,5.0
-0.5825165033006603,3.100297395795545,0.8497872426673401,-0.3430842346027618,-0.26846134868962895,-0.11121021357593164,-0.01446832010202403,0.005930178548740252,5.0
-0.5815163032606523,3.0995348830980483,0.8500929556712562,-0.34341202676109445,-0.26857858204623786,-0.1111506995136858,-0.0144043921958846,0.00594608235874551,5.0
-0.5805161032206443,3.098773379496887,0.8503980922181454,-0.3437397787129303,-0.2686954950352273,-0.11109094641560958,-0.014340487779493902,0.0059619097684577346,5.0
-0.5795159031806363,3.0980128808388314,0.8507026546296407,-0.3440674895422214,-0.26881208737941814,-0.11103095509077861,-0.014276608087041398,0.005977660304026854,5.0
-0.5785157031406283,3.0972533829948428,0.8510066452134838,-0.3443951583408271,-0.268928358810554,-0.11097072635224772,-0.014212754345373297,0.0059933335024235125,5.0
-0.5775155031006203,3.096494881861148,0.8513100662629074,-0.3447227842085795,-0.2690443090692307,-0.11091026101686352,-0.014148927773727145,0.006008928911518873,5.0
-0.5765153030606123,3.095737373360284,0.8516129200560351,-0.34505036625334307,-0.26915993790481935,-0.11084955990507726,-0.014085129583472808,0.0060244460901577365,5.0
-0.5755151030206043,3.0949808534421064,0.8519152088553003,-0.34537790359106824,-0.2692752450753885,-0.11078862384076038,-0.014021360977859955,0.006039884608224971,5.0
-0.5745149029805963,3.094225318084764,0.8522169349068895,-0.34570539534584394,-0.2693902303476256,-0.11072745365102096,-0.0139576231517722,0.006055244046705317,5.0
-0.5735147029405883,3.093470763295636,0.8525181004402,-0.34603284064994194,-0.26950489349675416,-0.1106660501660229,-0.013893917291487872,0.006070523997736582,5.0
-0.5725145029005803,3.0927171851122384,0.8528187076673222,-0.34636023864385884,-0.2696192343064485,-0.11060441421880601,-0.01383024457444766,0.006085724064656219,5.0
-0.5715143028605723,3.0919645796030912,0.8531187587825371,-0.3466875884763523,-0.2697332525687489,-0.11054254664510875,-0.013766606169029126,0.006100843862041335,5.0
-0.5705141028205643,3.091212942868554,0.8534182559618402,-0.34701488930447283,-0.26984694808397175,-0.1104804482831931,-0.013703003234328125,0.006115883015742206,5.0
-0.5695139027805562,3.090462271041625,0.8537172013624797,-0.3473421402935922,-0.26996032066062015,-0.11041811997367146,-0.0136394369199474,0.006130841162909292,5.0
-0.5685137027405482,3.0897125602887034,0.8540155971225186,-0.34766934061742594,-0.27007337011529087,-0.1103555625593355,-0.013575908365792179,0.006145717952013791,5.0
-0.5675135027005402,3.0889638068103187,0.8543134453604156,-0.3479964894580514,-0.2701860962725815,-0.11029277688498819,-0.013512418701872983,0.006160513042861924,5.0
-0.5665133026605322,3.0882160068418236,0.8546107481746258,-0.34832358600592334,-0.27029849896499397,-0.11022976379727745,-0.013448969048115602,0.0061752261066028,5.0
-0.5655131026205242,3.0874691566540524,0.854907507643223,-0.34865062945988246,-0.2704105780328376,-0.11016652414453278,-0.013385560514178389,0.006189856825730115,5.0
-0.5645129025805162,3.086723252553946,0.8552037258235408,-0.3489776190271628,-0.2705223333241307,-0.11010305877660434,-0.013322194199276815,0.00620440489407768,5.0
-0.5635127025405082,3.085978290885138,0.8554994047518331,-0.3493045539233909,-0.2706337646945009,-0.11003936854470477,-0.013258871192015343,0.006218870016808834,5.0
-0.5625125025005002,3.0852342680285108,0.8557945464429568,-0.34963143337258484,-0.2707448720070832,-0.10997545430125362,-0.013195592570226653,0.006233251910399912,5.0
-0.5615123024604922,3.0844911804027144,0.8560891528900719,-0.3499582566071467,-0.27085565513241805,-0.10991131689972478,-0.013132359400818193,0.006247550302617745,5.0
-0.5605121024204842,3.083749024464654,0.8563832260643618,-0.3502850228678518,-0.2709661139483478,-0.10984695719449628,-0.01306917273962612,0.006261764932491388,5.0
-0.5595119023804762,3.083007796709939,0.8566767679147735,-0.35061173140383345,-0.27107624833991173,-0.10978237604070325,-0.013006033631276599,0.006275895550278129,5.0
-0.5585117023404682,3.082267493673306,0.8569697803677765,-0.3509383814725645,-0.27118605819924063,-0.10971757429409425,-0.012942943109054444,0.006289941917423839,5.0
-0.5575115023004602,3.0815281119289986,0.8572622653271412,-0.3512649723398353,-0.271295543425451,-0.10965255281088979,-0.012879902194779132,0.006303903806517882,5.0
-0.5565113022604522,3.080789648091123,0.857554224673736,-0.35159150327972605,-0.2714047039245371,-0.10958731244764423,-0.012816911898688074,0.006317781001242579,5.0
-0.5555111022204442,3.080052098813971,0.8578456602653436,-0.3519179735745784,-0.2715135396092643,-0.10952185406111105,-0.012753973219327207,0.006331573296317418,5.0
-0.5545109021804362,3.0793154607923023,0.8581365739364943,-0.35224438251496043,-0.27162205039905923,-0.10945617850811074,-0.01269108714344889,0.006345280497438085,5.0
-0.5535107021404282,3.078579730761605,0.8584269674983172,-0.35257072939963,-0.27173023621990183,-0.10939028664540164,-0.012628254645916968,0.006358902421210426,5.0
-0.5525105021004202,3.077844905498322,0.8587168427384139,-0.3528970135354951,-0.27183809700421635,-0.10932417932955493,-0.01256547668961907,0.0063724388950795715,5.0
-0.5515103020604122,3.077110981820043,0.8590062014207431,-0.35322323423756863,-0.2719456326907611,-0.10925785741683165,-0.012502754225385928,0.0063858897572541765,5.0
-0.5505101020204042,3.07637795658567,0.8592950452855287,-0.35354939082892284,-0.2720528432245187,-0.10919132176306351,-0.0124400881919179,0.0063992548566260705,5.0
-0.5495099019803962,3.0756458266955558,0.8595833760491777,-0.35387548264063745,-0.272159728556586,-0.10912457322353691,-0.012377479515718381,0.006412534052685363,5.0
-0.5485097019403882,3.0749145890916063,0.8598711954042224,-0.35420150901174785,-0.27226628864406477,-0.10905761265287992,-0.012314929111034219,0.006425727215431137,5.0
-0.5475095019003802,3.0741842407573614,0.8601585050192775,-0.3545274692891882,-0.27237252344994994,-0.10899044090495257,-0.012252437879802996,0.006438834225277893,5.0
-0.5465093018603722,3.0734547787180424,0.8604453065390079,-0.3548533628277322,-0.272478432943021,-0.10892305883274075,-0.012190006711607072,0.006451854972957912,5.0
-0.5455091018203642,3.0727262000405755,0.8607316015841178,-0.3551791889899308,-0.272584017097731,-0.10885546728825245,-0.012127636483634352,0.006464789359419563,5.0
-0.5445089017803562,3.0719985018335874,0.8610173917513549,-0.35550494714604913,-0.27268927589409775,-0.10878766712241862,-0.01206532806064571,0.00647763729572188,5.0
-0.5435087017403482,3.071271681247376,0.861302678613527,-0.35583063667399756,-0.2727942093175934,-0.10871965918499554,-0.012003082294948819,0.006490398702925354,5.0
-0.5425085017003402,3.0705457354738535,0.8615874637195353,-0.3561562569592629,-0.27289881735903604,-0.10865144432447225,-0.011940900026378595,0.006503073511979274,5.0
-0.5415083016603321,3.069820661746465,0.8618717485944205,-0.3564818073948365,-0.2730031000144801,-0.10858302338797941,-0.011878782082283814,0.00651566166360557,5.0
-0.5405081016203241,3.069096457340085,0.862155534739426,-0.3568072873811394,-0.27310705728510953,-0.10851439722120301,-0.011816729277520028,0.006528163108179501,5.0
-0.5395079015803161,3.0683731195708877,0.862438823632072,-0.35713269632594646,-0.2732106891771287,-0.10844556666830005,-0.011754742414448594,0.006540577805607156,5.0
-0.5385077015403081,3.0676506457961965,0.8627216167262435,-0.35745803364430684,-0.27331399570165626,-0.108376532571818,-0.011692822282941735,0.00655290572520005,5.0
-0.5375075015003001,3.066929033414309,0.8630039154522932,-0.3577832987584636,-0.2734169768746179,-0.10830729577261705,-0.011630969660393444,0.006565146845546854,5.0
-0.5365073014602921,3.066208279864302,0.8632857212171517,-0.35810849109777176,-0.2735196327166417,-0.108237857109796,-0.01156918531173624,0.006577301154382538,5.0
-0.5355071014202841,3.0654883826258157,0.8635670354044576,-0.35843361009861313,-0.2736219632529519,-0.10816821742062087,-0.0115074699894635,0.006589368648454907,5.0
-0.5345069013802761,3.0647693392188162,0.8638478593746933,-0.35875865520431066,-0.2737239685132662,-0.1080983775404564,-0.011445824433657397,0.006601349333388858,5.0
-0.5335067013402681,3.0640511472033403,0.8641281944653336,-0.3590836258650409,-0.2738256485316922,-0.10802833830270128,-0.011384249372022195,0.00661324322354834,5.0
-0.5325065013002601,3.06333380417922,0.8644080419910058,-0.3594085215377437,-0.2739270033466245,-0.10795810053872573,-0.01132274551992282,0.006625050341896281,5.0
-0.5315063012602521,3.062617307785789,0.8646874032436622,-0.3597333416860336,-0.2740280330006443,-0.10788766507781218,-0.011261313580428686,0.006636770719852553,5.0
-0.5305061012202441,3.06190165570157,0.864966279492759,-0.3600580857801054,-0.27412873754041833,-0.10781703274709928,-0.011199954244362428,0.006648404397150137,5.0
-0.5295059011802361,3.061186845643952,0.8652446719854489,-0.36038275329664293,-0.27422911701660097,-0.10774620437152856,-0.011138668190353553,0.006659951421689696,5.0
-0.5285057011402281,3.060472875368841,0.8655225819467794,-0.360707343718723,-0.27432917148373465,-0.10767518077379372,-0.011077456084896863,0.006671411849392555,5.0
-0.5275055011002201,3.0597597426703023,0.8658000105799039,-0.3610318565357221,-0.27442890100015527,-0.10760396277429325,-0.011016318582415476,0.006682785744052409,5.0
-0.5265053010602121,3.0590474453801875,0.8660769590662982,-0.3613562912432175,-0.2745283056278939,-0.10753255119108529,-0.010955256325328323,0.006694073177185709,5.0
-0.5255051010202041,3.058335981367746,0.8663534285659868,-0.3616806473428924,-0.274627385432585,-0.10746094683984568,-0.010894269944122011,0.00670527422788103,5.0
-0.5245049009801961,3.057625348539221,0.866629420217778,-0.36200492434243586,-0.27472614048337146,-0.10738915053382854,-0.010833360057426867,0.006716388982647411,5.0
-0.5235047009401881,3.0569155448374357,0.8669049351395037,-0.36232912175544485,-0.27482457085281325,-0.10731716308382927,-0.010772527272096996,0.0067274175352619306,5.0
-0.5225045009001801,3.0562065682413664,0.8671799744282697,-0.3626532391013252,-0.2749226766167977,-0.10724498529815042,-0.01071177218329435,0.0067383599866165204,5.0
-0.5215043008601721,3.0554984167657033,0.8674545391607096,-0.3629772759051913,-0.27502045785444984,-0.10717261798257031,-0.01065109537457652,0.006749216444564278,5.0
-0.5205041008201641,3.054791088460401,0.8677286303932484,-0.3633012316977654,-0.27511791464804475,-0.10710006194031348,-0.010590497417988174,0.00675998702376526,5.0
-0.5195039007801561,3.05408458141022,0.8680022491623685,-0.3636251060152777,-0.2752150470829215,-0.10702731797202407,-0.01052997887415598,0.0067706718455320366,5.0
-0.5185037007401481,3.0533788937342554,0.8682753964848827,-0.36394889839936434,-0.27531185524739765,-0.10695438687574155,-0.010469540292386894,0.006781271037674957,5.0
-0.5175035007001401,3.052674023585458,0.8685480733582138,-0.3642726083969667,-0.2754083392326872,-0.10688126944687885,-0.0104091822107697,0.006791784734347413,5.0
-0.5165033006601321,3.0519699691501487,0.8688202807606792,-0.36459623556022974,-0.27550449913281755,-0.10680796647820234,-0.010348905156279571,0.006802213075891081,5.0
-0.515503100620124,3.0512667286475224,0.8690920196517754,-0.36491977944640064,-0.27560033504454984,-0.10673447875981462,-0.010288709644885582,0.0068125562086813205,5.0
-0.514502900580116,3.050564300329145,0.8693632909724752,-0.3652432396177272,-0.2756958470672998,-0.1066608070791391,-0.010228596181661047,0.0068228142849728534,5.0
-0.513502700540108,3.0498626824784476,0.869634095645519,-0.36556661564135606,-0.2757910353030603,-0.10658695222090656,-0.010168565260896507,0.006832987462745733,5.0
-0.5125025005001,3.049161873410207,0.8699044345757172,-0.36588990708923264,-0.2758858998563259,-0.1065129149671446,-0.010108617366215234,0.006843075905551894,5.0
-0.511502300460092,3.048461871470029,0.8701743086502517,-0.3662131135379982,-0.27598044083401857,-0.10643869609716797,-0.010048752970691124,0.006853079782362177,5.0
-0.510502100420084,3.0477626750338187,0.8704437187389834,-0.36653623456889023,-0.2760746583454148,-0.10636429638757162,-0.009988972536968857,0.00686299926741403,5.0
-0.509501900380076,3.0470642825072534,0.8707126656947598,-0.36685926976764205,-0.27616855250207484,-0.10628971661222548,-0.009929276517386176,0.006872834540059982,5.0
-0.508501700340068,3.0463666923252473,0.8709811503537257,-0.36718221872438195,-0.2762621234177729,-0.1062149575422708,-0.00986966535409818,0.00688258578461698,5.0
-0.50750150030006,3.045669902951413,0.8712491735356332,-0.36750508103353347,-0.27635537120842935,-0.10614001994611866,-0.009810139479203424,0.006892253190216651,5.0
-0.506501300260052,3.044973912877521,0.8715167360441609,-0.36782785629371717,-0.27644829599204446,-0.10606490458945002,-0.009750699314871828,0.006901836950656585,5.0
-0.505501100220044,3.0442787206229567,0.8717838386672259,-0.36815054410765125,-0.27654089788863373,-0.10598961223521752,-0.009691345273474145,0.006911337264252758,5.0
-0.504500900180036,3.043584324734175,0.8720504821773017,-0.36847314408205367,-0.2766331770201645,-0.10591414364364853,-0.009632077757712916,0.006920754333693072,5.0
-0.503500700140028,3.042890723784155,0.8723166673317377,-0.36879565582754553,-0.27672513351049444,-0.10583849957225039,-0.00957289716075482,0.006930088365892227,5.0
-0.50250050010002,3.042197916371849,0.8725823948730745,-0.36911807895855236,-0.27681676748531137,-0.10576268077581671,-0.009513803866364258,0.0069393395718479025,5.0
-0.501500300060012,3.0415059011216345,0.8728476655293637,-0.36944041309321074,-0.2769080790720752,-0.105686688006435,-0.009454798249038015,0.006948508166498329,5.0
-0.500500100020004,3.0408146766827677,0.8731124800144885,-0.36976265785327245,-0.27699906839996136,-0.10561052201349642,-0.009395880674141037,0.006957594368581375,5.0
-0.499499899979996,3.0401242417288334,0.8733768390284785,-0.37008481286400846,-0.27708973559980415,-0.10553418354370567,-0.00933705149804299,0.0069665984004950955,5.0
-0.498499699939988,3.039434594957196,0.8736407432578318,-0.37040687775411885,-0.27718008080404477,-0.10545767334109361,-0.009278311068255664,0.0069755204881599645,5.0
-0.49749949989998,3.0387457350884532,0.8739041933758304,-0.370728852155637,-0.2772701041466779,-0.1053809921470297,-0.00921965972357107,0.006984360860882667,5.0
-0.496499299859972,3.03805766086589,0.8741671900428574,-0.37105073570384045,-0.2773598057632017,-0.10530414070023685,-0.009161097794200079,0.006993119751221684,5.0
-0.495499099819964,3.0373703710549322,0.8744297339067146,-0.3713725280371597,-0.2774491857905684,-0.10522711973680636,-0.009102625601911512,0.007001797394854576,5.0
-0.494498899779956,3.0366838644426095,0.8746918256029337,-0.37169422879708797,-0.27753824436713653,-0.10514992999021475,-0.0090442434601716,0.007010394030447097,5.0
-0.493498699739948,3.03599813983701,0.8749534657550926,-0.37201583762809465,-0.2776269816326261,-0.10507257219134121,-0.008985951674283772,0.00701890989952417,5.0
-0.49249849969994,3.0353131960667477,0.8752146549751258,-0.37233735417753705,-0.2777153977280725,-0.10499504706848586,-0.008927750541528535,0.007027345246342712,5.0
-0.49149829965993197,3.0346290319804234,0.8754753938636349,-0.3726587780955726,-0.27780349279578376,-0.10491735534738948,-0.008869640351303443,0.007035700317766402,5.0
-0.49049809961992397,3.0339456464460985,0.8757356830101968,-0.37298010903507695,-0.27789126697929994,-0.10483949775125385,-0.0088116213852631,0.007043975363142489,5.0
-0.48949789957991596,3.033263038350767,0.8759955229936676,-0.3733013466515585,-0.27797872042335164,-0.10476147500076272,-0.00875369391745899,0.0070521706341804885,5.0
-0.48849769953990796,3.032581206599828,0.8762549143824876,-0.3736224906030748,-0.27806585327382205,-0.10468328781410366,-0.008695858214479135,0.007060286384832989,5.0
-0.48749749949989996,3.0319001501165714,0.8765138577349844,-0.3739435405501533,-0.27815266567770963,-0.10460493690699112,-0.00863811453558752,0.007068322871178515,5.0
-0.48649729945989195,3.0312198678416613,0.8767723535996667,-0.3742644961557094,-0.27823915778309183,-0.10452642299268945,-0.008580463132863104,0.007076280351306409,5.0
-0.48549709941988395,3.0305403587326247,0.8770304025155271,-0.3745853570849682,-0.27832532973909047,-0.10444774678203725,-0.008522904251338432,0.007084159085203892,5.0
-0.48449689937987594,3.029861621763347,0.8772880050123306,-0.37490612300538717,-0.27841118169583917,-0.10436890898347172,-0.008465438129137732,0.007091959334645212,5.0
-0.48349669933986794,3.029183655923573,0.877545161610906,-0.37522679358657957,-0.2784967138044516,-0.1042899103030542,-0.008408064997614387,0.007099681363083007,5.0
-0.48249649929985994,3.0285064602184084,0.877801872823433,-0.3755473685002382,-0.2785819262169896,-0.10421075144449571,-0.008350785081487778,0.0071073254355417115,5.0
-0.48149629925985193,3.0278300336678328,0.8780581391537277,-0.37586784742006335,-0.2786668190864354,-0.10413143310918317,-0.008293598598979447,0.0071148918185132415,5.0
-0.48049609921984393,3.027154375306214,0.878313961097523,-0.3761882300216903,-0.2787513925666637,-0.10405195599620645,-0.008236505761948405,0.007122380779854796,5.0
-0.4794958991798359,3.0264794841818317,0.8785693391427464,-0.37650851598261675,-0.2788356468124138,-0.10397232080238511,-0.008179506776025615,0.007129792588688908,5.0
-0.4784956991398279,3.0258053593564034,0.8788242737697949,-0.3768287049821343,-0.27891958197926564,-0.10389252822229621,-0.008122601840747552,0.00713712751530565,5.0
-0.4774954990998199,3.02513199990462,0.8790787654518032,-0.37714879670125967,-0.27900319822361436,-0.10381257894830181,-0.008065791149688811,0.007144385831067066,5.0
-0.4764952990598119,3.0244594049136824,0.8793328146549149,-0.37746879082266793,-0.27908649570264815,-0.10373247367057761,-0.008009074890593661,0.007151567808313799,5.0
-0.4754950990198039,3.023787573482851,0.8795864218385437,-0.37778868703062657,-0.2791694745743262,-0.10365221307714093,-0.007952453245506556,0.007158673720273932,5.0
-0.4744948989797959,3.0231165047229975,0.8798395874556343,-0.37810848501093014,-0.2792521349973574,-0.10357179785387946,-0.007895926390901453,0.007165703840973995,5.0
-0.4734946989397879,3.0224461977561625,0.8800923119529172,-0.37842818445083926,-0.27933447713118176,-0.10349122868458042,-0.007839494497810032,0.007172658445152266,5.0
-0.4724944988997799,3.0217766517151254,0.8803445957711631,-0.3787477850390185,-0.27941650113595184,-0.10341050625095942,-0.007783157731948642,0.007179537808174148,5.0
-0.4714942988597719,3.0211078657429735,0.8805964393454309,-0.3790672864654741,-0.27949820717251417,-0.10332963123268965,-0.007726916253843958,0.007186342205949802,5.0
-0.4704940988197639,3.0204398389926834,0.8808478431053114,-0.37938668842149753,-0.2795795954023943,-0.10324860430743124,-0.007670770218957388,0.007193071914853944,5.0
-0.4694938987797559,3.0197725706267056,0.8810988074751696,-0.37970599059960697,-0.27966066598778105,-0.10316742615086066,-0.007614719777808092,0.00719972721164782,5.0
-0.4684936987397479,3.0191060598165604,0.8813493328743788,-0.3800251926934912,-0.27974141909151207,-0.10308609743670029,-0.007558765076094595,0.007206308373403324,5.0
-0.4674934986997399,3.0184403057424363,0.8815994197175558,-0.38034429439795453,-0.2798218548770609,-0.10300461883674786,-0.007502906254815064,0.007212815677429248,5.0
-0.4664932986597319,3.0177753075927978,0.8818490684147889,-0.38066329540886434,-0.27990197350852397,-0.10292299102090582,-0.007447143450386026,0.0072192494011996755,5.0
-0.4654930986197239,3.0171110645640002,0.8820982793718624,-0.380982195423096,-0.27998177515060974,-0.10284121465721133,-0.007391476794759688,0.007225609822284438,5.0
-0.4644928985797159,3.016447575859911,0.882347052990477,-0.381300994138486,-0.28006125996862835,-0.10275929041186511,-0.007335906415539737,0.007231897218281771,5.0
-0.46349269853970787,3.0157848406915395,0.8825953896684671,-0.3816196912537798,-0.28014042812848156,-0.10267721894926152,-0.007280432436095497,0.007238111866752952,5.0
-0.46249249849969987,3.015122858276671,0.8828432898000101,-0.38193828646858385,-0.2802192797966543,-0.10259500093201729,-0.00722505497567467,0.007244254045159,5.0
-0.46149229845969186,3.014461627839509,0.8830907537758405,-0.38225677948332,-0.28029781514020674,-0.10251263702100123,-0.007169774149514446,0.007250324030799442,5.0
-0.46049209841968386,3.0138011486103276,0.8833377819834476,-0.3825751699991776,-0.2803760343267669,-0.10243012787536306,-0.0071145900689509435,0.007256322100753069,5.0
-0.45949189837967586,3.0131414198251276,0.8835843748072788,-0.38289345771807143,-0.28045393752452485,-0.10234747415256254,-0.007059502841527125,0.007262248531820689,5.0
-0.45849169833966785,3.0124824407252997,0.8838305326289362,-0.3832116423425974,-0.2805315249022273,-0.10226467650839825,-0.00700451257109899,0.007268103600469845,5.0
-0.45749149829965985,3.011824210557297,0.8840762558273653,-0.3835297235759911,-0.280608796629172,-0.10218173559703632,-0.006949619357940184,0.007273887582781458,5.0
-0.45649129825965185,3.011166728572313,0.8843215447790455,-0.3838477011220862,-0.28068575287520425,-0.10209865207103846,-0.006894823298844919,0.007279600754398372,5.0
-0.45549109821964384,3.0105099940259663,0.8845663998581722,-0.38416557468527657,-0.2807623938107136,-0.10201542658139093,-0.006840124487229196,0.007285243390475826,5.0
-0.45449089817963584,3.009854006177994,0.8848108214368373,-0.38448334397047695,-0.2808387196066316,-0.10193205977753202,-0.006785523013230355,0.0072908157656337656,5.0
-0.45349069813962783,3.0091987642919507,0.8850548098852026,-0.3848010086830861,-0.280914730434429,-0.10184855230738002,-0.006731018963804933,0.0072963181539109755,5.0
-0.45249049809961983,3.008544267634913,0.8852983655716734,-0.38511856852895154,-0.2809904264661145,-0.10176490481736059,-0.006676612422824803,0.007301750828721014,5.0
-0.4514902980596118,3.007890515477195,0.8855414888630647,-0.38543602321433434,-0.2810658078742345,-0.1016811179524343,-0.0066223034711716255,0.007307114062809927,5.0
-0.4504900980196038,3.007237507092066,0.8857841801247652,-0.3857533724458763,-0.2811408748318729,-0.10159719235612362,-0.006568092186829627,0.007312408128215739,5.0
-0.4494898979795958,3.0065852417554795,0.886026439720894,-0.38607061593056585,-0.2812156275126503,-0.10151312867053916,-0.006513978644976537,0.007317633296229584,5.0
-0.4484896979395878,3.005933718745803,0.8862682680144605,-0.3863877533757091,-0.28129006609072693,-0.10142892753640662,-0.006459962918072953,0.007322789837358604,5.0
-0.4474894978995798,3.0052829373435617,0.8865096653675127,-0.3867047844888984,-0.28136419074080304,-0.10134458959309277,-0.006406045075949935,0.0073278780212904454,5.0
-0.4464892978595718,3.0046328968311813,0.8867506321412847,-0.3870217089779827,-0.2814380016381203,-0.10126011547863088,-0.0063522251858948355,0.007332898116859378,5.0
-0.4454890978195638,3.003983596492744,0.886991168696342,-0.38733852655104106,-0.2815114989584659,-0.10117550582974676,-0.00629850331273554,0.007337850392014034,5.0
-0.4444888977795558,3.0033350356137447,0.8872312753927216,-0.3876552369163548,-0.2815846828781743,-0.10109076128188353,-0.0062448795189228995,0.007342735113786692,5.0
-0.4434886977395478,3.0026872134808613,0.8874709525900654,-0.3879718397823809,-0.2816575535741304,-0.10100588246922641,-0.006191353864611477,0.007347552548264081,5.0
-0.4424884976995398,3.002040129381722,0.8877102006477569,-0.38828833485772885,-0.2817301112237755,-0.10092087002472747,-0.006137926407738656,0.00735230296055971,5.0
-0.4414882976595318,3.0013937826046844,0.8879490199250458,-0.38860472185113465,-0.2818023560051085,-0.10083572458012902,-0.006084597204101987,0.007356986614787599,5.0
-0.4404880976195238,3.000748172438624,0.8881874107811756,-0.38892100047144007,-0.2818742880966935,-0.10075044676598847,-0.006031366307434946,0.007361603774037502,5.0
-0.4394878975795158,3.0001032981727187,0.8884253735755047,-0.3892371704275686,-0.2819459076776623,-0.1006650372117006,-0.005978233769480922,0.007366154700351478,5.0
-0.4384876975395078,2.9994591590962476,0.8886629086676247,-0.3895532314285061,-0.2820172149277219,-0.10057949654552135,-0.005925199640065647,0.007370639654701892,5.0
-0.4374874974994998,2.998815754498396,0.888900016417473,-0.3898691831832784,-0.28208821002715884,-0.10049382539458973,-0.005872263967167874,0.007375058896970661,5.0
-0.4364872974594918,2.9981730836680605,0.8891366971854463,-0.39018502540093525,-0.2821588931568461,-0.10040802438495085,-0.005819426796988514,0.007379412685929897,5.0
-0.43548709741948377,2.9975311458936607,0.8893729513325055,-0.3905007577905292,-0.2822292644982493,-0.10032209414157732,-0.005766688174018078,0.00738370127922376,5.0
-0.43448689737947577,2.9968899404629634,0.8896087792202835,-0.3908163800611001,-0.28229932423343324,-0.10023603528839096,-0.005714048141102533,0.00738792493335158,5.0
-0.43348669733946776,2.9962494666629067,0.8898441812111836,-0.39113189192165726,-0.2823690725450692,-0.10014984844828383,-0.005661506739507565,0.007392083903652148,5.0
-0.43248649729945976,2.9956097237794275,0.8900791576684748,-0.3914472930811642,-0.28243850961644196,-0.10006353424313884,-0.005609064008981254,0.007396178444289203,5.0
-0.43148629725945176,2.994970711097301,0.890313708956393,-0.3917625832485241,-0.28250763563145725,-0.09997709329385054,-0.005556719987815198,0.007400208808238096,5.0
-0.43048609721944375,2.994332427899979,0.8905478354402273,-0.3920777621325649,-0.28257645077465027,-0.09989052622034464,-0.0055044747129040375,0.00740417524727351,5.0
-0.42948589717943575,2.9936948734694395,0.8907815374864083,-0.39239282944202675,-0.2826449552311925,-0.09980383364159767,-0.005452328219803501,0.007408078011958263,5.0
-0.42848569713942775,2.993058047086036,0.8910148154625942,-0.39270778488554864,-0.2827131491869005,-0.09971701617565637,-0.005400280542786888,0.0074119173516332204,5.0
-0.42748549709941974,2.992421948028355,0.891247669737755,-0.39302262817165784,-0.28278103282824496,-0.0996300744396565,-0.00534833171490007,0.007415693514408177,5.0
-0.42648529705941174,2.9917865755730797,0.8914801006822479,-0.3933373590087567,-0.2828486063423578,-0.09954300904984088,-0.005296481768014995,0.007419406747153716,5.0
-0.42548509701940374,2.9911519289948516,0.8917121086678979,-0.3936519771051153,-0.28291586991704254,-0.09945582062157779,-0.005244730732881759,0.00742305729549409,5.0
-0.42448489697939573,2.990518007566148,0.8919436940680673,-0.3939664821688593,-0.28298282374078204,-0.09936850976937861,-0.005193078639179172,0.00742664540380097,5.0
-0.42348469693938773,2.9898848105571547,0.8921748572577294,-0.394280873907962,-0.28304946800274805,-0.09928107710691489,-0.0051415255155639146,0.007430171315188135,5.0
-0.4224844968993797,2.9892523372356483,0.8924055986135352,-0.3945951520302362,-0.28311580289281113,-0.09919352324703538,-0.005090071389718322,0.00743363527150703,5.0
-0.4214842968593717,2.98862058686688,0.8926359185138799,-0.3949093162433264,-0.28318182860154856,-0.09910584880178239,-0.005038716288396723,0.007437037513343143,5.0
-0.4204840968193637,2.9879895587134686,0.8928658173389653,-0.39522336625470206,-0.28324754532025526,-0.09901805438240828,-0.004987460237470437,0.007440378280013246,5.0
-0.4194838967793557,2.9873592520352923,0.8930952954708586,-0.39553730177165036,-0.2833129532409519,-0.09893014059939052,-0.004936303261971381,0.0074436578095633575,5.0
-0.4184836967393477,2.9867296660893876,0.8933243532935529,-0.3958511225012717,-0.28337805255639664,-0.09884210806244775,-0.004885245386134403,0.007446876338767562,5.0
-0.4174834966993397,2.9861008001298526,0.8935529911930207,-0.3961648281504739,-0.2834428434600925,-0.0987539573805544,-0.004834286633438236,0.007450034103127462,5.0
-0.4164832966593317,2.985472653407755,0.8937812095572673,-0.3964784184259681,-0.2835073261462994,-0.09866568916195534,-0.0047834270266452076,0.007453131336872433,5.0
-0.4154830966193237,2.984845225171044,0.8940090087763817,-0.39679189303426393,-0.283571500810043,-0.09857730401418029,-0.004732666587839643,0.007456168272960518,5.0
-0.4144828965793157,2.984218514664462,0.8942363892425849,-0.3971052516816668,-0.2836353676471244,-0.09848880254405756,-0.0046820053384650255,0.007459145143079984,5.0
-0.4134826965393077,2.983592521129467,0.8944633513502765,-0.39741849407427526,-0.28369892685413134,-0.09840018535772765,-0.0046314432993599134,0.007462062177651509,5.0
-0.4124824964992997,2.982967243804154,0.8946898954960759,-0.39773161991797795,-0.2837621786284472,-0.09831145306065642,-0.004580980490792673,0.0074649196058310325,5.0
-0.4114822964592917,2.982342681923183,0.8949160220788688,-0.3980446289184518,-0.2838251231682617,-0.09822260625764773,-0.004530616932494996,0.0074677176555130965,5.0
-0.4104820964192837,2.981718834717707,0.895141731499844,-0.3983575207811613,-0.28388776067258104,-0.09813364555285624,-0.004480352643694247,0.007470456553334851,5.0
-0.4094818963792757,2.981095701415309,0.8953670241625301,-0.3986702952113563,-0.28395009134123766,-0.09804457154979908,-0.004430187643144651,0.007473136524680521,5.0
-0.4084816963392677,2.980473281239938,0.8955919004728335,-0.3989829519140734,-0.2840121153749013,-0.09795538485136814,-0.004380121949157366,0.007475757793686483,5.0
-0.40748149629925967,2.979851573411847,0.8958163608390728,-0.39929549059413477,-0.2840738329750885,-0.097866086059841,-0.004330155579629413,0.0074783205832467696,5.0
-0.40648129625925167,2.9792305771475434,0.8960404056720059,-0.39960791095614845,-0.28413524434417303,-0.09777667577689218,-0.004280288552071554,0.007480825115019053,5.0
-0.40548109621924366,2.978610291659732,0.8962640353848663,-0.39992021270451056,-0.28419634968539614,-0.09768715460360401,-0.0042305208836350755,0.007483271609431125,5.0
-0.40448089617923566,2.9779907161572674,0.8964872503933866,-0.4002323955434051,-0.28425714920287637,-0.09759752314047672,-0.004180852591137535,0.007485660285687785,5.0
-0.40348069613922766,2.977371849845106,0.8967100511158277,-0.40054445917680587,-0.28431764310162044,-0.09750778198743891,-0.004131283691087445,0.007487991361778161,5.0
-0.40248049609921965,2.9767536919242663,0.8969324379730017,-0.4008564033084799,-0.28437783158753277,-0.09741793174385688,-0.004081814199707984,0.007490265054483418,5.0
-0.40148029605921165,2.9761362415917842,0.8971544113882963,-0.40116822764198845,-0.28443771486742564,-0.09732797300854444,-0.004032444132959696,0.007492481579384857,5.0
-0.40048009601920365,2.975519498040681,0.8973759717876945,-0.40147993188069037,-0.28449729314902994,-0.09723790637977178,-0.0039831735065622015,0.0074946411508723405,5.0
-0.39947989597919564,2.9749034604599234,0.8975971195997978,-0.4017915157277455,-0.28455656664100404,-0.09714773245527425,-0.0039340023360150056,0.007496743982153129,5.0
-0.39847969593918764,2.9742881280343973,0.8978178552558406,-0.402102978886118,-0.2846155355529447,-0.09705745183226096,-0.00388493063661732,0.007498790285260971,5.0
-0.39747949589917964,2.9736734999448746,0.8980381791897082,-0.4024143210585799,-0.2846742000953969,-0.09696706510742283,-0.0038359584234869864,0.007500780271065555,5.0
-0.39647929585917163,2.9730595753679876,0.898258091837953,-0.4027255419477161,-0.28473256047986295,-0.09687657287694053,-0.003787085711578512,0.007502714149282223,5.0
-0.39547909581916363,2.9724463534762076,0.8984775936398073,-0.4030366412559274,-0.2847906169188131,-0.09678597573649196,-0.00373831251570027,0.007504592128481962,5.0
-0.3944788957791556,2.9718338334378194,0.898696685037197,-0.4033476186854373,-0.28484836962569504,-0.09669527428125971,-0.0036896388505307585,0.007506414416101674,5.0
-0.3934786957391476,2.9712220144169064,0.8989153664747498,-0.4036584739382946,-0.28490581881494287,-0.0966044691059377,-0.0036410647306340887,0.007508181218454669,5.0
-0.3924784956991396,2.9706108955733304,0.8991336383998075,-0.403969206716381,-0.28496296470198756,-0.09651356080473804,-0.003592590170474641,0.00750989274074139,5.0
-0.3914782956591316,2.9700004760627174,0.8993515012624342,-0.4042798167214149,-0.28501980750326633,-0.09642254997139757,-0.0035442151844308867,0.007511549187060415,5.0
-0.3904780956191236,2.969390755036449,0.8995689555154214,-0.4045903036549584,-0.2850763474362313,-0.09633143719918372,-0.003495939786808463,0.007513150760419563,5.0
-0.3894778955791156,2.9687817316416476,0.899786001614295,-0.4049006672184228,-0.28513258471935926,-0.09624022308090042,-0.003447763991852474,0.00751469766274725,5.0
-0.3884776955391076,2.9681734050211706,0.9000026400173206,-0.4052109071130753,-0.2851885195721615,-0.09614890820889381,-0.0033996878137590434,0.007516190094904026,5.0
-0.3874774954990996,2.9675657743136026,0.9002188711855048,-0.40552102304004434,-0.28524415221519117,-0.09605749317505714,-0.0033517112666861084,0.007517628256694227,5.0
-0.3864772954590916,2.9669588386532535,0.9004346955825997,-0.40583101470032795,-0.285299482870054,-0.09596597857083618,-0.0033038343647635742,0.007519012346877831,5.0
-0.3854770954190836,2.966352597170153,0.9006501136751025,-0.40614088179480023,-0.2853545117594169,-0.0958743649872339,-0.003256057122102708,0.007520342563182433,5.0
-0.3844768953790756,2.9657470489900533,0.9008651259322568,-0.4064506240242174,-0.28540923910701543,-0.09578265301481476,-0.003208379552804855,0.007521619102315342,5.0
-0.3834766953390676,2.965142193234428,0.9010797328260494,-0.4067602410892263,-0.28546366513766386,-0.09569084324370913,-0.003160801670969552,0.007522842159975773,5.0
-0.38247649529906,2.9645380290204764,0.9012939348312107,-0.40706973269037117,-0.28551779007726313,-0.09559893626361726,-0.0031133234907019655,0.007524011930867175,5.0
-0.381476295259052,2.9639345554611243,0.9015077324252097,-0.40737909852810195,-0.2855716141528095,-0.09550693266381291,-0.003065945026119665,0.00752512860870966,5.0
-0.380476095219044,2.963331771665035,0.9017211260882504,-0.40768833830278084,-0.28562513759240205,-0.09541483303314688,-0.003018666291358827,0.007526192386252469,5.0
-0.379475895179036,2.962729676736614,0.9019341163032676,-0.4079974517146921,-0.28567836062525265,-0.09532263796005047,-0.0029714873005798536,0.007527203455286572,5.0
-0.378475695139028,2.9621282697760183,0.9021467035559192,-0.40830643846404846,-0.2857312834816918,-0.09523034803253812,-0.002924408067972376,0.007528162006657275,5.0
-0.37747549509902,2.9615275498791687,0.9023588883345812,-0.40861529825100057,-0.285783906393178,-0.09513796383821045,-0.0028774286077597275,0.00752906823027691,5.0
-0.376475295059012,2.9609275161377577,0.9025706711303387,-0.40892403077564404,-0.2858362295923051,-0.09504548596425672,-0.0028305489342028436,0.00752992231513758,5.0
-0.375475095019004,2.9603281676392665,0.9027820524369766,-0.4092326357380291,-0.2858882533128102,-0.09495291499745731,-0.002783769061603636,0.007530724449323914,5.0
-0.374474894978996,2.9597295034669777,0.9029930327509721,-0.4095411128381694,-0.28593997778958075,-0.09486025152418556,-0.002737089004307871,0.007531474820025871,5.0
-0.373474694938988,2.959131522699991,0.9032036125714827,-0.40984946177604903,-0.2859914032586622,-0.09476749613040994,-0.0026905087767075,0.007532173613551532,5.0
-0.37247449489898,2.95853422441324,0.9034137924003369,-0.410157682251633,-0.28604252995726537,-0.09467464940169538,-0.00264402839324255,0.007532821015339952,5.0
-0.371474294858972,2.9579376076775126,0.9036235727420197,-0.41046577396487544,-0.2860933581237735,-0.09458171192320515,-0.0025976478684025116,0.007533417209973972,5.0
-0.370474094818964,2.957341671559466,0.9038329541036625,-0.4107737366157287,-0.28614388799774904,-0.09448868427970168,-0.0025513672167272656,0.00753396238119305,5.0
-0.369473894778956,2.9567464151216494,0.9040419369950283,-0.4110815699041522,-0.28619411981994053,-0.09439556705554815,-0.002505186452807588,0.007534456711906082,5.0
-0.368473694738948,2.956151837422525,0.9042505219284999,-0.4113892735301222,-0.28624405383228974,-0.09430236083470872,-0.0024591055912852023,0.007534900384204179,5.0
-0.36747349469894,2.9555579375164918,0.9044587094190624,-0.41169684719364,-0.2862936902779375,-0.09420906620074952,-0.0024131246468524297,0.007535293579373431,5.0
-0.36647329465893197,2.9549647144539053,0.9046664999842908,-0.4120042905947428,-0.2863430294012312,-0.09411568373683943,-0.0023672436342513986,0.007535636477907704,5.0
-0.36547309461892397,2.954372167281106,0.9048738941443306,-0.4123116034335111,-0.28639207144772977,-0.09402221402574965,-0.0023214625682728847,0.007535929259521287,5.0
-0.36447289457891596,2.9537802950404406,0.9050808924218856,-0.41261878541007946,-0.2864408166642109,-0.09392865764985439,-0.0022757814637548173,0.007536172103161569,5.0
-0.36347269453890796,2.953189096770289,0.905287495342198,-0.41292583622464624,-0.2864892652986764,-0.09383501519113048,-0.0022302003355803243,0.007536365187021661,5.0
-0.36247249449889996,2.9525985715050953,0.905493703433032,-0.4132327555774817,-0.28653741760035856,-0.09374128723115734,-0.002184719198675505,0.007536508688552939,5.0
-0.36147229445889195,2.9520087182753882,0.9056995172246557,-0.41353954316893893,-0.2865852738197257,-0.0936474743511163,-0.0021393380680068156,0.007536602784477556,5.0
-0.36047209441888395,2.951419536107817,0.9059049372498215,-0.41384619869946243,-0.2866328342084874,-0.0935535771317901,-0.0020940569585781465,0.00753664765080085,5.0
-0.35947189437887594,2.950831024025174,0.9061099640437489,-0.41415272186959884,-0.2866800990196007,-0.09345959615356224,-0.002048875885427558,0.007536643462823744,5.0
-0.35847169433886794,2.9502431810464302,0.9063145981441031,-0.4144591123800047,-0.2867270685072743,-0.09336553199641583,-0.0020037948636237395,0.007536590395154996,5.0
-0.35747149429885994,2.9496560061867627,0.9065188400909768,-0.41476536993145907,-0.2867737429269751,-0.09327138523993268,-0.001958813908262162,0.007536488621723434,5.0
-0.35647129425885193,2.9490694984575865,0.9067226904268687,-0.41507149422487055,-0.28682012253543226,-0.09317715646329193,-0.0019139330344609183,0.007536338315790079,5.0
-0.35547109421884393,2.948483656866587,0.9069261496966629,-0.4153774849612881,-0.28686620759064224,-0.0930828462452687,-0.0018691522573563274,0.00753613964996018,5.0
-0.3544708941788359,2.947898480417754,0.907129218447608,-0.4156833418419113,-0.28691199835187386,-0.09298845516423268,-0.001824471592098251,0.007535892796195191,5.0
-0.3534706941388279,2.947313968111412,0.9073318972292962,-0.4159890645680991,-0.2869574950796728,-0.09289398379814603,-0.0017798910538451623,0.0075355979258245895,5.0
-0.3524704940988199,2.946730118944258,0.907534186593639,-0.41629465284138034,-0.2870026980358654,-0.09279943272456205,-0.0017354106577589852,0.00753525520955767,5.0
-0.3514702940588119,2.946146931909392,0.9077360870948489,-0.41660010636346323,-0.2870476074835644,-0.09270480252062285,-0.0016910304189996796,0.007534864817495189,5.0
-0.3504700940188039,2.9455644059963557,0.9079375992894146,-0.41690542483624515,-0.2870922236871722,-0.09261009376305733,-0.001646750352719614,0.0075344269191409225,5.0
-0.3494698939787959,2.9449825401911656,0.908138723736077,-0.41721060796182274,-0.28713654691238466,-0.09251530702817905,-0.00160257047405772,0.007533941683413116,5.0
-0.3484696939387879,2.9444013334763497,0.9083394609958101,-0.41751565544250147,-0.28718057742619607,-0.09242044289188375,-0.0015584907981334606,0.007533409278655844,5.0
-0.3474694938987799,2.943820784830986,0.9085398116317939,-0.4178205669808049,-0.2872243154969017,-0.09232550192964657,-0.0015145113400405427,0.007532829872650196,5.0
-0.3464692938587719,2.9432408932307372,0.9087397762093923,-0.4181253422794856,-0.28726776139410254,-0.09223048471652001,-0.0014706321148405246,0.007532203632625462,5.0
-0.3454690938187639,2.942661657647889,0.9089393552961291,-0.4184299810415342,-0.2873109153887082,-0.09213539182713072,-0.0014268531375561866,0.007531530725270074,5.0
-0.3444688937787559,2.9420830770513877,0.9091385494616662,-0.4187344829701892,-0.28735377775294063,-0.09204022383567667,-0.0013831744231647544,0.0075308113167424995,5.0
-0.3434686937387479,2.9415051504068823,0.9093373592777753,-0.4190388477689464,-0.2873963487603368,-0.09194498131592437,-0.0013395959865909626,0.0075300455726820155,5.0
-0.3424684936987399,2.9409278766767573,0.9095357853183178,-0.4193430751415702,-0.2874386286857534,-0.09184966484120562,-0.0012961178426999346,0.007529233658219365,5.0
-0.3414682936587319,2.940351254820177,0.9097338281592172,-0.41964716479210096,-0.2874806178053671,-0.09175427498441423,-0.0012527400062899614,0.007528375737987236,5.0
-0.3404680936187239,2.9397752837931224,0.9099314883784352,-0.4199511164248662,-0.2875223163966802,-0.09165881231800269,-0.0012094624920851043,0.007527471976130681,5.0
-0.3394678935787159,2.939199962548431,0.9101287665559482,-0.42025492974449025,-0.2875637247385221,-0.09156327741397906,-0.0011662853147276766,0.007526522536317387,5.0
-0.33846769353870787,2.938625290035841,0.9103256632737211,-0.4205586044559031,-0.28760484311105133,-0.09146767084390287,-0.0011232084887706174,0.007525527581747801,5.0
-0.33746749349869987,2.9380512652020268,0.9105221791156825,-0.42086214026435076,-0.28764567179575934,-0.09137199317888199,-0.0010802320286697102,0.007524487275165184,5.0
-0.33646729345869186,2.937477886990642,0.9107183146676981,-0.4211655368754044,-0.287686211075472,-0.09127624498956871,-0.0010373559487757286,0.007523401778865437,5.0
-0.33546709341868386,2.9369051543423623,0.9109140705175489,-0.4214687939949703,-0.28772646123435186,-0.09118042684615552,-0.0009945802633264682,0.0075222712547069045,5.0
-0.33446689337867586,2.9363330661949236,0.9111094472549022,-0.42177191132929887,-0.28776642255790064,-0.09108453931837189,-0.0009519049864386837,0.007521095864119965,5.0
-0.33346669333866785,2.9357616214831674,0.9113044454712869,-0.42207488858499453,-0.2878060953329609,-0.09098858297547968,-0.0009093301320999031,0.007519875768116554,5.0
-0.33246649329865985,2.935190819139079,0.9114990657600704,-0.42237772546902463,-0.28784547984771786,-0.09089255838626925,-0.000866855714160201,0.007518611127299522,5.0
-0.33146629325865185,2.934620658091833,0.9116933087164294,-0.4226804216887291,-0.2878845763917013,-0.09079646611905508,-0.0008244817463238509,0.007517302101871833,5.0
-0.33046609321864384,2.934051137267832,0.9118871749373254,-0.4229829769518305,-0.28792338525578703,-0.09070030674167175,-0.0007822082421409665,0.0075159488516457085,5.0
-0.32946589317863584,2.9334822555907536,0.9120806650214809,-0.4232853909664418,-0.287961906732198,-0.09060408082146909,-0.0007400352149990047,0.007514551536051554,5.0
-0.32846569313862783,2.9329140119815893,0.9122737795693504,-0.4235876634410769,-0.28800014111450645,-0.09050778892530839,-0.0006979626781142591,0.007513110314146827,5.0
-0.32746549309861983,2.9323464053586883,0.9124665191830963,-0.42388979408465904,-0.2880380886976342,-0.09041143161955707,-0.0006559906445232376,0.007511625344624722,5.0
-0.3264652930586118,2.931779434637801,0.9126588844665631,-0.42419178260653084,-0.2880757497778548,-0.09031500947008474,-0.0006141191270740659,0.007510096785822742,5.0
-0.3254650930186038,2.9312130987321217,0.9128508760252493,-0.42449362871646246,-0.2881131246527931,-0.09021852304225791,-0.000572348138417813,0.007508524795731121,5.0
-0.3244648929785958,2.9306473965523314,0.9130424944662849,-0.4247953321246606,-0.2881502136214275,-0.09012197290093564,-0.0005306776909997329,0.0075069095320011315,5.0
-0.3234646929385878,2.93008232700664,0.913233740398402,-0.42509689254177835,-0.28818701698408977,-0.0900253596104644,-0.0004891077970505244,0.007505251151953293,5.0
-0.3224644928985798,2.9295178890008327,0.9134246144319098,-0.4253983096789235,-0.2882235350424661,-0.08992868373467322,-0.00044763846857755283,0.007503549812585346,5.0
-0.3214642928585718,2.92895408143831,0.9136151171786696,-0.42569958324766694,-0.2882597680995965,-0.08983194583686872,-0.0004062697173560305,0.0075018056705801845,5.0
-0.3204640928185638,2.9283909032201314,0.9138052492520675,-0.4260007129600525,-0.2882957164598774,-0.08973514647983002,-0.00036500155492017535,0.007500018882313645,5.0
-0.3194638927785558,2.9278283532450606,0.9139950112669881,-0.4263016985286051,-0.2883313804290593,-0.08963828622580361,-0.00032383399255435076,0.007498189603862149,5.0
-0.3184636927385478,2.9272664304096065,0.9141844038397893,-0.4266025396663387,-0.28836676031424857,-0.08954136563649787,-0.00028276704128422095,0.00749631799101017,5.0
-0.3174634926985398,2.9267051336080674,0.9143734275882754,-0.4269032360867663,-0.28840185642390703,-0.08944438527307834,-0.0002418007118678588,0.007494404199257672,5.0
-0.3164632926585318,2.9261444617325747,0.914562083131671,-0.4272037875039078,-0.2884366690678516,-0.08934734569616189,-0.00020093501478686562,0.0074924483838273125,5.0
-0.3154630926185238,2.9255844136731355,0.9147503710905945,-0.4275041936322971,-0.2884711985572539,-0.08925024746581148,-0.00016016996023748565,0.007490450699671585,5.0
-0.3144628925785158,2.9250249883176744,0.9149382920870344,-0.427804454186993,-0.28850544520464105,-0.08915309114153076,-0.00011950555812174081,0.007488411301479808,5.0
-0.3134626925385078,2.9244661845520796,0.9151258467443173,-0.42810456888358556,-0.2885394093238932,-0.08905587728225839,-7.894181803854733e-05,0.007486330343684966,5.0
-0.3124624924984998,2.9239080012602425,0.9153130356870901,-0.4284045374382054,-0.28857309123024477,-0.08895860644636283,-3.847874927488998e-05,0.007484207980470459,5.0
-0.3114622924584918,2.923350437324103,0.9154998595412864,-0.42870435956753034,-0.28860649124028265,-0.0888612791916361,1.8836392030665241e-06,0.007482044365776704,5.0
-0.31046209241848377,2.9227934916236897,0.9156863189341051,-0.4290040349887957,-0.2886396096719461,-0.08876389607528876,4.2145338758772326e-05,0.0074798396533076045,5.0
-0.30946189237847577,2.922237163037166,0.9158724144939813,-0.4293035634198001,-0.288672446844525,-0.08866645765394383,8.230634109410021e-05,0.007477593996536891,5.0
-0.30846169233846776,2.9216814504408695,0.9160581468505629,-0.4296029445789152,-0.28870500307866,-0.08856896448363097,0.00012236663825815084,0.0074753075487143834,5.0
-0.30746149229845976,2.9211263527093547,0.9162435166346817,-0.42990217818509174,-0.2887372786963397,-0.08847141711978064,0.00016232622265596484,0.0074729804628720165,5.0
-0.30646129225845176,2.9205718687154376,0.916428524478331,-0.43020126395786895,-0.28876927402090097,-0.08837381611721863,0.00020218508705724993,0.007470612891829871,5.0
-0.30546109221844375,2.920017997330236,0.916613171014637,-0.4305002016173808,-0.2888009893770267,-0.08827616203015962,0.0002419432246050796,0.007468204988201985,5.0
-0.30446089217843575,2.919464737423209,0.9167974568778331,-0.43079899088436485,-0.2888324250907447,-0.08817845541220139,0.00028160062882453017,0.007465756904402088,5.0
-0.30346069213842775,2.9189120878622052,0.9169813827032358,-0.4310976314801685,-0.2888635814894254,-0.08808069681631901,0.00032115729363125774,0.00746326879264919,5.0
-0.30246049209841974,2.918360047513498,0.9171649491272165,-0.4313961231267574,-0.2888944589017815,-0.08798288679485862,0.00036061321334007436,0.0074607408049730435,5.0
-0.30146029205841174,2.917808615241828,0.9173481567871786,-0.4316944655467221,-0.2889250576578646,-0.08788502589953133,0.00039996838267347256,0.007458173093219521,5.0
-0.30046009201840373,2.917257789910449,0.9175310063215285,-0.4319926584632863,-0.2889553780890648,-0.08778711468140736,0.00043922279677005436,0.00745556580905583,5.0
-0.29945989197839573,2.9167075703811634,0.9177134983696538,-0.4322907016003127,-0.2889854205281072,-0.08768915369090945,0.00047837645119295136,0.007452919103975593,5.0
-0.29845969193838773,2.9161579555143664,0.9178956335718951,-0.4325885946823106,-0.2890151853090512,-0.08759114347780715,0.0005174293419381985,0.00745023312930388,5.0
-0.2974594918983797,2.9156089441690853,0.918077412569522,-0.4328863374344437,-0.28904467276728724,-0.08749308459121025,0.0005563814654429798,0.007447508036202037,5.0
-0.2964592918583717,2.9150605352030214,0.9182588360047058,-0.43318392958253543,-0.28907388323953515,-0.08739497757956277,0.0005952328185939137,0.007444743975672456,5.0
-0.2954590918183637,2.9145127274725877,0.9184399045204974,-0.43348137085307786,-0.2891028170638417,-0.08729682299063665,0.0006339833987352013,0.007441941098563211,5.0
-0.2944588917783557,2.9139655198329533,0.9186206187607995,-0.4337786609732362,-0.2891314745795775,-0.08719862137152543,0.0006726332036767176,0.007439099555572529,5.0
-0.2934586917383477,2.913418911138078,0.9188009793703427,-0.43407579967085724,-0.28915985612743494,-0.08710037326863786,0.000711182231702078,0.007436219497253225,5.0
-0.2924584916983397,2.912872900240757,0.9189809869946607,-0.4343727866744748,-0.2891879620494259,-0.0870020792276917,0.0007496304815765907,0.0074333010740169625,5.0
-0.2914582916583317,2.9123274859926584,0.9191606422800652,-0.4346696217133174,-0.289215792688878,-0.08690373979370739,0.0007879779525551624,0.007430344436138419,5.0
-0.2904580916183237,2.9117826672443625,0.9193399458736202,-0.43496630451731316,-0.28924334839043253,-0.08680535551100144,0.0008262246443901178,0.0074273497337593265,5.0
-0.2894578915783157,2.9112384428454003,0.9195188984231213,-0.43526283481709765,-0.2892706295000413,-0.08670692692318029,0.000864370557338955,0.007424317116892422,5.0
-0.2884576915383077,2.9106948116442948,0.9196975005770643,-0.4355592123440188,-0.2892976363649633,-0.08660845457313388,0.0009024156921720188,0.007421246735425255,5.0
-0.2874574914982997,2.910151772488597,0.9198757529846282,-0.4358554368301446,-0.2893243693337622,-0.08650993900302897,0.0009403600501800845,0.00741813873912391,5.0
-0.2864572914582917,2.9096093242249275,0.920053656295647,-0.43615150800826746,-0.2893508287563023,-0.08641138075430303,0.0009782036331818893,0.007414993277636576,5.0
-0.2854570914182837,2.909067465699013,0.9202312111605857,-0.43644742561191174,-0.2893770149837464,-0.08631278036765762,0.0010159464435315587,0.007411810500497084,5.0
-0.2844568913782757,2.9085261957557256,0.9204084182305181,-0.4367431893753388,-0.2894029283685511,-0.08621413838305186,0.001053588484125957,0.007408590557128241,5.0
-0.2834566913382677,2.907985513239119,0.9205852781571018,-0.4370387990335533,-0.28942856926446464,-0.08611545533969626,0.0010911297584119282,0.007405333596845129,5.0
-0.28245649129825967,2.9074454169924686,0.920761791592556,-0.43733425432230855,-0.28945393802652236,-0.0860167317760459,0.001128570270393515,0.007402039768858251,5.0
-0.28145629125825167,2.9069059058583093,0.9209379591896351,-0.43762955497811284,-0.289479035011044,-0.08591796822979413,0.0011659100246390333,0.007398709222276623,5.0
-0.28045609121824366,2.906366978678472,0.9211137816016085,-0.4379247007382339,-0.28950386057562894,-0.08581916523786592,0.001203149026288054,0.007395342106110675,5.0
-0.27945589117823566,2.905828634294119,0.921289259482237,-0.4382196913407066,-0.2895284150791537,-0.08572032333641184,0.0012402872810583533,0.007391938569275162,5.0
-0.27845569113822766,2.9052908715457866,0.9214643934857484,-0.4385145265243355,-0.28955269888176727,-0.08562144306080087,0.0012773247952527166,0.007388498760591859,5.0
-0.27745549109821965,2.9047536892734156,0.9216391842668158,-0.43880920602870255,-0.28957671234488735,-0.08552252494561441,0.0013142615757656833,0.0073850228287922525,5.0
-0.27645529105821165,2.904217086316393,0.921813632480534,-0.4391037295941717,-0.2896004558311967,-0.08542356952463966,0.001351097630090184,0.007381510922520065,5.0
-0.27545509101820365,2.9036810615135864,0.9219877387823988,-0.4393980969618939,-0.28962392970463857,-0.0853245773308629,0.0013878329663240714,0.007377963190333704,5.0
-0.27445489097819564,2.90314561370338,0.9221615038282838,-0.4396923078738123,-0.289647134330413,-0.08522554889646339,0.001424467593176598,0.0073743797807086205,5.0
-0.27345469093818764,2.902610741723713,0.9223349282744168,-0.43998636207266667,-0.2896700700749725,-0.08512648475280647,0.0014610015199747592,0.007370760842039532,5.0
-0.27245449089817964,2.902076444412111,0.9225080127773602,-0.4402802593020004,-0.2896927373060181,-0.08502738543043745,0.0014974347566695798,0.007367106522642639,5.0
-0.27145429085817163,2.901542720605729,0.9226807579939891,-0.44057399930616337,-0.28971513639249463,-0.08492825145907483,0.0015337673138422698,0.0073634169707576455,5.0
-0.27045409081816363,2.901009569141379,0.9228531645814682,-0.44086758183031793,-0.2897372677045865,-0.08482908336760395,0.0015699992027103024,0.007359692334549744,5.0
-0.2694538907781556,2.9004769888555715,0.9230252331972316,-0.4411610066204426,-0.2897591316137132,-0.08472988168407047,0.0016061304351333771,0.007355932762111495,5.0
-0.2684536907381476,2.8999449785845473,0.9231969644989613,-0.44145427342333854,-0.28978072849252484,-0.08463064693567396,0.001642161023619324,0.007352138401464625,5.0
-0.2674534906981396,2.899413537164314,0.9233683591445649,-0.4417473819866318,-0.2898020587148978,-0.0845313796487613,0.0016780909813298942,0.007348309400561723,5.0
-0.2664532906581316,2.898882663430679,0.923539417792157,-0.4420403320587797,-0.28982312265592947,-0.08443208034882037,0.0017139203220864205,0.007344445907287866,5.0
-0.2654530906181236,2.8983523562192866,0.9237101411000382,-0.442333123389075,-0.28984392069193465,-0.08433274956047355,0.0017496490603754302,0.007340548069462142,5.0
-0.2644528905781156,2.8978226143656496,0.9238805297266719,-0.44262575572764906,-0.2898644532004393,-0.08423338780747125,0.001785277211354124,0.00733661603483907,5.0
-0.2634526905381076,2.8972934367051852,0.9240505843306668,-0.44291822882547766,-0.28988472056017695,-0.08413399561268547,0.0018208047908557748,0.007332649951110006,5.0
-0.2624524904980996,2.8967648220732474,0.9242203055707562,-0.4432105424343842,-0.2899047231510833,-0.08403457349810352,0.0018562318153950202,0.007328649965904395,5.0
-0.2614522904580916,2.896236769305162,0.924389694105779,-0.44350269630704436,-0.2899244613542911,-0.08393512198482145,0.0018915583021730596,0.007324616226790968,5.0
-0.2604520904180836,2.8957092772362585,0.9245587505946549,-0.4437946901969899,-0.2899439355521259,-0.08383564159303765,0.0019267842690827725,0.007320548881278889,5.0
-0.2594518903780756,2.8951823447019036,0.9247274756963711,-0.44408652385861286,-0.2899631461281,-0.08373613284204667,0.0019619097347137126,0.0073164480768187715,5.0
-0.2584516903380676,2.8946559705375354,0.9248958700699597,-0.4443781970471692,-0.2899820934669081,-0.08363659625023262,0.001996934718356989,0.007312313960803643,5.0
-0.2574514902980596,2.8941301535786943,0.9250639343744786,-0.44466970951878276,-0.29000077795442175,-0.08353703233506293,0.002031859240010101,0.007308146680569854,5.0
-0.2564512902580516,2.8936048926610556,0.9252316692689924,-0.4449610610304492,-0.29001919997768427,-0.08343744161308209,0.0020666833203816454,0.007303946383397885,5.0
-0.2554510902180436,2.8930801866204603,0.9253990754125538,-0.4452522513400394,-0.2900373599249054,-0.08333782459990506,0.0021014069808959245,0.007299713216513105,5.0
-0.25445089017803557,2.8925560342929506,0.9255661534641838,-0.4455432802063029,-0.29005525818545563,-0.08323818181021127,0.002136030243697445,0.007295447327086402,5.0
-0.25345069013802757,2.8920324345147974,0.9257329040828539,-0.44583414738887195,-0.2900728951498612,-0.08313851375773795,0.002170553131655332,0.007291148862234822,5.0
-0.25245049009801956,2.8915093861225336,0.9258993279274683,-0.44612485264826424,-0.2900902712097987,-0.0830388209552744,0.0022049756683676625,0.007286817969022092,5.0
-0.25145029005801156,2.890986887952984,0.9260654256568428,-0.4464153957458871,-0.2901073867580894,-0.08293910391465517,0.0022392978781656677,0.007282454794459081,5.0
-0.25045009001800356,2.8904649388432957,0.9262311979296893,-0.4467057764440404,-0.2901242421886933,-0.08283936314675415,0.0022735197861178708,0.007278059485504215,5.0
-0.24944988997799555,2.8899435376309714,0.9263966454045972,-0.44699599450591904,-0.29014083789670436,-0.08273959916147815,0.0023076414180341026,0.0072736321890637745,5.0
-0.24844968993798755,2.889422683153895,0.9265617687400141,-0.44728604969561725,-0.2901571742783441,-0.08263981246776089,0.0023416628004694047,0.007269173051992197,5.0
-0.24744948989797955,2.888902374250364,0.9267265685942278,-0.44757594177813054,-0.29017325173095554,-0.08254000357355663,0.0023755839607278884,0.0072646822210922545,5.0
-0.24644928985797154,2.888382609759118,0.9268910456253517,-0.4478656705193599,-0.2901890706529989,-0.08244017298583421,0.0024094049268664594,0.007260159843115225,5.0
-0.24544908981796354,2.8878633885193676,0.9270552004913046,-0.44815523568611404,-0.2902046314440444,-0.08234032121057074,0.002443125727698448,0.007255606064760953,5.0
-0.24444888977795554,2.887344709370825,0.927219033849792,-0.4484446370461107,-0.29021993450476635,-0.0822404487527454,0.0024767463927971474,0.007251021032677873,5.0
-0.24344868973794753,2.8868265711537306,0.9273825463582935,-0.4487338743679829,-0.2902349802369384,-0.08214055611633363,0.002510266952499262,0.007246404893462984,5.0
-0.24244848969793953,2.8863089727088815,0.9275457386740421,-0.4490229474212783,-0.2902497690434266,-0.08204064380430079,0.002543687437908253,0.007241757793661753,5.0
-0.24144828965793153,2.8857919128776603,0.927708611454006,-0.4493118559764634,-0.2902643013281834,-0.08194071231859612,0.002577007880897587,0.007237079879767949,5.0
-0.24044808961792352,2.8852753905020605,0.927871165354877,-0.44960059980492545,-0.2902785774962424,-0.08184076216014695,0.0026102283141138764,0.007232371298223435,5.0
-0.23944788957791552,2.8847594044247167,0.9280334010330478,-0.4498891786789754,-0.29029259795371076,-0.08174079382885242,0.002643348770979943,0.007227632195417903,5.0
-0.23844768953790751,2.8842439534889297,0.9281953191445995,-0.45017759237184896,-0.29030636310776403,-0.08164080782357759,0.0026763692856977776,0.007222862717688572,5.0
-0.2374474894978995,2.8837290365386923,0.9283569203452836,-0.45046584065771145,-0.2903198733666403,-0.0815408046421476,0.002709289893251425,0.007218063011319803,5.0
-0.2364472894578915,2.8832146524187188,0.9285182052905063,-0.45075392331165753,-0.29033312913963333,-0.0814407847813415,0.0027421106294097373,0.007213233222542675,5.0
-0.2354470894178835,2.8827007999744683,0.9286791746353111,-0.4510418401097139,-0.290346130837086,-0.08134074873688657,0.0027748315307290564,0.007208373497534507,5.0
-0.2344468893778755,2.8821874780521703,0.9288398290343646,-0.45132959082884233,-0.2903588788703846,-0.08124069700345242,0.002807452634555793,0.007203483982418326,5.0
-0.2334466893378675,2.881674685498853,0.9290001691419381,-0.45161717524694056,-0.2903713736519521,-0.08114063007464499,0.00283997397902889,0.007198564823262289,5.0
-0.2324464892978595,2.8811624211623643,0.9291601956118939,-0.4519045931428446,-0.2903836155952415,-0.08104054844300088,0.002872395603082261,0.007193616166079072,5.0
-0.2314462892578515,2.8806506838913983,0.9293199090976705,-0.4521918442963316,-0.29039560511473067,-0.08094045259998164,0.002904717546447054,0.007188638156825166,5.0
-0.23044608921784349,2.8801394725355225,0.9294793102522624,-0.4524789284881183,-0.2904073426259132,-0.08084034303596757,0.0029369398496538555,0.0071836309414001435,5.0
-0.22944588917783548,2.8796287859451972,0.9296383997282109,-0.45276584549986754,-0.290418828545295,-0.08074022024025279,0.0029690625540348126,0.007178594665645932,5.0
-0.22844568913782748,2.879118622971804,0.9297971781775857,-0.4530525951141861,-0.29043006329038595,-0.08064008470103888,0.0030010857017256703,0.0071735294753459715,5.0
-0.22744548909781948,2.8786089824676657,0.9299556462519681,-0.4533391771146279,-0.29044104727969317,-0.08053993690542938,0.0030330093356676505,0.007168435516224328,5.0
-0.22644528905781147,2.8780998632860726,0.9301138046024381,-0.4536255912856945,-0.29045178093271495,-0.08043977733942433,0.0030648334996093264,0.0071633129339448,5.0
-0.22544508901780347,2.8775912642813037,0.9302716538795622,-0.4539118374128388,-0.2904622646699344,-0.08033960648791463,0.0030965582381083335,0.007158161874109997,5.0
-0.22444488897779546,2.8770831843086495,0.9304291947333732,-0.45419791528246267,-0.2904724989128115,-0.08023942483467633,0.003128183596533024,0.0071529824822602625,5.0
-0.22344468893778746,2.8765756222244367,0.9305864278133602,-0.4544838246819222,-0.29048248408377814,-0.0801392328623654,0.003159709621064055,0.007147774903872725,5.0
-0.22244448889777946,2.876068576886047,0.9307433537684522,-0.4547695653995263,-0.2904922206062297,-0.08003903105251206,0.0031911363586958072,0.007142539284360144,5.0
-0.22144428885777145,2.8755620471519423,0.9308999732470025,-0.4550551372245385,-0.2905017089045192,-0.07993881988551521,0.003222463857237784,0.007137275769069805,5.0
-0.22044408881776345,2.875056031881686,0.9310562868967796,-0.45534053994717866,-0.2905109494039504,-0.07983859984063749,0.003253692165315917,0.0071319845032823915,5.0
-0.21944388877775545,2.874550529935962,0.931212295364948,-0.4556257733586235,-0.2905199425307705,-0.07973837139599936,0.0032848213323737265,0.0071266656322107255,5.0
-0.21844368873774744,2.8740455401765983,0.9313679992980568,-0.4559108372510079,-0.2905286887121642,-0.07963813502857427,0.003315851408673448,0.007121319300998538,5.0
-0.21744348869773944,2.8735410614665886,0.9315233993420268,-0.4561957314174245,-0.2905371883762452,-0.07953789121418298,0.0033467824452970626,0.007115945654719198,5.0
-0.21644328865773144,2.8730370926701108,0.9316784961421349,-0.4564804556519275,-0.29054544195205134,-0.07943764042748853,0.003377614494147199,0.007110544838374388,5.0
-0.21544308861772343,2.8725336326525492,0.9318332903430037,-0.4567650097495305,-0.2905534498695359,-0.07933738314199104,0.0034083476079479875,0.007105116996892736,5.0
-0.21444288857771543,2.872030680280515,0.9319877825885852,-0.45704939350620866,-0.29056121255956197,-0.07923711983002255,0.0034389818402458423,0.007099662275128445,5.0
-0.21344268853770743,2.8715282344218642,0.932141973522151,-0.4573336067188996,-0.2905687304538947,-0.07913685096274183,0.003469517245410099,0.007094180817859821,5.0
-0.21244248849769942,2.8710262939457207,0.9322958637862769,-0.45761764918550335,-0.2905760039851942,-0.07903657701012927,0.0034999538786336325,0.007088672769787828,5.0
-0.21144228845769142,2.8705248577224936,0.9324494540228319,-0.4579015207048832,-0.29058303358700915,-0.07893629844098196,0.0035302917959333085,0.007083138275534605,5.0
-0.21044208841768342,2.8700239246238985,0.9326027448729659,-0.45818522107686627,-0.29058981969376946,-0.0788360157229087,0.0035605310541504632,0.007077577479641907,5.0
-0.2094418883776754,2.8695234935229754,0.9327557369770957,-0.4584687501022448,-0.29059636274077905,-0.07873572932232496,0.0035906717109512104,0.007071990526569561,5.0
-0.2084416883376674,2.8690235632941072,0.9329084309748942,-0.45875210758277435,-0.2906026631642089,-0.07863543970444803,0.003620713824826668,0.007066377560693854,5.0
-0.2074414882976594,2.8685241328130413,0.9330608275052786,-0.45903529332117665,-0.29060872140109056,-0.07853514733329213,0.003650657455093163,0.007060738726305901,5.0
-0.2064412882576514,2.8680252009569043,0.9332129272063988,-0.4593183071211391,-0.290614537889308,-0.07843485267166364,0.0036805026618923183,0.007055074167610016,5.0
-0.2054410882176434,2.867526766604225,0.9333647307156243,-0.45960114878731434,-0.2906201130675914,-0.07833455618115631,0.003710249506191032,0.0070493840287219845,5.0
-0.2044408881776354,2.8670288286349472,0.933516238669534,-0.45988381812532103,-0.29062544737550905,-0.07823425832214653,0.003739898049781434,0.007043668453667367,5.0
-0.2034406881376274,2.8665313859304544,0.9336674517039057,-0.4601663149417447,-0.290630541253462,-0.07813395955378873,0.0037694483552807322,0.007037927586379778,5.0
-0.2024404880976194,2.8660344373735818,0.9338183704537019,-0.46044863904413663,-0.2906353951426747,-0.07803366033401048,0.0037989004861309953,0.007032161570699084,5.0
-0.20144028805761138,2.865537981848636,0.9339689955530623,-0.460730790241015,-0.2906400094851896,-0.0779333611195083,0.003828254506598834,0.0070263705503696445,5.0
-0.20044008801760338,2.865042018241414,0.9341193276352912,-0.4610127683418641,-0.2906443847238587,-0.07783306236574278,0.0038575104817750215,0.0070205546690384315,5.0
-0.19943988797759538,2.864546545439218,0.9342693673328468,-0.4612945731571353,-0.2906485213023376,-0.07773276452693417,0.003886668477574058,0.007014714070253259,5.0
-0.19843968793758737,2.8640515623308747,0.9344191152773318,-0.461576204498246,-0.29065241966507716,-0.07763246805605807,0.003915728560733608,0.007008848897460855,5.0
-0.19743948789757937,2.86355706780675,0.9345685720994817,-0.4618576621775796,-0.2906560802573173,-0.07753217340484078,0.003944690798813942,0.0070029592940050135,5.0
-0.19643928785757137,2.8630630607587677,0.9347177384291563,-0.4621389460084867,-0.29065950352507913,-0.07743188102375524,0.003973555260197251,0.006997045403124659,5.0
-0.19543908781756336,2.8625695400804236,0.9348666148953281,-0.4624200558052833,-0.2906626899151577,-0.07733159136201634,0.004002322014086854,0.006991107367951916,5.0
-0.19443888777755536,2.862076504666805,0.935015202126073,-0.46270099138325127,-0.2906656398751157,-0.07723130486757704,0.004030991130506462,0.0069851453315101664,5.0
-0.19343868773754735,2.861583953414603,0.9351635007485601,-0.46298175255863805,-0.2906683538532745,-0.07713102198712384,0.004059562680299221,0.00697915943671208,5.0
-0.19243848769753935,2.8610918852221316,0.9353115113890436,-0.46326233914865605,-0.2906708322987087,-0.07703074316607264,0.004088036735126804,0.006973149826357602,5.0
-0.19143828765753135,2.860600298989342,0.9354592346728517,-0.46354275097148356,-0.29067307566123834,-0.07693046884856501,0.004116413367468382,0.006967116643131995,5.0
-0.19043808761752334,2.8601091936178387,0.9356066712243787,-0.463822987846262,-0.2906750843914206,-0.07683019947746343,0.004144692650619503,0.00696106002960375,5.0
-0.18943788757751534,2.8596185680108923,0.9357538216670751,-0.46410304959309734,-0.29067685894054396,-0.0767299354943477,0.004172874658690969,0.006954980128222597,5.0
-0.18843768753750734,2.859128421073458,0.935900686623437,-0.4643829360330587,-0.2906783997606197,-0.07662967733951082,0.004200959466607612,0.006948877081317423,5.0
-0.18743748749749933,2.8586387517121885,0.936047266715,-0.4646626469881789,-0.29067970730437637,-0.0765294254519552,0.004228947150106996,0.006942751031094218,5.0
-0.18643728745749133,2.858149558835448,0.9361935625623301,-0.4649421822814522,-0.2906807820252502,-0.07642918026938848,0.004256837785738081,0.0069366021196339885,5.0
-0.18543708741748333,2.8576608413533293,0.936339574785012,-0.465221541736835,-0.2906816243773797,-0.07632894222821984,0.004284631450859804,0.006930430488890662,5.0
-0.18443688737747532,2.857172598177664,0.9364853040016455,-0.46550072517924473,-0.29068223481559735,-0.07622871176355615,0.0043123282236396145,0.006924236280688973,5.0
-0.18343668733746732,2.8566848282220416,0.9366307508298318,-0.4657797324345591,-0.2906826137954223,-0.0761284893091982,0.004339928183051939,0.0069180196367223485,5.0
-0.18243648729745932,2.8561975304018175,0.936775915886169,-0.4660585633296154,-0.2906827617730544,-0.07602827529763712,0.004367431408876594,0.0069117806985507756,5.0
-0.1814362872574513,2.855710703634131,0.9369207997862421,-0.4663372176922093,-0.29068267920536495,-0.07592807016005032,0.004394837981697122,0.006905519607598668,5.0
-0.1804360872174433,2.8552243468379177,0.9370654031446162,-0.4666156953510949,-0.2906823665498901,-0.07582787432629833,0.004422147982899062,0.00689923650515269,5.0
-0.1794358871774353,2.8547384589339195,0.9372097265748277,-0.4668939961359826,-0.29068182426482425,-0.07572768822492087,0.004449361494668198,0.006892931532359619,5.0
-0.1784356871374273,2.854253038844702,0.9373537706893763,-0.4671721198775398,-0.2906810528090117,-0.07562751228313355,0.004476478599988741,0.006886604830224159,5.0
-0.1774354870974193,2.853768085494664,0.9374975360997184,-0.46745006640738784,-0.29068005264194,-0.07552734692682425,0.004503499382641409,0.006880256539606764,5.0
-0.1764352870574113,2.8532835978100515,0.9376410234162582,-0.4677278355581029,-0.29067882422373237,-0.07542719258054967,0.004530423927201536,0.006873886801221487,5.0
-0.1754350870174033,2.8527995747189694,0.937784233248341,-0.46800542716321397,-0.2906773680151402,-0.07532704966753202,0.004557252319037049,0.006867495755633748,5.0
-0.1744348869773953,2.852316015151393,0.9379271662042449,-0.468282841057202,-0.2906756844775362,-0.07522691860965562,0.004583984644306419,0.006861083543258139,5.0
-0.17343468693738728,2.8518329180391806,0.9380698228911752,-0.4685600770754987,-0.2906737740729062,-0.07512679982746352,0.004610620989956557,0.006854650304356231,5.0
-0.17243448689737928,2.8513502823160843,0.9382122039152554,-0.4688371350544854,-0.2906716372638426,-0.07502669374015433,0.004637161443720654,0.006848196179034353,5.0
-0.17143428685737128,2.8508681069177624,0.9383543098815202,-0.46911401483149123,-0.2906692745135368,-0.07492660076557911,0.00466360609411598,0.006841721307241375,5.0
-0.17043408681736327,2.850386390781789,0.9384961413939108,-0.4693907162447932,-0.2906666862857713,-0.07482652132023793,0.004689955030441623,0.006835225828766499,5.0
-0.16943388677735527,2.849905132847665,0.9386376990552643,-0.46966723913361347,-0.29066387304491387,-0.07472645581927699,0.004716208342776181,0.006828709883237024,5.0
-0.16843368673734727,2.8494243320568313,0.9387789834673107,-0.46994358333811964,-0.29066083525590786,-0.0746264046764855,0.0047423661219754025,0.006822173610116098,5.0
-0.16743348669733926,2.8489439873526767,0.9389199952306633,-0.47021974869942146,-0.2906575733842671,-0.07452636830429263,0.004768428459669756,0.006815617148700508,5.0
-0.16643328665733126,2.8484640976805498,0.9390607349448131,-0.4704957350595707,-0.290654087896067,-0.0744263471137644,0.004794395448261979,0.006809040638118426,5.0
-0.16543308661732326,2.8479846619877667,0.9392012032081233,-0.4707715422615595,-0.2906503792579384,-0.0743263415146011,0.004820267180924576,0.006802444217327178,5.0
-0.16443288657731525,2.8475056792236235,0.9393414006178211,-0.4710471701493186,-0.2906464479370587,-0.07422635191513406,0.004846043751597244,0.006795828025110988,5.0
-0.16343268653730725,2.8470271483394045,0.9394813277699918,-0.47132261856771623,-0.2906422944011466,-0.074126378722323,0.004871725254984283,0.006789192200078743,5.0
-0.16243248649729924,2.8465490682883923,0.9396209852595748,-0.4715978873625559,-0.2906379191184523,-0.07402642234175316,0.004897311786551923,0.00678253688066171,5.0
-0.16143228645729124,2.846071438025876,0.9397603736803539,-0.47187297638057574,-0.2906333225577526,-0.07392648317763267,0.004922803442525644,0.00677586220511132,5.0
-0.16043208641728324,2.8455942565091625,0.939899493624953,-0.4721478854694459,-0.2906285051883413,-0.07382656163278978,0.004948200319887411,0.006769168311496887,5.0
-0.15943188637727523,2.845117522697583,0.940038345684832,-0.472422614477768,-0.29062346748002443,-0.07372665810867021,0.004973502516372915,0.006762455337703372,5.0
-0.15843168633726723,2.844641235552504,0.9401769304502771,-0.4726971632550723,-0.2906182099031101,-0.07362677300533467,0.004998710130468721,0.006755723421429119,5.0
-0.15743148629725923,2.844165394037333,0.9403152485103987,-0.47297153165181716,-0.2906127329284035,-0.07352690672145619,0.005023823261409376,0.006748972700183592,5.0
-0.15643128625725122,2.8436899971175293,0.9404533004531244,-0.4732457195193867,-0.2906070370271985,-0.07342705965431777,0.0050488420091745045,0.006742203311285113,5.0
-0.15543108621724322,2.8432150437606123,0.9405910868651922,-0.4735197267100879,-0.29060112267127003,-0.07332723219980973,0.005073766474485834,0.006735415391858586,5.0
-0.15443088617723566,2.8427405329361686,0.9407286083321473,-0.4737935530771513,-0.29059499033286795,-0.07322742475242751,0.005098596758804178,0.006728609078833271,5.0
-0.15343068613722766,2.842266463615859,0.9408658654383362,-0.4740671984747275,-0.2905886404847094,-0.07312763770526932,0.005123332964326425,0.006721784508940499,5.0
-0.15243048609721965,2.841792834773429,0.9410028587668995,-0.4743406627578848,-0.2905820735999699,-0.07302787145003374,0.005147975193982392,0.006714941818711403,5.0
-0.15143028605721165,2.841319645384714,0.9411395888997699,-0.4746139457826089,-0.29057529015227873,-0.07292812637701744,0.005172523551431755,0.006708081144474692,5.0
-0.15043008601720365,2.840846894427647,0.9412760564176651,-0.47488704740580023,-0.2905682906157101,-0.07282840287511322,0.005196978141060862,0.006701202622354378,5.0
-0.14942988597719564,2.840374580882268,0.9414122619000835,-0.4751599674852723,-0.29056107546477633,-0.07272870133180767,0.005221339067979512,0.0066943063882675,5.0
-0.14842968593718764,2.8399027037307274,0.9415482059253015,-0.4754327058797493,-0.2905536451744202,-0.07262902213317912,0.005245606438017718,0.006687392577921897,5.0
-0.14742948589717964,2.839431261957299,0.9416838890703648,-0.4757052624488642,-0.2905460002200086,-0.07252936566389559,0.0052697803577224185,0.006680461326813915,5.0
-0.14642928585717163,2.838960254548379,0.9418193119110861,-0.47597763705315727,-0.29053814107732395,-0.0724297323072128,0.005293860934354143,0.006673512770226182,5.0
-0.14542908581716363,2.8384896804925006,0.9419544750220422,-0.4762498295540734,-0.29053006822255883,-0.07233012244497235,0.005317848275883667,0.00666654704322534,5.0
-0.14442888577715562,2.838019538780336,0.9420893789765673,-0.4765218398139605,-0.2905217821323074,-0.07223053645759955,0.005341742490988634,0.0066595642806598285,5.0
-0.14342868573714762,2.837549828404703,0.9422240243467496,-0.4767936676960673,-0.29051328328355897,-0.07213097472410195,0.0053655436890501385,0.006652564617157609,5.0
-0.14242848569713962,2.8370805483605746,0.9423584117034276,-0.47706531306454175,-0.29050457215369047,-0.07203143762206701,0.005389251980149231,0.006645548187123938,5.0
-0.1414282856571316,2.8366116976450817,0.9424925416161858,-0.477336775784428,-0.29049564922045934,-0.07193192552766105,0.005412867475063438,0.006638515124739131,5.0
-0.1404280856171236,2.836143275257522,0.942626414653351,-0.47760805572166504,-0.29048651496199707,-0.07183243881562698,0.0054363902852632585,0.006631465563956336,5.0
-0.1394278855771156,2.8356752801993648,0.9427600313819878,-0.47787915274308457,-0.2904771698568015,-0.07173297785928287,0.005459820522908578,0.006624399638499285,5.0
-0.1384276855371076,2.835207711474257,0.9428933923678959,-0.47815006671640803,-0.29046761438372914,-0.07163354303052034,0.005483158300845077,0.0066173174818600945,5.0
-0.1374274854970996,2.8347405680880295,0.9430264981756071,-0.47842079751024535,-0.2904578490219897,-0.071534134699803,0.005506403732600635,0.006610219227297029,5.0
-0.1364272854570916,2.8342738490487025,0.9431593493683808,-0.47869134499409266,-0.2904478742511378,-0.07143475323616505,0.005529556932381648,0.00660310500783231,5.0
-0.1354270854170836,2.833807553366491,0.9432919465082001,-0.4789617090383292,-0.2904376905510664,-0.07133539900720968,0.005552618015069391,0.0065959749562498815,5.0
-0.1344268853770756,2.8333416800538114,0.9434242901557709,-0.4792318895142163,-0.29042729840199966,-0.07123607237910776,0.0055755870962163005,0.006588829205093267,5.0
-0.13342668533706759,2.8328762281252846,0.9435563808705165,-0.4795018862938945,-0.2904166982844863,-0.07113677371659637,0.005598464292042222,0.006581667886663317,5.0
-0.13242648529705958,2.832411196597745,0.9436882192105761,-0.4797716992503819,-0.2904058906793922,-0.07103750338297772,0.005621249719430703,0.0065744911330160765,5.0
-0.13142628525705158,2.831946584490242,0.9438198057328001,-0.4800413282575707,-0.2903948760678935,-0.07093826174011757,0.005643943495925143,0.006567299075960581,5.0
-0.13042608521704357,2.831482390824047,0.9439511409927503,-0.4803107731902256,-0.2903836549314698,-0.07083904914844434,0.005666545739725024,0.0065600918470566875,5.0
-0.12942588517703557,2.8310186146226592,0.9440822255446938,-0.48058003392398163,-0.290372227751897,-0.07073986596694766,0.005689056569682068,0.006552869577612919,5.0
-0.12842568513702757,2.830555254911807,0.9442130599416039,-0.4808491103353424,-0.2903605950112412,-0.07064071255317754,0.005711476105296385,0.006545632398684373,5.0
-0.12742548509701956,2.8300923107194578,0.9443436447351534,-0.48111800230167634,-0.29034875719185077,-0.07054158926324303,0.005733804466712598,0.0065383804410704925,5.0
-0.12642528505701156,2.829629781075817,0.9444739804757167,-0.48138670970121566,-0.2903367147763497,-0.07044249645181133,0.0057560417747159155,0.006531113835312996,5.0
-0.12542508501700356,2.8291676650133377,0.9446040677123626,-0.48165523241305225,-0.2903244682476317,-0.07034343447210677,0.005778188150728233,0.006523832711693743,5.0
-0.12442488497699555,2.8287059615667216,0.9447339069928585,-0.4819235703171381,-0.2903120180888519,-0.07024440367591005,0.005800243716804214,0.006516537200232642,5.0
-0.12342468493698755,2.8282446697729253,0.9448634988636609,-0.48219172329428056,-0.2902993647834214,-0.07014540441355699,0.005822208595627279,0.006509227430685542,5.0
-0.12242448489697955,2.8277837886711636,0.9449928438699187,-0.4824596912261403,-0.29028650881499923,-0.07004643703393794,0.005844082910505662,0.006501903532542147,5.0
-0.12142428485697154,2.827323317302912,0.945121942555468,-0.48272747399522936,-0.2902734506674869,-0.06994750188449698,0.005865866785368401,0.0064945656350239725,5.0
-0.12042408481696354,2.8268632547119146,0.9452507954628319,-0.48299507148490917,-0.2902601908250197,-0.0698485993112309,0.00588756034476132,0.006487213867082258,5.0
-0.11942388477695554,2.8264035999441823,0.9453794031332188,-0.48326248357938695,-0.2902467297719627,-0.06974972965868899,0.0059091637138429945,0.006479848357395942,5.0
-0.11842368473694753,2.825944352048001,0.9455077661065193,-0.4835297101637143,-0.29023306799290155,-0.06965089326997187,0.005930677018380686,0.006472469234369616,5.0
-0.11742348469693953,2.8254855100739347,0.9456358849213042,-0.48379675112378306,-0.2902192059726367,-0.06955209048673107,0.005952100384746287,0.006465076626131489,5.0
-0.11642328465693152,2.8250270730748253,0.945763760114826,-0.4840636063463252,-0.29020514419617693,-0.06945332164916854,0.005973433939912255,0.006457670660531428,5.0
-0.11542308461692352,2.8245690401057995,0.9458913922230134,-0.4843302757189086,-0.29019088314873237,-0.06935458709603595,0.005994677811447496,0.006450251465138938,5.0
-0.11442288457691552,2.8241114102242713,0.9460187817804704,-0.4845967591299337,-0.2901764233157078,-0.06925588716463413,0.006015832127513269,0.006442819167241188,5.0
-0.11342268453690751,2.8236541824899426,0.9461459293204767,-0.48486305646863403,-0.29016176518269615,-0.06915722219081291,0.006036897016859048,0.006435373893841041,5.0
-0.11242248449689951,2.823197355964808,0.946272835374986,-0.4851291676250713,-0.290146909235472,-0.06905859250897055,0.0060578726088184,0.006427915771655141,5.0
-0.11142228445689151,2.822740929713158,0.946399500474622,-0.48539509249013285,-0.29013185595998453,-0.0689599984520531,0.006078759033304843,0.006420444927111941,5.0
-0.1104220844168835,2.822284902801579,0.9465259251486797,-0.48566083095552864,-0.29011660584235094,-0.06886144035155443,0.006099556420807625,0.006412961486349796,5.0
-0.1094218843768755,2.821829274298958,0.9466521099251229,-0.4859263829137912,-0.29010115936885045,-0.06876291853751589,0.00612026490238763,0.006405465575215079,5.0
-0.1084216843368675,2.8213740432764833,0.9467780553305838,-0.48619174825827016,-0.2900855170259174,-0.0686644333385259,0.006140884609673137,0.006397957319260269,5.0
-0.10742148429685949,2.8209192088076485,0.9469037618903603,-0.4864569268831309,-0.29006967930013444,-0.06856598508171993,0.006161415674855659,0.0063904368437421,5.0
-0.10642128425685149,2.820464769968252,0.9470292301284156,-0.48672191868335174,-0.29005364667822653,-0.06846757409278009,0.006181858230685733,0.006382904273619698,5.0
-0.10542108421684349,2.8200107258364002,0.9471544605673785,-0.4869867235547209,-0.2900374196470537,-0.06836920069593523,0.006202212410468682,0.006375359733552735,5.0
-0.10442088417683548,2.819557075492509,0.9472794537285395,-0.4872513413938347,-0.29002099869360537,-0.06827086521396085,0.0062224783480604,0.006367803347899612,5.0
-0.10342068413682748,2.8191038180193044,0.9474042101318514,-0.48751577209809327,-0.290004384304993,-0.06817256796817873,0.006242656177863114,0.006360235240715632,5.0
-0.10242048409681948,2.8186509525018257,0.9475287302959293,-0.48778001556569967,-0.28998757696844474,-0.06807430927845746,0.006262746034821147,0.006352655535751242,5.0
-0.10142028405681147,2.818198478027424,0.9476530147380469,-0.48804407169565556,-0.289970577171298,-0.067976089463212,0.006282748054416678,0.006345064356450219,5.0
-0.10042008401680347,2.817746393685767,0.947777063974137,-0.48830794038775954,-0.2899533854009932,-0.067877908839404,0.006302662372665438,0.006337461825947925,5.0
-0.09941988397679546,2.817294698568836,0.9479008785187916,-0.4885716215426036,-0.2899360021450677,-0.06777976772254184,0.006322489126112481,0.006329848067069556,5.0
-0.09841968393678746,2.8168433917709295,0.9480244588852588,-0.4888351150615712,-0.2899184278911498,-0.06768166642668084,0.006342228451827905,0.006322223202328429,5.0
-0.09741948389677946,2.8163924723886624,0.9481478055854455,-0.4890984208468339,-0.2899006631269511,-0.06758360526442338,0.006361880487402528,0.006314587353924234,5.0
-0.09641928385677145,2.815941939520967,0.9482709191299118,-0.4893615388013479,-0.28988270834026114,-0.06748558454691918,0.006381445370943647,0.006306940643741369,5.0
-0.09541908381676345,2.8154917922690927,0.9483938000278744,-0.489624468828853,-0.2898645640189411,-0.06738760458386572,0.0064009232410707035,0.006299283193347235,5.0
-0.09441888377675545,2.815042029736609,0.9485164487872031,-0.48988721083386805,-0.2898462306509168,-0.06728966568350817,0.006420314236910996,0.006291615123990584,5.0
-0.09341868373674744,2.8145926510294035,0.9486388659144235,-0.4901497647216893,-0.2898277087241735,-0.06719176815264016,0.006439618498095376,0.006283936556599842,5.0
-0.09241848369673944,2.814143655255679,0.9487610519147117,-0.4904121303983865,-0.2898089987267481,-0.06709391229660398,0.006458836164753898,0.006276247611781489,5.0
-0.09141828365673144,2.813695041525962,0.9488830072918981,-0.490674307770801,-0.2897901011467247,-0.06699609841929104,0.006477967377511541,0.006268548409818455,5.0
-0.09041808361672343,2.813246808953093,0.9490047325484638,-0.4909362967465424,-0.2897710164722271,-0.06689832682314223,0.00649701227748383,0.006260839070668472,5.0
-0.08941788357671543,2.8127989566522316,0.9491262281855427,-0.4911980972339854,-0.28975174519141267,-0.06680059780914872,0.006515971006272527,0.006253119713962501,5.0
-0.08841768353670743,2.812351483740856,0.9492474947029195,-0.49145970914226816,-0.28973228779246724,-0.06670291167685238,0.0065348437059612905,0.006245390459003157,5.0
-0.08741748349669942,2.811904389338761,0.9493685325990292,-0.49172113238128784,-0.2897126447635981,-0.0666052687243463,0.0065536305191113454,0.0062376514247631755,5.0
-0.08641728345669142,2.8114576725680585,0.949489342370957,-0.4919823668616983,-0.2896928165930272,-0.06650766924827536,0.006572331588757106,0.006229902729883806,5.0
-0.08541708341668341,2.8110113325531767,0.9496099245144392,-0.4922434124949082,-0.289672803768987,-0.06641011354383723,0.00659094705840184,0.006222144492673326,5.0
-0.08441688337667541,2.8105653684208582,0.9497302795238611,-0.49250426919307616,-0.28965260677971266,-0.06631260190478273,0.0066094770720132945,0.006214376831105499,5.0
-0.08341668333666741,2.8101197793001615,0.9498504078922594,-0.4927649368691099,-0.2896322261134366,-0.06621513462341683,0.006627921774019359,0.00620659986281809,5.0
-0.0824164832966594,2.80967456432246,0.9499703101113184,-0.4930254154366617,-0.2896116622583829,-0.06611771199059933,0.006646281309303674,0.00619881370511136,5.0
-0.0814162832566514,2.809229722621438,0.9500899866713732,-0.4932857048101263,-0.2895909157027604,-0.06602033429574579,0.006664555823201276,0.006191018474946616,5.0
-0.0804160832166434,2.8087852533330926,0.9502094380614086,-0.4935458049046377,-0.28956998693475783,-0.06592300182682818,0.006682745461494224,0.006183214288944726,5.0
-0.0794158831766354,2.808341155595732,0.950328664769059,-0.4938057156360668,-0.2895488764425368,-0.0658257148703762,0.006700850370407249,0.0061754012633846965,5.0
-0.07841568313662739,2.8078974285499743,0.95044766728061,-0.494065436921018,-0.28952758471422707,-0.06572847371147789,0.006718870696603359,0.006167579514202251,5.0
-0.07741548309661939,2.8074540713387472,0.950566446080995,-0.494324968676826,-0.2895061122379192,-0.06563127863378065,0.0067368065871794775,0.006159749156988403,5.0
-0.07641528305661138,2.8070110831072865,0.9506850016537995,-0.49458431082155385,-0.28948445950165996,-0.06553412991949237,0.0067546581896620285,0.006151910306988009,5.0
-0.07541508301660338,2.8065684630031322,0.950803334481261,-0.49484346327398954,-0.28946262699344666,-0.06543702784938264,0.0067724256520025885,0.006144063079098486,5.0
-0.07441488297659538,2.806126210176131,0.9509214450442641,-0.4951024259536413,-0.2894406152012192,-0.06533997270278348,0.006790109122573479,0.006136207587868323,5.0
-0.07341468293658737,2.8056843237784332,0.9510393338223502,-0.495361198780739,-0.28941842461285744,-0.06524296475759088,0.006807708750163439,0.006128343947495824,5.0
-0.07241448289657937,2.8052428029644925,0.9511570012937083,-0.49561978167622606,-0.28939605571617283,-0.06514600429026567,0.006825224683973185,0.006120472271827695,5.0
-0.07141428285657136,2.8048016468910633,0.9512744479351838,-0.4958781745617613,-0.2893735089989045,-0.06504909157583512,0.006842657073611081,0.006112592674357783,5.0
-0.07041408281656336,2.8043608547171983,0.9513916742222737,-0.49613637735971255,-0.2893507849487127,-0.06495222688789384,0.006860006069088719,0.006104705268225715,5.0
-0.06941388277655536,2.8039204256042503,0.9515086806291295,-0.496394389993155,-0.28932788405317234,-0.06485541049860515,0.0068772718208165474,0.006096810166215614,5.0
-0.06841368273654735,2.8034803587158676,0.9516254676285595,-0.496652212385869,-0.28930480679977,-0.06475864267870261,0.006894454479599554,0.00608890748075484,5.0
-0.06741348269653935,2.8030406532179954,0.9517420356920248,-0.49690984446233644,-0.2892815536758956,-0.06466192369749123,0.0069115541966328214,0.00608099732391271,5.0
-0.06641328265653135,2.8026013082788706,0.9518583852896458,-0.49716728614773775,-0.28925812516883814,-0.06456525382284886,0.006928571123497198,0.0060730798073992485,5.0
-0.06541308261652334,2.802162323069023,0.9519745168902001,-0.49742453736794934,-0.28923452176577985,-0.06446863332122779,0.006945505412154928,0.00606515504256397,5.0
-0.06441288257651534,2.801723696761274,0.9520904309611234,-0.4976815980495399,-0.28921074395379087,-0.06437206245765598,0.006962357214945244,0.006057223140394617,5.0
-0.06341268253650734,2.801285428530732,0.9522061279685134,-0.497938468119769,-0.28918679221982396,-0.06427554149573894,0.00697912668458006,0.0060492842115160055,5.0
-0.06241248249649933,2.8008475175547924,0.9523216083771275,-0.49819514750658334,-0.2891626670507087,-0.06417907069766098,0.006995813974139592,0.006041338366188819,5.0
-0.06141228245649133,2.8004099630131383,0.9524368726503856,-0.4984516361386134,-0.2891383689331456,-0.06408265032418681,0.007012419237068,0.00603338571430842,5.0
-0.060412082416483326,2.7999727640877334,0.952551921250372,-0.4987079339451717,-0.289113898353702,-0.06398628063466336,0.007028942627169072,0.006025426365403743,5.0
-0.05941188237647532,2.799535919962825,0.9526667546378366,-0.49896404085624874,-0.28908925579880596,-0.06388996188702137,0.007045384298601858,0.006017460428636126,5.0
-0.05841168233646732,2.7990994298249405,0.9527813732721947,-0.4992199568025115,-0.2890644417547409,-0.06379369433777687,0.007061744405876342,0.006009488012798192,5.0
-0.057411482296459315,2.798663292862885,0.9528957776115307,-0.49947568171529866,-0.28903945670763986,-0.06369747824203316,0.007078023103849115,0.006001509226312751,5.0
-0.05641128225645131,2.7982275082677392,0.9530099681125974,-0.49973121552662014,-0.28901430114348153,-0.06360131385348249,0.007094220547719059,0.005993524177231725,5.0
-0.05541108221644331,2.7977920752328593,0.9531239452308199,-0.49998655816915216,-0.28898897554808356,-0.06350520142440767,0.007110336893023037,0.0059855329732350655,5.0
-0.054410882176435305,2.797356992953872,0.9532377094202955,-0.5002417095762363,-0.288963480407099,-0.06340914120568433,0.007126372295631598,0.005977535721629722,5.0
-0.0534106821364273,2.796922260628677,0.9533512611337958,-0.500496669681874,-0.288937816206009,-0.06331313344678223,0.007142326911744648,0.005969532529348588,5.0
-0.0524104820964193,2.796487877457439,0.9534646008227677,-0.5007514384207258,-0.2889119834301189,-0.06321717839576738,0.007158200897887168,0.005961523502949483,5.0
-0.051410282056411294,2.7960538426425896,0.9535777289373388,-0.501006015728109,-0.2888859825645541,-0.06312127629930422,0.007173994410904976,0.005953508748614193,5.0
-0.05041008201640329,2.7956201553888245,0.9536906459263129,-0.5012604015399925,-0.28885981409425265,-0.06302542740265701,0.007189707607960408,0.005945488372147439,5.0
-0.04940988197639529,2.7951868149031016,0.9538033522371758,-0.5015145957929958,-0.2888334785039617,-0.0629296319496922,0.007205340646528095,0.005937462478975972,5.0
-0.04840968193638728,2.794753820394637,0.9539158483160988,-0.501768598424386,-0.28880697627823254,-0.06283389018288049,0.0072208936843907055,0.005929431174147597,5.0
-0.04740948189637928,2.7943211710749036,0.9540281346079358,-0.502022409372074,-0.2887803079014142,-0.06273820234329848,0.007236366879634659,0.005921394562330248,5.0
-0.046409281856371276,2.7938888661576287,0.9541402115562285,-0.5022760285746123,-0.2887534738576503,-0.06264256867063103,0.007251760390645979,0.005913352747811113,5.0
-0.04540908181636327,2.7934569048587923,0.9542520796032073,-0.5025294559711924,-0.2887264746308724,-0.06254698940317324,0.007267074376106003,0.005905305834495709,5.0
-0.04440888177635527,2.7930252863966216,0.9543637391897947,-0.5027826915016412,-0.2886993107047963,-0.06245146477783263,0.0072823089949872214,0.005897253925907037,5.0
-0.043408681736347265,2.7925940099915922,0.9544751907556028,-0.503035735106419,-0.28867198256291615,-0.06235599503013111,0.007297464406549042,0.005889197125184731,5.0
-0.04240848169633926,2.792163074866423,0.9545864347389426,-0.503288586726616,-0.2886444906885006,-0.062260580394207524,0.007312540770333657,0.005881135535084237,5.0
-0.04140828165633126,2.791732480246074,0.9546974715768175,-0.5035412463039501,-0.28861683556458667,-0.06216522110281924,0.007327538246161812,0.005873069257975977,5.0
-0.040408081616323255,2.7913022253577435,0.9548083017049338,-0.5037937137807638,-0.28858901767397593,-0.06206991738734503,0.007342456994128698,0.005864998395844595,5.0
-0.03940788157631525,2.790872309430865,0.954918925557695,-0.5040459891000207,-0.2885610374992293,-0.06197466947778689,0.007357297174599778,0.005856923050288143,5.0
-0.03840768153630725,2.790442731697105,0.9550293435682091,-0.5042980722053031,-0.28853289552266137,-0.06187947760277236,0.007372058948206645,0.005848843322517346,5.0
-0.037407481496299244,2.7900134913903583,0.9551395561682889,-0.5045499630408107,-0.28850459222633795,-0.06178434198955708,0.007386742475842927,0.005840759313354888,5.0
-0.03640728145629124,2.789584587746746,0.9552495637884542,-0.504801661551355,-0.2884761280920686,-0.061689262864026866,0.00740134791866016,0.005832671123234664,5.0
-0.03540708141628324,2.789156020004612,0.9553593668579321,-0.5050531676823582,-0.2884475036014036,-0.06159424045069998,0.00741587543806368,0.005824578852201094,5.0
-0.03440688137627523,2.78872778740452,0.9554689658046638,-0.5053044813798504,-0.28841871923562884,-0.061499274972729924,0.00743032519570856,0.005816482599908441,5.0
-0.03340668133626723,2.7882998891892505,0.9555783610553011,-0.5055556025904662,-0.2883897754757612,-0.061404366651907426,0.007444697353495536,0.005808382465620176,5.0
-0.032406481296259226,2.787872324603795,0.9556875530352108,-0.5058065312614413,-0.28836067280254307,-0.06130951570866293,0.007458992073566941,0.005800278548208284,5.0
-0.03140628125625122,2.787445092895355,0.9557965421684778,-0.5060572673406116,-0.28833141169643867,-0.061214722362069166,0.0074732095183026506,0.0057921709461526884,5.0
-0.03040608121624322,2.787018193313338,0.9559053288779074,-0.5063078107764086,-0.28830199263762957,-0.061119986829843743,0.007487349850316071,0.005784059757540626,5.0
-0.029405881176235216,2.7865916251093514,0.9560139135850237,-0.5065581615178564,-0.288272416106009,-0.061025309328351256,0.007501413232450083,0.005775945080066037,5.0
-0.028405681136227212,2.7861653875372028,0.956122296710077,-0.5068083195145711,-0.2882426825811787,-0.06093069007260627,0.007515399827773123,0.00576782701102906,5.0
-0.02740548109621921,2.785739479852892,0.9562304786720401,-0.5070582847167552,-0.2882127925424431,-0.06083612927627541,0.007529309799575109,0.005759705647335414,5.0
-0.026405281056211205,2.78531390131461,0.9563384598886165,-0.5073080570751961,-0.2881827464688054,-0.06074162715168023,0.007543143311363515,0.005751581085495909,5.0
-0.0254050810162032,2.7848886511827335,0.9564462407762382,-0.5075576365412643,-0.28815254483896346,-0.060647183909799764,0.007556900526859366,0.005743453421625897,5.0
-0.024404880976195198,2.7844637287198224,0.9565538217500692,-0.5078070230669087,-0.2881221881313045,-0.060552799760273085,0.007570581609993326,0.0057353227514448015,5.0
-0.023404680936187194,2.784039133190614,0.9566612032240073,-0.508056216604655,-0.28809167682390113,-0.060458474911401994,0.0075841867249017226,0.0057271891702756145,5.0
-0.02240448089617919,2.7836148638620193,0.956768385610688,-0.5083052171076015,-0.2880610113945068,-0.060364209570153544,0.007597716035922629,0.005719052773044425,5.0
-0.021404280856171187,2.7831909200031184,0.9568753693214821,-0.5085540245294177,-0.2880301923205513,-0.06027000394216291,0.00761116970759198,0.0057109136542799815,5.0
-0.020404080816163184,2.7827673008851574,0.9569821547665037,-0.5088026388243415,-0.28799922007913725,-0.06017585823173602,0.007624547904639681,0.005702771908113272,5.0
-0.01940388077615518,2.7823440057815443,0.9570887423546102,-0.5090510599471756,-0.28796809514703475,-0.06008177264185235,0.0076378507919856896,0.005694627628277087,5.0
-0.018403680736147177,2.781921033967842,0.9571951324934008,-0.5092992878532845,-0.28793681800067683,-0.05998774737416749,0.007651078534736154,0.005686480908105623,5.0
-0.017403480696139173,2.781498384721767,0.9573013255892235,-0.5095473224985926,-0.28790538911615665,-0.059893782629016096,0.007664231298179592,0.005678331840534107,5.0
-0.01640328065613117,2.7810760573231823,0.9574073220471758,-0.5097951638395808,-0.28787380896922155,-0.05979987860541465,0.007677309247783018,0.005670180518098419,5.0
-0.015403080616123166,2.780654051054095,0.9575131222711065,-0.5100428118332847,-0.2878420780352704,-0.05970603550106435,0.007690312549188122,0.005662027032934755,5.0
-0.014402880576115162,2.7802323651986507,0.9576187266636172,-0.5102902664372898,-0.2878101967893478,-0.05961225351235374,0.007703241368207441,0.005653871476779251,5.0
-0.013402680536107159,2.779810999043128,0.957724135626067,-0.5105375276097306,-0.2877781657061413,-0.05951853283436185,0.007716095870820569,0.0056457139409676815,5.0
-0.012402480496099155,2.7793899518759364,0.9578293495585725,-0.5107845953092865,-0.2877459852599765,-0.05942487366086089,0.007728876223170372,0.005637554516435146,5.0
-0.011402280456091152,2.7789692229876097,0.957934368860011,-0.5110314694951806,-0.28771365592481274,-0.05933127618431925,0.0077415825915592125,0.005629393293715778,5.0
-0.010402080416083148,2.7785488116708006,0.9580391939280226,-0.5112781501271751,-0.28768117817423994,-0.059237740595904434,0.007754215142445186,0.0056212303629424865,5.0
-0.009401880376075145,2.7781287172202793,0.958143825159013,-0.5115246371655706,-0.2876485524814735,-0.05914426708548599,0.007766774042438382,0.005613065813846656,5.0
-0.008401680336067141,2.777708938932925,0.9582482629481561,-0.5117709305712013,-0.2876157793193512,-0.05905085584163852,0.007779259458297145,0.005604899735757905,5.0
-0.0074014802960591375,2.777289476107723,0.9583525076893943,-0.5120170303054334,-0.2875828591603282,-0.05895750705164468,0.007791671556924363,0.005596732217603852,5.0
-0.006401280256051134,2.7768703280457623,0.9584565597754439,-0.5122629363301626,-0.287549792476474,-0.05886422090149815,0.007804010505363745,0.0055885633479099035,5.0
-0.00540108021604313,2.7764514940502254,0.9585604195977965,-0.5125086486078103,-0.287516579739468,-0.05877099757590673,0.007816276470796147,0.005580393214799019,5.0
-0.004400880176035127,2.776032973426388,0.9586640875467197,-0.5127541671013222,-0.2874832214205956,-0.05867783725829542,0.007828469620535877,0.005572221905991531,5.0
-0.0034006801360271233,2.7756147654816132,0.9587675640112623,-0.512999491774164,-0.2874497179907444,-0.05858474013080946,0.007840590122027058,0.005564049508804947,5.0
-0.0024004800960191197,2.7751968695253457,0.9588708493792556,-0.5132446225903213,-0.2874160699204004,-0.05849170637431746,0.007852638142839966,0.005555876110153814,5.0
-0.0014002800560111162,2.7747792848691084,0.9589739440373167,-0.5134895595142938,-0.287382277679644,-0.0583987361684146,0.00786461385066739,0.005547701796549523,5.0
-0.0004000800160031126,2.7743620108264966,0.9590768483708485,-0.5137343025110946,-0.28734834173814666,-0.058305829691425635,0.007876517413321028,0.005539526654100187,5.0
0.000600120024004891,2.773945046713174,0.9591795627640469,-0.5139788515462473,-0.2873142625651664,-0.05821298712040816,0.007888348998727883,0.005531350768510508,5.0
0.0016003200640128945,2.7735283918468685,0.9592820875998995,-0.514223206585783,-0.28728004062954465,-0.05812020863115583,0.00790010877492666,0.005523174225081677,5.0
0.002600520104020898,2.773112045547365,0.9593844232601909,-0.5144673675962381,-0.28724567639970244,-0.058027494398201485,0.007911796910064212,0.005514997108711244,5.0
0.0036007201440289016,2.772696007136504,0.9594865701255035,-0.514711334544651,-0.28721117034363636,-0.057934844594820414,0.007923413572391971,0.005506819503893056,5.0
0.004600920184036905,2.7722802759381744,0.9595885285752216,-0.5149551073985608,-0.28717652292891555,-0.05784225939303367,0.007934958930262418,0.005498641494717168,5.0
0.005601120224044909,2.77186485127831,0.9596902989875341,-0.5151986861260026,-0.2871417346226775,-0.057749738963611186,0.007946433152125522,0.005490463164869773,5.0
0.006601320264052912,2.7714497324848852,0.9597918817394366,-0.5154420706955065,-0.28710680589162446,-0.057657283476075176,0.007957836406525266,0.005482284597633163,5.0
0.007601520304060916,2.7710349188879086,0.9598932772067358,-0.5156852610760954,-0.28707173720202067,-0.05756489309870349,0.007969168862096124,0.0054741058758857,5.0
0.00860172034406892,2.77062040981942,0.9599944857640502,-0.5159282572372809,-0.2870365290196877,-0.05747256799853278,0.00798043068755961,0.005465927082101788,5.0
0.009601920384076923,2.7702062046134834,0.9600955077848161,-0.5161710591490623,-0.28700118181000167,-0.05738030834136201,0.007991622051720819,0.005457748298351865,5.0
0.010602120424084926,2.7697923026061866,0.9601963436412875,-0.5164136667819227,-0.2869656960378902,-0.05728811429175566,0.008002743123464958,0.005449569606302412,5.0
0.01160232046409293,2.7693787031356325,0.9602969937045407,-0.5166560801068272,-0.2869300721678274,-0.05719598601304715,0.008013794071753942,0.005441391087215965,5.0
0.012602520504100934,2.768965405541937,0.9603974583444772,-0.5168982990952211,-0.28689431066383253,-0.05710392366734233,0.00802477506562297,0.005433212821951161,5.0
0.013602720544108937,2.768552409167223,0.9604977379298266,-0.5171403237190252,-0.2868584119894644,-0.05701192741552268,0.008035686274177103,0.005425034890962761,5.0
0.01460292058411694,2.7681397133556147,0.960597832828151,-0.5173821539506359,-0.28682237660781995,-0.05691999741724898,0.008046527866587957,0.005416857374301737,5.0
0.015603120624124944,2.7677273174532355,0.9606977434058446,-0.517623789762921,-0.2867862049815298,-0.05682813383096449,0.008057300012090273,0.005408680351615326,5.0
0.016603320664132948,2.7673152208082024,0.9607974700281413,-0.5178652311292186,-0.2867498975727555,-0.05673633681389866,0.00806800287997864,0.005400503902147131,5.0
0.01760352070414095,2.7669034227706204,0.9608970130591142,-0.5181064780233323,-0.2867134548431852,-0.0566446065220704,0.008078636639604104,0.005392328104737204,5.0
0.018603720744148955,2.7664919226925786,0.9609963728616809,-0.518347530419531,-0.286676877254032,-0.0565529431102916,0.008089201460370917,0.005384153037822179,5.0
0.01960392078415696,2.7660807199281447,0.9610955497976068,-0.5185883882925465,-0.28664016526602976,-0.056461346732170736,0.008099697511733252,0.00537597877943542,5.0
0.020604120824164962,2.7656698138333633,0.9611945442275066,-0.5188290516175692,-0.2866033193394299,-0.056369817540116246,0.00811012496319191,0.005367805407207127,5.0
0.021604320864172966,2.7652592037662465,0.9612933565108481,-0.5190695203702471,-0.28656633993399827,-0.056278355685340134,0.008120483984291072,0.005359632998364525,5.0
0.02260452090418097,2.764848889086773,0.9613919870059575,-0.5193097945266835,-0.2865292275090125,-0.05618696131786142,0.00813077474461509,0.00535146162973202,5.0
0.023604720944188973,2.7644388691568813,0.9614904360700187,-0.5195498740634329,-0.2864919825232575,-0.05609563458650979,0.008140997413785255,0.0053432913777313904,5.0
0.024604920984196976,2.7640291433404665,0.9615887040590808,-0.5197897589575018,-0.28645460543502477,-0.05600437563892909,0.008151152161456631,0.005335122318382,5.0
0.02560512102420498,2.763619711003373,0.9616867913280581,-0.5200294491863428,-0.28641709670210685,-0.05591318462158086,0.00816123915731486,0.0053269545273009955,5.0
0.026605321064212983,2.7632105715133926,0.9617846982307349,-0.520268944727854,-0.2863794567817952,-0.05582206167974799,0.008171258571073004,0.005318788079703556,5.0
0.027605521104220987,2.762801724240258,0.9618824251197685,-0.5205082455603769,-0.28634168613087785,-0.05573100695753832,0.008181210572468433,0.005310623050403125,5.0
0.02860572114422899,2.7623931685556387,0.9619799723466915,-0.5207473516626929,-0.28630378520563543,-0.055640020597888175,0.008191095331259704,0.005302459513811683,5.0
0.029605921184236994,2.7619849038331346,0.9620773402619176,-0.5209862630140226,-0.28626575446183855,-0.05554910274256603,0.008200913017223463,0.005294297543940012,5.0
0.030606121224244998,2.7615769294482733,0.9621745292147406,-0.5212249795940208,-0.2862275943547448,-0.05545825353217602,0.008210663800151348,0.005286137214397973,5.0
0.031606321264253,2.761169244778503,0.9622715395533427,-0.5214635013827777,-0.28618930533909614,-0.055367473106161816,0.008220347849846993,0.005277978598394842,5.0
0.032606521304261005,2.760761849203189,0.9623683716247933,-0.5217018283608134,-0.2861508878691155,-0.055276761602810025,0.008229965336122929,0.0052698217687395955,5.0
0.03360672134426901,2.7603547421036088,0.9624650257750547,-0.5219399605090763,-0.2861123423985038,-0.05518611915925395,0.008239516428797574,0.005261666797841244,5.0
0.03460692138427701,2.7599479228629447,0.9625615023489837,-0.5221778978089423,-0.2860736693804376,-0.05509554591147721,0.008249001297692267,0.005253513757709184,5.0
0.035607121424285015,2.759541390866281,0.9626578016903371,-0.5224156402422108,-0.2860348692675659,-0.05500504199431745,0.008258420112628263,0.005245362719953564,5.0
0.03660732146429302,2.7591351455005992,0.9627539241417724,-0.5226531877911038,-0.2859959425120075,-0.05491460754147011,0.008267773043423807,0.005237213755785661,5.0
0.03760752150430102,2.75872918615477,0.9628498700448521,-0.522890540438262,-0.285956889565348,-0.054824242685491846,0.008277060259891153,0.0052290669360182335,5.0
0.038607721544309026,2.7583235122195506,0.9629456397400472,-0.5231276981667431,-0.2859177108786369,-0.054733947557804453,0.008286281931833662,0.005220922331065958,5.0
0.03960792158431703,2.757918123087578,0.9630412335667397,-0.5233646609600202,-0.2858784069023852,-0.054643722288698536,0.008295438229042886,0.005212780010945817,5.0
0.04060812162432503,2.757513018153365,0.9631366518632244,-0.5236014288019785,-0.2858389780865623,-0.054553567007337087,0.008304529321295722,0.0052046400452775395,5.0
0.04160832166433304,2.757108196813294,0.9632318949667161,-0.5238380016769141,-0.28579942488059396,-0.054463481841759545,0.008313555378351524,0.005196502503284042,5.0
0.04260852170434104,2.7567036584656113,0.9633269632133479,-0.5240743795695306,-0.2857597477333586,-0.05437346691888499,0.008322516569949244,0.005188367453791875,5.0
0.043608721744349044,2.756299402510422,0.9634218569381771,-0.5243105624649369,-0.28571994709318493,-0.05428352236451633,0.008331413065804634,0.005180234965231664,5.0
0.04460892178435705,2.755895428349685,0.9635165764751878,-0.5245465503486463,-0.2856800234078498,-0.054193648303343896,0.008340245035607404,0.0051721051056386365,5.0
0.04560912182436505,2.755491735387206,0.9636111221572934,-0.524782343206572,-0.28563997712457523,-0.05410384485894914,0.008349012649018493,0.005163977942653065,5.0
0.046609321864373054,2.755088323028634,0.9637054943163392,-0.5250179410250271,-0.28559980869002566,-0.054014112153808455,0.008357716075667227,0.005155853543520806,5.0
0.04760952190438106,2.7546851906814536,0.9637996932831076,-0.5252533437907209,-0.28555951855030537,-0.053924450309296976,0.008366355485148622,0.005147731975093789,5.0
0.04860972194438906,2.7542823377549808,0.9638937193873184,-0.525488551490757,-0.28551910715095646,-0.05383485944569227,0.008374931047020629,0.005139613303830549,5.0
0.049609921984397065,2.7538797636603567,0.9639875729576332,-0.525723564112631,-0.285478574936955,-0.05374533968217805,0.008383442930801406,0.00513149759579675,5.0
0.05061012202440507,2.7534774678105434,0.9640812543216588,-0.5259583816442288,-0.28543792235271054,-0.0536558911368483,0.00839189130596664,0.005123384916665755,5.0
0.05161032206441307,2.753075449620316,0.964174763805949,-0.5261930040738234,-0.28539714984206127,-0.05356651392671057,0.008400276341946846,0.00511527533171916,5.0
0.052610522104421076,2.752673708506257,0.9642681017360089,-0.5264274313900731,-0.28535625784827323,-0.05347720816769015,0.0084085982081247,0.005107168905847368,5.0
0.05361072214442908,2.7522722438867526,0.9643612684362955,-0.52666166358202,-0.2853152468140373,-0.05338797397463387,0.008416857073832426,0.005099065703550173,5.0
0.05461092218443708,2.751871055181986,0.9644542642302238,-0.5268957006390864,-0.28527411718146656,-0.0532988114613137,0.008425053108349123,0.00509096578893734,5.0
0.055611122224445086,2.7514701418139293,0.9645470894401678,-0.5271295425510735,-0.285232869392094,-0.05320972074043069,0.0084331864808982,0.005082869225729225,5.0
0.05661132226445309,2.751069503206342,0.9646397443874636,-0.5273631893081597,-0.28519150388687053,-0.05312070192361891,0.008441257360644749,0.00507477607725736,5.0
0.057611522304461094,2.750669138784762,0.9647322293924128,-0.5275966409008972,-0.2851500211061622,-0.053031755121449045,0.00844926591669297,0.005066686406465085,5.0
0.0586117223444691,2.7502690479765013,0.964824544774285,-0.5278298973202108,-0.2851084214897478,-0.05294288044343251,0.008457212318083626,0.0050586002759081565,5.0
0.0596119223844771,2.749869230210639,0.9649166908513215,-0.5280629585573944,-0.28506670547681673,-0.05285407799802507,0.008465096733791456,0.005050517747755388,5.0
0.060612122424485104,2.749469684918016,0.9650086679407375,-0.5282958246041107,-0.2850248735059662,-0.05276534789263082,0.0084729193327227,0.0050424388837893045,5.0
0.06161232246449311,2.7490704115312306,0.9651004763587249,-0.5285284954523882,-0.2849829260152005,-0.05267669023360606,0.008480680283712573,0.005034363745406802,5.0
0.06261252250450111,2.748671409484631,0.9651921164204561,-0.5287609710946185,-0.28494086344192643,-0.05258810512626313,0.008488379755522723,0.005026292393619771,5.0
0.06361272254450911,2.748272678214309,0.9652835884400871,-0.5289932515235546,-0.28489868622295317,-0.05249959267487424,0.00849601791683881,0.0050182248890558,5.0
0.06461292258451712,2.747874217158097,0.9653748927307595,-0.5292253367323092,-0.2848563947944887,-0.052411152982675485,0.008503594936268002,0.005010161291958829,5.0
0.06561312262452512,2.7474760257555606,0.9654660296046054,-0.5294572267143525,-0.28481398959213833,-0.05232278615187063,0.008511110982336551,0.00500210166218986,5.0
0.06661332266453313,2.7470781034479907,0.9655569993727454,-0.5296889214635091,-0.2847714710509022,-0.05223449228363507,0.008518566223487355,0.00499404605922762,5.0
0.06761352270454113,2.7466804496784016,0.9656478023452992,-0.5299204209739575,-0.2847288396051736,-0.052146271478119684,0.00852596082807752,0.004985994542169267,5.0
0.06861372274454913,2.746283063891523,0.9657384388313832,-0.5301517252402267,-0.28468609568873626,-0.05205812383445474,0.008533294964375996,0.004977947169731101,5.0
0.06961392278455714,2.7458859455337956,0.9658289091391153,-0.5303828342571952,-0.2846432397347626,-0.051970049450753904,0.008540568800561171,0.004969904000249282,5.0
0.07061412282456514,2.7454890940533647,0.9659192135756169,-0.530613748020088,-0.2846002721758121,-0.05188204842411814,0.008547782504718502,0.0049618650916805375,5.0
0.07161432286457314,2.7450925089000746,0.9660093524470181,-0.5308444665244751,-0.2845571934438281,-0.051794120850639495,0.00855493624483818,0.004953830501602897,5.0
0.0726145229045807,2.744696189525463,0.9660993260584603,-0.5310749897662703,-0.28451400397013743,-0.05170626682540526,0.008562030188812785,0.004945800287216438,5.0
0.0736147229445887,2.7443001353827565,0.9661891347140961,-0.5313053177417275,-0.284470704185447,-0.051618486442501686,0.008569064504434966,0.004937774505344013,5.0
0.07461492298459671,2.7439043459268633,0.9662787787170967,-0.5315354504474393,-0.2844272945198423,-0.05153077979501807,0.008576039359395125,0.004929753212431973,5.0
0.07561512302460471,2.7435088206143696,0.9663682583696549,-0.5317653878803362,-0.28438377540278575,-0.051443146975050744,0.008582954921279135,0.00492173646455097,5.0
0.07661532306461272,2.743113558903532,0.966457573972984,-0.5319951300376834,-0.28434014726311474,-0.05135558807370688,0.008589811357566075,0.0049137243173966744,5.0
0.07761552310462072,2.7427185602542745,0.9665467258273255,-0.5322246769170792,-0.28429641052903987,-0.051268103181108596,0.008596608835625985,0.004905716826290586,5.0
0.07861572314462872,2.7423238241281815,0.9666357142319505,-0.5324540285164532,-0.28425256562814216,-0.05118069238639685,0.008603347522717603,0.00489771404618076,5.0
0.07961592318463673,2.741929349988494,0.9667245394851635,-0.5326831848340643,-0.2842086129873726,-0.051093355777735334,0.008610027585986144,0.00488971603164262,5.0
0.08061612322464473,2.7415351373001013,0.9668132018843056,-0.5329121458684988,-0.2841645530330494,-0.05100609344231463,0.008616649192461108,0.004881722836879712,5.0
0.08161632326465273,2.74114118552954,0.966901701725756,-0.5331409116186682,-0.28412038619085633,-0.05091890546635604,0.008623212509054077,0.004873734515724542,5.0
0.08261652330466074,2.7407474941449848,0.9669900393049383,-0.5333694820838086,-0.28407611288584156,-0.05083179193511559,0.00862971770255653,0.0048657511216393355,5.0
0.08361672334466874,2.740354062616245,0.967078214916324,-0.5335978572634776,-0.2840317335424153,-0.05074475293288819,0.008636164939637724,0.004857772707716859,5.0
0.08461692338467675,2.739960890414761,0.9671662288534313,-0.5338260371575515,-0.28398724858434804,-0.05065778854301126,0.008642554386842506,0.004849799326681234,5.0
0.08561712342468475,2.7395679770135963,0.9672540814088338,-0.5340540217662266,-0.2839426584347696,-0.050570898847869084,0.008648886210589218,0.004841831030888762,5.0
0.08661732346469275,2.739175321887433,0.9673417728741608,-0.5342818110900145,-0.2838979635161667,-0.05048408392889654,0.008655160577167602,0.00483386787232874,5.0
0.08761752350470076,2.738782924512569,0.9674293035401016,-0.534509405129742,-0.28385316425038165,-0.050397343866583254,0.008661377652736687,0.004825909902624306,5.0
0.08861772354470876,2.7383907843669104,0.9675166736964085,-0.534736803886548,-0.28380826105861084,-0.050310678740477545,0.008667537603322726,0.004817957173033267,5.0
0.08961792358471676,2.7379989009299672,0.9676038836319022,-0.534964007361883,-0.2837632543614028,-0.0502240886291904,0.008673640594817133,0.004810009734448943,5.0
0.09061812362472477,2.7376072736828485,0.967690933634473,-0.5351910155575066,-0.28371814457865696,-0.05013757361039953,0.008679686792974465,0.004802067637401041,5.0
0.09161832366473277,2.7372159021082587,0.9677778239910831,-0.535417828475485,-0.28367293212962186,-0.050051133760853184,0.008685676363410349,0.004794130932056476,5.0
0.09261852370474077,2.736824785690489,0.967864554987775,-0.5356444461181915,-0.28362761743289383,-0.04996476915637444,0.00869160947159956,0.0047861996682202765,5.0
0.09361872374474878,2.736433923915417,0.9679511269096708,-0.5358708684883027,-0.2835822009064156,-0.04987847987186502,0.008697486282873984,0.004778273895336465,5.0
0.09461892378475678,2.7360433162704987,0.968037540040975,-0.5360970955887978,-0.2835366829674742,-0.0497922659813092,0.008703306962420661,0.004770353662488901,5.0
0.09561912382476478,2.7356529622447647,0.9681237946649817,-0.5363231274229563,-0.2834910640327001,-0.049706127557778125,0.008709071675279827,0.004762439018402208,5.0
0.09661932386477279,2.735262861328814,0.9682098910640765,-0.5365489639943571,-0.28344534451806547,-0.049620064673433446,0.008714780586343004,0.00475453001144265,5.0
0.09761952390478079,2.734873013014811,0.9682958295197378,-0.5367746053068758,-0.28339952483888275,-0.049534077399531536,0.00872043386035106,0.0047466266896190315,5.0
0.0986197239447888,2.73448341679648,0.9683816103125431,-0.5370000513646838,-0.28335360540980337,-0.0494481658064274,0.00872603166189231,0.0047387291005836305,5.0
0.0996199239847968,2.7340940721690994,0.968467233722171,-0.5372253021722462,-0.28330758664481626,-0.049362329963578734,0.008731574155400684,0.004730837291633095,5.0
0.1006201240248048,2.733704978629497,0.9685527000274057,-0.5374503577343204,-0.2832614689572463,-0.04927656993954988,0.008737061505153817,0.004722951309709381,5.0
0.1016203240648128,2.733316135676046,0.9686380095061397,-0.5376752180559544,-0.28321525275975373,-0.04919088580201576,0.008742493875271226,0.004715071201400688,5.0
0.10262052410482081,2.732927542808659,0.9687231624353765,-0.5378998831424848,-0.28316893846433155,-0.04910527761776589,0.008747871429712508,0.0047071970129424,5.0
0.10362072414482881,2.7325391995287847,0.9688081590912363,-0.5381243529995366,-0.2831225264823054,-0.04901974545270854,0.00875319433227551,0.0046993287902180525,5.0
0.10462092418483682,2.7321511053394008,0.9688929997489556,-0.5383486276330192,-0.2830760172243313,-0.048934289371874364,0.008758462746594534,0.004691466578760239,5.0
0.10562112422484482,2.7317632597450103,0.9689776846828952,-0.5385727070491254,-0.2830294111003947,-0.04884890943942066,0.008763676836138575,0.004683610423751626,5.0
0.10662132426485282,2.7313756622516356,0.9690622141665411,-0.5387965912543325,-0.28298270851981,-0.048763605718635285,0.008768836764209595,0.0046757603700259024,5.0
0.10762152430486083,2.730988312366815,0.9691465884725073,-0.5390202802553975,-0.282935909891218,-0.048678378271940555,0.008773942693940755,0.004667916462068772,5.0
0.10862172434486883,2.730601209599597,0.9692308078725397,-0.5392437740593563,-0.28288901562258506,-0.04859322716089725,0.008778994788294718,0.004660078744018924,5.0
0.10962192438487683,2.7302143534605348,0.9693148726375199,-0.5394670726735225,-0.28284202612120235,-0.048508152446208576,0.00878399321006192,0.00465224725966902,5.0
0.11062212442488484,2.729827743461681,0.9693987830374692,-0.5396901761054859,-0.28279494179368414,-0.048423154187724186,0.008788938121858924,0.00464442205246673,5.0
0.11162232446489284,2.729441379116584,0.9694825393415492,-0.5399130843631105,-0.28274776304596666,-0.04833823244444406,0.008793829686126754,0.004636603165515711,5.0
0.11262252450490084,2.729055259940281,0.9695661418180679,-0.5401357974545332,-0.2827004902833074,-0.04825338727452241,0.00879866806512925,0.004628790641576639,5.0
0.11362272454490885,2.728669385449295,0.9696495907344806,-0.5403583153881621,-0.28265312391028297,-0.04816861873527172,0.008803453420951424,0.004620984523068228,5.0
0.11462292458491685,2.7282837551616277,0.9697328863573955,-0.5405806381726749,-0.28260566433078926,-0.0480839268831667,0.008808185915497837,0.00461318485206825,5.0
0.11562312462492486,2.7278983685967546,0.9698160289525746,-0.5408027658170173,-0.2825581119480387,-0.047999311773848176,0.008812865710491056,0.0046053916703145854,5.0
0.11662332466493286,2.727513225275621,0.9698990187849378,-0.5410246983304015,-0.28251046716456063,-0.04791477346212696,0.00881749296747001,0.004597605019206261,5.0
0.11762352470494086,2.727128324720635,0.9699818561185671,-0.5412464357223047,-0.2824627303821993,-0.04783031200198798,0.008822067847788497,0.004589824939804496,5.0
0.11862372474494887,2.7267436664556643,0.9700645412167078,-0.5414679780024676,-0.282414902002113,-0.04774592744659397,0.008826590512613601,0.004582051472833767,5.0
0.11962392478495687,2.7263592500060296,0.9701470743417718,-0.5416893251808922,-0.28236698242477287,-0.04766161984828949,0.008831061122924172,0.00457428465868286,5.0
0.12062412482496487,2.7259750748984994,0.9702294557553426,-0.5419104772678409,-0.28231897204996204,-0.04757738925860481,0.008835479839509318,0.004566524537405949,5.0
0.12162432486497288,2.7255911406612845,0.9703116857181754,-0.5421314342738356,-0.2822708712767746,-0.04749323572825994,0.008839846822966922,0.0045587711487236745,5.0
0.12262452490498088,2.7252074468240326,0.9703937644902021,-0.5423521962096544,-0.2822226805036141,-0.047409159307168366,0.008844162233702128,0.004551024532024193,5.0
0.12362472494498888,2.7248239929178246,0.9704756923305353,-0.5425727630863318,-0.2821744001281931,-0.04732516004444111,0.00884842623192593,0.00454328472636431,5.0
0.12462492498499689,2.7244407784751665,0.9705574694974666,-0.5427931349151551,-0.2821260305475318,-0.047241237988390396,0.008852638977653675,0.004535551770470533,5.0
0.1256251250250049,2.7240578030299853,0.9706390962484751,-0.5430133117076658,-0.28207757215795737,-0.047157393186533794,0.008856800630703666,0.004527825702740183,5.0
0.1266253250650129,2.7236750661176243,0.9707205728402263,-0.5432332934756554,-0.2820290253551021,-0.04707362568559796,0.008860911350695737,0.004520106561242502,5.0
0.1276255251050209,2.7232925672748354,0.9708018995285779,-0.5434530802311651,-0.2819803905339035,-0.0469899355315225,0.008864971297049839,0.004512394383719727,5.0
0.1286257251450289,2.722910306039777,0.9708830765685795,-0.5436726719864846,-0.281931668088603,-0.04690632276946398,0.00886898062898466,0.004504689207588246,5.0
0.1296259251850369,2.722528281952005,0.9709641042144793,-0.5438920687541499,-0.28188285841274463,-0.046822787443799634,0.00887293950551626,0.004496991069939678,5.0
0.1306261252250449,2.7221464945524696,0.9710449827197222,-0.5441112705469414,-0.28183396189917437,-0.04673932959813136,0.00887684808545669,0.004489300007541993,5.0
0.1316263252650529,2.721764943383509,0.9711257123369567,-0.5443302773778838,-0.2817849789400396,-0.046655949275289495,0.008880706527412687,0.004481616056840655,5.0
0.13262652530506092,2.721383627988844,0.9712062933180351,-0.544549089260243,-0.28173590992678726,-0.04657264651733667,0.008884514989784289,0.004473939253959727,5.0
0.13362672534506892,2.7210025479135713,0.9712867259140195,-0.5447677062075268,-0.28168675525016384,-0.04648942136557173,0.008888273630763574,0.004466269634703006,5.0
0.13462692538507692,2.720621702704161,0.9713670103751793,-0.5449861282334805,-0.28163751530021414,-0.04640627386053358,0.008891982608333345,0.004458607234555163,5.0
0.13562712542508493,2.7202410919084477,0.9714471469509992,-0.5452043553520879,-0.28158819046628064,-0.04632320404200489,0.0088956420802658,0.004450952088682865,5.0
0.13662732546509293,2.719860715075627,0.9715271358901785,-0.5454223875775694,-0.28153878113700237,-0.04624021194901615,0.008899252204121312,0.004443304231935923,5.0
0.13762752550510093,2.719480571756249,0.9716069774406362,-0.5456402249243791,-0.28148928770031445,-0.04615729761984935,0.008902813137247147,0.004435663698848434,5.0
0.13862772554510894,2.719100661502215,0.9716866718495109,-0.5458578674072052,-0.28143971054344724,-0.04607446109204177,0.00890632503677621,0.004428030523639919,5.0
0.13962792558511694,2.7187209838667687,0.9717662193631672,-0.5460753150409672,-0.28139005005292467,-0.045991702402389985,0.008909788059625796,0.004420404740216469,5.0
0.14062812562512494,2.718341538404492,0.971845620227195,-0.5462925678408156,-0.28134030661456527,-0.04590902158695352,0.008913202362496406,0.004412786382171891,5.0
0.14162832566513295,2.717962324671302,0.971924874686414,-0.5465096258221293,-0.28129048061347917,-0.045826418681058724,0.008916568101870472,0.004405175482788844,5.0
0.14262852570514095,2.717583342224441,0.9720039829848767,-0.5467264890005151,-0.2812405724340694,-0.045743893719302604,0.008919885434011211,0.00439757207504001,5.0
0.14362872574514896,2.717204590622476,0.9720829453658701,-0.5469431573918067,-0.28119058246003037,-0.04566144673555667,0.008923154514961427,0.004389976191589238,5.0
0.14462892578515696,2.7168260694252897,0.9721617620719185,-0.5471596310120614,-0.28114051107434673,-0.0455790777629706,0.008926375500542308,0.0043823878647926955,5.0
0.14562912582516496,2.7164477781940755,0.972240433344786,-0.5473759098775607,-0.2810903586592931,-0.04549678683397613,0.008929548546352296,0.004374807126700013,5.0
0.14662932586517297,2.7160697164913348,0.9723189594254819,-0.5475919940048084,-0.28104012559643393,-0.045414573980290925,0.008932673807765945,0.004367234009055462,5.0
0.14762952590518097,2.715691883880869,0.9723973405542582,-0.547807883410529,-0.2809898122666217,-0.045332439232922184,0.008935751439932743,0.004359668543299109,5.0
0.14862972594518897,2.7153142799277754,0.9724755769706188,-0.5480235781116659,-0.28093941904999725,-0.04525038262217057,0.008938781597776026,0.004352110760567954,5.0
0.14962992598519698,2.7149369041984426,0.9725536689133171,-0.5482390781253814,-0.2808889463259889,-0.04516840417763392,0.008941764435991848,0.004344560691697107,5.0
0.15063012602520498,2.7145597562605435,0.97263161662036,-0.5484543834690541,-0.2808383944733115,-0.045086503928211064,0.008944700109047866,0.004337018367220944,5.0
0.15163032606521298,2.7141828356830313,0.972709420329013,-0.5486694941602782,-0.2807877638699668,-0.04500468190210557,0.008947588771182279,0.00432948381737426,5.0
0.152630526105221,2.713806142036135,0.9727870802758001,-0.5488844102168626,-0.28073705489324147,-0.04492293812682953,0.008950430576402716,0.004321957072093444,5.0
0.153630726145229,2.7134296748913527,0.9728645966965074,-0.5490991316568288,-0.2806862679197078,-0.044841272629207264,0.008953225678485202,0.00431443816101762,5.0
0.154630926185237,2.713053433821448,0.9729419698261881,-0.54931365849841,-0.2806354033252225,-0.04475968543537914,0.008955974230973055,0.00430692711348982,5.0
0.155631126225245,2.7126774184004447,0.9730191998991611,-0.5495279907600493,-0.28058446148492655,-0.044678176570805306,0.008958676387175898,0.00429942395855816,5.0
0.156631326265253,2.7123016282036208,0.9730962871490173,-0.5497421284603999,-0.28053344277324455,-0.04459674606026943,0.008961332300168602,0.0042919287249769825,5.0
0.157631526305261,2.7119260628075055,0.973173231808622,-0.5499560716183226,-0.28048234756388424,-0.04451539392788244,0.008963942122790277,0.004284441441208026,5.0
0.158631726345269,2.7115507217898727,0.9732500341101161,-0.5501698202528851,-0.28043117622983593,-0.044434120197086244,0.00896650600764322,0.004276962135421598,5.0
0.159631926385277,2.711175604729736,0.9733266942849206,-0.5503833743833602,-0.2803799291433725,-0.044352924890657536,0.008969024107091982,0.004269490835497731,5.0
0.16063212642528502,2.710800711207345,0.9734032125637379,-0.5505967340292252,-0.2803286066760485,-0.04427180803071136,0.008971496573262346,0.0042620275690273424,5.0
0.16163232646529302,2.7104260408041814,0.973479589176557,-0.5508098992101612,-0.28027720919870003,-0.04419076963870501,0.008973923558040381,0.004254572363313428,5.0
0.16263252650530102,2.7100515931029507,0.9735558243526542,-0.5510228699460509,-0.2802257370814441,-0.04410980973544158,0.008976305213071427,0.004247125245372178,5.0
0.16363272654530903,2.7096773676875823,0.9736319183205964,-0.5512356462569766,-0.28017419069367827,-0.04402892834107376,0.008978641689759207,0.004239686241934195,5.0
0.16463292658531703,2.70930336414322,0.9737078713082447,-0.5514482281632226,-0.2801225704040809,-0.04394812547510754,0.008980933139264886,0.004232255379445651,5.0
0.16563312662532503,2.708929582056221,0.973783683542758,-0.5516606156852699,-0.28007087658060975,-0.04386740115640583,0.0089831797125061,0.004224832684069432,5.0
0.16663332666533304,2.70855602101415,0.9738593552505933,-0.5518728088437982,-0.2800191095905025,-0.04378675540319221,0.008985381560156096,0.004217418181686334,5.0
0.16763352670534104,2.708182680605775,0.9739348866575116,-0.5520848076596826,-0.2799672698002766,-0.043706188233054555,0.008987538832642817,0.004210011897896247,5.0
0.16863372674534904,2.7078095604210617,0.9740102779885786,-0.5522966121539936,-0.27991535757572755,-0.04362569966294875,0.008989651680147998,0.004202613858019281,5.0
0.16963392678535705,2.7074366600511697,0.9740855294681688,-0.5525082223479965,-0.27986337328193067,-0.043545289709202316,0.008991720252606307,0.004195224087096979,5.0
0.17063412682536505,2.7070639790884488,0.9741606413199693,-0.5527196382631486,-0.27981131728323905,-0.04346495838751808,0.008993744699704482,0.004187842609893473,5.0
0.17163432686537305,2.7066915171264325,0.9742356137669789,-0.5529308599210995,-0.2797591899432841,-0.04338470571297773,0.008995725170880462,0.00418046945089664,5.0
0.17263452690538106,2.7063192737598363,0.9743104470315154,-0.5531418873436895,-0.2797069916249751,-0.04330453170004561,0.008997661815322576,0.004173104634319329,5.0
0.17363472694538906,2.7059472485845513,0.974385141335218,-0.5533527205529495,-0.27965472269049957,-0.043224436362572304,0.008999554781968677,0.004165748184100485,5.0
0.17463492698539707,2.70557544119764,0.9744596968990469,-0.553563359571098,-0.2796023835013221,-0.043144419713798156,0.009001404219505389,0.00415840012390637,5.0
0.17563512702540507,2.7052038511973318,0.9745341139432897,-0.553773804420542,-0.2795499744181848,-0.043064481766356966,0.00900321027636725,0.004151060477131717,5.0
0.17663532706541307,2.70483247818302,0.974608392687562,-0.553984055123875,-0.2794974958011066,-0.04298462253227954,0.009004973100735947,0.004143729266900929,5.0
0.17763552710542108,2.704461321755257,0.9746825333508127,-0.554194111703876,-0.27944494800938374,-0.042904842022997366,0.009006692840539553,0.004136406516069247,5.0
0.17863572714542908,2.7040903815157473,0.9747565361513236,-0.5544039741835085,-0.2793923314015891,-0.04282514024934612,0.009008369643451728,0.004129092247223946,5.0
0.17963592718543708,2.703719657067347,0.9748304013067155,-0.5546136425859195,-0.2793396463355716,-0.04274551722156923,0.009010003656890999,0.004121786482685504,5.0
0.1806361272254451,2.703349148014058,0.9749041290339493,-0.5548231169344388,-0.2792868931684577,-0.04266597294932152,0.009011595028020012,0.004114489244508817,5.0
0.1816363272654531,2.7029788539610218,0.9749777195493294,-0.5550323972525777,-0.2792340722566491,-0.04258650744167267,0.009013143903744796,0.004107200554484355,5.0
0.1826365273054611,2.7026087745145175,0.975051173068506,-0.5552414835640278,-0.2791811839558243,-0.042507120707110845,0.00901465043071407,0.004099920434139399,5.0
0.1836367273454691,2.7022389092819563,0.9751244898064783,-0.5554503758926611,-0.2791282286209377,-0.04242781275354617,0.009016114755318515,0.004092648904739187,5.0
0.1846369273854771,2.701869257871879,0.9751976699775978,-0.5556590742625264,-0.27907520660621943,-0.04234858358831427,0.009017537023690096,0.004085385987288116,5.0
0.1856371274254851,2.7014998198939475,0.9752707137955704,-0.555867578697852,-0.27902211826517576,-0.04226943321817981,0.009018917381701392,0.0040781317025309705,5.0
0.1866373274654931,2.7011305949589453,0.9753436214734583,-0.5560758892230413,-0.27896896395058857,-0.042190361649339946,0.009020255974964902,0.004070886070954068,5.0
0.1876375275055011,2.70076158267877,0.975416393223686,-0.5562840058626743,-0.2789157440145153,-0.04211136888742788,0.009021552948832428,0.0040636491127865005,5.0
0.18863772754550912,2.70039278266643,0.9754890292580393,-0.5564919286415052,-0.2788624588082893,-0.042032454937516305,0.009022808448394431,0.00405642084800133,5.0
0.18963792758551712,2.7000241945360397,0.9755615297876694,-0.5566996575844619,-0.27880910868251907,-0.04195361980412085,0.009024022618479339,0.004049201296316743,5.0
0.19063812762552512,2.6996558179028165,0.975633895023096,-0.556907192716645,-0.27875569398708894,-0.041874863491203625,0.00902519560365302,0.0040419904771973126,5.0
0.19163832766553313,2.6992876523830733,0.9757061251742097,-0.5571145340633267,-0.27870221507115805,-0.04179618600217658,0.009026327548218086,0.004034788409855162,5.0
0.19263852770554113,2.6989196975942167,0.9757782204502751,-0.5573216816499504,-0.2786486722831619,-0.041717587339905035,0.009027418596213371,0.004027595113251185,5.0
0.19363872774554913,2.698551953154743,0.9758501810599318,-0.557528635502128,-0.27859506597081035,-0.04163906750671104,0.009028468891413288,0.004020410606096218,5.0
0.19463892778555714,2.698184418684231,0.9759220072111994,-0.557735395645642,-0.27854139648108933,-0.04156062650437683,0.009029478577327282,0.004013234906852308,5.0
0.19563912782556514,2.6978170938033412,0.9759936991114774,-0.5579419621064419,-0.27848766416025966,-0.041482264334148214,0.00903044779719927,0.004006068033733856,5.0
0.19663932786557314,2.6974499781338075,0.9760652569675498,-0.5581483349106434,-0.27843386935385744,-0.04140398099673802,0.009031376694007085,0.00399891000470886,5.0
0.19763952790558115,2.697083071298435,0.9761366809855868,-0.55835451408453,-0.2783800124066948,-0.04132577649232941,0.009032265410461938,0.003991760837500123,5.0
0.19863972794558915,2.6967163729210957,0.9762079713711476,-0.5585604996545486,-0.2783260936628583,-0.04124765082057931,0.009033114089007878,0.0039846205495864435,5.0
0.19963992798559715,2.696349882626723,0.976279128329183,-0.558766291647311,-0.27827211346571057,-0.04116960398062177,0.00903392287182127,0.003977489158203831,5.0
0.20064012802560516,2.6959836000413078,0.9763501520640365,-0.5589718900895919,-0.2782180721578891,-0.041091635971071294,0.009034691900810299,0.003970366680346717,5.0
0.20164032806561316,2.695617524791894,0.9764210427794486,-0.5591772950083289,-0.27816397008130717,-0.04101374679002625,0.009035421317614459,0.003963253132769162,5.0
0.20264052810562116,2.6952516565065725,0.9764918006785581,-0.5593825064306199,-0.2781098075771534,-0.0409359364350721,0.009036111263604053,0.003956148531986049,5.0
0.20364072814562917,2.6948859948144794,0.9765624259639065,-0.5595875243837244,-0.2780555849858922,-0.040858204903284845,0.009036761879879734,0.003949052894274302,5.0
0.20464092818563717,2.694520539345791,0.9766329188374352,-0.5597923488950602,-0.278001302647263,-0.040780552191234234,0.009037373307272,0.0039419662356741,5.0
0.20564112822564518,2.6941552897317163,0.976703279500494,-0.5599969799922047,-0.27794696090028154,-0.04070297829498719,0.009037945686340774,0.003934888571990071,5.0
0.20664132826565318,2.693790245604496,0.9767735081538411,-0.5602014177028919,-0.27789256008323915,-0.04062548321011099,0.009038479157374915,0.003927819918792502,5.0
0.20764152830566118,2.693425406597396,0.9768436049976438,-0.5604056620550137,-0.27783810053370295,-0.04054806693167662,0.009038973860391798,0.003920760291418546,5.0
0.2086417283456692,2.6930607723447033,0.9769135702314828,-0.5606097130766174,-0.27778358258851604,-0.040470729454261965,0.009039429935136865,0.003913709704973426,5.0
0.2096419283856772,2.6926963424817223,0.9769834040543535,-0.5608135707959054,-0.27772900658379757,-0.04039347077195525,0.009039847521083225,0.0039066681743316406,5.0
0.2106421284256852,2.6923321166447693,0.9770531066646696,-0.5610172352412339,-0.2776743728549432,-0.040316290878358044,0.00904022675743119,0.003899635714138147,5.0
0.2116423284656932,2.691968094471169,0.9771226782602627,-0.5612207064411127,-0.27761968173662444,-0.04023918976658875,0.009040567783107915,0.003892612338809575,5.0
0.2126425285057012,2.691604275599249,0.9771921190383892,-0.5614239844242037,-0.2775649335627897,-0.04016216742928568,0.009040870736766947,0.0038855980625354214,5.0
0.2136427285457092,2.691240659668336,0.9772614291957278,-0.5616270692193209,-0.2775101286666639,-0.040085223858610394,0.00904113575678788,0.0038785928992792484,5.0
0.2146429285857172,2.6908772463187516,0.9773306089283836,-0.5618299608554278,-0.27745526738074844,-0.04000835904625076,0.009041362981275928,0.0038715968627798655,5.0
0.2156431286257252,2.690514035191807,0.9773996584318917,-0.5620326593616386,-0.2774003500368223,-0.039931572983424396,0.009041552548061597,0.0038646099665525318,5.0
0.21664332866573321,2.6901510259298,0.9774685779012172,-0.5622351647672158,-0.2773453769659413,-0.03985486566088161,0.009041704594700285,0.003857632223890156,5.0
0.21764352870574122,2.689788218176008,0.9775373675307594,-0.562437477101571,-0.2772903484984384,-0.03977823706890876,0.00904181925847191,0.0038506636478644663,5.0
0.21864372874574922,2.6894256115746873,0.9776060275143523,-0.5626395963942619,-0.27723526496392475,-0.03970168719733141,0.009041896676380607,0.0038437042513272037,5.0
0.21964392878575723,2.689063205771066,0.9776745580452685,-0.5628415226749935,-0.27718012669128855,-0.03962521603551743,0.009041936985154325,0.003836754046911308,5.0
0.22064412882576523,2.6887010004113403,0.9777429593162202,-0.563043255973616,-0.27712493400869653,-0.03954882357238026,0.009041940321244515,0.0038298130470320797,5.0
0.22164432886577323,2.6883389951426713,0.9778112315193623,-0.5632447963201246,-0.27706968724359343,-0.039472509796381894,0.009041906820825804,0.0038228812638883723,5.0
0.22264452890578124,2.687977189613179,0.9778793748462946,-0.563446143744658,-0.27701438672270234,-0.03939627469553619,0.009041836619795665,0.0038159587094637754,5.0
0.22364472894578924,2.68761558347194,0.9779473894880628,-0.5636472982774986,-0.27695903277202555,-0.03932011825741197,0.009041729853774107,0.0038090453955277577,5.0
0.22464492898579724,2.6872541763689832,0.9780152756351634,-0.5638482599490717,-0.27690362571684396,-0.03924404046913607,0.009041586658103356,0.0038021413336368805,5.0
0.22564512902580525,2.686892967955283,0.9780830334775421,-0.5640490287899436,-0.2768481658817177,-0.03916804131739652,0.009041407167847555,0.003795246535135925,5.0
0.22664532906581325,2.686531957882757,0.9781506632046,-0.5642496048308213,-0.2767926535904868,-0.0390921207884456,0.00904119151779251,0.0037883610111590885,5.0
0.22764552910582125,2.6861711458042636,0.9782181650051939,-0.5644499881025525,-0.276737089166271,-0.03901627886810297,0.009040939842445335,0.003781484772631122,5.0
0.22864572914582926,2.685810531373595,0.9782855390676389,-0.5646501786361243,-0.27668147293147033,-0.03894051554175874,0.00904065227603424,0.003774617830268506,5.0
0.22964592918583726,2.685450114245475,0.9783527855797101,-0.5648501764626619,-0.27662580520776514,-0.03886483079437652,0.009040328952508215,0.0037677601945805906,5.0
0.23064612922584526,2.685089894075555,0.9784199047286458,-0.565049981613429,-0.2765700863161169,-0.03878922461049656,0.009039970005536798,0.003760911875870768,5.0
0.23164632926585327,2.6847298705204086,0.97848689670115,-0.5652495941198264,-0.27651431657676817,-0.03871369697423869,0.009039575568509784,0.0037540728842376174,5.0
0.23264652930586127,2.6843700432375286,0.978553761683394,-0.5654490140133913,-0.27645849630924296,-0.038638247869305496,0.00903914577453701,0.0037472432295760473,5.0
0.23364672934586928,2.6840104118853234,0.9786204998610181,-0.5656482413257963,-0.27640262583234715,-0.0385628772789852,0.009038680756448097,0.0037404229215784405,5.0
0.23464692938587728,2.6836509761231135,0.978687111419136,-0.5658472760888499,-0.2763467054641692,-0.038487585186154874,0.00903818064679222,0.003733611969735809,5.0
0.23564712942588528,2.6832917356111268,0.9787535965423333,-0.5660461183344944,-0.27629073552207967,-0.03841237157328326,0.009037645577837847,0.0037268103833389085,5.0
0.23664732946589329,2.6829326900104937,0.9788199554146765,-0.5662447680948058,-0.2762347163227326,-0.03833723642243396,0.009037075681572571,0.0037200181714794034,5.0
0.2376475295059013,2.6825738389832465,0.9788861882197072,-0.5664432254019933,-0.2761786481820657,-0.03826217971526829,0.009036471089702864,0.0037132353430509874,5.0
0.2386477295459093,2.6822151821923126,0.9789522951404508,-0.5666414902883985,-0.2761225314152998,-0.038187201433048296,0.009035831933653893,0.003706461906750524,5.0
0.2396479295859173,2.6818567193015133,0.9790182763594159,-0.5668395627864947,-0.2760663663369404,-0.038112301556639784,0.009035158344569293,0.0036996978710791685,5.0
0.2406481296259253,2.6814984499755576,0.9790841320585971,-0.5670374429288856,-0.2760101532607779,-0.038037480066515264,0.009034450453311003,0.0036929432443435165,5.0
0.2416483296659333,2.6811403738800403,0.9791498624194769,-0.5672351307483067,-0.27595389249988744,-0.037962736942756835,0.009033708390459081,0.0036861980346567184,5.0
0.2426485297059413,2.680782490681438,0.9792154676230289,-0.5674326262776217,-0.27589758436663,-0.03788807216505919,0.009032932286311532,0.003679462249939595,5.0
0.2436487297459493,2.680424800047104,0.9792809478497209,-0.5676299295498247,-0.2758412291726526,-0.037813485712732554,0.009032122270884124,0.0036727358979217637,5.0
0.24464892978595731,2.6800673016452694,0.9793463032795137,-0.567827040598038,-0.27578482722888886,-0.037738977564705546,0.009031278473910252,0.003666018986142791,5.0
0.24564912982596532,2.679709995145032,0.979411534091868,-0.5680239594555109,-0.27572837884555856,-0.037664547699528095,0.00903040102484073,0.0036593115219532416,5.0
0.24664932986597332,2.67935288021636,0.979476640465744,-0.568220686155621,-0.2756718843321698,-0.03759019609537448,0.009029490052843717,0.003652613512515867,5.0
0.24764952990598132,2.6789959565300827,0.9795416225796033,-0.5684172207318721,-0.2756153439975183,-0.037515922730045975,0.00902854568680456,0.0036459249648066842,5.0
0.24864972994598933,2.6786392237578918,0.9796064806114125,-0.5686135632178941,-0.2755587581496881,-0.037441727580973895,0.009027568055325638,0.0036392458856160945,5.0
0.24964992998599733,2.678282681572335,0.9796712147386464,-0.5688097136474423,-0.27550212709605193,-0.037367610625222356,0.009026557286726255,0.003632576281549984,5.0
0.25065013002600534,2.677926329646812,0.9797358251382873,-0.5690056720543967,-0.2754454511432722,-0.0372935718394913,0.009025513509042519,0.003625916159030848,5.0
0.25165033006601334,2.677570167655573,0.97980031198683,-0.5692014384727615,-0.2753887305973008,-0.03721961120011908,0.009024436850027259,0.0036192655242989072,5.0
0.25265053010602134,2.6772141952737147,0.9798646754602826,-0.5693970129366658,-0.2753319657633807,-0.03714572868308554,0.009023327437149916,0.0036126243834132023,5.0
0.25365073014602935,2.6768584121771752,0.9799289157341691,-0.5695923954803598,-0.2752751569460452,-0.037071924264014594,0.009022185397596432,0.0036059927422526774,5.0
0.25465093018603735,2.676502818042733,0.9799930329835318,-0.5697875861382177,-0.27521830444911916,-0.03699819791817722,0.009021010858269172,0.003599370606517329,5.0
0.25565113022604535,2.6761474125480005,0.980057027382935,-0.5699825849447346,-0.2751614085757194,-0.036924549620494164,0.009019803945786862,0.003592757981729277,5.0
0.25665133026605336,2.6757921953714234,0.9801208991064613,-0.5701773919345274,-0.2751044696282551,-0.036850979345538694,0.00901856478648452,0.003586154873233863,5.0
0.25765153030606136,2.6754371661922756,0.9801846483277236,-0.5703720071423339,-0.275047487908429,-0.03677748706753945,0.009017293506413388,0.0035795612862007764,5.0
0.25865173034606936,2.6750823246906554,0.9802482752198576,-0.5705664306030114,-0.2749904637172364,-0.03670407276038309,0.009015990231340847,0.0035729772256251225,5.0
0.25965193038607737,2.6747276705474836,0.9803117799555298,-0.5707606623515372,-0.27493339735496725,-0.036630736397617145,0.009014655086750428,0.003566402696328546,5.0
0.26065213042608537,2.6743732034444974,0.980375162706937,-0.5709547024230083,-0.2748762891212067,-0.03655747795245269,0.00901328819784174,0.003559837702960313,5.0
0.2616523304660934,2.6740189230642493,0.9804384236458116,-0.5711485508526392,-0.2748191393148341,-0.03648429739776706,0.00901188968953043,0.003553282249998405,5.0
0.2626525305061014,2.673664829090103,0.980501562943417,-0.5713422076757627,-0.27476194823402506,-0.03641119470610654,0.009010459686448173,0.0035467363417506013,5.0
0.2636527305461094,2.673310921206228,0.9805645807705592,-0.5715356729278289,-0.2747047161762518,-0.03633816984968914,0.009008998312942646,0.003540199982355592,5.0
0.2646529305861174,2.6729571990976,0.9806274772975803,-0.5717289466444048,-0.27464744343828273,-0.03626522280040717,0.009007505693077494,0.0035336731757840407,5.0
0.2656531306261254,2.6726036624499927,0.9806902526943654,-0.5719220288611732,-0.274590130316184,-0.03619235352982996,0.00900598195063236,0.0035271559258396794,5.0
0.2666533306661334,2.672250310949977,0.9807529071303412,-0.5721149196139326,-0.2745327771053198,-0.036119562009206546,0.00900442720910285,0.00352064823616041,5.0
0.2676535307061414,2.6718971442849164,0.9808154407744822,-0.5723076189385963,-0.27447538410035294,-0.03604684820946824,0.009002841591700565,0.003514150110219357,5.0
0.2686537307461494,2.671544162142964,0.9808778537953092,-0.5725001268711934,-0.27441795159524546,-0.035974212101231376,0.009001225221353111,0.0035076615513259823,5.0
0.2696539307861574,2.671191364213059,0.9809401463608933,-0.5726924434478659,-0.2743604798832591,-0.03590165365479979,0.00899957822070411,0.0035011825626271543,5.0
0.2706541308261654,2.670838750184923,0.9810023186388549,-0.5728845687048694,-0.27430296925695596,-0.03582917284016756,0.00899790071211324,0.003494713147108216,5.0
0.2716543308661734,2.670486319749054,0.9810643707963693,-0.5730765026785722,-0.27424542000819907,-0.0357567696270215,0.008996192817656233,0.0034882533075940602,5.0
0.2726545309061814,2.6701340725967277,0.9811263030001663,-0.5732682454054555,-0.2741878324281529,-0.03568444398474378,0.008994454659124955,0.003481803046750215,5.0
0.2736547309461894,2.6697820084199892,0.9811881154165332,-0.5734597969221119,-0.27413020680728445,-0.03561219588241456,0.00899268635802739,0.003475362367083894,5.0
0.2746549309861974,2.669430126911652,0.9812498082113149,-0.5736511572652442,-0.2740725434353626,-0.03554002528881442,0.008990888035587728,0.003468931270945062,5.0
0.2756551310262054,2.6690784277652932,0.9813113815499179,-0.5738423264716679,-0.27401484260146064,-0.035467932172427094,0.008989059812746418,0.0034625097605275375,5.0
0.27665533106621343,2.668726910675251,0.9813728355973103,-0.5740333045783068,-0.27395710459395484,-0.03539591650144185,0.008987201810160187,0.003456097837869999,5.0
0.27765553110622143,2.668375575336619,0.9814341705180258,-0.574224091622195,-0.273899329700527,-0.035323978243756105,0.008985314148202174,0.0034496955048571097,5.0
0.27865573114622944,2.6680244214452435,0.9814953864761621,-0.5744146876404762,-0.2738415182081637,-0.03525211736697791,0.008983396946961939,0.0034433027632205233,5.0
0.27965593118623744,2.667673448697723,0.9815564836353862,-0.5746050926704015,-0.27378367040315693,-0.03518033383842842,0.008981450326245557,0.003436919614539964,5.0
0.28065613122624544,2.6673226567913986,0.9816174621589334,-0.574795306749331,-0.27372578657110613,-0.03510862762514448,0.00897947440557571,0.0034305460602442684,5.0
0.28165633126625345,2.666972045424356,0.9816783222096116,-0.5749853299147311,-0.273667866996917,-0.03503699869388096,0.008977469304191727,0.0034241821016124225,5.0
0.28265653130626145,2.666621614295418,0.9817390639497996,-0.5751751622041767,-0.2736099119648032,-0.034965447011113385,0.008975435141049702,0.0034178277397746313,5.0
0.28365673134626945,2.6662713631041424,0.9817996875414529,-0.5753648036553476,-0.27355192175828713,-0.03489397254304038,0.008973372034822565,0.0034114829757133144,5.0
0.28465693138627746,2.665921291550818,0.9818601931461023,-0.5755542543060302,-0.2734938966601998,-0.03482257525558599,0.008971280103900173,0.0034051478102641703,5.0
0.28565713142628546,2.6655713993364634,0.9819205809248573,-0.5757435141941161,-0.27343583695268214,-0.03475125511440225,0.008969159466389431,0.003398822244117214,5.0
0.28665733146629346,2.665221686162819,0.9819808510384059,-0.5759325833576022,-0.27337774291718553,-0.03468001208487158,0.008967010240114379,0.0033925062778177957,5.0
0.28765753150630147,2.664872151732347,0.9820410036470191,-0.576121461834589,-0.27331961483447254,-0.034608846132109156,0.008964832542616291,0.0033861999117676053,5.0
0.28865773154630947,2.6645227957482263,0.9821010389105492,-0.5763101496632808,-0.27326145298461674,-0.034537757220965436,0.008962626491153768,0.003379903146225717,5.0
0.2896579315863175,2.6641736179143485,0.982160956988437,-0.5764986468819863,-0.2732032576470051,-0.03446674531602841,0.008960392202702916,0.003373615981309605,5.0
0.2906581316263255,2.663824617935318,0.9822207580397051,-0.5766869535291167,-0.2731450291003371,-0.034395810381626146,0.008958129793957395,0.00336733841699615,5.0
0.2916583316663335,2.6634757955164434,0.9822804422229684,-0.5768750696431846,-0.2730867676226263,-0.03432495238182901,0.00895583938132856,0.003361070453122631,5.0
0.2926585317063415,2.6631271503637377,0.9823400096964284,-0.5770629952628059,-0.2730284734912004,-0.034254171280452154,0.00895352108094558,0.0033548120893877476,5.0
0.2936587317463495,2.662778682183913,0.9823994606178817,-0.5772507304266972,-0.27297014698270283,-0.03418346704105784,0.008951175008655577,0.0033485633253525987,5.0
0.2946589317863575,2.662430390684377,0.9824587951447151,-0.577438275173676,-0.2729117883730926,-0.034112839626957776,0.008948801280023748,0.0033423241604417044,5.0
0.2956591318263655,2.6620822755732334,0.9825180134339124,-0.5776256295426612,-0.27285339793764546,-0.034042289001215476,0.0089464000103335,0.0033360945939439543,5.0
0.2966593318663735,2.6617343365592734,0.9825771156420541,-0.5778127935726709,-0.2727949759509546,-0.033971815126648576,0.00894397131458657,0.003329874625013631,5.0
0.2976595319063815,2.661386573351974,0.982636101925317,-0.5779997673028229,-0.27273652268693105,-0.033901417965831154,0.008941515307503175,0.003323664252671362,5.0
0.2986597319463895,2.661038985661498,0.9826949724394813,-0.5781865507723346,-0.27267803841880545,-0.03383109748109604,0.008939032103522192,0.0033174634758051185,5.0
0.2996599319863975,2.660691573198686,0.9827537273399277,-0.5783731440205228,-0.27261952341912726,-0.03376085363453717,0.008936521816801248,0.003311272293171177,5.0
0.30066013202640507,2.6603443356750573,0.9828123667816399,-0.5785595470868015,-0.27256097795976675,-0.03369068638801178,0.008933984561216888,0.0033050907033950697,5.0
0.3016603320664131,2.6599972728028023,0.9828708909192075,-0.5787457600106835,-0.27250240231191536,-0.03362059570314271,0.008931420450364729,0.0032989187049725487,5.0
0.3026605321064211,2.6596503842947836,0.9829292999068276,-0.5789317828317778,-0.27244379674608615,-0.03355058154132075,0.008928829597559612,0.0032927562962705506,5.0
0.3036607321464291,2.6593036698645323,0.9829875938983068,-0.5791176155897927,-0.2723851615321151,-0.03348064386370685,0.008926212115835741,0.0032866034755281476,5.0
0.3046609321864371,2.6589571292262413,0.9830457730470611,-0.5793032583245322,-0.2723264969391617,-0.033410782631234384,0.008923568117946902,0.0032804602408574844,5.0
0.3056611322264451,2.6586107620947677,0.9831038375061188,-0.5794887110758954,-0.27226780323570926,-0.03334099780461131,0.008920897716366552,0.0032743265902447287,5.0
0.3066613322664531,2.6582645681856247,0.9831617874281257,-0.57967397388388,-0.2722090806895669,-0.03327128934432261,0.008918201023288056,0.0032682025215510072,5.0
0.3076615323064611,2.657918547214982,0.9832196229653394,-0.5798590467885775,-0.27215032956786905,-0.033201657210632216,0.008915478150624824,0.003262088032513342,5.0
0.3086617323464691,2.657572698899663,0.983277344269639,-0.5800439298301756,-0.27209155013707714,-0.03313210136358547,0.008912729210010472,0.0032559831207455655,5.0
0.3096619323864771,2.6572270229571395,0.9833349514925204,-0.5802286230489556,-0.2720327426629795,-0.033062621763011196,0.00890995431279903,0.0032498877837392626,5.0
0.3106621324264851,2.656881519105531,0.9833924447851019,-0.5804131264852956,-0.2719739074106938,-0.03299321836852398,0.008907153570065123,0.0032438020188646885,5.0
0.3116623324664931,2.656536187063599,0.9834498242981278,-0.5805974401796653,-0.2719150446446657,-0.032923891139526255,0.008904327092604126,0.003237725823371663,5.0
0.3126625325065011,2.6561910265507493,0.9835070901819637,-0.5807815641726304,-0.2718561546286714,-0.032854640035210526,0.008901474990932395,0.003231659194390511,5.0
0.3136627325465091,2.6558460372870254,0.9835642425866046,-0.5809654985048494,-0.2717972376258181,-0.03278546501456152,0.008898597375287429,0.003225602128932964,5.0
0.3146629325865171,2.6555012189931055,0.9836212816616734,-0.5811492432170744,-0.27173829389854415,-0.03271636603635834,0.008895694355628075,0.003219554623893063,5.0
0.3156631326265251,2.655156571390302,0.9836782075564247,-0.5813327983501497,-0.27167932370862086,-0.03264734305917657,0.008892766041634744,0.0032135166760480457,5.0
0.3166633326665331,2.654812094200558,0.983735020419745,-0.5815161639450137,-0.27162032731715297,-0.03257839604139052,0.008889812542709609,0.0032074882820592593,5.0
0.31766353270654113,2.654467787146445,0.9837917204001547,-0.5816993400426951,-0.27156130498457837,-0.0325095249411751,0.008886833967976768,0.00320146943847304,5.0
0.31866373274654913,2.6541236499511562,0.9838483076458118,-0.5818823266843156,-0.27150225697067115,-0.032440729716508236,0.008883830426282517,0.0031954601417216,5.0
0.31966393278655714,2.6537796823385125,0.9839047823045114,-0.582065123911089,-0.2714431835345406,-0.03237201032517271,0.008880802026195542,0.00318946038812394,5.0
0.32066413282656514,2.6534358840329504,0.983961144523689,-0.5822477317643203,-0.27138408493463334,-0.032303366724758385,0.008877748876007159,0.0031834701738867057,5.0
0.32166433286657314,2.6530922547595273,0.9840173944504209,-0.5824301502854048,-0.27132496142873297,-0.03223479887266419,0.008874671083731496,0.003177489495105085,5.0
0.32266453290658115,2.652748794243914,0.9840735322314285,-0.5826123795158303,-0.27126581327396243,-0.03216630672610029,0.008871568757105767,0.00317151834776367,5.0
0.32366473294658915,2.6524055022123934,0.9841295580130779,-0.5827944194971735,-0.27120664072678335,-0.03209789024209003,0.008868442003590465,0.003165556727737331,5.0
0.32466493298659715,2.6520623783918587,0.9841854719413837,-0.5829762702711021,-0.2711474440429977,-0.03202954937747206,0.008865290930369628,0.003159604630792092,5.0
0.32566513302660516,2.65171942250981,0.9842412741620072,-0.583157931879374,-0.2710882234777492,-0.03196128408890228,0.00886211564435108,0.0031536620525860074,5.0
0.32666533306661316,2.6513766342943534,0.9842969648202635,-0.5833394043638366,-0.27102897928552305,-0.0318930943328559,0.00885891625216666,0.0031477289886700133,5.0
0.32766553310662117,2.651034013474196,0.9843525440611179,-0.5835206877664267,-0.27096971172014733,-0.03182498006562944,0.00885569286017249,0.00314180543448881,5.0
0.32866573314662917,2.650691559778645,0.9844080120291914,-0.5837017821291708,-0.27091042103479424,-0.031756941243342766,0.008852445574449232,0.0031358913853816914,5.0
0.3296659331866372,2.6503492729376044,0.9844633688687612,-0.5838826874941832,-0.27085110748198016,-0.03168897782194097,0.008849174500802307,0.00312998683658342,5.0
0.3306661332266452,2.650007152681573,0.9845186147237621,-0.5840634039036677,-0.27079177131356763,-0.03162108975719637,0.008845879744762199,0.003124091783225085,5.0
0.3316663332666532,2.6496651987416433,0.98457374973779,-0.5842439313999171,-0.2707324127807654,-0.03155327700471062,0.008842561411584734,0.0031182062203349466,5.0
0.3326665333066612,2.649323410849496,0.9846287740541001,-0.5844242700253103,-0.27067303213412913,-0.03148553951991639,0.0088392196062513,0.0031123301428392833,5.0
0.3336667333466692,2.6489817887373985,0.984683687815613,-0.584604419822316,-0.27061362962356345,-0.031417877258079534,0.00883585443346917,0.003106463545563251,5.0
0.3346669333866772,2.6486403321382044,0.9847384911649129,-0.5847843808334899,-0.2705542054983218,-0.031350290174300875,0.008832465997671745,0.0031006064232317176,5.0
0.3356671334266852,2.6482990407853486,0.9847931842442509,-0.5849641531014746,-0.2704947600070076,-0.03128277822351816,0.008829054403018864,0.0030947587704701087,5.0
0.3366673334666932,2.647957914412845,0.9848477671955458,-0.5851437366689999,-0.270435293397575,-0.03121534136050799,0.008825619753397079,0.0030889205818052444,5.0
0.3376675335067012,2.6476169527552846,0.9849022401603876,-0.5853231315788827,-0.2703758059173302,-0.03114797953988765,0.008822162152419962,0.0030830918516661873,5.0
0.3386677335467092,2.647276155547833,0.984956603280037,-0.5855023378740262,-0.2703162978129319,-0.031080692716117,0.008818681703428385,0.0030772725743850727,5.0
0.3396679335867172,2.6469355225262277,0.9850108566954267,-0.5856813555974194,-0.27025676933039255,-0.031013480843500356,0.008815178509490854,0.0030714627441979407,5.0
0.3406681336267252,2.646595053426775,0.9850650005471666,-0.5858601847921384,-0.27019722071507907,-0.03094634387618835,0.008811652673403775,0.0030656623552455875,5.0
0.3416683336667332,2.6462547479863487,0.9851190349755401,-0.5860388255013438,-0.2701376522117135,-0.030879281768179702,0.00880810429769176,0.0030598714015743524,5.0
0.3426685337067412,2.645914605942384,0.9851729601205109,-0.5862172777682827,-0.27007806406437473,-0.03081229447332315,0.008804533484607979,0.0030540898771369966,5.0
0.3436687337467492,2.64557462703288,0.9852267761217192,-0.586395541636286,-0.2700184565164982,-0.030745381945319148,0.00880094033613443,0.0030483177757934655,5.0
0.3446689337867572,2.645234810996393,0.9852804831184877,-0.5865736171487712,-0.26995882981087727,-0.030678544137721822,0.008797324953982283,0.0030425550913117617,5.0
0.34566913382676523,2.644895157572035,0.9853340812498209,-0.5867515043492391,-0.2698991841896645,-0.03061178100394058,0.008793687439592177,0.0030368018173687456,5.0
0.34666933386677323,2.644555666499473,0.9853875706544067,-0.5869292032812755,-0.26983951989437244,-0.03054509249724212,0.00879002789413459,0.0030310579475509446,5.0
0.34766953390678124,2.6442163375189227,0.9854409514706187,-0.5871067139885499,-0.26977983716587434,-0.030478478570751946,0.008786346418510137,0.0030253234753553925,5.0
0.34866973394678924,2.643877170371148,0.9854942238365167,-0.5872840365148153,-0.2697201362444046,-0.03041193917745633,0.008782643113349893,0.0030195983941904143,5.0
0.34966993398679724,2.6435381647974583,0.985547387889848,-0.587461170903909,-0.2696604173695605,-0.030345474270203954,0.00877891807901575,0.0030138826973764455,5.0
0.35067013402680525,2.643199320539705,0.9856004437680493,-0.5876381171997512,-0.2696006807803024,-0.030279083801707737,0.008775171415600747,0.003008176378146832,5.0
0.35167033406681325,2.6428606373402794,0.9856533916082479,-0.5878148754463448,-0.2695409267149552,-0.030212767724546383,0.008771403222929401,0.0030024794296486545,5.0
0.35267053410682125,2.642522114942109,0.9857062315472622,-0.5879914456877762,-0.26948115541120915,-0.03014652599116635,0.008767613600558083,0.0029967918449435196,5.0
0.35367073414682926,2.6421837530886565,0.9857589637216045,-0.5881678279682138,-0.26942136710611997,-0.030080358553883326,0.008763802647775319,0.00299111361700835,5.0
0.35467093418683726,2.641845551523914,0.9858115882674819,-0.5883440223319077,-0.269361562036111,-0.030014265364884093,0.008759970463602154,0.0029854447387361732,5.0
0.35567113422684526,2.6415075099924046,0.9858641053207969,-0.58852002882319,-0.2693017404369725,-0.02994824637622807,0.008756117146792487,0.0029797852029368977,5.0
0.35667133426685327,2.641169628239175,0.9859165150171493,-0.5886958474864745,-0.2692419025438647,-0.029882301539849148,0.008752242795833462,0.002974135002338141,5.0
0.35767153430686127,2.6408319060097964,0.9859688174918361,-0.5888714783662566,-0.2691820485913163,-0.02981643080755716,0.008748347508945783,0.002968494129585987,5.0
0.3586717343468693,2.640494343050359,0.9860210128798544,-0.5890469215071124,-0.2691221788132271,-0.02975063413103973,0.008744431384084102,0.0029628625772457756,5.0
0.3596719343868773,2.6401569391074715,0.9860731013159025,-0.589222176953699,-0.2690622934428686,-0.02968491146186376,0.008740494518937351,0.0029572403378028828,5.0
0.3606721344268853,2.6398196939282554,0.9861250829343798,-0.589397244750754,-0.2690023927128839,-0.02961926275147713,0.008736537010929099,0.002951627403663476,5.0
0.3616723344668933,2.6394826072603466,0.986176957869389,-0.5895721249430951,-0.2689424768552899,-0.02955368795121037,0.008732558957217942,0.0029460237671553005,5.0
0.3626725345069013,2.6391456788518886,0.9862287262547373,-0.5897468175756196,-0.26888254610147744,-0.029488187012278153,0.008728560454697826,0.0029404294205284376,5.0
0.3636727345469093,2.638808908451531,0.986280388223937,-0.5899213226933049,-0.2688226006822124,-0.029422759885781035,0.008724541599998456,0.002934844355956055,5.0
0.3646729345869173,2.6384722958084272,0.9863319439102081,-0.5900956403412084,-0.2687626408276368,-0.029357406522707002,0.00872050248948562,0.002929268565535191,5.0
0.3656731346269253,2.638135840672232,0.9863833934464769,-0.590269770564466,-0.2687026667672692,-0.029292126873932914,0.008716443219261577,0.002923702041287487,5.0
0.3666733346669333,2.637799542793098,0.9864347369653794,-0.5904437134082922,-0.2686426787300062,-0.02922692089022635,0.008712363885165416,0.002918144775159933,5.0
0.3676735347069413,2.6374634019216723,0.9864859745992622,-0.5906174689179806,-0.26858267694412297,-0.02916178852224696,0.008708264582773415,0.002912596759025625,5.0
0.3686737347469493,2.6371274178090967,0.9865371064801827,-0.5907910371389038,-0.26852266163727434,-0.029096729720548137,0.008704145407399456,0.0029070579846845125,5.0
0.3696739347869573,2.6367915902070007,0.9865881327399105,-0.5909644181165117,-0.26846263303649587,-0.029031744435578485,0.008700006454095332,0.0029015284438641178,5.0
0.3706741348269653,2.6364559188675027,0.986639053509929,-0.5911376118963327,-0.268402591368204,-0.028966832617683402,0.008695847817651179,0.002896008128220265,5.0
0.3716743348669733,2.6361204035432046,0.986689868921437,-0.5913106185239728,-0.2683425368581979,-0.028901994217106652,0.008691669592595794,0.0028904970293378266,5.0
0.3726745349069813,2.635785043987192,0.9867405791053484,-0.5914834380451149,-0.2682824697316604,-0.0288372291839918,0.008687471873197032,0.002884995138731414,5.0
0.37367473494698933,2.6354498399530284,0.9867911841922945,-0.5916560705055198,-0.268222390213158,-0.028772537468383794,0.008683254753462192,0.002879502447846128,5.0
0.37467493498699733,2.6351147911947543,0.9868416843126255,-0.5918285159510257,-0.2681622985266426,-0.028707919020230427,0.008679018327138384,0.0028740189480582702,5.0
0.37567513502700534,2.6347798974668852,0.9868920795964105,-0.5920007744275473,-0.26810219489545245,-0.028643373789383923,0.008674762687712903,0.0028685446306760134,5.0
0.37667533506701334,2.6344451585244086,0.9869423701734383,-0.592172845981075,-0.2680420795423125,-0.028578901725602287,0.008670487928413574,0.0028630794869401403,5.0
0.37767553510702134,2.634110574122781,0.9869925561732225,-0.5923447306576769,-0.26798195268933617,-0.028514502778550888,0.008666194142209193,0.002857623508024744,5.0
0.37867573514702935,2.6337761440179266,0.9870426377249969,-0.5925164285034966,-0.26792181455802533,-0.028450176897803887,0.008661881421809858,0.002852176685037909,5.0
0.37967593518703735,2.633441867966232,0.9870926149577203,-0.5926879395647535,-0.26786166536927186,-0.028385924032845695,0.008657549859667338,0.0028467390090224096,5.0
0.38067613522704535,2.633107745724548,0.9871424880000765,-0.5928592638877441,-0.267801505343359,-0.02832174413307249,0.00865319954797553,0.0028413104709564025,5.0
0.38167633526705336,2.6327737770501836,0.9871922569804773,-0.5930304015188391,-0.2677413346999612,-0.02825763714779356,0.008648830578670753,0.002835891061754098,5.0
0.38267653530706136,2.6324399617009058,0.9872419220270615,-0.5932013525044851,-0.2676811536581462,-0.028193603026232795,0.00864444304343216,0.002830480772266423,5.0
0.38367673534706936,2.6321062994349362,0.9872914832676967,-0.5933721168912053,-0.26762096243637523,-0.02812964171753018,0.008640037033682144,0.002825079593281725,5.0
0.38467693538707737,2.6317727900109493,0.9873409408299814,-0.593542694725596,-0.26756076125250416,-0.028065753170743054,0.008635612640586678,0.002819687515526408,5.0
0.38567713542708537,2.63143943318807,0.9873902948412451,-0.5937130860543292,-0.2675005503237847,-0.028001937334847692,0.008631169955055735,0.0028143045296656344,5.0
0.3866773354670934,2.631106228725872,0.9874395454285501,-0.5938832909241522,-0.2674403298668654,-0.027938194158740583,0.008626709067743656,0.002808930626303943,5.0
0.3876775355071014,2.630773176384373,0.9874886927186938,-0.5940533093818865,-0.2673801000977922,-0.027874523591239913,0.008622230069049545,0.002803565795985938,5.0
0.3886777355471094,2.6304402759240366,0.9875377368382073,-0.594223141474429,-0.2673198612320099,-0.027810925581086894,0.008617733049117664,0.0027982100291969346,5.0
0.3896779355871174,2.630107527105767,0.98758667791336,-0.5943927872487492,-0.2672596134843627,-0.027747400076947138,0.008613218097837806,0.0027928633163635842,5.0
0.3906781356271254,2.6297749296909068,0.9876355160701572,-0.5945622467518931,-0.2671993570690959,-0.02768394702741204,0.008608685304845713,0.0027875256478545503,5.0
0.3916783356671334,2.629442483441238,0.9876842514343442,-0.5947315200309785,-0.26713909219985554,-0.027620566381000095,0.008604134759523404,0.002782197013981108,5.0
0.3926785357071414,2.6291101881189767,0.9877328841314069,-0.5949006071331986,-0.26707881908969094,-0.027557258086158345,0.008599566550999646,0.0027768774049978097,5.0
0.3936787357471494,2.6287780434867725,0.9877814142865732,-0.5950695081058208,-0.2670185379510547,-0.02749402209126368,0.008594980768150308,0.0027715668111031144,5.0
0.3946789357871574,2.6284460493077058,0.9878298420248126,-0.595238222996185,-0.266958248995804,-0.027430858344624096,0.00859037749959875,0.002766265222440006,5.0
0.3956791358271654,2.6281142053452853,0.9878781674708406,-0.5954067518517057,-0.26689795243520203,-0.02736776679448009,0.008585756833716266,0.0027609726290966307,5.0
0.3966793358671734,2.627782511363449,0.9879263907491165,-0.5955750947198711,-0.2668376484799181,-0.02730474738900598,0.008581118858622432,0.0027556890211069083,5.0
0.3976795359071814,2.6274509671265593,0.9879745119838473,-0.595743251648242,-0.26677733734002906,-0.027241800076311166,0.008576463662185512,0.002750414388451153,5.0
0.3986797359471894,2.6271195723994007,0.9880225312989875,-0.5959112226844532,-0.26671701922502034,-0.02717892480444143,0.008571791332022904,0.002745148721056693,5.0
0.3996799359871974,2.6267883269471795,0.9880704488182414,-0.5960790078762124,-0.2666566943437872,-0.027116121521380303,0.008567101955501512,0.002739892008798474,5.0
0.4006801360272054,2.62645723053552,0.9881182646650637,-0.5962466072713002,-0.26659636290463523,-0.027053390175050186,0.008562395619738141,0.0027346442414996675,5.0
0.40168033606721343,2.6261262829304655,0.9881659789626615,-0.596414020917571,-0.2665360251152815,-0.026990730713313708,0.00855767241159993,0.0027294054089322763,5.0
0.40268053610722143,2.6257954838984747,0.9882135918339942,-0.5965812488629515,-0.26647568118285614,-0.026928143083975047,0.008552932417704736,0.002724175500817741,5.0
0.40368073614722944,2.6254648332064177,0.9882611034017756,-0.5967482911554417,-0.2664153313139022,-0.026865627234781062,0.008548175724421582,0.002718954506827542,5.0
0.40468093618723744,2.6251343306215773,0.9883085137884758,-0.5969151478431144,-0.2663549757143779,-0.026803183113422616,0.008543402417871025,0.002713742416583786,5.0
0.40568113622724544,2.6248039759116466,0.9883558231163215,-0.597081818974114,-0.26629461458965625,-0.026740810667535725,0.008538612583925595,0.002708539219659797,5.0
0.40668133626725345,2.624473768844725,0.9884030315072982,-0.5972483045966587,-0.2662342481445276,-0.02667850984470287,0.008533806308210197,0.0027033449055807197,5.0
0.40768153630726145,2.624143709189318,0.9884501390831495,-0.5974146047590391,-0.2661738765831994,-0.026616280592454165,0.008528983676102572,0.0026981594638241027,5.0
0.40868173634726945,2.623813796714334,0.9884971459653795,-0.597580719509618,-0.26611350010929785,-0.026554122858268497,0.008524144772733661,0.002692982883820476,5.0
0.40968193638727746,2.623484031189085,0.9885440522752568,-0.5977466488968305,-0.2660531189258688,-0.026492036589574827,0.008519289682988072,0.002687815154953948,5.0
0.41068213642728546,2.6231544123832826,0.9885908581338095,-0.5979123929691837,-0.2659927332353783,-0.026430021733753247,0.008514418491504479,0.002682656266562783,5.0
0.41168233646729346,2.6228249400670363,0.9886375636618318,-0.5980779517752579,-0.26593234323971454,-0.02636807823813632,0.00850953128267605,0.002677506207939976,5.0
0.41268253650730147,2.6224956140108504,0.9886841689798828,-0.5982433253637047,-0.26587194914018786,-0.02630620605001007,0.008504628140650896,0.002672364968333836,5.0
0.41368273654730947,2.6221664339856243,0.9887306742082883,-0.5984085137832478,-0.2658115511375321,-0.02624440511661524,0.008499709149332449,0.0026672325369485306,5.0
0.4146829365873175,2.6218373997626507,0.9887770794671414,-0.5985735170826826,-0.26575114943190575,-0.026182675385148384,0.008494774392379952,0.002662108902944683,5.0
0.4156831366273255,2.6215085111136105,0.9888233848763045,-0.5987383353108774,-0.2656907442228932,-0.026121016802763047,0.008489823953208858,0.002656994055439951,5.0
0.4166833366673335,2.621179767810574,0.9888695905554095,-0.5989029685167714,-0.26563033570950456,-0.026059429316570838,0.008484857914991267,0.0026518879835095498,5.0
0.4176835367073415,2.620851169625998,0.9889156966238588,-0.5990674167493755,-0.2655699240901784,-0.025997912873642517,0.008479876360656367,0.0026467906761868513,5.0
0.4186837367473495,2.620522716332723,0.9889617032008282,-0.5992316800577726,-0.2655095095627805,-0.02593646742100927,0.008474879372890846,0.0026417021224639276,5.0
0.4196839367873575,2.620194407703972,0.9890076104052647,-0.5993957584911171,-0.2654490923246076,-0.025875092905663644,0.008469867034139367,0.0026366223112921096,5.0
0.4206841368273655,2.6198662435133486,0.9890534183558914,-0.5995596520986344,-0.26538867257238585,-0.025813789274560624,0.008464839426604975,0.002631551231582545,5.0
0.4216843368673735,2.6195382235348346,0.9890991271712065,-0.5997233609296219,-0.2653282505022732,-0.025752556474618864,0.008459796632249583,0.0026264888722067614,5.0
0.4226845369073815,2.6192103475427877,0.9891447369694825,-0.5998868850334478,-0.26526782630986023,-0.025691394452721564,0.008454738732794356,0.0026214352219971894,5.0
0.4236847369473895,2.6188826153119407,0.9891902478687709,-0.6000502244595519,-0.2652074001901705,-0.025630303155717658,0.0084496658097202,0.00261639026974774,5.0
0.4246849369873975,2.6185550266173987,0.9892356599869003,-0.6002133792574451,-0.26514697233766205,-0.025569282530422822,0.00844457794426817,0.0026113540042143387,5.0
0.4256851370274055,2.618227581234637,0.9892809734414802,-0.6003763494767087,-0.2650865429462287,-0.025508332523620555,0.008439475217439927,0.002606326414115464,5.0
0.4266853370674135,2.6179002789394983,0.989326188349899,-0.6005391351669955,-0.26502611220919997,-0.025447453082063153,0.008434357709998197,0.002601307488132665,5.0
0.4276855371074215,2.6175731195081915,0.9893713048293267,-0.6007017363780295,-0.2649656803193433,-0.02538664415247276,0.008429225502467193,0.0025962972149111358,5.0
0.4286857371474295,2.617246102717291,0.9894163229967143,-0.6008641531596046,-0.26490524746886396,-0.025325905681542416,0.00842407867513306,0.0025912955830602142,5.0
0.4296859371874375,2.6169192283437304,0.9894612429687979,-0.6010263855615859,-0.26484481384940634,-0.025265237615937016,0.008418917308044341,0.0025863025811539357,5.0
0.43068613722744553,2.6165924961648064,0.9895060648620952,-0.601188433633909,-0.2647843796520558,-0.025204639902294303,0.008413741481012428,0.002581318197731547,5.0
0.43168633726745353,2.616265905958172,0.9895507887929109,-0.6013502974265802,-0.2647239450673384,-0.02514411248722591,0.008408551273611996,0.002576342421298043,5.0
0.43268653730746154,2.615939457501836,0.9895954148773325,-0.6015119769896761,-0.2646635102852219,-0.025083655317318262,0.008403346765181438,0.0025713752403246737,5.0
0.43368673734746954,2.6156131505741613,0.9896399432312384,-0.6016734723733433,-0.2646030754951182,-0.025023268339133712,0.008398128034823324,0.0025664166432494543,5.0
0.43468693738747755,2.615286984953862,0.9896843739702896,-0.6018347836277995,-0.2645426408858825,-0.02496295149921131,0.008392895161404856,0.002561466618477704,5.0
0.43568713742748555,2.6149609604200017,0.9897287072099399,-0.6019959108033323,-0.26448220664581534,-0.024902704744067857,0.008387648223558291,0.002556525154382516,5.0
0.43668733746749355,2.6146350767519917,0.9897729430654288,-0.6021568539502989,-0.2644217729626631,-0.024842528020198866,0.008382387299681418,0.0025515922393052975,5.0
0.43768753750750156,2.614309333729589,0.989817081651788,-0.6023176131191267,-0.2643613400236195,-0.02478242127407951,0.008377112467937967,0.0025466678615562576,5.0
0.43868773754750956,2.613983731132893,0.9898611230838387,-0.6024781883603136,-0.26430090801532624,-0.024722384452165496,0.008371823806258099,0.0025417520094149003,5.0
0.43968793758751756,2.613658268742346,0.9899050674761951,-0.6026385797244267,-0.2642404771238736,-0.024662417500894065,0.008366521392338837,0.0025368446711305365,5.0
0.44068813762752557,2.613332946338729,0.9899489149432634,-0.6027987872621038,-0.26418004753480173,-0.02460252036668485,0.008361205303644474,0.0025319458349227462,5.0
0.44168833766753357,2.613007763703158,0.9899926655992439,-0.6029588110240512,-0.2641196194331022,-0.024542692995940873,0.008355875617407065,0.00252705548898191,5.0
0.4426885377075416,2.6126827206170877,0.9900363195581295,-0.603118651061046,-0.26405919300321773,-0.02448293533504936,0.008350532410626851,0.002522173621469636,5.0
0.4436887377475496,2.612357816862304,0.9900798769337101,-0.6032783074239344,-0.2639987684290443,-0.024423247330382668,0.008345175760072718,0.0025173002205192917,5.0
0.4446889377875576,2.612033052220924,0.9901233378395708,-0.6034377801636327,-0.2639383458939317,-0.024363628928299255,0.00833980574228264,0.0025124352742364573,5.0
0.4456891378275656,2.6117084264753947,0.990166702389093,-0.6035970693311259,-0.2638779255806843,-0.02430408007514442,0.008334422433564104,0.0025075787706993827,5.0
0.4466893378675736,2.6113839394084892,0.9902099706954576,-0.6037561749774696,-0.26381750767156237,-0.024244600717251288,0.008329025909994568,0.002502730697959478,5.0
0.4476895379075816,2.6110595908033085,0.9902531428716418,-0.603915097153788,-0.26375709234828265,-0.024185190800941593,0.008323616247421886,0.0024978910440417433,5.0
0.4486897379475896,2.6107353804432742,0.9902962190304249,-0.6040738359112755,-0.26369667979201983,-0.024125850272526693,0.008318193521464743,0.0024930597969452534,5.0
0.4496899379875976,2.610411308112132,0.9903391992843826,-0.6042323913011944,-0.26363627018340696,-0.024066579078308274,0.008312757807513109,0.0024882369446435947,5.0
0.4506901380276056,2.6100873735939443,0.990382083745896,-0.6043907633748784,-0.26357586370253705,-0.024007377164579288,0.008307309180728664,0.0024834224750853295,5.0
0.4516903380676136,2.6097635766730938,0.9904248725271454,-0.6045489521837285,-0.26351546052896335,-0.023948244477624767,0.008301847716045262,0.0024786163761944193,5.0
0.4526905381076216,2.609439917134278,0.9904675657401151,-0.6047069577792163,-0.2634550608417009,-0.02388918096372266,0.00829637348816933,0.002473818635870684,5.0
0.4536907381476296,2.6091163947625087,0.9905101634965936,-0.6048647802128823,-0.26339466481922746,-0.023830186569144717,0.008290886571580346,0.002469029241990237,5.0
0.4546909381876376,2.6087930093431106,0.9905526659081723,-0.6050224195363357,-0.2633342726394838,-0.02377126124015717,0.008285387040531248,0.0024642481824059094,5.0
0.4556911382276456,2.608469760661719,0.9905950730862507,-0.6051798758012558,-0.26327388447987604,-0.02371240492302173,0.008279874969048895,0.002459475444947706,5.0
0.4566913382676536,2.6081466485042766,0.9906373851420326,-0.6053371490593912,-0.26321350051727516,-0.023653617563996292,0.008274350430934482,0.002454711017423194,5.0
0.4576915383076616,2.607823672657035,0.9906796021865306,-0.6054942393625593,-0.26315312092801924,-0.02359489910933572,0.008268813499763985,0.0024499548876179508,5.0
0.45869173834766963,2.607500832906551,0.990721724330565,-0.6056511467626462,-0.2630927458879132,-0.023536249505292685,0.008263264248888576,0.0024452070432959515,5.0
0.45969193838767763,2.607178129039685,0.9907637516847663,-0.6058078713116088,-0.26303237557223114,-0.023477668698118515,0.00825770275143507,0.0024404674722000048,5.0
0.46069213842768564,2.6068555608435986,0.9908056843595745,-0.6059644130614733,-0.26297201015571625,-0.02341915663406388,0.008252129080306377,0.002435736162052156,5.0
0.46169233846769364,2.6065331281057555,0.9908475224652409,-0.6061207720643331,-0.26291164981258225,-0.023360713259379568,0.008246543308181899,0.002431013100554093,5.0
0.46269253850770165,2.6062108306139176,0.9908892661118293,-0.6062769483723529,-0.26285129471651436,-0.023302338520317354,0.008240945507517965,0.002426298275387523,5.0
0.46369273854770965,2.6058886681561457,0.9909309154092173,-0.6064329420377669,-0.2627909450406704,-0.02324403236313067,0.008235335750548306,0.00242159167421461,5.0
0.46469293858771765,2.6055666405207947,0.9909724704670939,-0.6065887531128779,-0.2627306009576816,-0.023185794734075445,0.008229714109284436,0.002416893284678341,5.0
0.46569313862772566,2.6052447474965135,0.991013931394967,-0.6067443816500582,-0.26267026263965326,-0.023127625579410734,0.008224080655516105,0.002412203094402914,5.0
0.46669333866773366,2.604922988872246,0.9910552983021583,-0.6068998277017504,-0.26260993025816665,-0.023069524845399578,0.00821843546081174,0.0024075210909941434,5.0
0.46769353870774166,2.604601364437227,0.9910965712978073,-0.6070550913204663,-0.26254960398427934,-0.023011492478309702,0.008212778596518871,0.0024028472620398244,5.0
0.46869373874774967,2.60427987398098,0.9911377504908717,-0.6072101725587873,-0.26248928398852656,-0.02295352842441422,0.008207110133764555,0.002398181595110134,5.0
0.46969393878775767,2.6039585172933184,0.9911788359901278,-0.607365071469365,-0.2624289704409216,-0.022895632629992384,0.00820143014345582,0.0023935240777579834,5.0
0.4706941388277657,2.603637294164343,0.991219827904172,-0.6075197881049202,-0.2623686635109573,-0.022837805041330282,0.008195738696280068,0.002388874697519398,5.0
0.4716943388677737,2.603316204384439,0.9912607263414229,-0.6076743225182439,-0.262308363367607,-0.022780045604721577,0.00819003586270552,0.0023842334419138904,5.0
0.4726945389077817,2.6029952477442766,0.99130153141012,-0.6078286747621972,-0.2622480701793254,-0.022722354266468164,0.00818432171298167,0.002379600298444822,5.0
0.4736947389477897,2.60267442403481,0.9913422432183272,-0.6079828448897104,-0.26218778411404975,-0.022664730972880968,0.00817859631713971,0.0023749752545997884,5.0
0.4746949389877977,2.602353733047273,0.9913828618739315,-0.6081368329537851,-0.2621275053392009,-0.02260717567028046,0.008172859744992935,0.002370358297850957,5.0
0.4756951390278057,2.6020331745731817,0.9914233874846455,-0.6082906390074923,-0.2620672340216833,-0.022549688304997467,0.008167112066137207,0.002365749415655434,5.0
0.4766953390678137,2.60171274840433,0.9914638201580084,-0.6084442631039734,-0.2620069703278878,-0.02249226882337384,0.008161353349951375,0.0023611485954556193,5.0
0.4776955391078217,2.6013924543327906,0.9915041600013854,-0.6085977052964403,-0.26194671442369105,-0.02243491717176306,0.008155583665597703,0.0023565558246795727,5.0
0.4786957391478297,2.6010722921509113,0.9915444071219712,-0.6087509656381753,-0.26188646647445724,-0.022377633296530947,0.008149803082022315,0.0023519710907413394,5.0
0.4796959391878377,2.600752261651315,0.9915845616267893,-0.6089040441825315,-0.2618262266450389,-0.022320417144056293,0.00814401166795563,0.0023473943810413352,5.0
0.4806961392278457,2.600432362626899,0.9916246236226929,-0.6090569409829314,-0.26176599509977777,-0.02226326866073149,0.00813820949191279,0.0023428256829666596,5.0
0.4816963392678537,2.6001125948708323,0.9916645932163668,-0.6092096560928705,-0.26170577200250617,-0.022206187792963235,0.008132396622194116,0.0023382649838914714,5.0
0.4826965393078617,2.599792958176556,0.9917044705143272,-0.6093621895659127,-0.2616455575165478,-0.022149174487173063,0.008126573126885498,0.002333712271177305,5.0
0.4836967393478697,2.5994734523377807,0.9917442556229252,-0.6095145414556938,-0.26158535180471815,-0.022092228689798054,0.00812073907385887,0.002329167532173419,5.0
0.4846969393878777,2.5991540771484845,0.9917839486483436,-0.6096667118159204,-0.2615251550293263,-0.02203535034729141,0.00811489453077263,0.0023246307542171313,5.0
0.4856971394278857,2.5988348324029125,0.9918235496966015,-0.6098187007003701,-0.2614649673521753,-0.021978539406123078,0.008109039565072076,0.0023201019246341715,5.0
0.48669733946789373,2.5985157178955767,0.9918630588735549,-0.6099705081628924,-0.261404788934564,-0.021921795812780368,0.008103174243989864,0.002315581030739003,5.0
0.48769753950790173,2.5981967334212537,0.9919024762848945,-0.6101221342574069,-0.2613446199372865,-0.021865119513768533,0.008097298634546403,0.0023110680598351567,5.0
0.48869773954790974,2.5978778787749826,0.9919418020361498,-0.6102735790379046,-0.26128446052063453,-0.02180851045561136,0.008091412803550337,0.002306562999215571,5.0
0.48969793958791774,2.5975591537520635,0.9919810362326887,-0.6104248425584479,-0.2612243108443983,-0.021751968584851736,0.008085516817598969,0.0023020658361629083,5.0
0.49069813962792574,2.5972405581480587,0.9920201789797184,-0.6105759248731709,-0.2611641710678658,-0.021695493848052257,0.008079610743078681,0.0022975765579499063,5.0
0.49169833966793375,2.5969220917587883,0.9920592303822873,-0.610726826036279,-0.26110404134982634,-0.02163908619179581,0.008073694646165398,0.0022930951518396873,5.0
0.49269853970794175,2.59660375438033,0.9920981905452846,-0.6108775461020494,-0.2610439218485695,-0.021582745562686058,0.008067768592825006,0.002288621605086078,5.0
0.49369873974794976,2.5962855458090193,0.9921370595734407,-0.6110280851248304,-0.26098381272188653,-0.021526471907348115,0.008061832648813803,0.0022841559049339524,5.0
0.49469893978795776,2.595967465841445,0.99217583757133,-0.611178443159042,-0.2609237141270715,-0.021470265172428983,0.008055886879678887,0.0022796980386195318,5.0
0.49569913982796576,2.59564951427445,0.9922145246433697,-0.6113286202591767,-0.2608636262209225,-0.021414125304598252,0.008049931350758677,0.0022752479933707105,5.0
0.49669933986797377,2.595331690905129,0.9922531208938213,-0.6114786164797976,-0.26080354915974235,-0.02135805225054846,0.008043966127183274,0.0022708057564073962,5.0
0.49769953990798177,2.5950139955308282,0.9922916264267934,-0.6116284318755403,-0.2607434830993391,-0.021302045956995738,0.008037991273874936,0.002266371314941785,5.0
0.4986997399479898,2.594696427949143,0.9923300413462378,-0.6117780665011119,-0.2606834281950274,-0.02124610637068036,0.008032006855548487,0.0022619446561787065,5.0
0.4996999399879978,2.5943789879579158,0.9923683657559548,-0.6119275204112913,-0.26062338460162954,-0.02119023343836722,0.008026012936711763,0.00225752576731593,5.0
0.5007001400280058,2.5940616753552352,0.9924065997595911,-0.6120767936609292,-0.26056335247347545,-0.021134427106846352,0.008020009581666036,0.00225311463554447,5.0
0.5017003400680138,2.5937444899394357,0.9924447434606422,-0.6122258863049492,-0.26050333196440534,-0.021078687322933505,0.00801399685450648,0.002248711248048921,5.0
0.5027005401080218,2.593427431509095,0.9924827969624516,-0.6123747983983451,-0.2604433232277688,-0.021023014033470587,0.008007974819122543,0.0022443155920077343,5.0
0.5037007401480298,2.593110499863031,0.9925207603682128,-0.6125235299961838,-0.2603833264164269,-0.02096740718532616,0.008001943539198421,0.002239927654593539,5.0
0.5047009401880378,2.5927936948003043,0.9925586337809696,-0.6126720811536036,-0.26032334168275234,-0.02091186672539609,0.007995903078213431,0.002235547422973434,5.0
0.5057011402280458,2.5924770161202133,0.9925964173036156,-0.6128204519258148,-0.2602633691786307,-0.020856392600603877,0.007989853499442472,0.0022311748843093027,5.0
0.5067013402680538,2.5921604636222932,0.9926341110388966,-0.6129686423680991,-0.26020340905546147,-0.020800984757901285,0.007983794865956432,0.0022268100257581,5.0
0.5077015403080618,2.591844037106316,0.99267171508941,-0.613116652535811,-0.2601434614641587,-0.020745643144268803,0.0079777272406226,0.002222452834472153,5.0
0.5087017403480698,2.5915277363722877,0.9927092295576054,-0.613264482484376,-0.260083526555152,-0.0206903677067161,0.007971650686105098,0.0022181032975994723,5.0
0.5097019403880778,2.5912115612204474,0.9927466545457861,-0.6134121322692911,-0.26002360447838707,-0.020635158392282565,0.007965565264865268,0.002213761402284031,5.0
0.5107021404280858,2.5908955114512646,0.9927839901561092,-0.6135596019461258,-0.2599636953833274,-0.02058001514803779,0.007959471039162112,0.002209427135666062,5.0
0.5117023404680938,2.5905795868654393,0.9928212364905853,-0.6137068915705206,-0.2599037994189544,-0.02052493792108209,0.007953368071052657,0.002205100484882333,5.0
0.5127025405081018,2.5902637872639,0.9928583936510801,-0.6138540011981879,-0.25984391673376833,-0.020469926658546966,0.007947256422392381,0.0022007814370664635,5.0
0.5137027405481098,2.5899481124477997,0.9928954617393156,-0.614000930884911,-0.25978404747578965,-0.020414981307595576,0.007941136154835613,0.002196469979349171,5.0
0.5147029405881178,2.5896325622185197,0.9929324408568676,-0.6141476806865446,-0.25972419179255923,-0.02036010181542329,0.0079350073298359,0.0021921660988585756,5.0
0.5157031406281258,2.5893171363776624,0.9929693311051715,-0.6142942506590156,-0.25966434983114006,-0.020305288129258157,0.007928870008646415,0.002187869782720472,5.0
0.5167033406681338,2.5890018347270543,0.9930061325855157,-0.6144406408583201,-0.259604521738117,-0.020250540196361393,0.007922724252320346,0.0021835810180586214,5.0
0.5177035407081418,2.5886866570687403,0.9930428453990497,-0.6145868513405272,-0.2595447076595991,-0.0201958579640279,0.00791657012171126,0.0021792997919950047,5.0
0.5187037407481498,2.588371603204987,0.9930794696467786,-0.6147328821617756,-0.25948490774121885,-0.020141241379586745,0.007910407677473473,0.0021750260916501007,5.0
0.5197039407881578,2.5880566729382766,0.9931160054295672,-0.614878733378275,-0.25942512212813434,-0.020086690390401712,0.007904236980062443,0.002170759904143171,5.0
0.5207041408281659,2.5877418660713087,0.9931524528481394,-0.6150244050463052,-0.2593653509650293,-0.020032204943871753,0.007898058089735076,0.0021665012165924917,5.0
0.5217043408681739,2.587427182406996,0.9931888120030773,-0.6151698972222174,-0.2593055943961146,-0.01997778498743159,0.007891871066550149,0.002162250016115657,5.0
0.5227045409081819,2.5871126217484663,0.9932250829948243,-0.615315209962431,-0.25924585256512844,-0.019923430468552092,0.007885675970368624,0.00215800628982981,5.0
0.5237047409481899,2.5867981838990586,0.9932612659236836,-0.6154603433234365,-0.25918612561533777,-0.019869141334740933,0.007879472860853996,0.0021537700248519163,5.0
0.5247049409881979,2.586483868662322,0.9932973608898199,-0.6156052973617941,-0.25912641368953876,-0.0198149175335431,0.007873261797472641,0.0021495412082990152,5.0
0.5257051410282059,2.5861696758420147,0.9933333679932598,-0.6157500721341329,-0.25906671693005806,-0.019760759012541356,0.007867042839494126,0.0021453198272884852,5.0
0.5267053410682139,2.5858556052421036,0.993369287333891,-0.6158946676971514,-0.259007035478753,-0.019706665719356867,0.00786081604599155,0.0021411058689382815,5.0
0.5277055411082219,2.585541656666761,0.993405119011464,-0.6160390841076163,-0.25894736947701336,-0.019652637601649724,0.007854581475841834,0.0021368993203671853,5.0
0.5287057411482294,2.585227829920364,0.9934408631255928,-0.6161833214223629,-0.2588877190657612,-0.019598674607119514,0.007848339187726065,0.002132700168695054,5.0
0.5297059411882374,2.584914124807496,0.9934765197757547,-0.6163273796982948,-0.2588280843854526,-0.019544776683505915,0.007842089240129765,0.002128508401043056,5.0
0.5307061412282454,2.5846005411329394,0.9935120890612916,-0.6164712589923835,-0.2587684655760782,-0.019490943778589245,0.007835831691343198,0.002124324004533941,5.0
0.5317063412682534,2.5842870787016805,0.993547571081409,-0.6166149593616672,-0.25870886277716365,-0.019437175840191043,0.007829566599461624,0.0021201469662922344,5.0
0.5327065413082614,2.583973737318905,0.9935829659351793,-0.6167584808632518,-0.2586492761277711,-0.019383472816174765,0.007823294022385616,0.002115977273444516,5.0
0.5337067413482695,2.5836605167899975,0.9936182737215378,-0.6169018235543084,-0.2585897057664996,-0.019329834654446328,0.007817014017821276,0.0021118149131196286,5.0
0.5347069413882775,2.58334741692054,0.9936534945392895,-0.6170449874920763,-0.2585301518314866,-0.019276261302954782,0.007810726643280562,0.0021076598724489265,5.0
0.5357071414282855,2.5830344375163135,0.9936886284871042,-0.6171879727338583,-0.258470614460408,-0.019222752709692953,0.00780443195608145,0.0021035121385665086,5.0
0.5367073414682935,2.5827215783832913,0.9937236756635192,-0.617330779337022,-0.25841109379047916,-0.019169308822698104,0.007798130013348205,0.002099371698609419,5.0
0.5377075415083015,2.5824088393276443,0.9937586361669407,-0.6174734073590006,-0.25835158995845614,-0.019115929590052677,0.00779182087201158,0.0020952385397179077,5.0
0.5387077415483095,2.5820962201557354,0.9937935100956431,-0.6176158568572904,-0.2582921031006365,-0.019062614959884937,0.0077855045888091,0.00209111264903565,5.0
0.5397079415883175,2.581783720674121,0.9938282975477687,-0.6177581278894508,-0.2582326333528599,-0.019009364880369695,0.007779181220285193,0.0020869940137099637,5.0
0.5407081416283255,2.5814713406895495,0.9938629986213315,-0.6179002205131041,-0.2581731808505095,-0.018956179299729082,0.007772850822791412,0.002082882620892057,5.0
0.5417083416683335,2.5811590800089594,0.9938976134142145,-0.6180421347859335,-0.258113745728512,-0.018903058166233347,0.0077665134524866055,0.00207877845773722,5.0
0.5427085417083415,2.5808469384394805,0.993932142024172,-0.6181838707656833,-0.25805432812133894,-0.018850001428201597,0.007760169165337075,0.0020746815114050625,5.0
0.5437087417483495,2.580534915788431,0.99396658454883,-0.6183254285101583,-0.2579949281630081,-0.01879700903400262,0.007753818017116752,0.002070591769059747,5.0
0.5447089417883575,2.580223011863318,0.9940009410856865,-0.6184668080772219,-0.25793554598708346,-0.018744080932055755,0.007747460063407329,0.0020665092178702026,5.0
0.5457091418283655,2.5799112264718356,0.9940352117321121,-0.6186080095247963,-0.2578761817266767,-0.018691217070831732,0.007741095359598395,0.0020624338450103614,5.0
0.5467093418683735,2.579599559421867,0.9940693965853501,-0.6187490329108606,-0.2578168355144478,-0.018638417398853555,0.007734723960887579,0.0020583656376593792,5.0
0.5477095419083815,2.5792880105214797,0.9941034957425201,-0.6188898782934512,-0.2577575074826063,-0.018585681864697473,0.00772834592228059,0.0020543045830018467,5.0
0.5487097419483895,2.578976579578929,0.994137509300613,-0.6190305457306577,-0.2576981977629115,-0.01853301041699391,0.0077219612985913455,0.0020502506682280285,5.0
0.5497099419883975,2.578665266402653,0.9941714373564982,-0.6191710352806252,-0.25763890648667387,-0.01848040300442846,0.007715570144442039,0.0020462038805340857,5.0
0.5507101420284055,2.578354070801276,0.9942052800069179,-0.6193113470015517,-0.25757963378475596,-0.018427859575742913,0.007709172514263206,0.0020421642071223167,5.0
0.5517103420684135,2.5780429925836064,0.9942390373484933,-0.6194514809516861,-0.25752037978757353,-0.018375380079736364,0.007702768462293771,0.002038131635201379,5.0
0.5527105421084215,2.577732031558636,0.9942727094777215,-0.6195914371893275,-0.2574611446250954,-0.018322964465266156,0.007696358042581048,0.0020341061519865036,5.0
0.5537107421484295,2.57742118753554,0.9943062964909779,-0.6197312157728241,-0.25740192842684567,-0.018270612681249205,0.007689941308980784,0.002030087744699772,5.0
0.5547109421884375,2.577110460323677,0.9943397984845156,-0.6198708167605713,-0.25734273132190383,-0.018218324676663126,0.007683518315157135,0.0020260764005703147,5.0
0.5557111422284455,2.576799849732587,0.9943732155544673,-0.6200102402110101,-0.257283553438906,-0.0181661004005474,0.007677089114582636,0.0020220721068345813,5.0
0.5567113422684535,2.576489355571993,0.9944065477968453,-0.6201494861826248,-0.2572243949060459,-0.018113939802004684,0.00767065376053822,0.0020180748507365874,5.0
0.5577115423084615,2.5761789776518,0.9944397953075411,-0.6202885547339426,-0.25716525585107536,-0.01806184283020215,0.0076642123061130924,0.002014084619528152,5.0
0.5587117423484695,2.5758687157820934,0.9944729581823283,-0.620427445923531,-0.2571061364013061,-0.01800980943437277,0.007657764804204711,0.0020101014004691603,5.0
0.5597119423884775,2.575558569773141,0.9945060365168612,-0.6205661598099963,-0.25704703668360973,-0.017957839563816812,0.007651311307518634,0.0020061251808278055,5.0
0.5607121424284855,2.5752485394353917,0.9945390304066768,-0.6207046964519802,-0.2569879568244195,-0.01790593316790333,0.007644851868568471,0.0020021559478808943,5.0
0.5617123424684936,2.574938624579475,0.9945719399471942,-0.620843055908159,-0.2569288969497307,-0.017854090196071603,0.007638386539675687,0.0019981936889140696,5.0
0.5627125425085016,2.5746288250162026,0.9946047652337163,-0.6209812382372417,-0.25686985718510225,-0.017802310597832837,0.007631915372969521,0.0019942383912221256,5.0
0.5637127425485096,2.574319140556565,0.9946375063614292,-0.6211192434979661,-0.2568108376556571,-0.017750594322771703,0.007625438420386752,0.001990290042109282,5.0
0.5647129425885176,2.574009571011736,0.9946701634254035,-0.6212570717490967,-0.2567518384860834,-0.01769894132054809,0.007618955733671554,0.0019863486288894602,5.0
0.5657131426285256,2.5737001161930686,0.9947027365205952,-0.6213947230494239,-0.25669285980063633,-0.017647351540898887,0.007612467364375241,0.001982414138886613,5.0
0.5667133426685336,2.5733907759120975,0.9947352257418453,-0.6215321974577589,-0.25663390172313744,-0.017595824933639856,0.0076059733638560514,0.0019784865594350077,5.0
0.5677135427085416,2.5730815499805386,0.9947676311838802,-0.6216694950329322,-0.2565749643769775,-0.01754436144866754,0.007599473783278878,0.001974565877879543,5.0
0.5687137427485496,2.5727724382102886,0.9947999529413148,-0.6218066158337905,-0.2565160478851166,-0.01749296103596119,0.007592968673614977,0.0019706520815760842,5.0
0.5697139427885576,2.5724634404134257,0.9948321911086494,-0.6219435599191918,-0.25645715237008493,-0.017441623645584964,0.007586458085641646,0.001966745157891784,5.0
0.5707141428285656,2.572154556402209,0.9948643457802718,-0.6220803273480059,-0.256398277953985,-0.017390349227689988,0.007579942069941933,0.0019628450942054455,5.0
0.5717143428685736,2.571845785989081,0.9948964170504605,-0.6222169181791068,-0.2563394247584922,-0.017339137732516604,0.007573420676904254,0.001958951877907842,5.0
0.5727145429085816,2.571537128986666,0.9949284050133783,-0.6223533324713725,-0.2562805929048548,-0.017287989110396727,0.007566893956721994,0.00195506549640214,5.0
0.5737147429485896,2.5712285852077694,0.9949603097630814,-0.6224895702836789,-0.25622178251389766,-0.01723690331175625,0.007560361959393127,0.0019511859371042363,5.0
0.5747149429885976,2.570920154465382,0.9949921313935113,-0.6226256316748967,-0.25616299370602114,-0.017185880287117507,0.007553824734719757,0.00194731318744316,5.0
0.5757151430286056,2.570611836572676,0.9950238699985027,-0.6227615167038886,-0.2561042266012034,-0.017134919987101944,0.007547282332307685,0.0019434472348614836,5.0
0.5767153430686136,2.5703036313430094,0.9950555256717798,-0.6228972254295029,-0.25604548131900107,-0.017084022362432782,0.00754073480156585,0.0019395880668157373,5.0
0.5777155431086216,2.5699955385899234,0.9950870985069573,-0.6230327579105703,-0.2559867579785515,-0.017033187363937885,0.007534182191705871,0.0019357356707768263,5.0
0.5787157431486296,2.569687558127145,0.9951185885975415,-0.6231681142058993,-0.2559280566985727,-0.0169824149425526,0.007527624551741473,0.0019318900342305016,5.0
0.5797159431886376,2.5693796897685877,0.9951499960369296,-0.6233032943742708,-0.2558693775973657,-0.016931705049322846,0.0075210619304878915,0.0019280511446778126,5.0
0.5807161432286456,2.569071933328351,0.9951813209184115,-0.6234382984744337,-0.2558107207928156,-0.016881057635408238,0.007514494376561316,0.0019242189896355978,5.0
0.5817163432686536,2.5687642886207227,0.995212563335169,-0.6235731265650994,-0.2557520864023929,-0.016830472652085367,0.007507921938378205,0.0019203935566369785,5.0
0.5827165433086616,2.5684567554601787,0.9952437233802776,-0.6237077787049369,-0.25569347454315494,-0.016779950050751176,0.0075013446641546,0.0019165748332318519,5.0
0.5837167433486696,2.5681493336613848,0.9952748011467046,-0.6238422549525658,-0.2556348853317475,-0.01672948978292655,0.007494762601905451,0.001912762806987456,5.0
0.5847169433886776,2.567842023039198,0.9953057967273121,-0.6239765553665518,-0.2555763188844062,-0.016679091800259876,0.007488175799443881,0.0019089574654889076,5.0
0.5857171434286856,2.5675348234086655,0.9953367102148556,-0.6241106800054012,-0.2555177753169584,-0.016628756054530874,0.0074815843043803875,0.0019051587963397705,5.0
0.5867173434686936,2.5672277345850296,0.9953675417019852,-0.6242446289275508,-0.2554592547448239,-0.016578482497654562,0.007474988164122057,0.0019013667871626582,5.0
0.5877175435087016,2.566920756383726,0.9953982912812446,-0.6243784021913668,-0.2554007572830179,-0.016528271081685305,0.007468387425871725,0.0018975814255998555,5.0
0.5887177435487096,2.566613888620387,0.9954289590450723,-0.6245119998551333,-0.25534228304615153,-0.01647812175882107,0.007461782136627127,0.0018938026993139637,5.0
0.5897179435887177,2.5663071311108405,0.9954595450858036,-0.6246454219770485,-0.2552838321484345,-0.016428034481407783,0.007455172343179947,0.0018900305959885502,5.0
0.5907181436287257,2.5660004836711163,0.995490049495667,-0.6247786686152148,-0.25522540470367594,-0.01637800920194387,0.0074485580921149165,0.001886265103328848,5.0
0.5917183436687337,2.5656939461174417,0.9955204723667886,-0.6249117398276327,-0.2551670008252875,-0.016328045873085055,0.0074419394298087865,0.0018825062090624455,5.0
0.5927185437087417,2.5653875182662493,0.9955508137911909,-0.6250446356721926,-0.255108620626284,-0.016278144447649173,0.0074353164024293554,0.001878753900940054,5.0
0.5937187437487497,2.5650811999341747,0.9955810738607911,-0.6251773562066665,-0.2550502642192866,-0.01622830487862125,0.007428689055934389,0.0018750081667362713,5.0
0.5947189437887577,2.564774990938061,0.9956112526674039,-0.6253099014886989,-0.25499193171652396,-0.016178527119158747,0.0074220574360705565,0.0018712689942503742,5.0
0.5957191438287657,2.5644688910949593,0.9956413503027414,-0.6254422715757987,-0.2549336232298349,-0.01612881112259701,0.0074154215883722695,0.0018675363713071464,5.0
0.5967193438687737,2.564162900222133,0.9956713668584127,-0.6255744665253301,-0.25487533887067043,-0.016079156842454898,0.007408781558160547,0.0018638102857577326,5.0
0.5977195439087817,2.563857018137058,0.9957013024259254,-0.6257064863945027,-0.25481707875009585,-0.01602956423244059,0.007402137390541771,0.001860090725480534,5.0
0.5987197439487897,2.5635512446574267,0.9957311570966837,-0.6258383312403619,-0.25475884297879353,-0.015980033246457647,0.007395489130406481,0.001856377678382121,5.0
0.5997199439887977,2.5632455796011504,0.995760930961991,-0.6259700011197784,-0.2547006316670649,-0.015930563838611196,0.007388836822428072,0.001852671132398213,5.0
0.6007201440288057,2.562940022786363,0.9957906241130493,-0.6261014960894388,-0.2546424449248336,-0.01588115596321444,0.007382180511061487,0.001848971075494639,5.0
0.6017203440688137,2.5626345740314207,0.9958202366409599,-0.6262328162058333,-0.2545842828616476,-0.01583180957479528,0.007375520240541845,0.0018452774956684,5.0
0.6027205441088217,2.5623292331549115,0.9958497686367224,-0.6263639615252452,-0.25452614558668174,-0.015782524628103277,0.007368856054883018,0.0018415903809487144,5.0
0.6037207441488297,2.562023999975651,0.995879220191236,-0.6264949321037393,-0.2544680332087409,-0.015733301078116785,0.007362187997876213,0.0018379097193981311,5.0
0.6047209441888377,2.561718874312692,0.9959085913953011,-0.6266257279971498,-0.2544099458362633,-0.015684138880050276,0.0073555161130884955,0.0018342354991136727,5.0
0.6057211442288457,2.5614138559853243,0.9959378823396169,-0.6267563492610677,-0.2543518835773224,-0.015635037989361993,0.007348840443861226,0.0018305677082280276,5.0
0.6067213442688537,2.561108944813081,0.9959670931147852,-0.626886795950829,-0.2542938465396313,-0.015585998361761902,0.007342161033308528,0.001826906334910793,5.0
0.6077215443088617,2.5608041406157396,0.9959962238113058,-0.6270170681214995,-0.2542358348305449,-0.015537019953219738,0.007335477924315693,0.0018232513673697359,5.0
0.6087217443488697,2.5604994432133292,0.9960252745195839,-0.6271471658278628,-0.2541778485570641,-0.015488102719973458,0.007328791159537474,0.0018196027938521156,5.0
0.6097219443888777,2.5601948524261333,0.996054245329923,-0.6272770891244055,-0.2541198878258387,-0.015439246618537917,0.007322100781396453,0.001815960602646065,5.0
0.6107221444288857,2.559890368074695,0.9960831363325306,-0.6274068380653025,-0.25406195274317145,-0.015390451605713836,0.007315406832081293,0.0018123247820820015,5.0
0.6117223444688937,2.5595859899798206,0.9961119476175163,-0.6275364127044026,-0.2540040434150212,-0.015341717638597008,0.007308709353544983,0.001808695320534122,5.0
0.6127225445089017,2.5592817179625853,0.9961406792748928,-0.6276658130952126,-0.2539461599470077,-0.015293044674587922,0.007302008387502993,0.0018050722064218948,5.0
0.6137227445489097,2.5589775518443387,0.996169331394576,-0.6277950392908808,-0.2538883024444145,-0.015244432671401537,0.007295303975431437,0.0018014554282116567,5.0
0.6147229445889177,2.5586734914467084,0.9961979040663863,-0.6279240913441813,-0.25383047101219397,-0.015195881587077447,0.007288596158565214,0.0017978449744182358,5.0
0.6157231446289257,2.558369536591609,0.9962263973800471,-0.6280529693074962,-0.25377266575497115,-0.01514739137999037,0.007281884977896012,0.0017942408336066584,5.0
0.6167233446689337,2.5580656871012435,0.9962548114251883,-0.6281816732327995,-0.25371488677704873,-0.015098962008860977,0.007275170474170382,0.0017906429943938787,5.0
0.6177235447089418,2.5577619427981118,0.9962831462913445,-0.628310203171637,-0.25365713418241076,-0.015050593432766934,0.007268452687887682,0.0017870514454505777,5.0
0.6187237447489498,2.5574583035050176,0.9963114020679541,-0.6284385591751076,-0.2535994080747282,-0.015002285611154399,0.007261731659298044,0.001783466175503069,5.0
0.6197239447889578,2.5571547690450713,0.9963395788443641,-0.6285667412938482,-0.25354170855736397,-0.01495403850384988,0.0072550074284002865,0.0017798871733351958,5.0
0.6207241448289658,2.5568513392417,0.9963676767098274,-0.6286947495780073,-0.25348403573337724,-0.014905852071072343,0.007248280034939753,0.0017763144277903593,5.0
0.6217243448689738,2.5565480139186536,0.9963956957535033,-0.6288225840772305,-0.25342638970552966,-0.014857726273445756,0.007241549518406146,0.0017727479277735696,5.0
0.6227245449089818,2.5562447929000105,0.9964236360644603,-0.6289502448406367,-0.2533687705762905,-0.014809661072011973,0.0072348159180313275,0.0017691876622535918,5.0
0.6237247449489898,2.5559416760101863,0.9964514977316736,-0.6290777319167962,-0.25331117844784223,-0.014761656428244016,0.007228079272787035,0.0017656336202651441,5.0
0.6247249449889978,2.5556386630739403,0.9964792808440291,-0.6292050453537106,-0.2532536134220865,-0.014713712304059759,0.0072213396213826175,0.0017620857909111823,5.0
0.6257251450290058,2.5553357539163857,0.9965069854903189,-0.6293321851987868,-0.2531960756006504,-0.014665828661835932,0.0072145970022626715,0.0017585441633652522,5.0
0.6267253450690138,2.5550329483629937,0.9965346117592487,-0.6294591514988164,-0.2531385650848923,-0.014618005464422622,0.007207851453604701,0.001755008726873911,5.0
0.6277255451090218,2.554730246239604,0.9965621597394313,-0.6295859442999506,-0.2530810819759092,-0.014570242675158095,0.00720110301331672,0.001751479470759267,5.0
0.6287257451490298,2.5544276473724343,0.9965896295193925,-0.6297125636476745,-0.2530236263745424,-0.014522540257884112,0.007194351719034779,0.0017479563844215364,5.0
0.6297259451890378,2.5541251515880874,0.9966170211875686,-0.6298390095867822,-0.2529661983813857,-0.014474898176961631,0.007187597608120503,0.0017444394573417107,5.0
0.6307261452290458,2.5538227587135607,0.9966443348323085,-0.6299652821613502,-0.25290879809679145,-0.014427316397286978,0.007180840717658564,0.0017409286790843375,5.0
0.6317263452690538,2.5535204685762563,0.9966715705418736,-0.6300913814147104,-0.25285142562087876,-0.014379794884308392,0.007174081084454151,0.0017374240393003273,5.0
0.6327265453090618,2.5532182810039887,0.9966987284044388,-0.6302173073894239,-0.2527940810535413,-0.014332333604043122,0.0071673187450304,0.0017339255277299122,5.0
0.6337267453490698,2.5529161958249977,0.9967258085080927,-0.6303430601272485,-0.2527367644944544,-0.014284932523094854,0.007160553735625724,0.001730433134205637,5.0
0.6347269453890778,2.5526142128679545,0.9967528109408383,-0.6304686396691145,-0.25267947604308433,-0.014237591608671772,0.007153786092191234,0.0017269468486555014,5.0
0.6357271454290858,2.5523123319619767,0.9967797357905932,-0.6305940460550904,-0.25262221579869604,-0.014190310828604943,0.007147015850387999,0.0017234666611060964,5.0
0.6367273454690938,2.552010552936636,0.9968065831451918,-0.6307192793243533,-0.2525649838603624,-0.014143090151367324,0.0071402430455843515,0.0017199925616859472,5.0
0.6377275455091018,2.5517088756219697,0.9968333530923844,-0.6308443395151594,-0.252507780326973,-0.014095929546093223,0.007133467712853145,0.001716524540628895,5.0
0.6387277455491098,2.5514072998484925,0.9968600457198374,-0.6309692266648074,-0.25245060529724345,-0.014048828982598122,0.00712668988696899,0.0017130625882775896,5.0
0.6397279455891178,2.551105825447207,0.9968866611151354,-0.6310939408096083,-0.2523934588697257,-0.01400178843139925,0.007119909602405446,0.0017096066950870673,5.0
0.6407281456291258,2.5508044522496185,0.9969131993657805,-0.6312184819848484,-0.25233634114281667,-0.013954807863736467,0.007113126893332184,0.001706156851628451,5.0
0.6417283456691338,2.550503180087743,0.9969396605591939,-0.6313428502247587,-0.2522792522147703,-0.013907887251593897,0.007106341793612153,0.0017027130485927533,5.0
0.6427285457091418,2.5502020087941237,0.996966044782717,-0.6314670455624729,-0.2522221921837068,-0.013861026567721884,0.0070995543367986655,0.0016992752767947777,5.0
0.6437287457491498,2.549900938201841,0.9969923521236099,-0.6315910680299943,-0.252165161147624,-0.013814225785659648,0.007092764556132504,0.0016958435271771078,5.0
0.6447289457891578,2.5495999681445283,0.9970185826690531,-0.631714917658157,-0.2521081592044086,-0.013767484879758441,0.007085972484539,0.001692417790814262,5.0
0.6457291458291659,2.5492990984563817,0.9970447365061501,-0.6318385944765865,-0.2520511864518481,-0.013720803825205265,0.007079178154625065,0.0016889980589169023,5.0
0.6467293458691739,2.5489983289721785,0.9970708137219242,-0.6319620985136606,-0.2519942429876427,-0.013674182598047195,0.007072381598676227,0.0016855843228361915,5.0
0.6477295459091819,2.548697659527287,0.9970968144033222,-0.6320854297964676,-0.25193732890941695,-0.0136276211752163,0.007065582848653602,0.0016821765740682333,5.0
0.6487297459491899,2.5483970899576858,0.9971227386372141,-0.6322085883507659,-0.25188044431473366,-0.013581119534555104,0.0070587819361909235,0.001678774804258667,5.0
0.6497299459891979,2.548096620099973,0.9971485865103924,-0.6323315742009388,-0.2518235893011058,-0.013534677654842668,0.00705197889259147,0.0016753790052073507,5.0
0.6507301460292059,2.5477962497913857,0.9971743581095761,-0.6324543873699529,-0.2517667639660114,-0.013488295515821376,0.007045173748825017,0.0016719891688731856,5.0
0.6517303460692139,2.5474959788698146,0.9972000535214063,-0.6325770278793121,-0.25170996840690607,-0.013441973098224202,0.007038366535524797,0.0016686052873790462,5.0
0.6527305461092219,2.5471958071738188,0.9972256728324531,-0.6326994957490122,-0.2516532027212382,-0.0133957103838027,0.0070315572829844075,0.0016652273530168508,5.0
0.6537307461492299,2.5468957345426437,0.9972512161292103,-0.6328217909974931,-0.2515964670064636,-0.013349507355355573,0.007024746021154693,0.0016618553582527307,5.0
0.6547309461892379,2.546595760816237,0.9972766834980993,-0.6329439136415899,-0.25153976136005984,-0.013303363996758001,0.007017932779640641,0.0016584892957323372,5.0
0.6557311462292459,2.5462958858352653,0.9973020750254706,-0.6330658636964867,-0.25148308587954366,-0.013257280292991537,0.007011117587698296,0.0016551291582862875,5.0
0.6567313462692539,2.5459961094411323,0.9973273907976,-0.6331876411756615,-0.2514264406624847,-0.013211256230174611,0.007004300474231597,0.001651774938935735,5.0
0.6577315463092619,2.5456964314759962,0.9973526309006957,-0.6333092460908388,-0.25136982580652445,-0.013165291795593923,0.006997481467789262,0.0016484266308980891,5.0
0.6587317463492699,2.5453968517827885,0.9973777954208923,-0.6334306784519345,-0.25131324140939065,-0.013119386977736241,0.0069906605965616535,0.0016450842275928018,5.0
0.6597319463892779,2.545097370205232,0.9974028844442566,-0.6335519382670021,-0.25125668756891717,-0.013073541766321141,0.006983837888377618,0.0016417477226473678,5.0
0.6607321464292859,2.544797986587861,0.9974278980567869,-0.6336730255421789,-0.2512001643830604,-0.01302775615233431,0.006977013370701376,0.0016384171099034224,5.0
0.6617323464692939,2.5444987007760402,0.9974528363444107,-0.6337939402816284,-0.2511436719499186,-0.01298203012806157,0.00697018707062934,0.0016350923834229755,5.0
0.6627325465093019,2.5441995126159838,0.9974776993929914,-0.6339146824874822,-0.25108721036774967,-0.01293636368712368,0.006963359014886976,0.001631773537494774,5.0
0.6637327465493099,2.5439004219547767,0.9975024872883228,-0.634035252159783,-0.25103077973499227,-0.012890756824511806,0.006956529229825676,0.0016284605666408317,5.0
0.6647329465893179,2.5436014286403963,0.9975272001161328,-0.6341556492964223,-0.25097438015028395,-0.012845209536623745,0.0069496977414196005,0.001625153465623088,5.0
0.6657331466293259,2.5433025325217318,0.9975518379620856,-0.6342758738930806,-0.2509180117124832,-0.012799721821300982,0.006942864575262551,0.001621852229450182,5.0
0.6667333466693339,2.5430037334486073,0.9975764009117809,-0.6343959259431643,-0.2508616745206899,-0.012754293677866289,0.0069360297565648574,0.0016185568533844067,5.0
0.6677335467093419,2.5427050312718054,0.9976008890507533,-0.6345158054377411,-0.25080536867426695,-0.012708925107162272,0.006929193310150252,0.0016152673329488123,5.0
0.6687337467493499,2.5424064258430854,0.9976253024644751,-0.6346355123654742,-0.25074909427286246,-0.012663616111590632,0.006922355260452785,0.0016119836639343992,5.0
0.6697339467893579,2.5421079170152105,0.9976496412383561,-0.634755046712558,-0.2506928514164326,-0.012618366695152131,0.006915515631513748,0.00160870584240753,5.0
0.6707341468293659,2.5418095046419706,0.9976739054577468,-0.6348744084626471,-0.25063664020526494,-0.012573176863487441,0.006908674446978576,0.0016054338647174082,5.0
0.6717343468693739,2.5415111885782045,0.9976980952079347,-0.6349935975967881,-0.25058046074000223,-0.01252804662391871,0.0069018317300937986,0.0016021677275037853,5.0
0.672734546909382,2.5412129686798277,0.9977222105741497,-0.6351126140933487,-0.2505243131216672,-0.01248297598549197,0.006894987503704034,0.0015989074277047391,5.0
0.67373474694939,2.540914844803855,0.9977462516415635,-0.635231457927946,-0.2504681974516879,-0.012437964959020316,0.00688814179024896,0.0015956529625646833,5.0
0.674734946989398,2.5406168168084267,0.9977702184952895,-0.6353501290733711,-0.25041211383192225,-0.012393013557127916,0.006881294611760331,0.0015924043296424476,5.0
0.675735147029406,2.540318884552835,0.9977941112203855,-0.635468627499516,-0.25035606236468705,-0.012348121794294818,0.006874445989859058,0.0015891615268195651,5.0
0.676735347069414,2.540021047897551,0.9978179299018529,-0.6355869531732948,-0.2503000431527821,-0.012303289686902568,0.0068675959457522385,0.001585924552308691,5.0
0.677735547109422,2.539723306704251,0.9978416746246399,-0.6357051060585679,-0.2502440562995202,-0.01225851725328069,0.006860744500230306,0.0015826934046621619,5.0
0.67873574714943,2.5394256608358443,0.9978653454736397,-0.635823086116061,-0.2501881019087545,-0.012213804513753966,0.006853891673664156,0.0015794680827807266,5.0
0.679735947189438,2.539128110156503,0.9978889425336968,-0.6359408933032832,-0.25013218008490756,-0.012169151490690595,0.006847037486002309,0.0015762485859224058,5.0
0.680736147229446,2.5388306545316888,0.9979124658896014,-0.6360585275744466,-0.25007629093300127,-0.012124558208551175,0.0068401819567681515,0.0015730349137115355,5.0
0.681736347269454,2.5385332938281837,0.9979359156260956,-0.6361759888803807,-0.25002043455868816,-0.012080024693938474,0.006833325105057253,0.0015698270661479528,5.0
0.682736547309462,2.538236027914119,0.9979592918278726,-0.6362932771684467,-0.24996461106828133,-0.012035550975648165,0.0068264669495345645,0.0015666250436163136,5.0
0.68373674734947,2.5379388566590046,0.9979825945795795,-0.6364103923824519,-0.2499088205687869,-0.01199113708472034,0.0068196075084318965,0.0015634288468955977,5.0
0.684736947389478,2.537641779933764,0.9980058239658175,-0.6365273344625584,-0.2498530631679373,-0.011946783054491887,0.0068127467995452605,0.0015602384771687377,5.0
0.685737147429486,2.537344797610762,0.9980289800711416,-0.6366441033451941,-0.24979733897422307,-0.01190248892064982,0.006805884840232359,0.001557053936032425,5.0
0.686737347469494,2.5370479095638387,0.9980520629800662,-0.6367606989629613,-0.24974164809692873,-0.011858254721285315,0.006799021647410115,0.0015538752255070728,5.0
0.687737547509502,2.536751115668341,0.9980750727770632,-0.6368771212445424,-0.24968599064616676,-0.01181408049694877,0.006792157237552255,0.0015507023480468836,5.0
0.68873774754951,2.536454415801158,0.9980980095465632,-0.6369933701146038,-0.2496303667329129,-0.01176996629070571,0.006785291626686929,0.0015475353065501198,5.0
0.689737947589518,2.5361578098407516,0.9981208733729612,-0.6371094454937015,-0.2495747764690436,-0.011725912148193513,0.006778424830394482,0.001544374104369527,5.0
0.690738147629526,2.5358612976671937,0.9981436643406135,-0.6372253472981801,-0.2495192199673724,-0.011681918117678998,0.006771556863805176,0.00154121874532288,5.0
0.691738347669534,2.5355648791622,0.9981663825338423,-0.6373410754400741,-0.24946369734168855,-0.01163798425011703,0.006764687741597106,0.0015380692337036942,5.0
0.692738547709542,2.5352685542091673,0.9981890280369363,-0.6374566298270076,-0.24940820870679556,-0.011594110599209857,0.006757817477994123,0.0015349255742921133,5.0
0.69373874774955,2.534972322693208,0.9982116009341522,-0.6375720103620868,-0.24935275417855082,-0.011550297221467373,0.006750946086763831,0.0015317877723658984,5.0
0.694738947789558,2.5346761845011865,0.9982341013097175,-0.6376872169437995,-0.24929733387390587,-0.011506544176268308,0.0067440735812157124,0.001528655833711609,5.0
0.695739147829566,2.534380139521758,0.998256529247832,-0.6378022494659058,-0.2492419479109483,-0.011462851525922305,0.006737199974199288,0.001525529764635901,5.0
0.696739347869574,2.5340841876454063,0.9982788848326684,-0.6379171078173287,-0.24918659640894303,-0.011419219335732785,0.006730325278102414,0.0015224095719770004,5.0
0.697739547909582,2.5337883287644822,0.9983011681483773,-0.6380317918820477,-0.24913127948837643,-0.011375647674060792,0.006723449504849664,0.0015192952631162993,5.0
0.69873974794959,2.533492562773242,0.9983233792790859,-0.6381463015389842,-0.2490759972709993,-0.01133213661238967,0.006716572665900775,0.0015161868459901374,5.0
0.699739947989598,2.533196889567889,0.9983455183089035,-0.6382606366618884,-0.24902074987987158,-0.01128868622539063,0.006709694772249246,0.001513084329101657,5.0
0.700740148029606,2.532901309046612,0.9983675853219203,-0.6383747971192241,-0.2489655374394088,-0.011245296590989178,0.006702815834420997,0.0015099877215328757,5.0
0.701740348069614,2.5326058211096285,0.9983895804022113,-0.638488782774053,-0.24891036007542724,-0.011201967790432468,0.006695935862473172,0.0015068970329568609,5.0
0.702740548109622,2.5323104256592233,0.9984115036338388,-0.6386025934839141,-0.24885521791519266,-0.011158699908357455,0.006689054865993047,0.001503812273650043,5.0
0.7037407481496301,2.5320151225997947,0.9984333551008551,-0.6387162291007054,-0.24880011108746763,-0.011115493032859934,0.0066821728540970475,0.0015007334545046936,5.0
0.7047409481896381,2.531719911837893,0.9984551348873036,-0.6388296894705605,-0.24874503972256107,-0.011072347255564456,0.006675289835429867,0.001497660587041491,5.0
0.7057411482296461,2.5314247932822678,0.9984768430772215,-0.6389429744337258,-0.2486900039523785,-0.011029262671695135,0.006668405818163771,0.001494593683422283,5.0
0.7067413482696541,2.5311297668439092,0.9984984797546436,-0.6390560838244349,-0.2486350039104726,-0.010986239380147202,0.006661520809997986,0.0014915327564629173,5.0
0.7077415483096621,2.530834832436094,0.9985200450036036,-0.6391690174707799,-0.2485800397320952,-0.010943277483559498,0.006654634818158211,0.0014884778196462456,5.0
0.7087417483496701,2.530539989974429,0.9985415389081368,-0.6392817751945851,-0.2485251115542508,-0.010900377088387772,0.006647747849396296,0.0014854288871352333,5.0
0.7097419483896781,2.5302452393769004,0.9985629615522844,-0.6393943568112747,-0.24847021951574952,-0.010857538304978823,0.006640859909990066,0.0014823859737861992,5.0
0.7107421484296861,2.529950580563916,0.9985843130200944,-0.639506762129741,-0.24841536375726228,-0.010814761247645409,0.006633971005743297,0.001479349095162189,5.0
0.7117423484696941,2.5296560134583546,0.9986055933956254,-0.6396189909522108,-0.2483605444213767,-0.010772046034742003,0.006627081141985801,0.0014763182675464493,5.0
0.7127425485097021,2.529361537985613,0.9986268027629486,-0.6397310430741087,-0.2483057616526529,-0.010729392788741412,0.006620190323573709,0.0014732935079560317,5.0
0.7137427485497101,2.5290671540736547,0.9986479412061513,-0.6398429182839217,-0.24825101559768223,-0.010686801636312098,0.006613298554889916,0.0014702748341554953,5.0
0.7147429485897181,2.5287728616530565,0.9986690088093423,-0.6399546163630582,-0.24819630640514478,-0.010644272708396301,0.0066064058398446575,0.001467262264670734,5.0
0.7157431486297261,2.5284786606570604,0.9986900056566508,-0.640066137085709,-0.2481416342258703,-0.01060180614028901,0.0065995121818763075,0.0014642558188029148,5.0
0.7167433486697341,2.5281845510216208,0.9987109318322326,-0.6401774802187037,-0.24808699921289687,-0.01055940207171756,0.006592617583952284,0.0014612555166424847,5.0
0.7177435487097421,2.5278905326854564,0.9987317874202704,-0.6402886455213673,-0.24803240152153372,-0.010517060646922111,0.006585722048570179,0.0014582613790833062,5.0
0.7187437487497501,2.5275966055901007,0.9987525725049825,-0.6403996327453751,-0.2479778413094233,-0.010474782014736759,0.006578825577759086,0.001455273427836873,5.0
0.7197439487897581,2.5273027696799537,0.9987732871706203,-0.6405104416346049,-0.24792331873660475,-0.01043256632867144,0.00657192817308109,0.0014522916854466607,5.0
0.7207441488297661,2.5270090249023336,0.9987939315014753,-0.6406210719249886,-0.24786883396557838,-0.01039041374699446,0.00656502983563296,0.0014493161753024912,5.0
0.7217443488697741,2.526715371207527,0.9988145055818797,-0.6407315233443616,-0.24781438716137075,-0.010348324432815784,0.006558130566048016,0.0014463469216550381,5.0
0.7227445489097821,2.526421808548847,0.9988350094962153,-0.6408417956123111,-0.24775997849160147,-0.010306298554170985,0.006551230364498262,0.0014433839496303612,5.0
0.7237447489497901,2.526128336882682,0.9988554433289109,-0.6409518884400223,-0.24770560812655024,-0.01026433628410582,0.006544329230696637,0.0014404272852445818,5.0
0.7247449489897981,2.5258349561685507,0.9988758071644489,-0.6410618015301234,-0.2476512762392253,-0.010222437800761446,0.006537427163899598,0.0014374769554185692,5.0
0.7257451490298061,2.525541666369157,0.9988961010873717,-0.6411715345765311,-0.2475969830054336,-0.010180603287460246,0.006530524162909824,0.0014345329879927096,5.0
0.7267453490698141,2.525248467450445,0.9989163251822812,-0.641281087264289,-0.24754272860384946,-0.010138832932792267,0.006523620226079181,0.0014315954117417467,5.0
0.7277455491098221,2.5249553593816554,0.9989364795338443,-0.6413904592694116,-0.24748851321608734,-0.010097126930702263,0.006516715351311927,0.0014286642563896492,5.0
0.7287457491498301,2.524662342135379,0.9989565642267989,-0.6414996502587215,-0.2474343370267736,-0.010055485480577234,0.0065098095360681205,0.0014257395526245413,5.0
0.7297459491898382,2.524369415687614,0.9989765793459545,-0.641608659889688,-0.2473802002236199,-0.010013908787334555,0.006502902777367293,0.0014228213321136982,5.0
0.7307461492298462,2.5240765800178235,0.9989965249761997,-0.6417174878102629,-0.24732610299749697,-0.009972397061510561,0.006495995071792372,0.001419909627518515,5.0
0.7317463492698542,2.5237838351089903,0.9990164012025047,-0.6418261336587157,-0.24727204554251073,-0.009930950519349684,0.006489086415493853,0.0014170044725095791,5.0
0.7327465493098622,2.523491180947677,0.9990362081099261,-0.6419345970634687,-0.24721802805607807,-0.009889569382893959,0.006482176804194196,0.0014141059017817401,5.0
0.7337467493498702,2.5231986175240833,0.9990559457836118,-0.6420428776429273,-0.24716405073900402,-0.009848253880073066,0.006475266233192515,0.0014112139510691457,5.0
0.7347469493898782,2.522906144832102,0.9990756143088045,-0.6421509750053128,-0.24711011379555983,-0.009807004244794713,0.006468354697369537,0.0014083286571603885,5.0
0.7357471494298862,2.5226137628693817,0.9990952137708482,-0.6422588887484924,-0.24705621743356254,-0.009765820717035412,0.006461442191192813,0.0014054500579135836,5.0
0.7367473494698942,2.522321471637381,0.9991147442551912,-0.642366618459806,-0.24700236186445426,-0.009724703542931647,0.006454528708722221,0.0014025781922714564,5.0
0.7377475495099022,2.522029271141432,0.9991342058473902,-0.6424741637158973,-0.24694854730338409,-0.009683652974871265,0.006447614243615732,0.001399713100276456,5.0
0.7387477495499102,2.5217371613907975,0.9991535986331178,-0.6425815240825384,-0.24689477396928947,-0.009642669271585304,0.006440698789135503,0.001396854823085808,5.0
0.7397479495899182,2.5214451423987314,0.9991729226981672,-0.6426886991144555,-0.24684104208497956,-0.009601752698239976,0.006433782338154214,0.0013940034029865688,5.0
0.7407481496299262,2.52115321418254,0.999192178128454,-0.6427956883551529,-0.24678735187721848,-0.009560903526528917,0.006426864883161708,0.0013911588834106298,5.0
0.7417483496699342,2.520861376763641,0.9992113650100249,-0.6429024913367388,-0.24673370357681054,-0.009520122034765615,0.006419946416272005,0.001388321308949726,5.0
0.7427485497099422,2.5205696301676253,0.9992304834290631,-0.6430091075797467,-0.2466800974186858,-0.009479408507976036,0.006413026929230529,0.0013854907253703494,5.0
0.7437487497499502,2.520277974424316,0.999249533471889,-0.6431155365929565,-0.24662653364198645,-0.00943876323799135,0.006406106413421705,0.001382667179628644,5.0
0.7447489497899582,2.519986409567833,0.9992685152249724,-0.6432217778732175,-0.24657301249015445,-0.009398186523540727,0.006399184859876875,0.001379850719885205,5.0
0.7457491498299662,2.5196949356366507,0.9992874287749329,-0.6433278309052671,-0.2465195342110195,-0.00935767867034426,0.006392262259282505,0.001377041395519826,5.0
0.7467493498699742,2.519403552673663,0.9993062742085488,-0.6434336951615515,-0.246466099056889,-0.00931723999120584,0.00638533860198876,0.0013742392571461657,5.0
0.7477495499099822,2.5191122607262417,0.9993250516127611,-0.6435393701020439,-0.2464127072846371,-0.009276870806106003,0.006378413878018382,0.0013714443566263399,5.0
0.7487497499499902,2.5188210598463017,0.999343761074679,-0.6436448551740639,-0.24635935915579601,-0.009236571442294792,0.006371488077075918,0.0013686567470853777,5.0
0.7497499499899982,2.518529950090359,0.9993624026815886,-0.6437501498120942,-0.24630605493664773,-0.00919634223438448,0.006364561188557305,0.0013658764829256145,5.0
0.7507501500300062,2.518238931519595,0.9993809765209557,-0.6438552534375999,-0.24625279489831675,-0.009156183524442085,0.006357633201559802,0.0013631036198409358,5.0
0.7517503500700142,2.5179480041999196,0.9993994826804348,-0.6439601654588428,-0.24619957931686273,-0.009116095662081772,0.006350704104892249,0.001360338214830925,5.0
0.7527505501100222,2.517657168202032,0.9994179212478731,-0.6440648852707006,-0.24614640847337466,-0.009076079004557026,0.006343773887085719,0.001357580326214852,5.0
0.7537507501500302,2.517366423601482,0.9994362923113196,-0.6441694122544824,-0.24609328265406621,-0.009036133916852547,0.006336842536404512,0.001354830013645527,5.0
0.7547509501900382,2.517075770478732,0.9994545959590282,-0.6442737457777448,-0.24604020215037098,-0.00899626077177579,0.006329910040857518,0.0013520873381230078,5.0
0.7557511502300458,2.5167852089192224,0.9994728322794689,-0.6443778851941074,-0.24598716725903824,-0.008956459950048177,0.006322976388209972,0.0013493523620081306,5.0
0.7567513502700538,2.5164947390134293,0.9994910013613311,-0.6444818298430702,-0.24593417828223066,-0.00891673184039593,0.006316041565995562,0.0013466251490358802,5.0
0.7577515503100618,2.5162043608569284,0.999509103293531,-0.6445855790498307,-0.24588123552762153,-0.00887707683964034,0.006309105561528951,0.0013439057643285807,5.0
0.7587517503500698,2.515914074550458,0.9995271381652189,-0.6446891321250947,-0.24582833930849274,-0.008837495352787586,0.006302168361918627,0.0013411942744088524,5.0
0.7597519503900778,2.5156238801999766,0.9995451060657884,-0.6447924883648997,-0.24577548994383433,-0.00879798779311808,0.00629522995408021,0.0013384907472124058,5.0
0.7607521504300858,2.515333777916729,0.9995630070848813,-0.6448956470504265,-0.24572268775844366,-0.008758554582275107,0.0062882903247500925,0.0013357952521006033,5.0
0.7617523504700938,2.515043767817305,0.9995808413123954,-0.6449986074478181,-0.24566993308302518,-0.00871919615035279,0.006281349460499514,0.0013331078598727958,5.0
0.7627525505101018,2.5147538500237,0.999598608838492,-0.6451013688079955,-0.2456172262542913,-0.00867991293598343,0.006274407347749036,0.0013304286427784217,5.0
0.7637527505501098,2.5144640246633774,0.9996163097536046,-0.6452039303664788,-0.24556456761506404,-0.008640705386424044,0.0062674639727834085,0.0013277576745288656,5.0
0.7647529505901178,2.5141742918693266,0.9996339441484456,-0.6453062913432,-0.24551195751437585,-0.008601573957642054,0.006260519321766847,0.0013250950303090446,5.0
0.7657531506301258,2.513884651780126,0.9996515121140157,-0.6454084509423287,-0.2454593963075727,-0.008562519114400114,0.006253573380758759,0.001322440786788742,5.0
0.7667533506701338,2.51359510454,0.9996690137416083,-0.6455104083520854,-0.2454068843564155,-0.008523541330340051,0.006246626135729777,0.0013197950221336219,5.0
0.7677535507101418,2.513305650298879,0.9996864491228229,-0.6456121627445673,-0.24535442202918403,-0.008484641088065863,0.0062396775725783405,0.001317157816015995,5.0
0.7687537507501498,2.5130162892124606,0.9997038183495688,-0.6457137132755665,-0.24530200970077998,-0.008445818879225532,0.006232727677147603,0.0013145292496252426,5.0
0.7697539507901578,2.512727021442264,0.9997211215140768,-0.6458150590843936,-0.24524964775283084,-0.008407075204591854,0.006225776435242822,0.0013119094056779574,5.0
0.7707541508301659,2.5124378471556903,0.9997383587089044,-0.6459161992937017,-0.24519733657379303,-0.008368410574142126,0.006218823832649128,0.0013092983684277358,5.0
0.7717543508701739,2.512148766526078,0.9997555300269481,-0.6460171330093106,-0.24514507655905782,-0.008329825507136573,0.006211869855149727,0.0013066962236746049,5.0
0.7727545509101819,2.5118597797327626,0.9997726355614489,-0.6461178593200336,-0.2450928681110548,-0.008291320532195506,0.00620491448854458,0.001304103058774163,5.0
0.7737547509501899,2.5115708869611297,0.9997896754060046,-0.6462183772975049,-0.24504071163935698,-0.008252896187375151,0.006197957718669457,0.0013015189626462958,5.0
0.7747549509901979,2.511282088402672,0.9998066496545753,-0.6463186859960082,-0.24498860756078572,-0.008214553020242137,0.006190999531415427,0.0012989440257835522,5.0
0.7757551510302059,2.5109933842550425,0.9998235584014941,-0.6464187844523068,-0.24493655629951536,-0.00817629158794647,0.006184039912748833,0.0012963783402591262,5.0
0.7767553510702139,2.51070477472211,0.9998404017414758,-0.6465186716854787,-0.2448845582871796,-0.00813811245729305,0.006177078848731638,0.0012938219997344108,5.0
0.7777555511102219,2.5104162600140123,0.9998571797696295,-0.6466183466967474,-0.2448326139629758,-0.008100016204811527,0.00617011632554224,0.001291275099466186,5.0
0.7787557511502299,2.5101278403472067,0.9998738925814624,-0.6467178084693201,-0.2447807237737705,-0.008062003416824613,0.006163152329496716,0.0012887377363133485,5.0
0.7797559511902379,2.509839515944523,0.9998905402728939,-0.6468170559682258,-0.2447288881742048,-0.008024074689514677,0.006156186847070486,0.001286210008743201,5.0
0.7807561512302459,2.509551287035214,0.9999071229402637,-0.6469160881401532,-0.2446771076267993,-0.007986230628988561,0.00614921986492041,0.0012836920168373344,5.0
0.7817563512702539,2.5092631538550036,0.9999236406803425,-0.6470149039132976,-0.24462538260205982,-0.00794847185134057,0.006142251369907384,0.0012811838622970096,5.0
0.7827565513102619,2.508975116646138,0.9999400935903392,-0.6471135021972009,-0.24457371357858187,-0.007910798982713574,0.006135281349119262,0.0012786856484480753,5.0
0.7837567513502699,2.508687175657431,0.9999564817679151,-0.6472118818826014,-0.24452210104315528,-0.007873212659358211,0.006128309789894311,0.0012761974802454298,5.0
0.7847569513902779,2.5083993311443114,0.9999728053111917,-0.6473100418412845,-0.24447054549086933,-0.007835713527689985,0.006121336679845037,0.0012737194642769476,5.0
0.7857571514302859,2.5081115833688683,0.9999890643187611,-0.6474079809259324,-0.24441904742521678,-0.00779830224434434,0.006114362006882472,0.0012712517087669231,5.0
0.7867573514702939,2.507823932599897,1.000005258889696,-0.6475056979699831,-0.24436760735819762,-0.007760979476229615,0.006107385759240879,0.001268794323579006,5.0
0.7877575515103019,2.507536379112938,1.000021389123562,-0.6476031917874845,-0.24431622581042273,-0.007723745900577737,0.006100407925502853,0.0012663474202185582,5.0
0.7887577515503099,2.5072489231903226,1.000037455120426,-0.6477004611729584,-0.24426490331121714,-0.0076866022049926945,0.006093428494624903,0.0012639111118345106,5.0
0.7897579515903179,2.5069615651212116,1.0000534569808692,-0.6477975049012643,-0.24421364039872231,-0.007649549087496639,0.006086447455963404,0.001261485513220632,5.0
0.7907581516303259,2.506674305201635,1.0000693948059962,-0.6478943217274665,-0.2441624376199991,-0.007612587256573665,0.006079464799300993,0.001259070740816257,5.0
0.7917583516703339,2.50638714373453,1.0000852686974466,-0.6479909103867053,-0.24411129553112831,-0.007575717431211031,0.006072480514873368,0.001256666912706444,5.0
0.7927585517103419,2.5061000810297784,1.0001010787574056,-0.6480872695940714,-0.24406021469731226,-0.007538940340937908,0.006065494593396509,0.00125427414862152,5.0
0.7937587517503499,2.5058131174042373,1.0001168250886154,-0.6481833980444839,-0.2440091956929752,-0.007502256725861534,0.006058507026094319,0.0012518925699360384,5.0
0.7947589517903579,2.5055262531817784,1.0001325077943886,-0.6482792944125721,-0.24395823910186246,-0.0074656673367007225,0.006051517804726601,0.0012495222996671102,5.0
0.7957591518303659,2.5052394886933156,1.0001481269786148,-0.6483749573525622,-0.24390734551713947,-0.0074291729348166325,0.006044526921617513,0.001247163462472147,5.0
0.7967593518703739,2.5049528242768373,1.0001636827457758,-0.6484703854981627,-0.24385651554148918,-0.007392774292240823,0.006037534369684334,0.0012448161846459027,5.0
0.797759551910382,2.5046662602774337,1.0001791752009561,-0.6485655774624627,-0.24380574978721,-0.0073564721917004465,0.00603054014246667,0.0012424805941169544,5.0
0.79875975195039,2.504379797047325,1.0001946044498546,-0.6486605318378276,-0.24375504887631078,-0.007320267426640505,0.006023544234156035,0.001240156820443475,5.0
0.799759951990398,2.504093434945888,1.0002099705987961,-0.6487552471958008,-0.2437044134406073,-0.007284160801243232,0.00601654663962577,0.0012378449948083723,5.0
0.800760152030406,2.503807174339675,1.0002252737547412,-0.6488497220870102,-0.2436538441218147,-0.007248153130444355,0.006009547354461377,0.001235545250013746,5.0
0.801760352070414,2.5035210156024394,1.0002405140253041,-0.6489439550410798,-0.2436033415716417,-0.007212245239946371,0.0060025463749911415,0.0012332577204746276,5.0
0.802760552110422,2.503234959115156,1.0002556915187566,-0.6490379445665435,-0.2435529064518817,-0.0071764379662286335,0.005995543698317191,0.0012309825422120925,5.0
0.80376075215043,2.5029490052660366,1.0002708063440453,-0.6491316891507686,-0.24350253943450378,-0.007140732156554287,0.005988539322346803,0.0012287198528456163,5.0
0.804760952190438,2.5026631544505467,1.0002858586108034,-0.6492251872598768,-0.24345224120174103,-0.00710512866897394,0.005981533245824097,0.0012264697915847238,5.0
0.805761152230446,2.5023774070714206,1.0003008484293603,-0.6493184373386774,-0.24340201244617926,-0.007069628372326046,0.005974525468362052,0.0012242324992199618,5.0
0.806761352270454,2.502091763538672,1.000315775910756,-0.6494114378106005,-0.2433518538708429,-0.007034232146233877,0.005967515990474839,0.0012220081181130902,5.0
0.807761552310462,2.5018062242696044,1.000330641166753,-0.6495041870776396,-0.24330176618928126,-0.0069989408810991645,0.005960504813610448,0.0012197967921866028,5.0
0.80876175235047,2.501520789688821,1.0003454443098476,-0.6495966835202952,-0.2432517501256501,-0.00696375547809216,0.00595349194018361,0.0012175986669124477,5.0
0.809761952390478,2.5012354602282283,1.000360185453284,-0.6496889254975272,-0.24320180641479547,-0.006928676849138292,0.005946477373608993,0.0012154138893000046,5.0
0.810762152430486,2.5009502363270397,1.0003748647110646,-0.64978091134671,-0.24315193580233221,-0.006893705916901243,0.005939461118334687,0.0012132426078833376,5.0
0.811762352470494,2.5006651184317783,1.0003894821979655,-0.6498726393835964,-0.24310213904472391,-0.006858843614762378,0.00593244317987593,0.0012110849727076467,5.0
0.812762552510502,2.500380106996275,1.000404038029547,-0.6499641079022843,-0.24305241690935914,-0.006824090886796498,0.0059254235648491214,0.0012089411353149754,5.0
0.81376275255051,2.500095202481668,1.0004185323221646,-0.6500553151751909,-0.24300277017462585,-0.00678944868774393,0.005918402281006009,0.0012068112487291353,5.0
0.814762952590518,2.499810405356391,1.0004329651929857,-0.6501462594530335,-0.24295319962998596,-0.006754917982978844,0.005911379337268198,0.0012046954674398483,5.0
0.815763152630526,2.4995257160961746,1.000447336760001,-0.6502369389648129,-0.2429037060760451,-0.00672049974847378,0.005904354743761755,0.0012025939473861082,5.0
0.816763352670534,2.4992411351840276,1.0004616471420351,-0.6503273519178083,-0.24285429032462263,-0.0066861949707602945,0.005897328511852107,0.0012005068459387475,5.0
0.817763552710542,2.49895666311023,1.0004758964587601,-0.6504174964975724,-0.24280495319881826,-0.0066520046468857745,0.0058903006541790644,0.0011984343218822122,5.0
0.81876375275055,2.498672300372316,1.0004900848307106,-0.6505073708679375,-0.24275569553307677,-0.006617929784366406,0.005883271184692024,0.0011963765353955153,5.0
0.819763952790558,2.4983880474750575,1.0005042123792935,-0.6505969731710259,-0.24270651817325142,-0.006583971401136049,0.005876240118685346,0.0011943336480324399,5.0
0.820764152830566,2.498103904930443,1.0005182792268055,-0.6506863015272684,-0.24265742197666487,-0.006550130525491241,0.0058692074728338706,0.0011923058227008832,5.0
0.821764352870574,2.4978198732576558,1.0005322854964378,-0.6507753540354259,-0.24260840781216542,-0.006516408196032123,0.005862173265228519,0.0011902932236414476,5.0
0.822764552910582,2.497535952983047,1.000546231312301,-0.6508641287726227,-0.24255947656018553,-0.0064828054615993355,0.005855137515412061,0.0011882960164051725,5.0
0.82376475295059,2.4972521446401137,1.0005601167994245,-0.6509526237943815,-0.24251062911279292,-0.006449323381206875,0.005848100244414905,0.0011863143678305062,5.0
0.824764952990598,2.496968448769461,1.00057394208378,-0.6510408371346684,-0.24246186637374284,-0.006415963023970783,0.005841061474791042,0.0011843484460194165,5.0
0.825765153030606,2.496684865918774,1.0005877072922886,-0.6511287668059458,-0.2424131892585265,-0.006382725469033761,0.005834021230653968,0.001182398420312741,5.0
0.826765353070614,2.4964013966427814,1.000601412552838,-0.6512164107992273,-0.24236459869441615,-0.006349611805485632,0.005826979537712716,0.0011804644612646961,5.0
0.827765553110622,2.496118041503216,1.0006150579942905,-0.6513037670841452,-0.24231609562050838,-0.006316623132279631,0.005819936423307834,0.0011785467406165726,5.0
0.8287657531506301,2.495834801068776,1.0006286437465008,-0.6513908336090224,-0.24226768098776544,-0.006283760558144473,0.0058128919164474775,0.0011766454312696908,5.0
0.8297659531906381,2.4955516759150798,1.0006421699403245,-0.6514776083009511,-0.2422193557590519,-0.006251025201492275,0.0058058460478433785,0.001174760707257474,5.0
0.8307661532306461,2.495268666624617,1.0006556367076354,-0.6515640890658805,-0.24217112090916973,-0.0062184181903222925,0.0057987988499468455,0.0011728927437167284,5.0
0.8317663532706541,2.4949857737867056,1.0006690441813348,-0.6516502737887101,-0.24212297742489125,-0.006185940662120339,0.005791750356984665,0.0011710417168581694,5.0
0.8327665533106621,2.494702997997434,1.0006823924953676,-0.6517361603333902,-0.24207492630498603,-0.006153593763754003,0.005784700604994994,0.0011692078039361145,5.0
0.8337667533506701,2.4944203398596088,1.00069568178473,-0.651821746543033,-0.24202696856024927,-0.006121378651363707,0.005777649631863089,0.0011673911832174074,5.0
0.8347669533906781,2.494137799982698,1.000708912185489,-0.6519070302400282,-0.2419791052135232,-0.006089296490249508,0.005770597477356985,0.0011655920339495441,5.0
0.8357671534306861,2.4938553789827678,1.0007220838347906,-0.6519920092261642,-0.24193133729971797,-0.0060573484547535375,0.005763544183163022,0.0011638105363280438,5.0
0.8367673534706941,2.4935730774824223,1.0007351968708722,-0.6520766812827633,-0.2418836658658276,-0.006025535728138342,0.005756489792921198,0.0011620468714629976,5.0
0.8377675535107021,2.493290896110735,1.0007482514330799,-0.6521610441708175,-0.2418360919709441,-0.005993859502460978,0.005749434352260369,0.0011603012213449086,5.0
0.8387677535507101,2.4930088355031814,1.0007612476618741,-0.6522450956311356,-0.24178861668626772,-0.005962320978442831,0.0057423779088332525,0.0011585737688097225,5.0
0.8397679535907181,2.4927268963015665,1.0007741856988484,-0.6523288333844987,-0.24174124109511388,-0.00593092136533526,0.005735320512351219,0.001156864697503143,5.0
0.8407681536307261,2.4924450791539505,1.0007870656867393,-0.6524122551318202,-0.2416939662929167,-0.005899661880781094,0.005728262214618822,0.0011551741918441984,5.0
0.8417683536707341,2.4921633847145706,1.0007998877694377,-0.6524953585543172,-0.24164679338723005,-0.005868543750671825,0.005721203069568135,0.0011535024369880719,5.0
0.8427685537107421,2.491881813643761,1.0008126520920055,-0.6525781413136847,-0.2415997234977236,-0.0058375682090007295,0.005714143133292717,0.0011518496187882135,5.0
0.8437687537507501,2.49160036660787,1.0008253588006792,-0.6526606010522827,-0.24155275775617635,-0.005806736497711854,0.005707082464081332,0.0011502159237577246,5.0
0.8447689537907581,2.4913190442791726,1.0008380080428916,-0.6527427353933285,-0.24150589730646713,-0.005776049866544853,0.005700021122451347,0.0011486015390300825,5.0
0.8457691538307661,2.491037847335783,1.0008505999672792,-0.6528245419410957,-0.2414591433045607,-0.0057455095728757965,0.00569295917118174,0.0011470066523191023,5.0
0.8467693538707741,2.49075677646156,1.0008631347236945,-0.652906018281123,-0.24141249691849,-0.005715116881553808,0.005685896675345786,0.0011454314518783153,5.0
0.8477695539107821,2.4904758323460174,1.0008756124632165,-0.6529871619804306,-0.24136595932833646,-0.005684873064733818,0.0056788337023433106,0.0011438761264596184,5.0
0.8487697539507901,2.490195015684221,1.0008880333381667,-0.653067970587741,-0.24131953172620413,-0.005654779401705251,0.005671770321932547,0.0011423408652713038,5.0
0.8497699539907981,2.489914327176691,1.000900397502114,-0.6531484416337118,-0.2412732153161922,-0.005624837178716847,0.005664706606261534,0.0011408258579354322,5.0
0.8507701540308061,2.489633767529298,1.0009127051098947,-0.6532285726311742,-0.24122701131436344,-0.005595047688797442,0.005657642629899126,0.001139331294444627,5.0
0.8517703540708141,2.489353337453157,1.0009249563176155,-0.6533083610753786,-0.2411809209487074,-0.005565412231573037,0.0056505784698654,0.001137857365118217,5.0
0.8527705541108221,2.489073037664519,1.0009371512826704,-0.6533878044442483,-0.24113494545910205,-0.0055359321130799815,0.005643514205661649,0.001136404260557835,5.0
0.8537707541508301,2.4887928688846594,1.000949290163747,-0.6534669001986404,-0.24108908609726987,-0.005506608645574394,0.005636449919299812,0.0011349721716024152,5.0
0.8547709541908382,2.4885128318397634,1.0009613731208447,-0.6535456457826171,-0.24104334412673073,-0.005477443147337953,0.005629385695331341,0.0011335612892826533,5.0
0.8557711542308462,2.488232927260809,1.000973400315276,-0.6536240386237183,-0.2409977208227509,-0.005448436942479995,0.005622321620875494,0.0011321718047749166,5.0
0.8567713542708542,2.487953155883447,1.0009853719096846,-0.6537020761332482,-0.24095221747228832,-0.005419591360736018,0.005615257785647061,0.0011308039093546785,5.0
0.8577715543108622,2.4876735184478784,1.0009972880680524,-0.6537797557065634,-0.24090683537393365,-0.005390907737262669,0.005608194281983428,0.0011294577943493985,5.0
0.8587717543508702,2.4873940156987295,1.0010091489557105,-0.6538570747233755,-0.24086157583784776,-0.005362387412429268,0.005601131204871025,0.0011281336510909625,5.0
0.8597719543908782,2.4871146483849262,1.0010209547393485,-0.6539340305480519,-0.2408164401856943,-0.005334031731605986,0.005594068651971062,0.0011268316708676666,5.0
0.8607721544308862,2.48683541725956,1.0010327055870236,-0.654010620529931,-0.24077142975056975,-0.005305842044948726,0.005587006723644602,0.001125552044875729,5.0
0.8617723544708942,2.4865563230797574,1.001044401668175,-0.6540868420036409,-0.24072654587692854,-0.005277819707180684,0.005579945522976964,0.0011242949641704382,5.0
0.8627725545109022,2.486277366606544,1.0010560431536266,-0.6541626922894282,-0.24068178992050482,-0.005249966077370766,0.0055728851558013315,0.0011230606196168853,5.0
0.8637727545509102,2.4859985486047074,1.0010676302156003,-0.654238168693489,-0.2406371632482291,-0.005222282518708964,0.005565825730721622,0.001121849201840313,5.0
0.8647729545909182,2.485719869842655,1.001079163027724,-0.6543132685083111,-0.24059266723814213,-0.005194770398278692,0.005558767359134585,0.0011206609011761353,5.0
0.8657731546309262,2.4854413310922725,1.001090641765041,-0.6543879890130189,-0.24054830327930452,-0.005167431086826219,0.005551710155251087,0.0011194959076196286,5.0
0.8667733546709342,2.485162933128781,1.0011020666040171,-0.6544623274737311,-0.24050407277170155,-0.005140265958527298,0.0055446542361166085,0.001118354410775308,5.0
0.8677735547109422,2.4848846767305854,1.0011134377225517,-0.6545362811439182,-0.24045997712614492,-0.005113276390751013,0.005537599721630833,0.0011172365998060663,5.0
0.8687737547509502,2.4846065626791276,1.00112475529998,-0.6546098472647685,-0.24041601776417007,-0.00508646376382101,0.005530546734566464,0.0011161426633820076,5.0
0.8697739547909582,2.4843285917587323,1.0011360195170882,-0.6546830230655633,-0.24037219611792943,-0.005059829460774135,0.005523495400587072,0.0011150727896290958,5.0
0.8707741548309662,2.484050764756456,1.001147230556117,-0.6547558057640557,-0.24032851363008226,-0.005033374867116696,0.005516445848264089,0.001114027166077567,5.0
0.8717743548709742,2.4837730824619277,1.0011583886007682,-0.654828192566854,-0.24028497175367905,-0.005007101370578305,0.00550939820909285,0.0011130059796102083,5.0
0.8727745549109822,2.4834955456671937,1.0011694938362143,-0.6549001806698166,-0.24024157195204454,-0.004981010360863508,0.005502352617507763,0.0011120094164104746,5.0
0.8737747549509902,2.483218155166555,1.001180546449103,-0.6549717672584443,-0.2401983156986535,-0.004955103229401187,0.005495309210896413,0.0011110376619104592,5.0
0.8747749549909982,2.482940911756406,1.0011915466275654,-0.6550429495082866,-0.2401552044770055,-0.0049293813690920295,0.005488268129612776,0.0011100909007387783,5.0
0.8757751550310062,2.4826638162350694,1.001202494561221,-0.6551137245853486,-0.24011223978049365,-0.004903846174053984,0.005481229516989373,0.0011091693166684082,5.0
0.8767753550710142,2.4823868694026303,1.001213390441185,-0.6551840896465043,-0.24006942311227114,-0.004878499039365954,0.005474193519348445,0.0011082730925644413,5.0
0.8777755551110222,2.482110072060771,1.0012242344600721,-0.6552540418399165,-0.2400267559851123,-0.004853341360809753,0.005467160286012106,0.0011074024103318759,5.0
0.8787757551510302,2.481833425012599,1.001235026812003,-0.6553235783054593,-0.23998423992127096,-0.004828374534610377,0.005460129969311406,0.001106557450863387,5.0
0.8797759551910382,2.481556929062475,1.0012457676926099,-0.6553926961751475,-0.23994187645233475,-0.0048035999571749725,0.005453102724594382,0.0011057383939871307,5.0
0.8807761552310462,2.481280585015843,1.00125645729904,-0.6554613925735707,-0.23989966711907473,-0.004779019024830282,0.005446078710232964,0.0011049454184146473,5.0
0.8817763552710542,2.4810043936790542,1.0012670958299605,-0.6555296646183301,-0.2398576134712926,-0.004754633133558888,0.005439058087628851,0.0011041787016888443,5.0
0.8827765553110622,2.4807283558591915,1.0012776834855643,-0.6555975094204828,-0.23981571706766328,-0.004730443678734391,0.0054320410212182575,0.0011034384201321194,5.0
0.8837767553510703,2.480452472363894,1.0012882204675693,-0.6556649240849882,-0.23977397947557366,-0.004706452054855494,0.005425027678475525,0.001102724748794615,5.0
0.8847769553910783,2.480176744001175,1.001298706979228,-0.6557319057111579,-0.23973240227095904,-0.0046826596552792905,0.005418018229915614,0.0011020378614026917,5.0
0.8857771554310863,2.4799011715792476,1.0013091432253258,-0.6557984513931121,-0.23969098703813388,-0.004659067871953657,0.005411012849095441,0.0011013779303075818,5.0
0.8867773554710943,2.479625755906338,1.0013195294121864,-0.6558645582202367,-0.23964973536962073,-0.0046356780951491445,0.0054040117126140635,0.0011007451264342944,5.0
0.8877775555111023,2.4793504977905085,1.0013298657476726,-0.6559302232776473,-0.23960864886597427,-0.004612491713190334,0.0053970150001116666,0.001100139619230775,5.0
0.8887777555511103,2.479075398039472,1.0013401524411905,-0.6559954436466525,-0.23956772913560315,-0.004589510112186774,0.005390022894267402,0.0010995615766174,5.0
0.8897779555911183,2.4788004574604097,1.00135038970369,-0.6560602164052244,-0.23952697779458762,-0.004566734675763682,0.005383035580796056,0.0010990111649367897,5.0
0.8907781556311263,2.478525676859784,1.0013605777476668,-0.6561245386284704,-0.23948639646649372,-0.004544166784792485,0.005376053248443462,0.0010984885489039409,5.0
0.8917783556711343,2.478251057043156,1.0013707167871624,-0.6561884073891064,-0.239445986782184,-0.004521807817121407,0.005369076088980726,0.0010979938915567805,5.0
0.8927785557111423,2.4779765988149975,1.001380807037767,-0.6562518197579353,-0.23940575037962641,-0.0044996591473061955,0.005362104297197273,0.0010975273542071034,5.0
0.8937787557511503,2.4777023029785035,1.0013908487166188,-0.6563147728043253,-0.2393656889036975,-0.004477722146341066,0.005355138070892611,0.0010970890963920015,5.0
0.8947789557911583,2.4774281703354077,1.0014008420424032,-0.6563772635966925,-0.23932580400598477,-0.004455998181390038,0.0053481776108669325,0.0010966792758256854,5.0
0.8957791558311663,2.477154201685792,1.001410787235354,-0.656439289202983,-0.2392860973445841,-0.004434488615518844,0.005341223120910416,0.0010962980483518758,5.0
0.8967793558711743,2.4768803978278977,1.0014206845172535,-0.656500846691162,-0.23924657058389603,-0.00441319480742741,0.005334274807791362,0.0010959455678966673,5.0
0.8977795559111823,2.476606759557941,1.0014305341114302,-0.6565619331296974,-0.23920722539441663,-0.004392118111183139,0.005327332881243038,0.0010956219864219933,5.0
0.8987797559511903,2.4763332876699202,1.0014403362427566,-0.6566225455880501,-0.23916806345252847,-0.004371259875955167,0.005320397553949305,0.0010953274538796204,5.0
0.8997799559911983,2.4760599829554284,1.001450091137649,-0.6566826811371633,-0.23912908644028558,-0.004350621445749513,0.00531346904152896,0.0010950621181657827,5.0
0.9007801560312063,2.475786846203464,1.0014597990240655,-0.656742336849952,-0.23909029604519766,-0.0043302041591455915,0.005306547562518865,0.0010948261250764003,5.0
0.9017803560712143,2.4755138782002426,1.0014694601315053,-0.6568015098017969,-0.23905169396001194,-0.004310009349033846,0.005299633338355835,0.0010946196182630417,5.0
0.9027805561112223,2.4752410797290088,1.0014790746910007,-0.6568601970710349,-0.23901328188249027,-0.004290038342354861,0.005292726593357284,0.0010944427391894923,5.0
0.9037807561512303,2.4749684515698447,1.0014886429351206,-0.656918395739452,-0.23897506151518583,-0.004270292459840052,0.005285827554700562,0.001094295627089055,5.0
0.9047809561912383,2.474695994499484,1.001498165097962,-0.6569761028927746,-0.23893703456521645,-0.004250773015753962,0.005278936452401143,0.0010941784189226267,5.0
0.9057811562312463,2.474423709291125,1.0015076414151478,-0.6570333156211634,-0.23889920274403467,-0.00423148131763843,0.005272053519289483,0.0010940912493374443,5.0
0.9067813562712543,2.4741515967142393,1.001517072123825,-0.6570900310197062,-0.23886156776719816,-0.004212418666058621,0.005265178990986714,0.0010940342506267136,5.0
0.9077815563112623,2.4738796575343884,1.0015264574626561,-0.6571462461889058,-0.23882413135413416,-0.004193586354351125,0.005258313105879054,0.0010940075526899697,5.0
0.9087817563512703,2.473607892513035,1.0015357976718167,-0.6572019582351761,-0.2387868952279051,-0.004174985668374218,0.00525145610509102,0.0010940112829943389,5.0
0.9097819563912783,2.473336302407358,1.0015450929929899,-0.6572571642713281,-0.23874986111497049,-0.0041566178862604206,0.005244608232457417,0.0010940455665365602,5.0
0.9107821564312863,2.4730648879700676,1.0015543436693608,-0.6573118614170621,-0.23871303074494687,-0.004138484278171412,0.005237769734494094,0.0010941105258059722,5.0
0.9117823564712944,2.4727936499492205,1.00156354994561,-0.6573660467994514,-0.23867640585036629,-0.0041205861060555245,0.005230940860367514,0.001094206280748329,5.0
0.9127825565113024,2.472522589088039,1.0015727120679063,-0.6574197175534328,-0.23863998816643328,-0.004102924623407806,0.005224121861863136,0.0010943329487305995,5.0
0.9137827565513104,2.4722517061247244,1.0015818302839037,-0.6574728708222876,-0.23860377943077904,-0.004085501075032898,0.005217312993352568,0.001094490644506607,5.0
0.9147829565913184,2.4719810017922814,1.0015909048427296,-0.6575255037581257,-0.23856778138321447,-0.004068316696810736,0.005210514511759604,0.0010946794801837507,5.0
0.9157831566313264,2.471710476818333,1.0015999359949803,-0.6575776135223657,-0.23853199576548315,-0.004051372715465194,0.005203726676525045,0.0010948995651906066,5.0
0.9167833566713344,2.471440131924944,1.0016089239927124,-0.6576291972862122,-0.23849642432100976,-0.0040346703483358495,0.005196949749570377,0.001095151006245541,5.0
0.9177835567113424,2.4711699678284447,1.001617869089435,-0.6576802522311315,-0.23846106879464996,-0.004018210803152926,0.00519018399526032,0.0010954339073263528,5.0
0.9187837567513504,2.4708999852392513,1.0016267715401028,-0.6577307755493238,-0.23842593093243797,-0.0040019952778155106,0.005183429680364242,0.0010957483696409306,5.0
0.9197839567913584,2.4706301848616956,1.0016356316011015,-0.6577807644441948,-0.23839101248133254,-0.003986024960173105,0.005176687074016487,0.0010960944915990088,5.0
0.9207841568313664,2.4703605673938482,1.0016444495302446,-0.6578302161308194,-0.238356315188963,-0.0039703010278107085,0.005169956447675563,0.0010964723687848803,5.0
0.9217843568713744,2.47009113352735,1.0016532255867636,-0.6578791278364077,-0.2383218408033725,-0.003954824647837482,0.0051632380750822795,0.0010968820939312842,5.0
0.9227845569113824,2.4698218839472417,1.0016619600312935,-0.6579274968007627,-0.2382875910727628,-0.003939596976679089,0.005156532232216787,0.0010973237568943188,5.0
0.9237847569513904,2.4695528193317915,1.0016706531258666,-0.6579753202767369,-0.2382535677452359,-0.003924619159873767,0.005149839197254623,0.0010977974446294927,5.0
0.9247849569913984,2.469283940352337,1.0016793051339006,-0.6580225955306855,-0.23821977256853727,-0.0039098923318722145,0.005143159250521671,0.0010983032411688814,5.0
0.9257851570314064,2.4690152476731115,1.0016879163201884,-0.6580693198429127,-0.23818620728979542,-0.003895417615841534,0.005136492674448136,0.001098841227599363,5.0
0.9267853570714144,2.4687467419510907,1.0016964869508853,-0.6581154905081167,-0.23815287365526464,-0.003881196123473069,0.005129839753521521,0.0010994114820420784,5.0
0.9277855571114224,2.4684784238358253,1.0017050172934987,-0.6581611048358297,-0.23811977341006485,-0.0038672289547944053,0.0051232007742386745,0.0011000140796329958,5.0
0.9287857571514304,2.4682102939692854,1.0017135076168768,-0.658206160150851,-0.2380869082979214,-0.0038535171979854656,0.005116576025056816,0.0011006490925046122,5.0
0.9297859571914384,2.467942352985704,1.0017219581911938,-0.6582506537936785,-0.23805428006090595,-0.0038400619291989535,0.005109965796343688,0.0011013165897688442,5.0
0.9307861572314464,2.467674601511424,1.0017303692879413,-0.6582945831209339,-0.2380218904391759,-0.0038268642123850294,0.005103370380326782,0.0011020166375010942,5.0
0.9317863572714544,2.4674070401647437,1.0017387411799104,-0.6583379455057821,-0.237989741170714,-0.0038139250991203973,0.005096790071041663,0.0011027492987254737,5.0
0.9327865573114624,2.467139669555771,1.0017470741411827,-0.6583807383383468,-0.2379578339910689,-0.0038012456284418753,0.005090225164279482,0.0011035146334012634,5.0
0.9337867573514704,2.4668724902862724,1.0017553684471159,-0.658422959026119,-0.23792617063309512,-0.0037888268266843997,0.005083675957533596,0.0011043126984104752,5.0
0.9347869573914784,2.466605502949532,1.0017636243743282,-0.658464604994363,-0.23789475282669378,-0.003776669707323638,0.005077142749945433,0.0011051435475467114,5.0
0.9357871574314864,2.466338708130206,1.0017718422006856,-0.6585056736865111,-0.23786358229855278,-0.003764775270823216,0.005070625842249485,0.001106007231505144,5.0
0.9367873574714944,2.4660721064041833,1.001780022205288,-0.6585461625645616,-0.23783266077188908,-0.0037531445044865965,0.005064125536717666,0.0011069037978737237,5.0
0.9377875575115024,2.465805698338452,1.001788164668454,-0.6585860691094594,-0.2378019899661897,-0.0037417783823136693,0.0050576421371028015,0.0011078332911256031,5.0
0.9387877575515104,2.4655394844909604,1.001796269871704,-0.6586253908214807,-0.23777157159695464,-0.003730677864862143,0.005051175948581498,0.0011087957526127552,5.0
0.9397879575915185,2.4652734654104873,1.0018043380977486,-0.6586641252206052,-0.23774140737544047,-0.00371984389911372,0.005044727277696292,0.001109791220560774,5.0
0.9407881576315265,2.465007641636513,1.001812369630469,-0.6587022698468856,-0.23771149900840396,-0.0037092774183451055,0.005038296432297136,0.0011108197300649192,5.0
0.9417883576715345,2.464742013699091,1.0018203647549055,-0.6587398222608071,-0.23768184819784766,-0.0036989793420038925,0.005031883721482298,0.0011118813130873188,5.0
0.9427885577115425,2.4644765821187264,1.0018283237572372,-0.6587767800436435,-0.2376524566407653,-0.003688950575589333,0.005025489455538614,0.0011129759984554004,5.0
0.9437887577515505,2.4642113474062532,1.00183624692477,-0.6588131407978058,-0.23762332602889058,-0.0036791920105380934,0.0050191139458812106,0.0011141038118615105,5.0
0.9447889577915585,2.463946310062718,1.0018441345459126,-0.6588489021471826,-0.2375944580484436,-0.003669704524114883,0.005012757504992647,0.0011152647758637202,5.0
0.9457891578315665,2.463681470579264,1.0018519869101703,-0.6588840617374757,-0.23756585437988254,-0.0036604889793081206,0.00500642044636156,0.0011164589098878314,5.0
0.9467893578715745,2.4634168294370165,1.0018598043081204,-0.6589186172365279,-0.2375375166976535,-0.003651546224730657,0.005000103084420822,0.0011176862302305277,5.0
0.9477895579115825,2.4631523871069794,1.001867587031394,-0.658952566334642,-0.23750944666994395,-0.0036428770945253707,0.004993805734485239,0.0011189467500637416,5.0
0.9487897579515905,2.4628881440499226,1.0018753353726642,-0.6589859067448958,-0.23748164595843685,-0.0036344824082758264,0.004987528712688857,0.0011202404794401922,5.0
0.9497899579915985,2.4626241007162823,1.0018830496256232,-0.6590186362034463,-0.23745411621806586,-0.0036263629709220187,0.004981272335921812,0.0011215674253000109,5.0
0.9507901580316065,2.4623602575460595,1.0018907300849675,-0.6590507524698322,-0.23742685909677447,-0.0036185195726810755,0.00497503692176686,0.0011229275914786366,5.0
0.9517903580716145,2.4620966149687233,1.001898377046377,-0.6590822533272623,-0.23739987623527345,-0.0036109529889730625,0.004968822788435556,0.0011243209787157214,5.0
0.9527905581116225,2.461833173403117,1.001905990806498,-0.6591131365828999,-0.2373731692668037,-0.0036036639803517846,0.004962630254704098,0.0011257475846652768,5.0
0.9537907581516305,2.461569933257365,1.0019135716629262,-0.6591434000681403,-0.23734673981689947,-0.003596653292440586,0.0049564596398489705,0.0011272074039068661,5.0
0.9547909581916385,2.4613068949287875,1.001921119914183,-0.6591730416388799,-0.23732058950315257,-0.0035899216558731616,0.004950311263582264,0.0011287004279579402,5.0
0.9557911582316465,2.4610440588038127,1.001928635859703,-0.6592020591757763,-0.2372947199349814,-0.003583469786239417,0.004944185445986821,0.0011302266452872457,5.0
0.9567913582716545,2.4607814252578986,1.0019361197998067,-0.6592304505845035,-0.2372691327133996,-0.003577298384036278,0.004938082507451181,0.0011317860413293526,5.0
0.9577915583116625,2.4605189946554504,1.001943572035689,-0.6592582137959964,-0.23724382943078842,-0.0035714081346235097,0.004932002768604391,0.0011333785985001975,5.0
0.9587917583516705,2.460256767349749,1.0019509928693962,-0.6592853467666915,-0.23721881167067127,-0.003565799708184412,0.00492594655025066,0.0011350042962137478,5.0
0.9597919583916785,2.4599947436828757,1.0019583826038043,-0.6593118474787554,-0.23719408100749026,-0.003560473759691545,0.004919914173303952,0.0011366631108996428,5.0
0.9607921584316865,2.459732923985644,1.0019657415426027,-0.6593377139403074,-0.23716963900638535,-0.003555430928877226,0.004913905958722491,0.0011383550160218893,5.0
0.9617923584716945,2.459471308577534,1.001973069990273,-0.6593629441856357,-0.2371454872229765,-0.003550671840208982,0.004907922227443252,0.0011400799820985557,5.0
0.9627925585117025,2.45920989776663,1.001980368252066,-0.6593875362754045,-0.23712162720314825,-0.0035461971028698455,0.004901963300316431,0.0011418379767224693,5.0
0.9637927585517105,2.458948691849559,1.0019876366339864,-0.659411488296851,-0.2370980604828363,-0.0035420073107433805,0.004896029498039953,0.0011436289645828895,5.0
0.9647929585917185,2.458687691111435,1.0019948754427674,-0.6594347983639792,-0.237074788587818,-0.003538103042403495,0.00489012114109403,0.001145452907488085,5.0
0.9657931586317265,2.458426895825807,1.0020020849858549,-0.6594574646177442,-0.2370518130335049,-0.003534484861108966,0.004884238549675826,0.0011473097643889462,5.0
0.9667933586717345,2.4581663062546073,1.0020092655713837,-0.6594794852262239,-0.23702913532473857,-0.003531153314802701,0.004878382043634171,0.001149199491403407,5.0
0.9677935587117426,2.457905922648106,1.0020164175081554,-0.6595008583847901,-0.23700675695558826,-0.003528108936115568,0.0048725519424044905,0.0011511220418418608,5.0
0.9687937587517506,2.4576457452448652,1.002023541105622,-0.6595215823162669,-0.23698467940915355,-0.003525352242374831,0.004866748564943872,0.001153077366233386,5.0
0.9697939587917586,2.4573857742716987,1.0020306366738618,-0.6595416552710832,-0.2369629041573683,-0.003522883735617121,0.004860972229666312,0.0011550654123528615,5.0
0.9707941588317666,2.4571260099436354,1.0020377045235591,-0.6595610755274177,-0.23694143266080847,-0.003520703902605829,0.004855223254378257,0.0011570861252489394,5.0
0.9717943588717746,2.456866452463884,1.0020447449659828,-0.6595798413913341,-0.23692026636850302,-0.003518813214853036,0.004849501956214299,0.0011591394472727878,5.0
0.9727945589117826,2.4566071020238014,1.0020517583129664,-0.6595979511969101,-0.23689940671774748,-0.0035172121286457317,0.004843808651573255,0.0011612253181076666,5.0
0.9737947589517906,2.456347958802866,1.0020587448768845,-0.6596154033063585,-0.2368788551339214,-0.0035159010850763605,0.004838143656054477,0.0011633436747992998,5.0
0.9747949589917986,2.4560890229686496,1.0020657049706345,-0.6596321961101403,-0.23685861303030928,-0.0035148805100776287,0.004832507284394548,0.0011654944517869295,5.0
0.9757951590318066,2.455830294676797,1.002072638907612,-0.6596483280270695,-0.23683868180792325,-0.0035141508144614746,0.0048268998504042825,0.001167677580935168,5.0
0.9767953590718146,2.455571774071006,1.002079547001692,-0.659663797504413,-0.23681906285533155,-0.003513712393962233,0.004821321666906179,0.0011698929915665178,5.0
0.9777955591118226,2.4553134612830116,1.0020864295672085,-0.6596786030179771,-0.23679975754848798,-0.003513565629283737,0.004815773045672208,0.001172140610494598,5.0
0.9787957591518306,2.4550553564325734,1.0020932869189276,-0.6596927430721935,-0.23678076725056676,-0.003513710886150504,0.004810254297362129,0.0011744203620580361,5.0
0.9797959591918386,2.4547974596274624,1.0021001193720316,-0.6597062162001934,-0.23676209331179932,-0.0035141485153628088,0.004804765731462147,0.0011767321681549943,5.0
0.9807961592318466,2.4545397709634567,1.0021069272420946,-0.6597190209638744,-0.23674373706931517,-0.00351487885285561,0.004799307656224182,0.0011790759482782846,5.0
0.9817963592718546,2.4542822905243358,1.0021137108450637,-0.6597311559539613,-0.23672569984698746,-0.0035159022197612743,0.004793880378605531,0.0011814516195511422,5.0
0.9827965593118626,2.4540250183818784,1.002120470497233,-0.6597426197900583,-0.23670798295527926,-0.0035172189224760074,0.004788484204209113,0.001183859096763518,5.0
0.9837967593518702,2.4537679545958637,1.0021272065152278,-0.659753411120696,-0.2366905876910969,-0.0035188292527298646,0.004783119437224275,0.0011862982924089249,5.0
0.9847969593918782,2.4535110992140754,1.0021339192159795,-0.6597635286233695,-0.2366735153376444,-0.00352073348766035,0.0047777863803681285,0.0011887691167218135,5.0
0.9857971594318862,2.4532544522723088,1.0021406089167033,-0.659772971004568,-0.23665676716428205,-0.003522931889889528,0.00477248533482748,0.0011912714777154484,5.0
0.9867973594718942,2.4529980137943808,1.0021472759348806,-0.6597817369998,-0.2366403444263893,-0.0035254247076045267,0.0047672166002013985,0.0011938052812202511,5.0
0.9877975595119022,2.4527417837921406,1.002153920588233,-0.6597898253736109,-0.23662424836523044,-0.0035282121746413623,0.0047619804744443855,0.0011963704309226248,5.0
0.9887977595519102,2.4524857622654848,1.0021605431947072,-0.6597972349195926,-0.23660848020782563,-0.003531294510571988,0.004756777253810238,0.001198966828404144,5.0
0.9897979595919182,2.4522299492023754,1.0021671440724453,-0.6598039644603853,-0.23659304116682292,-0.0035346719207945596,0.004751607232796498,0.0012015943731812108,5.0
0.9907981596319262,2.451974344578861,1.002173723539773,-0.6598100128476772,-0.23657793244037664,-0.003538344596626764,0.004746470704089683,0.0012042529627450788,5.0
0.9917983596719342,2.451718948359096,1.0021802819151695,-0.6598153789621911,-0.2365631552120277,-0.0035423127154021582,0.004741367958511137,0.0012069424926022172,5.0
0.9927985597119422,2.45146376049537,1.0021868195172536,-0.6598200617136696,-0.23654871065058872,-0.003546576440569485,0.004736299284963633,0.0012096628563149994,5.0
0.9937987597519502,2.4512087809281313,1.0021933366647564,-0.6598240600408503,-0.23653459991003267,-0.003551135921794763,0.004731264970378714,0.0012124139455427366,5.0
0.9947989597919582,2.45095400958602,1.0021998336765074,-0.6598273729114361,-0.23652082412938433,-0.003555991295066201,0.004726265299664774,0.0012151956500829693,5.0
0.9957991598319662,2.4506994463858995,1.0022063108714057,-0.6598299993220607,-0.23650738443261696,-0.0035611426828018426,0.0047213005556558715,0.0012180078579130435,5.0
0.9967993598719742,2.450445091232891,1.0022127685684068,-0.6598319382982428,-0.23649428192855237,-0.003566590193959732,0.004716371019061379,0.00122085045523191,5.0
0.9977995599119822,2.4501909440204113,1.0022192070864957,-0.6598331888943397,-0.2364815177107629,-0.0035723339241506427,0.004711476968416341,0.0012237233265021347,5.0
0.9987997599519902,2.449937004630212,1.002225626744669,-0.6598337501934911,-0.23646909285748013,-0.0035783739557533195,0.004706618680032701,0.0012266263544921474,5.0
0.9997999599919982,2.4496832729324214,1.0022320278619148,-0.6598336213075594,-0.23645700843150547,-0.0035847103580320377,0.004701796427951305,0.0012295594203186263,5.0
1.0008001600320062,2.449429748785589,1.0022384107571922,-0.6598328013770615,-0.2364452654801251,-0.003591343187256415,0.004697010483894748,0.0012325224034890501,5.0
1.0018003600720142,2.4491764320367304,1.0022447757494086,-0.6598312895710967,-0.2364338650350278,-0.003598272486823498,0.004692261117221027,0.0012355151819443762,5.0
1.0028005601120222,2.4489233225213756,1.0022511231574016,-0.659829085087268,-0.23642280811222827,-0.0036054982873819684,0.004687548594878034,0.001238537632101822,5.0
1.0038007601520302,2.4486704200636207,1.0022574532999193,-0.6598261871515979,-0.23641209571199207,-0.003613020606958418,0.004682873181358924,0.001241589628897731,5.0
1.0048009601920382,2.4484177244761796,1.0022637664955991,-0.6598225950184388,-0.2364017288187662,-0.0036208394510855537,0.00467823513865834,0.001244671045830541,5.0
1.0058011602320462,2.4481652355604377,1.0022700630629482,-0.6598183079703787,-0.2363917084011121,-0.003628954812932351,0.004673634726229466,0.0012477817550037567,5.0
1.0068013602720542,2.4479129531065107,1.0022763433203234,-0.659813325318138,-0.23638203541164307,-0.0036373666734359944,0.0046690722009420016,0.001250921627168968,5.0
1.0078015603120623,2.447660876893299,1.0022826075859126,-0.6598076464004656,-0.23637271078696487,-0.00364607500143562,0.004664547817040975,0.0012540905317688727,5.0
1.0088017603520703,2.4474090066885514,1.0022888561777141,-0.6598012705840287,-0.23636373544762046,-0.003655079753807671,0.004660061826106481,0.0012572883369803042,5.0
1.0098019603920783,2.447157342248926,1.0022950894135183,-0.6597941972632949,-0.23635511029803827,-0.0036643808756028863,0.0046556144770142594,0.0012605149097571905,5.0
1.0108021604320863,2.446905883320053,1.002301307610887,-0.6597864258604107,-0.2363468362264834,-0.0036739783001848124,0.0046512060158972095,0.0012637701158735024,5.0
1.0118023604720943,2.4466546296366016,1.002307511087137,-0.6597779558250776,-0.23633891410501437,-0.003683871949369776,0.004646836686107765,0.0012670538199660943,5.0
1.0128025605121023,2.4464035809223477,1.0023137001593174,-0.6597687866344196,-0.23633134478944087,-0.003694061733568245,0.004642506728181191,0.001270365885577498,5.0
1.0138027605521103,2.446152736890241,1.0023198751441942,-0.6597589177928477,-0.23632412911928716,-0.003704547551927466,0.0046382163797997955,0.0012737061751985953,5.0
1.0148029605921183,2.445902097242477,1.0023260363582307,-0.6597483488319201,-0.23631726791775812,-0.0037153292924754053,0.0046339658757580055,0.0012770745503111695,5.0
1.0158031606321263,2.4456516616705692,1.0023321841175679,-0.6597370793101979,-0.23631076199170914,-0.003726406832265852,0.004629755447928376,0.001280470871430326,5.0
1.0168033606721343,2.4454014298554236,1.002338318738008,-0.6597251088130958,-0.23630461213161935,-0.0037377800375245763,0.004625585325228513,0.0012838949981467504,5.0
1.0178035607121423,2.4451514014674123,1.0023444405349944,-0.6597124369527265,-0.23629881911156847,-0.0037494487637966503,0.004621455733588863,0.0012873467891688143,5.0
1.0188037607521503,2.444901576166451,1.002350549823595,-0.6596990633677462,-0.23629338368921707,-0.003761412856094636,0.004617366895921437,0.001290826102364472,5.0
1.0198039607921583,2.4446519536020794,1.0023566469184853,-0.659684987723191,-0.23628830660579028,-0.00377367214904779,0.004613319032089442,0.0012943327948029967,5.0
1.0208041608321663,2.4444025334135375,1.0023627321339272,-0.6596702097103102,-0.23628358858606474,-0.00378622646705209,0.00460931235887779,0.0012978667227964856,5.0
1.0218043608721743,2.4441533152298485,1.002368805783757,-0.6596547290463972,-0.23627923033836004,-0.003799075624421042,0.004605347089964531,0.0013014277419411083,5.0
1.0228045609121823,2.4439042986699007,1.0023748681813622,-0.6596385454746165,-0.23627523255453112,-0.0038122194255372495,0.004601423435893176,0.0013050157071581925,5.0
1.0238047609521903,2.4436554833425324,1.0023809196396694,-0.6596216587638246,-0.23627159590996688,-0.0038256576650046686,0.004597541604045925,0.0013086304727349678,5.0
1.0248049609921983,2.443406868846615,1.002386960471124,-0.659604068708389,-0.23626832106359033,-0.0038393901278015274,0.004593701798617743,0.0013122718923651324,5.0
1.0258051610322063,2.4431584547711416,1.0023929909876754,-0.6595857751280029,-0.23626540865786194,-0.0038534165894337914,0.004589904220591383,0.001315939819189079,5.0
1.0268053610722143,2.442910240695311,1.00239901150076,-0.6595667778674968,-0.23626285931878732,-0.003867736816089138,0.004586149067713242,0.0013196341058338565,5.0
1.0278055611122223,2.44266222618862,1.002405022321283,-0.6595470767966479,-0.23626067365592734,-0.003882350564791421,0.004582436534470157,0.0013233546044528531,5.0
1.0288057611522303,2.4424144108109505,1.0024110237596067,-0.6595266718099818,-0.23625885226241128,-0.0038972575835555983,0.004578766812066958,0.0013271011667651215,5.0
1.0298059611922383,2.4421667941126617,1.0024170161255288,-0.6595055628265748,-0.23625739571495355,-0.003912457611542981,0.004575140088405018,0.0013308736440944483,5.0
1.0308061612322463,2.4419193756346806,1.0024229997282716,-0.659483749789854,-0.23625630457387445,-0.00392795037921685,0.0045715565480615936,0.001334671887408059,5.0
1.0318063612722543,2.441672154908597,1.0024289748764623,-0.6594612326673888,-0.23625557938312108,-0.0039437356084983215,0.004568016372270018,0.0013384957473549636,5.0
1.0328065613122623,2.4414251314567554,1.0024349418781222,-0.6594380114506847,-0.23625522067029472,-0.003959813012922534,0.004564519738900759,0.0013423450743040332,5.0
1.0338067613522703,2.4411783047923508,1.0024409010406465,-0.6594140861549712,-0.23625522894667922,-0.00397618229779493,0.004561066822443334,0.0013462197183816541,5.0
1.0348069613922783,2.4409316744195237,1.0024468526707924,-0.6593894568189888,-0.2362556047072731,-0.003992843160347715,0.004557657793989029,0.0013501195295090526,5.0
1.0358071614322863,2.4406852398334586,1.0024527970746637,-0.6593641235047698,-0.2362563484308233,-0.004009795289896558,0.004554292821214426,0.0013540443574392386,5.0
1.0368073614722944,2.4404390005204792,1.0024587345576963,-0.659338086297421,-0.23625746057986458,-0.004027038367997226,0.004550972068365797,0.001357994051793572,5.0
1.0378075615123024,2.4401929559581497,1.0024646654246427,-0.6593113453048985,-0.23625894160075875,-0.004044572068602352,0.004547695696244276,0.0013619684620979789,5.0
1.0388077615523104,2.4399471056153703,1.0024705899795583,-0.6592839006577852,-0.2362607919237387,-0.004062396058218154,0.004544463862191838,0.00136596743781877,5.0
1.0398079615923184,2.4397014489524818,1.0024765085257892,-0.6592557525090601,-0.2362630119629544,-0.004080509996061175,0.004541276720078054,0.0013699908283980357,5.0
1.0408081616323264,2.4394559854213616,1.0024824213659551,-0.6592269010338718,-0.2362656021165218,-0.004098913534215008,0.004538134420287655,0.0013740384832886738,5.0
1.0418083616723344,2.43921071446553,1.0024883288019382,-0.6591973464293011,-0.2362685627665752,-0.00411760631778684,0.004535037109708841,0.001378110251989009,5.0
1.0428085617123424,2.4389656355202485,1.0024942311348684,-0.6591670889141299,-0.23627189427932035,-0.00413658798506395,0.004531984931722403,0.00138220598407704,5.0
1.0438087617523504,2.438720748012626,1.0025001286651105,-0.6591361287286006,-0.23627559700509268,-0.0041558581676700386,0.004528978026191518,0.0013863255292442215,5.0
1.0448089617923584,2.4384760513617207,1.0025060216922523,-0.6591044661341794,-0.2362796712784169,-0.004175416490721412,0.0045260165294523595,0.0013904687373288698,5.0
1.0458091618323664,2.438231544978644,1.0025119105150888,-0.6590721014133109,-0.23628411741806787,-0.004195262572982955,0.004523100574305434,0.0013946354583491505,5.0
1.0468093618723744,2.437987228266666,1.002517795431614,-0.6590390348691779,-0.23628893572713772,-0.004215396027023884,0.004520230290007598,0.0013988255425356466,5.0
1.0478095619123824,2.437743100621324,1.0025236767390044,-0.6590052668254521,-0.23629412649310094,-0.004235816459373276,0.004517405802264825,0.0014030388403635104,5.0
1.0488097619523904,2.4374991614305235,1.0025295547336077,-0.6589707976260458,-0.2362996899878854,-0.0042565234706753476,0.004514627233225667,0.0014072752025841866,5.0
1.0498099619923984,2.437255410074647,1.0025354297109328,-0.6589356276348645,-0.23630562646794398,-0.0042775166558444355,0.004511894701475425,0.0014115344802566954,5.0
1.0508101620324064,2.4370118459266625,1.0025413019656373,-0.6588997572355514,-0.2363119361743298,-0.004298795604219626,0.0045092083220309625,0.0014158165247785586,5.0
1.0518103620724144,2.43676846835223,1.002547171791513,-0.6588631868312357,-0.23631861933277257,-0.0043203598997191275,0.004506568206336262,0.0014201211879162241,5.0
1.0528105621124224,2.4365252767098093,1.0025530394814792,-0.6588259168442754,-0.23632567615375796,-0.004342209120994308,0.004503974462258571,0.001424448321835117,5.0
1.0538107621524304,2.4362822703507705,1.0025589053275668,-0.6587879477160008,-0.23633310683260933,-0.004364342841583342,0.00450142719408523,0.0014287977791292348,5.0
1.0548109621924384,2.4360394486195007,1.0025647696209108,-0.6587492799064537,-0.23634091154957151,-0.004386760630064505,0.004498926502521171,0.001433169412850351,5.0
1.0558111622324464,2.435796810853515,1.0025706326517387,-0.6587099138941273,-0.23634909046989686,-0.0044094620502091045,0.0044964724846869785,0.001437563076536746,5.0
1.0568113622724544,2.435554356383567,1.0025764947093583,-0.6586698501757026,-0.23635764374393292,-0.004432446661134003,0.004494065234117649,0.0014419786242415517,5.0
1.0578115623124624,2.435312084533757,1.0025823560821485,-0.6586290892657855,-0.23636657150721388,-0.004455714017453672,0.004491704840761922,0.0014464159105606858,5.0
1.0588117623524704,2.4350699946216445,1.0025882170575504,-0.6585876316966391,-0.23637587388055187,-0.004479263669431906,0.004489391390982185,0.0014508747906603083,5.0
1.0598119623924784,2.434828085958361,1.0025940779220541,-0.6585454780179172,-0.23638555097013203,-0.004503095163133116,0.004487124967555026,0.0014553551203039185,5.0
1.0608121624324864,2.434586357848716,1.0025999389611924,-0.6585026287963966,-0.23639560286760927,-0.00452720804057308,0.004484905649672334,0.0014598567558789888,5.0
1.0618123624724944,2.4343448095913147,1.002605800459527,-0.6584590846157045,-0.23640602965020585,-0.0045516018398693075,0.004482733512942952,0.0014643795544232075,5.0
1.0628125625125024,2.434103440478666,1.0026116627006454,-0.6584148460760477,-0.236416831380813,-0.0045762760953910004,0.0044806086293949065,0.001468923373650289,5.0
1.0638127625525104,2.4338622497972966,1.002617525967146,-0.6583699137939413,-0.23642800810809264,-0.004601230337908445,0.004478531067478198,0.0014734880719753749,5.0
1.0648129625925185,2.4336212368278645,1.00262339054063,-0.6583242884019311,-0.23643955986658155,-0.00462646409474194,0.004476500892068121,0.0014780735085400448,5.0
1.0658131626325265,2.4333804008452686,1.0026292567016948,-0.6582779705483212,-0.23645148667679813,-0.004651976889910315,0.004474518164469099,0.0014826795432368964,5.0
1.0668133626725345,2.4331397411187656,1.0026351247299237,-0.6582309608968946,-0.2364637885453501,-0.004677768244278876,0.004472582942419066,0.0014873060367337314,5.0
1.0678135627125425,2.4328992569120804,1.002640994903878,-0.6581832601266375,-0.23647646546504394,-0.00470383767570689,0.004470695280094312,0.0014919528504973168,5.0
1.0688137627525505,2.432658947483522,1.0026468675010887,-0.6581348689314594,-0.2364895174149968,-0.004730184699194622,0.004468855228114881,0.001496619846816775,5.0
1.0698139627925585,2.4324188120860946,1.0026527427980487,-0.6580857880199102,-0.23650294436074934,-0.004756808827029779,0.004467062833550402,0.0015013068888265475,5.0
1.0708141628325665,2.432178849967615,1.0026586210702044,-0.6580360181149031,-0.23651674625438132,-0.004783709568933496,0.004465318139926474,0.0015060138405290032,5.0
1.0718143628725745,2.431939060370823,1.0026645025919483,-0.6579855599534288,-0.236530923034627,-0.004810886432205714,0.004463621187231446,0.001510740566816623,5.0
1.0728145629125825,2.431699442533497,1.002670387636612,-0.6579344142862749,-0.23654547462699466,-0.004838338921870199,0.004461972011923706,0.001515486933493808,5.0
1.0738147629525905,2.43145999568857,1.002676276476458,-0.6578825818777391,-0.23656040094388514,-0.004866066540818944,0.004460370646939397,0.0015202528072983128,5.0
1.0748149629925985,2.4312207190642416,1.0026821693826733,-0.6578300635053447,-0.23657570188471377,-0.004894068789955983,0.004458817121700604,0.0015250380559222584,5.0
1.0758151630326065,2.4309816118840937,1.0026880666253624,-0.6577768599595559,-0.23659137733603305,-0.004922345168340819,0.0044573114621239565,0.00152984254803284,5.0
1.0768153630726145,2.430742673367205,1.0026939684735396,-0.6577229720434873,-0.23660742717165684,-0.0049508951733311605,0.00445585369062965,0.001534666153292575,5.0
1.0778155631126225,2.430503902728266,1.0026998751951242,-0.6576684005726192,-0.23662385125278612,-0.0049797183007252764,0.0044544438261509105,0.0015395087423792607,5.0
1.0788157631526305,2.430265299177693,1.002705787056934,-0.6576131463745073,-0.2366406494281362,-0.0050088140449037,0.004453081884143856,0.0015443701870054983,5.0
1.0798159631926385,2.430026861921744,1.0027117043246765,-0.6575572102884933,-0.236657821534065,-0.005038181898970395,0.004451767876597753,0.001549250359937918,5.0
1.0808161632326465,2.4297885901626315,1.0027176272629466,-0.657500593165416,-0.23667536739470355,-0.005067821354893446,0.004450501812045707,0.0015541491350159822,5.0
1.0818163632726545,2.42955048309864,1.0027235561352172,-0.6574432958673175,-0.23669328682208612,-0.00509773190364514,0.0044492836955756605,0.0015590663871704901,5.0
1.0828165633126625,2.429312539924239,1.0027294912038383,-0.6573853192671545,-0.2367115796162841,-0.005127913035341481,0.004448113528841854,0.001564001992441662,5.0
1.0838167633526705,2.4290747598301987,1.002735432730025,-0.6573266642485045,-0.23673024556553837,-0.005158364239381186,0.004446991310076609,0.0015689558279969565,5.0
1.0848169633926785,2.4288371420037045,1.0027413809738583,-0.6572673317052729,-0.23674928444639484,-0.005189085004584144,0.004445917034102476,0.0015739277721484712,5.0
1.0858171634326865,2.4285996856284706,1.0027473361942785,-0.6572073225414012,-0.23676869602384146,-0.005220074819329256,0.00444489069234477,0.0015789177043700356,5.0
1.0868173634726945,2.4283623898848568,1.0027532986490768,-0.6571466376705702,-0.23678848005144354,-0.005251333171691739,0.004443912272844396,0.0015839255053139534,5.0
1.0878175635127025,2.428125253949983,1.0027592685948952,-0.6570852780159087,-0.2368086362714843,-0.005282859549579879,0.004442981760271097,0.0015889510568274409,5.0
1.0888177635527105,2.427888276997841,1.0027652462872196,-0.6570232445096952,-0.23682916441510335,-0.005314653440871131,0.00444209913593701,0.001593994241968705,5.0
1.0898179635927185,2.427651458199412,1.0027712319803763,-0.6569605380930663,-0.23685006420243704,-0.005346714333547747,0.0044412643778104985,0.0015990549450227035,5.0
1.0908181636327265,2.4274147967227795,1.002777225927526,-0.6568971597157183,-0.2368713353427615,-0.005379041715831755,0.004440477460530386,0.0016041330515165586,5.0
1.0918183636727345,2.4271782917332434,1.0027832283806626,-0.6568331103356114,-0.23689297753463368,-0.0054116350763193655,0.004439738355420438,0.0016092284482346845,5.0
1.0928185637127426,2.4269419423934346,1.0027892395906075,-0.656768390918674,-0.23691499046603606,-0.005444493904114831,0.0044390470305042135,0.0016143410232335757,5.0
1.0938187637527506,2.4267057478634277,1.0027952598070058,-0.6567030024385061,-0.23693737381452057,-0.00547761768896364,0.004438403450520183,0.0016194706658562822,5.0
1.0948189637927586,2.426469707300857,1.0028012892783247,-0.6566369458760817,-0.23696012724735563,-0.005511005921385151,0.004437807576937175,0.001624617266746597,5.0
1.0958191638327666,2.4262338198610274,1.002807328251848,-0.6565702222194516,-0.23698325042167032,-0.0055446580928046295,0.004437259367970077,0.0016297807178628834,5.0
1.0968193638727746,2.4259980846970306,1.0028133769736736,-0.6565028324634459,-0.23700674298460353,-0.00557857369568468,0.004436758778595839,0.0016349609124916592,5.0
1.0978195639127826,2.4257625009598547,1.0028194356887117,-0.6564347776093767,-0.23703060457345101,-0.005612752223656055,0.004436305760569788,0.0016401577452608202,5.0
1.0988197639527906,2.4255270677984995,1.002825504640679,-0.656366058664741,-0.23705483481581524,-0.005647193171647808,0.00443590026244221,0.0016453711121525963,5.0
1.0998199639927986,2.425291784360088,1.002831584072101,-0.6562966766429221,-0.23707943332975448,-0.00568189603601686,0.004435542229575154,0.0016506009105162302,5.0
1.1008201640328066,2.4250566497899806,1.0028376742243048,-0.6562266325628917,-0.23710439972393318,-0.0057168603146768955,0.004435231604159573,0.001655847039080313,5.0
1.1018203640728146,2.4248216632318838,1.0028437753374184,-0.6561559274489126,-0.2371297335977736,-0.005752085507226679,0.004434968325232669,0.0016611093979648464,5.0
1.1028205641128226,2.4245868238279655,1.0028498876503698,-0.6560845623302414,-0.2371554345416074,-0.005787571115077709,0.004434752328695535,0.0016663878886930448,5.0
1.1038207641528306,2.424352130718965,1.0028560114008833,-0.6560125382408295,-0.23718150213682823,-0.005823316641581143,0.004434583547331035,0.0016716824142028052,5.0
1.1048209641928386,2.424117583044302,1.0028621468254784,-0.655939856219027,-0.2372079359560452,-0.005859321592154122,0.004434461910821941,0.0016769928788579436,5.0
1.1058211642328466,2.423883179942192,1.0028682941594687,-0.6558665173072835,-0.23723473556323607,-0.005895585474405462,0.004434387345769271,0.0016823191884590843,5.0
1.1068213642728546,2.4236489205497525,1.0028744536369583,-0.6557925225518523,-0.23726190051390197,-0.005932107798260568,0.00443435977571092,0.0016876612502543205,5.0
1.1078215643128626,2.423414804003116,1.0028806254908436,-0.6557178730024927,-0.2372894303552224,-0.005968888076085757,0.0044343791211405,0.0016930189729495767,5.0
1.1088217643528706,2.4231808294375363,1.002886809952809,-0.655642569712173,-0.23731732462620997,-0.006005925822811817,0.004434445299526416,0.0016983922667187287,5.0
1.1098219643928786,2.4229469959875023,1.0028930072533278,-0.6555666137367752,-0.23734558285786772,-0.006043220556056858,0.004434558225331148,0.0017037810432133788,5.0
1.1108221644328866,2.422713302786842,1.0028992176216611,-0.655490006134798,-0.23737420457334402,-0.00608077179624853,0.004434717810030781,0.001709185215572427,5.0
1.1118223644728946,2.422479748968836,1.0029054412858567,-0.6554127479670596,-0.23740318928808984,-0.006118579066745446,0.004434923962134714,0.001714604698431319,5.0
1.1128225645129026,2.42224633366632,1.0029116784727476,-0.6553348402964043,-0.23743253651001633,-0.006156641893957868,0.004435176587205623,0.0017200394079310802,5.0
1.1138227645529106,2.4220130560117967,1.0029179294079542,-0.6552562841874084,-0.23746224573965236,-0.0061949598074676855,0.0044354755878796325,0.001725489261727043,5.0
1.1148229645929186,2.421779915137541,1.0029241943158793,-0.6551770807060824,-0.2374923164703018,-0.0062335323401476374,0.004435820863886625,0.0017309541789973003,5.0
1.1158231646329266,2.421546910175706,1.0029304734197149,-0.6550972309195807,-0.23752274818820254,-0.006272359028279775,0.004436212312070845,0.001736434080450953,5.0
1.1168233646729346,2.42131404025843,1.0029367669414364,-0.6550167358959059,-0.23755354037268517,-0.006311439411673046,0.004436649826411622,0.0017419288883360183,5.0
1.1178235647129426,2.421081304517943,1.0029430751018036,-0.6549355967036162,-0.23758469249633038,-0.006350773033780284,0.004437133298044332,0.0017474385264471324,5.0
1.1188237647529506,2.420848702086667,1.0029493981203632,-0.6548538144115352,-0.2376162040251302,-0.006390359441814225,0.004437662615281541,0.0017529629201329775,5.0
1.1198239647929586,2.4206162320973275,1.0029557362154482,-0.6547713900884592,-0.23764807441864583,-0.0064301981868628,0.004438237663634312,0.0017585019963034345,5.0
1.1208241648329667,2.42038389368305,1.0029620896041767,-0.6546883248028669,-0.23768030313016728,-0.0064702888240036225,0.004438858325833712,0.0017640556834365253,5.0
1.1218243648729747,2.420151685977468,1.002968458502457,-0.6546046196226295,-0.23771288960687373,-0.006510630912417553,0.004439524481852475,0.001769623911585014,5.0
1.1228245649129827,2.4199196081148235,1.0029748431249832,-0.6545202756147214,-0.23774583328999221,-0.0065512240155015545,0.004440236008926867,0.0017752066123828255,5.0
1.1238247649529907,2.4196876592300707,1.002981243685239,-0.6544352938449325,-0.23777913361495848,-0.0065920677009805384,0.004440992781578681,0.0017808037190512028,5.0
1.1248249649929987,2.419455838458975,1.0029876603954988,-0.6543496753775805,-0.23781279001157662,-0.006633161541018519,0.00444179467163744,0.0017864151664045464,5.0
1.1258251650330067,2.419224144938214,1.0029940934668282,-0.6542634212752253,-0.23784680190417817,-0.00667450511232873,0.004442641548262706,0.001792040890856089,5.0
1.1268253650730147,2.4189925778054793,1.0030005431090865,-0.6541765325983827,-0.2378811687117844,-0.006716097996282956,0.00444353327796661,0.001797680830423248,5.0
1.1278255651130227,2.418761136199574,1.0030070095309263,-0.6540890104052415,-0.23791588984826392,-0.006757939779019886,0.004444469724636489,0.0018033349247327842,5.0
1.1288257651530307,2.4185298192605114,1.0030134929397967,-0.6540008557513788,-0.23795096472249408,-0.006800030051552605,0.004445450749557692,0.0018090031150256461,5.0
1.1298259651930387,2.4182986261296135,1.0030199935419444,-0.6539120696894785,-0.23798639273852068,-0.006842368409875097,0.004446476211436533,0.0018146853441616346,5.0
1.1308261652330467,2.4180675559496074,1.0030265115424155,-0.6538226532690499,-0.238022173295717,-0.006884954455067912,0.004447545966423338,0.0018203815566237335,5.0
1.1318263652730547,2.417836607864722,1.003033047145057,-0.6537326075361485,-0.23805830578894507,-0.0069277877934027805,0.004448659868135697,0.0018260916985222855,5.0
1.1328265653130627,2.4176057810207836,1.0030396005525208,-0.653641933533098,-0.23809478960871439,-0.006970868036446315,0.004449817767681817,0.001831815717598847,5.0
1.1338267653530707,2.4173750745653098,1.003046171966264,-0.6535506322982104,-0.2381316241413406,-0.007014194801162716,0.004451019513683966,0.0018375535632298128,5.0
1.1348269653930787,2.4171444876476045,1.0030527615865514,-0.6534587048655127,-0.23816880876910645,-0.007057767710015502,0.00445226495230211,0.0018433051864298181,5.0
1.1358271654330867,2.4169140194188494,1.0030593696124597,-0.6533661522644705,-0.23820634287041995,-0.007101586391068228,0.004453553927257641,0.0018490705398548739,5.0
1.1368273654730947,2.416683669032199,1.003065996241877,-0.6532729755197164,-0.23824422581997295,-0.007145650478084147,0.0044548862798571886,0.0018548495778052591,5.0
1.1378275655131027,2.416453435642869,1.0030726416715086,-0.6531791756507759,-0.2382824569889003,-0.007189959610624981,0.00445626184901658,0.0018606422562281503,5.0
1.1388277655531107,2.416223318408229,1.0030793060968777,-0.6530847536717986,-0.23832103574493757,-0.007234513434148505,0.004457680471284884,0.0018664485327200254,5.0
1.1398279655931187,2.4159933164878913,1.0030859897123292,-0.652989710591288,-0.23835996145257912,-0.00727931160010518,0.004459141980868592,0.0018722683665288388,5.0
1.1408281656331267,2.4157634290437993,1.0030926927110324,-0.6528940474118354,-0.23839923347323597,-0.007324353766033666,0.004460646209655842,0.0018781017185559182,5.0
1.1418283656731347,2.4155336552403157,1.003099415284984,-0.6527977651298535,-0.2384388511653927,-0.007369639595655301,0.0044621929872407885,0.0018839485513576205,5.0
1.1428285657131427,2.4153039942443097,1.0031061576250115,-0.6527008647353122,-0.2384788138847644,-0.007415168758967492,0.004463782140948007,0.0018898088291467558,5.0
1.1438287657531507,2.415074445225242,1.003112919920777,-0.6526033472114746,-0.23851912098445327,-0.007460940932336004,0.0044654134958570305,0.0018956825177937713,5.0
1.1448289657931587,2.414845007355253,1.0031197023607796,-0.652505213534639,-0.23855977181510407,-0.0075069557985861434,0.004467086874826921,0.0019015695848276597,5.0
1.1458291658331667,2.4146156798092417,1.00312650513236,-0.6524064646738768,-0.23860076572506028,-0.007553213047092869,0.004468802098520968,0.0019074699994366994,5.0
1.1468293658731747,2.4143864617649533,1.0031333284217028,-0.6523071015907771,-0.23864210206051836,-0.007599712373869689,0.004470558985431407,0.0019133837324688708,5.0
1.1478295659131827,2.414157352403058,1.0031401724138405,-0.6522071252391892,-0.23868378016568298,-0.007646453481656497,0.00447235735190422,0.0019193107564320615,5.0
1.1488297659531908,2.4139283509072347,1.0031470372926592,-0.6521065365649704,-0.23872579938292027,-0.007693436080006226,0.004474197012163982,0.001925251045494049,5.0
1.1498299659931988,2.4136994564642498,1.0031539232409001,-0.6520053365057334,-0.23876815905291143,-0.007740659885370399,0.004476077778338803,0.0019312045754822178,5.0
1.1508301660332068,2.413470668264036,1.0031608304401651,-0.6519035259905952,-0.2388108585148059,-0.007788124621183439,0.004477999460485264,0.001937171323883047,5.0
1.1518303660732148,2.4132419854997713,1.0031677590709196,-0.6518011059399308,-0.23885389710637306,-0.00783583001794583,0.0044799618666134374,0.0019431512698413623,5.0
1.1528305661132228,2.4130134073679548,1.0031747093124963,-0.6516980772651254,-0.23889727416415363,-0.007883775813306161,0.00448196480271191,0.0019491443941593283,5.0
1.1538307661532308,2.4127849330684827,1.0031816813431031,-0.6515944408683307,-0.23894098902361086,-0.007931961752141885,0.004484008072772879,0.0019551506792952395,5.0
1.1548309661932388,2.4125565618047258,1.0031886753398227,-0.6514901976422217,-0.2389850410192806,-0.007980387586638929,0.004486091478817241,0.0019611701093620215,5.0
1.1558311662332468,2.4123282927835974,1.0031956914786195,-0.6513853484697588,-0.23902942948492076,-0.008029053076370076,0.004488214820919746,0.0019672026701255886,5.0
1.1568313662732548,2.4121001252156318,1.0032027299343447,-0.6512798942239473,-0.2390741537536598,-0.008077957988372117,0.004490377897234116,0.001973248349002837,5.0
1.1578315663132628,2.411872058315053,1.003209790880739,-0.6511738357676027,-0.2391192131581452,-0.008127102097221835,0.004492580504018222,0.00197930713505952,5.0
1.1588317663532708,2.4116440912998454,1.0032168744904375,-0.6510671739531158,-0.2391646070306897,-0.008176485185110745,0.0044948224356592134,0.001985379019007795,5.0
1.1598319663932788,2.411416223391822,1.003223980934978,-0.6509599096222222,-0.2392103347034191,-0.008226107041918512,0.004497103484698723,0.0019914639932036137,5.0
1.1608321664332868,2.4111884538166946,1.0032311103848006,-0.6508520436057706,-0.23925639550841624,-0.008275967465285231,0.004499423441857983,0.001997562051643823,5.0
1.1618323664732948,2.41096078180414,1.0032382630092562,-0.6507435767234988,-0.2393027887778665,-0.008326066260682432,0.00450178209606302,0.0020036731899630944,5.0
1.1628325665133028,2.410733206587865,1.0032454389766094,-0.6506345097838057,-0.23934951384420206,-0.00837640324148278,0.004504179234469756,0.00200979740543055,5.0
1.1638327665533108,2.4105057274056714,1.0032526384540468,-0.6505248435835287,-0.2393965700402437,-0.008426978229028543,0.004506614642489137,0.002015934696946225,5.0
1.1648329665933188,2.41027834349952,1.0032598616076775,-0.6504145789077254,-0.23944395669934418,-0.008477791052698792,0.004509088103812237,0.002022085065037261,5.0
1.1658331666333268,2.4100510541155926,1.0032671086025422,-0.6503037165294525,-0.23949167315552786,-0.008528841549975337,0.004511599400435275,0.002028248511853896,5.0
1.1668333666733348,2.409823858504354,1.0032743796026162,-0.6501922572095524,-0.23953971874363222,-0.008580129566507416,0.0045141483126846585,0.0020344250411652143,5.0
1.1678335667133428,2.409596755920609,1.003281674770816,-0.6500802016964372,-0.23958809279944612,-0.008631654956175013,0.004516734619241952,0.002040614658354694,5.0
1.1688337667533508,2.409369745623564,1.0032889942690042,-0.6499675507258794,-0.23963679465984808,-0.008683417581151003,0.004519358097168803,0.0020468173704155054,5.0
1.1698339667933588,2.409142826876883,1.0032963382579951,-0.649854305020803,-0.239685823662944,-0.008735417311961915,0.004522018521931824,0.002053033185945603,5.0
1.1708341668333668,2.408915998948746,1.0033037068975594,-0.6497404652910762,-0.2397351791482025,-0.008787654027547448,0.004524715667427391,0.002059262115142598,5.0
1.1718343668733748,2.4086892611119004,1.0033111003464332,-0.6496260322333084,-0.2397848604565907,-0.008840127615318716,0.0045274493060063654,0.0020655041697984077,5.0
1.1728345669133828,2.4084626126437185,1.0033185187623168,-0.6495110065306481,-0.23983486693070757,-0.008892837971215137,0.004530219208498802,0.002071759363293691,5.0
1.1738347669533908,2.4082360528262488,1.0033259623018889,-0.6493953888525846,-0.23988519791491728,-0.008945784999760108,0.00453302514423853,0.0020780277105920883,5.0
1.1748349669933988,2.408009580946265,1.003333431120804,-0.6492791798547514,-0.23993585275548035,-0.008998968614115277,0.004535866881087666,0.0020843092282342313,5.0
1.1758351670334068,2.407783196295321,1.0033409253737047,-0.6491623801787311,-0.23998683080068522,-0.00905238873613362,0.0045387441854610345,0.0020906039343315287,5.0
1.1768353670734149,2.407556898169795,1.0033484452142263,-0.6490449904518674,-0.24003813140097716,-0.009106045296411147,0.004541656822350503,0.0020969118485597775,5.0
1.1778355671134229,2.4073306858709413,1.0033559907949972,-0.6489270112870719,-0.2400897539090862,-0.0091599382343373,0.004544604555349212,0.0021032329921525632,5.0
1.1788357671534309,2.407104558704933,1.003363562267652,-0.6488084432826406,-0.24014169768015545,-0.009214067498144126,0.004547587146675672,0.002109567387894403,5.0
1.1798359671934389,2.406878515982909,1.0033711597828343,-0.6486892870220701,-0.24019396207186564,-0.009268433044954068,0.0045506043571977945,0.002115915060113759,5.0
1.1808361672334469,2.4066525570210198,1.0033787834902022,-0.648569543073875,-0.24024654644456053,-0.00932303484082651,0.004553655946456772,0.002122276034675804,5.0
1.1818363672734549,2.406426681140465,1.0033864335384346,-0.648449211991411,-0.2402994501613705,-0.00937787286080301,0.0045567416726908375,0.0021286503389750192,5.0
1.1828365673134629,2.406200887667541,1.0033941100752397,-0.6483282943126981,-0.24035267258833423,-0.009432947088951182,0.004559861292858931,0.0021350380019275754,5.0
1.1838367673534709,2.4059751759336763,1.0034018132473552,-0.6482067905602484,-0.24040621309452026,-0.009488257518407357,0.004563014562664181,0.0021414390539635612,5.0
1.1848369673934789,2.405749545275472,1.0034095432005619,-0.6480847012408941,-0.24046007105214592,-0.009543804151417912,0.004566201236577274,0.0021478535270189345,5.0
1.1858371674334869,2.4055239950347405,1.0034173000796838,-0.6479620268456208,-0.24051424583669592,-0.009599586999379331,0.0045694210678596595,0.0021542814545273807,5.0
1.1868373674734949,2.405298524558541,1.0034250840285974,-0.6478387678494011,-0.2405687368270397,-0.00965560608287696,0.0045726738085866275,0.002160722871411951,5.0
1.187837567513503,2.4050731331992146,1.0034328951902365,-0.6477149247110333,-0.24062354340554623,-0.009711861431722457,0.004575959209670215,0.002167177814076519,5.0
1.188837767553511,2.4048478203144175,1.0034407337065991,-0.6475904978729804,-0.24067866495819942,-0.00976835308498998,0.00457927702088194,0.002173646320397008,5.0
1.189837967593519,2.404622585267154,1.0034485997187534,-0.6474654877612135,-0.24073410087470992,-0.009825081091051123,0.004582626990875371,0.0021801284297125407,5.0
1.190838167633527,2.40439742742581,1.003456493366843,-0.6473398947850574,-0.2407898505486275,-0.009882045507608567,0.004586008867208522,0.00218662418281632,5.0
1.191838367673535,2.40417234616418,1.0034644147900946,-0.6472137193370365,-0.2408459133774504,-0.009939246401728394,0.004589422396366084,0.002193133621946409,5.0
1.192838567713543,2.403947340861497,1.003472364126823,-0.6470869617927304,-0.2409022887627352,-0.009996683849871282,0.004592867323781454,0.002199656790776312,5.0
1.193838767753551,2.4037224109024606,1.0034803415144393,-0.6469596225106226,-0.24095897611020284,-0.010054357937922295,0.004596343393858561,0.002206193734405359,5.0
1.194838967793559,2.403497555677263,1.0034883470894527,-0.6468317018319589,-0.24101597482984488,-0.0101122687612195,0.004599850349993499,0.002212744499349006,5.0
1.195839167833567,2.403272774581614,1.0034963809874828,-0.6467032000806071,-0.24107328433602837,-0.0101704164245813,0.004603387934595995,0.0022193091335288902,5.0
1.196839367873575,2.4030480670167638,1.0035044433432605,-0.6465741175629173,-0.24113090404759818,-0.010228801042332545,0.0046069558891106135,0.0022258876862627907,5.0
1.197839567913583,2.4028234323895283,1.003512534290636,-0.6464444545675874,-0.2411888333879787,-0.010287422738329463,0.004610553954037777,0.002232480208254397,5.0
1.198839767953591,2.4025988701123087,1.0035206539625858,-0.6463142113655288,-0.24124707178527352,-0.010346281645983281,0.0046141818689545274,0.002239086751582956,5.0
1.199839967993599,2.40237437960311,1.0035288024912188,-0.6461833882097373,-0.24130561867236414,-0.010405377908282666,0.004617839372535123,0.002245707369692731,5.0
1.200840168033607,2.4021499602855623,1.0035369800077796,-0.6460519853351663,-0.2413644734870066,-0.010464711677814965,0.0046215262025713815,0.0022523421173823764,5.0
1.201840368073615,2.401925611588939,1.0035451866426595,-0.6459200029586007,-0.24142363567192707,-0.010524283116786225,0.004625242095992753,0.0022589910507941307,5.0
1.202840568113623,2.4017013329481696,1.0035534225253977,-0.6457874412785356,-0.24148310467491574,-0.010584092397040017,0.004628986788886209,0.0022656542274028958,5.0
1.203840768153631,2.401477123803858,1.0035616877846887,-0.645654300475057,-0.2415428799489186,-0.010644139700075082,0.004632760016515815,0.002272331706005131,5.0
1.204840968193639,2.401252983602295,1.0035699825483924,-0.6455205807097253,-0.2416029609521287,-0.010704425217061815,0.004636561513342111,0.0022790235467076915,5.0
1.205841168233647,2.4010289117954717,1.003578306943534,-0.6453862821254619,-0.24166334714807464,-0.010764949148857561,0.00464039101304119,0.002285729810916457,5.0
1.206841368273655,2.4008049078410907,1.0035866610963138,-0.6452514048464362,-0.24172403800570882,-0.01082571170602078,0.004644248248523531,0.0022924505613249155,5.0
1.207841568313663,2.4005809712025763,1.003595045132111,-0.6451159489779591,-0.2417850329994929,-0.010886713108824036,0.004648132951952551,0.0022991858619025754,5.0
1.208841768353671,2.400357101349084,1.0036034591754919,-0.6449799146063766,-0.24184633160948202,-0.010947953587265915,0.004652044854762912,0.0023059357778832767,5.0
1.209841968393679,2.400133297755507,1.0036119033502144,-0.6448433017989665,-0.24190793332140792,-0.01100943338108169,0.004655983687678517,0.002312700375753384,5.0
1.210842168433687,2.3999095599024853,1.0036203777792332,-0.6447061106038385,-0.24196983762675994,-0.011071152739752989,0.004659949180730231,0.002319479723239884,5.0
1.211842368473695,2.3996858872764077,1.0036288825847057,-0.6445683410498353,-0.24203204402286385,-0.011133111922516306,0.004663941063273321,0.002326273889298355,5.0
1.212842568513703,2.39946227936942,1.0036374178880008,-0.6444299931464399,-0.2420945520129604,-0.01119531119837048,0.004667959064004563,0.0023330829441008407,5.0
1.213842768553711,2.3992387356794236,1.0036459838096987,-0.64429106688368,-0.24215736110628114,-0.011257750846082973,0.004672002910979117,0.0023399069590236427,5.0
1.214842968593719,2.399015255710083,1.0036545804696035,-0.644151562232041,-0.24222047081812292,-0.011320431154195187,0.004676072331627024,0.0023467460066349797,5.0
1.215843168633727,2.3987918389708214,1.0036632079867434,-0.6440114791423781,-0.24228388066992088,-0.011383352421026702,0.004680167052769429,0.002353600160682587,5.0
1.216843368673735,2.3985684849768236,1.0036718664793771,-0.6438708175458296,-0.24234759018931887,-0.011446514954678428,0.004684286800634461,0.0023604694960812043,5.0
1.217843568713743,2.3983451932490327,1.0036805560650028,-0.6437295773537396,-0.2424115989102398,-0.011509919073034789,0.004688431300872864,0.0023673540889000005,5.0
1.218843768753751,2.3981219633141477,1.00368927686036,-0.6435877584575747,-0.24247590637295355,-0.01157356510376484,0.004692600278573215,0.00237425401634991,5.0
1.219843968793759,2.39789879470462,1.0036980289814352,-0.6434453607288486,-0.24254051212414163,-0.011637453384322368,0.004696793458276856,0.002381169356770865,5.0
1.220844168833767,2.3976756869586486,1.0037068125434703,-0.6433023840190486,-0.24260541571696306,-0.011701584261945053,0.004701010563992475,0.0023881001896189835,5.0
1.221844368873775,2.397452639620173,1.003715627660964,-0.6431588281595628,-0.24267061671111648,-0.011765958093652622,0.004705251319210361,0.002395046595453659,5.0
1.222844568913783,2.3972296522388676,1.0037244744476794,-0.6430146929616133,-0.24273611467290088,-0.01183057524624401,0.0047095154469163104,0.0024020086559246407,5.0
1.223844768953791,2.397006724370131,1.0037333530166481,-0.6428699782161872,-0.2428019091752749,-0.01189543609629362,0.004713802669605178,0.00240898645375897,5.0
1.224844968993799,2.396783855575079,1.0037422634801767,-0.6427246836939747,-0.24286799979791496,-0.011960541030146613,0.004718112709294075,0.0024159800727479156,5.0
1.225845169033807,2.3965610454205315,1.0037512059498495,-0.6425788091453071,-0.2429343861272705,-0.012025890443913242,0.0047224452875352626,0.0024229895977338238,5.0
1.226845369073815,2.3963382934790047,1.0037601805365366,-0.6424323543000966,-0.24300106775661784,-0.012091484743462378,0.0047268001254285475,0.0024300151145969177,5.0
1.227845569113823,2.3961155993286933,1.0037691873503962,-0.6422853188677817,-0.24306804428611298,-0.012157324344414076,0.0047311769436334606,0.002437056710242055,5.0
1.228845769153831,2.395892962553462,1.0037782265008797,-0.6421377025372738,-0.24313531532284235,-0.012223409672131178,0.004735575462381018,0.0024441144725854715,5.0
1.229845969193839,2.3956703827428267,1.003787298096739,-0.6419895049769028,-0.2432028804808711,-0.012289741161710185,0.004739995401485044,0.002451188490541388,5.0
1.230846169233847,2.395447859491939,1.0037964022460275,-0.6418407258343707,-0.24327073938129065,-0.012356319257971274,0.004744436480353188,0.0024582788540086623,5.0
1.231846369273855,2.395225392401571,1.0038055390561071,-0.6416913647367034,-0.2433388916522637,-0.012423144415447333,0.004748898417997549,0.0024653856538573837,5.0
1.232846569313863,2.395002981078098,1.0038147086336529,-0.641541421290207,-0.24340733692906846,-0.012490217098372345,0.0047533809330449,0.0024725089819154396,5.0
1.233846769353871,2.394780625133476,1.003823911084657,-0.6413908950804269,-0.24347607485414038,-0.012557537780668851,0.004757883743746536,0.0024796489309550406,5.0
1.234846969393879,2.394558324185224,1.0038331465144323,-0.6412397856721064,-0.24354510507711186,-0.012625106945934621,0.004762406567987711,0.0024868055946792094,5.0
1.235847169433887,2.394336077856404,1.0038424150276186,-0.6410880926091509,-0.24361442725485102,-0.012692925087428706,0.0047669491232966875,0.0024939790677082747,5.0
1.236847369473895,2.394113885775596,1.0038517167281837,-0.6409358154145921,-0.24368404105149832,-0.01276099270805645,0.004771511126853396,0.0025011694455663335,5.0
1.237847569513903,2.3938917475768777,1.0038610517194335,-0.6407829535905556,-0.24375394613850193,-0.012829310320354077,0.0047760922954976845,0.0025083768246676823,5.0
1.238847769553911,2.3936696628998,1.0038704201040076,-0.6406295066182315,-0.24382414219465004,-0.012897878446472243,0.0047806923457371555,0.002515601302303269,5.0
1.239847969593919,2.3934476313893605,1.0038798219838916,-0.6404754739578449,-0.24389462890610275,-0.012966697618159086,0.004785310993754628,0.00252284297662711,5.0
1.240848169633927,2.3932256526959788,1.003889257460416,-0.6403208550486313,-0.24396540596642205,-0.013035768376742488,0.004789947955415116,0.0025301019466426994,5.0
1.241848369673935,2.3930037264754698,1.0038987266342614,-0.6401656493088121,-0.24403647307659987,-0.01310509127311166,0.004794602946272501,0.002537378312189433,5.0
1.242848569713943,2.3927818523890165,1.003908229605463,-0.6400098561355728,-0.24410782994508332,-0.013174666867698054,0.0047992756815756635,0.0025446721739289945,5.0
1.243848769753951,2.3925600301031396,1.0039177664734134,-0.639853474905046,-0.24417947628780032,-0.013244495730455637,0.004803965876274313,0.002551983633331818,5.0
1.244848969793959,2.3923382592896694,1.003927337336867,-0.639696504972291,-0.24425141182818186,-0.013314578440840545,0.004808673245024294,0.002559312792663456,5.0
1.245849169833967,2.3921165396257145,1.003936942293941,-0.6395389456712812,-0.24432363629718315,-0.013384915587789988,0.004813397502192525,0.002566659754971025,5.0
1.246849369873975,2.391894870793631,1.0039465814421225,-0.6393807963148893,-0.24439614943330282,-0.013455507769700776,0.0048181383618615264,0.0025740246240696482,5.0
1.247849569913983,2.39167325248099,1.00395625487827,-0.6392220561948783,-0.24446895098260038,-0.01352635559440703,0.004822895537833428,0.0025814075045288705,5.0
1.248849769953991,2.3914516843805433,1.0039659626986162,-0.639062724581891,-0.24454204069871313,-0.013597459679157436,0.0048276687436336774,0.002588808501659163,5.0
1.249849969993999,2.391230166190193,1.003975704998771,-0.6389028007254435,-0.2446154183428688,-0.013668820650591874,0.004832457692514196,0.002596227721498364,5.0
1.2508501700340071,2.3910086976129517,1.0039854818737264,-0.6387422838539205,-0.244689083683899,-0.013740439144717516,0.0048372620974561804,0.0026036652707982022,5.0
1.2518503700740151,2.390787278356911,1.003995293417857,-0.6385811731745733,-0.24476303649825035,-0.013812315806884506,0.004842081671172414,0.0026111212570108246,5.0
1.2528505701140231,2.3905659081352026,1.0040051397249254,-0.6384194678735171,-0.2448372765699925,-0.013884451291760871,0.004846916126109173,0.002618595788275305,5.0
1.2538507701540311,2.3903445866659636,1.0040150208880825,-0.6382571671157333,-0.24491180369082605,-0.013956846263307189,0.00485176517444768,0.00262608897340427,5.0
1.2548509701940391,2.3901233136722957,1.0040249369998697,-0.6380942700450702,-0.24498661766008872,-0.014029501394750572,0.004856628528105097,0.002633600921870435,5.0
1.2558511702340471,2.3899020888822267,1.0040348881522254,-0.6379307757842507,-0.24506171828475853,-0.014102417368558336,0.004861505898735106,0.0026411317437932754,5.0
1.2568513702740551,2.389680912028673,1.0040448744364832,-0.6377666834348764,-0.24513710537945718,-0.014175594876411079,0.00486639699772804,0.002648681549925676,5.0
1.2578515703140631,2.389459782849397,1.0040548959433766,-0.6376019920774364,-0.2452127787664501,-0.014249034619175356,0.004871301536210542,0.002656250451640626,5.0
1.2588517703540711,2.389238701086968,1.0040649527630399,-0.6374367007713182,-0.24528873827564532,-0.014322737306875978,0.004876219225044783,0.002663838560917942,5.0
1.2598519703940791,2.3890176664887175,1.004075044985011,-0.6372708085548179,-0.24536498374459184,-0.014396703658667858,0.004881149774827256,0.0026714459903310387,5.0
1.2608521704340871,2.3887966788067003,1.0040851726982338,-0.6371043144451549,-0.24544151501847475,-0.014470934402807405,0.004886092895887111,0.0026790728530337424,5.0
1.2618523704740952,2.388575737797648,1.004095335991058,-0.6369372174384866,-0.24551833195010953,-0.014545430276623595,0.004891048298284008,0.002686719262747131,5.0
1.2628525705141032,2.388354843222928,1.0041055349512442,-0.6367695165099249,-0.24559543439993448,-0.014620192026488645,0.00489601569180554,0.0026943853337463896,5.0
1.2638527705541112,2.388133994848495,1.0041157696659615,-0.6366012106135545,-0.24567282223600215,-0.014695220407788383,0.0049009947859642005,0.002702071180847776,5.0
1.2648529705941192,2.387913192444849,1.0041260402217935,-0.636432298682454,-0.2457504953339685,-0.01477051618489217,0.004905985289993913,0.0027097769193955646,5.0
1.2658531706341272,2.387692435786988,1.0041363467047355,-0.6362627796287157,-0.24582845357708044,-0.014846080131122536,0.004910986912846073,0.0027175026652490803,5.0
1.2668533706741352,2.3874717246543624,1.0041466892001991,-0.6360926523434701,-0.2459066968561619,-0.014921913028724514,0.004915999363185152,0.0027252485347697333,5.0
1.2678535707141432,2.3872510588308247,1.004157067793011,-0.6359219156969106,-0.2459852250695994,-0.01499801566883471,0.004921022349383833,0.002733014644808152,5.0
1.2688537707541512,2.3870304381045857,1.0041674825674156,-0.6357505685383184,-0.24606403812332417,-0.015074388851449981,0.004926055579517717,0.002740801112691318,5.0
1.2698539707941592,2.386809862268162,1.004177933607075,-0.6355786096960896,-0.24614313593079365,-0.01515103338539582,0.004931098761359533,0.002748608056209784,5.0
1.2708541708341672,2.386589331118331,1.0041884209950709,-0.6354060379777673,-0.2462225184129725,-0.015227950088294678,0.004936151602372901,0.002756435593604908,5.0
1.2718543708741752,2.3863688444560776,1.0041989448139037,-0.6352328521700675,-0.2463021854983097,-0.015305139786533813,0.004941213809705624,0.002764283843556166,5.0
1.2728545709141832,2.386148402086546,1.0042095051454947,-0.6350590510389139,-0.2463821371227166,-0.01538260331523303,0.0049462850901825445,0.0027721529251684886,5.0
1.2738547709541912,2.3859280038189876,1.0042201020711856,-0.63488463332947,-0.2464623732295415,-0.01546034151821214,0.00495136515029793,0.0027800429579596998,5.0
1.2748549709941992,2.38570764946671,1.0042307356717393,-0.634709597766172,-0.24654289376954436,-0.015538355247958168,0.004956453696207385,0.0027879540618479313,5.0
1.2758551710342072,2.3854873388470264,1.004241406027339,-0.6345339430527668,-0.2466236987008683,-0.015616645365592504,0.004961550433719285,0.0027958863571391555,5.0
1.2768553710742152,2.3852670717812003,1.004252113217591,-0.6343576678723472,-0.2467047879890115,-0.015695212740837752,0.004966655068285781,0.002803839964514747,5.0
1.2778555711142232,2.3850468480943943,1.004262857321521,-0.6341807708873897,-0.24678616160679617,-0.015774058251984364,0.0049717673049933025,0.0028118150050190868,5.0
1.2788557711542312,2.3848266676156165,1.004273638417578,-0.6340032507397946,-0.24686781953433667,-0.01585318278585726,0.004976886848552617,0.0028198116000472382,5.0
1.2798559711942392,2.3846065301776664,1.0042844565836289,-0.6338251060509247,-0.24694976175900574,-0.015932587237782275,0.004982013403288392,0.0028278298713326597,5.0
1.2808561712342472,2.38438643561708,1.0042953118969637,-0.6336463354216486,-0.24703198827540057,-0.016012272511552322,0.004987146673128349,0.002835869940935022,5.0
1.2818563712742552,2.3841663837740743,1.0043062044342905,-0.6334669374323825,-0.24711449908530556,-0.01609223951939355,0.004992286361591888,0.002843931931228021,5.0
1.2828565713142632,2.3839463744924942,1.004317134271738,-0.6332869106431325,-0.24719729419765504,-0.016172489181931433,0.004997432171778249,0.002852015964887278,5.0
1.2838567713542712,2.383726407619753,1.0043281014848533,-0.6331062535935409,-0.2472803736284942,-0.016253022428156683,0.005002583806354207,0.0028601221648782886,5.0
1.2848569713942792,2.383506483006778,1.0043391061485996,-0.6329249648029313,-0.24736373740093853,-0.016333840195391105,0.005007740967541313,0.0028682506544444432,5.0
1.2858571714342872,2.3832866005079563,1.0043501483373583,-0.632743042770353,-0.24744738554513163,-0.01641494342925339,0.005012903357102631,0.0028764015570950994,5.0
1.2868573714742952,2.3830667599810718,1.004361228124924,-0.6325604859746319,-0.247531318098202,-0.016496333083624866,0.005018070676329009,0.0028845749965937142,5.0
1.2878575715143032,2.3828469612872514,1.0043723455845073,-0.6323772928744167,-0.24761553510421935,-0.016578010120615164,0.005023242626024898,0.0028927710969460477,5.0
1.2888577715543112,2.382627204290906,1.0043835007887305,-0.6321934619082283,-0.24770003661414688,-0.016659975510527853,0.0050284189064936265,0.002900989982388398,5.0
1.2898579715943193,2.3824074888596725,1.004394693809626,-0.6320089914945105,-0.24778482268579485,-0.016742230231826166,0.005033599217522241,0.002909231777375937,5.0
1.2908581716343273,2.382187814864355,1.0044059247186385,-0.6318238800316806,-0.2478698933837723,-0.016824775271098616,0.005038783258365888,0.002917496606571096,5.0
1.2918583716743353,2.3819681821788645,1.0044171935866173,-0.6316381258981815,-0.24795524877943628,-0.016907611623024562,0.005043970727731644,0.0029257845948320116,5.0
1.2928585717143433,2.3817485906801594,1.0044285004838178,-0.6314517274525328,-0.24804088895084025,-0.016990740290339992,0.005049161323761903,0.002934095867201042,5.0
1.2938587717543513,2.381529040248189,1.0044398454798988,-0.6312646830333862,-0.24812681398268221,-0.01707416228380318,0.005054354744017266,0.0029424305488933654,5.0
1.2948589717943593,2.381309530765827,1.0044512286439218,-0.6310769909595775,-0.2482130239662501,-0.01715787862216044,0.005059550685458954,0.002950788765285617,5.0
1.2958591718343673,2.3810900621188167,1.0044626500443443,-0.6308886495301821,-0.24829951899936634,-0.017241890332112018,0.005064748844430676,0.0029591706419046316,5.0
1.2968593718743753,2.380870634195706,1.004474109749024,-0.6306996570245703,-0.24838629918633157,-0.017326198448277905,0.005069948916640097,0.0029675763044162357,5.0
1.2978595719143833,2.3806512468877896,1.0044856078252091,-0.6305100117024636,-0.2484733646378665,-0.017410804013163864,0.005075150597139688,0.0029760058786141405,5.0
1.2988597719543913,2.380431900089045,1.0044971443395396,-0.6303197118039895,-0.24856071547105255,-0.017495708077127612,0.0050803535803072035,0.0029844594904088672,5.0
1.2998599719943993,2.3802125936960703,1.0045087193580455,-0.6301287555497419,-0.24864835180927167,-0.017580911698344994,0.005085557559825569,0.002992937265816831,5.0
1.3008601720344073,2.3799933276080245,1.0045203329461392,-0.6299371411408344,-0.24873627378214433,-0.017666415942776254,0.005090762228662305,0.0030014393309494088,5.0
1.3018603720744153,2.3797741017265635,1.004531985168616,-0.6297448667589629,-0.24882448152546635,-0.01775222188413269,0.005095967279048414,0.0030099658120021455,5.0
1.3028605721144233,2.379554915955777,1.0045436760896502,-0.6295519305664615,-0.24891297518114452,-0.01783833060384324,0.0051011724024567955,0.00301851683524407,5.0
1.3038607721544313,2.3793357702021267,1.0045554057727915,-0.6293583307063615,-0.24900175489713142,-0.017924743191021355,0.00510637728958013,0.0030270925270070295,5.0
1.3048609721944393,2.3791166643743824,1.00456717428096,-0.6291640653024545,-0.2490908208273579,-0.01801146074243213,0.005111581630308248,0.0030356930136751833,5.0
1.3058611722344473,2.378897598383559,1.004578981676446,-0.6289691324593472,-0.24918017313166552,-0.018098484362459467,0.005116785113705,0.003044318421674561,5.0
1.3068613722744553,2.378678572142852,1.004590828020902,-0.6287735302625269,-0.24926981197573728,-0.018185815163073587,0.0051219874279846015,0.00305296887746272,5.0
1.3078615723144633,2.378459585567575,1.0046027133753401,-0.62857725677842,-0.249359737531026,-0.01827345426379876,0.005127188260487443,0.003061644507518512,5.0
1.3088617723544713,2.378240638575095,1.0046146378001302,-0.6283803100544528,-0.2494499499746833,-0.018361402791681324,0.005132387297655393,0.00307034543833195,5.0
1.3098619723944793,2.378021731084767,1.0046266013549923,-0.628182688119114,-0.24954044948948664,-0.01844966188125791,0.00513758422500657,0.0030790717963941716,5.0
1.3108621724344873,2.3778028630178714,1.0046386040989934,-0.6279843889820168,-0.24963123626376438,-0.018538232674524,0.005142778727109591,0.0030878237081875376,5.0
1.3118623724744953,2.377584034297548,1.0046506460905449,-0.6277854106339605,-0.24972231049132013,-0.01862711632090279,0.00514797048755726,0.003096601300175811,5.0
1.3128625725145033,2.3773652448487312,1.004662727387395,-0.6275857510469942,-0.24981367237135668,-0.01871631397721439,0.005153159188939777,0.003105404698794501,5.0
1.3138627725545113,2.3771464945980867,1.0046748480466239,-0.6273854081744769,-0.2499053221083974,-0.018805826807645264,0.005158344512817353,0.003114234030441302,5.0
1.3148629725945193,2.376927783473943,1.0046870081246413,-0.6271843799511435,-0.24999725991220675,-0.018895655983718188,0.005163526139692345,0.0031230894214666427,5.0
1.3158631726345273,2.37670911140623,1.0046992076771801,-0.6269826642931665,-0.25008948599771064,-0.018985802684262396,0.005168703748980786,0.003131970998164415,5.0
1.3168633726745353,2.3764904783264105,1.0047114467592893,-0.6267802590982181,-0.25018200058491347,-0.019076268095384295,0.005173877018983428,0.003140878886762792,5.0
1.3178635727145434,2.376271884167416,1.0047237254253307,-0.6265771622455377,-0.25027480389881596,-0.01916705341043847,0.00517904562685619,0.0031498132134151926,5.0
1.3188637727545514,2.376053328863582,1.0047360437289723,-0.6263733715959902,-0.2503678961693308,-0.019258159829999132,0.005184209248580081,0.0031587741041914402,5.0
1.3198639727945594,2.3758348123505786,1.0047484017231838,-0.6261688849921337,-0.2504612776311977,-0.019349588561832044,0.005189367558930592,0.0031677616850689693,5.0
1.3208641728345674,2.3756163345653487,1.0047607994602277,-0.6259637002582817,-0.2505549485238956,-0.019441340820866827,0.005194520231446497,0.0031767760819243103,5.0
1.3218643728745754,2.3753978954460395,1.004773236991657,-0.6257578152005681,-0.2506489090915562,-0.01953341782916981,0.005199666938398127,0.0031858174205246018,5.0
1.3228645729145834,2.375179494931937,1.0047857143683063,-0.6255512276070092,-0.25074315958287413,-0.019625820815917353,0.005204807350755056,0.003194885826519377,5.0
1.3238647729545914,2.3749611329633997,1.0047982316402866,-0.6253439352475707,-0.25083770025101665,-0.0197185510173697,0.005209941138153241,0.0032039814254324218,5.0
1.3248649729945985,2.3747428094817926,1.0048107888569784,-0.6251359358742272,-0.25093253135353233,-0.019811609676845282,0.005215067968861589,0.003213104342653852,5.0
1.3258651730346065,2.374524524429421,1.0048233860670253,-0.6249272272210316,-0.2510276531522588,-0.019904998044695664,0.0052201875097480045,0.0032222547034323826,5.0
1.3268653730746145,2.3743062777494632,1.0048360233183258,-0.6247178070041746,-0.25112306591322847,-0.019998717378280947,0.005225299426244851,0.0032314326328677385,5.0
1.3278655731146225,2.374088069385906,1.004848700658028,-0.6245076729220503,-0.2512187699065732,-0.020092768941945845,0.005230403382313768,0.003240638255903253,5.0
1.3288657731546305,2.3738698992834752,1.0048614181325228,-0.6242968226553206,-0.25131476540642866,-0.02018715400699633,0.005235499040410043,0.00324987169731867,5.0
1.3298659731946385,2.3736517673875714,1.0048741757874344,-0.6240852538669774,-0.25141105269083647,-0.020281873851676794,0.005240586061446325,0.003259133081723089,5.0
1.3308661732346465,2.3734336736442025,1.004886973667614,-0.6238729642024068,-0.25150763204164545,-0.020376929761148008,0.0052456641047557975,0.003268422533548192,5.0
1.3318663732746545,2.373215617999918,1.0048998118171322,-0.6236599512894532,-0.2516045037444124,-0.02047232302746558,0.005250732828054776,0.003277740177041609,5.0
1.3328665733146625,2.3729976004017397,1.004912690279272,-0.6234462127384809,-0.25170166808830036,-0.020568054949559177,0.005255791887404732,0.0032870861362604598,5.0
1.3338667733546705,2.3727796207970986,1.0049256090965197,-0.6232317461424381,-0.25179912536597643,-0.020664126833212317,0.005260840937173724,0.0032964605350651586,5.0
1.3348669733946785,2.3725616791337667,1.0049385683105567,-0.6230165490769202,-0.25189687587350934,-0.020760539991043,0.005265879629997298,0.0033058634971134307,5.0
1.3358671734346865,2.3723437753597896,1.0049515679622534,-0.6228006191002302,-0.25199491991026407,-0.020857295742484874,0.005270907616738743,0.0033152951458544698,5.0
1.3368673734746945,2.3721259094234206,1.004964608091656,-0.6225839537534432,-0.2520932577787959,-0.020954395413769297,0.0052759245464488475,0.0033247556045234022,5.0
1.3378675735147025,2.3719080812730535,1.0049776887379842,-0.622366550560467,-0.2521918897847446,-0.021051840337908016,0.00528093006632499,0.0033342449961358944,5.0
1.3388677735547105,2.3716902908571567,1.0049908099396183,-0.6221484070281046,-0.2522908162367254,-0.021149631854676686,0.0052859238216697545,0.0033437634434830463,5.0
1.3398679735947185,2.3714725381242068,1.0050039717340917,-0.621929520646115,-0.25239003744622096,-0.021247771310599083,0.005290905455848881,0.0033533110691264553,5.0
1.3408681736347265,2.3712548230226207,1.0050171741580805,-0.6217098888872722,-0.2524895537274694,-0.021346260058932146,0.005295874610248656,0.003362887995393507,5.0
1.3418683736747345,2.3710371455006887,1.005030417247398,-0.621489509207431,-0.25258936539735555,-0.02144509945965192,0.005300830924232805,0.003372494344372976,5.0
1.3428685737147426,2.3708195055065104,1.0050437010369806,-0.6212683790455802,-0.25268947277529524,-0.021544290879440015,0.0053057740350987035,0.0033821302379107372,5.0
1.3438687737547506,2.3706019029879273,1.0050570255608824,-0.6210464958239079,-0.2527898761831244,-0.021643835691671248,0.005310703578033076,0.003391795797605822,5.0
1.3448689737947586,2.370384337892454,1.0050703908522636,-0.6208238569478576,-0.25289057594498277,-0.021743735276401884,0.0053156191860671,0.0034014911448066202,5.0
1.3458691738347666,2.3701668101672135,1.005083796943381,-0.6206004598061876,-0.25299157238719905,-0.02184399102035883,0.005320520490030949,0.003411216400607357,5.0
1.3468693738747746,2.3699493197588724,1.0050972438655785,-0.6203763017710299,-0.25309286583817353,-0.021944604316929604,0.005325407118507752,0.003420971685844807,5.0
1.3478695739147826,2.3697318666135714,1.0051107316492789,-0.6201513801979469,-0.2531944566282601,-0.022045576566153285,0.005330278697787012,0.0034307571210952423,5.0
1.3488697739547906,2.3695144506768613,1.0051242603239678,-0.6199256924259882,-0.2532963450896475,-0.02214690917471227,0.0053351348518174,0.003440572826671598,5.0
1.3498699739947986,2.369297071893635,1.0051378299181914,-0.6196992357777485,-0.25339853155623926,-0.02224860355592498,0.005339975202159085,0.003450418922620912,5.0
1.3508701740348066,2.3690797302080635,1.0051514404595407,-0.6194720075594227,-0.253501016363533,-0.022350661129739408,0.005344799367935385,0.0034602955287219438,5.0
1.3518703740748146,2.368862425563528,1.0051650919746424,-0.6192440050608601,-0.25360379984849746,-0.022453083322727576,0.005349606965783954,0.0034702027644831056,5.0
1.3528705741148226,2.3686451579025563,1.0051787844891498,-0.6190152255556207,-0.25370688234945094,-0.02255587156808106,0.0053543976098073525,0.0034801407491405665,5.0
1.3538707741548306,2.3684279271667523,1.0051925180277281,-0.6187856663010282,-0.25381026420593567,-0.022659027305607107,0.005359170911523111,0.003490109601656619,5.0
1.3548709741948386,2.3682107332967353,1.005206292614048,-0.6185553245382232,-0.2539139457585939,-0.022762551981726133,0.005363926479813218,0.003500109440718266,5.0
1.3558711742348466,2.3679935762320707,1.0052201082707726,-0.6183241974922156,-0.25401792734904177,-0.022866447049469784,0.00536866392087303,0.003510140384736047,5.0
1.3568713742748546,2.3677764559112062,1.0052339650195452,-0.6180922823719358,-0.2541222093197423,-0.022970713968480074,0.00537338283815972,0.003520202551843074,5.0
1.3578715743148626,2.3675593722714057,1.005247862880981,-0.617859576370287,-0.25422679201387766,-0.02307535420500954,0.005378082832340123,0.003530296059894338,5.0
1.3588717743548706,2.3673423252486834,1.0052618018746515,-0.6176260766641943,-0.2543316757752202,-0.023180369231922248,0.005382763501238066,0.003540421026466204,5.0
1.3598719743948786,2.3671253147777396,1.0052757820190776,-0.617391780414654,-0.254436860948004,-0.023285760528695815,0.005387424439781176,0.003550577568856124,5.0
1.3608721744348866,2.3669083407918934,1.0052898033317137,-0.6171566847667814,-0.2545423478767928,-0.023391529581424337,0.00539206523994715,0.0035607658040826048,5.0
1.3618723744748946,2.3666914032230206,1.005303865828939,-0.6169207868498594,-0.25464813690635024,-0.023497677882822265,0.005396685490709504,0.003570985848885341,5.0
1.3628725745149026,2.366474502001486,1.0053179695260452,-0.6166840837773853,-0.25475422838150685,-0.02360420693222937,0.005401284777982799,0.003581237819725585,5.0
1.3638727745549106,2.366257637056079,1.005332114437221,-0.6164465726471143,-0.25486062264702725,-0.02371111823561651,0.005405862684567368,0.00359152183278673,5.0
1.3648729745949186,2.3660408083139512,1.0053463005755456,-0.6162082505411077,-0.2549673200474771,-0.023818413305592444,0.005410418790093567,0.0036018380039751184,5.0
1.3658731746349266,2.365824015700549,1.0053605279529723,-0.6159691145257737,-0.2550743209270878,-0.0239260936614115,0.005414952670965437,0.003612186448920965,5.0
1.3668733746749346,2.365607259139549,1.005374796580316,-0.6157291616519112,-0.25518162562962204,-0.024034160828982385,0.005419463900303934,0.003622567282979566,5.0
1.3678735747149426,2.3653905385527976,1.0053891064672438,-0.6154883889547521,-0.25528923449823715,-0.024142616340877783,0.005423952047889666,0.0036329806212326387,5.0
1.3688737747549506,2.3651738538602416,1.005403457622259,-0.6152467934540008,-0.2553971478753489,-0.02425146173634492,0.005428416680105102,0.003643426578489873,5.0
1.3698739747949586,2.3649572049798686,1.0054178500526907,-0.6150043721538762,-0.25550536610249425,-0.02436069856131724,0.0054328573598763545,0.0036539052692906642,5.0
1.3708741748349667,2.3647405918276396,1.005432283764678,-0.6147611220431474,-0.25561388952019287,-0.02447032836842668,0.005437273646614411,0.0036644168079059793,5.0
1.3718743748749747,2.3645240143174284,1.0054467587631624,-0.6145170400951738,-0.25572271846780875,-0.02458035271701729,0.005441665096155981,0.003674961308340435,5.0
1.3728745749149827,2.3643074723609563,1.0054612750518663,-0.6142721232679399,-0.25583185328341124,-0.024690773173159458,0.0054460312607037984,0.003685538884334498,5.0
1.3738747749549907,2.364090965867729,1.0054758326332887,-0.6140263685040908,-0.25594129430363394,-0.02480159130966519,0.005450371688766481,0.0036961496493668785,5.0
1.3748749749949987,2.363874494744973,1.0054904315086841,-0.6137797727309671,-0.256051041863536,-0.024912808706104347,0.005454685925097961,0.003706793716657018,5.0
1.3758751750350067,2.3636580588975735,1.0055050716780545,-0.6135323328606372,-0.25616109629645917,-0.025024426948821635,0.005458973510636447,0.003717471199167748,5.0
1.3768753750750147,2.3634416582280124,1.0055197531401319,-0.6132840457899305,-0.2562714579338872,-0.0251364476309547,0.005463233982442909,0.0037281822096081165,5.0
1.3778755751150227,2.363225292636303,1.005534475892367,-0.6130349084004655,-0.2563821271053035,-0.02524887235245293,0.005467466873639137,0.003738926860436231,5.0
1.3788757751550307,2.363008962019929,1.0055492399309143,-0.6127849175586818,-0.25649310413804804,-0.025361702720097194,0.005471671713345381,0.0037497052638623377,5.0
1.3798759751950387,2.362792666273783,1.0055640452506174,-0.6125340701158664,-0.2566043893571744,-0.025474940347520472,0.005475848026617547,0.003760517531851948,5.0
1.3808761752350467,2.3625764052901035,1.0055788918449948,-0.6122823629081824,-0.2567159830853061,-0.025588586855229356,0.005479995334383909,0.0037713637761290766,5.0
1.3818763752750547,2.3623601789584137,1.0055937797062267,-0.6120297927566921,-0.25682788564249176,-0.02570264387062629,0.005484113153381455,0.0037822441081795614,5.0
1.3828765753150627,2.362143987165458,1.0056087088251404,-0.6117763564673852,-0.25694009734606127,-0.025817113028032846,0.00548820099609178,0.00379315863925452,5.0
1.3838767753550707,2.361927829795142,1.005623679191195,-0.6115220508311979,-0.25705261851047984,-0.02593199596871362,0.005492258370676553,0.0038041074803737865,5.0
1.3848769753950787,2.3617117067284723,1.0056386907924646,-0.6112668726240382,-0.257165449447203,-0.026047294340901063,0.0054962847809125895,0.003815090742329546,5.0
1.3858771754350867,2.361495617843492,1.0056537436156285,-0.6110108186068033,-0.25727859046453005,-0.026163009799820985,0.005500279726126476,0.0038261085356899186,5.0
1.3868773754750947,2.361279563015223,1.005668837645951,-0.6107538855254032,-0.25739204186745873,-0.02627914400771909,0.005504242701128814,0.003837160970802681,5.0
1.3878775755151027,2.361063542115603,1.0056839728672697,-0.6104960701107734,-0.25750580395753625,-0.026395698633887923,0.005508173196147987,0.0038482481577989474,5.0
1.3888777755551107,2.360847555013426,1.0056991492619787,-0.6102373690788965,-0.25761987703271466,-0.026512675354694974,0.005512070696763608,0.003859370206596971,5.0
1.3898779755951187,2.3606316015742816,1.0057143668110138,-0.6099777791308131,-0.25773426138720135,-0.026630075853611213,0.005515934683839464,0.0038705272269059015,5.0
1.3908781756351267,2.3604156816604944,1.0057296254938353,-0.6097172969526393,-0.257848957311312,-0.02674790182124052,0.005519764633456125,0.0038817193282295963,5.0
1.3918783756751347,2.360199795131065,1.005744925288415,-0.609455919215577,-0.25796396509132163,-0.026866154955349723,0.005523560016843103,0.00389294661987048,5.0
1.3928785757151427,2.35998394184161,1.0057602661712186,-0.6091936425759266,-0.2580792850093167,-0.02698483696089964,0.0055273203003106276,0.0039042092109333134,5.0
1.3938787757551507,2.3597681216443007,1.0057756481171902,-0.6089304636750956,-0.2581949173430454,-0.027103949550076292,0.005531044945181003,0.003915507210329059,5.0
1.3948789757951587,2.359552334387804,1.0057910710997358,-0.6086663791396083,-0.2583108623657682,-0.027223494442323255,0.005534733407719545,0.003926840726778645,5.0
1.3958791758351667,2.3593365799172235,1.005806535090708,-0.6084013855811126,-0.25842712034610893,-0.02734347336437451,0.005538385139065131,0.0039382098688167605,5.0
1.3968793758751747,2.3591208580740424,1.005822040060389,-0.6081354795963857,-0.25854369154790363,-0.02746388805028793,0.005541999585160337,0.003949614744795603,5.0
1.3978795759151827,2.35890516869606,1.005837585977475,-0.6078686577673388,-0.25866057623005123,-0.027584740241479375,0.005545576186681137,0.003961055462888585,5.0
1.3988797759551908,2.3586895116173356,1.0058531728090576,-0.6076009166610192,-0.25877777464636137,-0.02770603168675746,0.005549114378966223,0.003972532131093995,5.0
1.3998799759951988,2.358473886668129,1.0058688005206098,-0.6073322528296138,-0.25889528704540504,-0.027827764142358977,0.005552613591945895,0.00398404485723859,5.0
1.4008801760352068,2.3582582936748424,1.0058844690759676,-0.6070626628104486,-0.25901311367036195,-0.027949939371984815,0.0055560732500705085,0.003995593748981148,5.0
1.4018803760752148,2.358042732459961,1.005900178437313,-0.6067921431259867,-0.25913125475886867,-0.028072559146836495,0.005559492772238516,0.004007178913815938,5.0
1.4028805761152228,2.357827202841994,1.0059159285651578,-0.606520690283827,-0.2592497105428674,-0.028195625245653343,0.005562871571724099,0.004018800459076088,5.0
1.4038807761552308,2.3576117046354184,1.005931719418326,-0.606248300776701,-0.25936848124845296,-0.02831913945475011,0.005566209056104367,0.00403045849193694,5.0
1.4048809761952388,2.357396237650619,1.0059475509539355,-0.6059749710824671,-0.25948756709571974,-0.028443103568055163,0.005569504627186089,0.004042153119419202,5.0
1.4058811762352468,2.357180801693831,1.0059634231273824,-0.605700697664103,-0.25960696829860874,-0.028567519387149277,0.005572757680932007,0.004053884448392086,5.0
1.4068813762752548,2.3569653965670807,1.0059793358923228,-0.6054254769697003,-0.25972668506475444,-0.028692388721304866,0.005575967607386724,0.004065652585576338,5.0
1.4078815763152628,2.35675002206813,1.005995289200655,-0.6051493054324537,-0.2598467175953299,-0.0288177133875257,0.0055791337906021,0.004077457637547072,5.0
1.4088817763552708,2.3565346779904166,1.0060112830025016,-0.6048721794706513,-0.25996706608489334,-0.028943495210587276,0.005582255608562236,0.004089299710736591,5.0
1.4098819763952788,2.356319364122997,1.0060273172461909,-0.6045940954876625,-0.26008773072123276,-0.02906973602307734,0.005585332433107951,0.004101178911436995,5.0
1.4108821764352868,2.356104080250487,1.0060433918782419,-0.6043150498719251,-0.2602087116852111,-0.0291964376654373,0.005588363629860807,0.004113095345802678,5.0
1.4118823764752948,2.3558888261530067,1.0060595068433416,-0.6040350389969318,-0.2603300091506106,-0.02932360198600375,0.005591348558146676,0.00412504911985275,5.0
1.4128825765153028,2.355673601606121,1.0060756620843314,-0.6037540592212133,-0.2604516232839768,-0.029451230841050596,0.0055942865709188,0.004137040339473188,5.0
1.4138827765553108,2.3554584063807833,1.006091857542186,-0.603472106888321,-0.2605735542444616,-0.02957932609483157,0.005597177014680344,0.004149069110418958,5.0
1.4148829765953188,2.3552432402432766,1.0061080931559938,-0.6031891783268114,-0.2606958021836671,-0.029707889619623215,0.005600019229406489,0.004161135538315906,5.0
1.4158831766353268,2.3550281029551567,1.0061243688629422,-0.6029052698502236,-0.26081836724548735,-0.029836923295768255,0.0056028125484659476,0.004173239728662507,5.0
1.4168833766753348,2.354812994273194,1.0061406845982956,-0.6026203777570605,-0.26094124956595066,-0.02996642901171936,0.00560555629854206,0.004185381786831467,5.0
1.4178835767153428,2.3545979139493167,1.0061570402953786,-0.6023344983307661,-0.26106444927306105,-0.030096408664083325,0.005608249799553271,0.004197561818071129,5.0
1.4188837767553508,2.354382861730552,1.0061734358855559,-0.602047627839703,-0.26118796648663956,-0.030226864157665546,0.005610892364573106,0.00420977992750672,5.0
1.4198839767953588,2.3541678373589705,1.006189871298213,-0.6017597625371275,-0.26131180131816356,-0.03035779740551507,0.005613483299749603,0.004222036220141383,5.0
1.4208841768353668,2.353952840571627,1.0062063464607374,-0.6014708986611634,-0.2614359538706078,-0.030489210328969788,0.005616021904224152,0.004234330800857074,5.0
1.4218843768753748,2.3537378711005026,1.0062228612985022,-0.6011810324347774,-0.26156042423828263,-0.030621104857702214,0.005618507470049836,0.004246663774415246,5.0
1.4228845769153828,2.3535229286724486,1.0062394157348407,-0.6008901600657481,-0.26168521250667254,-0.03075348292976531,0.005620939282109104,0.004259035245457338,5.0
1.4238847769553908,2.353308013009127,1.006256009691032,-0.6005982777466404,-0.2618103187522745,-0.03088634649163905,0.005623316618030917,0.004271445318505067,5.0
1.4248849769953988,2.3530931238269535,1.0062726430862787,-0.6003053816547719,-0.26193574304243417,-0.031019697498276964,0.005625638748107236,0.004283894097960532,5.0
1.4258851770354068,2.3528782608370404,1.0062893158376895,-0.600011467952185,-0.2620614854351834,-0.031153537913153225,0.005627904935208965,0.004296381688106091,5.0
1.4268853770754149,2.3526634237451374,1.0063060278602562,-0.59971653278561,-0.2621875459790745,-0.03128786970830997,0.005630114434701163,0.004308908193104056,5.0
1.4278855771154229,2.352448612251572,1.0063227790668379,-0.5994205722864366,-0.26231392471301634,-0.03142269486440505,0.005632266494357755,0.004321473716996173,5.0
1.4288857771554309,2.352233826051196,1.0063395693681354,-0.5991235825706762,-0.2624406216661078,-0.03155801537075989,0.005634360354275446,0.004334078363702904,5.0
1.4298859771954389,2.352019064833324,1.0063563986726771,-0.5988255597389265,-0.2625676368574707,-0.0316938332254079,0.0056363952467870905,0.004346722237022453,5.0
1.4308861772354469,2.3518043282816743,1.006373266886794,-0.5985264998763349,-0.26269497029608224,-0.03183015043514296,0.005638370396374258,0.004359405440629613,5.0
1.4318863772754549,2.351589616074313,1.0063901739145997,-0.5982263990525607,-0.26282262198060696,-0.03196696901556848,0.005640285019579243,0.004372128078074364,5.0
1.4328865773154629,2.3513749278835925,1.0064071196579731,-0.597925253321737,-0.26295059189922626,-0.03210429099114636,0.005642138324916273,0.004384890252780312,5.0
1.4338867773554709,2.351160263376095,1.0064241040165343,-0.5976230587224305,-0.2630788800294691,-0.032242118395246676,0.005643929512782025,0.004397692068042802,5.0
1.4348869773954789,2.350945622212573,1.006441126887626,-0.5973198112776005,-0.26320748633803925,-0.0323804532701974,0.0056456577753654065,0.00441053362702689,5.0
1.4358871774354869,2.35073100404789,1.00645818816629,-0.5970155069945565,-0.26333641078064357,-0.03251929766733433,0.005647322296556597,0.004423415032765063,5.0
1.4368873774754949,2.3505164085309613,1.006475287745249,-0.5967101418649173,-0.2634656533018181,-0.032658653647051665,0.005648922251855297,0.004436336388154709,5.0
1.437887577515503,2.350301835304694,1.0064924255148826,-0.5964037118645648,-0.2635952138347537,-0.03279852327885237,0.005650456808278255,0.004449297795955373,5.0
1.438887777555511,2.3500872840059297,1.0065096013632082,-0.5960962129536016,-0.2637250923011196,-0.03293890864139918,0.005651925124265924,0.0044622993587857766,5.0
1.439887977595519,2.3498727542653817,1.0065268151758593,-0.5957876410763041,-0.2638552886108871,-0.03307981182256585,0.005653326349588357,0.004475341179120584,5.0
1.440888177635527,2.3496582457075763,1.006544066836062,-0.5954779921610764,-0.26398580266215094,-0.03322123491948848,0.0056546596252503014,0.004488423359286967,5.0
1.441888377675535,2.3494437579507936,1.0065613562246136,-0.5951672621204032,-0.2641166343409499,-0.03336318003861726,0.005655924083395408,0.004501546001460908,5.0
1.442888577715543,2.3492292906070054,1.0065786832198635,-0.5948554468508015,-0.2642477835210865,-0.03350564929576842,0.00565711884720962,0.004514709207663262,5.0
1.443888777755551,2.349014843281816,1.0065960476976883,-0.5945425422327713,-0.2643792500639445,-0.03364864481617656,0.005658243030823666,0.004527913079755568,5.0
1.444888977795559,2.3488004155744,1.0066134495314694,-0.5942285441307459,-0.2645110338183056,-0.03379216873454705,0.005659295739214662,0.004541157719435645,5.0
1.445889177835567,2.3485860070774436,1.0066308885920736,-0.5939134483930406,-0.26464313462016503,-0.03393622319510892,0.00566027606810685,0.004554443228232894,5.0
1.446889377875575,2.3483716173770803,1.0066483647478282,-0.5935972508518033,-0.26477555229254557,-0.03408081035166793,0.005661183103871381,0.004567769707503416,5.0
1.447889577915583,2.348157246052831,1.006665877864498,-0.593279947322957,-0.2649082866453087,-0.034225932367659695,0.005662015923425185,0.004581137258424824,5.0
1.448889777955591,2.3479428926775423,1.006683427805265,-0.5929615336061528,-0.26504133747496716,-0.03437159141620347,0.005662773594128882,0.004594545981990834,5.0
1.449889977995599,2.3477285568173243,1.0067010144307031,-0.5926420054847124,-0.2651747045644932,-0.03451778968015591,0.005663455173683722,0.004607995979005605,5.0
1.450890178035607,2.3475142380314873,1.006718637598756,-0.5923213587255729,-0.2653083876831268,-0.03466452935216515,0.005664059710027548,0.004621487350077795,5.0
1.451890378075615,2.3472999358724804,1.0067362971647134,-0.5919995890792328,-0.2654423865861816,-0.03481181263472521,0.005664586241229736,0.004635020195614386,5.0
1.452890578115623,2.3470856498858286,1.0067539929811902,-0.5916766922796957,-0.26557670101485,-0.03495964174023073,0.005665033795385139,0.004648594615814245,5.0
1.453890778155631,2.3468713796100675,1.0067717248980996,-0.591352664044412,-0.26571133069600567,-0.03510801889103175,0.0056654013905069935,0.004662210710661417,5.0
1.454890978195639,2.3466571245766836,1.0067894927626315,-0.5910275000742222,-0.2658462753420045,-0.03525694631948894,0.005665688034418754,0.004675868579918171,5.0
1.455891178235647,2.3464428843100467,1.006807296419227,-0.5907011960532976,-0.26598153465048424,-0.03540642626802905,0.005665892724644865,0.004689568323117756,5.0
1.456891378275655,2.3462286583273464,1.006825135709557,-0.590373747649082,-0.2661171083041629,-0.03555646098920066,0.005666014448300471,0.004703310039556922,5.0
1.457891578315663,2.3460144461385313,1.0068430104724968,-0.5900451505122303,-0.266252995970633,-0.035707052745730085,0.005666052181979987,0.004717093828288118,5.0
1.458891778355671,2.3458002472462396,1.0068609205441024,-0.5897154002765501,-0.2663891973021569,-0.03585820381057769,0.005666004891644533,0.004730919788111496,5.0
1.459891978395679,2.345586061145737,1.0068788657575831,-0.5893844925589369,-0.26652571193545793,-0.03600991646699445,0.005665871532508252,0.004744788017566556,5.0
1.460892178435687,2.345371887324848,1.0068968459432819,-0.5890524229593164,-0.2666625394915115,-0.036162193008578696,0.0056656510489234944,0.004758698614923559,5.0
1.461892378475695,2.3451577252638947,1.0069148609286476,-0.5887191870605772,-0.2667996795753316,-0.03631503573933309,0.005665342374264741,0.004772651678174643,5.0
1.462892578515703,2.344943574435627,1.0069329105382097,-0.588384780428511,-0.2669371317757587,-0.03646844697372217,0.00566494443081142,0.004786647305024686,5.0
1.463892778555711,2.3447294343051577,1.006950994593555,-0.5880491986117465,-0.2670748956652425,-0.03662242903672989,0.005664456129629414,0.004800685592881812,5.0
1.464892978595719,2.344515304329895,1.0069691129133034,-0.5877124371416855,-0.26721297079962475,-0.03677698426391755,0.005663876370451428,0.004814766638847682,5.0
1.465893178635727,2.344301183959475,1.006987265313078,-0.5873744915324364,-0.26735135671791854,-0.03693211500148187,0.005663204041556017,0.004828890539707419,5.0
1.466893378675735,2.3440870726356944,1.0070054516054865,-0.5870353572807498,-0.26749005294208644,-0.03708782360631361,0.005662438019645435,0.004843057391919315,5.0
1.467893578715743,2.343872969792443,1.0070236716000884,-0.5866950298659498,-0.26762905897681505,-0.03724411244605613,0.005661577169722077,0.004857267291604138,5.0
1.468893778755751,2.3436588748556337,1.0070419251033749,-0.5863535047498685,-0.2677683743092899,-0.0374009838991646,0.005660620344963704,0.004871520334534216,5.0
1.469893978795759,2.343444787243136,1.0070602119187395,-0.5860107773767756,-0.2679079984089641,-0.03755844035496508,0.005659566386597281,0.004885816616122141,5.0
1.470894178835767,2.343230706364705,1.007078531846454,-0.5856668431733123,-0.26804793072732946,-0.037716484213714284,0.005658414123771501,0.004900156231409216,5.0
1.471894378875775,2.3430166316219125,1.0070968846836421,-0.5853216975484202,-0.26818817069768086,-0.037875117886659405,0.0056571623734279165,0.004914539275053543,5.0
1.472894578915783,2.342802562408076,1.0071152702242496,-0.5849753358932703,-0.26832871773488093,-0.03803434379609816,0.005655809940170673,0.004928965841317789,5.0
1.473894778955791,2.3425884981081886,1.007133688259024,-0.5846277535811948,-0.2684695712351215,-0.038194164375439286,0.005654355616134854,0.004943436024056627,5.0
1.474894978995799,2.3423744380988496,1.0071521385754831,-0.5842789459676152,-0.2686107305756827,-0.038354582069263385,0.005652798180853383,0.0049579499167038375,5.0
1.475895179035807,2.34216038174819,1.0071706209578897,-0.583928908389968,-0.26875219511468884,-0.0385155993333837,0.0056511364011224766,0.004972507612259077,5.0
1.476895379075815,2.341946328415805,1.0071891351872253,-0.5835776361676347,-0.2688939641908633,-0.0386772186349075,0.005649369030865641,0.0049871092032742715,5.0
1.477895579115823,2.3417322774526763,1.0072076810411628,-0.5832251246018676,-0.2690360371232792,-0.03883944245229769,0.005647494810996147,0.005001754781839693,5.0
1.478895779155831,2.341518228201104,1.0072262582940366,-0.5828713689757155,-0.26917841321110864,-0.03900227327543451,0.005645512469278009,0.005016444439569654,5.0
1.479895979195839,2.3413041799946317,1.0072448667168181,-0.5825163645539485,-0.2693210917333678,-0.03916571360567783,0.005643420720185408,0.005031178267587798,5.0
1.480896179235847,2.341090132157972,1.0072635060770905,-0.5821601065829854,-0.2694640719486621,-0.03932976595592954,0.005641218264760609,0.005045956356512103,5.0
1.481896379275855,2.340876084006935,1.0072821761390134,-0.5818025902908137,-0.2696073530949249,-0.039494432850696023,0.005638903790470226,0.005060778796439408,5.0
1.482896579315863,2.3406620348483504,1.0073008766633025,-0.5814438108869171,-0.2697509343891574,-0.03965971682615152,0.005636475971060005,0.005075645676929666,5.0
1.483896779355871,2.340447983979995,1.0073196074071964,-0.5810837635621955,-0.2698948150271619,-0.03982562043020102,0.00563393346640784,0.005090557086989679,5.0
1.484896979395879,2.3402339306905153,1.0073383681244326,-0.5807224434888879,-0.2700389941832754,-0.03999214622254401,0.005631274922375263,0.00510551311505651,5.0
1.485897179435887,2.3400198742593545,1.0073571585652168,-0.5803598458204944,-0.27018347101009843,-0.0401592967747382,0.0056284989706572525,0.005120513848980481,5.0
1.486897379475895,2.3398058139566733,1.0073759784761938,-0.5799959656916959,-0.27032824463822175,-0.04032707467026358,0.005625604228630323,0.005135559376007749,5.0
1.487897579515903,2.3395917490432736,1.0073948276004205,-0.5796307982182749,-0.2704733141759493,-0.040495482504586816,0.005622589299198926,0.005150649782762419,5.0
1.488897779555911,2.339377678770522,1.007413705677334,-0.5792643384970351,-0.27061867870901973,-0.04066452288522584,0.005619452770640128,0.0051657851552282886,5.0
1.489897979595919,2.3391636023802707,1.0074326124427293,-0.578896581605719,-0.2707643373003228,-0.04083419843181473,0.005616193216446525,0.0051809655787300795,5.0
1.490898179635927,2.3389495191047804,1.007451547628721,-0.5785275226029266,-0.2709102889896147,-0.041004511776168845,0.005612809195167393,0.005196191137914298,5.0
1.491898379675935,2.338735428166641,1.0074705109637208,-0.5781571565280329,-0.27105653279322883,-0.04117546556235022,0.005609299250248046,0.00521146191672956,5.0
1.492898579715943,2.338521328778692,1.0074895021724064,-0.5777854784011038,-0.2712030677037843,-0.0413470624467333,0.00560566190986738,0.005226777998406529,5.0
1.493898779755951,2.338307220143943,1.0075085209756907,-0.5774124832228138,-0.2713498926898903,-0.04151930509807075,0.005601895686773555,0.005242139465437295,5.0
1.494898979795959,2.338093101455495,1.0075275670906898,-0.5770381659743582,-0.2714970066958485,-0.04169219619755953,0.005597999078117826,0.005257546399554334,5.0
1.495899179835967,2.337878971896456,1.0075466402306985,-0.5766625216173697,-0.271644408641351,-0.04186573843890743,0.00559397056528648,0.005272998881708937,5.0
1.496899379875975,2.3376648306398646,1.007565740105155,-0.5762855450938321,-0.27179209742117605,-0.0420399345283997,0.005589808613730879,0.005288496992049136,5.0
1.497899579915983,2.3374506768486043,1.007584866419613,-0.5759072313259924,-0.2719400719048792,-0.04221478718496578,0.0055855116727955775,0.005304040809897135,5.0
1.498899779955991,2.337236509675324,1.0076040188757092,-0.575527575216273,-0.27208833093648194,-0.042390299140246376,0.005581078175544391,0.005319630413726177,5.0
1.499899979995999,2.337022328262355,1.0076231971711342,-0.5751465716471852,-0.2722368733341575,-0.04256647313866092,0.005576506538584635,0.005335265881136925,5.0
1.5009001800360071,2.3368081317416256,1.0076424009996,-0.5747642154812367,-0.27238569788991096,-0.04274331193747481,0.005571795161889183,0.0053509472888332325,5.0
1.5019003800760151,2.336593919234582,1.0076616300508088,-0.5743805015608444,-0.2725348033692581,-0.04292081830686735,0.005566942428616647,0.005366674712597376,5.0
1.5029005801160231,2.3363796898521008,1.0076808840104232,-0.5739954247082419,-0.2726841885108996,-0.043098995029999455,0.005561946704929354,0.005382448227264736,5.0
1.5039007801560311,2.3361654426944063,1.0077001625600308,-0.5736089797253893,-0.27283385202639227,-0.04327784490308191,0.005556806339809375,0.005398267906697866,5.0
1.5049009801960391,2.3359511768509855,1.0077194653771158,-0.5732211613938782,-0.27298379259981553,-0.04345737073544357,0.00555151966487231,0.005414133823759968,5.0
1.5059011802360471,2.335736891400502,1.0077387921350258,-0.5728319644748435,-0.27313400888743583,-0.043637575349599805,0.00554608499417906,0.005430046050287767,5.0
1.5069013802760551,2.3355225854107107,1.0077581425029358,-0.5724413837088614,-0.27328449951736483,-0.04381846158132094,0.005540500624045321,0.005446004657063704,5.0
1.5079015803160631,2.3353082579383715,1.007777516145823,-0.572049413815864,-0.27343526308921784,-0.044000032279701354,0.005534764832848994,0.0054620097137876005,5.0
1.5089017803560711,2.3350939080291626,1.0077969127244257,-0.5716560494950363,-0.27358629817376406,-0.044182290307228124,0.005528875880835271,0.0054780612890475335,5.0
1.5099019803960791,2.334879534717595,1.0078163318952154,-0.5712612854247224,-0.2737376033125752,-0.044365238539850145,0.005522832009919534,0.005494159450290129,5.0
1.5109021804360871,2.3346651370269202,1.0078357733103624,-0.5708651162623282,-0.2738891770176706,-0.04454887986704732,0.0055166314434879835,0.005510304263790149,5.0
1.5119023804760952,2.3344507139690474,1.0078552366176998,-0.5704675366442228,-0.2740410177711576,-0.044733217191899814,0.005510272386195916,0.00552649579461937,5.0
1.5129025805161032,2.334236264544452,1.0078747214606942,-0.5700685411856393,-0.2741931240248675,-0.04491825343115754,0.005503753023763703,0.005542734106614722,5.0
1.5139027805561112,2.334021787742086,1.0078942274784073,-0.5696681244805741,-0.27434549419998805,-0.045103991515309465,0.005497071522770377,0.005559019262345707,5.0
1.5149029805961192,2.333807282539291,1.007913754305463,-0.5692662811016862,-0.27449812668669243,-0.04529043438865332,0.005490226030444832,0.005575351323081095,5.0
1.5159031806361272,2.333592747901703,1.0079333015720142,-0.5688630056001952,-0.2746510198437626,-0.04547758500936523,0.005483214674454597,0.005591730348754738,5.0
1.5169033806761352,2.3333781827831683,1.0079528689037063,-0.5684582925057784,-0.27480417199821,-0.045665446349569344,0.005476035562692141,0.0056081563979307495,5.0
1.5179035807161432,2.333163586125648,1.0079724559216439,-0.5680521363264667,-0.27495758144489085,-0.04585402139540768,0.005468686783058663,0.005624629527767715,5.0
1.5189037807561512,2.332948956859126,1.0079920622423533,-0.5676445315485389,-0.27511124644611845,-0.046043313147109875,0.005461166403245419,0.005641149793982182,5.0
1.5199039807961592,2.3327342939015194,1.0080116874777498,-0.5672354726364165,-0.27526516523126865,-0.04623332461906294,0.005453472470512407,0.005657717250811244,5.0
1.5209041808361672,2.332519596158584,1.0080313312351008,-0.5668249540325567,-0.2754193359963848,-0.04642405883988123,0.005445603011464549,0.00567433195097428,5.0
1.5219043808761752,2.332304862523819,1.0080509931169874,-0.5664129701573435,-0.2755737569037741,-0.04661551885247597,0.00543755603182519,0.005690993945633777,5.0
1.5229045809161832,2.332090091878378,1.008070672721276,-0.56599951540898,-0.2757284260816035,-0.046807707714125346,0.005429329516206963,0.005707703284355254,5.0
1.5239047809561912,2.3318752830909686,1.0080903696410721,-0.565584584163376,-0.2758833416234872,-0.04700062849654401,0.005420921427879858,0.005724460015066191,5.0
1.5249049809961992,2.331660435017763,1.0081100834646908,-0.5651681707740374,-0.2760385015880718,-0.04719428428595278,0.005412329708536694,0.005741264184014054,5.0
1.5259051810362072,2.3314455465022985,1.0081298137756176,-0.5647502695719546,-0.2761939039986174,-0.047388678183148486,0.005403552278055764,0.005758115835723351,5.0
1.5269053810762152,2.3312306163753806,1.0081495601524728,-0.5643308748654892,-0.276349546842572,-0.04758381330357329,0.005394587034260659,0.005775015012951625,5.0
1.5279055811162232,2.3310156434549905,1.0081693221689718,-0.5639099809402554,-0.2765054280711427,-0.04777969277738414,0.005385431852677246,0.005791961756644386,5.0
1.5289057811562312,2.3308006265461816,1.008189099393892,-0.5634875820590084,-0.27666154559886086,-0.04797631974952205,0.00537608458628778,0.005808956105889087,5.0
1.5299059811962392,2.3305855644409856,1.0082088913910314,-0.5630636724615241,-0.27681789730314404,-0.04817369737978131,0.0053665430652821144,0.005825998097867912,5.0
1.5309061812362472,2.330370455918313,1.0082286977191723,-0.562638246364483,-0.27697448102385225,-0.048371828842878446,0.005356805096805896,0.005843087767809499,5.0
1.5319063812762552,2.330155299743852,1.0082485179320444,-0.5622112979613474,-0.2771312945628372,-0.04857071732852098,0.005346868464705785,0.005860225148939508,5.0
1.5329065813162632,2.329940094669968,1.008268351578286,-0.5617828214222428,-0.2772883356834907,-0.04877036604147605,0.005336730929271656,0.005877410272429999,5.0
1.5339067813562712,2.3297248394356056,1.0082881982014051,-0.5613528108938354,-0.2774456021102848,-0.048970778201638795,0.005326390226975695,0.005894643167347687,5.0
1.5349069813962792,2.3295095327661848,1.008308057339742,-0.5609212604992061,-0.27760309152830714,-0.0491719570441004,0.005315844070208393,0.005911923860600874,5.0
1.5359071814362872,2.3292941733735004,1.0083279285264302,-0.5604881643377275,-0.2777608015827927,-0.049373905819215906,0.005305090147011346,0.005929252376885196,5.0
1.5369073814762952,2.3290787599556166,1.0083478112893574,-0.5600535164849376,-0.2779187298786492,-0.0495766277926718,0.005294126120806898,0.005946628738628086,5.0
1.5379075815163032,2.328863291196766,1.0083677051511273,-0.5596173109924103,-0.27807687397997627,-0.04978012624555323,0.005282949630124495,0.005964052965931844,5.0
1.5389077815563112,2.3286477657672444,1.008387609629018,-0.5591795418876272,-0.27823523140958095,-0.049984404474410674,0.005271558288323743,0.005981525076515445,5.0
1.5399079815963193,2.328432182323305,1.008407524234946,-0.5587402031738474,-0.27839379964848776,-0.0501894657913266,0.0052599496833141985,0.005999045085654952,5.0
1.5409081816363273,2.3282165395070535,1.008427448475425,-0.5582992888299734,-0.27855257613544115,-0.05039531352398127,0.005248121377271698,0.006016613006122454,5.0
1.5419083816763353,2.3280008359463413,1.0084473818515234,-0.5578567928104197,-0.2787115582664052,-0.05060195101571855,0.005236070906351315,0.0060342288481236486,5.0
1.5429085817163433,2.3277850702546607,1.008467323858829,-0.5574127090449764,-0.2788707433940554,-0.050809381625610876,0.005223795780396842,0.00605189261923387,5.0
1.5439087817563513,2.3275692410310325,1.0084872739874065,-0.5569670314386721,-0.2790301288272665,-0.051017608728523914,0.005211293482646729,0.006069604324332645,5.0
1.5449089817963593,2.3273533468599013,1.008507231721754,-0.5565197538716355,-0.2791897118305927,-0.05122663571518055,0.005198561469436487,0.006087363965536673,5.0
1.5459091818363673,2.3271373863110236,1.0085271965407687,-0.556070870198957,-0.27934948962374484,-0.05143646599222464,0.005185597169897501,0.006105171542131226,5.0
1.5469093818763753,2.3269213579393586,1.0085471679177012,-0.5556203742505459,-0.2795094593810589,-0.051647102982283484,0.005172397985652164,0.006123027050499954,5.0
1.5479095819163833,2.32670526028496,1.0085671453201153,-0.5551682598309869,-0.2796696182309598,-0.05185855012403035,0.005158961290505292,0.0061409304840529585,5.0
1.5489097819563913,2.3264890918728582,1.008587128209847,-0.5547145207193961,-0.2798299632554194,-0.05207081087224598,0.005145284430131819,0.006158881833153227,5.0
1.5499099819963993,2.326272851212954,1.008607116042965,-0.5542591506692734,-0.27999049148940824,-0.05228388869787926,0.0051313647217606706,0.006176881085041281,5.0
1.5509101820364073,2.326056536799903,1.0086271082697225,-0.5538021434083557,-0.280151199920341,-0.0524977870881075,0.0051171994538548125,0.006194928223758095,5.0
1.5519103820764153,2.3258401471130017,1.0086471043345238,-0.5533434926384652,-0.28031208548751557,-0.05271250954639544,0.0051027858857873205,0.0062130232300661,5.0
1.5529105821164233,2.325623680616072,1.0086671036758759,-0.5528831920353573,-0.2804731450815463,-0.05292805959255378,0.00508812124751358,0.006231166081368386,5.0
1.5539107821564313,2.325407135757348,1.0086871057263471,-0.5524212352485689,-0.2806343755437908,-0.05314444076279673,0.0050732027392394454,0.006249356751625986,5.0
1.5549109821964393,2.325190510969356,1.0087071099125255,-0.5519576159012609,-0.2807957736657704,-0.053361656609798434,0.005058027531085361,0.006267595211273182,5.0
1.5559111822364473,2.324973804668802,1.0087271156549735,-0.5514923275900607,-0.28095733618858276,-0.053579710702748536,0.00504259276274627,0.006285881427130795,5.0
1.5569113822764553,2.324757015256452,1.0087471223681892,-0.5510253638849048,-0.2811190598023112,-0.05379860662740689,0.005026895543147504,0.0063042153623174505,5.0
1.5579115823164633,2.3245401411170117,1.0087671294605565,-0.5505567183288749,-0.2812809411454235,-0.05401834798615677,0.005010932950096319,0.006322596976158733,5.0
1.5589117823564713,2.3243231806190097,1.0087871363343062,-0.5500863844380355,-0.28144297680416597,-0.054238938398057254,0.004994702029929186,0.006341026224094159,5.0
1.5599119823964793,2.3241061321146756,1.0088071423854703,-0.5496143557012695,-0.281605163311952,-0.054460381498894476,0.004978199797154807,0.006359503057582007,5.0
1.5609121824364873,2.3238889939398204,1.0088271470038352,-0.5491406255801091,-0.2817674971487407,-0.054682680941231236,0.004961423234092652,0.006378027424001862,5.0
1.5619123824764953,2.3236717644137133,1.0088471495729,-0.5486651875085679,-0.2819299747404106,-0.054905840394455625,0.004944369290507103,0.006396599266554836,5.0
1.5629125825165033,2.32345444183896,1.0088671494698305,-0.5481880348929674,-0.2820925924581265,-0.055129863544828246,0.004927034883237003,0.006415218524161471,5.0
1.5639127825565113,2.3232370245013794,1.0088871460654116,-0.5477091611117646,-0.2822553466176977,-0.05535475409552793,0.004909416895820687,0.006433885131357137,5.0
1.5649129825965193,2.3230195106698788,1.0089071387240067,-0.5472285595153763,-0.2824182334789311,-0.05558051576669602,0.00489151217811641,0.00645259901818514,5.0
1.5659131826365273,2.3228018985963303,1.0089271268035052,-0.5467462234259984,-0.28258124924497463,-0.055807152295478925,0.0048733175459179994,0.006471360110087059,5.0
1.5669133826765353,2.3225841865154435,1.0089471096552807,-0.546262146137429,-0.28274439006165586,-0.056034667436069434,0.00485482978056579,0.006490168327790669,5.0
1.5679135827165434,2.3223663726446397,1.0089670866241416,-0.5457763209148823,-0.282907652016811,-0.056263064959745965,0.004836045628552692,0.006509023587195131,5.0
1.5689137827565514,2.3221484551839233,1.0089870570482862,-0.5452887409948057,-0.2830710311396077,-0.056492348654910124,0.004816961801125431,0.006527925799253488,5.0
1.5699139827965594,2.321930432315756,1.0090070202592525,-0.5447993995846904,-0.28323452339986,-0.05672252232712259,0.004797574973880739,0.006546874869852345,5.0
1.5709141828365674,2.3217123022049257,1.0090269755818724,-0.5443082898628819,-0.283398124707335,-0.05695358979913704,0.004777881786356625,0.00656587069968878,5.0
1.5719143828765754,2.3214940629984167,1.0090469223342229,-0.5438154049783894,-0.28356183091105264,-0.05718555491093198,0.00475787884161844,0.006584913184144226,5.0
1.5729145829165834,2.321275712825279,1.009066859827577,-0.5433207380506875,-0.2837256377985771,-0.05741842151974064,0.004737562705839856,0.006604002213155476,5.0
1.5739147829565914,2.3210572497964974,1.009086787366355,-0.5428242821695212,-0.2838895410953,-0.057652193500078504,0.004716929907878582,0.006623137671082536,5.0
1.5749149829965994,2.3208386720048586,1.0091067042480746,-0.5423260303947036,-0.28405353646371595,-0.05788687474376909,0.0046959769388466984,0.006642319436573404,5.0
1.5759151830366074,2.3206199775248173,1.0091266097633034,-0.5418259757559156,-0.28421761950268987,-0.0581224691599668,0.004674700251675723,0.006661547382425614,5.0
1.5769153830766154,2.320401164412363,1.0091465031956033,-0.5413241112524969,-0.28438178574671635,-0.058358980675177856,0.00465309626067614,0.006680821375444504,5.0
1.5779155831166234,2.3201822307048836,1.0091663838214855,-0.5408204298532407,-0.2845460306651702,-0.058596413233278584,0.004631161341091412,0.0067001412762981195,5.0
1.5789157831566314,2.319963174421029,1.009186250910356,-0.5403149244961807,-0.28471034966154796,-0.05883477079553098,0.0046088918286463255,0.006719506939368654,5.0
1.5799159831966394,2.319743993560576,1.0092061037244682,-0.5398075880883776,-0.2848747380727031,-0.05907405734059588,0.00458628401908975,0.006738918212600373,5.0
1.5809161832366474,2.319524686104288,1.0092259415188656,-0.5392984135057013,-0.2850391911680698,-0.05931427686454309,0.004563334167731492,0.006758374937343903,5.0
1.5819163832766554,2.319305250013777,1.0092457635413314,-0.5387873935926125,-0.2852037041488803,-0.05955543338085872,0.00454003848897338,0.006777876948196868,5.0
1.5829165833166634,2.319085683231364,1.0092655690323387,-0.5382745211619384,-0.28536827214737154,-0.05979753092044967,0.004516393155834336,0.006797424072840632,5.0
1.5839167833566714,2.3188659836799363,1.0092853572249931,-0.5377597889946456,-0.285532890225984,-0.06004057353164491,0.004492394299469459,0.006817016131873248,5.0
1.5849169833966794,2.3186461492628068,1.0093051273449842,-0.537243189839614,-0.2856975533765522,-0.06028456528019352,0.004468038008682987,0.006836652938638396,5.0
1.5859171834366874,2.318426177863571,1.0093248786105253,-0.5367247164134014,-0.28586225651948355,-0.06052951024925964,0.004443320329435021,0.006856334299050206,5.0
1.5869173834766954,2.3182060673459617,1.0093446102323056,-0.5362043614000089,-0.2860269945029311,-0.06077541253941372,0.00441823726434199,0.006876060011413958,5.0
1.5879175835167034,2.3179858155537048,1.0093643214134271,-0.5356821174506413,-0.2861917621019532,-0.061022276268620286,0.004392784772170661,0.006895829866242421,5.0
1.5889177835567114,2.317765420310371,1.00938401134936,-0.5351579771834652,-0.28635655401766813,-0.061270105572222434,0.0043669587673257435,0.006915643646067899,5.0
1.5899179835967194,2.317544879419231,1.0094036792278793,-0.5346319331833633,-0.2865213648763953,-0.06151890460292195,0.004340755119330869,0.006935501125249731,5.0
1.5909181836367274,2.317324190663105,1.009423324229008,-0.534103978001683,-0.28668618922878814,-0.06176867753075573,0.004314169652302911,0.006955402069777216,5.0
1.5919183836767354,2.317103351804212,1.0094429455249683,-0.5335741041559869,-0.28685102154895864,-0.06201942854306861,0.004287198144419532,0.006975346237067786,5.0
1.5929185837167434,2.316882360584021,1.009462542280114,-0.5330423041297928,-0.2870158562335889,-0.062271161844481136,0.004259836327379836,0.006995333375760403,5.0
1.5939187837567514,2.316661214723098,1.009482113650882,-0.5325085703723154,-0.2871806876010355,-0.06252388165685385,0.004232079885858134,0.0070153632255040045,5.0
1.5949189837967594,2.316439911920951,1.0095016587857282,-0.5319728952982008,-0.28734550989042235,-0.06277759221924646,0.004203924456950511,0.007035435516740845,5.0
1.5959191838367675,2.316218449855879,1.0095211768250731,-0.5314352712872595,-0.28751031726072257,-0.06303229778787287,0.004175365629614307,0.007055549970484707,5.0
1.5969193838767755,2.3159968261848105,1.0095406669012397,-0.5308956906841948,-0.2876751037898322,-0.06328800263605122,0.004146398944100245,0.007075706298093774,5.0
1.5979195839167835,2.3157750385431513,1.0095601281383952,-0.530354145798326,-0.2878398634736307,-0.06354471105414884,0.004117019891377285,0.0070959042010380795,5.0
1.5989197839567915,2.3155530845446255,1.0095795596524917,-0.5298106289033085,-0.2880045902250329,-0.06380242734952252,0.00408722391254983,0.007116143370661388,5.0
1.5999199839967995,2.3153309617811124,1.009598960551202,-0.5292651322368506,-0.2881692778730291,-0.06406115584645314,0.004057006398267429,0.007136423487937355,5.0
1.6009201840368075,2.3151086678224884,1.0096183299338648,-0.5287176480004251,-0.2883339201617143,-0.06432090088607506,0.004026362688126716,0.0071567442232199005,5.0
1.6019203840768155,2.3148862002164643,1.0096376668914173,-0.528168168358977,-0.2884985107493075,-0.06458166682629998,0.00399528807006552,0.007177105235987552,5.0
1.6029205841168235,2.314663556488422,1.0096569705063327,-0.5276166854406249,-0.2886630432071571,-0.06484345804173465,0.003963777779748993,0.007197506174581673,5.0
1.6039207841568315,2.3144407341412476,1.0096762398525632,-0.5270631913363629,-0.28882751101873905,-0.06510627892359319,0.003931826999947729,0.0072179466759384695,5.0
1.6049209841968395,2.3142177306551663,1.0096954739954696,-0.5265076780997527,-0.2889919075786397,-0.06537013387960275,0.003899430859907592,0.00723842636531451,5.0
1.6059211842368475,2.313994543487575,1.0097146719917613,-0.5259501377466128,-0.28915622619152925,-0.06563502733390297,0.0038665844347113548,0.007258944856005722,5.0
1.6069213842768555,2.3137711700728723,1.0097338328894314,-0.5253905622547065,-0.2893204600711232,-0.06590096372693907,0.0038332827446317637,0.007279501749059647,5.0
1.6079215843168635,2.3135476078222883,1.0097529557276872,-0.5248289435634179,-0.2894846023391307,-0.06616794751534784,0.003799520754476089,0.007300096632980745,5.0
1.6089217843568715,2.3133238541237113,1.0097720395368894,-0.5242652735734308,-0.2896486460241928,-0.06643598317183698,0.003765293372921993,0.007320729083428703,5.0
1.6099219843968795,2.313099906341517,1.0097910833384836,-0.5236995441463974,-0.28981258406080734,-0.0667050751850571,0.00373059545184453,0.0073413986629095014,5.0
1.6109221844368875,2.3128757618163895,1.0098100861449308,-0.5231317471046051,-0.2899764092882413,-0.06697522805946628,0.0036954217856341926,0.007362104920459031,5.0
1.6119223844768955,2.312651417865146,1.0098290469596434,-0.5225618742306346,-0.29014011444943155,-0.06724644631518709,0.003659767110505845,0.0073828473913191694,5.0
1.6129225845169035,2.3124268717805605,1.0098479647769127,-0.5219899172670173,-0.2903036921898728,-0.0675187344878555,0.003623626103798423,0.007403625596606023,5.0
1.6139227845569115,2.3122021208311825,1.0098668385818417,-0.5214158679158836,-0.29046713505649174,-0.06779209712846226,0.0035869933832651897,0.00742443904297029,5.0
1.6149229845969195,2.3119771622611514,1.0098856673502745,-0.5208397178386084,-0.29063043549651046,-0.06806653880318501,0.0035498635063544682,0.007445287222249389,5.0
1.6159231846369275,2.3117519932900192,1.0099044500487255,-0.5202614586554482,-0.2907935858562935,-0.06834206409321253,0.0035122309694807334,0.00746616961111124,5.0
1.6169233846769355,2.3115266111125625,1.0099231856343094,-0.5196810819451766,-0.29095657838018474,-0.06861867759455995,0.003474090207285783,0.007487085670689561,5.0
1.6179235847169435,2.3113010128985936,1.0099418730546665,-0.5190985792447103,-0.29111940520933033,-0.06889638391787453,0.0034354355918899573,0.007508034846210311,5.0
1.6189237847569515,2.311075195792775,1.0099605112478924,-0.5185139420487295,-0.2912820583804853,-0.06917518768823228,0.00339626143213315,0.007529016566609165,5.0
1.6199239847969595,2.310849156914425,1.0099790991424633,-0.5179271618092967,-0.29144452982481056,-0.06945509354492495,0.0033565619728055432,0.0075500302441398204,5.0
1.6209241848369675,2.310622893357327,1.0099976356571634,-0.517338229935464,-0.29160681136665256,-0.06973610614123674,0.0033163313938678308,0.007571075273972853,5.0
1.6219243848769755,2.310396402189536,1.0100161197010071,-0.516747137792877,-0.2917688947223107,-0.07001823014421091,0.003275563809660757,0.007592151033784902,5.0
1.6229245849169835,2.3101696804531775,1.0100345501731665,-0.5161538767033715,-0.29193077149878977,-0.07030147023440586,0.003234253268103873,0.007613256883338009,5.0
1.6239247849569916,2.309942725164251,1.0100529259628945,-0.5155584379445654,-0.2920924331925382,-0.07058583110564028,0.003192393749883287,0.007634392164048781,5.0
1.6249249849969996,2.3097155333124286,1.0100712459494463,-0.5149608127494413,-0.2922538711881715,-0.0708713174647268,0.0031499791676281893,0.007655556198547173,5.0
1.6259251850370076,2.3094881018608517,1.010089509002003,-0.5143609923059251,-0.2924150767571807,-0.07115793403119453,0.003107003365076024,0.007676748290224666,5.0
1.6269253850770156,2.309260427745925,1.0101077139795933,-0.5137589677564564,-0.292576041056626,-0.07144568553699947,0.0030634601162260987,0.007697967722771493,5.0
1.6279255851170236,2.3090325078771063,1.0101258597310159,-0.513154730197551,-0.2927367551278162,-0.07173457672622272,0.0030193431244815304,0.007719213759702787,5.0
1.6289257851570316,2.3088043391366986,1.0101439450947556,-0.5125482706793604,-0.2928972098949697,-0.07202461235475605,0.0029746460217791168,0.007740485643873212,5.0
1.6299259851970396,2.308575918379636,1.0101619688989054,-0.5119395802052179,-0.2930573961638633,-0.07231579718997448,0.002929362367707207,0.007761782596979926,5.0
1.6309261852370476,2.3083472424332707,1.0101799299610863,-0.5113286497311835,-0.29321730462046375,-0.07260813601039597,0.0028834856486111976,0.007783103819053597,5.0
1.6319263852770556,2.308118308097151,1.0101978270883607,-0.5107154701655773,-0.2933769258295426,-0.07290163360532644,0.0028370092766864877,0.007804448487937051,5.0
1.6329265853170636,2.3078891121428025,1.0102156590771556,-0.5101000323685072,-0.2935362502332766,-0.07319629477449202,0.0027899265890587647,0.007825815758751431,5.0
1.6339267853570716,2.307659651313507,1.0102334247131728,-0.509482327151389,-0.2936952681498299,-0.07349212432765516,0.002742230846851287,0.007847204763349417,5.0
1.6349269853970796,2.307429922324075,1.010251122771305,-0.5088623452764559,-0.2938539697719203,-0.07378912708421723,0.002693915234239047,0.007868614609755261,5.0
1.6359271854370876,2.307199921860616,1.010268752015555,-0.508240077456265,-0.2940123451653694,-0.07408730787280508,0.002644972857489547,0.007890044381591365,5.0
1.6369273854770956,2.306969646580312,1.0102863111989424,-0.507615514353192,-0.29417038426763453,-0.07438667153084168,0.0025953967439900417,0.007911493137490965,5.0
1.6379275855171036,2.30673909311118,1.010303799063421,-0.5069886465789175,-0.2943280768863242,-0.07468722290410071,0.0025451798412609032,0.007932959910496674,5.0
1.6389277855571116,2.306508258051838,1.0103212143397844,-0.5063594646939064,-0.2944854126976952,-0.0749889668462445,0.0024943150159549743,0.007954443707444534,5.0
1.6399279855971196,2.3062771379712643,1.0103385557475841,-0.5057279592068794,-0.294642381245133,-0.07529190821834451,0.0024427950528426523,0.007975943508333212,5.0
1.6409281856371276,2.306045729408555,1.0103558219950313,-0.5050941205742727,-0.2947989719376138,-0.07559605188838427,0.002390612653782547,0.007997458265677965,5.0
1.6419283856771356,2.305814028872682,1.0103730117789071,-0.5044579391996925,-0.29495517404814753,-0.07590140273074382,0.0023377604366772767,0.00801898690384909,5.0
1.6429285857171436,2.3055820328422434,1.0103901237844715,-0.503819405433358,-0.29511097671220365,-0.07620796562566601,0.0022842309344143427,0.008040528318394347,5.0
1.6439287857571516,2.305349737765216,1.0104071566853658,-0.5031785095715358,-0.29526636892611785,-0.07651574545870288,0.0022300165937917168,0.008062081375345103,5.0
1.6449289857971596,2.305117140058697,1.010424109143518,-0.5025352418559654,-0.2954213395454795,-0.07682474712014266,0.0021751097744280383,0.0080836449105058,5.0
1.6459291858371676,2.3048842361086517,1.0104409798090455,-0.5018895924732751,-0.2955758772834994,-0.07713497550441613,0.0021195027476569525,0.008105217728726194,5.0
1.6469293858771756,2.3046510222696512,1.010457767320154,-0.5012415515543871,-0.29572997070935925,-0.07744643550948226,0.002063187695405485,0.008126798603156125,5.0
1.6479295859171836,2.3044174948646137,1.0104744703030446,-0.5005911091739149,-0.2958836082465415,-0.07775913203619217,0.0020061567090561465,0.008148386274482361,5.0
1.6489297859571916,2.3041836501845365,1.0104910873718052,-0.49993825534954844,-0.2960367781711375,-0.07807306998763108,0.0019484017882923862,0.008169979450146955,5.0
1.6499299859971996,2.3039494844882302,1.01050761712831,-0.499282980041429,-0.29618946861013606,-0.07838825426843721,0.00188991483992725,0.008191576803546832,5.0
1.6509301860372076,2.3037149940020436,1.0105240581621162,-0.49862527315151656,-0.2963416675396935,-0.07870468978409773,0.0018306876767149101,0.008213176973214106,5.0
1.6519303860772157,2.3034801749195886,1.0105404090503565,-0.49796512452294217,-0.2964933627833787,-0.07902238144022024,0.0017707120161447655,0.008234778561976568,5.0
1.6529305861172237,2.303245023401465,1.010556668357631,-0.497302523939354,-0.2966445420104019,-0.07934133414177999,0.0017099794792177232,0.008256380136097984,5.0
1.6539307861572317,2.3030095355749785,1.0105728346359044,-0.4966374611242473,-0.2967951927338174,-0.07966155279234116,0.0016484815892044526,0.008277980224397626,5.0
1.6549309861972397,2.3027737075338512,1.0105889064243847,-0.4959699257402882,-0.2969453023087081,-0.07998304229325255,0.0015862097703852975,0.008299577317348575,5.0
1.6559311862372477,2.3025375353379367,1.0106048822494198,-0.49529990738862223,-0.2970948579303456,-0.08030580754281617,0.0015231553467714464,0.00832116986615429,5.0
1.6569313862772557,2.3023010150129264,1.0106207606243796,-0.4946273956081721,-0.29724384663232917,-0.08062985343542838,0.001459309540807071,0.00834275628180282,5.0
1.6579315863172637,2.3020641425500528,1.0106365400495405,-0.493952379874924,-0.297392255284701,-0.08095518486069249,0.0013946634720520671,0.008364334934098243,5.0
1.6589317863572717,2.301826913905788,1.010652219011968,-0.4932748496012023,-0.2975400705920401,-0.08128180670250287,0.001329208155845097,0.008385904150668658,5.0
1.6599319863972797,2.3015893250015407,1.0106677959853998,-0.4925947941349289,-0.2976872790915307,-0.08160972383809852,0.0012629345019464606,0.00840746221595025,5.0
1.6609321864372877,2.301351371723348,1.0106832694301227,-0.49191220275887415,-0.29783386715100896,-0.08193894113708643,0.0011958333131606039,0.008429007370146763,5.0
1.6619323864772957,2.301113049921561,1.0106986377928517,-0.491227064689891,-0.2979798209669837,-0.08226946346043305,0.0011278952839376747,0.008450537808163799,5.0
1.6629325865173037,2.300874355410531,1.0107138995066043,-0.4905393690781369,-0.2981251265626336,-0.08260129565942374,0.0010591109989539498,0.008472051678517377,5.0
1.6639327865573117,2.3006352839682833,1.0107290529905748,-0.4898491050062843,-0.29826976978578074,-0.08293444257458879,0.0009894709316706327,0.008493547082216068,5.0
1.6649329865973197,2.300395831336196,1.0107440966500076,-0.4891562614887139,-0.298413736306836,-0.08326890903459513,0.0009189654428705972,0.008515022071616052,5.0
1.6659331866373277,2.3001559932186635,1.0107590288760657,-0.4884608274706979,-0.29855701161672255,-0.08360469985510337,0.0008475847791727871,0.008536474649248497,5.0
1.6669333866773357,2.299915765282769,1.0107738480456985,-0.4877627918275639,-0.2986995810247707,-0.08394181983758821,0.0007753190715236558,0.008557902766618471,5.0
1.6679335867173437,2.2996751431579363,1.01078855252151,-0.4870621433638506,-0.2988414296565875,-0.08428027376812265,0.0007021583336654507,0.008579304322974872,5.0
1.6689337867573517,2.2994341224355894,1.0108031406516236,-0.4863588708124418,-0.2989825424518995,-0.08462006641612342,0.0006280924605807169,0.008600677164050375,5.0
1.6699339867973597,2.299192698668801,1.0108176107695406,-0.4856529628336906,-0.29912290416236925,-0.0849612025330582,0.000553111226912743,0.008622019080771074,5.0
1.6709341868373677,2.298950867371938,1.0108319611940055,-0.4849444080145261,-0.2992624993493826,-0.08530368685111187,0.000477204285361332,0.008643327807934687,5.0
1.6719343868773757,2.2987086240202985,1.0108461902288586,-0.4842331948675423,-0.29940131238180867,-0.08564752408181214,0.0004003611650535173,0.008664601022856712,5.0
1.6729345869173837,2.298465964049748,1.0108602961628963,-0.4835193118300756,-0.29953932743373296,-0.08599271891461323,0.0003225712698887605,0.008685836343983871,5.0
1.6739347869573917,2.2982228828563467,1.0108742772697232,-0.48280274726326167,-0.2996765284821596,-0.08633927601543552,0.00024382387685812482,0.008707031329473836,5.0
1.6749349869973997,2.297979375795975,1.0108881318076015,-0.4820834894510775,-0.299812899304685,-0.08668720002516109,0.0001641081343369415,0.008728183475740572,5.0
1.6759351870374077,2.297735438183947,1.0109018580193025,-0.4813615265993664,-0.29994842347714284,-0.08703649555808335,8.341306035042673e-05,0.008749290215964333,5.0
1.6769353870774157,2.297491065294625,1.0109154541319514,-0.4806368468348445,-0.3000830843712172,-0.08738716720030978,1.727540811760875e-06,0.008770348918565573,5.0
1.6779355871174237,2.2972462523610235,1.0109289183568742,-0.47990943820409165,-0.30021686515202617,-0.08773921950811663,-8.095967226786813e-05,0.008791356885641796,5.0
1.6789357871574317,2.297000994574409,1.0109422488894348,-0.4791792886725221,-0.30034974877567383,-0.08809265700625389,-0.0001646599625978864,0.008812311351366488,5.0
1.6799359871974398,2.296755287083895,1.0109554439088775,-0.4784463861233377,-0.30048171798677104,-0.08844748418619953,-0.00024938485145611526,0.008833209480349153,5.0
1.6809361872374478,2.2965091249960254,1.0109685015781618,-0.4777107183564612,-0.3006127553159233,-0.08880370550436166,-0.000335145999566295,0.008854048365955549,5.0
1.6819363872774558,2.2962625033743578,1.0109814200437979,-0.476972273087453,-0.3007428430771868,-0.08916132538022718,-0.00042195520900594955,0.008874825028587132,5.0
1.6829365873174638,2.2960154172390355,1.0109941974356773,-0.4762310379464039,-0.3008719633654903,-0.08952034819445542,-0.0005098244251451741,0.008895536413918704,5.0
1.6839367873574718,2.2957678615663553,1.0110068318668999,-0.475487000476813,-0.30100009805402395,-0.08988077828691547,-0.0005987657386169777,0.008916179391093222,5.0
1.6849369873974798,2.295519831288325,1.0110193214336023,-0.47474014813444027,-0.30112722879159365,-0.09024261995466547,-0.0006887913873198014,0.00893675075087274,5.0
1.6859371874374878,2.2952713212922187,1.011031664214779,-0.4739904682861416,-0.3012533369999396,-0.09060587744987274,-0.0007799137584528739,0.008957247203744398,5.0
1.6869373874774958,2.295022326420118,1.011043858272105,-0.4732379482086801,-0.30137840387102127,-0.09097055497767273,-0.0008721453905850312,0.008977665377980306,5.0
1.6879375875175038,2.294772841468452,1.0110559016497516,-0.4724825750875182,-0.3015024103642638,-0.09133665669396548,-0.0009654989757577127,0.00899800181765029,5.0
1.6889377875575118,2.2945228611875237,1.0110677923742026,-0.4717243360155846,-0.30162533720376977,-0.09170418670314792,-0.0010599873616228056,0.009018252980586207,5.0
1.6899379875975198,2.294272380281034,1.0110795284540657,-0.47096321799202134,-0.30174716487549225,-0.09207314905578011,-0.0011556235536160672,0.009038415236296803,5.0
1.6909381876375278,2.2940213934055924,1.011091107879881,-0.47019920792090464,-0.3018678736243708,-0.09244354774618434,-0.0012524207171668229,0.009058484863831675,5.0
1.6919383876775358,2.2937698951702203,1.0111025286239284,-0.46943229260994535,-0.30198744345142803,-0.09281538670997398,-0.001350392179944691,0.009078458049593296,5.0
1.6929385877175438,2.29351788013585,1.0111137886400285,-0.4686624587691627,-0.30210585411082763,-0.09318866982151205,-0.0014495514341441437,0.009098330885095719,5.0
1.6939387877575518,2.2932653428148084,1.0111248858633457,-0.4678896930095338,-0.302223085106891,-0.09356340089129615,-0.0015499121388075597,0.00911809936466868,5.0
1.6949389877975598,2.2930122776702957,1.0111358182101822,-0.4671139818416206,-0.30233911569107613,-0.09393958366326859,-0.0016514881221876584,0.009137759383105773,5.0
1.6959391878375678,2.2927586791158556,1.0111465835777724,-0.46633531167416653,-0.3024539248589112,-0.09431722181204968,-0.0017542933841501332,0.009157306733255263,5.0
1.6969393878775758,2.292504541514834,1.0111571798440728,-0.4655536688126713,-0.30256749134688893,-0.09469631894009178,-0.0018583420986172082,0.009176737103552228,5.0
1.6979395879175838,2.2922498591798277,1.0111676048675464,-0.464769039457937,-0.3026797936293178,-0.0950768785747529,-0.001963648616053067,0.009196046075490575,5.0
1.6989397879575918,2.2919946263721283,1.0111778564869462,-0.46398140970458607,-0.30279080991512763,-0.09545890416528643,-0.0020702274659919286,0.00921522912103336,5.0
1.6999399879975998,2.2917388373011502,1.0111879325210964,-0.4631907655395541,-0.30290051814463353,-0.09584239907974641,-0.0021780933596097234,0.009234281599960103,5.0
1.7009401880376078,2.291482486123857,1.0111978307686607,-0.4623970928405512,-0.30300889598625247,-0.09622736660180452,-0.0022872611923401885,0.009253198757149382,5.0
1.7019403880776158,2.291225566944168,1.0112075490079189,-0.4616003773744983,-0.3031159208331761,-0.09661380992747812,-0.0023977460465363764,0.009271975719795244,5.0
1.7029405881176238,2.2909680738123623,1.0112170849965272,-0.46080060479592877,-0.3032215697999936,-0.09700173216176522,-0.0025095631941784748,0.009290607494555722,5.0
1.7039407881576318,2.2907100007244736,1.0112264364712824,-0.459997760645365,-0.3033258197192704,-0.09739113631518573,-0.002622728099628909,0.009309088964631911,5.0
1.7049409881976398,2.2904513416216687,1.0112356011478774,-0.45919183034765987,-0.3034286471380751,-0.09778202530022531,-0.002737256422435701,0.009327414886775848,5.0
1.7059411882376478,2.2901920903896205,1.0112445767206528,-0.4583827992103108,-0.30353002831445947,-0.09817440192767979,-0.0028531640201851557,0.009345579888225484,5.0
1.7069413882776558,2.28993224085787,1.0112533608623433,-0.4575706524217381,-0.30362993921388687,-0.09856826890289785,-0.0029704669514047832,0.009363578463564951,5.0
1.7079415883176639,2.289671786799177,1.0112619512238166,-0.45675537504953245,-0.3037283555056086,-0.09896362882191823,-0.0030891814785176832,0.009381404971508259,5.0
1.7089417883576719,2.2894107219288595,1.0112703454338132,-0.45593695203866885,-0.3038252525589894,-0.09936048416750018,-0.0032093240708493845,0.009399053631604681,5.0
1.7099419883976799,2.289149039904122,1.0112785410986729,-0.4551153682096848,-0.3039206054397786,-0.09975883730504367,-0.003330911407688286,0.009416518520863695,5.0
1.7109421884376879,2.2888867343233734,1.0112865358020626,-0.45429060825682466,-0.30401438890632715,-0.1001586904783961,-0.003453960381400906,0.009433793570297649,5.0
1.7119423884776959,2.288623798725536,1.0112943271046932,-0.45346265674614766,-0.30410657740574903,-0.1005600458055433,-0.003578488100603041,0.009450872561380094,5.0
1.7129425885177039,2.288360226589334,1.011301912544035,-0.4526314981135986,-0.30419714507002565,-0.10096290527418172,-0.003704511893388167,0.009467749122417686,5.0
1.7139427885577119,2.2880960113325797,1.0113092896340226,-0.4517971166630422,-0.30428606571205336,-0.10136727073716842,-0.003832049310614273,0.009484416724833486,5.0
1.7149429885977199,2.2878311463114387,1.0113164558647607,-0.4509594965642577,-0.3043733128216312,-0.10177314390784603,-0.0039611181292504676,0.009500868679359467,5.0
1.7159431886377279,2.2875656248196874,1.0113234087022165,-0.45011862185089346,-0.30445885956138896,-0.1021805263552393,-0.004091736355784654,0.009517098132136,5.0
1.7169433886777359,2.2872994400879545,1.011330145587914,-0.44927447641838275,-0.3045426787626531,-0.10258941949912014,-0.004223922229693708,0.00953309806071599,5.0
1.7179435887177439,2.287032585282948,1.0113366639386137,-0.448427044021818,-0.3046247429212519,-0.10299982460493769,-0.0043576942269775015,0.009548861269971258,5.0
1.718943788757752,2.2867650535066684,1.0113429611459954,-0.44757630827378037,-0.304705024193254,-0.10341174277860983,-0.004493071063758301,0.009564380387898728,5.0
1.71994398879776,2.2864968377956063,1.0113490345763296,-0.4467222526421286,-0.304783494390644,-0.10382517496117326,-0.004630071699946961,0.009579647861323952,5.0
1.720944188837768,2.286227931119925,1.011354881570142,-0.4458648604477423,-0.30486012497693044,-0.10424012192328709,-0.0047687153429774995,0.009594655951499342,5.0
1.721944388877776,2.285958326382627,1.0113604994418777,-0.44500411486221825,-0.3049348870626845,-0.10465658425958839,-0.004909021451611595,0.00960939672959457,5.0
1.722944588917784,2.2856880164187023,1.011365885479553,-0.4441399989055237,-0.3050077514010128,-0.10507456238289381,-0.0050510097398145685,0.00962386207207639,5.0
1.723944788957792,2.2854169939942617,1.0113710369444047,-0.4432724954435973,-0.305078688382955,-0.10549405651824482,-0.005194700180704596,0.009638043655975112,5.0
1.7249449889978,2.285145251805652,1.011375951070534,-0.4424015871859062,-0.30514766803281257,-0.10591506669679204,-0.00534011301057678,0.009651932954034943,5.0
1.725945189037808,2.2848727824785526,1.011380625064538,-0.441527256682948,-0.3052146600034011,-0.10633759274951418,-0.005487268733003718,0.0096655212297453,5.0
1.726945389077816,2.2845995785670565,1.0113850561051432,-0.4406494863237061,-0.30527963357122917,-0.10676163430076846,-0.005636188123014545,0.009678799532250131,5.0
1.727945589117824,2.2843256325527266,1.0113892413428227,-0.4397682583330492,-0.3053425576315983,-0.10718719076166731,-0.005786892231354034,0.009691758691132195,5.0
1.728945789157832,2.284050936843642,1.0113931778994159,-0.43888355476907936,-0.3054034006936252,-0.10761426132327721,-0.005939402388823691,0.00970438931106928,5.0
1.72994598919784,2.283775483773417,1.0113968628677317,-0.43799535752042534,-0.3054621308751846,-0.10804284494963587,-0.006093740210706754,0.0097166817663592,5.0
1.730946189237848,2.283499265600206,1.0114002933111517,-0.43710364830347687,-0.3055187158977667,-0.10847294037058115,-0.006249927601278992,0.009728626195310123,5.0
1.731946389277856,2.2832222745056834,1.0114034662632185,-0.43620840865956517,-0.3055731230812544,-0.10890454607438976,-0.0064079867584072876,0.00974021249449325,5.0
1.732946589317864,2.2829445025940074,1.0114063787272236,-0.435309619952083,-0.3056253193386128,-0.10933766030021888,-0.006567940178238028,0.009751430312854158,5.0
1.733946789357872,2.2826659418907616,1.0114090276757783,-0.4344072633635443,-0.30567527117049076,-0.10977228103034609,-0.006729810659977333,0.00976226904567951,5.0
1.73494698939788,2.282386584341877,1.0114114100503815,-0.4335013198925819,-0.3057229446597336,-0.11020840598220294,-0.006893621310765347,0.009772717828415458,5.0
1.735947189437888,2.2821064218125287,1.0114135227609775,-0.43259177035088314,-0.3057683054658047,-0.11064603260019708,-0.007059395550646701,0.009782765530334107,5.0
1.736947389477896,2.281825446086016,1.0114153626855005,-0.43167859536006004,-0.30581131881911167,-0.11108515804731653,-0.0072271571176393355,0.009792400748044388,5.0
1.737947589517904,2.2815436488626184,1.0114169266694155,-0.43076177534845306,-0.30585194951523814,-0.11152577919651208,-0.007396930072904191,0.009801611798843318,5.0
1.738947789557912,2.281261021758424,1.0114182115252435,-0.42984129054786685,-0.30589016190907753,-0.11196789262185099,-0.007568738806017835,0.009810386713903857,5.0
1.73994798959792,2.280977556304143,1.011419214032078,-0.4289171209902357,-0.3059259199088643,-0.11241149458943693,-0.007742608040350699,0.009818713231295201,5.0
1.740948189637928,2.280693243943889,1.0114199309350937,-0.4279892465042196,-0.3059591869701063,-0.11285658104808995,-0.00791856283855327,0.009826578788831506,5.0
1.741948389677936,2.2804080760339436,1.011420358945041,-0.4270576467117234,-0.30598992608940817,-0.11330314761978058,-0.008096628608152976,0.009833970516744513,5.0
1.742948589717944,2.280122043841486,1.0114204947377308,-0.42612230102434284,-0.30601809979819,-0.11375118958981228,-0.008276831107264208,0.00984087523017599,5.0
1.743948789757952,2.2798351385433038,1.0114203349535067,-0.4251831886397325,-0.3060436701562933,-0.11420070189674464,-0.00845919645041436,0.009847279421485259,5.0
1.74494898979796,2.2795473512244735,1.0114198761967121,-0.42424028853789386,-0.30606659874547687,-0.11465167912205276,-0.008643751114488635,0.009853169252367303,5.0
1.745949189837968,2.2792586728770132,1.0114191150351362,-0.42329357947738344,-0.30608684666279473,-0.11510411547951473,-0.008830521944796525,0.009858530545776718,5.0
1.746949389877976,2.2789690943985037,1.011418047999456,-0.4223430399914336,-0.30610437451385664,-0.11555800480432071,-0.009019536161262852,0.009863348777652513,5.0
1.747949589917984,2.2786786065906837,1.011416671582663,-0.4213886483839901,-0.3061191424059673,-0.11601334054189727,-0.009210821364746487,0.009867609068439006,5.0
1.748949789957992,2.278387200158008,1.011414982239481,-0.42043038272566124,-0.3061311099411416,-0.11647011573643942,-0.009404405543489891,0.00987129617439743,5.0
1.749949989998,2.278094865706178,1.0114129763857655,-0.41946822084957286,-0.30614023620899156,-0.11692832301914283,-0.009600317079702606,0.009874394478703214,5.0
1.750950190038008,2.2778015937406386,1.011410650397902,-0.4185021403471346,-0.3061464797794844,-0.11738795459612979,-0.009798584756282085,0.009876887982323442,5.0
1.751950390078016,2.277507374665035,1.0114080006121773,-0.41753211856370664,-0.3061497986955659,-0.11784900223605987,-0.009999237763675133,0.009878760294669057,5.0
1.752950590118024,2.27721219877964,1.0114050233241518,-0.41655813259416896,-0.30615015046564664,-0.11831145725741907,-0.010202305706883512,0.009879994624016092,5.0
1.753950790158032,2.2769160562797435,1.011401714788005,-0.41558015927839054,-0.30614749205594893,-0.11877531051547814,-0.010407818612617177,0.009880573767690252,5.0
1.75495099019804,2.2766189372540016,1.0113980712158803,-0.4145981751965934,-0.3061417798827096,-0.11924055238891239,-0.0106158069365988,0.009880480102008876,5.0
1.755951190238048,2.2763208316827503,1.0113940887772044,-0.41361215666461054,-0.3061329698042336,-0.1197071727660749,-0.010826301571023354,0.009879695571974217,5.0
1.756951390278056,2.276021729436279,1.0113897635979994,-0.4126220797290349,-0.3061210171128016,-0.12017516103091481,-0.011039333852176446,0.009878201680711943,5.0
1.757951590318064,2.275721620273063,1.0113850917601725,-0.4116279201622543,-0.30610587652641613,-0.12064450604853015,-0.011254935568215255,0.009875979478648416,5.0
1.758951790358072,2.2754204938379576,1.011380069300796,-0.4106296534573726,-0.3060875021803944,-0.1211151961503488,-0.01147313896711626,0.009873009552420361,5.0
1.75995199039808,2.275118339660346,1.0113746922113624,-0.4096272548230119,-0.30606584761879535,-0.12158721911892625,-0.011693976764793576,0.0098692720135102,5.0
1.760952190438088,2.27481514715225,1.0113689564370327,-0.408620699177992,-0.30604086578568174,-0.1220605621723522,-0.011917482153392184,0.009864746486600427,5.0
1.761952390478096,2.274510905606394,1.011362857875848,-0.40760996114588477,-0.30601250901621013,-0.12253521194825456,-0.012143688809760288,0.009859412097639863,5.0
1.762952590518104,2.2742056041942247,1.0113563923779405,-0.40659501504944173,-0.3059807290275452,-0.12301115448739376,-0.012372630904105172,0.009853247461614815,5.0
1.763952790558112,2.2738992319638864,1.0113495557447092,-0.4055758349048865,-0.3059454769095952,-0.12348837521683399,-0.012604343108836989,0.00984623067001779,5.0
1.76495299059812,2.27359177783815,1.0113423437279818,-0.40455239441607416,-0.3059067031155614,-0.12396685893268361,-0.012838860607605184,0.009838339278006255,5.0
1.765953190638128,2.2732832306122956,1.0113347520291496,-0.40352466696850725,-0.3058643574522983,-0.12444658978239244,-0.01307621910453201,0.00982955029124382,5.0
1.766953390678136,2.2729735789519423,1.0113267762982794,-0.40249262562321125,-0.30581838907047987,-0.12492755124659617,-0.013316454833648338,0.009819840152415927,5.0
1.767953590718144,2.2726628113908345,1.011318412133203,-0.4014562431104595,-0.30576874645456487,-0.12540972612049608,-0.013559604568536311,0.009809184727411942,5.0
1.768953790758152,2.272350916328568,1.0113096550785767,-0.4004154918233462,-0.3057153774125576,-0.1258930964947631,-0.013805705632184358,0.009797559291165386,5.0
1.76995399079816,2.2720378820282696,1.011300500624921,-0.39937034381120146,-0.30565822906555695,-0.12637764373595445,-0.01405479590705949,0.009784938513143729,5.0
1.770954190838168,2.2717236966142176,1.0112909442076274,-0.3983207707728461,-0.3055972478370906,-0.12686334846643102,-0.014306913845402457,0.00977129644247903,5.0
1.771954390878176,2.271408348069403,1.0112809812059411,-0.39726674404967627,-0.30553237944222367,-0.12735019054376315,-0.014562098479751227,0.009756606492730316,5.0
1.772954590918184,2.271091824233035,1.0112706069419137,-0.39620823461857857,-0.3054635688764413,-0.12783814903961271,-0.014820389433698625,0.009740841426268585,5.0
1.773954790958192,2.270774112797975,1.0112598166793274,-0.39514521308466555,-0.30539076040429425,-0.12832720221807878,-0.015081826932889831,0.009723973338274775,5.0
1.7749549909982,2.2704552013081125,1.011248605622592,-0.3940776496738286,-0.3053138975478032,-0.12881732751349334,-0.015346451816265953,0.00970597364034101,5.0
1.775955191038208,2.2701350771556683,1.011236968915608,-0.3930055142251018,-0.3052329230746149,-0.12930850150765524,-0.015614305547559817,0.009686813043665109,5.0
1.776955391078216,2.2698137275784225,1.0112249016406045,-0.3919287761828294,-0.30514777898590145,-0.12980069990648677,-0.01588543022705018,0.009666461541827903,5.0
1.777955591118224,2.26949113965687,1.0112123988169415,-0.3908474045886332,-0.3050584065039969,-0.13029389751610085,-0.016159868603581363,0.009644888393142934,5.0
1.778955791158232,2.2691673003112944,1.0111994553998833,-0.3897613680731706,-0.30496474605976437,-0.13078806821826414,-0.016437664086854396,0.009622062102567597,5.0
1.7799559911982392,2.268842196298759,1.0111860662793393,-0.38867063484767955,-0.3048667372796836,-0.13128318494524094,-0.016718860759997116,0.009597950403164652,5.0
1.7809561912382472,2.268515814210008,1.011172226278572,-0.38757517269529923,-0.30476431897265344,-0.1317792196540041,-0.017003503392419836,0.009572520237102474,5.0
1.7819563912782552,2.268188140466281,1.0111579301528728,-0.3864749489621665,-0.30465742911649935,-0.1322761432997985,-0.017291637452964075,0.009545737736182744,5.0
1.7829565913182632,2.267859161316027,1.011143172588198,-0.38536993054827184,-0.30454600484417843,-0.13277392580903846,-0.017583309123351393,0.009517568201883079,5.0
1.7839567913582712,2.2675288628315213,1.011127948199777,-0.38426008389807537,-0.30442998242967384,-0.1332725360515283,-0.017878565311940126,0.009487976084902755,5.0
1.7849569913982792,2.2671972309053827,1.011112251530676,-0.38314537499086965,-0.3043092972735681,-0.13377194181198593,-0.018177453667797428,0.009456924964198726,5.0
1.7859571914382872,2.2668642512469765,1.0110960770503254,-0.38202576933088506,-0.30418388388828654,-0.1342721097608547,-0.01848002259509443,0.0094243775254991,5.0
1.7869573914782952,2.266529909378714,1.0110794191530104,-0.380901231937126,-0.3040536758830038,-0.13477300542438708,-0.01878632126783254,0.009390295539280976,5.0
1.7879575915183032,2.266194190632231,1.0110622721563094,-0.3797717273329336,-0.3039186059481998,-0.13527459315398244,-0.019096399644908772,0.009354639838199121,5.0
1.7889577915583112,2.2658570801444524,1.0110446302994998,-0.37863721953526197,-0.3037786058398583,-0.13577683609476127,-0.01941030848552825,0.009317370293951686,5.0
1.7899579915983193,2.2655185628535306,1.0110264877419044,-0.37749767204366164,-0.30363360636329567,-0.13627969615335905,-0.01972809936497242,0.009278445793568874,5.0
1.7909581916383273,2.2651786234946587,1.0110078385611976,-0.37635304782896084,-0.3034835373566109,-0.13678313396492034,-0.020049824690731036,0.00923782421511013,5.0
1.7919583916783353,2.2648372465957554,1.0109886767516507,-0.3752033093216328,-0.3033283276737434,-0.1372871088592749,-0.020375537719006635,0.009195462402755102,5.0
1.7929585917183433,2.264494416473011,1.0109689962223263,-0.37404841839984126,-0.30316790516713016,-0.13779157882627766,-0.02070529257160015,0.009151316141273133,5.0
1.7939587917583513,2.264150117226298,1.0109487907952086,-0.37288833637715224,-0.3030021966699475,-0.1382965004802914,-0.021039144253186332,0.009105340129855746,5.0
1.7949589917983593,2.2638043327344337,1.0109280542032766,-0.37172302398990203,-0.30283112797792705,-0.1388018290237942,-0.02137714866898798,0.009057487955296399,5.0
1.7959591918383673,2.2634570466503,1.0109067800885034,-0.3705524413842087,-0.3026546238307321,-0.13930751821008977,-0.021719362642857735,0.00900771206450092,5.0
1.7969593918783753,2.2631082423958055,1.0108849619997928,-0.3693765481026175,-0.30247260789288144,-0.1398135203051015,-0.02206584393577696,0.00895596373631199,5.0
1.7979595919183833,2.2627579031566873,1.0108625933908355,-0.3681953030703648,-0.30228500273420744,-0.14031978604822862,-0.022416651264780478,0.008902193052630486,5.0
1.7989597919583913,2.26240601187715,1.0108396676178928,-0.3670086645812498,-0.3020917298098328,-0.14082626461224218,-0.02277184432231682,0.008846348868815758,5.0
1.7999599919983993,2.2620525512543304,1.0108161779374956,-0.3658165902831009,-0.3018927094396521,-0.14133290356220132,-0.023131483796053415,0.008788378783346894,5.0
1.8009601920384073,2.2616975037325817,1.010792117504061,-0.36461903716281757,-0.30168786078730253,-0.1418396488133647,-0.02349563138913597,0.008728229106726009,5.0
1.8019603920784153,2.261340851497571,1.0107674793674182,-0.3634159615309817,-0.30147710183860726,-0.14234644458807708,-0.023864349840912246,0.008665844829604316,5.0
1.8029605921184233,2.2609825764701754,1.0107422564702433,-0.36220731900601333,-0.30126034937947543,-0.14285323337160616,-0.024237702948129384,0.008601169590111073,5.0
1.8039607921584313,2.260622660300177,1.0107164416453978,-0.3609930644978614,-0.3010375189732402,-0.14335995586690797,-0.02461575558661499,0.008534145640364948,5.0
1.8049609921984393,2.2602610843597346,1.0106900276131674,-0.3597731521912096,-0.30080852493741916,-0.14386655094829498,-0.02499857373345171,0.008464713812146517,5.0
1.8059611922384473,2.2598978297366314,1.010663006978401,-0.35854753552818086,-0.3005732803198749,-0.14437295561398517,-0.025386224489655187,0.008392813481710266,5.0
1.8069613922784553,2.2595328772272767,1.0106353722275365,-0.35731616719051984,-0.30033169687435946,-0.14487910493750566,-0.025778776103365306,0.008318382533713479,5.0
1.8079615923184633,2.259166207329457,1.0106071157255256,-0.35607899908123736,-0.3000836850354213,-0.14538493201792657,-0.02617629799356049,0.008241357324238903,5.0
1.8089617923584713,2.258797800234818,1.0105782297126331,-0.3548359823056952,-0.29982915389265274,-0.14589036792890062,-0.02657886077430497,0.008161672642887228,5.0
1.8099619923984793,2.2584276358210613,1.0105487063011322,-0.353587067152111,-0.2995680111642588,-0.1463953416664819,-0.0269865362795387,0.008079261673914815,5.0
1.8109621924384873,2.258055693643851,1.0105185374718644,-0.35233220307145996,-0.29930016316992114,-0.1468997800956981,-0.02739939758841894,0.007994055956391024,5.0
1.8119623924784953,2.257681952928395,1.0104877150706797,-0.3510713386567551,-0.2990255148029387,-0.14740360789585066,-0.027817519051223556,0.007905985343349178,5.0
1.8129625925185033,2.257306392560708,1.0104562308047464,-0.34980442162167785,-0.298743969501615,-0.14790674750451502,-0.028240976315824045,0.007814977959903904,5.0
1.8139627925585113,2.2569289910785173,1.0104240762387184,-0.34853139877853856,-0.29845542921987267,-0.1484091190602155,-0.028669846354737436,0.007720960160307017,5.0
1.8149629925985193,2.2565497266618095,1.0103912427907642,-0.3472522160155425,-0.29815979439706536,-0.14891064034374613,-0.029104207492764916,0.007623856483913251,5.0
1.8159631926385273,2.256168577122991,1.0103577217284434,-0.34596681827333076,-0.2978569639269611,-0.1494112267181115,-0.02954413943522446,0.007523589610026025,5.0
1.8169633926785353,2.2557855198966457,1.0103235041644276,-0.344675149520775,-0.2975468351258707,-0.14991079106705843,-0.02998972329678465,0.007420080311592673,5.0
1.8179635927185434,2.255400532028875,1.0102885810520574,-0.34337715272999464,-0.29722930369988854,-0.15040924373217113,-0.030441041630905278,0.007313247407717478,5.0
1.8189637927585514,2.255013590166192,1.0102529431807235,-0.3420727698505682,-0.2969042637112193,-0.15090649244850188,-0.03089817845989022,0.00720300771495995,5.0
1.8199639927985594,2.2546246705439548,1.01021658117107,-0.34076194178291097,-0.29657160754355777,-0.15140244227870836,-0.03136121930555629,0.007089275997384373,5.0
1.8209641928385674,2.254233748974321,1.0101794854699957,-0.33944460835078394,-0.2962312258664871,-0.1518969955456684,-0.03183025122052136,0.006971964915325912,5.0
1.8219643928785754,2.2538408008336903,1.0101416463454622,-0.33812070827290436,-0.29588300759886427,-0.15239005176354467,-0.032305362820112746,0.00685098497283689,5.0
1.8229645929185834,2.2534458010496268,1.0101030538810762,-0.3367901791336239,-0.2955268398711557,-0.1528815075672689,-0.03278664431489651,0.006726244463775858,5.0
1.8239647929585914,2.2530487240872277,1.0100636979704487,-0.3354529573526382,-0.2951626079866869,-0.15337125664041748,-0.03327418754382552,0.006597649416500488,5.0
1.8249649929985994,2.2526495439349152,1.0100235683113092,-0.33410897815369117,-0.2947901953817642,-0.15385918964144873,-0.03376808600800308,0.0064651035371236995,5.0
1.8259651930386074,2.2522482340896297,1.0099826543993633,-0.33275817553223536,-0.2944094835846324,-0.15434519412827324,-0.03426843490505608,0.006328508151291071,5.0
1.8269653930786154,2.251844767541391,1.0099409455218815,-0.3314004822220091,-0.29402035217322264,-0.1548291544811274,-0.03477533116410984,0.006187762144435383,5.0
1.8279655931186234,2.251439116757208,1.0098984307509937,-0.3300358296604871,-0.29362267873164577,-0.1553109518237211,-0.03528887348135398,0.0060427619004626175,5.0
1.8289657931586314,2.2510312536642902,1.0098550989366888,-0.3286641479531638,-0.29321633880538756,-0.1557904639426324,-0.03580916235618555,0.005893401238821243,5.0
1.8299659931986394,2.2506211496325492,1.0098109386994871,-0.32728536583661644,-0.2928012058551522,-0.15626756520491808,-0.036336300127912655,0.005739571349904642,5.0
1.8309661932386474,2.250208775456336,1.0097659384227728,-0.32589941064030714,-0.292377151209305,-0.15674212647391247,-0.036870391012997716,0.005581160728733797,5.0
1.8319663932786554,2.2497941013353846,1.0097200862447797,-0.3245062082470696,-0.2919440440148607,-0.15721401502318852,-0.03741154114281641,0.005418055106864768,5.0
1.8329665933186634,2.2493770968549285,1.0096733700501908,-0.3231056830522267,-0.29150175118695615,-0.15768309444865042,-0.03795985860190238,0.005250137382462615,5.0
1.8339667933586714,2.248957730964931,1.009625777461351,-0.32169775792128735,-0.2910501373567536,-0.15814922457873362,-0.03851545346664447,0.005077287548480066,5.0
1.8349669933986794,2.2485359719583986,1.0095772958290625,-0.3202823541461591,-0.2905890648177048,-0.1586122613826849,-0.03907843784439617,0.004899382618875856,5.0
1.8359671934386874,2.2481117874487175,1.0095279122229495,-0.3188593913998201,-0.29011839347011237,-0.15907205687689652,-0.03964892591295187,0.004716296552803744,5.0
1.8369673934786954,2.2476851443459682,1.009477613421364,-0.3174287876893843,-0.2896379807639184,-0.15952845902927262,-0.04022703396033708,0.00452790017669939,5.0
1.8379675935187034,2.2472560088321516,1.0094263859008221,-0.3159904593074938,-0.2891476816396438,-0.15998131166160073,-0.0408128804248525,0.004334061104187395,5.0
1.8389677935587114,2.246824346335279,1.0093742158249386,-0.31454432078196853,-0.2886473484674029,-0.16043045434991102,-0.041406585935302914,0.004134643653726363,5.0
1.8399679935987194,2.246390121502253,1.0093210890328395,-0.3130902848236395,-0.2881368309839069,-0.1608757223227983,-0.04200827335133288,0.003929508763904185,5.0
1.8409681936387274,2.2459532981704733,1.0092669910270335,-0.3116282622722901,-0.28761597622737206,-0.16131694635769175,-0.04261806780378022,0.0037185139062903398,5.0
1.8419683936787354,2.245513839338099,1.0092119069607128,-0.31015816204062646,-0.2870846284702406,-0.16175395267505296,-0.043236096734947764,0.0035015129957454766,5.0
1.8429685937187434,2.2450717071328907,1.0091558216244554,-0.3086798910561898,-0.28654262914961254,-0.16218656283048857,-0.04386248993867901,0.003278356298081898,5.0
1.8439687937587514,2.244626862779556,1.0090987194323011,-0.30719335420112875,-0.2859898167952907,-0.1626145936047636,-0.044497379600110874,0.0030488903349611685,5.0
1.8449689937987594,2.2441792665655087,1.0090405844071795,-0.3056984542497378,-0.285426026955327,-0.16303785689170835,-0.045140900334959926,0.0028129577859068895,5.0
1.8459691938387675,2.2437288778049664,1.0089814001656405,-0.3041950918036662,-0.2848510921189534,-0.16345615958400675,-0.04579318922818034,0.0025703973873019933,5.0
1.8469693938787755,2.24327565480129,1.008921149901866,-0.30268316522470334,-0.28426484163677923,-0.16386930345686776,-0.04645438587181365,0.0023210438282302024,5.0
1.8479695939187835,2.242819554807474,1.0088598163709255,-0.30116257056502843,-0.28366710163811937,-0.16427708504957378,-0.047124632401826974,0.002064727643010708,5.0
1.8489697939587915,2.242360533984688,1.0087973818712197,-0.2996332014948257,-0.2830576949453186,-0.16467929554491334,-0.04780407353371372,0.0018012751002638074,5.0
1.8499699939987995,2.2418985473587743,1.0087338282260914,-0.2980949492271449,-0.28243644098492526,-0.16507572064650164,-0.04849285659660341,0.0015305080883322988,5.0
1.8509701940388075,2.24143354877459,1.0086691367645377,-0.29654770243989453,-0.2818031556955562,-0.16546614045400387,-0.04919113156559838,0.001252243996869708,5.0
1.8519703940788155,2.2409654908480854,1.0086032883009868,-0.2949913471948393,-0.28115765143228594,-0.16585032933627514,-0.049899051092021605,0.0009662955943911839,5.0
1.8529705941188235,2.240494324916009,1.0085362631140773,-0.29342576685347377,-0.2804997368673833,-0.16622805580243896,-0.05061677053122524,0.0006724709015658952,5.0
1.8539707941588315,2.240020000983113,1.00846804092439,-0.29185084198963857,-0.2798292168872029,-0.1665990823709344,-0.05134444796756892,0.0003705730600114391,5.0
1.8549709941988395,2.239542467666735,1.0083986008710673,-0.29026645029873127,-0.2791458924850291,-0.16696316543656178,-0.05208224423613229,6.040019633055957e-05,5.0
1.8559711942388475,2.2390616721386274,1.0083279214872682,-0.28867246650336825,-0.27844956064965304,-0.16732005513557158,-0.05283032294067973,-0.00025825471889222805,5.0
1.8569713942788555,2.2385775600638955,1.008255980674373,-0.28706876225533484,-0.2777400142494471,-0.16766949520884125,-0.05358885046733917,-0.0005856040174408738,5.0
1.8579715943188635,2.2380900755368938,1.008182755674887,-0.2854552060336608,-0.2770170419116868,-0.16801122286319845,-0.05435799599339937,-0.0009218654854988486,5.0
1.8589717943588715,2.2375991610139336,1.0081082230439604,-0.2838316630386473,-0.27628042789684765,-0.16834496863095455,-0.05513793149056371,-0.0012672625217247057,5.0
1.8599719943988795,2.237104757242636,1.0080323586194437,-0.282197995081661,-0.2755299519675853,-0.16867045622772256,-0.05592883172192698,-0.001622024301768778,5.0
1.8609721944388875,2.2366068031877653,1.007955137490415,-0.2805540604705035,-0.27476538925208677,-0.16898740240860588,-0.05673087423186086,-0.0019863859496633456,5.0
1.8619723944788955,2.236105235953359,1.0078765339640636,-0.2788997138901516,-0.2739865101014513,-0.16929551682285005,-0.05754423932790626,-0.002360588716558284,5.0
1.8629725945189035,2.235599990700964,1.0077965215308808,-0.27723480627865676,-0.27319307994073866,-0.16959450186706826,-0.0583691100536733,-0.0027448801673174567,5.0
1.8639727945589115,2.2350910005637865,1.0077150728280306,-0.27555918469797624,-0.27238485911328847,-0.16988405253715927,-0.0592056721516408,-0.0031395143755386435,5.0
1.8649729945989195,2.2345781965565377,1.0076321596008264,-0.27387269219949917,-0.2715616027178842,-0.1701638562790515,-0.060054114014630136,-0.003544752127611673,5.0
1.8659731946389275,2.2340615074807557,1.0075477526622043,-0.27217516768401506,-0.2707230604383006,-0.17043359283842144,-0.060914626624594514,-0.003960861136486475,5.0
1.8669733946789355,2.2335408598253723,1.0074618218500897,-0.2704664457558631,-0.26986897636473683,-0.17069293410955005,-0.06178740347722129,-0.004388116265884762,5.0
1.8679735947189435,2.2330161776622672,1.0073743359825502,-0.2687463565709764,-0.2689990888065886,-0.1709415439834984,-0.06267264049068232,-0.004826799765757069,5.0
1.8689737947589515,2.232487382536555,1.007285262810625,-0.2670147256785325,-0.26811313009597915,-0.17117907819579786,-0.06357053589669222,-0.0052772015198605535,5.0
1.8699739947989595,2.2319543933513293,1.007194568968711,-0.2652713738558912,-0.26721082638140503,-0.171405184173873,-0.06448129011183493,-0.0057396193064134906,5.0
1.8709741948389675,2.231417126246561,1.0071022199223845,-0.2635161169364912,-0.2662918974108082,-0.1716195008844298,-0.06540510558690452,-0.006214359072869699,5.0
1.8719743948789755,2.230875494471858,1.0070081799135384,-0.2617487656303555,-0.2653560563033205,-0.17182165868106658,-0.06634218663176397,-0.006701735225950519,5.0
1.8729745949189835,2.2303294082527465,1.006912411902694,-0.2599691253368312,-0.2644030093088575,-0.17201127915238032,-0.06729273921296097,-0.0072020709381742185,5.0
1.8739747949589916,2.229778774650147,1.006814877508371,-0.258176995949175,-0.26343245555467776,-0.17218797497086957,-0.06825697072104585,-0.007715698472232662,5.0
1.8749749949989996,2.229223497412684,1.0067155369433447,-0.2563721716505611,-0.2624440867779277,-0.17235134974294758,-0.06923508970420979,-0.008242959524682996,5.0
1.8759751950390076,2.22866347682145,1.0066143489476693,-0.25455444070107514,-0.26143758704311704,-0.17250099786041173,-0.07022730556450398,-0.008784205590548719,5.0
1.8769753950790156,2.228098609526852,1.006511270718296,-0.25272358521521804,-0.2604126324433687,-0.172636504353728,-0.07123382821249813,-0.00933979835055853,5.0
1.8779755951190236,2.2275287883771298,1.006406257835111,-0.25087938092942236,-0.2593688907841769,-0.17275744474751387,-0.07225486767579672,-0.00991011008289391,5.0
1.8789757951590316,2.226953902238133,1.0062992641832378,-0.24902159695904957,-0.2583060212482969,-0.17286338491862474,-0.0732906336563424,-0.01049552410146639,5.0
1.8799759951990396,2.2263738358039205,1.0061902418713968,-0.24714999554429878,-0.25722367404025426,-0.17295388095726177,-0.07434133503089055,-0.01109643522290164,5.0
1.8809761952390476,2.225788469397751,1.006079141146134,-0.24526433178442275,-0.25612149000881973,-0.17302847903153631,-0.07540717928843906,-0.011713250264569904,5.0
1.8819763952790556,2.225197678762999,1.0059659103017047,-0.2433643533596001,-0.25499910024563416,-0.17308671525593503,-0.07648837189772911,-0.012346388576168196,5.0
1.8829765953190636,2.22460133484352,1.0058504955853822,-0.2414498002397742,-0.2538561256579958,-0.17312811556413482,-0.0775851155971902,-0.012996282607526959,5.0
1.8839767953590716,2.2239993035529895,1.0057328410979696,-0.23952040437970726,-0.2526921765136196,-0.1731521955866127,-0.0786976095988812,-0.013663378515479996,5.0
1.8849769953990796,2.223391445532699,1.0056128886892504,-0.23757588939945418,-0.2515068519549644,-0.17315846053348163,-0.07982604869706311,-0.014348136812796133,5.0
1.8859771954390876,2.2227776158972867,1.005490577848129,-0.23561597024938497,-0.25029973948047696,-0.17314640508295726,-0.08097062227102045,-0.015051033062319252,5.0
1.8869773954790956,2.2221576639678666,1.0053658455871801,-0.23364035285882873,-0.24907041438983366,-0.17311551327582078,-0.08213151317061969,-0.015772558619593934,5.0
1.8879775955191036,2.2215314329919797,1.0052386263213335,-0.23164873376732603,-0.2478184391899568,-0.1730652584161777,-0.08330889647182743,-0.01651322142735499,5.0
1.8889777955591116,2.2208987598497822,1.0051088517403879,-0.2296407997373966,-0.24654336295824283,-0.1729951029787231,-0.08450293808800742,-0.017273546865322054,5.0
1.8899779955991196,2.2202594747458506,1.0049764506750585,-0.2276162273476366,-0.24524472065906644,-0.17290449852260917,-0.08571379322124673,-0.01805407865874837,5.0
1.8909781956391276,2.219613400885955,1.0048413489562393,-0.22557468256485153,-0.24392203240920013,-0.17279288561184747,-0.08694160463620583,-0.018855379849107106,5.0
1.8919783956791356,2.2189603541381278,1.004703469267151,-0.22351582029382444,-0.24257480268731244,-0.1726596937419726,-0.08818650073702901,-0.019678033830137432,5.0
1.8929785957191436,2.2183001426773203,1.0045627309880363,-0.22143928390318063,-0.24120251948218083,-0.17250434127242414,-0.08944859342565252,-0.020522645452184338,5.0
1.8939787957591516,2.2176325666128998,1.0044190500330574,-0.21934470472568024,-0.23980465337365353,-0.17232623536376357,-0.09072797571738551,-0.021389842197316728,5.0
1.8949789957991596,2.216957417598215,1.0042723386790193,-0.21723170153110372,-0.2383806565397214,-0.1721247719184072,-0.09202471908687038,-0.022280275427051435,5.0
1.8959791958391676,2.2162744784214223,1.0041225053855432,-0.21509987996972713,-0.23692996168230068,-0.1718993355230127,-0.09333887051441475,-0.023194621703590643,5.0
1.8969793958791756,2.2155835225767215,1.003969454606288,-0.21294883198418335,-0.23545198086346225,-0.1716492993899674,-0.0946704491991762,-0.024133584184228618,5.0
1.8979795959191836,2.2148843138151193,1.0038130865908022,-0.2107781351872936,-0.23394610424287235,-0.17137402529458243,-0.0960194429017176,-0.025097894086915224,5.0
1.8989797959591916,2.214176605673809,1.0036532971765466,-0.20858735220320418,-0.23241169870608955,-0.17107286350352513,-0.09738580387396184,-0.0260883122227731,5.0
1.8999799959991996,2.213460140983204,1.0034899775706239,-0.2063760299688984,-0.23084810637210582,-0.17074515268872012,-0.09876944432949152,-0.027105630588526344,5.0
1.9009801960392076,2.212734651350641,1.0033230141207057,-0.2041436989928417,-0.2292546429670681,-0.170390219819314,-0.10017023140135184,-0.02815067400814877,5.0
1.9019803960792157,2.211999856619728,1.003152288074601,-0.20188987256718177,-0.22763059604946095,-0.17000738002229895,-0.10158798152793284,-0.029224301808389714,5.0
1.9029805961192237,2.2112554643042697,1.0029776753278952,-0.19961404592953824,-0.22597522307013237,-0.16959593639992115,-0.10302245419998171,-0.03032740950694279,5.0
1.9039807961592317,2.2105011689956724,1.0027990461590242,-0.1973156953699831,-0.22428774924834902,-0.16915517978895203,-0.1044733449931822,-0.0314609304845963,5.0
1.9049809961992397,2.209736651742682,1.0026162649511106,-0.19499427727832816,-0.22256736524254395,-0.1686843884431694,-0.10594027780085033,-0.032625837603385575,5.0
1.9059811962392477,2.20896157940226,1.002429189899862,-0.19264922712628085,-0.22081322459149225,-0.16818282761579711,-0.10742279616990745,-0.0338231447211142,5.0
1.9069813962792557,2.208175603960339,1.0022376727067523,-0.19027995837840822,-0.21902444089824835,-0.16764974901301466,-0.10892035363014572,-0.035053908038084974,5.0
1.9079815963192637,2.207378361821141,1.0020415582567177,-0.18788586132514037,-0.21720008472523142,-0.16708439008272447,-0.11043230289157303,-0.03631922719381816,5.0
1.9089817963592717,2.2065694730636447,1.0018406842795033,-0.18546630183023374,-0.21533918016422393,-0.16648597309426758,-0.11195788376693745,-0.037620246009120284,5.0
1.9099819963992797,2.205748540663685,1.001634880993793,-0.18302061998420277,-0.2134407010396521,-0.16585370395435606,-0.11349620965592094,-0.038958152741104334,5.0
1.9109821964392877,2.2049151496800303,1.001423970733142,-0.18054812865416128,-0.2115035666971766,-0.16518677069168686,-0.11504625240339537,-0.040334179684422725,5.0
1.9119823964792957,2.204068866402565,1.0012077675526472,-0.17804811191929965,-0.20952663732216048,-0.16448434152699035,-0.11660682531588135,-0.041749601909551466,5.0
1.9129825965193037,2.20320923746039,1.0009860768150156,-0.17551982337979694,-0.20750870872376984,-0.1637455624259577,-0.11817656408710549,-0.04320573487660352,5.0
1.9139827965593117,2.202335788887076,1.00075869475432,-0.17296248432529132,-0.20544850651002533,-0.1629695540087517,-0.11975390534430906,-0.04470393059856923,5.0
1.9149829965993197,2.2014480251392863,1.00052540801491,-0.17037528174703168,-0.2033446795667069,-0.1621554076605967,-0.12133706248048479,-0.04624557194827093,5.0
1.9159831966393277,2.2005454280631245,1.0002859931615662,-0.16775736617541223,-0.20119579273819987,-0.16130218065195312,-0.1229239983824889,-0.047832064605211035,5.0
1.9169833966793357,2.199627455799097,1.0000402161544064,-0.16510784932161238,-0.19900031859060985,-0.16040889003240327,-0.12451239459911079,-0.04946482601760548,5.0
1.9179835967193437,2.198693541610304,0.9997878317774976,-0.1624258014983267,-0.19675662811608602,-0.1594745050075444,-0.12609961641437295,-0.05114527060593308,5.0
1.9189837967593517,2.197743092607049,0.9995285830019428,-0.15971024878979284,-0.19446298021139896,-0.15849793744035276,-0.12768267319666657,-0.05287479025072956,5.0
1.9199839967993597,2.196775488320585,0.9992622002498559,-0.15696016993509626,-0.19211750973229358,-0.1574780300343894,-0.1292581732802112,-0.054654728880971414,5.0
1.9209841968393677,2.1957900790422937,0.9989884005001821,-0.15417449288044127,-0.1897182138864696,-0.15641354165173194,-0.13082227249715406,-0.056486349700074434,5.0
1.9219843968793757,2.194786183780257,0.9987068861328195,-0.15135209094482938,-0.18726293668025268,-0.15530312908835808,-0.1323706153106308,-0.05837079324161889,5.0
1.9229845969193837,2.1937630875722096,0.9984173433296096,-0.1484917785280332,-0.18474935107437324,-0.154145324467067,-0.13389826729380153,-0.060309024020535375,5.0
1.9239847969593917,2.192720037696411,0.9981194397151005,-0.14559230626786324,-0.18217493842899765,-0.15293850720406257,-0.13539963744757708,-0.06230176301768057,5.0
1.9249849969993997,2.191656237978246,0.9978128206842944,-0.14265235552241126,-0.1795369647219023,-0.15168086924846438,-0.13686838853766348,-0.06434940258125874,5.0
1.9259851970394077,2.1905708397937897,0.9974971034561462,-0.13967053200748397,-0.17683245289873847,-0.15037037196890152,-0.1382973332425418,-0.0664518995152833,5.0
1.9269853970794157,2.1894629273390085,0.9971718671853556,-0.1366453583525764,-0.17405815054937562,-0.14900469264743477,-0.13967831341465467,-0.06860864111205064,5.0
1.9279855971194237,2.188331492950164,0.9968366362462684,-0.13357526523924834,-0.1712104918824609,-0.14758115801043634,-0.14100205913481875,-0.07081827761913656,5.0
1.9289857971594317,2.1871753951881683,0.9964908517033152,-0.1304585806363357,-0.16828555266607872,-0.14609666154033396,-0.14225802343837496,-0.07307851304202206,5.0
1.9299859971994398,2.1859932871140337,0.9961338223720123,-0.12729351642011927,-0.16527899637676027,-0.1445475604177147,-0.14343418754364592,-0.07538584417871501,5.0
1.9309861972394478,2.184783493106599,0.9957646406755154,-0.12407815132251336,-0.16218600919194026,-0.14292954676422745,-0.14451683001946253,-0.07773523523830182,5.0
1.9319863972794558,2.183543797015413,0.9953820378747604,-0.12081040862143333,-0.15900122057897462,-0.14123748628389163,-0.14549025143934355,-0.0801197121410937,5.0
1.9329865973194638,2.182271077816235,0.9949841350617591,-0.11748802617350666,-0.15571860493152362,-0.1394652152747311,-0.14633644345726207,-0.08252985639698394,5.0
1.9339867973594718,2.180960683453129,0.9945680152274895,-0.11410851513308481,-0.1523313577542555,-0.13760528406939773,-0.14703468755239663,-0.08495317297529496,5.0
1.9349869973994798,2.1796053560069937,0.994128988711871,-0.1106691017598484,-0.14883173694459034,-0.13564863091266047,-0.1475610633832606,-0.08737329933178772,5.0
1.9359871974394878,2.178193389436747,0.9936593341385911,-0.107166643715157,-0.1452108552130677,-0.13358416456964667,-0.14788783892106988,-0.08976901304801428,5.0
1.9369873974794958,2.1767054774704784,0.9931461438314781,-0.10359750761004083,-0.1414584027667407,-0.131398225789544,-0.14798270299827526,-0.0921129823523529,5.0
1.9379875975195038,2.175109331456094,0.9925676437573661,-0.09995738742349917,-0.1375622687445249,-0.12907388593712113,-0.14780778364206598,-0.0943701856872401,5.0
1.9389877975595118,2.1733505137217106,0.9918869222690041,-0.09624103245750092,-0.1335080135789194,-0.1265900238966836,-0.14731836967988457,-0.09649590149820383,5.0
1.9399879975995198,2.1713368768730117,0.991041274161808,-0.09244183685174275,-0.12927811963778366,-0.12392009727034399,-0.14646121465178702,-0.09843313516703972,5.0
1.9409881976395278,2.168912270537677,0.9899241658944159,-0.08855121778448871,-0.12485091040547731,-0.12103048775291503,-0.14517224639271858,-0.10010930451000674,5.0
1.9419883976795358,2.1658124169790005,0.9883548871829269,-0.0845576733244184,-0.12019897496889805,-0.11787825029847541,-0.1433734295620489,-0.10143194985239165,5.0
1.9429885977195438,2.161591656512931,0.9860279298018315,-0.08044536140545148,-0.11528686295124996,-0.11440803169940601,-0.14096843750591648,-0.10228318278577558,5.0
1.9439887977595518,2.1555034618408007,0.9824297398095816,-0.07619198237776648,-0.11006773503675779,-0.11054786107658392,-0.13783671980374293,-0.10251258859440868,5.0
1.9449889977995598,2.146311343826395,0.9767050246145148,-0.07176570347842325,-0.10447861314842918,-0.10620351173034226,-0.13382562420630392,-0.10192849624674828,5.0
1.9459891978395678,2.1320053902601397,0.9674507567876808,-0.06712091926965312,-0.09843402473988792,-0.10125137306196261,-0.12874078713933657,-0.10028830651561566,5.0
1.9469893978795758,2.1094198780163413,0.9524222098623961,-0.06219303920547551,-0.09181859170715127,-0.09553073742043237,-0.12233688099782877,-0.09729080936182545,5.0
1.9479895979195838,2.073829860900937,0.9281753430011701,-0.056893822894197796,-0.08448144281388476,-0.08883921266968846,-0.11431573982019669,-0.09257887110640414,5.0
1.9489897979595918,2.0188212393563987,0.8897920593438781,-0.051112217787831225,-0.07624102185567701,-0.08094162790108007,-0.10434952043135282,-0.08577187171534115,5.0
1.9499899979995998,1.9371224518071657,0.8310984959546814,-0.04473261000350413,-0.06691970427242695,-0.07161510323553166,-0.09216360738960364,-0.07656320732196821,5.0
1.9509901980396078,1.8233969499691975,0.7461411979570515,-0.03769143306979193,-0.05644001383209548,-0.06076601932138012,-0.07772512175307125,-0.06492349657178309,5.0
1.9519903980796158,1.679220043979291,0.6326630466421544,-0.030090535382335422,-0.045005033584089936,-0.04864085989978488,-0.061542905869153994,-0.051397128062882,5.0
1.9529905981196238,1.5174785830560578,0.4968736024715162,-0.022336724381589002,-0.03330313397546669,-0.036054399827292784,-0.044925831355873705,-0.0373130288730841,5.0
1.9539907981596318,1.3604692872067756,0.3556032147802171,-0.015164451836186053,-0.022509526630621127,-0.024371053334903144,-0.029822577398351372,-0.024544830832742878,5.0
1.9549909981996398,1.2297340411384692,0.23062909210750307,-0.00936158630189105,-0.013831953258402365,-0.014968152843365907,-0.01798715030126461,-0.014664122279728459,5.0
1.9559911982396478,1.135546955997132,0.13692336216777146,-0.005314665978785915,-0.007823705227812595,-0.008465824651441628,-0.01002087511754304,-0.008115333963141472,5.0
1.9569913982796558,1.0754204907813496,0.07607134365046957,-0.0028431037999804933,-0.0041762533386190005,-0.00452279680418014,-0.005298599260613114,-0.00428001675204942,5.0
1.9579915983196639,1.0403325888644361,0.04050556813056002,-0.0014704177134485508,-0.0021581474358299602,-0.002340706365785684,-0.0027263893983883497,-0.0022034044145969045,5.0
1.9589917983596719,1.0210473807434646,0.02105209002012928,-0.0007487292250584818,-0.001098933832406165,-0.0011938480685212396,-0.0013868473219309136,-0.001122888991393147,5.0
1.9599919983996799,1.0108296944210517,0.010801354112767305,-0.00037902290856931263,-0.0005564957720315711,-0.0006054453484954209,-0.0007025708888112718,-0.0005699868517917925,5.0
1.9609921984396879,1.0055290965501693,0.0055050678241150095,-0.00019152784348710943,-0.0002813028476151737,-0.0003064220097567006,-0.00035534271312365786,-0.0002887862013966421,5.0
1.9619923984796959,1.0028110284903557,0.0027960378300879198,-9.673048280382954e-05,-0.00014208088382500867,-0.00015494030342960732,-0.0001794341524006624,-0.00014605458289319065,5.0
1.9629925985197039,1.0014258862543797,0.001417484770798002,-4.884501371093715e-05,-7.170628076296342e-05,-7.828474289179658e-05,-9.035770584175525e-05,-7.367102477697737e-05,5.0
1.9639927985597119,1.0007223418548972,0.0007178455089856894,-2.4731231109753304e-05,-3.623685177638133e-05,-3.9591608250057364e-05,-4.537355786623185e-05,-3.704476394893967e-05,4.0
1.9649929985997199,1.000365636746417,0.0003632806239074366,-1.2835435950846264e-05,-1.8705960606935486e-05,-2.038988790507933e-05,-2.3038585469239443e-05,-1.873496925034091e-05,1.0
1.9659931986397279,1.0001849756126684,0.00018373739116675522,-6.206760513855398e-06,-1.1115939335750855e-05,-1.1982272555941512e-05,-1.3205641892620623e-05,-1.0481226281344297e-05,0.0
1.9669933986797359,1.0000935271787448,9.280702578884409e-05,-2.0041913020767897e-06,0.0,0.0,0.0,0.0,0.0
1.9679935987197439,1.0000472558182267,4.6868745135269966e-05,-2.5501703322074346e-07,0.0,0.0,0.0,0.0,0.0
1.968993798759752,1.000023865409696,2.3665459490836657e-05,-1.2876886353986784e-07,0.0,0.0,0.0,0.0,0.0
1.96999399879976,1.0000120488628086,1.1947083784213104e-05,-6.50074173528428e-08,0.0,0.0,0.0,0.0,0.0
1.970994198839768,1.0000060817596756,6.030189728941059e-06,0.0,0.0,0.0,0.0,0.0,0.0
1.971994398879776,1.0000030693090236,3.043264708852198e-06,0.0,0.0,0.0,0.0,0.0,0.0
1.972994598919784,1.0000015487761993,1.5356330813725107e-06,0.0,0.0,0.0,0.0,0.0,0.0
1.973994798959792,1.0000007814036214,7.747731465540106e-07,0.0,0.0,0.0,0.0,0.0,0.0
1.9749949989998,1.0000003941856914,3.9084137761843447e-07,0.0,0.0,0.0,0.0,0.0,0.0
1.975995199039808,1.0000001988220413,1.971354878766669e-07,0.0,0.0,0.0,0.0,0.0,0.0
1.976995399079816,1.0000001002687962,9.941838760618007e-08,0.0,0.0,0.0,0.0,0.0,0.0
1.977995599119824,1.000000050559632,5.013089589128189e-08,0.0,0.0,0.0,0.0,0.0,0.0
1.978995799159832,1.0000000254904882,2.5274371620462153e-08,0.0,0.0,0.0,0.0,0.0,0.0
1.97999599919984,1.0000000128495554,1.2740631953626162e-08,0.0,0.0,0.0,0.0,0.0,0.0
1.980996199239848,1.0000000064763985,6.421509168504952e-09,0.0,0.0,0.0,0.0,0.0,0.0
1.981996399279856,1.0000000032637328,3.2360767454940863e-09,0.0,0.0,0.0,0.0,0.0,0.0
1.982996599319864,1.0000000016444903,1.6305579931893592e-09,0.0,0.0,0.0,0.0,0.0,0.0
1.983996799359872,1.0000000008284837,8.21466038608417e-10,0.0,0.0,0.0,0.0,0.0,0.0
1.98499699939988,1.0000000004173235,4.137891596298027e-10,0.0,0.0,0.0,0.0,0.0,0.0
1.985997199439888,1.000000000210183,2.0840344704069075e-10,0.0,0.0,0.0,0.0,0.0,0.0
1.986997399479896,1.0000000001058422,1.0494622281895006e-10,0.0,0.0,0.0,0.0,0.0,0.0
1.987997599519904,1.0000000000532914,5.284023645668179e-11,0.0,0.0,0.0,0.0,0.0,0.0
1.988997799559912,1.000000000026828,2.6601047451405328e-11,0.0,0.0,0.0,0.0,0.0,0.0
1.98999799959992,1.0000000000135039,1.3389570878045392e-11,0.0,0.0,0.0,0.0,0.0,0.0
1.990998199639928,1.0000000000067961,6.738527826976364e-12,0.0,0.0,0.0,0.0,0.0,0.0
1.991998399679936,1.0000000000034197,3.3907333373234235e-12,0.0,0.0,0.0,0.0,0.0,0.0
1.992998599719944,1.0000000000017204,1.705837808670427e-12,0.0,0.0,0.0,0.0,0.0,0.0
1.993998799759952,1.0000000000008653,8.579920203124004e-13,0.0,0.0,0.0,0.0,0.0,0.0
1.99499899979996,1.000000000000435,4.314667372843383e-13,0.0,0.0,0.0,0.0,0.0,0.0
1.995999199839968,1.0000000000002185,2.169198601655353e-13,0.0,0.0,0.0,0.0,0.0,0.0
1.996999399879976,1.0000000000001097,1.0900364493586004e-13,0.0,0.0,0.0,0.0,0.0,0.0
1.997999599919984,1.000000000000055,5.4782250223228117e-14,0.0,0.0,0.0,0.0,0.0,0.0
1.998999799959992,1.000000000000028,2.7889700864217094e-14,0.0,0.0,0.0,0.0,0.0,0.0
2.0,1.0000000000000158,1.5833264018283927e-14,0.0,0.0,0.0,0.0,0.0,0.0
