-1.0,4.9975426840323935,0.0010881759477199614,-4.131940481559909e-05,-6.646552113727458e-05,-9.253769867125529e-05,-0.00011120243349209886
-0.997997997997998,4.997296752955614,0.0011980235295360375,-4.337019027758753e-05,-6.979147028970229e-05,-9.717443090516107e-05,-0.00011686516324770252
-0.995995995995996,4.99698387328953,0.001337647954183922,-4.700434677220355e-05,-7.56703017255623e-05,-0.00010536671344958808,-0.00012682034103714276
-0.993993993993994,4.996632861713566,0.0014941634112482503,-5.187432832887114e-05,-8.353010296199338e-05,-0.00011631507535493675,-0.00014006449907152116
-0.991991991991992,4.996246759524264,0.0016662124102686377,-5.777818535147829e-05,-9.30402894242355e-05,-0.00012955762170265903,-0.00015602379472882274
-0.98998998998999,4.995824145145529,0.0018544312631067403,-6.461636940467932e-05,-0.00010403860919929226,-0.0001448676782859924,-0.00017441911462600193
-0.987987987987988,4.995362784313641,0.002059817845253654,-7.23549771762059e-05,-0.00011646976670572393,-0.00016216782849421869,-0.0001951552098671008
-0.985985985985986,4.994860260703593,0.002283450070259827,-8.100146058882669e-05,-0.00013034519483424498,-0.00018147361980453363,-0.00021824919996391647
-0.983983983983984,4.994314091657138,0.002526434526432195,-9.058949563680449e-05,-0.00014571819498902477,-0.0002028588084493847,-0.0002437870969249507
-0.9819819819819819,4.9937217565877985,0.0027898940495910307,-0.00010116972972273892,-0.00016266885628629196,-0.00022643429728238683,-0.0002718978627514235
-0.97997997997998,4.9930807109168525,0.003074961690052699,-0.00011280416051700775,-0.00018129496453895126,-0.00025233545210905355,-0.000302738024602806
-0.977977977977978,4.992388397905549,0.0033827755753791143,-0.00012556272219655854,-0.00020170652017419287,-0.0002807144599854894,-0.0003364825376582479
-0.975975975975976,4.991642260429543,0.003714473773825588,-0.00013952119856075866,-0.0002240224058471541,-0.0003117356864936904,-0.00037331929899555807
-0.973973973973974,4.990839752967322,0.004071189048714942,-0.00015475992499223084,-0.00024836832003007124,-0.000345572796154598,-0.00041344576809186607
-0.9719719719719719,4.98997835375852,0.0044540435300546586,-0.0001713629532460502,-0.0002748754460255596,-0.0003824068950141315,-0.00045706678435650087
-0.96996996996997,4.9890555770251135,0.0048641433547591375,-0.0001894174830695844,-0.0003036795404925314,-0.0004224252548798042,-0.0005043930510597172
-0.967967967967968,4.988068985132425,0.005302573332090553,-0.00020901344382961447,-0.0003349202550754884,-0.0004658203597319925,-0.0005556399793907303
-0.965965965965966,4.9870162005623975,0.00577039169184983,-0.00023024315724413908,-0.00036874058237260614,-0.0005127891232291092,-0.0006110267182634109
-0.963963963963964,4.985894917571758,0.006268624972082157,-0.000253201041163403,-0.00040528636376959874,-0.0005635321907484967,-0.000670775272500476
-0.9619619619619619,4.984702913411239,0.006798263101106127,-0.0002779833316262187,-0.0004447058241275785,-0.0006182532776142923,-0.0007351096567295521
-0.95995995995996,4.983438058988229,0.007360254725678576,-0.00030468781072671427,-0.000487149114532304,-0.0006771585176882468,-0.0008042550581330015
-0.957957957957958,4.982098328863788,0.0079555028331767,-0.00033341353395312565,-0.000532767853853734,-0.0007404558097238429,-0.0008784369960183198
-0.955955955955956,4.980681810485507,0.008584860710924125,-0.0003642605542870539,-0.000581714665454583,-0.0008083541566150712,-0.0009578804746433841
-0.953953953953954,4.979186712569914,0.009249128280345827,-0.00039732964248736136,-0.0006341427086417508,-0.0008810629971633847,-0.001042809130525468
-0.9519519519519519,4.9776113725616336,0.009949048837645287,-0.00043272200422831683,-0.0006902052063283155,-0.0009587915325659638,-0.0011334443781309531
-0.94994994994995,4.975954263110943,0.010685306226312485,-0.0004705389954726795,-0.0007500549714251776,-0.0010417480512714859,-0.0012300045592691558
-0.9479479479479479,4.974213997526421,0.01145852246014738,-0.0005108818378471748,-0.0008138439350368303,-0.001130139256608153,-0.0013327041022029049
-0.9459459459459459,4.972389334174621,0.012269255808779241,-0.000553851335974062,-0.0008817226797855873,-0.0012241696019259572,-0.0014417526967275404
-0.943943943943944,4.970479179813803,0.013117999351022641,-0.0005995475987713503,-0.0009538399816444446,-0.0013240406380646782,-0.0015573544914232627
-0.9419419419419419,4.968482591863478,0.014005179994981558,-0.0006480697667094113,-0.0010303423635867894,-0.0014299503778519768,-0.001679707319049096
-0.93993993993994,4.9663987796253775,0.014931157957716733,-0.0006995157469299227,-0.0011113736642017387,-0.001542092682107469,-0.0018090019556781616
-0.9379379379379379,4.9642271044844595,0.01589622669164004,-0.0007539819580112311,-0.0011970746242025692,-0.0016606566713140574,-0.0019454214187106262
-0.9359359359359359,4.961967079130272,0.01690061323968076,-0.0008115630860137035,-0.0012875824934900741,-0.0017858261667410978,-0.0020891403083687287
-0.933933933933934,4.9596183658493365,0.017944478996756837,-0.0008723518532677252,-0.0013830306611353786,-0.0019177791643827885,-0.0022403241966973964
-0.9319319319319319,4.957180773948145,0.01902792085122954,-0.0009364388011820279,-0.0014835483103280203,-0.0020566873446235747,-0.002399129067480601
-0.92992992992993,4.954654256373633,0.02015097267684567,-0.0010039120881563043,-0.0015892601000032946,-0.002202715620072107,-0.002565700809851916
-0.9279279279279279,4.9520389056037635,0.021313607143198222,-0.0010748573034840593,-0.0017002858745253848,-0.0023560217235267075,-0.0027401747677404257
-0.9259259259259259,4.9493349488850225,0.02251573781094756,-0.0011493572979333737,-0.00181674040246615,-0.0025167558375575896,-0.0029226753466615567
-0.9239239239239239,4.946542742896249,0.023757221476922975,-0.0012274920314981595,-0.001938733145189318,-0.0026850602667222285,-0.0031133156787467964
-0.9219219219219219,4.94366276791948,0.02503786073372834,-0.0013093384386235823,-0.0020663680556312503,-0.0028610691529774575,-0.003312197346315326
-0.91991991991992,4.940695621598321,0.026357406708562885,-0.0013949703110293092,-0.002199743407366723,-0.0030449082344211767,-0.003519410163732202
-0.9179179179179179,4.937642012363096,0.027715561946576105,-0.0014844581980851075,-0.002338951653764735,-0.00323669464709297,-0.0037350320167778613
-0.9159159159159159,4.934502752599565,0.029111983405142573,-0.0015778693245369995,-0.002484079316778264,-0.0034365367691906183,-0.003959128758277673
-0.9139139139139139,4.9312787516348155,0.030546285526910372,-0.001675267525239802,-0.00263520690467497,-0.0036445341067214173,-0.004191754158311351
-0.9119119119119119,4.92797100860977,0.03201804336126769,-0.0017767131964245184,-0.0027924088578049028,-0.0038607772193056437,-0.004432949906943188
-0.9099099099099099,4.924580605303193,0.033526795705924574,-0.0018822632629171459,-0.002955753521316836,-0.00408534768458552,-0.004682745667086082
-0.9079079079079079,4.921108698966921,0.03507204824255446,-0.001991971160629242,-0.00312530314357733,-0.004318318099467146,-0.004941159174835748
-0.9059059059059059,4.91755651522662,0.036653276642825465,-0.002105886833560012,-0.0033011138989158697,-0.0045597521162348735,-0.005208196384385747
-0.9039039039039038,4.91392534109678,0.038269929623613655,-0.0022240567444842697,-0.0034832359332144175,-0.004809704511426257,-0.005483851654457043
-0.9019019019019019,4.9102165181529545,0.039921431932680364,-0.0023465238984498654,-0.0036717134307798454,-0.00506822128524001,-0.005768107973046211
-0.8998998998998999,4.906431435898605,0.041607187248567115,-0.0024733278781712705,-0.0038665847008810587,-0.005335339789166944,-0.0060609372172107006
-0.8978978978978979,4.902571525358385,0.043326580980882434,-0.0026045048903819883,-0.004067882282298148,-0.005611088879482752,-0.00636230044456514
-0.8958958958958959,4.89863825292438,0.04507898295948296,-0.0027400878221964108,-0.004275633064216314,-0.005895489094219093,-0.0066721482131557154
-0.8938938938938938,4.8946331144767035,0.04686375000326413,-0.002880106306530372,-0.004489858421800973,-0.006188552851232987,-0.006990420926406443
-0.8918918918918919,4.890557629795138,0.04868022836135849,-0.0030245867956379896,-0.004710574364810344,-0.006490284665021257,-0.0073170491998881685
-0.8898898898898899,4.886413337274054,0.05052775602146685,-0.003173552641839167,-0.004937791697635855,-0.006800681379974047,-0.007651954246744158
-0.8878878878878879,4.882201788948765,0.05240566488181806,-0.0033270241845363147,-0.005171516189207064,-0.007119732417826259,-0.007995048278711812
-0.8858858858858859,4.877924545837829,0.054313282784856774,-0.0034850188426491227,-0.005411748751254453,-0.0074474200371454635,-0.008346234919804307
-0.8838838838838838,4.873583173602491,0.056249935412191476,-0.003647551211631724,-0.005658485623488509,-0.007783719602786798,-0.008705409629855575
-0.8818818818818819,4.869179238521536,0.05821494804160653,-0.003814633164276246,-0.005911718564325526,-0.008128599863347465,-0.009072460135283792
-0.8798798798798799,4.864714303777304,0.060207647168045726,-0.00398627395454952,-0.006171435045867621,-0.008482023234762659,-0.00944726686458906
-0.8778778778778779,4.860189926046392,0.06222736199142524,-0.004162480323754892,-0.006437618451925224,-0.008843946088299859,-0.009829703386267794
-0.8758758758758759,4.855607652386768,0.06427342577493608,-0.0043432566083577645,-0.00671024827795354,-0.009214319041326798,-0.01021963684699681
-0.8738738738738738,4.850969017411458,0.06634517707815868,-0.004528604848861041,-0.006989300331858744,-0.009593087249348825,-0.01061692840811184
-0.8718718718718719,4.84627554073774,0.06844196086984679,-0.004718524899164488,-0.007274746934714294,-0.009980190697932087,-0.011021433678576734
-0.8698698698698699,4.841528724699832,0.07056312952565194,-0.004913014535889384,-0.007566557120511301,-0.0103755644932486,-0.011433003142808268
-0.8678678678678678,4.836730052312323,0.07270804371637336,-0.005112069567196647,-0.007864696834149192,-0.010779139150097034,-0.011851482581887016
-0.8658658658658659,4.831880985471122,0.07487607319252956,-0.005315683940672078,-0.00816912912695274,-0.011190840876367496,-0.01227671348684482
-0.8638638638638638,4.826982963378369,0.07706659747117678,-0.005523849849896486,-0.008479814349078825,-0.011610591853029458,-0.012708533462873648
-0.8618618618618619,4.822037401177642,0.07927900643095505,-0.00573655783936074,-0.008796710338250188,-0.012038310508828299,-0.013146776623448346
-0.8598598598598599,4.817045688785812,0.08151270082133116,-0.00595379690742619,-0.009119772604324032,-0.012473911788977094,-0.013591273973495514
-0.8578578578578578,4.812009189908035,0.08376709269194255,-0.00617555460706917,-0.00944895450926997,-0.012917307417226577,-0.014041853780873352
-0.8558558558558559,4.806929241222631,0.0860416057478357,-0.006401817144184367,-0.00978420744219463,-0.013368406150786336,-0.014498341935551098
-0.8538538538538538,4.801807151722926,0.08833567563623933,-0.0066325694732557,-0.01012548098910894,-0.013827114027655341,-0.014960562295992758
-0.8518518518518519,4.796644202203571,0.09064875017033235,-0.0068677953902348534,-0.01047272309718894,-0.014293334605998553,-0.015428337022357201
-0.8498498498498499,4.791441644879309,0.09298028949525919,-0.007107477622496815,-0.010825880233331225,-0.014766969195279471,-0.015901486896225708
-0.8478478478478478,4.786200703124678,0.09532976620141936,-0.007351597915768835,-0.011184897536851186,-0.015247917078926195,-0.016379831626659347
-0.8458458458458459,4.780922571323677,0.09769666538981928,-0.007600137117953792,-0.011549718966214349,-0.015736075728369613,-0.016863190142471313
-0.8438438438438438,4.775608414819012,0.1000804846940246,-0.007853075259791766,-0.011920287439730545,-0.016231341008349626,-0.017351380870674855
-0.8418418418418419,4.770259369951101,0.10248073426299781,-0.008110391632323945,-0.012296544970175271,-0.016733607373435325,-0.017844222001135227
-0.8398398398398399,4.7648765441776,0.10489693670885245,-0.008372064861141596,-0.012678432793334728,-0.017242768055751836,-0.01834153173751504
-0.8378378378378378,4.759461016264811,0.10732862702329632,-0.008638072977419446,-0.013065891490499203,-0.017758715243947395,-0.018843128534656327
-0.8358358358358359,4.754013836542895,0.10977535246628875,-0.008908393485747682,-0.013458861104954587,-0.01828134025347084,-0.019348831322590566
-0.8338338338338338,4.748536027217377,0.11223667243018857,-0.009183003428789869,-0.013857281252544427,-0.018810533688262614,-0.019858459717409804
-0.8318318318318318,4.743028582729981,0.11471215828243414,-0.009461879448805745,-0.014261091226393895,-0.019346185593990036,-0.02037183421926794
-0.8298298298298299,4.737492470162358,0.11720139318956095,-0.009744997846087875,-0.014670230095904515,-0.019888185602983083,-0.020888776397812697
-0.8278278278278278,4.73192862967677,0.11970397192514728,-0.010032334634369944,-0.01508463680014253,-0.02043642307104756,-0.02140910906537488
-0.8258258258258259,4.726337974988298,0.12221950066406265,-0.010323865593271878,-0.015504250235756488,-0.02099078720635093,-0.021932656438263393
-0.8238238238238238,4.720721393863567,0.12474759676519488,-0.010619566317853464,-0.015929009339569738,-0.021551167190591154,-0.02245924428653245
-0.8218218218218218,4.715079748641456,0.1272878885446414,-0.01091941226535312,-0.01635885316600185,-0.02211745229267101,-0.02298870007260148
-0.8198198198198199,4.709413876771633,0.12984001504117162,-0.011223378799193018,-0.01679372095948019,-0.022689531975110772,-0.023520853079118734
-0.8178178178178178,4.703724591367172,0.13240362577559942,-0.011531441230335105,-0.017233552222007387,-0.02326729599343958,-0.02405553452646789
-0.8158158158158157,4.698012681767851,0.1349783805055443,-0.011843574856074984,-0.017678286776055065,-0.02385063448881142,-0.024592577680321224
-0.8138138138138138,4.692278914111061,0.13756394897691773,-0.012159754996362803,-0.018127864822955992,-0.02443943807409596,-0.02513181794964596
-0.8118118118118118,4.686524031907606,0.14016001067333092,-0.012479957027741406,-0.018582226996969094,-0.025033597913696297,-0.02567309297557041
-0.8098098098098099,4.680748756619906,0.14276625456449363,-0.012804156414992588,-0.019041314415191548,-0.02563300579734681,-0.026216242711515132
-0.8078078078078078,4.674953788240442,0.14538237885455893,-0.013132328740582722,-0.019505068723492214,-0.02623755420814378,-0.026761109494990668
-0.8058058058058057,4.669139805868485,0.148008090731257,-0.013464449731998345,-0.019973432138639398,-0.02684713638505942,-0.02730753811145876
-0.8038038038038038,4.663307468283409,0.1506431061165653,-0.013800495287062174,-0.020446347486793942,-0.02746164638018832,-0.027855375850647946
-0.8018018018018018,4.6574574145130745,0.15328714941956886,-0.014140441497318409,-0.020923758238536618,-0.028080979110970888,-0.028404472555706814
-0.7997997997997999,4.651590264395985,0.1559399532920798,-0.014484264669575307,-0.02140560854059525,-0.028705030407634502,-0.02895468066557016
-0.7977977977977978,4.645706619136067,0.15860125838751207,-0.01483194134569119,-0.021891843244434245,-0.029333697056088653,-0.02950585525090432
-0.7957957957957957,4.639807061849108,0.16127081312343552,-0.015183448320688428,-0.02238240793186513,-0.029966876836504456,-0.030057854043988076
-0.7937937937937938,4.633892158100007,0.16394837344816998,-0.015538762659277812,-0.02287724893783282,-0.030604468557803195,-0.030610537462875453
-0.7917917917917918,4.627962456430148,0.1666337026117239,-0.0158978617108738,-0.023376313370527917,-0.031246372088272828,-0.03116376863017592
-0.7897897897897898,4.622018488874316,0.16932657094133083,-0.016260723123178656,-0.023879549128971098,-0.031892488382524245,-0.031717413386776735
-0.7877877877877878,4.616060771466665,0.1720267556217874,-0.016627324854411464,-0.024386904918210953,-0.03254271950499309,-0.03227134030082061
-0.7857857857857857,4.610089804735373,0.1747340404807587,-0.01699764518425524,-0.02489833026227181,-0.033196968650185454,-0.032825420672240896
-0.7837837837837838,4.604106074185688,0.17744821577917527,-0.01737166272359319,-0.025413775514983427,-0.033855140159859194,-0.03337952853314462
-0.7817817817817818,4.5981100507711465,0.18016907800681475,-0.017749356423102634,-0.025933191868819525,-0.034517139537325665,-0.033933540644322524
-0.7797797797797797,4.592102191352817,0.18289642968313105,-0.018130705580772514,-0.026456531361867503,-0.035182873459049246,-0.03448733648815395
-0.7777777777777778,4.5860829391464835,0.18563007916336619,-0.018515689848407804,-0.026983746883046333,-0.03585224978371528,-0.03504079825816241
-0.7757757757757757,4.580052724157743,0.1883698404499558,-0.018904289237182032,-0.027514792175685504,-0.03652517755892993,-0.035593810845467345
-0.7737737737737738,4.574011963605021,0.19111553300922324,-0.01929648412229615,-0.028049621839572582,-0.037201567025708676,-0.03614626182236572
-0.7717717717717718,4.56796106233057,0.19386698159333193,-0.01969225524679988,-0.028588191331572487,-0.037881329620903195,-0.03669804142326693
-0.7697697697697697,4.561900413199543,0.19662401606745536,-0.02009158372462916,-0.029130456964917215,-0.03856437797770977,-0.03724904252319345
-0.7677677677677678,4.555830397487265,0.1993864712421078,-0.02049445104291084,-0.02967637590725962,-0.039250625924395675,-0.037799160614049344
-0.7657657657657657,4.5497513852548614,0.20215418671056753,-0.020900839063583598,-0.030225906177581273,-0.039939988481373645,-0.03834829377884872
-0.7637637637637638,4.543663735713406,0.20492700669131486,-0.021310730024381712,-0.030779006642039336,-0.040632381856748445,-0.03889634266408657
-0.7617617617617618,4.537567797576804,0.20770477987539687,-0.02172410653922611,-0.03133563700883361,-0.04132772344045301,-0.039443210450424364
-0.7597597597597597,4.531463909403595,0.21048735927862558,-0.022140951598064958,-0.0318957578221711,-0.04202593179708601,-0.03998880282185417
-0.7577577577577578,4.52535239992793,0.21327460209851035,-0.02256124856620411,-0.0324593304554009,-0.04272692665755719,-0.0405330279334957
-0.7557557557557557,4.519233588379941,0.21606636957581737,-0.022984981183165394,-0.033026317103388825,-0.043430628909640605,-0.04107579637817227
-0.7537537537537538,4.513107784795752,0.21886252686064986,-0.02341213356110913,-0.033596680774197425,-0.04413696058753112,-0.041617021151903286
-0.7517517517517518,4.506975290317383,0.22166294288293792,-0.023842690182855255,-0.034170385280133636,-0.044845844860494324,-0.042156617618443096
-0.7497497497497497,4.500836397482817,0.22446749022722123,-0.024276635899535333,-0.03474739522822237,-0.04555720602069442,-0.04269450347298782
-0.7477477477477478,4.494691390506465,0.22727604501161242,-0.024713955927906567,-0.035327676010162026,-0.04627096947028079,-0.04323059870516512
-0.7457457457457457,4.488540545550318,0.23008848677082464,-0.025154635847356544,-0.03591119379181356,-0.04698706170780841,-0.04376482556141447
-0.7437437437437437,4.4823841309860315,0.23290469834314778,-0.025598661596626566,-0.036497915502272826,-0.04770541031406385,-0.04429710850685841
-0.7417417417417418,4.476222407648214,0.23572456576125575,-0.02604601947027915,-0.037087808822572295,-0.04842594393736316,-0.0448273741867596
-0.7397397397397397,4.470055629079174,0.23854797814673173,-0.026496696114934323,-0.037680842174055776,-0.04914859227838533,-0.04535555138765156
-0.7377377377377378,4.463884041765393,0.24137482760819579,-0.026950678525297717,-0.03827698470646699,-0.04987328607459978,-0.04588157099822552
-0.7357357357357357,4.457707885365974,0.24420500914292184,-0.027407954040001934,-0.03887620628579035,-0.0505999570843433,-0.046405365970049885
-0.7337337337337337,4.451527392933321,0.24703842054183645,-0.027868510337281917,-0.03947847748188027,-0.05132853807059911,-0.046926871278194254
-0.7317317317317318,4.445342791126296,0.24987496229778394,-0.028332335430502956,-0.04008376955591192,-0.05205896278452518,-0.04744602388182354
-0.7297297297297297,4.4391543004161,0.2527145375169548,-0.028799417663559604,-0.040692054447685595,-0.05279116594877817,-0.04796276268482403
-0.7277277277277278,4.43296213528512,0.25555705183337024,-0.029269745706162156,-0.04130330476281379,-0.053525083240674856,-0.04847702849651852
-0.7257257257257257,4.426766504418963,0.25840241332632286,-0.02974330854902649,-0.04191749375981806,-0.05426065127523043,-0.04898876399252241
-0.7237237237237237,4.420567610891931,0.2612505324406668,-0.03022009549898181,-0.0425345953371618,-0.05499780758811014,-0.049497913675790005
-0.7217217217217218,4.414365652346128,0.264101321909866,-0.03070009617401018,-0.043154584020241825,-0.055736490618528374,-0.05000442383789459
-0.7197197197197197,4.408160821164447,0.266954696681701,-0.03118330049823065,-0.04377743494836165,-0.05647663969212702,-0.05050824252058417
-0.7177177177177176,4.401953304637625,0.26981057384654117,-0.031669698696839686,-0.0444031238617058,-0.05721819500386152,-0.05100931947764918
-0.7157157157157157,4.395743285125591,0.2726688725680951,-0.03215928129101933,-0.04503162708833512,-0.05796109760092241,-0.051507606137137264
-0.7137137137137137,4.389530940213291,0.27552951401654685,-0.032652039092823104,-0.04566292153121942,-0.05870528936571667,-0.05200305556394521
-0.7117117117117118,4.3833164428612,0.27839242130399655,-0.03314796320004918,-0.04629698465532417,-0.059450712998931794,-0.05249562242281647
-0.7097097097097097,4.377099961550688,0.28125751942212235,-0.033647044991110216,-0.0469337944747658,-0.06019731200270404,-0.05298526294176987
-0.7077077077077076,4.370881660424453,0.2841247351819792,-0.03414927611990714,-0.04757332954004894,-0.060945030663909355,-0.05347193487598132
-0.7057057057057057,4.364661699422161,0.2869939971558648,-0.03465464851071523,-0.04821556892539821,-0.061693814037595184,-0.0539555974721398
-0.7037037037037037,4.3584402344115,0.28986523562116995,-0.035163154353089046,-0.04886049221619567,-0.062443607930568884,-0.05443621143329492
-0.7017017017017018,4.352217417314787,0.2927383825061451,-0.03567478609679254,-0.049508079496534164,-0.06319435888515712,-0.05491373888421205
-0.6996996996996997,4.345993396231301,0.295613371337513,-0.03618953644676051,-0.050158311336895904,-0.0639460141631498,-0.05538814333724901
-0.6976976976976976,4.339768315555497,0.2984901371898578,-0.0367073983580964,-0.05081116878196469,-0.06469852172993962,-0.05585938965876601
-0.6956956956956957,4.333542316091238,0.30136861663672626,-0.03722836503111164,-0.05146663333857922,-0.06545183023886883,-0.05632744403607927
-0.6936936936936937,4.327315535162209,0.3042487477033788,-0.03775242990641064,-0.05212468696383417,-0.06620588901579169,-0.05679227394496665
-0.6916916916916918,4.321088106718636,0.30713046982112646,-0.038279586660025657,-0.05278531205333515,-0.06696064804386136,-0.05725384811773238
-0.6896896896896897,4.314860161440447,0.3100137237831999,-0.03880982919860521,-0.05344849142961257,-0.06771605794854887,-0.05771213651183656
-0.6876876876876876,4.308631826837016,0.3128984517020888,-0.039343151654659,-0.054114208330699416,-0.06847206998290002,-0.05816711027909358
-0.6856856856856857,4.302403227343597,0.3157845969682997,-0.03987954838186251,-0.0547824463988764,-0.0692286360130359,-0.05861874173544244
-0.6836836836836837,4.296174484414586,0.31867210421048087,-0.0404190139504239,-0.0554531896695883,-0.06998570850390215,-0.059067004331291036
-0.6816816816816818,4.289945716613715,0.3215609192568588,-0.04096154314251503,-0.056126422560534205,-0.07074324050526998,-0.059511872622434986
-0.6796796796796797,4.283717039701295,0.32445098909794284,-0.04150713094776921,-0.056802129860934,-0.07150118563799318,-0.05995332224155099
-0.6776776776776776,4.2774885667186116,0.327342261850448,-0.04205577255884689,-0.05748029672097305,-0.07225949808052286,-0.060391329870263764
-0.6756756756756757,4.2712604080695895,0.3302346867223905,-0.042607463367071066,-0.058160908641426604,-0.07301813255568187,-0.060825873211784315
-0.6736736736736737,4.265032671599806,0.33312821397931325,-0.04316219895813355,-0.05884395146346482,-0.07377704431770134,-0.06125693096411704
-0.6716716716716717,4.258805462672969,0.33602279491160003,-0.043719975107872906,-0.05952941135863907,-0.07453618913951812,-0.06168448279383256
-0.6696696696696697,4.252578884244942,0.3389183818028349,-0.044280787778125386,-0.06021727481905031,-0.07529552330033559,-0.062108509310401794
-0.6676676676676676,4.246353036935402,0.3418149278991712,-0.04484463311264885,-0.060907528647698744,-0.07605500357344604,-0.06252899204108692
-0.6656656656656657,4.240128019097236,0.34471238737967164,-0.04541150743312077,-0.06160015994901537,-0.076814587214315,-0.06294591340638411
-0.6636636636636637,4.233903926883727,0.34761071532758225,-0.045981407235210006,-0.06229515611957394,-0.07757423194892622,-0.06335925669601249
-0.6616616616616617,4.227680854313644,0.35050986770250586,-0.046554329184722895,-0.06299250483898343,-0.07833389596238591,-0.06376900604544267
-0.6596596596596597,4.221458893334288,0.3534098013134436,-0.04713027011382367,-0.06369219406095929,-0.07909353788778493,-0.06417514641295928
-0.6576576576576576,4.215238133882574,0.35631047379266895,-0.04770922701732873,-0.06439421200457245,-0.0798531167953167,-0.0645776635572502
-0.6556556556556556,4.209018663944235,0.3592118435704064,-0.04829119704907488,-0.06509854714567483,-0.0806125921816486,-0.06497654401551513
-0.6536536536536537,4.202800569611188,0.3621138698502828,-0.04887617751836116,-0.06580518820849937,-0.08137192395954472,-0.06537177508208662
-0.6516516516516517,4.1965839351371566,0.36501651258552403,-0.04946416588646333,-0.06651412415743295,-0.08213107244773708,-0.06576334478755552
-0.6496496496496497,4.190368842991599,0.36791973245586745,-0.05005515976322127,-0.06722534418896028,-0.08288999836104233,-0.06615124187839326
-0.6476476476476476,4.184155373911997,0.37082349084516736,-0.05064915690369809,-0.06793883772377707,-0.08364866280072121,-0.06653545579706241
-0.6456456456456456,4.177943606954592,0.37372774981966245,-0.05124615520491008,-0.06865459439906893,-0.0844070272450769,-0.06691597666260793
-0.6436436436436437,4.171733619543587,0.37663247210688516,-0.05184615270262756,-0.06937260406095586,-0.08516505354028998,-0.06729279525172062
-0.6416416416416417,4.165525487518894,0.3795376210751877,-0.05244914756824492,-0.07009285675709781,-0.08592270389148533,-0.06766590298026365
-0.6396396396396397,4.159319285182487,0.38244316071386103,-0.05305513810571939,-0.07081534272946052,-0.0866799408540283,-0.06803529188525467
-0.6376376376376376,4.153115085343377,0.38534905561382415,-0.05366412274857756,-0.07154005240723786,-0.0874367273250456,-0.06840095460729397
-0.6356356356356356,4.146912959361301,0.3882552709488657,-0.05427610005698843,-0.07226697639992843,-0.0881930265351678,-0.0687628843734307
-0.6336336336336337,4.140712977189132,0.39116177245741485,-0.05489106871490236,-0.07299610549056487,-0.08894880204048963,-0.06912107498045815
-0.6316316316316316,4.134515207414087,0.39406852642482065,-0.055509027527254534,-0.07372743062909098,-0.08970401771474322,-0.06947552077862926
-0.6296296296296297,4.128319717297763,0.39697549966612455,-0.056129975417231755,-0.07446094292588577,-0.09045863774168166,-0.0698262166557841
-0.6276276276276276,4.122126572815038,0.399882659509304,-0.05675391142360195,-0.0751966336454312,-0.09121262660766763,-0.07017315802188025
-0.6256256256256256,4.11593583869189,0.4027899737789725,-0.05738083469810453,-0.0759344942001199,-0.09196594909446387,-0.07051634079391758
-0.6236236236236237,4.109747578442162,0.4056974107805163,-0.058010744502901175,-0.07667451614420163,-0.09271857027222123,-0.07085576138124886
-0.6216216216216216,4.1035618544033285,0.408604939284653,-0.058643640208085004,-0.0774166911678641,-0.09347045549265975,-0.07119141667126719
-0.6196196196196196,4.09737872777127,0.41151252851239645,-0.05927952128924782,-0.07816101109144623,-0.09422157038243972,-0.07152330401546286
-0.6176176176176176,4.091198258634125,0.4144201481204104,-0.05991838732510377,-0.07890746785978107,-0.09497188083671765,-0.07185142121583993
-0.6156156156156156,4.085020506005232,0.4173277681867399,-0.0605602379951677,-0.07965605353666462,-0.09572135301288322,-0.07217576651168475
-0.6136136136136137,4.078845527855196,0.4202353591969013,-0.06120507307748817,-0.08040676029944879,-0.09646995332447403,-0.07249633856667831
-0.6116116116116116,4.072673381143124,0.4231428920303224,-0.06185289244643279,-0.0811595804337552,-0.09721764843526276,-0.07281313645634406
-0.6096096096096096,4.06650412184704,0.42605033794711367,-0.06250369607052518,-0.08191450632830666,-0.09796440525351406,-0.07312615965582275
-0.6076076076076076,4.060337804993536,0.42895766857516326,-0.06315748401033235,-0.08267153046987456,-0.09871019092640604,-0.07343540802796716
-0.6056056056056056,4.0541744846866585,0.4318648558975382,-0.06381425641640072,-0.08343064543833785,-0.09945497283461308,-0.0737408818117478
-0.6036036036036037,4.04801421413608,0.4347718722401853,-0.06447401352724051,-0.0841918439018524,-0.10019871858704585,-0.07404258161096285
-0.6016016016016016,4.041857045684572,0.43767869025991335,-0.06513675566735629,-0.08495511861212697,-0.10094139601574485,-0.07434050838324362
-0.5995995995995996,4.035703030834812,0.4405852829326509,-0.06580248324532303,-0.08572046239980392,-0.10168297317092301,-0.07463466342934917
-0.5975975975975976,4.029552220275541,0.44349162354196653,-0.06647119675190635,-0.0864878681699408,-0.1024234183161542,-0.07492504838274142
-0.5955955955955956,4.023404663907101,0.4463976856678405,-0.06714289675822578,-0.08725732889759164,-0.1031626999237038,-0.07521166519943445
-0.5935935935935936,4.017260410866384,0.4493034431756786,-0.06781758391395969,-0.08802883762348394,-0.10390078666999697,-0.0754945161481103
-0.5915915915915916,4.011119509551194,0.4522088702055561,-0.06849525894559068,-0.08880238744978979,-0.10463764743122186,-0.07577360380049425
-0.5895895895895895,4.0049820076440685,0.45511394116168613,-0.06917592265469086,-0.08957797153598818,-0.10537325127906363,-0.07604893102198297
-0.5875875875875876,3.998847952135566,0.4580186307020979,-0.06985957591624478,-0.09035558309481587,-0.10610756747656576,-0.07632050096251819
-0.5855855855855856,3.9927173893470433,0.46092291372852073,-0.07054621967701001,-0.09113521538830448,-0.10684056547411507,-0.07658831704769972
-0.5835835835835836,3.9865903649529453,0.4638267653764596,-0.07123585495391344,-0.0919168617239016,-0.10757221490554728,-0.07685238297013125
-0.5815815815815816,3.980466924002625,0.46673016100545894,-0.07192848283248246,-0.0927005154506727,-0.10830248558436939,-0.07711270268099157
-0.5795795795795795,3.974347110941714,0.46963307618954203,-0.07262410446531005,-0.09348616995558301,-0.10903134750009573,-0.07736928038182667
-0.5775775775775776,3.9682309696330607,0.47253548670782136,-0.07332272107055249,-0.09427381865985503,-0.10975877081469416,-0.07762212051655477
-0.5755755755755756,3.962118543377257,0.4754373685352663,-0.07402433393045853,-0.09506345501540116,-0.11048472585913949,-0.07787122776367912
-0.5735735735735736,3.9560098749327675,0.4783386978336283,-0.07472894438992964,-0.09585507250132823,-0.11120918313007053,-0.07811660702870288
-0.5715715715715716,3.9499050065356798,0.48123945094250875,-0.07543655385510892,-0.09664866462051197,-0.111932113286548,-0.07835826343673927
-0.5695695695695695,3.9438039799190947,0.4841396043705656,-0.07614716379199962,-0.09744422489623931,-0.11265348714691018,-0.07859620232531257
-0.5675675675675675,3.937706836332169,0.487039134786851,-0.07686077572511009,-0.09824174686891617,-0.11337327568572245,-0.07883042923734308
-0.5655655655655656,3.9316136165588307,0.48993801901227263,-0.07757739123612607,-0.09904122409283903,-0.11409145003081961,-0.07906094991431181
-0.5635635635635636,3.925524360936179,0.4928362340111708,-0.07829701196260802,-0.09984265013302782,-0.11480798146043568,-0.07928777028959882
-0.5615615615615616,3.919439109372586,0.4957337568830065,-0.07901963959671303,-0.10064601856211815,-0.11552284140042013,-0.0795108964819899
-0.5595595595595595,3.9133579013655133,0.49863056485415,-0.07974527588394092,-0.10145132295731152,-0.11623600142153694,-0.07973033478934728
-0.5575575575575575,3.907280776019061,0.5015266352697697,-0.08047392262190221,-0.10225855689738028,-0.1169474332368438,-0.07994609168243826
-0.5555555555555556,3.901207772061261,0.5044219455858067,-0.08120558165910874,-0.10306771395972711,-0.11765710869914867,-0.080158173798918
-0.5535535535535536,3.8951389278611264,0.507316473361036,-0.08194025489378444,-0.10387878771749551,-0.1183649997985413,-0.08036658793746068
-0.5515515515515516,3.88907428144548,0.5102101962492024,-0.08267794427269672,-0.10469177173673072,-0.11907107865999669,-0.08057134105203508
-0.5495495495495495,3.8830138705155623,0.5131030919912288,-0.08341865179000675,-0.10550665957358848,-0.11977531754104818,-0.08077244024631963
-0.5475475475475475,3.8769577324634423,0.5159951384074891,-0.08416237948613817,-0.10632344477159028,-0.12047768882952738,-0.08096989276825246
-0.5455455455455456,3.87090590438824,0.5188863133901379,-0.084909129446663,-0.10714212085892305,-0.12117816504136868,-0.08116370600471234
-0.5435435435435436,3.8648584231121728,0.5217765948954971,-0.08565890380120497,-0.10796268134578237,-0.12187671881847581,-0.08135388747632562
-0.5415415415415415,3.8588153251964443,0.5246659609364812,-0.0864117047223577,-0.10878511972175577,-0.12257332292664784,-0.08154044483239589
-0.5395395395395395,3.852776646956977,0.5275543895750744,-0.08716753442461883,-0.10960942945324698,-0.12326795025356237,-0.08172338584595128
-0.5375375375375375,3.846742424480012,0.5304418589148324,-0.0879263951633384,-0.11043560398093749,-0.123960573806814,-0.08190271840890616
-0.5355355355355356,3.8407126936375837,0.5333283470934199,-0.08868828923368019,-0.11126363671728448,-0.12465116671200453,-0.08207845052733272
-0.5335335335335336,3.8346874901028802,0.5362138322751674,-0.08945321896959663,-0.11209352104405389,-0.12533970221088422,-0.08225059031683886
-0.5315315315315315,3.8286668493655034,0.5390982926436485,-0.09022118674281546,-0.11292525030988712,-0.12602615365954065,-0.08241914599804878
-0.5295295295295295,3.8226508067466396,0.5419817063942652,-0.09099219496183766,-0.11375881782789886,-0.12671049452663344,-0.08258412589218196
-0.5275275275275275,3.8166393974141526,0.5448640517268438,-0.09176624607094652,-0.11459421687330625,-0.1273926983916725,-0.0827455384167276
-0.5255255255255256,3.810632656397611,0.5477453068382278,-0.09254334254922651,-0.11543144068108646,-0.12807273894333815,-0.08290339208121073
-0.5235235235235236,3.8046306186032655,0.5506254499148647,-0.09332348690959139,-0.11627048244366216,-0.12875058997784028,-0.08305769548304615
-0.5215215215215215,3.7986333188289776,0.5535044591253853,-0.09410668169782119,-0.11711133530861294,-0.12942622539731446,-0.08320845730347717
-0.5195195195195195,3.7926407917791214,0.5563823126131611,-0.09489292949160719,-0.11795399237641198,-0.13009961920825416,-0.08335568630359592
-0.5175175175175175,3.786653072079467,0.5592589884888436,-0.09568223289960452,-0.11879844669818598,-0.13077074551997514,-0.08349939132044153
-0.5155155155155156,3.780670194292055,0.5621344648228703,-0.09647459456049114,-0.11964469127349707,-0.1314395785431112,-0.08363958126317275
-0.5135135135135136,3.7746921929300727,0.5650087196379393,-0.09727001714203332,-0.1204927190481463,-0.1321060925881394,-0.08377626510931295
-0.5115115115115115,3.768719102472751,0.5678817309014419,-0.09806850334015693,-0.12134252291199625,-0.13277026206393183,-0.08390945190106303
-0.5095095095095095,3.7627509573802858,0.5707534765178504,-0.09887005587802332,-0.12219409569681207,-0.13343206147633288,-0.08403915074167992
-0.5075075075075075,3.7567877921087978,0.5736239343210497,-0.09967467750510997,-0.12304743017412,-0.13409146542675937,-0.08416537079191758
-0.5055055055055055,3.7508296411253443,0.5764930820666154,-0.10048237099629495,-0.12390251905308149,-0.13474844861082202,-0.08428812126652739
-0.5035035035035035,3.744876538922993,0.5793608974240227,-0.10129313915094476,-0.12475935497838232,-0.13540298581696586,-0.08440741143081434
-0.5015015015015015,3.73892852003597,0.5822273579687879,-0.10210698479200493,-0.12561793052813536,-0.13605505192512857,-0.08452325059724837
-0.49949949949949946,3.732985619054895,0.585092441174529,-0.10292391076509338,-0.1264782382117952,-0.13670462190541355,-0.08463564812212443
-0.4974974974974975,3.727047870642115,0.587956124404946,-0.10374391993759456,-0.12734027046808488,-0.1373516708167764,-0.084744613402272
-0.49549549549549554,3.721115309547146,0.5908183849057083,-0.10456701519775603,-0.12820401966293177,-0.13799617380572368,-0.08485015587180857
-0.4934934934934935,3.715187970622241,0.5936791997962493,-0.10539319945378516,-0.12906947808741365,-0.1386381061050203,-0.08495228499893628
-0.4914914914914915,3.709265888838092,0.5965385460614514,-0.10622247563294662,-0.12993663795571164,-0.1392774430324053,-0.08505101028277752
-0.48948948948948945,3.70334909929968,0.5993964005432263,-0.10705484668065905,-0.13080549140307043,-0.13991415998931314,-0.08514634125024761
-0.4874874874874875,3.6974376372622872,0.6022527399319763,-0.10789031555959208,-0.13167603048376395,-0.1405482324595983,-0.08523828745296155
-0.48548548548548554,3.691531538147681,0.6051075407579288,-0.10872888524876144,-0.13254824716906602,-0.1411796360082629,-0.08532685846417225
-0.48348348348348347,3.6856308375604856,0.6079607793823453,-0.1095705587426231,-0.1334221333452245,-0.141808346280183,-0.08541206387573762
-0.4814814814814815,3.679735571304755,0.610812431988583,-0.1104153390501657,-0.13429768081143756,-0.14243433899883393,-0.0854939132951138
-0.47947947947947944,3.67384577540076,0.6136624745730178,-0.11126322919399992,-0.1351748812778317,-0.14305758996501064,-0.08557241634237159
-0.4774774774774775,3.6679614861020005,0.6165108829358097,-0.1121142322094461,-0.1360537263634404,-0.14367807505554303,-0.08564758264723435
-0.47547547547547553,3.6620827399124636,0.6193576326715057,-0.11296835114361817,-0.13693420759418184,-0.14429577022200257,-0.08571942184613368
-0.47347347347347346,3.6562095736041362,0.6222026991594747,-0.11382558905450421,-0.13781631640083475,-0.14491065148939916,-0.08578794357928093
-0.4714714714714715,3.650342024234786,0.6250460575541634,-0.11468594901004336,-0.13870004411701203,-0.1455226949548662,-0.0858531574877517
-0.46946946946946944,3.644480129166033,0.6278876827751646,-0.11554943408719845,-0.13958538197713058,-0.1461318767863308,-0.08591507321058063
-0.4674674674674675,3.638623926081718,0.6307275494970934,-0.11641604737102434,-0.14047232111437621,-0.14673817322116917,-0.08597370038186442
-0.4654654654654655,3.6327734530065894,0.6335656321392552,-0.11728579195373075,-0.14136085255866215,-0.14734156056484163,-0.08602904862786892
-0.46346346346346345,3.626928748325322,0.6364019048551043,-0.11815867093374074,-0.14225096723458247,-0.14794201518950906,-0.08608112756414012
-0.4614614614614615,3.6210898508018845,0.6392363415214801,-0.11903468741474316,-0.14314265595935594,-0.1485395135326256,-0.08612994679261363
-0.45945945945945943,3.61525679959927,0.642068915727609,-0.11991384450473962,-0.14403590944076203,-0.1491340320955066,-0.08617551589872223
-0.4574574574574575,3.6094296342996124,0.6448996007638684,-0.12079614531508559,-0.14493071827506682,-0.14972554744186994,-0.08621784444849746
-0.4554554554554555,3.603608394924697,0.647728369610296,-0.1216815929595244,-0.1458270729449376,-0.1503140361963469,-0.08625694198566282
-0.45345345345345345,3.597793121956892,0.6505551949248423,-0.12257019055321562,-0.1467249638173463,-0.1508994750429621,-0.08629281802871616
-0.4514514514514515,3.5919838563605118,0.6533800490313444,-0.12346194121175616,-0.14762438114145943,-0.15148184072357887,-0.08632548206799846
-0.4494494494494494,3.5861806396036373,0.6562029039072251,-0.12435684805019444,-0.1485253150465144,-0.15206111003630793,-0.08635494356274538
-0.44744744744744747,3.580383513680404,0.6590237311708914,-0.1252549141820372,-0.14942775553968007,-0.15263725983387685,-0.08638121193811996
-0.4454454454454454,3.574592521133784,0.6618425020688308,-0.12615614271824896,-0.1503316925039021,-0.153210267021958,-0.08640429658222273
-0.44344344344344344,3.5688077050788802,0.6646591874623928,-0.12706053676624432,-0.15123711569573106,-0.1537801085574523,-0.08642420684307706
-0.4414414414414415,3.5630291092267514,0.6674737578142386,-0.12796809942887155,-0.15214401474313147,-0.1543467614467254,-0.08644095202558526
-0.4394394394394394,3.557256777908789,0.6702861831744512,-0.12887883380338924,-0.1530523791432724,-0.1549102027437949,-0.086454541388455
-0.43743743743743746,3.5514907561016695,0.6730964331662931,-0.1297927429804343,-0.15396219826029742,-0.15547040954846486,-0.08646498414109051
-0.4354354354354354,3.5457310894529,0.6759044769715965,-0.13070983004298198,-0.15487346132307314,-0.1560273590044041,-0.08647228944044653
-0.43343343343343343,3.5399778243069853,0.678710283315774,-0.1316300980652977,-0.15578615742291485,-0.1565810282971676,-0.08647646638784244
-0.4314314314314315,3.534231007732231,0.6815138204524381,-0.13255355011188075,-0.15670027551128893,-0.15713139465215548,-0.08647752402573221
-0.4294294294294294,3.5284906875482167,0.684315056147611,-0.13348018923639907,-0.15761580439749012,-0.15767843533250805,-0.08647547133442778
-0.42742742742742745,3.522756912353949,0.687113957663514,-0.1344100184806161,-0.15853273274629273,-0.158222127636933,-0.08647031722877195
-0.4254254254254254,3.517029731556736,0.6899104917419258,-0.13534304087330964,-0.15945104907557542,-0.15876244889746224,-0.08646207055475835
-0.42342342342342343,3.511309195401794,0.69270462458708,-0.136279259429181,-0.1603707417539161,-0.15929937647713352,-0.0864507400860933
-0.42142142142142147,3.5055953550026184,0.6954963218481072,-0.1372186771477573,-0.16129179899815896,-0.15983288776759558,-0.0864363345206986
-0.4194194194194194,3.4998882623721443,0.6982855486009852,-0.1381612970122842,-0.16221420887094928,-0.16036296018663132,-0.0864188624771487
-0.41741741741741745,3.494187970454725,0.701072269330002,-0.13910712198861183,-0.16313795927823824,-0.16088957117559619,-0.08639833249104176
-0.4154154154154154,3.4884945331589496,0.7038564479086915,-0.14005615502407098,-0.16406303796675165,-0.16141269819676868,-0.08637475301129761
-0.4134134134134134,3.4828080053913384,0.706638047580249,-0.14100839904634274,-0.16498943252142667,-0.16193231873060693,-0.08634813239638184
-0.41141141141141147,3.477128443090931,0.7094170309373905,-0.1419638569623193,-0.16591713036281117,-0.16244841027291082,-0.08631847891045005
-0.4094094094094094,3.471455903264812,0.7121933599016497,-0.14292253165695823,-0.16684611874442667,-0.16296095033188218,-0.08628580071940935
-0.40740740740740744,3.465790444024589,0.7149669957020859,-0.14388442599212806,-0.16777638475009224,-0.16346991642508102,-0.08625010588689241
-0.4054054054054054,3.4601321246238625,0.7177378988533937,-0.14484954280544785,-0.16870791529120874,-0.1639752860762727,-0.08621140237014101
-0.4034034034034034,3.4544810054967154,0.7205060291333871,-0.14581788490911893,-0.16964069710400156,-0.16447703681216136,-0.08616969801579338
-0.40140140140140146,3.448837148297255,0.7232713455598442,-0.14678945508875135,-0.17057471674672078,-0.16497514615900624,-0.08612500055557266
-0.3993993993993994,3.443200615940237,0.7260338063666901,-0.14776425610218216,-0.1715099605967967,-0.16546959163911443,-0.08607731760187087
-0.39739739739739743,3.4375714726428055,0.728793368979499,-0.14874229067828973,-0.17244641484794995,-0.1659603507672067,-0.08602665664322473
-0.39539539539539537,3.4319497839673825,0.7315499899902961,-0.14972356151580157,-0.1733840655072541,-0.1664474010466512,-0.08597302503967848
-0.3933933933933934,3.4263356168657397,0.734303625131637,-0.1507080712820971,-0.17432289839214932,-0.16693071996555936,-0.08591643001802905
-0.39139139139139134,3.4207290397242835,0.7370542292499461,-0.15169582261200643,-0.17526289912740597,-0.1674102849927388,-0.08585687866694953
-0.3893893893893894,3.415130122410596,0.7398017562780865,-0.15268681810660398,-0.17620405314203494,-0.16788607357349872,-0.08579437793198515
-0.3873873873873874,3.409538936321252,0.7425461592071505,-0.1536810603319996,-0.17714634566614523,-0.16835806312530122,-0.08572893461041779
-0.38538538538538536,3.403955554430967,0.7452873900574385,-0.1546785518181261,-0.17808976172774563,-0.16882623103325387,-0.08566055534599412
-0.3833833833833834,3.3983800513430875,0.7480253998486098,-0.15567929505752418,-0.1790342861494884,-0.16929055464543685,-0.08558924662351176
-0.38138138138138133,3.3928125033414815,0.7507601385689832,-0.15668329250412577,-0.17997990354535445,-0.16975101126805905,-0.0855150147632593
-0.3793793793793794,3.3872529884438474,0.7534915551439628,-0.15769054657203643,-0.1809265983172769,-0.1702075781604369,-0.08543786591530443
-0.3773773773773774,3.381701586456488,0.7562195974035666,-0.15870105963431608,-0.18187435465170151,-0.17066023252979012,-0.0853578060536254
-0.37537537537537535,3.3761583790305787,0.7589442120490391,-0.15971483402176143,-0.18282315651608258,-0.17110895152584712,-0.08527484097008099
-0.3733733733733734,3.370623449719968,0.7616653446185205,-0.16073187202168773,-0.1837729876553109,-0.17155371223525456,-0.08518897626821297
-0.37137137137137133,3.365096884040544,0.764382939451754,-0.1617521758767137,-0.1847238315880729,-0.17199449167578304,-0.08510021735687674
-0.36936936936936937,3.3595787695312027,0.7670969396538041,-0.16277574778354684,-0.1856756716031389,-0.17243126679032345,-0.08500856944369432
-0.3673673673673674,3.3540691958164497,0.7698072870577726,-0.1638025898917736,-0.18662849075557605,-0.1728640144406656,-0.08491403752832506
-0.36536536536536535,3.3485682546706736,0.7725139221864787,-0.16483270430265248,-0.18758227186288687,-0.17329271140105287,-0.08481662639554828
-0.3633633633633634,3.3430760400841173,0.7752167842130936,-0.1658660930679119,-0.18853699750106845,-0.1737173343515056,-0.08471634060815328
-0.3613613613613613,3.3375926483305878,0.777915810920698,-0.16690275818855355,-0.18949265000059093,-0.17413785987090522,-0.08461318449963152
-0.35935935935935936,3.3321181780369233,0.7806109386607497,-0.1679427016136619,-0.19044921144229265,-0.1745542644298316,-0.08450716216666533
-0.3573573573573574,3.3266527302542577,0.7833021023104405,-0.1689859252392208,-0.19140666365318923,-0.17496652438314722,-0.08439827746140956
-0.35535535535535534,3.321196408531105,0.7859892352289167,-0.170032430906937,-0.19236498820219272,-0.17537461596231757,-0.08428653398355995
-0.3533533533533534,3.3157493189882903,0.7886722692123579,-0.17108222040307342,-0.19332416639574115,-0.17577851526746388,-0.08417193507220479
-0.3513513513513513,3.3103115703957506,0.7913511344478835,-0.1721352954572897,-0.19428417927333072,-0.1761781982591356,-0.08405448379745463
-0.34934934934934936,3.304883274251227,0.7940257594662825,-0.17319165774149425,-0.19524500760295274,-0.17657364074979948,-0.08393418295184632
-0.3473473473473474,3.2994645448608693,0.796696071093544,-0.1742513088687042,-0.1962066318764276,-0.17696481839503214,-0.08381103504151716
-0.34534534534534533,3.2940554994217663,0.7993619944011863,-0.17531425039191872,-0.19716903230463667,-0.17735170668441305,-0.0836850422771457
-0.3433433433433434,3.2886562581064145,0.8020234526553578,-0.17638048380300056,-0.1981321888126439,-0.1777342809321048,-0.08355620656465552
-0.3413413413413413,3.2832669441491347,0.8046803672647251,-0.17745001053157144,-0.19909608103470913,-0.17811251626711724,-0.08342452949567943
-0.33933933933933935,3.2778876839344426,0.8073326577271135,-0.17852283194391605,-0.20006068830918391,-0.17848638762324273,-0.08329001233778134
-0.3373373373373374,3.2725186070873677,0.8099802415749224,-0.17959894934189993,-0.2010259896732902,-0.17885586972865908,-0.08315265602443393
-0.3353353353353353,3.2671598465657232,0.812623034319299,-0.18067836396189707,-0.20199196385777624,-0.17922093709518852,-0.08301246114475043
-0.33333333333333337,3.2618115387543134,0.8152609493930815,-0.18176107697372826,-0.20295858928144428,-0.17958156400720665,-0.08286942793297007
-0.3313313313313313,3.2564738235610555,0.817893898092509,-0.18284708947961056,-0.20392584404554864,-0.17993772451019394,-0.08272355625769677
-0.32932932932932935,3.251146844515007,0.8205217895177184,-0.18393640251311424,-0.20489370592805634,-0.18028939239892075,-0.08257484561089143
-0.3273273273273274,3.2458307488662497,0.8231445305120357,-0.18502901703813,-0.20586215237776895,-0.18063654120526124,-0.08242329509662014
-0.3253253253253253,3.240525687687608,0.8257620256000832,-0.18612493394784027,-0.20683116050829747,-0.18097914418562633,-0.08226890341955974
-0.32332332332332336,3.235231815978146,0.8283741769247249,-0.18722415406369747,-0.20780070709188675,-0.1813171743080118,-0.08211166887326496
-0.3213213213213213,3.2299492927683837,0.8309808841828833,-0.1883266781344034,-0.20877076855308552,-0.1816506042386546,-0.08195158932820143
-0.31931931931931934,3.2246782812271766,0.8335820445602568,-0.18943250683488805,-0.20974132096225256,-0.18197940632829038,-0.08178866221955021
-0.31731731731731727,3.219418948770172,0.8361775526649883,-0.19054164076528599,-0.21071234002889666,-0.18230355259801048,-0.08162288453479152
-0.3153153153153153,3.2141714671697486,0.8387673004603236,-0.19165408044990404,-0.21168380109484264,-0.18262301472471087,-0.08145425280107611
-0.31331331331331336,3.208936012666349,0.8413511771963287,-0.19276982633617878,-0.2126556791272181,-0.18293776402613177,-0.0812827630723949
-0.3113113113113113,3.203712766081078,0.8439290693407191,-0.19388887879361602,-0.21362794871125218,-0.18324777144548415,-0.08110841091655852
-0.30930930930930933,3.198501912929442,0.8465008605088828,-0.19501123811270815,-0.21460058404288182,-0.18355300753566198,-0.0809311914020014
-0.30730730730730726,3.193303643536074,0.8490664313931786,-0.19613690450382265,-0.2155735589211574,-0.18385344244303956,-0.08075109908442676
-0.3053053053053053,3.1881181531502882,0.851625659691602,-0.19726587809605373,-0.21654684674043834,-0.18414904589085404,-0.08056812799330974
-0.30330330330330335,3.1829456420622773,0.8541784200359228,-0.1983981589360289,-0.2175204204823747,-0.18443978716217635,-0.08038227161828129
-0.3013013013013013,3.177786315719749,0.856724583919416,-0.199533746986661,-0.2184942527076617,-0.18472563508247206,-0.08019352289541512
-0.2992992992992993,3.1726403848447786,0.859264019624309,-0.20067264212583516,-0.21946831554756369,-0.18500655800175922,-0.08000187419344455
-0.29729729729729726,3.167508065550638,0.8617965921490902,-0.2018148441450198,-0.220442580695194,-0.18528252377636906,-0.07980731729993912
-0.2952952952952953,3.1623895794583228,0.8643221631358363,-0.20296035274778598,-0.22141701939654543,-0.18555349975031812,-0.07960984340747286
-0.29329329329329334,3.157285153812489,0.8668405907977281,-0.20410916754822353,-0.22239160244125802,-0.18581945273630376,-0.07940944309982148
-0.2912912912912913,3.15219502159648,0.8693517298469471,-0.20526128806923646,-0.22336630015311731,-0.18608034899633574,-0.07920610633822797
-0.2892892892892893,3.1471194216460927,0.8718554314231521,-0.20641671374069956,-0.22434108238027156,-0.18633615422202096,-0.07899982244778089
-0.28728728728728725,3.1420585987617025,0.8743515430227622,-0.20757544389745797,-0.22531591848515647,-0.18658683351451838,-0.07879058010395384
-0.2852852852852853,3.137012803818347,0.8768399084292879,-0.2087374777771477,-0.22629077733411773,-0.18683235136418783,-0.07857836731935879
-0.28328328328328334,3.1319822938733184,0.8793203676449746,-0.20990281451781367,-0.22726562728671942,-0.18707267162995758,-0.07836317143077158
-0.28128128128128127,3.1269673322707923,0.8817927568240318,-0.2110714531553006,-0.2282404361847272,-0.18730775751843856,-0.07814497908649225
-0.2792792792792793,3.1219681887429847,0.8842569082077678,-0.2122433926203882,-0.22921517134075375,-0.18753757156281914,-0.07792377623410836
-0.27727727727727725,3.1169851395072814,0.8867126500619442,-0.21341863173564224,-0.2301897995265549,-0.1877620756015772,-0.07769954810873625
-0.2752752752752753,3.112018467358763,0.889159806616708,-0.21459716921194685,-0.23116428696096444,-0.18798123075705078,-0.07747227922181942
-0.27327327327327333,3.1070684617574913,0.8915981980094785,-0.21577900364468477,-0.23213859929745403,-0.18819499741391355,-0.07724195335057131
-0.27127127127127126,3.1021354189098886,0.894027640231187,-0.21696413350952776,-0.23311270161130712,-0.18840333519760713,-0.07700855352815542
-0.2692692692692693,3.0972196418435076,0.8964479450763031,-0.21815255715779536,-0.23408655838639408,-0.18860620295278696,-0.0767720620347029
-0.26726726726726724,3.092321440474422,0.8988589200970996,-0.21934427281133934,-0.2350601335015352,-0.188803558721845,-0.07653246038927497
-0.2652652652652653,3.087441131666452,0.9012603685626439,-0.22053927855690714,-0.23603339021644,-0.1889953597235785,-0.07628972934288536
-0.2632632632632632,3.0825790392813763,0.9036520894230221,-0.22173757233993446,-0.23700629115721164,-0.18918156233208164,-0.07604384887270513
-0.26126126126126126,3.077735494219227,0.9060338772793516,-0.22293915195771494,-0.23797879830140461,-0.18936212205594233,-0.07579479817758143
-0.2592592592592593,3.0729108344477476,0.9084055223601347,-0.2241440150518872,-0.238950872962622,-0.1895369935178347,-0.07554255567500773
-0.25725725725725723,3.0681054050200123,0.9107668105045738,-0.22535215910018516,-0.2399224757746471,-0.1897061304346082,-0.0752870989996956
-0.2552552552552553,3.063319558079182,0.9131175231534666,-0.2265635814073847,-0.2408935666750965,-0.18986948559797817,-0.07502840500390194
-0.2532532532532532,3.0585536528493176,0.9154574373483503,-0.227778279095381,-0.2418641048885877,-0.19002701085593474,-0.07476644975967858
-0.25125125125125125,3.0538080556111207,0.9177863257395783,-0.22899624909232796,-0.2428340489094138,-0.19017865709499504,-0.07450120856321686
-0.2492492492492493,3.0490831396614397,0.9201039566040528,-0.23021748812076692,-0.24380335648372214,-0.19032437422343443,-0.07423265594147128
-0.24724724724724723,3.044379285255324,0.922410093873365,-0.23144199268466756,-0.24477198459119157,-0.1904641111556399,-0.07396076566125379
-0.24524524524524527,3.0396968795293793,0.9247044971731005,-0.2326697590553034,-0.24573988942620784,-0.19059781579774293,-0.07368551074099866
-0.2432432432432432,3.035036316405129,0.9269869218741272,-0.23390078325587987,-0.2467070263785419,-0.19072543503469566,-0.07340686346540863
-0.24124124124124124,3.0303979964710632,0.9292571191566696,-0.23513506104482912,-0.24767335001353016,-0.19084691471896936,-0.07312479540319838
-0.2392392392392393,3.0257823268420183,0.9315148360880243,-0.2363725878976889,-0.24863881405177138,-0.19096219966106173,-0.07283927742816247
-0.23723723723723722,3.0211897209945136,0.9337598157147691,-0.23761335898747404,-0.2496033713483489,-0.1910712336220153,-0.07255027974379998
-0.23523523523523526,3.01662059857664,0.9359917971703319,-0.23885736916345135,-0.2505669738715937,-0.19117395930815567,-0.07225777191173612
-0.2332332332332332,3.012075385191097,0.9382105157988209,-0.24010461292823052,-0.2515295726814142,-0.19127031836827565,-0.07196172288418717
-0.23123123123123124,3.007554512149958,0.9404157032959884,-0.24135508441307604,-0.2524911179072151,-0.19136025139349958,-0.07166210104072014
-0.22922922922922928,3.00305841619975,0.9426070878682272,-0.24260877735135425,-0.25345155872544345,-0.19144369792007496,-0.07135887422956305
-0.2272272272272272,2.9985875392154497,0.9447843944104812,-0.24386568505002346,-0.25441084333679603,-0.19152059643534955,-0.07105200981372405
-0.22522522522522526,2.994142327862012,0.9469473447039525,-0.24512580035908413,-0.25536891894314234,-0.19159088438720695,-0.07074147472218086
-0.2232232232232232,2.989723233222092,0.94909565763445,-0.24638911563890037,-0.2563257317242119,-0.19165449819723668,-0.07042723550639939
-0.22122122122122123,2.985330710388652,0.9512290494322234,-0.24765562272532082,-0.2572812268141166,-0.19171137327793578,-0.07010925840244192
-0.21921921921921927,2.9809652180212205,0.9533472339340725,-0.2489253128925184,-0.25823534827777717,-0.19176144405423948,-0.06978750939891817
-0.2172172172172172,2.976627217864638,0.9554499228684931,-0.25019817681348666,-0.25918803908734045,-0.19180464398969094,-0.06946195431102918
-0.21521521521521525,2.972317174229205,0.9575368261645573,-0.2514742045181328,-0.2601392410986841,-0.19184090561757072,-0.06913255886094409
-0.21321321321321318,2.96803555343127,0.9596076522851733,-0.2527533853489168,-0.2610888950281116,-0.19187016057730558,-0.06879928876473868
-0.21121121121121122,2.9637828231934056,0.9616621085852939,-0.2540357079140031,-0.26203694042936343,-0.19189233965649016,-0.06846210982611169
-0.20920920920920927,2.9595594520034734,0.9636999016955488,-0.25532116003789623,-0.2629833156710711,-0.1919073728388501,-0.0681209880370758
-0.2072072072072072,2.9553659084320287,0.9657207379317003,-0.2566097287095549,-0.26392795791480705,-0.19191518935848265,-0.0677758896858014
-0.20520520520520524,2.95120266040771,0.9677243237301804,-0.2579014000279871,-0.2648708030938862,-0.19191571776070465,-0.067426781471765
-0.20320320320320318,2.9470701744504484,0.9697103661098858,-0.25919615914535915,-0.2658117858931018,-0.19190888596984157,-0.06707363062832865
-0.20120120120120122,2.942968914862563,0.971678573160227,-0.2604939902076581,-0.266750839729581,-0.191894621364273,-0.06671640505284053
-0.19919919919919926,2.9388993428780554,0.9736286545553229,-0.26179487629298226,-0.2676878967349726,-0.1918728508590551,-0.06635507344431531
-0.1971971971971972,2.934861915770672,0.9755603220940319,-0.2630987993475525,-0.26862288773918963,-0.19184350099641628,-0.06598960544870769
-0.19519519519519524,2.9308570859215917,0.9774732902653601,-0.2644057401195656,-0.26955574225594503,-0.19180649804441227,-0.06561997181175026
-0.19319319319319317,2.9268852998479176,0.9793672768385895,-0.2657156780910377,-0.2704863884703364,-0.19176176810400264,-0.06524614453927469
-0.1911911911911912,2.922946997193453,0.981242003477267,-0.26702859140782154,-0.2714147532287524,-0.19170923722479036,-0.06486809706488314
-0.18918918918918914,2.9190426096836126,0.9830971963759851,-0.2683444568080057,-0.2723407620313821,-0.19164883152963322,-0.06448580442477488
-0.1871871871871872,2.9151725600466585,0.9849325869186577,-0.2696632495489455,-0.2732643390276322,-0.1915804773483049,-0.06409924343947228
-0.18518518518518523,2.9113372609038475,0.9867479123567675,-0.2709849433332027,-0.2741854070147589,-0.19150410136034288,-0.06370839290212003
-0.18318318318318316,2.907537113631447,0.9885429165058106,-0.27230951023371547,-0.27510388744004255,-0.19141963074717833,-0.0633132337729611
-0.1811811811811812,2.903772507197989,0.9903173504579251,-0.27363692061854705,-0.2760197004068335,-0.19132699335359352,-0.06291374937951524
-0.17917917917917914,2.900043816980532,0.9920709733084281,-0.2749671430756085,-0.2769327646848132,-0.19122611785849847,-0.06250992562190845
-0.17717717717717718,2.8963514035641045,0.9938035528937359,-0.27630014433778005,-0.27784299772481286,-0.1911169339549579,-0.062101751182717074
-0.17517517517517522,2.8926956115289237,0.995514866537884,-0.27763588920889565,-0.27875031567853775,-0.1909993725393358,-0.06168921774060701
-0.17317317317317316,2.889076768230364,0.997204701804614,-0.2789743404910926,-0.2796546334235428,-0.1908733659093557,-0.06127232018696149
-0.1711711711711712,2.885495182577071,0.9988728572517406,-0.28031545891405657,-0.2805558645938008,-0.19073884797079796,-0.06085105684460283
-0.16916916916916913,2.8819511438129553,1.0005191431842837,-0.28165920306672937,-0.28145392161619187,-0.1905957544524765,-0.06042542968762615
-0.16716716716716717,2.8784449203091955,1.00214338240261,-0.28300552933207285,-0.2823487157532384,-0.19044402312905404,-0.059995444561276756
-0.16516516516516522,2.8749767583726706,1.0037454109416448,-0.2843543918255101,-0.2832401571523817,-0.19028359405116663,-0.059561111400717376
-0.16316316316316315,2.8715468810775664,1.0053250787969878,-0.28570574233768176,-0.28412815490208065,-0.1901144097822377,-0.05912244444744952
-0.1611611611611612,2.868155487127142,1.006882250633638,-0.28705953028218,-0.2850126170949818,-0.18993641564126681,-0.058679462462076865
-0.15915915915915912,2.8648027497528545,1.0084168064728687,-0.28841570264892447,-0.2858934508983796,-0.18974955995078685,-0.05823218893202581
-0.15715715715715717,2.8614888156582134,1.0099286423526963,-0.28977420396385994,-0.286770562632142,-0.1895537942890827,-0.057780652272774076
-0.1551551551551552,2.858213804014827,1.0114176709573097,-0.29113497625564233,-0.2876438578542406,-0.1893490737456717,-0.05732488602108148
-0.15315315315315314,2.8549778055181574,1.0128838222107919,-0.2924979590299821,-0.28851324145396506,-0.1891353571789528,-0.056864929018671066
-0.1511511511511512,2.8517808815104715,1.0143270438304801,-0.29386308925229176,-0.28937861775285645,-0.1889126074748367,-0.05640082558477284
-0.14914914914914912,2.8486230631783873,1.015747301835341,-0.29523030133925793,-0.29023989061332534,-0.1886807918050828,-0.055932625675919646
-0.14714714714714716,2.845504350832237,1.0171445810048583,-0.2965995271599306,-0.2910969635548643,-0.18843988188398897,-0.055460385031375986
-0.1451451451451452,2.8424247132742315,1.018518885284061,-0.29797069604687615,-0.2919497398776893,-0.18818985422199946,-0.05498416530258689
-0.14314314314314314,2.8393840872620775,1.019870238130513,-0.2993437348178922,-0.29279812279357476,-0.18793069037473306,-0.054504034165055386
-0.14114114114114118,2.8363823770742944,1.021198682799345,-0.3007185678087223,-0.29364201556357244,-0.1876623771858748,-0.054020065411098064
-0.1391391391391391,2.8334194541829953,1.022504282562684,-0.30209511691713864,-0.2944813216422253,-0.1873849070223249,-0.053532339021983816
-0.13713713713713716,2.8304951570393153,1.0237871208602107,-0.3034733016586899,-0.29531594482781,-0.18709827799996973,-0.05304094121803841
-0.1351351351351351,2.827609290976049,1.0250473013779278,-0.30485303923432094,-0.29614578941806136,-0.18680249419841274,-0.0525459644853906
-0.13313313313313313,2.8247616282313253,1.0262849480527017,-0.3062342446099853,-0.2969707603707568,-0.18649756586300376,-0.052047507578150236
-0.13113113113113117,2.821951908096377,1.0275002050005988,-0.3076168306082724,-0.29779076346845995,-0.18618350959251034,-0.05154567549493961
-0.1291291291291291,2.819179837189611,1.028693236367554,-0.30900070801196994,-0.2986057054866522,-0.1858603485108054,-0.051040579428850506
-0.12712712712712715,2.8164450898583007,1.0298642261014836,-0.3103857856793718,-0.299415494364411,-0.18552811242098954,-0.05053233669006571
-0.12512512512512508,2.8137473087082703,1.031013377645503,-0.3117719706710434,-0.30022003937673547,-0.1851868379404292,-0.050021070600568214
-0.12312312312312312,2.811086105260985,1.0321409135525494,-0.31315916838762925,-0.3010192513075557,-0.18483656861527173,-0.049506910360558105
-0.12112112112112117,2.8084610607364375,1.0332470750222942,-0.31454728271819776,-0.3018130426224282,-0.18447735501310134,-0.04898999088640941
-0.1191191191191191,2.8058717269592566,1.0343321213618677,-0.31593621619848905,-0.30260132763986675,-0.18410925479251178,-0.04847045262021911
-0.11711711711711714,2.8033176273844167,1.0353963293725545,-0.31732587017834485,-0.3033840227002448,-0.18373233274851233,-0.04794844131123186
-0.11511511511511507,2.8007982582379682,1.0364399926652066,-0.3187161449974857,-0.3041610463311767,-0.1833466608328288,-0.04742410776965877
-0.11311311311311312,2.7983130897672326,1.0374634209077374,-0.3201069401687123,-0.3049323194082871,-0.1829523181483277,-0.04689760759364687
-0.11111111111111116,2.7958615675939815,1.038466939008646,-0.32149815456752645,-0.3056977653102861,-0.18254939091697528,-0.046369100870396106
-0.10910910910910909,2.793443114163261,1.0394508862410305,-0.32288968662707823,-0.3064573100672805,-0.18213797242092652,-0.04583875185265384
-0.10710710710710714,2.791057130279707,1.0404156153120856,-0.3242814345372958,-0.3072108825012956,-0.18171816291654497,-0.045306728612048104
-0.10510510510510507,2.78870299672247,1.0413614913835088,-0.3256732964469858,-0.30795841435801413,-0.1812900695213567,-0.04477320267093948
-0.10310310310310311,2.786380075929233,1.0422888910486658,-0.32706517066766105,-0.30869984042881,-0.18085380607415769,-0.044238348614678465
-0.10110110110110115,2.7840877137392415,1.0431982012726926,-0.32845695587782275,-0.3094350986622153,-0.18040949296870443,-0.043702343686348386
-0.09909909909909909,2.7818252411848357,1.0440898183019924,-0.3298485513264063,-0.3101641302640443,-0.17995725696163403,-0.04316536736624566
-0.09709709709709713,2.7795919763206274,1.044964146549819,-0.3312398570341079,-0.31088687978548624,-0.17949723095546524,-0.04262760093850254
-0.09509509509509506,2.777387226079241,1.0458215974647513,-0.33263077399131896,-0.31160329519858004,-0.1790295537577403,-0.04208922704738685
-0.0930930930930931,2.7752102881424263,1.046662588388968,-0.3340212043514308,-0.3123133279585933,-0.17855436981755868,-0.041550429245916745
-0.09109109109109115,2.773060452816358,1.047487541413201,-0.33541105161830825,-0.31301693305293576,-0.1780718289409386,-0.04101139153950668
-0.08908908908908908,2.7709370049000563,1.0482968822352066,-0.3368002208268001,-0.31371406903635873,-0.1775820859866102,-0.04047229792740941
-0.08708708708708712,2.7688392255360967,1.0490910390284236,-0.3381886187152079,-0.3144046980523153,-0.17708530054399846,-0.03993333194474015
-0.08508508508508505,2.7667663940331115,1.04987044132731,-0.339576153888731,-0.3150887858404702,-0.17658163659528622,-0.03939467620786026
-0.0830830830830831,2.7647177896500215,1.050635518935551,-0.34096273697298546,-0.31576630173047526,-0.17607126216356636,-0.0388565119658614
-0.08108108108108114,2.7626926933324842,1.0513867008630366,-0.3423482807567998,-0.3164372186222427,-0.17555434894918087,-0.03831901866082477
-0.07907907907907907,2.7606903893926464,1.052124414297099,-0.34373270032359493,-0.3171015129530603,-0.17503107195642018,-0.03778237349943842
-0.07707707707707712,2.758710167123985,1.0528490836130897,-0.3451159131707646,-0.3177591646520053,-0.1745016091128005,-0.03724675103843645
-0.07507507507507505,2.756751322343779,1.0535611294289131,-0.3464978393165951,-0.3184101570822109,-0.17396614088316575,-0.0367123227861823
-0.07307307307307309,2.7548131588565576,1.0542609677076271,-0.3478784013943767,-0.31905447697163736,-0.173424849880859,-0.03617925682255398
-0.07107107107107113,2.752894989832722,1.0549490089117035,-0.3492575247334719,-0.31969211433307543,-0.17287792047818823,-0.035647717439105484
-0.06906906906906907,2.7509961390974054,1.0556256572120077,-0.3506351374272351,-0.32032306237419184,-0.17232553841837084,-0.03511786480127937
-0.06706706706706711,2.7491159423255356,1.056291309753994,-0.3520111703877817,-0.32094731739848126,-0.17176789043107202,-0.03458985463423116
-0.06506506506506504,2.747253748139961,1.0569463559830752,-0.35338555738771654,-0.3215648786980429,-0.17120516385357445,-0.03406383793360226
-0.06306306306306309,2.7454089191103774,1.057591177030564,-0.35475823508904114,-0.32217574843913777,-0.17063754625951025,-0.033539960702346265
-0.06106106106106102,2.7435808326516797,1.0582261451610657,-0.3561291430595531,-0.32277993154150814,-0.17006522509697344,-0.03301836371447714
-0.05905905905905906,2.7417688818212036,1.058851623281652,-0.3574982237771369,-0.32337743555245535,-0.16948838733769392,-0.03249918230636975
-0.0570570570570571,2.739972476015113,1.0594679645126803,-0.3588654226224383,-0.32396827051667326,-0.1689072191388169,-0.03198254619600785
-0.055055055055055035,2.7381910415649804,1.0600755118196328,-0.3602306878604773,-0.3245524488428318,-0.1683219055186737,-0.03146857933034238
-0.05305305305305308,2.7364240222363008,1.0606745977049155,-0.3615939706118191,-0.3251299851678776,-0.16773263004777209,-0.030957399760698612
-0.05105105105105101,2.734670879631331,1.0612655439581573,-0.36295522481398235,-0.3257008962199983,-0.16713957455606834,-0.030449119545955694
-0.049049049049049054,2.732931093499262,1.0618486614631812,-0.36431440717379776,-0.32626520068115444,-0.16654291885741515,-0.029943844683019076
-0.0470470470470471,2.7312041619572405,1.062424250059493,-0.36567147711147235,-0.3268229190500409,-0.16594284049191016,-0.029441675063916217
-0.04504504504504503,2.729489601626229,1.06299259845585,-0.3670263966971307,-0.32737407350628656,-0.16533951448670448,-0.028942704458671777
-0.04304304304304307,2.7277869476860857,1.06355398419323,-0.36837913058062405,-0.32791868777664407,-0.16473311313566377,-0.02844702052296085
-0.041041041041041004,2.7260957538545774,1.0641086736543186,-0.36972964591540275,-0.3284567870038598,-0.16412380579811872,-0.02795470482939784
-0.03903903903903905,2.7244155922952933,1.0646569221164697,-0.37107791227724,-0.3289883976188467,-0.16351175871678714,-0.027465832921196764
-0.03703703703703709,2.722746053459624,1.0651989738449859,-0.3724239015785928,-0.3295135472167204,-0.16289713485480864,-0.02698047438683533
-0.03503503503503502,2.7210867458681127,1.0657350622234647,-0.37376758797935683,-0.33003226443718237,-0.16228009375169525,-0.026498692954269622
-0.033033033033033066,2.7194372958365363,1.0662654099179323,-0.37510894779476117,-0.3305445788496714,-0.1616607913978792,-0.0260205466031807
-0.031031031031030998,2.7177973471521275,1.0667902290714661,-0.37644795940110565,-0.33105052084363396,-0.1610393801274256,-0.02554608769368552
-0.02902902902902904,2.7161665607052745,1.0673097215260205,-0.3777846031400202,-0.3315501215241903,-0.16041600852837296,-0.02507536310991425
-0.027027027027027084,2.7145446140819898,1.0678240790682378,-0.37911886122188265,-0.3320434126134237,-0.15979082137007916,-0.024608414416842094
-0.025025025025025016,2.7129312011222995,1.0683334836960834,-0.38045071762898874,-0.3325304263574387,-0.15916395954686832,-0.0241452780287652
-0.02302302302302306,2.7113260314495506,1.0688381079032547,-0.38178015801902804,-0.33301119543928903,-0.15853556003720962,-0.023685985387826645
-0.02102102102102099,2.7097288299754347,1.0693381149784282,-0.38310716962937175,-0.3334857528978167,-0.15790575587760555,-0.023230563151028463
-0.019019019019019034,2.7081393363853286,1.0698336593165325,-0.3844317411826355,-0.33395413205239216,-0.15727467615032398,-0.022779033384206903
-0.017017017017017078,2.7065573046082867,1.0703248867394037,-0.3857538627939241,-0.3344163664334974,-0.1566424459840744,-0.02233141376150076
-0.01501501501501501,2.704982502275774,1.070811934823317,-0.387073525880134,-0.3348724897190574,-0.15600918656671273,-0.021887717768904635
-0.013013013013013053,2.7034147101729644,1.0712949332310686,-0.38839072307162825,-0.33532253567637993,-0.15537501516904098,-0.02144795491056789
-0.011011011011010985,2.701853721686126,1.0717740040464492,-0.38970544812656643,-0.3357665381095414,-0.15474004517877285,-0.021012130916577186
-0.009009009009009028,2.7002993422493544,1.0722492621091266,-0.3910176958481172,-0.3362045308120184,-0.1541043861437352,-0.020580247951040805
-0.00700700700700696,2.6987513887936094,1.0727208153481314,-0.3923274620047531,-0.3366365475243483,-0.1534681438233967,-0.020152304819379067
-0.005005005005005003,2.697209689200726,1.0731887651123124,-0.39363474325377656,-0.3370626218965813,-0.15283142024782756,-0.019728297173812453
-0.0030030030030030463,2.6956740817648037,1.073653206496307,-0.3949395370681945,-0.3374827874552683,-0.15219431378322562,-0.01930821771612866
-0.0010010010010009784,2.694144414663079,1.0741142286607321,-0.39624184166702975,-0.33789707757472576,-0.1515569192031749,-0.01889205639690005
0.0010010010010010895,2.692620545438135,1.0745719151454793,-0.397541655949114,-0.33830552545230264,-0.15091932776483466,-0.018479800610411722
0.0030030030030030463,2.6911023404930536,1.0750263441751222,-0.3988389794303881,-0.3387081640873764,-0.15028162728930047,-0.018071435384648685
0.005005005005005003,2.689589674600847,1.0754775889556363,-0.4001338121847087,-0.3391050262638033,-0.14964390224541746,-0.01766694356577689
0.00700700700700696,2.6880824304293,1.0759257179617383,-0.4014261547881304,-0.3394961445355486,-0.14900623383637052,-0.017266305996635173
0.009009009009008917,2.6865804980821313,1.076370795214292,-0.4027160082666195,-0.33988155121522745,-0.14836870008842168,-0.016869501688835387
0.011011011011011096,2.685083774657174,1.076812880547359,-0.40400337404713144,-0.3402612783652948,-0.14773137594121064,-0.016476507988143665
0.013013013013013053,2.6835921638221,1.0772520298645774,-0.4052882539119706,-0.34063535779162873,-0.147094333339079,-0.016087300732887194
0.01501501501501501,2.682105575408038,1.077688295384651,-0.4065706499563407,-0.341003821039262,-0.14645764132292788,-0.015701854405197974
0.017017017017016967,2.6806239250212847,1.0781217258758446,-0.4078505645489772,-0.34136669939003045,-0.1458213661221598,-0.015320142274967533
0.019019019019018923,2.679147133673164,1.0785523668794375,-0.4091280002957488,-0.3417240238619137,-0.14518557124630316,-0.014942136536443607
0.021021021021021102,2.677675127427967,1.078980260922187,-0.4104029600061045,-0.34207582520986035,-0.1445503175759581,-0.014567808437452541
0.02302302302302306,2.6762078370688,1.0794054477179127,-0.4116754466622428,-0.34242213392790144,-0.1439156634527445,-0.014197128401278722
0.025025025025025016,2.674745197781062,1.0798279643583641,-0.41294546339086846,-0.34276298025236906,-0.14328166476797238,-0.013830066141274753
0.027027027027026973,2.673287148853201,1.0802478454935949,-0.41421301343740674,-0.34309839416605187,-0.1426483750497915,-0.013466590768314227
0.02902902902902893,2.6718336333943165,1.0806651235021039,-0.41547810014254116,-0.34342840540312974,-0.14201584554861138,-0.013106670891232028
0.03103103103103111,2.6703845980681273,1.0810798286510432,-0.41674072692094133,-0.3437530434547497,-0.1413841253206178,-0.012750274710425743
0.033033033033033066,2.6689399928427657,1.0814919892468193,-0.41800089724204875,-0.3440723375751078,-0.1407532613092396,-0.012397370104816584
0.03503503503503502,2.667499770755825,1.0819016317764318,-0.4192586146127931,-0.3443863167879262,-0.14012329842444946,-0.01204792471238831
0.03703703703703698,2.666063887694059,1.0823087810399323,-0.4205138825621098,-0.34469500989321583,-0.13949427961980734,-0.011701906004539683
0.039039039039038936,2.6646323021871092,1.082713460274372,-0.4217667046271368,-0.34499844547423497,-0.1388662459671787,-0.011359281354498933
0.041041041041041115,2.6632049752146134,1.083115691269631,-0.42301708434097407,-0.3452966519045599,-0.13823923672908178,-0.011020018100058863
0.04304304304304307,2.661781870026061,1.0835154944765293,-0.4242650252218899,-0.3455896573551955,-0.13761328942863504,-0.010684083600898012
0.04504504504504503,2.6603629519727425,1.0839128891076055,-0.4255105307638643,-0.3458774898016649,-0.1369884399170951,-0.010351445290757684
0.047047047047046986,2.6589481883511468,1.0843078932309607,-0.4267536044283671,-0.346160177031023,-0.13636472243899025,-0.0100220707247464
0.04904904904904894,2.6575375482571744,1.0847005238575549,-0.42799424963727223,-0.34643774664874927,-0.1357421696948652,-0.009695927622043106
0.05105105105105112,2.656131002450541,1.0850907970223314,-0.42923246976681295,-0.34671022608548263,-0.1351208129016679,-0.009372983904268028
0.05305305305305308,2.6547285232287665,1.085478727859545,-0.430468268142492,-0.3469776426035652,-0.13450068185081548,-0.009053207729786423
0.055055055055055035,2.653330084310157,1.0858643306726476,-0.431701648034864,-0.3472400233033742,-0.13388180496398708,-0.008736567524204696
0.05705705705705699,2.651935660725202,1.0862476189990857,-0.43293261265611244,-0.3474973951294182,-0.13326420934669633,-0.008423032007312124
0.05905905905905895,2.6505452287158553,1.0866286056703331,-0.43416116515734876,-0.3477497848761855,-0.1326479208397036,-0.008112570216713435
0.06106106106106113,2.6491587656421576,1.087007302867486,-0.4353873086265677,-0.3479972191937358,-0.13203296406832943,-0.00780515152838938
0.06306306306306309,2.6477762498957063,1.0873837221727263,-0.4366110460871953,-0.34823972459302616,-0.13141936248973865,-0.007500745674412998
0.06506506506506504,2.6463976608194972,1.0877578746169352,-0.4378323804971755,-0.3484773274509712,-0.13080713843826186,-0.007199322758039841
0.067067067067067,2.645022978633683,1.088129770723735,-0.4390513147485344,-0.3487100540152339,-0.13019631316882582,-0.006900853266380185
0.06906906906906896,2.64365218436682,1.0884994205502274,-0.44026785166738414,-0.34893793040875454,-0.12958690689856528,-0.006605308080851364
0.07107107107107113,2.642285259792208,1.0888668337246532,-0.4414819940143095,-0.3491609826340154,-0.12897893884668662,-0.0063126584855977
0.07307307307307309,2.6409221873689313,1.089232019481223,-0.442693744485106,-0.34937923657705305,-0.12837242727265527,-0.006022876174055418
0.07507507507507505,2.6395629501872633,1.0895949866923234,-0.44390310571182306,-0.3495927180112223,-0.12776738951277844,-0.005735933253829594
0.077077077077077,2.6382075319180927,1.0899557438982959,-0.44511008026408116,-0.3498014526007193,-0.12716384201525144,-0.005451802250040028
0.07907907907907896,2.636855916766063,1.0903142993349912,-0.4463146706506317,-0.35000546590387605,-0.12656180037373785,-0.00517045610728324
0.08108108108108114,2.6355080894261436,1.0906706609592476,-0.44751687932112144,-0.3502047833762298,-0.1259612793595476,-0.004891868190348093
0.0830830830830831,2.634164035043361,1.0910248364724904,-0.44871670866804586,-0.3503994303733848,-0.12536229295248086,-0.004616012283813441
0.08508508508508505,2.632823739175447,1.0913768333425642,-0.44991416102885307,-0.35058943215366745,-0.12476485437039847,-0.004342862590647308
0.08708708708708701,2.631487187758174,1.0917266588239611,-0.45110923868818137,-0.35077481388058984,-0.12416897609758079,-0.004072393729918721
0.08908908908908897,2.6301543670731675,1.092074319976573,-0.4523019438802022,-0.3509556006251297,-0.12357466991193462,-0.003804580733725407
0.09109109109109115,2.6288252637180047,1.0924198236830631,-0.45349227879104737,-0.35113181736783255,-0.12298194691110448,-0.0035393990434329625
0.0930930930930931,2.627499864578418,1.0927631766649946,-0.4546802455612994,-0.35130348900074965,-0.12239081753754456,-0.003276824505314146
0.09509509509509506,2.6261781568024483,1.0931043854977949,-0.45586584628851823,-0.35147064032921266,-0.12180129160260468,-0.0030168333656704987
0.09709709709709702,2.6248601277763903,1.09344345662465,-0.45704908302978614,-0.35163329607345734,-0.1212133783096818,-0.0027594022655122183
0.0990990990990992,2.6235457651024077,1.0937803963694237,-0.4582299578042441,-0.35179148087009915,-0.12062708627648958,-0.0025045082348670177
0.10110110110110115,2.622235056577679,1.0941152109486596,-0.4594084725955985,-0.3519452192734667,-0.12004242355649307,-0.002252128686783338
0.10310310310310311,2.620927990174982,1.094447906482753,-0.46058462935456645,-0.3520945357567969,-0.11945939765956022,-0.0020022414110890388
0.10510510510510507,2.619624554024606,1.0947784890063441,-0.46175843000123895,-0.3522394547132958,-0.11887801557187537,-0.0017548245679624838
0.10710710710710702,2.618324736397503,1.095106964477995,-0.4629298764273249,-0.3523800004570659,-0.11829828377516446,-0.0015098566813694118
0.1091091091091092,2.6170285256896006,1.0954333387891986,-0.4640989704982456,-0.35251619722390026,-0.11772020826527815,-0.0012673166324160881
0.11111111111111116,2.6157359104072095,1.0957576177727795,-0.4652657140550435,-0.35264806917194735,-0.11714379457018224,-0.0010271836526664982
0.11311311311311312,2.6144468791534563,1.096079807210708,-0.46643010891605996,-0.35277564038223896,-0.11656904776740229,-0.0007894373174693548
0.11511511511511507,2.6131614206156923,1.096399912841393,-0.4675921568783417,-0.35289893485908513,-0.11599597250097356,-0.0005540575393389309
0.11711711711711703,2.6118795235538377,1.0967179403664629,-0.46875185971872035,-0.35301797653032657,-0.11542457299794669,-0.0003210245614328846
0.11911911911911921,2.6106011767896105,1.097033895457086,-0.4699092191945101,-0.35313278924744373,-0.11485485308450184,-9.031895116912884e-05
0.12112112112112117,2.6093263691966238,1.0973477837598489,-0.4710642370437567,-0.3532433967855132,-0.11428681620172756,0.0001380784059760929
0.12312312312312312,2.60805508969132,1.0976596109022234,-0.47221691498497004,-0.35334982284300576,-0.11372046542112216,0.0003641863124468759
0.12512512512512508,2.606787327224721,1.0979693824976413,-0.4733672547162569,-0.35345209104141717,-0.11315580345987922,0.0005880232643201403
0.12712712712712704,2.6055230707750003,1.0982771041501969,-0.47451525791376636,-0.35355022492471777,-0.11259283269602284,0.0008096074567082125
0.12912912912912922,2.6042623093408577,1.098582781459003,-0.4756609262293455,-0.3536442479586152,-0.11203155518346317,0.0010289567888061599
0.13113113113113117,2.603005031935705,1.098886420022211,-0.4768042612873003,-0.3537341835296105,-0.1114719726670464,0.0012460888685368254
0.13313313313313313,2.601751227582687,1.0991880254407052,-0.47794526468013154,-0.3538200549438396,-0.11091408659768125,0.0014610210167442178
0.1351351351351351,2.600500885310531,1.099487603321493,-0.47908393796311616,-0.35390188542567985,-0.11035789814762743,0.0016737702708834248
0.13713713713713704,2.5992539941502733,1.0997851592807961,-0.4802202826475805,-0.35397969811610674,-0.10980340822604126,0.001884353388152225
0.13913913913913922,2.598010543132881,1.1000806989468532,-0.4813543001927017,-0.35405351607078306,-0.10925061749487902,0.002092786848006204
0.14114114114114118,2.596770521287811,1.100374227962439,-0.48248599199565373,-0.3541233622578597,-0.10869952638526731,0.002299086853995966
0.14314314314314314,2.595533917642558,1.1006657519871172,-0.48361535937990285,-0.3541892595554715,-0.10815013511446016,0.0025032693348609187
0.1451451451451451,2.5943007212232407,1.100955276699211,-0.4847424035814314,-0.3542512307489023,-0.10760244370350783,0.0027053499448101235
0.14714714714714705,2.59307092105629,1.101242807797521,-0.48586712573265695,-0.35430929852740245,-0.10705645199577746,0.0029053440629166548
0.14914914914914923,2.5918445061713156,1.101528351002772,-0.48698952684378616,-0.35436348548063484,-0.1065121596764721,0.0031032667915473033
0.1511511511511512,2.5906214656052224,1.1018119120587997,-0.4881096077813296,-0.35441381409472655,-0.10596956629330723,0.003299132953745091
0.15315315315315314,2.5894017884076677,1.102093496733481,-0.48922736924347554,-0.35446030674790635,-0.10542867127851661,0.003492957089477675
0.1551551551551551,2.5881854636479606,1.1023731108193984,-0.49034281173199745,-0.3545029857057049,-0.10488947397236827,0.003684753450660029
0.15715715715715706,2.5869724804234977,1.1026507601342408,-0.4914559355203559,-0.3545418731156988,-0.10435197364838734,0.0038745359948557114
0.15915915915915924,2.5857628278698654,1.1029264505209482,-0.49256674061762024,-0.35457699100177664,-0.10381616954049222,0.004062318377556682
0.1611611611611612,2.584556495172714,1.10320018784758,-0.49367522672781605,-0.3546083612579126,-0.10328206087226413,0.0042481139429379035
0.16316316316316315,2.583353471581548,1.1034719780069153,-0.49478139320428693,-0.354636005641431,-0.10274964688858386,0.004431935712979508
0.1651651651651651,2.5821537464255715,1.103741826915781,-0.495885238998625,-0.3546599457657501,-0.1022189268898802,0.004613796374846325
0.16716716716716706,2.580957309131733,1.1040097405140972,-0.4969867626037092,-0.3546802030925965,-0.10168990026924898,0.0047937082664123
0.16916916916916924,2.5797641492451295,1.1042757247636388,-0.49808596199036675,-0.35469679892368844,-0.10116256655271144,0.004971683359815643
0.1711711711711712,2.578574256451937,1.1045397856465076,-0.49918283453714773,-0.35470975439188485,-0.1006369254428937,0.005147733242930071
0.17317317317317316,2.577387620605035,1.1048019291633109,-0.5002773769526949,-0.35471909045181493,-0.10011297686641774,0.00532186909863778
0.1751751751751751,2.5762042317525027,1.1050621613310359,-0.5013695851901604,-0.354724827869995,-0.09959072102530535,0.005494101681791197
0.17717717717717707,2.575024080169177,1.1053204881806202,-0.502459454353117,-0.35472698721446294,-0.0990701584527019,0.005664441293753548
0.17917917917917925,2.573847156391449,1.105576915754214,-0.5035469785923942,-0.3547255888439566,-0.09855129007323557,0.005832897754412671
0.1811811811811812,2.572673451255495,1.1058314501021207,-0.5046321509932679,-0.35472065289668325,-0.0980341172683294,0.005999480371568336
0.18318318318318316,2.5715029559391382,1.1060840972794288,-0.5057149634524198,-0.3547121992787301,-0.09751864194678651,0.006164197907601255
0.18518518518518512,2.5703356620075173,1.1063348633423096,-0.5067954065440966,-0.3547002476521843,-0.09700486662096877,0.006327058543341556
0.18718718718718708,2.569171561462766,1.1065837543440047,-0.507873469374891,-0.35468481742304425,-0.09649279448888343,0.006488069839066505
0.18918918918918926,2.5680106467978807,1.106830776330482,-0.5089491394265923,-0.35466592772901456,-0.0959824295224869,0.006647238692571165
0.1911911911911912,2.5668529110549527,1.1070759353357722,-0.5100224023865676,-0.3546435974272962,-0.09547377656250357,0.006804571294272133
0.19319319319319317,2.5656983478879325,1.107319237376989,-0.5110932419651587,-0.35461784508250516,-0.09496684142004262,0.006960073079323457
0.19519519519519513,2.5645469516300876,1.107560688449034,-0.5121616396996188,-0.3545886889548599,-0.09446163098527657,0.007113748676745113
0.19719719719719708,2.5633987173662867,1.1078002945190057,-0.5132275747441569,-0.3545561469888119,-0.0939581533434233,0.007265601855588697
0.19919919919919926,2.5622536410102343,1.1080380615203036,-0.5142910236456961,-0.3545202368022972,-0.09345641789824012,0.007415635468191456
0.20120120120120122,2.5611117193867594,1.1082739953464669,-0.5153519601050376,-0.3544809756768265,-0.09295643550321075,0.00756385139059946
0.20320320320320318,2.5599729503192243,1.1085081018447454,-0.5164103547231639,-0.3544383805486358,-0.09245821860056017,0.007710250460272523
0.20520520520520513,2.5588373327221063,1.108740386809436,-0.5174661747325208,-0.35439246800115404,-0.09196178136819139,0.00785483241121844
0.2072072072072071,2.5577048666987587,1.1089708559750069,-0.5185193837131913,-0.3543432542590614,-0.0914671398745841,0.007997595806740877
0.20920920920920927,2.556575553644328,1.1091995150090395,-0.51956994129399,-0.3542907551842328,-0.0909743122416395,0.008138537970025117
0.21121121121121122,2.5554493963537595,1.1094263695050235,-0.5206178028386095,-0.3542349862738887,-0.0904833188153904,0.008277654912827179
0.21321321321321318,2.554326399134777,1.1096514249750467,-0.5216629191170775,-0.3541759626612907,-0.0899941823444271,0.008414941262575668
0.21521521521521514,2.5532065679256832,1.1098746868424225,-0.5227052359629256,-0.35411369911934565,-0.08950692816581372,0.00855039018824062
0.21721721721721732,2.5520899104177586,1.1100961604343038,-0.5237446939166014,-0.35404821006749726,-0.08902158439818686,0.008683993325370188
0.21921921921921927,2.5509764361819913,1.1103158509743485,-0.524781227855821,-0.3539795095823044,-0.08853818214164226,0.008815740700743221
0.22122122122122123,2.54986615679981,1.1105337635754824,-0.5258147666137212,-0.35390761141211824,-0.08805675568392238,0.008945620657133476
0.2232232232232232,2.548759085997423,1.1107499032328405,-0.5268452325858369,-0.35383252899628853,-0.08757734271231925,0.009073619778728703
0.22522522522522515,2.547655239783305,1.1109642748169548,-0.5278725413271205,-0.35375427548933275,-0.08709998453060722,0.009199722817794884
0.22722722722722732,2.5465546365882985,1.1111768830672601,-0.5288966011403953,-0.3536728637905151,-0.08662472628021314,0.00932391262322151
0.22922922922922928,2.5454572974077405,1.1113877325860129,-0.5299173126578279,-0.3535883065792815,-0.0861516171647239,0.00944617007162722
0.23123123123123124,2.544363245944932,1.1115968278327013,-0.5309345684172129,-0.3535006163569978,-0.08568071067672252,0.009566474001746919
0.2332332332332332,2.5432725087552157,1.1118041731190436,-0.5319482524350342,-0.3534098054954309,-0.08521206482583092,0.009684801152858531
0.23523523523523515,2.5421851153898394,1.1120097726046725,-0.5329582397784874,-0.35331588629240085,-0.08474574236672897,0.009801126108041864
0.23723723723723733,2.5411010985387192,1.1122136302936056,-0.5339643961388266,-0.35321887103502075,-0.08428181102580821,0.009915421243090937
0.2392392392392393,2.5400204941711464,1.112415750031605,-0.5349665774085962,-0.3531187720709125,-0.08382034372501437,0.010027656681924573
0.24124124124124124,2.538943341673406,1.112616135504534,-0.5359646292654834,-0.3530156018877598,-0.08336141880132782,0.010137800259357227
0.2432432432432432,2.5378696839822177,1.1128147902378205,-0.5369583867657064,-0.3529093732015296,-0.08290512022023616,0.010245817492102344
0.24524524524524516,2.5367995677128485,1.1130117175971284,-0.53794767395001,-0.35280009905364407,-0.08245153778146302,0.010351671558883082
0.24724724724724734,2.5357330432806897,1.1132069207903583,-0.5389323034654918,-0.35268779291734614,-0.08200076731513542,0.010455323290519269
0.2492492492492493,2.5346701650150427,1.1134004028710693,-0.5399120762066008,-0.3525724688134358,-0.08155291086650111,0.010556731170844838
0.25125125125125125,2.533610991263817,1.1135921667434439,-0.5408867809787717,-0.35245414143550474,-0.08110807686724959,0.010655851349286035
0.2532532532532532,2.5325555844878127,1.113782215168876,-0.5418561941882373,-0.35233282628471757,-0.08066638029144245,0.010752637665896222
0.25525525525525516,2.531504011343231,1.1139705507743018,-0.5428200795616237,-0.35220853981412503,-0.08022794279402982,0.010847041689599289
0.25725725725725734,2.530456342751061,1.1141571760623394,-0.5437781878989673,-0.35208129958240064,-0.07979289282991364,0.010939012770338631
0.2592592592592593,2.5294126539519572,1.114342093423336,-0.5447302568637954,-0.35195112441681853,-0.079361365751522,0.011028498105763519
0.26126126126126126,2.5283730245452714,1.1145253051493864,-0.5456760108138862,-0.35181803458519145,-0.07893350388288092,0.011115442823008737
0.2632632632632632,2.5273375385108983,1.1147068134503864,-0.5466151606762562,-0.3516820519763956,-0.0785094565682111,0.011199790076037202
0.26526526526526517,2.5263062842126454,1.1148866204721681,-0.5475474038698316,-0.351543200289008,-0.07808938019313998,0.011281481158918557
0.26726726726726735,2.525279354381889,1.115064728316761,-0.5484724242791201,-0.3514015052274813,-0.07767343817670418,0.011360455635310768
0.2692692692692693,2.524256846080345,1.115241139064788,-0.5493898922820263,-0.35125699470517696,-0.07726180093242237,0.011436651484296408
0.27127127127127126,2.523238860640862,1.1154158548000048,-0.5502994648347501,-0.3511096990534713,-0.07685464579684907,0.011510005262601295
0.2732732732732732,2.522225503585241,1.1155888776359837,-0.5512007856164489,-0.35095965123604744,-0.07645215692416835,0.011580452283092336
0.2752752752752752,2.521216884518221,1.115760209744881,-0.5520934852360597,-0.35080688706737745,-0.0760545251455609,0.011647926809312955
0.27727727727727736,2.5202131169968562,1.1159298533882682,-0.5529771815033565,-0.35065144543430465,-0.0756619477922712,0.01171236226567174
0.2792792792792793,2.519214318374697,1.116097810949933,-0.5538514797659521,-0.3504933685195334,-0.07527462848151666,0.011773691462752372
0.28128128128128127,2.5182206096203132,1.11626408497057,-0.5547159733135618,-0.3503327020257452,-0.0748927768646135,0.011831846837062704
0.2832832832832832,2.5172321151098833,1.1164286781842416,-0.5555702438504205,-0.3501694953989717,-0.07451660833694772,0.011886760704389772
0.2852852852852852,2.516248962393752,1.116591593556476,-0.5564138620362817,-0.3500038020497774,-0.07414634370968398,0.011938365525776231
0.28728728728728736,2.5152712819370464,1.116752834323835,-0.5572463880959632,-0.3498356795707329,-0.0737822088433912,0.011986594184984817
0.2892892892892893,2.5142992068346524,1.116912404034794,-0.558067372496882,-0.3496651899486055,-0.07342443424405208,0.01203138027617207
0.2912912912912913,2.5133328725010515,1.1170703065917043,-0.558876356693518,-0.34949239976963486,-0.07307325462222916,0.01207265840035245
0.29329329329329323,2.5123724163357446,1.1172265462936437,-0.5596728739372014,-0.34931738041623,-0.07272890841646633,0.012110364469101144
0.2952952952952952,2.511417977365202,1.1173811278798933,-0.5604564501490915,-0.34914020825339775,-0.07239163728231603,0.012144436013819612
0.29729729729729737,2.5104696958624966,1.1175340565737966,-0.5612266048536608,-0.3489609648031963,-0.07206168554869255,0.01217481249877438
0.2992992992992993,2.5095277129460083,1.117685338126715,-0.561982852169476,-0.348779736905517,-0.07173929964356031,0.012201435636017813
0.3013013013013013,2.5085921701587868,1.1178349788617958,-0.5627247018535179,-0.3485966168635013,-0.07142472749126305,0.012224249700211453
0.30330330330330324,2.5076632090303868,1.1179829857172443,-0.563451660394798,-0.3484117025719462,-0.07111821788409253,0.01224320184129956
0.3053053053053052,2.5067409706231816,1.1181293662887926,-0.5641632321525121,-0.3482250976270795,-0.07082001983096785,0.012258242392923065
0.3073073073073074,2.5058255950653496,1.1182741288710298,-0.5648589205335258,-0.34803691141616083,-0.07053038188635526,0.012269325174424849
0.30930930930930933,2.5049172210729154,1.1184172824972836,-0.5655382292035517,-0.3478472591854303,-0.07024955146279539,0.012276407784275552
0.3113113113113113,2.5040159854633735,1.1185588369777077,-0.5662006633259827,-0.34765626208501405,-0.06997777413061711,0.012279451882746515
0.31331331331331325,2.503122022663578,1.1186988029352567,-0.5668457308220142,-0.3474640471895077,-0.06971529290860401,0.012278423461673597
0.3153153153153152,2.5022354642146905,1.1188371918392168,-0.5674729436453735,-0.3472707474930634,-0.06946234754953484,0.012273293099192477
0.3173173173173174,2.501356438277085,1.1189740160359807,-0.5680818190647503,-0.3470765018779393,-0.06921917382464503,0.012264036197382535
0.31931931931931934,2.5004850691381804,1.1191092887767449,-0.5686718809468206,-0.3468814550556061,-0.06898600281114488,0.012250633200833269
0.3213213213213213,2.4996214767262037,1.1192430242418592,-0.5692426610326502,-0.34668575747965596,-0.06876306018698719,0.012233069794243125
0.32332332332332325,2.498765776132935,1.1193752375615267,-0.5697937002001906,-0.3464895652299167,-0.06855056553709236,0.012211337077275694
0.3253253253253252,2.497918077148443,1.119505944832618,-0.5703245497055957,-0.3462930398673364,-0.06834873167522117,0.012185431715030825
0.3273273273273274,2.4970784838108027,1.1196351631313513,-0.570834772396153,-0.34609634825937896,-0.0681577639856263,0.01215535606263893
0.32932932932932935,2.4962470939737154,1.1197629105216451,-0.571323943887772,-0.3458996623758435,-0.06797785978851827,0.012121118262651848
0.3313313313313313,2.495423998894839,1.119889206058955,-0.5717916537001689,-0.3457031590552049,-0.06780920773324871,0.012082732314084223
0.33333333333333326,2.4946092828475357,1.1200140697894556,-0.5722375063431625,-0.34550701974174586,-0.06765198722294365,0.012040218112151758
0.3353353353353352,2.493803022758564,1.1201375227444517,-0.5726611223478295,-0.345311430193945,-0.06750636787411723,0.01199360145795705
0.3373373373373374,2.4930052878740834,1.120259586929941,-0.5730621392366598,-0.3451165801647525,-0.06737250901455846,0.011942914037585668
0.33933933933933935,2.4922161394561213,1.120380285311294,-0.5734402124272947,-0.34492266305457103,-0.06725055922251735,0.01188819337029492
0.3413413413413413,2.4914356305114342,1.1204996417930368,-0.573795016064938,-0.34472987553793066,-0.06714065590992405,0.011829482725702422
0.34334334334334327,2.490663805554444,1.1206176811937862,-0.5741262437790604,-0.3445384171650134,-0.06704292495205451,0.011766831010107389
0.3453453453453452,2.4899007004056664,1.1207344292164012,-0.574433609360613,-0.34434848993934464,-0.0669574803657194,0.011700292622305559
0.3473473473473474,2.489146342026774,1.1208499124134677,-0.5747168473565656,-0.3441602978731205,-0.06688442403769598,0.01162992727948272
0.34934934934934936,2.4884007483931483,1.120964158148269,-0.5749757135792355,-0.3439740465217871,-0.06682384550475529,0.011555799813992972
0.3513513513513513,2.4876639284044764,1.1210771945514302,-0.5752099855285217,-0.34378994249961203,-0.06677582178625775,0.011477979942041286
0.35335335335335327,2.486935881833647,1.1211890504734452,-0.5754194627258277,-0.34360819297812045,-0.06674041726990942,0.01139654200549578
0.35535535535535545,2.486216599313908,1.1212997554333688,-0.575603966959129,-0.34342900516936953,-0.06671768365088769,0.011311564688249568
0.3573573573573574,2.4855060623639447,1.121409339563931,-0.5757633424392985,-0.34325258579613754,-0.06670765992416554,0.011223130708733924
0.35935935935935936,2.4848042434502537,1.1215178335534064,-0.5758974558684599,-0.3430791405511806,-0.06671037242949207,0.011131326490352434
0.3613613613613613,2.484111106085898,1.1216252685845782,-0.5760061964217674,-0.34290887354778893,-0.06672583494812669,0.011036241811757573
0.3633633633633633,2.483426604964478,1.1217316762711442,-0.5760894756446084,-0.3427419867639207,-0.06675404885007892,0.01093796943902556
0.36536536536536546,2.4827506861278947,1.1218370885919582,-0.5761472272678075,-0.34257867948224224,-0.06679500329027967,0.010836604741901667
0.3673673673673674,2.48208328716624,1.1219415378234996,-0.5761794069439251,-0.34241914772842447,-0.06684867545180435,0.010732245296385279
0.36936936936936937,2.4814243374479727,1.122045056470968,-0.5761859919082433,-0.3422635837100665,-0.06691503083398828,0.010624990476000505
0.37137137137137133,2.4807737583783163,1.1221476771984251,-0.5761669805684526,-0.3421121752586111,-0.0669940235830204,0.010514941034155158
0.3733733733733733,2.4801314636836804,1.1222494327583883,-0.5761223920274444,-0.3419651052766116,-0.06708559686237683,0.010402198680026979
0.37537537537537546,2.4794973597197614,1.122350355921307,-0.5760522655439365,-0.34182255119268107,-0.06718968326026109,0.01028686565043172
0.3773773773773774,2.4788713458008815,1.1224504794053085,-0.5759566599359223,-0.34168468442642025,-0.06730620523105317,0.010169044280123251
0.3793793793793794,2.4782533145480405,1.1225498358066344,-0.5758356529321407,-0.34155166986557134,-0.06743507556763996,0.010048836572951877
0.38138138138138133,2.4776431522531013,1.1226484575311444,-0.5756893404769132,-0.3414236653575924,-0.0675761979013986,0.009926343776264645
0.3833833833833833,2.4770407392565237,1.1227463767272685,-0.5755178359937742,-0.34130082121777183,-0.0677294672265375,0.009801665960870624
0.38538538538538547,2.4764459503360476,1.1228436252207536,-0.5753212696133474,-0.34118327975593343,-0.06789477044546367,0.00967490160881715
0.3873873873873874,2.475858655103764,1.1229402344515524,-0.5750997873708995,-0.3410711748236984,-0.0680719869318389,0.009546147211130555
0.3893893893893894,2.475278718409069,1.1230362354131513,-0.5748535503789025,-0.34096463138417343,-0.06826098910801,0.009415496877568463
0.39139139139139134,2.474706000745072,1.1231316585946285,-0.574582733979811,-0.3408637651058454,-0.0684616430335474,0.009283041960311756
0.3933933933933933,2.4741403586561166,1.1232265339257024,-0.5742875268840884,-0.340768681982361,-0.0686738090017042,0.009148870693395306
0.3953953953953955,2.4735816451442045,1.1233208907249879,-0.5739681302982618,-0.3406794779797521,-0.06889734214070023,0.009013067849536855
0.39739739739739743,2.4730297100722263,1.1234147576516746,-0.5736247570475685,-0.34059623871257483,-0.06913209301685933,0.008875714415878146
0.3993993993993994,2.4724844005620654,1.1235081626607768,-0.5732576306974257,-0.3405190391502991,-0.06937790823675882,0.008736887289999764
0.40140140140140135,2.4719455613857733,1.1236011329621058,-0.5728669846776662,-0.34044794335518175,-0.06963463104570361,0.008596658997415062
0.4034034034034033,2.4714130353482076,1.1236936949830625,-0.5724530614131281,-0.3403830042527321,-0.06990210191999814,0.008455097431589415
0.4054054054054055,2.4708866636596563,1.1237858743353228,-0.5720161114638539,-0.34032426343575484,-0.07018015915066264,0.008312265617371294
0.40740740740740744,2.470366286297175,1.1238776957854673,-0.5715563926777705,-0.3402717510028381,-0.07046863941641665,0.00816822149856086
0.4094094094094094,2.469851742353514,1.1239691832295664,-0.5710741693583896,-0.3402254854320251,-0.07076737834393797,0.008023017750183725
0.41141141141141135,2.469342870372694,1.1240603596717038,-0.5705697114496808,-0.34018547349028244,-0.0710762110535856,0.00787670161588127
0.4134134134134133,2.4688395086714436,1.1241512472064068,-0.5700432937399468,-0.3401517101792488,-0.0713949726889612,0.007729314770675931
0.4154154154154155,2.468341495645881,1.1242418670049081,-0.5694951950861638,-0.3401241787176131,-0.0717234989288599,0.007580893209221567
0.41741741741741745,2.4678486700629625,1.1243322393051658,-0.5689256976599643,-0.34010285056034595,-0.07206162648033884,0.007431467159505926
0.4194194194194194,2.4673608713363775,1.1244223834055092,-0.5683350862161038,-0.3400876854548593,-0.07240919355179648,0.007281061021833585
0.42142142142142136,2.46687793978668,1.1245123176618053,-0.5677236473840129,-0.34007863153403806,-0.07276604030511699,0.007129693332786482
0.4234234234234233,2.466399716885585,1.1246020594879802,-0.5670916689827646,-0.3400756254459408,-0.07313200928608304,0.006977376753732842
0.4254254254254255,2.4659260454844585,1.1246916253597408,-0.5664394393595881,-0.3400785925198167,-0.07350694583239935,0.006824118083335976
0.42742742742742745,2.465456770027115,1.1247810308213206,-0.5657672467518634,-0.34008744696794047,-0.07389069845879914,0.006669918293401608
0.4294294294294294,2.464991736747137,1.1248702904950567,-0.5650753786723852,-0.3401020921226007,-0.0742831192188218,0.0065147725872954304
0.43143143143143137,2.464530793849978,1.1249594180936093,-0.5643641213175626,-0.3401224207074267,-0.07468406404295751,0.006358670480062769
0.4334334334334333,2.4640737916801854,1.1250484264346106,-0.563633758998134,-0.3401483151420693,-0.07509339305294924,0.006201595899287784
0.4354354354354355,2.463620582874106,1.1251373274575398,-0.562884573591923,-0.34017964787907734,-0.07551097085212746,0.006043527305642211
0.43743743743743746,2.4631710224984844,1.1252261322426071,-0.5621168440181352,-0.3402162817716497,-0.07593666679172818,0.005884437831991105
0.4394394394394394,2.4627249681753667,1.1253148510314346,-0.5613308457327039,-0.34025807047075407,-0.07637035521321148,0.005724295439847417
0.4414414414414414,2.4622822801937594,1.1254034932493135,-0.5605268502442159,-0.3403048588499338,-0.07681191566665563,0.005563063091896458
0.44344344344344333,2.4618428216084642,1.1254920675288287,-0.5597051246500134,-0.3403564834559386,-0.07726123310535415,0.005400698939246336
0.4454454454454455,2.461406458326533,1.1255805817346396,-0.5588659311921405,-0.34041277298314054,-0.07771819805678964,0.005237156522001875
0.44744744744744747,2.460973059181757,1.1256690429892011,-0.5580095268328892,-0.3404735487695071,-0.07818270677019956,0.005072384981705189
0.4494494494494494,2.4605424959975974,1.125757457699233,-0.5571361628498199,-0.3405386253117394,-0.07865466134099036,0.0049063292841391715
0.4514514514514514,2.4601146436389403,1.125845831582737,-0.5562460844502372,-0.3406078107970041,-0.07913396981229319,0.00473893045094775
0.45345345345345334,2.459689380053042,1.1259341696963712,-0.5553395304052329,-0.34068090764852327,-0.07962054625399227,0.004570125798492182
0.4554554554554555,2.4592665862999974,1.1260224764629998,-0.5544167327035312,-0.3407577130821375,-0.08011431081959647,0.004399849182333146
0.4574574574574575,2.4588461465730505,1.1261107556992542,-0.5534779162254959,-0.34083801967080424,-0.0806151897813641,0.004228031245707051
0.45945945945945943,2.4584279482090436,1.1261990106429283,-0.5525232984377764,-0.3409216159138714,-0.08112311554413563,0.0040545996703507175
0.4614614614614614,2.4580118816892678,1.126287243980066,-0.5515530891091897,-0.3410082868078521,-0.08163802663837474,0.0038794794280220504
0.46346346346346334,2.457597840630978,1.1263754578715959,-0.550567490048517,-0.3410978144153236,-0.0821598676929688,0.0037025930310666194
0.4654654654654655,2.457185721769811,1.126463653979373,-0.5495666948649919,-0.34118997842851306,-0.08268858938839625,0.0035238607803910757
0.4674674674674675,2.4567754249333356,1.1265518334915166,-0.5485508887523123,-0.34128455672407504,-0.08322414839092578,0.003343201009224833
0.46946946946946944,2.4563668530059655,1.1266399971469216,-0.5475202482970548,-0.3413813259055442,-0.08376650726857679,0.003160530321081848
0.4714714714714714,2.4559599118854565,1.1267281452588545,-0.5464749413123939,-0.34148006182995344,-0.08431563438963807,0.0029757638203749344
0.47347347347347357,2.455554510431223,1.1268162777375381,-0.5454151266980171,-0.34158054011514144,-0.08487150380461084,0.002788815334186403
0.47547547547547553,2.455150560404709,1.1269043941116483,-0.5443409543271108,-0.3416825366243384,-0.08543409511251658,0.002599597623760669
0.4774774774774775,2.4547479764020803,1.1269924935486593,-0.5432525649612276,-0.3417858279247183,-0.08600339331258382,0.002408022584357305
0.47947947947947944,2.4543466757795,1.1270805748739745,-0.5421500901937689,-0.3418901917167364,-0.08657938864240268,0.002214001432186884
0.4814814814814814,2.4539465785713013,1.1271686365888085,-0.5410336524227114,-0.3419954072312345,-0.0871620764037105,0.002017444877245978
0.4834834834834836,2.4535476074013673,1.1272566768867727,-0.5399033648530759,-0.34210125559149324,-0.08775145677704317,0.0018182632809723603
0.48548548548548554,2.4531496873880942,1.1273446936691496,-0.538759331529482,-0.34220752013763933,-0.08834753462655484,0.0016163667977557971
0.4874874874874875,2.4527527460433114,1.1274326845588363,-0.5376016473989599,-0.342313986711079,-0.08895031929637277,0.0014116654994631354
0.48948948948948945,2.452356713165595,1.1275206469129477,-0.5364303984039909,-0.34242044389690846,-0.0895598243999088,0.0012040694822680331
0.4914914914914914,2.4519615207284238,1.127608577834095,-0.5352456616055447,-0.3425266832225804,-0.0901760676035995,0.0009934889552144057
0.4934934934934936,2.4515671027636854,1.1276964741803344,-0.5340475053356512,-0.34263249931143325,-0.09079907040658501,0.0007798343100877235
0.49549549549549554,2.451173395241052,1.1277843325738153,-0.5328359893788166,-0.34273768999005694,-0.09142885791786633,0.0005630161723176576
0.4974974974974975,2.450780335943785,1.1278721494081567,-0.5316111651813453,-0.34284205634884535,-0.09206545863249736,0.0003429454327888275
0.49949949949949946,2.4503878643415686,1.1279599208545794,-0.5303730760873907,-0.3429454027554748,-0.0927089042083733,0.00011953326059090821
0.5015015015015014,2.449995921460983,1.1280476428668318,-0.5291217576003143,-0.3430475368214458,-0.09335922924516706,-0.00010730890310569388
0.5035035035035036,2.4496044497542555,1.1281353111849661,-0.527857237667688,-0.3431482693222352,-0.09401647106694402,-0.00033766936970878233
0.5055055055055055,2.4492133929669486,1.1282229213379982,-0.5265795369880544,-0.34324741407200055,-0.094680669509948,-0.0005716362459082004
0.5075075075075075,2.4488226960052475,1.1283104686455216,-0.525288669337332,-0.34334478775418326,-0.09535186671699906,-0.0008092974937892929
0.5095095095095095,2.4484323048035277,1.1283979482183202,-0.5239846419125547,-0.34344020970973926,-0.09603010693988012,-0.0010507410075820808
0.5115115115115114,2.4480421661928626,1.1284853549580454,-0.5226674556904516,-0.3435335016851018,-0.09671543635100709,-0.0012960547061419457
0.5135135135135136,2.4476522277711474,1.1285726835560201,-0.5213371057982088,-0.34362448754233144,-0.09740790286558823,-0.0015453266401367857
0.5155155155155156,2.4472624377754792,1.128659928491234,-0.5199935818936267,-0.3437129929342349,-0.09810755597536976,-0.0017986451128062916
0.5175175175175175,2.4468727449574312,1.1287470840275795,-0.5186368685517618,-0.34379884494753477,-0.09881444659494992,-0.0020560988130620974
0.5195195195195195,2.446483098461809,1.1288341442104193,-0.5172669456550824,-0.3438818717174385,-0.09952862692151804,-0.0023177769596147224
0.5215215215215214,2.4460934477094676,1.128921102862517,-0.5158837887841013,-0.3439619020171815,-0.10025015030873725,-0.0025837694547442796
0.5235235235235236,2.445703742284699,1.1290079535794137,-0.5144873696054421,-0.3440387648263153,-0.10097907115535014,-0.00285416704627972
0.5255255255255256,2.44531393182768,1.1290946897242964,-0.5130776562543109,-0.34411228888165396,-0.1017154448089365,-0.0031290614963141302
0.5275275275275275,2.444923965932393,1.1291813044224202,-0.5116546137083873,-0.3441823022149013,-0.1024593274851027,-0.0034085457551635127
0.5295295295295295,2.4445337940503893,1.1292677905551298,-0.5102182041502404,-0.3442486316810413,-0.1032107762022283,-0.00369271413907294
0.5315315315315314,2.4441433654007017,1.1293541407535344,-0.508768387315474,-0.3443111024815829,-0.10396984873174282,-0.0039816625101865705
0.5335335335335336,2.443752628886135,1.1294403473918724,-0.507305120823964,-0.3443695376867285,-0.10473660356375554,-0.004275488457327599
0.5355355355355356,2.443361533016113,1.1295264025806102,-0.5058283604917068,-0.34442375776044654,-0.10551109988771316,-0.004574291476178701
0.5375375375375375,2.4429700258361717,1.129612298159302,-0.5043380606210079,-0.34447358009232054,-0.10629339758762067,-0.004878173147513778
0.5395395395395395,2.442578054864138,1.1296980256892415,-0.502834174266948,-0.3445188185398739,-0.10708355725122558,-0.005187237312205696
0.5415415415415414,2.442185567032934,1.1297835764459239,-0.5013166534783154,-0.3445592829848729,-0.10788164019244216,-0.005501590241821738
0.5435435435435436,2.441792508639909,1.1298689414113383,-0.49978544951144577,-0.34459477890687135,-0.10868770848617708,-0.005821340803717141
0.5455455455455456,2.4413988253024996,1.1299541112660887,-0.49824051301568534,-0.34462510697698473,-0.10950182501461643,-0.006146600619646198
0.5475475475475475,2.441004461919982,1.1300390763813648,-0.4966817941894761,-0.34465006267458814,-0.11032405352394255,-0.006477484217028208
0.5495495495495495,2.4406093626409935,1.130123826810734,-0.4951092429063473,-0.3446694359292954,-0.11115445869037338,-0.0068141091721303886
0.5515515515515514,2.440213470836452,1.1302083522817756,-0.49352280881039257,-0.34468301079024216,-0.11199310619435525,-0.0071565962445603384
0.5535535535535536,2.439816729077454,1.1302926421875092,-0.4919224413811014,-0.3446905651243265,-0.11284006280168957,-0.007505069502594943
0.5555555555555556,2.43941907911766,1.1303766855776274,-0.4903080899677008,-0.3446918703446938,-0.11369539645034428,-0.007859656439008326
0.5575575575575575,2.4390204618796676,1.1304604711494832,-0.4886797037934274,-0.34468669117037076,-0.11455917634167756,-0.008220488077198487
0.5595595595595595,2.4386208174448,1.1305439872388154,-0.48703723193043896,-0.3446747854175809,-0.11543147303479923,-0.008587699067546752
0.5615615615615615,2.438220085045731,1.1306272218101687,-0.4853806232462933,-0.3446559038229013,-0.11631235854280435,-0.008961427774076686
0.5635635635635636,2.4378182030613362,1.1307101624469704,-0.4837098263231806,-0.34462978989805004,-0.11720190642963181,-0.009341816351606117
0.5655655655655656,2.437415109013144,1.1307927963412228,-0.48202478935128423,-0.3445961798157593,-0.11810019190633818,-0.009729010813708125
0.5675675675675675,2.4370107395627487,1.1308751102827554,-0.4803254599978444,-0.3445548023258419,-0.11900729192561758,-0.010123161091910872
0.5695695695695695,2.436605030509552,1.1309570906479944,-0.47861178525365294,-0.34450537870026354,-0.11992328527345418,-0.0105244210866726
0.5715715715715715,2.436197916788187,1.1310387233881964,-0.4768837112588513,-0.3444476227057471,-0.12084825265685448,-0.010932948710765061
0.5735735735735736,2.4357893324650126,1.131119994017081,-0.47514118310999875,-0.3443812406021772,-0.12178227678667508,-0.011348905925785501
0.5755755755755756,2.43537921073306,1.131200887597814,-0.4733841446504652,-0.3443059311648533,-0.12272544245463159,-0.01177245877259419
0.5775775775775776,2.4349674839048463,1.1312813887292834,-0.4716125382462626,-0.3442213857284563,-0.1236778366036572,-0.012203777396539722
0.5795795795795795,2.434554083402492,1.131361481531599,-0.46982630454942326,-0.3441272882504223,-0.12463954839084847,-0.012643036068389107
0.5815815815815815,2.4341389397446105,1.1314411496307657,-0.4680253822510696,-0.34402331539131614,-0.12561066924232098,-0.013090413201922788
0.5835835835835836,2.4337219825294714,1.1315203761424621,-0.466209707826249,-0.34390913660969646,-0.12659129289936882,-0.013546091369187507
0.5855855855855856,2.433303140413973,1.1315991436548662,-0.46437921527258214,-0.34378441426892503,-0.12758151545539728,-0.014010257314421742
0.5875875875875876,2.43288234108801,1.1316774342104694,-0.46253383584467883,-0.34364880375335394,-0.12858143538316388,-0.014483101967680417
0.5895895895895895,2.432459511243842,1.131755229286813,-0.4606734977861732,-0.3435019535913421,-0.12959115355192716,-0.014964820459188406
0.5915915915915915,2.432034576540128,1.131832509776089,-0.45879812606112685,-0.34334350558260285,-0.13061077323415468,-0.01545561213544629
0.5935935935935936,2.431607461560326,1.131909255963553,-0.45690764208639034,-0.34317309492746556,-0.13164040010148947,-0.01595568057809874
0.5955955955955956,2.431178089765198,1.131985447504672,-0.45500196346638194,-0.3429903503557358,-0.1326801422097092,-0.01646523362655573
0.5975975975975976,2.4307463834392014,1.132061063400968,-0.45308100373156907,-0.3427948942529727,-0.13373010997243834,-0.016984483405331877
0.5995995995995995,2.4303122636305794,1.1321360819744912,-0.4511446720817708,-0.3425863427821519,-0.1347904161233889,-0.017513646357039565
0.6016016016016015,2.4298756500850156,1.1322104808408586,-0.4491928731352214,-0.3423643059988493,-0.13586117566690592,-0.018052943281939408
0.6036036036036037,2.4294364611727257,1.132284236880816,-0.4472255066841551,-0.34212838795827105,-0.13694250581658657,-0.01860259938491743
0.6056056056056056,2.428994613808918,1.132357326210249,-0.44524246745748525,-0.3418781868126445,-0.13803452592171742,-0.01916284433072436
0.6076076076076076,2.4285500233675528,1.1324297241486068,-0.44324364489097223,-0.3416132948976919,-0.13913735738123942,-0.01973391230827866
0.6096096096096095,2.4281026035883855,1.1325014051856628,-0.4412289229050958,-0.3413332988071195,-0.14025112354490202,-0.020316042104803894
0.6116116116116117,2.4276522664772644,1.1325723429465662,-0.439198179690668,-0.3410377794542594,-0.14137594960120467,-0.020909477190542976
0.6136136136136137,2.427198922199699,1.132642510155131,-0.4371512875020616,-0.34072631212021964,-0.14251196245165018,-0.021514465814768673
0.6156156156156156,2.426742478967715,1.1327118785952925,-0.4350881124577655,-0.34039846648809735,-0.14365929057074442,-0.022131261113791736
0.6176176176176176,2.4262828429200183,1.132780419070688,-0.433008514347831,-0.3400538066630155,-0.14481806385107654,-0.022760121231657427
0.6196196196196195,2.4258199179955007,1.132848101362294,-0.43091234644762666,-0.33969189117793236,-0.1459884134326976,-0.023401309454217454
0.6216216216216217,2.4253536058001286,1.1329148941840586,-0.4287994553372002,-0.3393122729853535,-0.14717047151588733,-0.024055094357269748
0.6236236236236237,2.4248838054672364,1.132980765136484,-0.42666968072542166,-0.33891449943525487,-0.14836437115625845,-0.02472174996947351
0.6256256256256256,2.424410413511267,1.133045680658069,-0.42452285527797357,-0.3384981122396679,-0.14957024604099087,-0.025401555950771277
0.6276276276276276,2.423933323674974,1.1331096059745833,-0.422358804448173,-0.33806264742453496,-0.15078823024482102,-0.02609479778708628
0.6296296296296295,2.4234524267701008,1.1331725050460788,-0.42017734630950837,-0.33760763526956317,-0.15201845796422778,-0.026801767002110188
0.6316316316316317,2.4229676105115514,1.1332343405115872,-0.41797829138871895,-0.33713260023691904,-0.15326106322805963,-0.027522761387056154
0.6336336336336337,2.4224787593450308,1.1332950736314351,-0.4157614424981732,-0.3366370608897059,-0.1545161795826358,-0.028258085249324633
0.6356356356356356,2.4219857542681438,1.1333546642271026,-0.41352659456625446,-0.3361205298012482,-0.1557839397491248,-0.029008049681114322
0.6376376376376376,2.4214884726449144,1.133413070618556,-0.4112735344644137,-0.33558251345627205,-0.15706447525076067,-0.029772972849110204
0.6396396396396395,2.420986788013672,1.1334702495589888,-0.4090020408295199,-0.3350225121451304,-0.1583579160071925,-0.03055318030649372
0.6416416416416417,2.420480569888245,1.1335261561668817,-0.4067118838800987,-0.33444001985225286,-0.15966438989298198,-0.03134900532864779
0.6436436436436437,2.4199696835523747,1.1335807438553263,-0.40440282522503346,-0.3338345241400373,-0.16098402225696115,-0.03216078927407223
0.6456456456456456,2.4194539898472556,1.1336339642585178,-0.4020746176632708,-0.33320550602940535,-0.16231693539883457,-0.03298888197218239
0.6476476476476476,2.4189333449520984,1.1336857671553535,-0.3997270049730614,-0.3325524398782578,-0.1636632479990641,-0.033833642139838076
0.6496496496496496,2.4184076001575767,1.1337361003900446,-0.3973597216892415,-0.3318747932590537,-0.1650230744976927,-0.03469543782863829
0.6516516516516517,2.417876601632038,1.1337849097896748,-0.39497249286703806,-0.33117202683672436,-0.16639652441735975,-0.035574646905222634
0.6536536536536537,2.4173401901803224,1.1338321390786186,-0.3925650338308647,-0.3304435942481128,-0.16778370162532094,-0.03647165756704248
0.6556556556556556,2.4167982009950295,1.1338777297897396,-0.3901370499065416,-0.32968894198409776,-0.16918470352880996,-0.037386868896302175
0.6576576576576576,2.4162504634000737,1.1339216211722876,-0.38768823613534087,-0.3289075092755247,-0.17059962019756506,-0.03832069145502468
0.6596596596596596,2.4156968005863555,1.1339637500964184,-0.38521827696822675,-0.32809872798402584,-0.17202853340678814,-0.03927354792446686
0.6616616616616617,2.4151370293393586,1.13400405095425,-0.382726845938603,-0.32726202249876085,-0.17347151559319685,-0.04024587379239487
0.6636636636636637,2.414570959758505,1.1340424555573791,-0.38021360531183296,-0.32639680964006024,-0.17492862871617773,-0.041238118092030575
0.6656656656656657,2.4139983949680768,1.134078893030774,-0.3776782057097214,-0.32550249857088764,-0.1763999230153292,-0.04225074419679407
0.6676676676676676,2.4134191308195114,1.1341132897029695,-0.37512028570807593,-0.32457849071697975,-0.177885435654913,-0.04328423067529368
0.6696696696696696,2.4128329555848995,1.1341455689924782,-0.37253947140536875,-0.3236241796964405,-0.17938518924488148,-0.04433907221134881
0.6716716716716717,2.4122396496414837,1.134175651290344,-0.36993537596041004,-0.3226389512594914,-0.18089919022723142,-0.045415780594172915
0.6736736736736737,2.4116389851469835,1.1342034538387484,-0.36730759909682265,-0.32162218323898173,-0.18242742711542675,-0.04651488578418607
0.6756756756756757,2.4110307257055585,1.1342288906056035,-0.36465572657197,-0.32057324551215893,-0.18396986857353864,-0.04763693706026386
0.6776776776776776,2.4104146260242265,1.1342518721550283,-0.36197932960781815,-0.3194914999740711,-0.1855264613205516,-0.04878250425455557
0.6796796796796796,2.409790431559551,1.1342723055136326,-0.359277964281045,-0.31837630052283833,-0.18709712784397825,-0.04995217908130725
0.6816816816816818,2.4091578781544083,1.1342900940325118,-0.3565511708694974,-0.31722699305684415,-0.18868176390549216,-0.05114657656639373
0.6836836836836837,2.4085166916646488,1.1343051372448476,-0.3537984731518784,-0.31604291548370783,-0.19028023581972273,-0.05236633658448055
0.6856856856856857,2.4078665875754304,1.1343173307190053,-0.35101937765729474,-0.31482339774064433,-0.19189237748564092,-0.05361212551088187
0.6876876876876876,2.407207270607009,1.134326565907001,-0.34821337286102083,-0.31356776182552293,-0.19351798714808116,-0.05488463799522877
0.6896896896896896,2.4065384343097365,1.1343327299881916,-0.3453799283225324,-0.3122753218375817,-0.19515682386488215,-0.05618459886398047
0.6916916916916918,2.405859760647977,1.134335705708015,-0.342518493761534,-0.3109453840263132,-0.19680860365285666,-0.0575127651585607
0.6936936936936937,2.405170919572606,1.13433537121158,-0.3396284980673436,-0.30957724684651006,-0.19847299528330242,-0.05886992831543032
0.6956956956956957,2.4044715685816955,1.1343315998718753,-0.33670934823660736,-0.30817020101681347,-0.20014961569501485,-0.06025691649365827
0.6976976976976976,2.403761352268897,1.1343242601122996,-0.33376042823389285,-0.3067235295783215,-0.20183802498971526,-0.0616745970544429
0.6996996996996996,2.403039901858946,1.1343132152231652,-0.3307810977692545,-0.30523650794885654,-0.20353772097144443,-0.0631238791954783
0.7017017017017018,2.4023068347295515,1.1342983231717785,-0.3277706909863762,-0.30370840396733373,-0.2052481331877403,-0.06460571674093409
0.7037037037037037,2.401561753918804,1.134279436405568,-0.32472851505436945,-0.3021384779212475,-0.20696861642625655,-0.06612111108498003
0.7057057057057057,2.400804247617,1.1342564016476817,-0.3216538486557508,-0.30052598254858315,-0.2086984436158574,-0.06767111428306931
0.7077077077077076,2.4000338886415813,1.1342290596843159,-0.31854594036252915,-0.2988701630033626,-0.2104367980760295,-0.06925683228036951
0.7097097097097096,2.39925023389356,1.1341972451429208,-0.31540400689170817,-0.29717025677150427,-0.2121827650526386,-0.07087942826054963
0.7117117117117118,2.398452823793504,1.1341607862602543,-0.3122272312308584,-0.29542549352059283,-0.21393532247148878,-0.07254012609025501
0.7137137137137137,2.3976411816947403,1.134119504639083,-0.3090147606237226,-0.2936350948634288,-0.2156933308337132,-0.07424021382464784
0.7157157157157157,2.3968148132710017,1.1340732149920996,-0.30576570440511136,-0.2917982740106999,-0.2174555221685681,-0.07598104722686144
0.7177177177177176,2.395973205875237,1.1340217248714188,-0.30247913167360974,-0.2899142352826414,-0.219220487949541,-0.0777640532385266
0.7197197197197196,2.39511582786575,1.1339648343817452,-0.29915406878985923,-0.2879821734429103,-0.2209866658685741,-0.07959073331894245
0.7217217217217218,2.394242127895222,1.1339023358750482,-0.29578949668741683,-0.28600127280987553,-0.2227523253503785,-0.08146266654609838
0.7237237237237237,2.393351534157562,1.1338340136242802,-0.29238434798238966,-0.2839707060907814,-0.22451555167389864,-0.0833815123425102
0.7257257257257257,2.392443453586843,1.133759643473443,-0.2889375038672649,-0.28188963287249313,-0.22627422855057042,-0.08534901265138672
0.7277277277277276,2.3915172710020007,1.1336789924610005,-0.28544779077351956,-0.27975719768826984,-0.22802601898852612,-0.08736699334234778
0.7297297297297298,2.390572348190395,1.1335918184134857,-0.28191397678676217,-0.277572527562778,-0.22976834424768142,-0.08943736456877918
0.7317317317317318,2.389608022922915,1.1334978695059583,-0.27833476779725563,-0.275334728916688,-0.2314983606618156,-0.09156211972847272
0.7337337337337337,2.3886236078931145,1.1333968837859982,-0.274708803367704,-0.27304288368692975,-0.23321293406929,-0.09374333259246014
0.7357357357357357,2.3876183895729426,1.1332885886580075,-0.27103465229905865,-0.27069604448809376,-0.2349086115525554,-0.09598315206021009
0.7377377377377377,2.386591626978153,1.1331727003249035,-0.2673108078737419,-0.2682932286033825,-0.23658159013641364,-0.09828379386809014
0.7397397397397398,2.3855425503374414,1.1330489231847964,-0.2635356827539305,-0.26583341054858906,-0.2382276820339511,-0.10064752841662808
0.7417417417417418,2.384470359660811,1.1329169491807944,-0.2597076035101768,-0.26331551289804256,-0.23984227595444446,-0.10307666368377502
0.7437437437437437,2.3833742232043837,1.1327764571026464,-0.25582480475229885,-0.2607383949952337,-0.24142029389587294,-0.10557352194762598
0.7457457457457457,2.3822532758302373,1.1326271118387838,-0.25188542282967913,-0.258100839090284,-0.2429561427315608,-0.10814040874244045
0.7477477477477477,2.3811066172593995,1.1324685635755476,-0.24788748906107005,-0.25540153334827864,-0.24444365976024124,-0.11077957210339588
0.7497497497497498,2.379933310210811,1.132300446934696,-0.24382892244365859,-0.25263905105265333,-0.24587605121423303,-0.11349314970224132
0.7517517517517518,2.3787323784026912,1.1321223800264526,-0.23970752177583815,-0.2498118251810953,-0.24724582250202595,-0.11628310091789466
0.7537537537537538,2.3775028043535205,1.1319339633653032,-0.2355209571055036,-0.24691811735111982,-0.2485446986871463,-0.11915112019800293
0.7557557557557557,2.37624352683535,1.1317347785345082,-0.23126676038219998,-0.24395597990993725,-0.24976353335861595,-0.12209852721806297
0.7577577577577577,2.3749534376608,1.1315243863649724,-0.22694231514190524,-0.24092320966700634,-0.2508922036082424,-0.1251261282939537
0.7597597597597598,2.373631377150121,1.1313023241638385,-0.22254484497976065,-0.23781729142237162,-0.2519194882675226,-0.12823404220060272
0.7617617617617618,2.3722761269856387,1.131068101094887,-0.2180714004569532,-0.23463532900851514,-0.2528329258326333,-0.13142148192799016
0.7637637637637638,2.3708863979619363,1.1308211900074039,-0.2135188439252249,-0.23137396100852867,-0.25361864756453756,-0.1346864818791395
0.7657657657657657,2.369460807916972,1.130561012526147,-0.20888383150865766,-0.2280292575969516,-0.25426118001372294,-0.1380255574675083
0.7677677677677677,2.3679978410421105,1.1302869114981111,-0.20416279111481428,-0.22459659401018525,-0.25474320956991614,-0.1414332808454975
0.7697697697697699,2.366495772301918,1.1299980999419592,-0.19935189478943274,-0.221070494899453,-0.2550452994028686,-0.14490175237112957
0.7717717717717718,2.3649525271180094,1.1296935666625894,-0.19444702287587365,-0.21744444211152858,-0.2551455460746553,-0.14841994207960038
0.7737737737737738,2.3633654218807494,1.1293719024403146,-0.18944371612645938,-0.21371063606518112,-0.2550191587489486,-0.1519728684025664
0.7757757757757757,2.3617306864554055,1.1290309813785169,-0.18433710987346177,-0.20985969750502045,-0.2546379376307721,-0.1555405719604773
0.7777777777777777,2.3600425899209174,1.1286673792132507,-0.17912184118033556,-0.20588029147784911,-0.2539696189597316,-0.15909682933723446
0.7797797797797799,2.3582918472853756,1.1282753156316083,-0.17379191488118192,-0.20175864801693447,-0.252977039782239,-0.1626075335798008
0.7817817817817818,2.356462728083066,1.127844737991228,-0.16834050648868842,-0.1974779428181551,-0.2516170539408124,-0.16602864193481343
0.7837837837837838,2.3545278296988186,1.1273578610622204,-0.1627596673532031,-0.1930174838317897,-0.2498390964866822,-0.1693035525089296
0.7857857857857857,2.3524386652724227,1.1267829393579711,-0.1570398773631798,-0.18835162239099768,-0.24758323934313112,-0.17235971289459534
0.7877877877877877,2.3501087833023724,1.1260630982072433,-0.1511693583605367,-0.1834482641226311,-0.244777494345954,-0.17510417416339352
0.7897897897897899,2.347383639679462,1.1250963865651054,-0.14513301013516333,-0.17826678573104732,-0.24133398247100668,-0.17741766689278432
0.7917917917917918,2.343987176809111,1.123700349018144,-0.13891074939764916,-0.17275505425891696,-0.23714337557128032,-0.17914657263437564
0.7937937937937938,2.339428027706761,1.121549610829639,-0.13247490516028973,-0.1668450766125528,-0.23206670563248166,-0.18009188353954597
0.7957957957957957,2.332837441321114,1.118067325275183,-0.1257861351458206,-0.16044656403791804,-0.2259232362559446,-0.17999392723158797
0.7977977977977977,2.322696861576819,1.112240433839019,-0.11878707933825049,-0.15343740546181187,-0.2184727547124988,-0.17851152004957663
0.7997997997997999,2.3064026304856755,1.1023171708216586,-0.11139275281682273,-0.14564990139634415,-0.20939098489019178,-0.17519512003887985
0.8018018018018018,2.279636733296883,1.08534654605422,-0.10347692011249748,-0.13685235800702175,-0.1982397215369132,-0.1694578202920568
0.8038038038038038,2.2356467680272516,1.056576612992822,-0.09485575943572788,-0.12672949142119905,-0.18444349137734198,-0.16056119544478076
0.8058058058058057,2.1649506017015674,1.0089423233111832,-0.08527761251091347,-0.11487733213116233,-0.1673111723841876,-0.14766463002311536
0.8078078078078077,2.0568015521695293,0.9333870842389166,-0.07444720823826827,-0.10085734922035854,-0.14619192819372506,-0.130040830513776
0.8098098098098099,1.9043814962448002,0.8214861272744056,-0.06214724299565644,-0.08439901464582132,-0.12090316026961108,-0.10759228564256798
0.8118118118118118,1.7136700297023872,0.6717032884465972,-0.048533619153094475,-0.06583941076652723,-0.09247693019830462,-0.08164670147364239
0.8138138138138138,1.5091434304368894,0.4972668955478255,-0.03453942190626041,-0.04666041071258749,-0.06379939878908256,-0.05545596085688001
0.8158158158158157,1.3255057899792062,0.327037136196826,-0.02192037119790511,-0.029440698458481476,-0.039031244094097035,-0.03326123047637914
0.8178178178178177,1.1878359023825245,0.19105543455773785,-0.012374303789704551,-0.01652960012832676,-0.02127874982740543,-0.017808463010324398
0.8198198198198199,1.0998731043336878,0.10141798291696194,-0.0063586311849128906,-0.008464968771543029,-0.010650425153123496,-0.008813589620009792
0.8218218218218218,1.0501857727863073,0.05057424607909479,-0.0030837149945851117,-0.0041005626517273035,-0.005085067347292673,-0.004191700973177565
0.8238238238238238,1.024362066977479,0.024369064277779264,-0.001454889928605415,-0.0019353025918986085,-0.002381921536634302,-0.0019646595444504943
0.8258258258258258,1.0116001836213726,0.011544678404681279,-0.0006794680595211081,-0.0009046512925585862,-0.0011098047378234048,-0.0009173513416732894
0.8278278278278277,1.005467514580979,0.005425394816469819,-0.000316474932240981,-0.0004217429819756415,-0.0005168105938857964,-0.00042807399076026073
0.8298298298298299,1.0025635306616583,0.0025398547332978545,-0.0001473719218318515,-0.00019653200092465255,-0.0002407826466406412,-0.00019974247601921023
0.8318318318318318,1.00119869425696,0.0011867091477410089,-6.864660661950462e-05,-9.15911237409473e-05,-0.00011222422791106766,-9.318778185880257e-05
0.8338338338338338,1.0005596798503251,0.0005538779587348907,-3.198293956972343e-05,-4.2686946453240735e-05,-5.2311714228349946e-05,-4.3464568708273524e-05
0.8358358358358358,1.0002610909592464,0.00025833900745842305,-1.4901622240431954e-05,-1.9893137086332277e-05,-2.4382199644802434e-05,-2.026623466130671e-05
0.8378378378378377,1.0001217272922769,0.00012043447014861288,-6.942239398545949e-06,-9.268975825604854e-06,-1.136200870331832e-05,-9.446307781334789e-06
0.8398398398398399,1.000056726483016,5.612195856722986e-05,-3.2335064488870533e-06,-4.317679404526377e-06,-5.293185020919277e-06,-4.401494205907399e-06
0.8418418418418419,1.0000264248466442,2.6142835928249606e-05,-1.5056723675379429e-06,-2.010673244956919e-06,-2.465155214478259e-06,-2.050158644484426e-06
0.8438438438438438,1.0000123049615517,1.2173572137738353e-05,-7.008989055467578e-07,-9.360416805857743e-07,-1.1477031122897125e-06,-9.54607514597392e-07
0.8458458458458458,1.0000057278926389,5.666725818241223e-06,-3.2616733716104414e-07,-4.3561825208090365e-07,-5.34157627048617e-07,-4.443373746447389e-07
0.8478478478478477,1.0000026653778011,2.6369178748296137e-06,-1.5173346691234085e-07,-2.0266147532913108e-07,-2.485204396389816e-07,-2.0675295962758636e-07
0.8498498498498499,1.0000012398609266,1.2266247900208774e-06,-7.056278413204995e-08,-9.425164403720155e-08,-1.1558636956174521e-07,-9.617043154363886e-08
0.8518518518518519,1.0000005765510371,5.703975654170417e-07,-3.280364172518101e-08,-4.381857881438761e-08,-5.374058093438644e-08,-4.471798480652836e-08
0.8538538538538538,1.000000268011296,2.6515159452283985e-07,-1.524472436687299e-08,-2.0364727936101836e-08,-2.497749441021473e-08,-2.0786123792549238e-08
0.8558558558558558,1.0000001245428543,1.2321433684852408e-07,-7.082191505452204e-09,-9.461269806881514e-09,-1.160501728330705e-08,-9.65862186294998e-09
0.8578578578578577,1.0000000578541675,5.7237200776152994e-08,-3.2890151324469474e-09,-4.394104011035004e-09,-5.390049792267262e-09,-4.4864920132097726e-09
0.8598598598598599,1.0000000268658327,2.6579411834441893e-08,-1.5269112718624893e-09,-2.0400507246945657e-09,-2.502588788393389e-09,-2.083283668845504e-09
0.8618618618618619,1.0000000124714077,1.2338485896894786e-08,-7.086162253823472e-10,-9.468059556982515e-10,-1.1615438609545173e-09,-9.6702873270058e-10
0.8638638638638638,1.0000000057873513,5.72568653440616e-09,-3.2874366519697237e-10,-4.392684739695812e-10,-5.389280673178887e-10,-4.48724188038309e-10
0.8658658658658658,1.0000000026846834,2.656085985973801e-09,-1.5245874800403916e-10,-2.0372662140390987e-10,-2.4996242127333475e-10,-2.0814615144041622e-10
0.867867867867868,1.0000000012449581,1.2317008031059894e-09,-7.067984611073389e-11,-9.445258951394737e-11,-1.1589562271921863e-10,-9.651743247207305e-11
0.8698698698698699,1.000000000577118,5.709742170848776e-10,-3.2755688480870906e-11,-4.3775177142346284e-11,-5.371645872755667e-11,-4.473951406280528e-11
0.8718718718718719,1.0000000002674374,2.6459131226411246e-10,-1.517488081583098e-11,-2.0281005158805532e-11,-2.488830669671093e-11,-2.0731204317033862e-11
0.8738738738738738,1.0000000001238873,1.2256937809646522e-10,-7.027658085710793e-12,-9.392862841759222e-12,-1.1527376089944777e-11,-9.602960258102265e-12
0.8758758758758758,1.0000000000573692,5.6759055603773996e-11,-3.253432330361663e-12,-4.3486313754474795e-12,-5.3371823223285926e-12,-4.446645716561926e-12
0.877877877877878,1.0000000000265568,2.627450180341919e-11,-1.5056263813851413e-12,-2.0125748604799443e-12,-2.4702398896063433e-12,-2.0582878251044676e-12
0.8798798798798799,1.0000000000122888,1.2158469651775288e-11,-6.965208786868733e-13,-9.31095111397732e-13,-1.142904930976856e-12,-9.524121714062577e-13
0.8818818818818819,1.0000000000056846,5.624261682751836e-12,-3.2209693400357153e-13,-4.305995764079024e-13,-5.285927159706819e-13,-4.405412181209602e-13
0.8838838838838838,1.0000000000026286,2.600696682714237e-12,-1.4888905705000343e-13,-1.9905853646733036e-13,-2.4437952862865373e-13,-2.0369780682883097e-13
0.8858858858858858,1.0000000000012148,1.2021167872291368e-12,-6.879251050814068e-14,-9.198097472630993e-14,-1.129348896106366e-13,-9.414952161885679e-14
0.887887887887888,1.000000000000561,5.554099953477154e-13,-3.176718472695769e-14,-4.248043668389281e-14,-5.2165486978177474e-14,-4.34976521045229e-14
0.8898898898898899,1.0000000000002591,2.5649357917450277e-13,-1.4658870451948282e-14,-1.96061383959712e-14,-2.408154380591112e-14,-2.0086751091559047e-14
0.8918918918918919,1.0000000000001195,1.183943570690338e-13,-6.757191535823531e-15,-9.04047728002404e-15,-1.1108170828370348e-14,-9.270721949969622e-15
0.8938938938938938,1.0000000000000548,5.459396614151962e-14,-3.1090336149349885e-15,-4.161652702759512e-15,-5.116460660950436e-15,-4.2741882153506144e-15
0.8958958958958958,1.000000000000025,2.5110396509918112e-14,-1.4251991550271511e-15,-1.909155870809323e-15,-2.349202729811548e-15,-1.9654123572602294e-15
0.897897897897898,1.0000000000000113,1.1502594748666462e-14,-6.486427226008593e-16,-8.69855243367538e-16,-1.0716445804502889e-15,-8.986684476665074e-16
0.8998998998998999,1.000000000000005,5.205082857298775e-15,-2.908625926126453e-16,-3.9054742890631695e-16,-4.81787925941808e-16,-4.051558291897168e-16
0.9019019019019019,1.0000000000000022,2.2795558267024627e-15,-1.267760005916053e-16,-1.7034856502087726e-16,-2.1030813063391154e-16,-1.771444665603075e-16
0.9039039039039038,1.0000000000000009,9.589188908097586e-16,-5.299099805744721e-17,-7.120759514512732e-17,-8.790378509057223e-17,-7.407869179844275e-17
0.9059059059059058,1.0000000000000004,3.850696451299316e-16,-2.084296406834215e-17,-2.797551964657211e-17,-3.447658261893167e-17,-2.9013003424522083e-17
0.907907907907908,1.0,1.261865764928165e-16,-7.289827750944346e-18,-9.690869544932909e-18,-1.1825340010856957e-17,-9.723821315610587e-18
0.9099099099099099,1.0,2.78972031190759e-17,-2.1750599737476527e-18,-2.8182563942379588e-18,-3.3492458572031963e-18,-2.5663363873662557e-18
0.9119119119119119,1.0,6.785887418898898e-18,-6.074116801534617e-19,-7.68291544993566e-19,-8.862929045353177e-19,-6.354291177249034e-19
0.9139139139139139,1.0,1.5587304295915459e-18,-1.5876868366732743e-19,-1.9567677408254405e-19,-2.1770090402963335e-19,-1.4478750117623478e-19
0.9159159159159158,1.0,3.5909146168251817e-19,-4.0116549267281284e-20,-4.829922452018362e-20,-5.1763256633878156e-20,-3.2189608992178496e-20
0.917917917917918,1.0,8.087986226064604e-20,-9.815260366765222e-21,-1.1549164529079007e-20,-1.1886034653193296e-20,-6.914323690412292e-21
0.91991991991992,1.0,1.807753471325992e-20,-2.355990394818462e-21,-2.7124905562689346e-21,-2.6770355241806383e-21,-1.4625255762485208e-21
0.9219219219219219,1.0,4.016727206120607e-21,-5.58586593636605e-22,-6.298288100244771e-22,-5.9548569773898e-22,-3.0624865181782035e-22
0.9239239239239239,1.0,8.95279091819697e-22,-1.3180171457308563e-22,-1.4577022902045148e-22,-1.321847831565239e-22,-6.432551791333826e-23
0.9259259259259258,1.0,2.0076394024645524e-22,-3.103480432210116e-23,-3.373015233686749e-23,-2.9416911675199774e-23,-1.364134683694423e-23
0.927927927927928,1.0,4.527393518926677e-23,-7.289804558492176e-24,-7.800281917075495e-24,-6.566484412512556e-24,-2.9260391820408943e-24
0.92992992992993,1.0,1.0224325768159522e-23,-1.70428592853172e-24,-1.797833715028514e-24,-1.4654080461700785e-24,-6.319672688650686e-25
0.9319319319319319,1.0,2.3039685446358665e-24,-3.9601435812512754e-25,-4.1216903821334673e-25,-3.2596608204398086e-25,-1.367221478508701e-25
0.9339339339339339,1.0,5.17399783055585e-25,-9.148246823470885e-26,-9.398411330637023e-26,-7.221628097573254e-26,-2.9550256539789126e-26
0.9359359359359358,1.0,1.1590464739408986e-25,-2.1040305609238638e-26,-2.1344840242898862e-26,-1.5956237741520837e-26,-6.384448221157954e-27
0.937937937937938,1.0,2.594049978151253e-26,-4.824946136236614e-27,-4.835834781651791e-27,-3.522714119771623e-27,-1.3815020621297783e-27
0.93993993993994,1.0,5.806178419448725e-27,-1.1041334762075054e-27,-1.0939355726668251e-27,-7.7805820765805515e-28,-2.998271665100606e-28
0.9419419419419419,1.0,1.2998630086180789e-27,-2.521842814206142e-28,-2.4713564549990224e-28,-1.7196964802541306e-28,-6.528414862666459e-29
0.9439439439439439,1.0,2.9095836603618827e-28,-5.74812241647734e-29,-5.574607935446555e-29,-3.8022265744359785e-29,-1.4252617846056814e-29
0.9459459459459458,1.0,6.508728482002442e-29,-1.3074207715739444e-29,-1.2553073647391631e-29,-8.405439784386756e-30,-3.116947413254134e-30
0.947947947947948,1.0,1.454887920629621e-29,-2.9680707581894987e-30,-2.8222156471552357e-30,-1.857535685269099e-30,-6.823813766648868e-31
0.94994994994995,1.0,3.250419118985604e-30,-6.728334969863297e-31,-6.337558057290454e-31,-4.104627484129215e-31,-1.495347864256305e-31
0.9519519519519519,1.0,7.26181757971912e-31,-1.5239414205588393e-31,-1.4223426086439564e-31,-9.074136037125432e-32,-3.281214639502281e-32
0.9539539539539539,1.0,1.6232079120555939e-31,-3.450433293259502e-32,-3.192084273482562e-32,-2.0080924459524636e-32,-7.213430071774691e-33
0.9559559559559558,1.0,3.6314111030428035e-32,-7.811821828946331e-33,-7.16608806883692e-33,-4.4502238071160696e-33,-1.5894560951456172e-33
0.957957957957958,1.0,8.13186970193493e-33,-1.768625398324856e-33,-1.609432246581749e-33,-9.877659592625519e-34,-3.5108878931159987e-34
0.95995995995996,1.0,1.8225042556048187e-33,-4.003898217975598e-34,-3.615832757885098e-34,-2.1955865109573387e-34,-7.772968291703099e-35
0.9619619619619619,1.0,4.087012322549484e-34,-9.061811571785539e-35,-8.12466824525403e-35,-4.886058588652489e-35,-1.7243190461078693e-35
0.9639639639639639,1.0,9.168155089033355e-35,-2.0499552852666781e-35,-1.825441165415069e-35,-1.088286774171951e-35,-3.831212465442648e-36
0.9659659659659658,1.0,2.0567549182277114e-35,-4.634386193205859e-36,-4.100196986925963e-36,-2.4253457661046446e-36,-8.52258837871628e-37
0.967967967967968,1.0,4.6132942467040344e-36,-1.0468777576480406e-36,-9.205380481051594e-37,-5.40673694279189e-37,-1.8974499472525604e-37
0.96996996996997,1.0,1.034409248620158e-36,-2.3627200443845784e-37,-2.0654918399140447e-37,-1.2054098989355738e-37,-4.226716675756327e-38
0.9719719719719719,1.0,2.3183195557668586e-37,-5.327431523623075e-38,-4.631429265835512e-38,-2.6872105003275653e-38,-9.418153510342474e-39
0.9739739739739739,1.0,5.193064611294385e-38,-1.200078304507631e-38,-1.0377730893810206e-38,-5.989484080484988e-39,-2.0988469944400006e-39
0.9759759759759759,1.0,1.1626137515723868e-38,-2.7008626133853826e-39,-2.323760609916061e-39,-1.3346733120384554e-39,-4.677330650221002e-40
0.977977977977978,1.0,2.601472787725583e-39,-6.0733257173929426e-40,-5.200013360773533e-40,-2.9734224594759423e-40,-1.042300981793461e-40
0.97997997997998,1.0,5.8183566369918594e-40,-1.3646521063947875e-40,-1.1629903417743857e-40,-6.622914260531224e-41,-2.322537189296545e-41
0.9819819819819819,1.0,1.3008060456832718e-40,-3.0643184953802807e-41,-2.599845805698437e-41,-1.4749528377574448e-41,-5.175095284864035e-42
0.9839839839839839,1.0,2.9073246427357595e-41,-6.877148751803752e-42,-5.809813403916523e-42,-3.2845400469998856e-42,-1.1531362793972171e-42
0.9859859859859861,1.0,6.49651428108967e-42,-1.542725457551005e-42,-1.2979601115106128e-42,-7.314256877813037e-43,-2.569647745869743e-43
0.987987987987988,1.0,1.451464986479169e-42,-3.459490856967616e-43,-2.899223968958905e-43,-1.6288995149678273e-43,-5.726917787543987e-44
0.98998998998999,1.0,3.242644191608561e-43,-7.75548695990089e-44,-6.475198564305627e-44,-3.628029222499159e-44,-1.2765653658320268e-44
0.991991991991992,1.0,7.243997703465949e-44,-1.738204420480876e-44,-1.4460945159336366e-44,-8.081958565889145e-45,-2.846130335459746e-45
0.9939939939939939,1.0,1.6183181096543382e-44,-3.895018347376144e-45,-3.229490290574668e-45,-1.8007334976472898e-45,-6.3470611135169295e-46
0.9959959959959961,1.0,3.617126175139559e-45,-8.730652777831493e-46,-7.21561163247792e-46,-4.014876080343407e-46,-1.4164452599824582e-46
0.997997997997998,1.0,8.165704985218593e-46,-1.976316177090647e-46,-1.6282705185627337e-46,-9.042233591269111e-47,-3.1932817963228037e-47
1.0,1.0,2.2068231561523386e-46,-5.35607275122903e-47,-4.39837019926403e-47,-2.4377591754403195e-47,-8.618960764824003e-48
