-1.0,5.0,3.8119005215472135e-27,-8.834758983720997e-30,-1.4696953126005815e-29,-2.0571986415415408e-29,-2.635658772023199e-29
-0.997997997997998,5.0,2.9575868753665155e-26,-6.787672036892972e-29,-1.129207959341078e-28,-1.5806107414577986e-28,-2.0252390985393847e-28
-0.995995995995996,5.0,2.5523833248131747e-25,-5.785856375533774e-28,-9.62595030576585e-28,-1.3474011814226233e-27,-1.7265980473752932e-27
-0.993993993993994,5.0,2.206018050501489e-24,-4.918251368329218e-27,-8.183027419621657e-27,-1.1454339682374607e-26,-1.4679648410044458e-26
-0.991991991991992,5.0,1.9066962827154148e-23,-4.156098047904639e-26,-6.915467430561067e-26,-9.680122099701708e-26,-1.2407588577926431e-25
-0.98998998998999,5.0,1.647990102978077e-22,-3.4831230366916457e-25,-5.796193266759097e-25,-8.1134573336587375e-25,-1.0401222433664214e-24
-0.987987987987988,5.0,1.4243875037578112e-21,-2.8850845347542214e-24,-4.801504329214843e-24,-6.721169434847548e-24,-8.618015465823967e-24
-0.985985985985986,5.0,1.2311250385760691e-20,-2.3493533165608072e-23,-3.9103790543748386e-23,-5.473831953572214e-23,-7.020224998594164e-23
-0.983983983983984,5.0,1.0640857322109463e-19,-1.864644399516879e-22,-3.104028000144637e-22,-4.345142309661072e-22,-5.574096824787325e-22
-0.9819819819819819,5.0,9.197113109275315e-19,-1.420778979655134e-21,-2.365497157818421e-21,-3.3113664507059396e-21,-4.249151467891245e-21
-0.97997997997998,5.0,7.949263405164672e-18,-1.0084703267582286e-20,-1.6793109778663786e-20,-2.3508390824163834e-20,-3.0175411541930096e-20
-0.977977977977978,5.0,6.87072693630854e-17,-6.191292102102076e-20,-1.0311477194755901e-19,-1.443509124297548e-19,-1.8534641609656992e-19
-0.975975975975976,4.999999999999999,3.275089454030195e-16,-2.4468476586031083e-19,-4.075402932662375e-19,-5.705208265713882e-19,-7.326241945006312e-19
-0.973973973973974,4.999999999999998,8.3446613475808085e-16,-6.4295806906470105e-19,-1.0708678223129214e-18,-1.4991180051755556e-18,-1.9249792508612114e-18
-0.9719719719719719,4.9999999999999964,1.4251495158670721e-15,-1.284314094485695e-18,-2.138920453351024e-18,-2.9942752613593987e-18,-3.844377037623633e-18
-0.96996996996997,4.999999999999995,2.0275484522311636e-15,-2.178027688582958e-18,-3.6270071908626416e-18,-5.077405106182738e-18,-6.517845661148871e-18
-0.967967967967968,4.999999999999993,2.645442770209232e-15,-3.3226935076730676e-18,-5.532641317259958e-18,-7.745006516563239e-18,-9.940397253016621e-18
-0.965965965965966,4.999999999999991,3.254728251507897e-15,-4.712801071281961e-18,-7.846494734135327e-18,-1.0984000474669767e-17,-1.4094731323163462e-17
-0.963963963963964,4.999999999999989,3.867499448322428e-15,-6.352808062828677e-18,-1.057584845027408e-17,-1.4804559987973437e-17,-1.8993427874802922e-17
-0.9619619619619619,4.999999999999988,4.4894432662472735e-15,-8.251203172320196e-18,-1.3734691370004192e-17,-1.9226247594281738e-17,-2.4661104145941255e-17
-0.95995995995996,4.999999999999986,5.186725652740003e-15,-1.0464569061353443e-17,-1.7417117195425984e-17,-2.4380765528904923e-17,-3.126638244046038e-17
-0.957957957957958,4.999999999999983,6.2545432801779704e-15,-1.3170419805738739e-17,-2.191864712137261e-17,-3.0681797776835565e-17,-3.934001217823278e-17
-0.955955955955956,4.99999999999998,7.732608886907521e-15,-1.6588386876896856e-17,-2.760482925408145e-17,-3.864104330779818e-17,-4.9538193399512895e-17
-0.953953953953954,4.999999999999975,1.0033473606841021e-14,-2.114568405998012e-17,-3.5186870350228124e-17,-4.9254081390814615e-17,-6.313820680886313e-17
-0.9519519519519519,4.999999999999967,1.364636753769894e-14,-2.7494638923811434e-17,-4.575070532140053e-17,-6.404104877790598e-17,-8.209020885659157e-17
-0.94994994994995,4.999999999999955,1.9122222140690117e-14,-3.659574135997784e-17,-6.08951898892401e-17,-8.524007961492316e-17,-1.092651935460107e-16
-0.9479479479479479,4.999999999999936,2.7723130894314353e-14,-4.996002539980372e-17,-8.313571686944034e-17,-1.1637232075799806e-16,-1.4918024970821748e-16
-0.9459459459459459,4.999999999999907,4.074572310175041e-14,-6.970329210274692e-17,-1.159941338667237e-16,-1.6236775536297822e-16,-2.0815880528901439e-16
-0.943943943943944,4.999999999999863,6.006475765181473e-14,-9.896413815752955e-17,-1.6469468161824369e-16,-2.305394122554615e-16,-2.9558056726296225e-16
-0.9419419419419419,4.999999999999798,8.890188542992127e-14,-1.424887022230911e-16,-2.371374584369459e-16,-3.3194606650006784e-16,-4.2562981537021293e-16
-0.93993993993994,4.9999999999997025,1.3190385954206802e-13,-2.072503480114606e-16,-3.4492967732475605e-16,-4.828357909479648e-16,-6.191461808435165e-16
-0.9379379379379379,4.99999999999956,1.9543103344858359e-13,-3.033983156401155e-16,-5.049644745837548e-16,-7.068559817465757e-16,-9.06458435427487e-16
-0.9359359359359359,4.999999999999351,2.8904280192974795e-13,-4.458502392906506e-16,-7.420717154656692e-16,-1.0387640299034734e-15,-1.3321439304132646e-15
-0.933933933933934,4.999999999999043,4.267138048440278e-13,-6.564146594816305e-16,-1.0925506224157742e-15,-1.5293723420906567e-15,-1.9613699962264343e-15
-0.9319319319319319,4.999999999998592,6.284285746294823e-13,-9.667891110373407e-16,-1.609159541912055e-15,-2.252533065148768e-15,-2.8888505599490927e-15
-0.92992992992993,4.999999999997934,9.225884914889579e-13,-1.4228155985723408e-15,-2.3681983051246807e-15,-3.3150520304874645e-15,-4.2515586196630864e-15
-0.9279279279279279,4.999999999996977,1.3504684730481685e-12,-2.0908207589886608e-15,-3.480060569888214e-15,-4.8714600663800495e-15,-6.247668753978784e-15
-0.9259259259259259,4.999999999995589,1.970869128769852e-12,-3.066303212450736e-15,-5.10369193263346e-15,-7.144251550630191e-15,-9.162508015274944e-15
-0.9239239239239239,4.999999999993584,2.867253491244925e-12,-4.486263572304234e-15,-7.467110316174424e-15,-1.045260895961116e-14,-1.3405387665737755e-14
-0.9219219219219219,4.999999999990696,4.158391143283958e-12,-6.5466995646615784e-15,-1.0896522424815404e-14,-1.5253160232381604e-14,-1.9561863734201708e-14
-0.91991991991992,4.999999999986551,6.011796824149096e-12,-9.526871669592774e-15,-1.5856707035632403e-14,-2.2196507362048215e-14,-2.8466216356828606e-14
-0.9179179179179179,4.99999999998062,8.663657845787926e-12,-1.3823505302905791e-14,-2.3007934721639888e-14,-3.220690268971922e-14,-4.1303608012857794e-14
-0.9159159159159159,4.999999999972161,1.2445574188232038e-11,-1.9998290219207197e-14,-3.3285015630924815e-14,-4.659289988978815e-14,-5.97519518884841e-14
-0.9139139139139139,4.999999999960138,1.7821268721137588e-11,-2.884377727555607e-14,-4.80069623262734e-14,-6.720085966566591e-14,-8.617872011844314e-14
-0.9119119119119119,4.9999999999431015,2.543756426389455e-11,-4.147469214059837e-14,-6.902894879897877e-14,-9.662766125635824e-14,-1.2391365345682922e-13
-0.9099099099099099,4.999999999919043,3.6193582767092306e-11,-5.945366947411818e-14,-9.895154685108486e-14,-1.3851359008902724e-13,-1.7762425109716495e-13
-0.9079079079079079,4.999999999885177,5.133446300912893e-11,-8.496380370241027e-14,-1.4140786635091403e-13,-1.9794427412657877e-13,-2.5383104895586193e-13
-0.9059059059059059,4.99999999983766,7.257851852661286e-11,-1.2104496468117849e-13,-2.014568006544929e-13,-2.820011445170174e-13,-3.6161328628963023e-13
-0.9039039039039038,4.9999999997712035,1.0228989805289493e-10,-1.7191629603006274e-13,-2.861196783711803e-13,-4.005126338328392e-13,-5.135718838643229e-13
-0.9019019019019019,4.999999999678559,1.4370950137139854e-10,-2.434140829904928e-13,-4.0510888321969196e-13,-5.670740871094937e-13,-7.271368507768742e-13
-0.8998998998998999,4.999999999549823,2.0126478519461084e-10,-3.4358481969422817e-13,-5.718147133223691e-13,-8.004291504338729e-13,-1.0263380123268189e-12
-0.8978978978978979,4.999999999371511,2.8098441529668375e-10,-4.834857817555349e-13,-8.046375071414996e-13,-1.1263344549453381e-12,-1.4441951789669598e-12
-0.8958958958958959,4.999999999125325,3.910489316155796e-10,-6.782612985941378e-13,-1.128778494758469e-12,-1.5800664115171825e-12,-2.0259312783276886e-12
-0.8938938938938938,4.999999998786518,5.425211035874483e-10,-9.485849614173765e-13,-1.5786395038295368e-12,-2.2097802614231248e-12,-2.833277748365074e-12
-0.8918918918918919,4.9999999983217425,7.503106998262038e-10,-1.3225854174270897e-12,-2.2010272556787387e-12,-3.0809953653431798e-12,-3.950223279848164e-12
-0.8898898898898899,4.999999997686203,1.0344439867003095e-09,-1.8384087038405254e-12,-3.059416714850777e-12,-4.282562917065514e-12,-5.49066231509774e-12
-0.8878878878878879,4.999999996819938,1.4217277500868419e-09,-2.5476152734824395e-12,-4.239603142344916e-12,-5.934577510422141e-12,-7.608534538415146e-12
-0.8858858858858859,4.999999995642957,1.947922736978269e-09,-3.5196678063735963e-12,-5.857168888432844e-12,-8.198828902753003e-12,-1.0511219431030271e-11
-0.8838838838838838,4.999999994048915,2.6605721700368054e-09,-4.847839155198319e-12,-8.067312811560254e-12,-1.1292560876604564e-11,-1.4477168449664111e-11
-0.8818818818818819,4.999999991896908,3.622668668863328e-09,-6.656962109945371e-12,-1.1077743799946568e-11,-1.550651908596762e-11,-1.9879032767622387e-11
-0.8798798798798799,4.99999998900088,4.917390042148201e-09,-9.113558814266325e-12,-1.5165533061229076e-11,-2.1228540184510957e-11,-2.7213890875553804e-11
-0.8778778778778779,4.999999985115997,6.65419264332458e-09,-1.2439033287257197e-11,-2.069906205146958e-11,-2.8974273554105783e-11,-3.714261455298877e-11
-0.8758758758758759,4.999999979921165,8.976621896433245e-09,-1.692679201309782e-11,-2.816650480136292e-11,-3.9427049507521346e-11,-5.0540952892978224e-11
-0.8738738738738738,4.9999999729967355,1.207228617525541e-08,-2.296438257868311e-11,-3.8212657635157023e-11,-5.348943166399704e-11,-6.856558488523724e-11
-0.8718718718718719,4.999999963796108,1.618554390463956e-08,-3.106201813174892e-11,-5.1686391270669364e-11,-7.234963785082746e-11,-9.273921912813515e-11
-0.8698698698698699,4.999999951609778,2.1633580985583886e-08,-4.188919749693839e-11,-6.9701569153225e-11,-9.756681012461652e-11,-1.2505983879029208e-10
-0.8678678678678678,4.999999935519936,2.882670570314356e-08,-5.632154868223402e-11,-9.371497081920666e-11,-1.311800872144394e-10,-1.6814043535396328e-10
-0.8658658658658659,4.999999914343376,3.829386742863992e-08,-7.550053269862893e-11,-1.256256058148204e-10,-1.7584761784864557e-10,-2.2538709198267652e-10
-0.8638638638638638,4.999999886560002,5.0714620348138534e-08,-1.0090926226488353e-10,-1.6790083073851542e-10,-2.3502309096277386e-10,-3.012251176307631e-10
-0.8618618618618619,4.999999850223617,6.695900265589527e-08,-1.3446843390862626e-10,-2.237359189582261e-10,-3.1317909016298397e-10,-4.0138514925204266e-10
-0.8598598598598599,4.999999802851059,8.813709373978719e-08,-1.7865726492632082e-10,-2.972552172365054e-10,-4.160886578854028e-10,-5.332637992470452e-10
-0.8578578578578578,4.999999741284989,1.1566035541753266e-07,-2.36665393285231e-10,-3.937647968461499e-10,-5.511789367850796e-10,-7.063766019049251e-10
-0.8558558558558559,4.999999661524711,1.5131725442405977e-07,-3.125829641270721e-10,-5.200686107735605e-10,-7.27973700784982e-10,-9.329247811229919e-10
-0.8538538538538538,4.999999558518466,1.9736611500059482e-07,-4.116376222499896e-10,-6.848626550913118e-10,-9.586450684184155e-10,-1.2285018147709735e-09
-0.8518518518518519,4.999999425909416,2.566486655890453e-07,-5.404888865863983e-10,-8.992245526489257e-10,-1.2586987781398885e-09,-1.6129710000327408e-09
-0.8498498498498499,4.999999255726301,3.327283204706525e-07,-7.075924333627564e-10,-1.177219385836563e-09,-1.6478221760662342e-09,-2.1115513270521505e-09
-0.8478478478478478,4.999999038008264,4.300578874010578e-07,-9.236491968642455e-10,-1.5366465646427806e-09,-2.1509296083590857e-09,-2.7561560565437345e-09
-0.8458458458458459,4.999998760351733,5.541821134018593e-07,-1.2021569454153467e-09,-1.999957084421377e-09,-2.799446304146828e-09,-3.587036573902599e-09
-0.8438438438438438,4.999998407365494,7.119812701778611e-07,-1.5600851416163434e-09,-2.5953757648873507e-09,-3.632879164724056e-09,-4.654793465031319e-09
-0.8418418418418419,4.999997960018145,9.119628419335938e-07,-2.0186974866448577e-09,-3.358269028549981e-09,-4.700731225653504e-09,-6.022827435647131e-09
-0.8398398398398399,4.999997394860062,1.1646093031467953e-06,-2.6045506101781396e-09,-4.332805525439923e-09,-6.064826003608626e-09,-7.770314769277565e-09
-0.8378378378378378,4.999996683099829,1.4827909505872283e-06,-3.3507019287046978e-09,-5.57396448870467e-09,-7.802118545231236e-09,-9.995805572965754e-09
-0.8358358358358359,4.99999578951276,1.8822537787265148e-06,-4.298164779556831e-09,-7.149955151847065e-09,-1.0008081816061016e-08,-1.2821558163446146e-08
-0.8338338338338338,4.999994671156848,2.3821934352461544e-06,-5.497654557134092e-09,-9.145119891371815e-09,-1.2800770129292626e-08,-1.6398739631744134e-08
-0.8318318318318318,4.999993275869069,3.0059273425524647e-06,-7.0116757338123825e-09,-1.1663403981830116e-08,-1.6325675621493136e-08,-2.0913640895560162e-08
-0.8298298298298299,4.999991540512725,3.781678097132114e-06,-8.917006328874895e-09,-1.4832485943197515e-08,-2.076150930668462e-08,-2.6595074368076445e-08
-0.8278278278278278,4.9999893889443126,4.743482223776728e-06,-1.1307643563141924e-08,-1.880867437061078e-08,-2.6327054907698068e-08,-3.372314364299431e-08
-0.8258258258258259,4.999986729666507,5.9322392223407486e-06,-1.4298282051778587e-08,-2.378268977498577e-08,-3.3289261350139943e-08,-4.263959715771944e-08
-0.8238238238238238,4.9999834531322325,7.3969165516394835e-06,-1.8028403865084315e-08,-2.998646319975379e-08,-4.1972758327364566e-08,-5.376000141429368e-08
-0.8218218218218218,4.99997942866371,9.195926699745477e-06,-2.2667068021802392e-08,-3.770109703848449e-08,-5.277099845889685e-08,-6.758799369442291e-08
-0.8198198198198199,4.999974500949813,1.1398692715068094e-05,-2.8418495329089637e-08,-4.726614732282267e-08,-6.615924893699643e-08,-8.473189887250907e-08
-0.8178178178178178,4.999968486085374,1.4087418460122992e-05,-3.5528552774612844e-08,-5.90904004913899e-08,-8.270967478246822e-08,-1.059240193895398e-07
-0.8158158158158157,4.999961167117203,1.7359079324086028e-05,-4.4292249694935384e-08,-7.366433093098786e-08,-1.031087744114406e-07,-1.320429310587702e-07
-0.8138138138138138,4.999952289063935,2.132764810204061e-05,-5.5062365433816726e-08,-9.157443797425058e-08,-1.2817744555135839e-07,-1.6413913936328368e-07
-0.8118118118118118,4.999941553380352,2.6126569157927033e-05,-6.825933487218306e-08,-1.1351967205655439e-07,-1.5889397495609038e-07,-2.0346447040233097e-07
-0.8098098098098099,4.999928611841887,3.191149173667372e-05,-8.43825237174494e-08,-1.4033016881214968e-07,-1.9642025806253702e-07,-2.5150558662926134e-07
-0.8078078078078078,4.999913059831678,3.886327031746295e-05,-1.0402302941141955e-07,-1.7298851640588957e-07,-2.4213156383752306e-07,-3.1002202888785693e-07
-0.8058058058058057,4.999894429020966,4.719123613979569e-05,-1.2787814554378488e-07,-2.126537846716431e-07,-2.9765016463076345e-07,-3.8108919177481683e-07
-0.8038038038038038,4.999872179443975,5.713673942474894e-05,-1.5676762730361302e-07,-2.6068854393199797e-07,-3.648831498560234e-07,-4.6714663772653227e-07
-0.8018018018018018,4.999845690980674,6.897695633377163e-05,-1.9165189231180874e-07,-3.186890959542004e-07,-4.4606473471551454e-07,-5.710521451012856e-07
-0.7997997997997999,4.9998142542751385,8.302894833953864e-05,-2.336522846905191e-07,-3.885191285853365e-07,-5.438033598853176e-07,-6.961418655269058e-07
-0.7977977977977978,4.999777061133447,9.965395444510405e-05,-2.840735199884236e-07,-4.723469884540492e-07,-6.611338540401398e-07,-8.462969345648408e-07
-0.7957957957957957,4.999733194463133,0.0001192618886333702,-3.4442841416752124e-07,-5.726867420189923e-07,-8.015748973232614e-07,-1.0260168360405384e-06
-0.7937937937937938,4.999681617835912,0.00014231600614951883,-4.164649808870799e-07,-6.924431635549539e-07,-9.69191979478959e-07,-1.2404997630819965e-06
-0.7917917917917918,4.9996211647765,0.00016933769284350987,-5.021959574817539e-07,-8.34960748879255e-07,-1.1686659906361834e-06,-1.4957301470740408e-06
-0.7897897897897898,4.999550527902271,0.00020091132201600752,-6.039307911069503e-07,-1.0040768053760927e-06,-1.4053675151630838e-06,-1.798573438743143e-06
-0.7877877877877878,4.999468248060991,0.00023768911323867277,-7.243100824139528e-07,-1.204178612009414e-06,-1.6854368193700692e-06,-2.1568781231498537e-06
-0.7857857857857857,4.999372703636054,0.00028039591773948577,-8.663424448644653e-07,-1.440264577602964e-06,-2.015869432232296e-06,-2.5795848326334607e-06
-0.7837837837837838,4.99926210021003,0.0003298338454691714,-1.0334436936080315e-06,-1.7180092520606933e-06,-2.4046071152222613e-06,-3.0768422893690814e-06
-0.7817817817817818,4.999134460796944,0.000386886640257176,-1.229478229125163e-06,-2.0438319640694844e-06,-2.86063390372382e-06,-3.6601296633722867e-06
-0.7797797797797797,4.998987616870786,0.00045252370191019325,-1.4588024281850399e-06,-2.4249687711733097e-06,-3.3940767797457646e-06,-4.34238477433559e-06
-0.7777777777777778,4.998819200431375,0.0005278036481096777,-1.7263097988951737e-06,-2.8695473152950347e-06,-4.016310405671544e-06,-5.138137399061119e-06
-0.7757757757757757,4.998626637357836,0.0006138773049357253,-2.0374775987646232e-06,-3.3866640805321343e-06,-4.740065213983481e-06,-6.063646773569127e-06
-0.7737737737737738,4.998407142303881,0.0007119900131780946,-2.3984145560054236e-06,-3.986463452437818e-06,-5.579538011185449e-06,-7.13704220394281e-06
-0.7717717717717718,4.998157715386825,0.0008234831386572867,-2.815909276196527e-06,-4.680217881414924e-06,-6.550504118870572e-06,-8.378465526925278e-06
-0.7697697697697697,4.997875140913236,0.0009497946788678107,-3.297478860531109e-06,-5.480408359962026e-06,-7.670429944771645e-06,-9.810213995006225e-06
-0.7677677677677678,4.997555988367716,0.0010924588656152302,-3.8514172098918005e-06,-6.400804337200211e-06,-8.958584755724756e-06,-1.1456882006399569e-05
-0.7657657657657657,4.997196615867244,0.0012531046740762116,-4.486842442750147e-06,-7.456542117372852e-06,-1.043615031696815e-05,-1.3345499963302289e-05
-0.7637637637637638,4.996793176251724,0.001433453162887526,-5.2137428161824204e-06,-8.66420072487097e-06,-1.2126326972319975e-05,-1.550566842756158e-05
-0.7617617617617618,4.996341625942083,0.0016353135873568168,-6.04302050989414e-06,-1.0041874169721728e-05,-1.4054434671630798e-05,-1.796968565661436e-05
-0.7597597597597597,4.995837736651071,0.001860578248438153,-6.986532614679781e-06,-1.1609239017096083e-05,-1.6248007409284077e-05,-2.07726665491546e-05
-0.7577577577577578,4.99527710997957,0.0021112160633316884,-8.057128660631378e-06,-1.3387616154602306e-05,-1.8736879523724343e-05,-2.395265101365277e-05
-0.7557557557557557,4.994655194874068,0.0023892648689186253,-9.268684027787983e-06,-1.5400025663822753e-05,-2.155326232567534e-05,-2.7550699796972393e-05
-0.7537537537537538,4.99396730786031,0.0026968224960763126,-1.063612860357115e-05,-1.767123373902194e-05,-2.473180957369141e-05,-3.1610975877216835e-05
-0.7517517517517518,4.99320865590588,0.003036036680459032,-1.2175470087649589e-05,-2.0227790656811793e-05,-2.8309670400820126e-05,-3.618080963566515e-05
-0.7497497497497497,4.992374361702344,0.0034090939027343176,-1.3903811395732811e-05,-2.3098058885655122e-05,-3.232652841523676e-05,-4.1310746176927825e-05
-0.7477477477477478,4.991459491097788,0.0038182072776428828,-1.583936167864103e-05,-2.631223053246659e-05,-3.682462584941056e-05,-4.705457336253393e-05
-0.7457457457457457,4.990459082354976,0.004265603635694103,-1.8001440550777275e-05,-2.9902333453460705e-05,-4.184877181420395e-05,-5.346932935784599e-05
-0.7437437437437437,4.989368176861057,0.004753509962954487,-2.0410475211309478e-05,-3.39022255052453e-05,-4.744633392272001e-05,-6.061528876088049e-05
-0.7417417417417418,4.98818185087351,0.005284139382442984,-2.3087990239996468e-05,-3.83475765767005e-05,-5.366721277912975e-05,-6.855592667839824e-05
-0.7397397397397397,4.986895247855331,0.0058596768744316585,-2.6056589955334587e-05,-4.327583821853247e-05,-6.0563799074696686e-05,-7.735786043252544e-05
-0.7377377377377378,4.985503610931696,0.006482264941936789,-2.9339933332948886e-05,-4.8726200871195776e-05,-6.819091329067826e-05,-8.70907689123342e-05
-0.7357357357357357,4.984002314991197,0.007153989431522882,-3.2962701594101826e-05,-5.473953887846539e-05,-7.660572826918289e-05,-9.782728992084219e-05
-0.7337337337337337,4.982386897957602,0.007876865718070706,-3.695055868495969e-05,-6.13583436585071e-05,-8.586767517167467e-05,-0.00010964289620014696
-0.7317317317317318,4.980653090773015,0.008652825455425927,-4.133010497399057e-05,-6.862664558208885e-05,-9.603833359398562e-05,-0.00012261575113733952
-0.7297297297297297,4.978796845659616,0.009483704083090575,-4.6128824594852804e-05,-7.658992527407925e-05,-0.00010718130684009557,-0.0001368265454533251
-0.7277277277277278,4.97681436226395,0.010371229262778423,-5.137502695290363e-05,-8.52950152054838e-05,-0.00011936208356881001,-0.00015235831644833328
-0.7257257257257257,4.97470211133372,0.011317010398324502,-5.709778299288205e-05,-9.478999257542722e-05,-0.00013264788721283944,-0.00016929625161534722
-0.7237237237237237,4.972456855630544,0.012322529368835386,-6.332685689166386e-05,-0.00010512406459281952,-0.00014710751472461457,-0.00018772747863075382
-0.7217217217217218,4.970075667841239,0.013389132578925836,-7.009263389199164e-05,-0.00011634744735384605,-0.0001628111663245164,-0.00020774084388644628
-0.7197197197197197,4.967555945313044,0.01451802440227533,-7.74260450299603e-05,-0.00012851123957259922,-0.00017983026801323096,-0.00022942668183706917
-0.7177177177177176,4.964895421502659,0.01571026206645514,-8.53584895305075e-05,-0.00014166729245764658,-0.0001982372886599849,-0.00025287657749924766
-0.7157157157157157,4.962092174093043,0.01696675199888547,-9.392175565140981e-05,-0.00015586807703744373,-0.00021810555349293417,-0.00027818312445709555
-0.7137137137137137,4.959144629793851,0.018288247626690783,-0.00010314794074795583,-0.00017116655022330162,-0.00023950905579844188,-0.00030543968070196264
-0.7117117117117118,4.956051565899427,0.019675348597852353,-0.00011306937130857724,-0.00018761602086182937,-0.0002625222685847765,-0.00033474012456735284
-0.7097097097097097,4.952812108731113,0.021128501368004603,-0.00012371852367762577,-0.00020527001697164354,-0.000287219957886052,-0.00036617861291630163
-0.7077077077077076,4.949425729137041,0.022648001076973064,-0.00013512794613678266,-0.00022418215528433882,-0.0003136769992777362,-0.00039984934360303597
-0.7057057057057057,4.945892235261963,0.02423399462203941,-0.00014733018296305672,-0.00024440601412021494,-0.0003419681990499293,-0.00043584632406881685
-0.7037037037037037,4.9422117628313025,0.0258864848211508,-0.00016035770102084426,-0.0002659950105281799,-0.00037216812134323356,-0.0004742631477491071
-0.7017017017017018,4.938384763217501,0.027605335548940423,-0.0001742428193799812,-0.0002890022825097564,-0.0004043509223988216,-0.0005151927797713075
-0.6996996996996997,4.934411989572919,0.029390277721445212,-0.00018901764238297674,-0.0003134805770323183,-0.0004385901929136005,-0.0005587273532148587
-0.6976976976976976,4.9302944813222505,0.03124091600164368,-0.0002047139965144331,-0.00033948214441948684,-0.0004749588093272781,-0.0006049579769937829
-0.6956956956956957,4.926033547309357,0.03315673609716865,-0.00022136337135564676,-0.0003670586395897379,-0.0005135287947044181,-0.000653974556210593
-0.6936936936936937,4.92163074788911,0.03513711252345792,-0.0002389968648389785,-0.0003962610305000809,-0.0005543711897145916,-0.0007058656256242304
-0.6916916916916918,4.917087876245178,0.03718131670985479,-0.0002576451329510162,-0.0004271395140422303,-0.0005975559340603535,-0.0007607181966770034
-0.6896896896896897,4.912406939200482,0.03928852533238298,-0.00027733834397183964,-0.000459743439535701,-0.0006431517585583936,-0.0008186176183394588
-0.6876876876876876,4.907590137769197,0.04145782876470673,-0.0002981061372806347,-0.0004941212398670228,-0.0006912260879456644,-0.0008796474518600778
-0.6856856856856857,4.902639847678553,0.0436882395477762,-0.00031997758670608794,-0.0005303203702378134,-0.0007418449543609947,-0.0009438893593504773
-0.6836836836836837,4.897558600066125,0.04597870078847233,-0.000342981168353783,-0.0005683872544073373,-0.0007950729213444917,-0.0010114230059974825
-0.6816816816816818,4.892349062534586,0.048328094407888815,-0.00036714473280244315,-0.0006083672382478203,-0.0008509730181024467,-0.0010823259755716888
-0.6796796796796797,4.8870140207216926,0.0507352491704031,-0.00039249548152634476,-0.0006503045503731938,-0.0009096066837045617,-0.0011566736987980485
-0.6776776776776776,4.881556360519212,0.05319894843514044,-0.0004190599473724623,-0.0006942422695539682,-0.0009710337208128554,-0.001234539394067244
-0.6756756756756757,4.875979051051101,0.05571793758160044,-0.00044686397889768837,-0.0007402222985922103,-0.0010353122584871163,-0.0013159940198966067
-0.6736736736736737,4.870285128498915,0.058290931070916235,-0.0004759327283534794,-0.0007882853443005986,-0.0011024987235695018,-0.0014011062384950207
-0.6716716716716717,4.864477680841435,0.06091661911331356,-0.0005062906430921586,-0.0008384709032076584,-0.0011726478201200127,-0.0014899423897466815
-0.6696696696696697,4.85855983355623,0.06359367392072202,-0.0005379614601604028,-0.000890817252596792,-0.001245812516353996,-0.0015825664749022682
-0.6676676676676676,4.852534736313305,0.06632075553110606,-0.0005709682038407242,-0.000945361446478851,-0.0013220440385216523,-0.001679040149251836
-0.6656656656656657,4.846405550675326,0.06909651719788483,-0.0006053331859005481,-0.0010021393160960469,-0.0014013918711664932,-0.001779422723050073
-0.6636636636636637,4.840175438805168,0.07191961034378339,-0.0006410780083103304,-0.0010611854745580533,-0.0014839037632038523,-0.0018837711699700734
-0.6616616616616617,4.833847553169643,0.07478868908362436,-0.0006782235681965763,-0.0011225333252186036,-0.0015696257392707395,-0.0019921401423750886
-0.6596596596596597,4.827425027218224,0.07770241432493927,-0.0007167900648022215,-0.0011862150734118894,-0.001658602115813604,-0.0021045819927176233
-0.6576576576576576,4.820910967007213,0.08065945745891143,-0.0007567970082351601,-0.0012522617411820196,-0.001750875521399952,-0.0022211468004003448
-0.6556556556556556,4.814308443733122,0.08365850365709408,-0.0007982632297954306,-0.0013207031846550516,-0.0018464869207623807,-0.002341882403462629
-0.6536536536536537,4.807620487133736,0.08669825479164384,-0.0008412068936823168,-0.0013915681137210614,-0.0019454756421086498,-0.0024668344344889975
-0.6516516516516517,4.80085007971145,0.08977743199852453,-0.0008856455098941199,-0.0014648841137129666,-0.0020478794072582127,-0.0025960463601704398
-0.6496496496496497,4.7940001517307085,0.09289477790434408,-0.0009315959481453127,-0.0015406776687887814,-0.0021537343641935625,-0.002729559523985714
-0.6476476476476476,4.787073576939711,0.09604905853823699,-0.0009790744526379802,-0.0016189741867443715,-0.0022630751216431927,-0.0028674131915065897
-0.6456456456456456,4.7800731689657585,0.09923906495056319,-0.0010280966575367074,-0.0016997980250042747,-0.002375934785341615,-0.0030096445978680057
-0.6436436436436437,4.773001678333596,0.10246361456022694,-0.0010786776030081735,-0.0017831725175583518,-0.0024923449956401667,-0.003156288996980745
-0.6416416416416417,4.765861790056738,0.1057215522521617,-0.0011308317516985718,-0.0018691200026318998,-0.0026123359661700696,-0.0033073797121000825
-0.6396396396396397,4.75865612175292,0.10901175124604819,-0.0011845730055334732,-0.001957661850896031,-0.0027359365232860772,-0.003462948187398648
-0.6376376376376376,4.751387222236403,0.11233311375666682,-0.001239914722735756,-0.0020488184940435803,-0.002863174146044847,-0.003623024040225103
-0.6356356356356356,4.7440575705417745,0.1156845714654732,-0.001296869734967778,-0.0021426094535733913,-0.002994075006496829,-0.003787635113762124
-0.6336336336336337,4.736669575336023,0.11906508582206891,-0.0013554503645138694,-0.0022390533696424264,-0.0031286640100936917,-0.003956807529827255
-0.6316316316316316,4.729225574678028,0.12247364819324429,-0.0014156684414286186,-0.0023381680298608415,-0.0032669648360353,-0.004130565741588617
-0.6296296296296297,4.721727836087039,0.12590927987622527,-0.0014775353205851427,-0.002439970397919761,-0.003408999977400692,-0.004308932585993939
-0.6276276276276276,4.714178556884207,0.1293710319916822,-0.0015410618985656826,-0.002544476641955081,-0.0035547907809266154,-0.004491929335736046
-0.6256256256256256,4.706579864773779,0.13285798527097936,-0.0016062586303443628,-0.0026517021625632356,-0.0037043574863147677,-0.004679575750600803
-0.6236236236236237,4.6989338186330585,0.13636924975107265,-0.0016731355457188968,-0.0027616616203964073,-0.0038577192649652,-0.004871890128064444
-0.6216216216216216,4.691242409482642,0.13990396438941125,-0.0017417022654543466,-0.0028743689632753015,-0.0040148942580481494,-0.005068889353026615
-0.6196196196196196,4.6835075616109,0.14346129661017748,-0.0018119680171078199,-0.002989837452767232,-0.00417589961384019,-0.005270588946582893
-0.6176176176176176,4.675731133828847,0.14704044179221964,-0.0018839416505082739,-0.003108079690186133,-0.004340751524262958,-0.005477003113756673
-0.6156156156156156,4.66791492083382,0.1506406227080947,-0.0019576316528702926,-0.0032291076419789727,-0.0045094652605738045,-0.005688144790124648
-0.6136136136136137,4.660060654662359,0.15426108892275145,-0.002033046163525018,-0.003352932664470252,-0.004682055208167846,-0.005904025687283199
-0.6116116116116116,4.652170006214688,0.15790111615954489,-0.002110192988255217,-0.003479565527942659,-0.004858534900459824,-0.006124656337114647
-0.6096096096096096,4.644244586834981,0.16156000564049366,-0.002189079613224912,-0.0036090164400376986,-0.005038917051822365,-0.0063500461348228125
-0.6076076076076076,4.636285949933274,0.16523708340695845,-0.0022697132184969966,-0.0037412950684651454,-0.005223213589564201,-0.006580203380716516
-0.6056056056056056,4.628295592636493,0.1689316996262431,-0.002352100691134981,-0.0038764105630147323,-0.005411435684938402,-0.00681513532072793
-0.6036036036036037,4.620274957457474,0.17264322788899328,-0.0024362486378873374,-0.004014371576867387,-0.005603593783176182,-0.007054848185659887
-0.6016016016016016,4.6122254339722035,0.17637106450169382,-0.002522163397455003,-0.004155186287206794,-0.00579969763254667,-0.007299347229162546
-0.5995995995995996,4.604148360496717,0.18011462777803483,-0.0026098510523443605,-0.004298862415135088,-0.005999756312447358,-0.007548636764445399
-0.5975975975975976,4.596045025756219,0.18387335733243912,-0.0026993174403095884,-0.004445407244899026,-0.006203778260533547,-0.007802720199735276
-0.5955955955955956,4.587916670539957,0.1876467133786006,-0.0027905681653895833,-0.00459482764243529,-0.006411771298898254,-0.008061600072495087
-0.5935935935935936,4.579764489336356,0.1914341760354893,-0.0028836086085457756,-0.0047471300732453686,-0.006623742659316803,-0.008325278082421667
-0.5915915915915916,4.571589631943696,0.19523524464291903,-0.0029784439379081217,-0.004902320619612114,-0.006839699007572419,-0.00859375512324378
-0.5895895895895895,4.563393205052372,0.19904943708844813,-0.0030750791186373292,-0.005060404997171361,-0.007059646466881164,-0.00886703131334397
-0.5875875875875876,4.555176273795459,0.20287628914709685,-0.003173518922411982,-0.005221388570853088,-0.007283590640436034,-0.009145106025229879
-0.5855855855855856,4.546939863264874,0.20671535383510106,-0.0032737679365498064,-0.005385276370207424,-0.007511536633091195,-0.009427977913882215
-0.5835835835835836,4.53868495999098,0.21056620077869379,-0.0033758305727726464,-0.005552073104131531,-0.007743489072208463,-0.009715644944007897
-0.5815815815815816,4.530412513383916,0.2144284155987004,-0.003479711075625067,-0.005721783175013846,-0.00797945212768868,-0.010008104416227771
-0.5795795795795795,4.522123437135399,0.21830159931154638,-0.0035854135305566854,-0.005894410692312544,-0.008219429531211313,-0.010305352992229127
-0.5775775775775776,4.513818610580056,0.22218536774712264,-0.0036929418716784633,-0.006069959485585323,-0.008463424594705839,-0.010607386718913443
-0.5755755755755756,4.505498880015718,0.22607935098380652,-0.0038022998892032643,-0.006248433116987671,-0.008711440228078684,-0.010914201051570331
-0.5735735735735736,4.497165059982336,0.22998319280081642,-0.003913491236580986,-0.006429834893256863,-0.008963478956219555,-0.01122579087610845
-0.5715715715715716,4.488817934499465,0.23389655014797067,-0.004026519437338559,-0.006614167877198859,-0.009219542935310965,-0.011542150530374275
-0.5695695695695695,4.480458258262454,0.23781909263282447,-0.004141387891634904,-0.006801434898694986,-0.009479633968464326,-0.01186327382458919
-0.5675675675675675,4.4720867577976495,0.24175050202508494,-0.0042580998825410285,-0.006991638565245373,-0.009743753520706165,-0.012189154060935226
-0.5655655655655656,4.463704132577096,0.24569047177812967,-0.004376658582055035,-0.007184781272065537,-0.01001190273333719,-0.012519784052319217
-0.5635635635635636,4.455311056093329,0.24963870656739856,-0.004497067056861842,-0.007380865211752463,-0.010284082437686855,-0.012855156140344607
-0.5615615615615616,4.4469081768949765,0.2535949218453845,-0.004619328273847103,-0.00757989238353602,-0.010560293168285566,-0.013195262212519659
-0.5595595595595595,4.438496119583955,0.2575588434128978,-0.004743445105374609,-0.00778186460213134,-0.010840535175475988,-0.013540093718730163
-0.5575575575575575,4.4300754857751485,0.26153020700625673,-0.004869420334336263,-0.007986783506207226,-0.011124808437484682,-0.01388964168700392
-0.5555555555555556,4.421646855019497,0.2655087579000215,-0.004997256658983434,-0.00819465056648546,-0.011413112671974472,-0.014243896738593814
-0.5535535535535536,4.413210785691462,0.2694942505248729,-0.005126956697548239,-0.008405467093485218,-0.011705447347097555,-0.014602849102405299
-0.5515515515515516,4.404767815841882,0.2734864481002213,-0.005258522992663124,-0.00861923424492666,-0.012001811692068678,-0.014966488628793585
-0.5495495495495495,4.396318464017257,0.2774851222811123,-0.00539195801558672,-0.00883595303280706,-0.012302204707277171,-0.015334804802754837
-0.5475475475475475,4.387863230046506,0.281490052818998,-0.005527264170243815,-0.009055624330162536,-0.012606625173955941,-0.0157077867565351
-0.5455455455455456,4.379402595796251,0.28550102723593257,-0.005664443797086959,-0.009278248877528057,-0.012915071663425058,-0.016085423281679785
-0.5435435435435436,4.3709370258956906,0.28951784051174695,-0.0058034991767869845,-0.00950382728910784,-0.013227542545926852,-0.01646770284054583
-0.5415415415415415,4.3624669684321065,0.2935402947837638,-0.005944432533759398,-0.009732360058667906,-0.01354403599906888,-0.016854613577297846
-0.5395395395395395,4.3539928556180625,0.2975681990586139,-0.006087246039533474,-0.009963847565162129,-0.013864550015890549,-0.01724614332840881
-0.5375375375375375,4.345515104431315,0.30160136893571765,-0.006231941815970491,-0.01019829007810261,-0.01418908241256859,-0.0176422796326851
-0.5355355355355356,4.3370341172284474,0.3056396263420059,-0.0063785219383374215,-0.010435687762685024,-0.014517630835776046,-0.01804300974083505
-0.5335335335335336,4.328550282333236,0.30968279927745956,-0.0065269884382420556,-0.010676040684678851,-0.014850192769708793,-0.018448320624599324
-0.5315315315315315,4.320063974600712,0.31373072157105475,-0.006677343306435359,-0.01091934881509236,-0.015186765542793162,-0.01885819898546078
-0.5295295295295295,4.311575555957881,0.31778323264671055,-0.006829588495486627,-0.011165612034621488,-0.015527346334087666,-0.019272631262950736
-0.5275275275275275,4.303085375922005,0.32184017729884723,-0.0069837259223367466,-0.011414830137891758,-0.015871932179391285,-0.01969160364256823
-0.5255255255255256,4.29459377209738,0.32590140547717295,-0.007139757470734724,-0.011667002837501701,-0.01622051997707037,-0.020115102063327575
-0.5235235235235236,4.28610107065145,0.3299667720803261,-0.007297684993562348,-0.011922129767876025,-0.016573106493615576,-0.020543112224949485
-0.5215215215215215,4.277607586771142,0.334036136758012,-0.0074575103150517,-0.012180210488936498,-0.01692968836893992,-0.020975619594710202
-0.5195195195195195,4.26911362510019,0.3381093637212901,-0.007619235232900071,-0.012441244489598125,-0.017290262121428576,-0.02141260941396241
-0.5175175175175175,4.26061948015831,0.34218632156066336,-0.007782861520286527,-0.012705231191097746,-0.01765482415275045,-0.021854066704341184
-0.5155155155155156,4.252125436742922,0.34626688307165604,-0.00794839092779436,-0.012972169950162232,-0.0180233707524413,-0.022299976273667917
-0.5135135135135136,4.243631770314205,0.35035092508755566,-0.008115825185243312,-0.013242060062022746,-0.018395898102267834,-0.02275032272156412
-0.5115115115115115,4.235138747364173,0.35443832831901795,-0.008285166003435401,-0.013514900763281613,-0.018772402280381444,-0.02320509044478707
-0.5095095095095095,4.226646625770471,0.3585289772002437,-0.008456415075818029,-0.013790691234637774,-0.01915287926527044,-0.023664263642298438
-0.5075075075075075,4.218155655135528,0.3626227597414428,-0.00862957408006775,-0.014069430603476806,-0.01953732493951866,-0.02412782632007654
-0.5055055055055055,4.209666077111732,0.36671956738731754,-0.00880464467959813,-0.014351117946330986,-0.01992573509337848,-0.0245957622956826
-0.5035035035035035,4.2011781257132,0.3708192948813036,-0.00898162852499486,-0.014635752291214903,-0.020318105428165742,-0.025068055202590957
-0.5015015015015015,4.192692027614759,0.37492184013531415,-0.009160527255381143,-0.014923332619841629,-0.020714431559483576,-0.0255446884942924
-0.49949949949949946,4.184208002438667,0.37902710410475415,-0.009341342499716252,-0.015213857869724422,-0.021114709020282153,-0.026025645448179927
-0.4974974974974975,4.175726263029646,0.3831349906685699,-0.009524075878030187,-0.015507326936168684,-0.021518933263761007,-0.026510909169225574
-0.49549549549549554,4.167247015718707,0.38724540651410916,-0.009708729002596915,-0.01580373867415856,-0.021927099666119897,-0.027000462593456277
-0.4934934934934935,4.158770460576289,0.39135826102658877,-0.009895303479048911,-0.01610309190014269,-0.022339203529164648,-0.02749428849123721
-0.4914914914914915,4.150296791655171,0.395473466182955,-0.010083800907435315,-0.016405385393722976,-0.02275524008277335,-0.027992369470369715
-0.48948948948948945,4.141826197223609,0.39959093644995136,-0.010274222883226174,-0.016710617899250567,-0.02317520448722869,-0.028494687979011522
-0.4874874874874875,4.1333588599891415,0.40371058868620024,-0.010466570998264842,-0.017018788127332558,-0.0235990918354215,-0.02900122630842575
-0.48548548548548554,4.124894957313466,0.40783234204812374,-0.010660846841670887,-0.017329894756253322,-0.02402689715493071,-0.02951196659556587
-0.48348348348348347,4.116434661418798,0.4119561178995287,-0.01085705200069536,-0.017643936433313672,-0.0244586154099845,-0.03002689082550272
-0.4814814814814815,4.1079781395860815,0.41608183972469354,-0.011055188061530495,-0.01796091177609124,-0.02489424150330714,-0.030545980833699637
-0.47947947947947944,4.09952555434542,0.42020943304479974,-0.011255256610075681,-0.018280819373625305,-0.02533377027785609,-0.031069218308141727
-0.4774774774774775,4.0910770636590765,0.4243388253375582,-0.011457259232661549,-0.018603657787529083,-0.025777196518453525,-0.03159658479132489
-0.47547547547547553,4.082632821097371,0.42846994595988136,-0.011661197516733788,-0.018929425553032217,-0.026224514953316354,-0.032128061682109806
-0.47347347347347346,4.074192976007802,0.4326027260734709,-0.011867073051498447,-0.019258121179956515,-0.026675720255488505,-0.03266363023744614
-0.4714714714714715,4.06575767367769,0.4367370985731826,-0.012074887428530284,-0.019589743153627402,-0.02713080704417946,-0.03320327157397193
-0.46946946946946944,4.05732705549064,0.44087299801804397,-0.012284642242345552,-0.019924289935723608,-0.027589769886012083,-0.03374696666949281
-0.4674674674674675,4.048901259077091,0.445010360564805,-0.012496339090940882,-0.020261759965067818,-0.02805260329618385,-0.034294696364345546
-0.4654654654654655,4.040480418459235,0.449149123903902,-0.012709979576299425,-0.02060215165836023,-0.028519301739543933,-0.03484644136265047
-0.46346346346346345,4.032064664190549,0.4532892271977292,-0.012925565304865735,-0.02094546341085753,-0.02898985963158997,-0.035402182233456495
-0.4614614614614615,4.0236541234901875,0.45743061102110577,-0.013143097887990677,-0.02129169359699946,-0.029464271339387078,-0.035961899411783384
-0.45945945945945943,4.015248920372477,0.46157321730383954,-0.0133625789423474,-0.021640840570984785,-0.029942531182412038,-0.03652557319956437
-0.4574574574574575,4.006849175771715,0.46571698927529115,-0.013584010090319832,-0.02199290266729894,-0.03042463343332559,-0.03709318376649321
-0.4554554554554555,3.9984550076625145,0.469861871410842,-0.013807392960364548,-0.022347878201195107,-0.03091057231867515,-0.03766471115077921
-0.45345345345345345,3.990066531175877,0.4740078093801748,-0.014032729187347302,-0.022705765469130536,-0.03140034201953081,-0.03824013525981338
-0.4514514514514515,3.981683858711207,0.47815474999728824,-0.014260020412855193,-0.02306656274916,-0.03189393667205685,-0.038819435870749125
-0.4494494494494494,3.973307100044438,0.4823026411721532,-0.014489268285485413,-0.023430268301287843,-0.03239135036802099,-0.03940259263100046
-0.44744744744744747,3.9649363624324714,0.4864514318639399,-0.014720474461111624,-0.023796880367780552,-0.0328925771552439,-0.03998958505866083
-0.4454454454454454,3.9565717507140805,0.49060107203573455,-0.01495364060312893,-0.024166397173441156,-0.03339761103799085,-0.04058039254284541
-0.44344344344344344,3.948213367407459,0.49475151261067307,-0.015188768382678162,-0.024538816925847116,-0.03390644597730766,-0.04117499434395941
-0.4414414414414415,3.93986131280457,0.49890270542942494,-0.015425859478850572,-0.024914137815553017,-0.03441907589130295,-0.04177336959389541
-0.4394394394394394,3.931515685062437,0.5030546032089565,-0.015664915578873593,-0.025292358016259748,-0.0349354946553786,-0.042375497296162
-0.43743743743743746,3.923176580291545,0.5072071595025088,-0.01590593837827865,-0.025673475684951125,-0.03545569610241009,-0.04298135632594623
-0.4354354354354354,3.9148440926414647,0.5113603286607303,-0.016148929581051654,-0.02605748896199976,-0.03597967402287886,-0.04359092543011226
-0.43343343343343343,3.906518314383863,0.5155140657938989,-0.016393890899766953,-0.02644439597124287,-0.036507422164957795,-0.04420418322713837
-0.4314314314314315,3.8981993359930027,0.5196683267351829,-0.016640824055705637,-0.026834194820029824,-0.03703893423455219,-0.044821108206994864
-0.4294294294294294,3.889887246223879,0.5238230680048759,-0.016889730778958712,-0.02722688359924222,-0.03757420389529714,-0.04544167873096428
-0.42742742742742745,3.8815821321880954,0.5279782467755609,-0.017140612808516066,-0.027622460383287868,-0.038113224768513365,-0.04606587303140675
-0.4254254254254254,3.873284079427606,0.5321338208381435,-0.017393471892341687,-0.028020923230069807,-0.03865599043312269,-0.04669366921147204
-0.42342342342342343,3.864993171986431,0.5362897485687065,-0.017648309787435923,-0.02842227018093123,-0.03920249442552451,-0.047325045244759875
-0.42142142142142147,3.8567094924804524,0.5404459888961398,-0.017905128259885498,-0.028826499260577756,-0.03975273023943513,-0.04795997897493106
-0.4194194194194194,3.8484331221653925,0.5446025012704945,-0.01816392908490181,-0.0292336084769778,-0.0403066913256907,-0.04859844811527072
-0.41741741741741745,3.8401641410030836,0.5487592456320161,-0.01842471404684824,-0.029643595821242288,-0.0408643710920157,-0.04924043024820534
-0.4154154154154154,3.8319026277261137,0.5529161823808117,-0.01868748493925698,-0.030056459267484462,-0.04142576290275738,-0.049885902824775424
-0.4134134134134134,3.82364865990095,0.5570732723471116,-0.01895224356483617,-0.030472196772661192,-0.0419908600785886,-0.05053484316406541
-0.41141141141141147,3.815402313989631,0.5612304767620758,-0.019218991735467796,-0.030890806276396274,-0.042559655896179105,-0.05118722845259207
-0.4094094094094094,3.8071636654101093,0.5653877572291118,-0.019487731272197148,-0.031312285700787215,-0.04313214358783732,-0.05184303574365359
-0.40740740740740744,3.7989327885953417,0.5695450756956574,-0.01975846400521407,-0.03173663295019589,-0.043708316341123106,-0.052502241956639696
-0.4054054054054054,3.7907097570511934,0.5737023944253932,-0.020031191773827176,-0.03216384591102465,-0.04428816729843349,-0.05316482387630543
-0.4034034034034034,3.782494643413257,0.5778596759708439,-0.020305916426431144,-0.0325939224514783,-0.0448716895565614,-0.05383075815200927
-0.40140140140140146,3.7742875195026473,0.582016883146332,-0.020582639820467874,-0.03302686042131323,-0.04545887616622972,-0.05450002129691699
-0.3993993993993994,3.766088456380861,0.5861739790012446,-0.02086136382238223,-0.03346265765157445,-0.04604972013160071,-0.05517258968717287
-0.39739739739739743,3.7578975244037722,0.5903309267935813,-0.021142090307572834,-0.0339013119543217,-0.046644214409762685,-0.05584843956103935
-0.39539539539539537,3.749714793274838,0.5944876899637402,-0.021424821160338538,-0.034342821122345296,-0.047242351910194526,-0.056527547018006295
-0.3933933933933934,3.741540332097582,0.5986442321085134,-0.021709558273821376,-0.03478718292887305,-0.04784412549420941,-0.057209888017871455
-0.39139139139139134,3.7333742094274394,0.6028005169552522,-0.02199630354994642,-0.03523439512726874,-0.04844952797437847,-0.05789543837979296
-0.3893893893893894,3.7252164933230163,0.6069565083361688,-0.02228505889935941,-0.03568445545072382,-0.04905855211393619,-0.0585841737813153
-0.3873873873873874,3.7170672513968475,0.6111121701627412,-0.022575826241362666,-0.036137361611942566,-0.04967119062616781,-0.05927606975736995
-0.38538538538538536,3.7089265508657103,0.6152674664001823,-0.02286860750385005,-0.036593111302822355,-0.050287436173780196,-0.05997110169925153
-0.3833833833833834,3.7007944586005665,0.6194223610419441,-0.023163404623241707,-0.03705170219412972,-0.050907281368257465,-0.06066924485357116
-0.38138138138138133,3.6926710411761987,0.6235768180842206,-0.023460219544419316,-0.03751313193517354,-0.05153071876920227,-0.061370474321187723
-0.3793793793793794,3.684556364920606,0.6277308015004129,-0.023759054220662525,-0.03797739815347604,-0.05215774088366377,-0.06207476505611834
-0.3773773773773774,3.6764504959642235,0.6318842752155244,-0.024059910613587455,-0.03844449845444335,-0.052788340165453716,-0.0627820918644291
-0.37537537537537535,3.6683535002890326,0.636037203080455,-0.02436279069308807,-0.03891443042103617,-0.053422509014451815,-0.06349242940310745
-0.3733733733733734,3.660265443777631,0.640189548846149,-0.024667696437281117,-0.03938719161344202,-0.05406023977590111,-0.06420575217891682
-0.37137137137137133,3.6521863922623177,0.6443412761375745,-0.02497462983245585,-0.03986277956875059,-0.05470152473969552,-0.06492203454723541
-0.36936936936936937,3.6441164115742706,0.6484923484274882,-0.025283592873028962,-0.04034119180063286,-0.05534635613966,-0.06564125071087945
-0.3673673673673674,3.636055567592871,0.652642729009955,-0.0255945875615061,-0.04082242579902578,-0.055994726152824637,-0.06636337471891245
-0.36536536536536535,3.628003926295252,0.6567923809735883,-0.025907615908450855,-0.041306479029823935,-0.05664662689869508,-0.06708838046544184
-0.3633633633633634,3.619961553806126,0.6609412671744657,-0.026222679932462002,-0.04179334893457921,-0.05730205043851919,-0.06781624168840358
-0.3613613613613613,3.6119285164479673,0.6650893502086921,-0.0265397816601606,-0.042283032930210615,-0.05796098877455261,-0.06854693196833649
-0.35935935935935936,3.6039048807916148,0.6692365923845655,-0.026858923126187477,-0.0427755284087251,-0.05862343384932398,-0.06928042472714685
-0.3573573573573574,3.5958907137073624,0.6733829556943081,-0.027180106373212883,-0.0432708327369517,-0.059289377544902024,-0.07001669322686523
-0.35535535535535534,3.5878860824166052,0.6775284017853233,-0.027503333451959194,-0.04376894325629035,-0.059958811682165485,-0.07075571056839623
-0.3533533533533534,3.5798910545441216,0.6816728919309398,-0.027828606421238102,-0.04426985728247708,-0.06063172802007802,-0.07149744969026235
-0.3513513513513513,3.5719056981710486,0.6858163870005957,-0.028155927348003814,-0.044773572105368115,-0.06130811825496985,-0.07224188336734366
-0.34934934934934936,3.563930081888639,0.6899588474294226,-0.028485298307423464,-0.04528008498874398,-0.06198797401982786,-0.07298898420961435
-0.3473473473473474,3.5559642748528644,0.6941002331871887,-0.028816721382966655,-0.04578939317013652,-0.06267128688359616,-0.07373872466087748
-0.34534534534534533,3.5480083468399477,0.698240503746549,-0.02915019866651547,-0.04630149386068058,-0.06335804835048929,-0.07449107699749936
-0.3433433433433434,3.5400623683028987,0.7023796180505614,-0.02948573225849672,-0.04681638424499273,-0.06404824985931991,-0.07524601332714498
-0.3413413413413413,3.5321264104291408,0.7065175344794148,-0.02982332426803852,-0.0473340614810797,-0.06474188278284368,-0.07600350558751576
-0.33933933933933935,3.5242005451993017,0.7106542108163276,-0.03016297681315276,-0.04785452270027884,-0.06543893842712341,-0.07676352554509158
-0.3373373373373374,3.516284845447262,0.7147896042125547,-0.030504692020945794,-0.048377765007233516,-0.0661394080309148,-0.07752604479387826
-0.3353353353353353,3.508379384921546,0.7189236711514618,-0.030848472027859383,-0.048903785479906314,-0.06684328276507716,-0.07829103475416212
-0.33333333333333337,3.50048423834814,0.7230563674115996,-0.031194318979944183,-0.04943258116963291,-0.06755055373201095,-0.07905846667127367
-0.3313313313313313,3.4925994814948447,0.7271876480287295,-0.03154223503316824,-0.04996414910121992,-0.06826121196512573,-0.07982831161436126
-0.32932932932932935,3.48472519123724,0.7313174672567411,-0.031892222353763044,-0.0504984862730904,-0.0689752484283414,-0.08060054047517805
-0.3273273273273274,3.4768614456263784,0.7354457785273926,-0.03224428311860979,-0.05103558965747997,-0.06969265401562595,-0.08137512396688232
-0.3253253253253253,3.4690083239582936,0.7395725344088233,-0.032598419515668824,-0.05157545620068793,-0.07041341955057333,-0.08215203262285463
-0.32332332332332336,3.4611659068454466,0.7436976865627585,-0.0329546337444552,-0.05211808282338697,-0.07113753578602469,-0.08293123679553271
-0.3213213213213213,3.4533342762902044,0.7478211857003499,-0.03331292801656367,-0.052663466420995945,-0.07186499340373763,-0.08371270665526724
-0.31931931931931934,3.445513515760476,0.7519429815365707,-0.03367330455624639,-0.05321160386412015,-0.07259578301410638,-0.08449641218919944
-0.31731731731731727,3.4377037102676176,0.7560630227431009,-0.03403576560104728,-0.05376249199906382,-0.07332989515593871,-0.08528232320016439
-0.3153153153153153,3.429904946446728,0.7601812568996147,-0.03440031340249626,-0.05431612764841966,-0.07406732029629234,-0.08607040930562083
-0.31331331331331336,3.4221173126394726,0.7642976304434024,-0.03476695022686816,-0.05487250761174126,-0.07480804883037749,-0.08686063993661117
-0.3113113113113113,3.41434089897955,0.7684120886172293,-0.03513567835601005,-0.055431628666303356,-0.07555207108152888,-0.08765298433675354
-0.30930930930930933,3.4065757974809525,0.7725245754153592,-0.035506500088241744,-0.0559934875679563,-0.07629937730125448,-0.08844741156126947
-0.30730730730730726,3.398822102129155,0.7766350335276407,-0.035879417739334375,-0.056558081052081065,-0.07704995766936465,-0.08924389047604896
-0.3053053053053053,3.3910799089753842,0.7807434042815672,-0.03625443364357217,-0.05712540583465118,-0.07780380229418958,-0.09004238975675688
-0.30330330330330335,3.3833493162341175,0.7848496275822133,-0.03663155015490262,-0.05769545861340892,-0.07856090121289015,-0.09084287788798344
-0.3013013013013013,3.3756304243839765,0.7889536418499412,-0.037010769648181154,-0.05826823606916292,-0.07932124439186938,-0.09164532316244209
-0.2992992992992993,3.367923336272172,0.7930553839557761,-0.03739209452051613,-0.05884373486721559,-0.08008482172729176,-0.09244969368021817
-0.29729729729729726,3.3602281572226826,0.7971547891543339,-0.03777552719272083,-0.05942195165892839,-0.08085162304571782,-0.09325595734807202
-0.2952952952952953,3.3525449951483415,0.8012517910141913,-0.03816107011087913,-0.06000288308343368,-0.0816216381048619,-0.09406408187880032
-0.29329329329329334,3.3448739606670164,0.8053463213455723,-0.0385487257480322,-0.06058652576950296,-0.0823948565944815,-0.09487403479065956
-0.2912912912912913,3.3372151672220793,0.8094383101252308,-0.03893849660599394,-0.06117287633758126,-0.08317126813740786,-0.09568578340685573
-0.2892892892892893,3.3295687312073667,0.813527685418395,-0.03933038521730335,-0.0617619314019981,-0.08395086229072593,-0.09649929485510446
-0.28728728728728725,3.321934772096838,0.8176143732976394,-0.0397243941473223,-0.06235368757336612,-0.0847336285471147,-0.09731453606726655
-0.2852852852852853,3.3143134125791525,0.8216982977585411,-0.04012052599648812,-0.06294814146117966,-0.08551955633635859,-0.09813147377906281
-0.28328328328328334,3.3067047786973887,0.8257793806319731,-0.04051878340273008,-0.06354528967662466,-0.08630863502703966,-0.09895007452987373
-0.28128128128128127,3.299108999994143,0.8298575414928862,-0.040919169044061385,-0.06414512883561474,-0.08710085392842452,-0.09977030466262911
-0.2792792792792793,3.2915262096622495,0.83393269756541,-0.04132168564135553,-0.0647476555620654,-0.08789620229255628,-0.10059213032379244
-0.27727727727727725,3.283956544701379,0.8380047636241141,-0.041726335961320415,-0.0653528664914229,-0.08869466931656639,-0.10141551746344647
-0.2752752752752753,3.27640014608077,0.8420736518912574,-0.042133122819681276,-0.06596075827446207,-0.08949624414521885,-0.10224043183548497
-0.27327327327327333,3.2688571589083812,0.8461392719298383,-0.042542049084585386,-0.06657132758137017,-0.09030091587370226,-0.1030668389979167
-0.27127127127127126,3.26132773260673,0.8502015305322681,-0.04295311768024272,-0.06718457110613409,-0.09110867355068511,-0.10389470431328898
-0.2692692692692693,3.253812021095721,0.8542603316044703,-0.043366331590816154,-0.06780048557124893,-0.0919195061816499,-0.10472399294923622
-0.26726726726726724,3.2463101829827683,0.8583155760452041,-0.04378169386457696,-0.06841906773276771,-0.09273340273252373,-0.10555466987916044
-0.2652652652652653,3.238822381760521,0.8623671616204029,-0.044199207618341355,-0.06904031438571241,-0.09355035213362337,-0.10638669988305108
-0.2632632632632632,3.2313487860125134,0.8664149828323191,-0.04461887604220497,-0.06966422236986738,-0.09437034328393314,-0.10722004754845099
-0.26126126126126126,3.2238895696270893,0.8704589307832422,-0.045040702404593645,-0.07029078857597944,-0.09519336505573642,-0.10805467727157705
-0.2592592592592593,3.2164449120199294,0.8744988930335656,-0.045464690057648256,-0.07092000995238602,-0.09601940629962089,-0.10889055325860102
-0.25725725725725723,3.2090149983655483,0.8785347534539653,-0.04589084244296475,-0.07155188351209876,-0.09684845584987967,-0.10972763952710116
-0.2552552552552553,3.2016000198381245,0.8825663920714358,-0.04631916309770927,-0.07218640634036785,-0.09768050253033134,-0.11056589990769064
-0.2532532532532532,3.1942001738620442,0.8865936849089416,-0.04674965566113082,-0.07282357560275507,-0.09851553516058353,-0.11140529804583241
-0.25125125125125125,3.1868156643725407,0.8906165038184125,-0.0471823238814947,-0.07346338855374476,-0.09935354256276403,-0.11224579740384823
-0.2492492492492493,3.1794467020868287,0.8946347163068212,-0.04761717162346071,-0.07410584254592356,-0.10019451356874673,-0.1130873612631309
-0.24724724724724723,3.172093504786143,0.8986481853550677,-0.04805420287593175,-0.07475093503976048,-0.10103843702789983,-0.11392995272656795
-0.24524524524524527,3.1647562976090855,0.9026567692293853,-0.04849342176039989,-0.07539866361402124,-0.10188530181538437,-0.11477353472118629
-0.2432432432432432,3.157435313356715,0.9066603212849854,-0.04893483253981782,-0.07604902597685244,-0.10273509684103391,-0.11561807000102602
-0.24124124124124124,3.1501307928097977,0.910658689761644,-0.049378439628024594,-0.0767020199775711,-0.10358781105884496,-0.116463521150252
-0.2392392392392393,3.142842985058657,0.9146517175709363,-0.049824247599757655,-0.07735764361919929,-0.1044434334771121,-0.11730985058651319
-0.23723723723723722,3.1355721478460543,0.9186392420748101,-0.050272261201281594,-0.07801589507178244,-0.1053019531692395,-0.11815702056455574
-0.23523523523523526,3.128318547923552,0.9226210948552018,-0.05072248536166854,-0.07867677268653386,-0.1061633592852638,-0.11900499318010078
-0.2332332332332332,3.121082461421784,0.9265971014743832,-0.051174925204764174,-0.07934027501084802,-0.10702764106412449,-0.11985373037399293
-0.23123123123123124,3.1138641742350814,0.9305670812257298,-0.05162958606187608,-0.08000640080422709,-0.10789478784671684,-0.12070319393662728
-0.22922922922922928,3.1066639824208835,0.934530846874607,-0.05208647348522155,-0.08067514905516761,-0.10876478908976604,-0.12155334551266225
-0.2272272272272272,3.0994821926143636,0.938488204389071,-0.05254559326217393,-0.08134651899905358,-0.10963763438055946,-0.12240414660602236
-0.22522522522522526,3.092319122458679,0.9424389526600808,-0.053006951430347976,-0.08202051013710689,-0.11051331345257658,-0.12325555858519927
-0.2232232232232232,3.085175101051249,0.9463828832109332,-0.05347055429356458,-0.08269712225644259,-0.11139181620205504,-0.1241075426888504
-0.22122122122122123,3.0780504694064446,0.95031977989564,-0.05393640843873864,-0.08337635545128322,-0.11227313270553306,-0.1249600600317019
-0.21921921921921927,3.0709455809350454,0.9542494185859697,-0.054404520753732345,-0.08405821014538174,-0.11315725323840656,-0.12581307161075364
-0.2172172172172172,3.063860801940789,0.9581715668469145,-0.05487489844621887,-0.08474268711570845,-0.11404416829454174,-0.12666653831178687
-0.21521521521521525,3.056796512134312,0.9620859836003334,-0.05534754906360084,-0.08542978751745213,-0.11493386860697911,-0.12752042091616964
-0.21321321321321318,3.0497531051647244,0.9659924187765794,-0.055822480514029583,-0.08611951291039217,-0.11582634516976982,-0.12837468010795558
-0.21121121121121122,3.042730989169023,0.9698906129539215,-0.056299701088570346,-0.08681186528669278,-0.11672158926097732,-0.1292292764812657
-0.20920920920920927,3.035730587339479,0.9737802969856213,-0.05677921948455909,-0.08750684710017172,-0.1176195924668809,-0.13008417054794155
-0.2072072072072072,3.028752338509074,0.9776611916145604,-0.057261044830195805,-0.08820446129709572,-0.11852034670741081,-0.13093932274545175
-0.20520520520520524,3.0217966977549744,0.9815330070753717,-0.057745186710418374,-0.08890471134855156,-0.11942384426284422,-0.13179469344503267
-0.20320320320320318,3.0148641370199405,0.9853954426840597,-0.05823165519410008,-0.08960760128443895,-0.12033007780178656,-0.1326502429600352
-0.20120120120120122,3.007955145751468,0.9892481864151956,-0.05872046086261099,-0.09031313572913058,-0.12123904041045634,-0.1335059315544467
-0.19919919919919926,3.001070231558341,0.9930909144668073,-0.05921161483978189,-0.09102131993883654,-0.12215072562328831,-0.1343617194515483
-0.1971971971971972,2.9942099208841246,0.996923290813195,-0.05970512882330544,-0.09173215984070913,-0.12306512745486053,-0.13521756684266192
-0.19519519519519524,2.987374759697003,1.0007449667459893,-0.06020101511760474,-0.09244566207371442,-0.12398224043314265,-0.13607343389593135
-0.19319319319319317,2.980565314195159,1.0045555804038708,-0.06069928666819567,-0.09316183403129136,-0.12490205963405591,-0.13692928076507374
-0.1911911911911912,2.973782171526738,1.0083547562914958,-0.0611999570975611,-0.09388068390580896,-0.12582458071731858,-0.1377850675980266
-0.18918918918918914,2.9670259405231905,1.0121421047883088,-0.06170304074254986,-0.094602220734821,-0.1267497999635434,-0.13864075454540334
-0.1871871871871872,2.9602972524445716,1.0159172216480687,-0.062208552693302104,-0.09532645444910613,-0.12767771431253405,-0.13949630176865754
-0.18518518518518523,2.9535967617351013,1.0196796874900849,-0.0627165088336944,-0.09605339592246497,-0.12860832140271264,-0.1403516694478425
-0.18318318318318316,2.9469251467869904,1.0234290672833506,-0.0632269258832842,-0.09678305702322924,-0.12954161961158983,-0.14120681778883404
-0.1811811811811812,2.9402831107102245,1.0271649098249562,-0.06373982144071999,-0.09751545066741844,-0.13047760809716696,-0.14206170702987017
-0.17917917917917914,2.9336713821056333,1.0308867472144114,-0.06425521402856725,-0.09825059087345653,-0.13141628684013396,-0.14291629744723872
-0.17717717717717718,2.9270907158381814,1.0345940943257337,-0.06477312313948114,-0.09898849281833569,-0.13235765668670002,-0.14377054935992462
-0.17517517517517522,2.9205418938069956,1.0382864482794492,-0.06529356928363615,-0.09972917289508448,-0.13330171939185917,-0.14462442313300342
-0.17317317317317316,2.914025725708162,1.0419632879169562,-0.06581657403729947,-0.10047264877136615,-0.13424847766286163,-0.14547787917954413
-0.1711711711711712,2.9075430497858474,1.0456240732800104,-0.06634216009240618,-0.10121893944899371,-0.1351979352026173,-0.14633087796075475
-0.16916916916916913,2.9010947335667154,1.0492682450984654,-0.06687035130696577,-0.10196806532410968,-0.13615009675271916,-0.14718337998407452
-0.16716716716716717,2.894681674572047,1.052895224289778,-0.0674011727560943,-0.10272004824773062,-0.13710496813572134,-0.1480353457988861
-0.16516516516516522,2.8883048010013286,1.0565044114741937,-0.06793465078342822,-0.10347491158630523,-0.13806255629625722,-0.14888673598948263
-0.16316316316316315,2.88196507238038,1.0600951865099868,-0.06847081305263567,-0.10423268028188047,-0.13902286934052144,-0.14973751116489128
-0.1611611611611612,2.8756634801663865,1.0636669080535943,-0.0690096885986916,-0.10499338091140496,-0.1399859165735785,-0.15058763194511177
-0.15915915915915912,2.8694010483014285,1.0672189131499887,-0.06955130787853463,-0.10575704174463356,-0.14095170853389064,-0.15143705894328982
-0.15715715715715717,2.863178833705278,1.0707505168591709,-0.07009570282066568,-0.10652369280002115,-0.1419202570243822,-0.15228575274329872
-0.1551551551551552,2.8569979266974035,1.0742610119252198,-0.07064290687318767,-0.10729336589791318,-0.14289157513927842,-0.15313367387215662
-0.15315315315315314,2.8508594513372145,1.077749668494932,-0.07119295504971956,-0.10806609471025411,-0.14386567728586952,-0.15398078276666122
-0.1511511511511512,2.8447645656706846,1.0812157338936856,-0.07174588397254575,-0.10884191480593954,-0.1448425792002603,-0.1548270397335712
-0.14914914914914912,2.838714461870534,1.0846584324667998,-0.07230173191228491,-0.1096208636908397,-0.14582229795606683,-0.155672404902617
-0.14714714714714716,2.832710366256199,1.088076965495289,-0.07286053882328049,-0.110402980841413,-0.14680485196492063,-0.15651683817157003
-0.1451451451451452,2.826753539178869,1.091470511195583,-0.07342234637382787,-0.11118830773071922,-0.14779026096753606,-0.15736029914255284
-0.14314314314314314,2.82084527475589,1.0948382248134014,-0.07398719797026025,-0.11197688784552037,-0.14877854601398294,-0.15820274704872067
-0.14114114114114118,2.8149869004379293,1.0981792388226408,-0.07455513877382113,-0.11276876669303838,-0.14976972943169822,-0.159044140670402
-0.1391391391391391,2.809179776391388,1.1014926632407176,-0.07512621570915023,-0.11356399179581142,-0.15076383477965413,-0.15988443823974138
-0.13713713713713716,2.803425294677711,1.1047775860724147,-0.07570047746310887,-0.11436261267296315,-0.15176088678698768,-0.16072359733285085
-0.1351351351351351,2.7977248782105177,1.108033073894793,-0.07627797447256632,-0.11516468080607171,-0.15276091127428754,-0.16156157474844737
-0.13313313313313313,2.7920799794708224,1.1112581725962019,-0.07685875889966726,-0.11597024958769642,-0.15376393505562444,-0.1623983263719295
-0.13113113113113117,2.7864920789601224,1.1144519082827875,-0.07744288459299725,-0.11677937425050161,-0.15476998581931706,-0.16323380702383886
-0.1291291291291291,2.780962683370815,1.1176132883661736,-0.07803040703296736,-0.11759211177479713,-0.15577909198533443,-0.16406797029165307
-0.12712712712712715,2.775493323453303,1.1207413028461015,-0.07862138325964753,-0.11840852077221367,-0.1567912825371651,-0.1649007683438768
-0.12512512512512508,2.7700855515592755,1.1238349258018216,-0.07921587178119721,-0.11922866134313799,-0.15780658682592583,-0.16573215172543498
-0.12312312312312312,2.7647409388411193,1.1268931171057661,-0.07981393246097339,-0.1200525949054632,-0.15882503434445458,-0.16656206913343383
-0.12112112112112117,2.759461072088161,1.1299148243726365,-0.08041562638134274,-0.12088038399216015,-0.15984665446912757,-0.16739046717243977
-0.1191191191191191,2.7542475501816424,1.1328989851563274,-0.08102101568219484,-0.12171209201515847,-0.1608714761671722,-0.16821729008854247
-0.11711711711711714,2.7491019801519188,1.1358445294061605,-0.08163016337214453,-0.1225477829930414,-0.16189952766731883,-0.1690424794816142
-0.11511511511511507,2.7440259728234513,1.1387503821925975,-0.08224313311043714,-0.12338752124011995,-0.16293083609175416,-0.1698659739953643
-0.11311311311311312,2.7390211380358025,1.1416154667109981,-0.08285998895762703,-0.12423137101455577,-0.16396542704750658,-0.17068770898500485
-0.11111111111111116,2.7340890794320076,1.1444387075699733,-0.08348079509320126,-0.12507939612336966,-0.16500332417562982,-0.17150761616261673
-0.10910910910910909,2.7292313888095174,1.1472190343684843,-0.08410561549846472,-0.1259316594823955,-0.16604454865684362,-0.17232562322060868
-0.10710710710710714,2.724449640033336,1.1499553855630118,-0.08473451360320161,-0.12678822262953834,-0.16708911867266432,-0.17314165343402607
-0.10510510510510507,2.719745382516082,1.1526467126228586,-0.08536755189488421,-0.12764914519006684,-0.16813704882150515,-0.17395562524287003
-0.10310310310310311,2.715120134275486,1.1552919844679463,-0.08600479148951708,-0.12851448429312845,-0.1691883494897591,-0.17476745181604741
-0.10110110110110115,2.710575374586276,1.1578901921792781,-0.0866462916635904,-0.12938429393921794,-0.17024302617849485,-0.17557704059907298
-0.09909909909909909,2.706112536250481,1.1604403539677097,-0.08729210934707286,-0.1302586243189688,-0.1713010787871072,-0.1763842928482034
-0.09709709709709713,2.7017329975178805,1.1629415203816127,-0.08794229857790241,-0.13113752108436635,-0.17236250085605967,-0.17718910315426922
-0.09509509509509506,2.6974380736965475,1.1653927797287162,-0.0885969099190379,-0.13202102457430792,-0.17342727877174233,-0.17799135896010937
-0.0930930930930931,2.6932290085020685,1.1677932636817139,-0.08925598983980987,-0.13290916899735267,-0.17449539093743527,-0.17879094007616597
-0.09109109109109115,2.6891069652030293,1.1701421530313345,-0.08991958006405501,-0.13380198157550593,-0.17556680691540663,-0.1795877181994766
-0.08908908908908908,2.6850730176294886,1.1724386835445846,-0.09058771688833134,-0.13469948165396872,-0.17664148654628098,-0.18038155644198473
-0.08708708708708712,2.68112814112031,1.174682151879782,-0.09126043047437461,-0.13560167978292226,-0.17771937905295448,-0.1811723088747593
-0.08508508508508505,2.677273203494149,1.1768719215041017,-0.09193774412086997,-0.1365085767786184,-0.1788004221375137,-0.18195982009536008
-0.0830830830830831,2.673508956137392,1.1790074285536858,-0.0926196735205505,-0.13742016277226218,-0.1798845410807847,-0.18274392482618132
-0.08108108108108114,2.6698360253101114,1.1810881875711288,-0.09330622600958519,-0.13833641625639542,-0.18097164785528835,-0.18352444755213304
-0.07907907907907907,2.6662549037779404,1.1831137970505516,-0.09399739981715906,-0.13925730313968301,-0.18206164026346605,-0.18430120220645035
-0.07707707707707712,2.662765942883306,1.1850839447166401,-0.09469318332405,-0.14018277582213037,-0.1831544011140295,-0.18507399191373605
-0.07507507507507505,2.659369345173486,1.1869984124612025,-0.09539355433984863,-0.14111277230379127,-0.18424979745014974,-0.18584260879951045
-0.07307307307307309,2.656065157705133,1.1888570808591437,-0.09609847940921139,-0.142047215340911,-0.1853476798438805,-0.1866068338755441
-0.07107107107107113,2.6528532661449957,1.1906599331854604,-0.09680791315815956,-0.14298601166415714,-0.1864478817716825,-0.18736643701005903
-0.06906906906906907,2.649733389784344,1.1924070588560454,-0.09752179769189982,-0.14392905127407205,-0.18755021908612343,-0.18812117699148212
-0.06706706706706711,2.6467050775798304,1.194098656217966,-0.09824006205591496,-0.14487620682909813,-0.18865448959875317,-0.18887080169380485
-0.06506506506506504,2.643767705326122,1.1957350346194349,-0.09896262177213028,-0.1458273331414442,-0.18976047278874086,-0.18961504835073517
-0.06306306306306309,2.6409204740554637,1.197316615696064,-0.09968937846176917,-0.14678226679564205,-0.19086792965110652,-0.19035364394471152
-0.06106106106106102,2.6381624097464815,1.1988439338181607,-0.10042021956605474,-0.14774082590386325,-0.19197660269724545,-0.19108630571549842
-0.05905905905905906,2.635492364408998,1.2003176356536882,-0.10115501817517002,-0.14870281001091187,-0.19308621611892937,-0.19181274179148894
-0.0570570570570571,2.632909018593675,1.2017384788130394,-0.10189363297485968,-0.14966800016026577,-0.19419647612508448,-0.19253265194504618
-0.055055055055055035,2.6304108853551518,1.2031073295547199,-0.10263590831872835,-0.15063615913062603,-0.19530707145838827,-0.19324572847122676
-0.05305305305305308,2.6279963156753663,1.204425159545182,-0.10338167443268495,-0.15160703185014987,-0.1964176740961428,-0.19395165718709878
-0.05105105105105101,2.625663505330461,1.2056930416811507,-0.10413074775611758,-0.15258034599294165,-0.19752794013700606,-0.1946501185466337
-0.049049049049049054,2.6234105031604993,1.206912144998404,-0.1048829314222867,-0.15355581275948854,-0.19863751087205472,-0.19534078886386805
-0.0470470470470471,2.621235220676873,1.2080837287068287,-0.10563801587813824,-0.15453312783961634,-0.1997460140353724,-0.1960233416347593
-0.04504504504504503,2.619135442918278,1.2092091354071586,-0.10639577964131912,-0.15551197255328442,-0.20085306522599602,-0.1966974489459561
-0.04304304304304307,2.617108840443226,1.2102897835597966,-0.10715599018967543,-0.15649201516121,-0.20195826948969853,-0.19736278295664794
-0.041041041041041004,2.6151529823258497,1.2113271592899764,-0.10791840497600248,-0.1574729123340025,-0.20306122304581983,-0.19801901743779454
-0.03903903903903905,2.6132653500028598,1.2123228076259678,-0.10868277255835723,-0.15845431076529637,-0.2041615151412854,-0.1986658293514399
-0.03703703703703709,2.611443351803529,1.2132783232775535,-0.10944883383391764,-0.1594358489113824,-0.20525873001117065,-0.19930290045154161
-0.03503503503503502,2.609684337981961,1.2141953410704251,-0.11021632336224002,-0.160417158837152,-0.20635244892275148,-0.1999299188868339
-0.033033033033033066,2.6079856160620736,1.2150755261581039,-0.11098497076190132,-0.16139786814586352,-0.2074422522780246,-0.2005465807857348
-0.031031031031030998,2.6063444663009245,1.2159205641363398,-0.11175450216296687,-0.16237760196839832,-0.20852772174824005,-0.20115259180323128
-0.02902902902902904,2.604758157075407,1.2167321511856237,-0.11252464169655206,-0.16335598498634324,-0.20960844241311288,-0.2017476686100316
-0.027027027027027084,2.6032239600009075,1.2175119843653823,-0.11329511300198603,-0.1643326434624774,-0.2106840048771115,-0.20233154030506997
-0.025025025025025016,2.601739164598197,1.2182617521787458,-0.11406564073175457,-0.16530720725206516,-0.21175400733555905,-0.202903949733658
-0.02302302302302306,2.6003010923362324,1.218983125519638,-0.11483595203451734,-0.1662793117687767,-0.21281805756422972,-0.20346465469517003
-0.02102102102102099,2.598907109893469,1.2196777491045498,-0.11560577799705016,-0.1672485998800602,-0.2138757748076415,-0.2040134290260902
-0.019019019019019034,2.5975546414980775,1.2203472334800693,-0.11637485502693806,-0.1682147237083413,-0.21492679154330094,-0.20455006354646652
-0.017017017017017078,2.596241180227685,1.22099314768437,-0.11714292615920467,-0.16917734631646555,-0.21597075510166353,-0.20507436686025732
-0.01501501501501501,2.5949642981712606,1.2216170126268384,-0.11790974227177044,-0.17013614325828672,-0.21700732912448334,-0.20558616600265942
-0.013013013013013053,2.593721655378872,1.222220295235227,-0.11867506319661603,-0.17109080397812598,-0.21803619484741987,-0.20608530693017307
-0.011011011011010985,2.592511007548631,1.2228044034046097,-0.11943865871574329,-0.1720410330459279,-0.21905705219618093,-0.20657165485184914
-0.009009009009009028,2.5913302124236024,1.223370681767369,-0.12020030943339,-0.17298655121820422,-0.2200696206889837,-0.20704509440277963
-0.00700700700700696,2.5901772348941123,1.2239204082888526,-0.12095980751840957,-0.1739270963182052,-0.22107364014164443,-0.20750552966338925
-0.005005005005005003,2.5890501508223105,1.2244547916795592,-0.12171695731319418,-0.1748624239320873,-0.2220688711750333,-0.20795288403039025
-0.0030030030030030463,2.5879471496254993,1.224974969602016,-0.12247157580794071,-0.17579230792108022,-0.22305509552790317,-0.20838709994733728
-0.0010010010010009784,2.586866535672286,1.2254820076391484,-0.12322349298136917,-0.1767165407527085,-0.2240321161811216,-0.20880813850452012
0.0010010010010010895,2.5858067285607875,1.2259768989811168,-0.12397255201114989,-0.17763493365692765,-0.2249997573020533,-0.20921597891942859
0.0030030030030030463,2.5847662623606853,1.2264605647793922,-0.12471860935923959,-0.17854731661554113,-0.22595786402020482,-0.20961061791020735
0.005005005005005003,2.5837437839108643,1.2269338551103486,-0.1254615347390237,-0.17945353819542736,-0.22690630204722068,-0.20999206897537528
0.00700700700700696,2.582738050271587,1.2273975504858508,-0.1262012109725973,-0.18035346523788678,-0.22784495715588238,-0.2103603615936107
0.009009009009008917,2.5817479254348124,1.227852363845221,-0.12693753374767308,-0.18124698241783266,-0.22877373453392666,-0.2107155403576475
0.011011011011011096,2.580772376398434,1.228298942961394,-0.1276704112844725,-0.18213399168755512,-0.22969255802923902,-0.21105766405624946
0.013013013013013053,2.5798104687101184,1.2287378731940188,-0.12839976392354335,-0.1830144116204257,-0.23060136930334343,-0.21138680471791949
0.01501501501501501,2.578861361584319,1.2291696805234487,-0.12912552364576924,-0.18388817667018348,-0.2315001269101041,-0.21170304662944564
0.017017017017016967,2.577924302692118,1.2295948348019627,-0.1298476335359005,-0.18475523636139152,-0.23238880531622616,-0.2120064853416397
0.019019019019018923,2.5769986227182264,1.2300137531618385,-0.13056604720077855,-0.18561555442629207,-0.23326739387952766,-0.2122972266737171
0.021021021021021102,2.5760837297728885,1.2304268035240127,-0.13128072815306518,-0.18646910790268476,-0.23413589580009547,-0.2125753857267465
0.02302302302302306,2.575179103738996,1.2308343081557265,-0.13199164917075498,-0.18731588620661632,-0.2349943270583811,-0.2128410859154757
0.025025025025025016,2.574284290626659,1.2312365472306432,-0.1326987916420804,-0.18815589019267037,-0.23584271535308335,-0.21309445802668
0.027027027027026973,2.5733988969990103,1.231633762350268,-0.1334021449046369,-0.1889891312135099,-0.23668109905034992,-0.2133356393109939
0.02902902902902893,2.57252258452447,1.232026159990923,-0.13410170558669568,-0.18981563018909556,-0.2375095261544462,-0.2135647726140017
0.03103103103103111,2.571655064702188,1.2324139148459472,-0.13479747695776262,-0.19063541669472206,-0.23832805330862744,-0.21378200555122182
0.033033033033033066,2.5707960937991094,1.2327971730380454,-0.13548946829450353,-0.19144852807571483,-0.23913674483354458,-0.21398748973051893
0.03503503503503502,2.5699454680292564,1.2331760551817224,-0.1361776942672192,-0.1922550085953317,-0.23993567180914052,-0.21418138002444972
0.03703703703703698,2.5691030189984385,1.2335506592804677,-0.136862174351131,-0.19305490862116048,-0.24072491120468062,-0.2143638338941047
0.039039039039038936,2.568268609430835,1.23392106344768,-0.13754293226585182,-0.1938482838541034,-0.24150454506032282,-0.21453501076514658
0.041041041041041115,2.567442129187759,1.23428732844427,-0.13821999544557378,-0.19463519460290452,-0.242274659722488,-0.21469507145598674
0.04304304304304307,2.5666234915834556,1.234649500029388,-0.13889339454172303,-0.1954157051061405,-0.24303534513424863,-0.21484417765737535
0.04504504504504503,2.565812629998035,1.235007611123788,-0.13956316295910692,-0.19618988290263417,-0.24378669418101823,-0.21498249146211262
0.047047047047046986,2.565009494783571,1.2353616837879862,-0.14022933642592883,-0.1969577982504009,-0.24452880209099725,-0.21511017494311807
0.04904904904904894,2.564214050455989,1.2357117310195764,-0.14089195259745957,-0.19771952359347789,-0.2452617658891186,-0.21522738977771258
0.05105105105105112,2.5634262731625905,1.2360577583758836,-0.1415510506926363,-0.19847513307532352,-0.24598568390262304,-0.21533429691566952
0.05305305305305308,2.562646148412902,1.23639976542957,-0.14220667116241334,-0.19922470209690607,-0.24670065531588725,-0.21543105628837783
0.055055055055055035,2.5618736690588673,1.2367377470658922,-0.14285885538829662,-0.19996830691711334,-0.24740677977171005,-0.21551782655630847
0.05705705705705699,2.561108833509289,1.2370716946310938,-0.1435076454091651,-0.2007060242927125,-0.2481041570159306,-0.21559476489189455
0.05905905905905895,2.560351644162685,1.2374015969419123,-0.14415308367420174,-0.2014379311547522,-0.24879288658200022,-0.21566202679490765
0.06106106106106113,2.559602106042399,1.237727441166429,-0.1447952128195239,-0.2021641043180276,-0.24947306751193418,-0.21571976593743125
0.06306306306306309,2.5588602256177984,1.2380492135865613,-0.14543407546590784,-0.20288462022001102,-0.25014479810994933,-0.21576813403559814
0.06506506506506504,2.5581260097956418,1.2383669002523439,-0.14606971403483998,-0.20359955468547317,-0.2508081757250001,-0.2158072807453445
0.067067067067067,2.5573994650661827,1.238680487537894,-0.14670217057999707,-0.2043089827128893,-0.25146329655839084,-0.21583735357956763
0.06906906906906896,2.556680596789233,1.2389899626085776,-0.14733148663114423,-0.2050129782786173,-0.25211025549263527,-0.21585849784420863
0.07107107107107113,2.5559694086062104,1.2392953138084037,-0.14795770304734812,-0.20571161415475056,-0.2527491459377451,-0.2158708565909518
0.07307307307307309,2.5552659019650634,1.2395965309761587,-0.1485808598763243,-0.20640496173649242,-0.25338005969117766,-0.2158745705844028
0.07507507507507505,2.5545700757459393,1.2398936056982093,-0.149200996216673,-0.20709309087485236,-0.2540030868077277,-0.2158697782817979
0.077077077077077,2.5538819259764365,1.2401865315052987,-0.14981815007970112,-0.2077760697104305,-0.25461831547572034,-0.21585661582348661
0.07907907907907896,2.5532014456262906,1.2404753040200527,-0.15043235824748438,-0.2084539645040461,-0.25522583189595005,-0.2158352170326325
0.08108108108108114,2.552528624472322,1.2407599210613076,-0.15104365612379014,-0.20912683945996027,-0.25582572015991334,-0.21580571342277743
0.0830830830830831,2.551863449025453,1.2410403827107683,-0.15165207757446025,-0.20979475653745375,-0.2564180621239892,-0.21576823421212216
0.08508508508508505,2.5512059025124914,1.241316691346952,-0.15225765475385117,-0.2104577752465662,-0.2570029372763658,-0.2157229063435877
0.08708708708708701,2.5505559649062852,1.241588851650821,-0.152860417913944,-0.2111159524238548,-0.2575804225936499,-0.21566985450992962
0.08908908908908897,2.5499136129986137,1.2418568705869983,-0.15346039519278154,-0.2117693419841275,-0.25815059238428034,-0.21560920118339844
0.09109109109109115,2.549278820510949,1.2421207573640125,-0.1540576123789642,-0.21241799464424257,-0.25871351811606746,-0.21554106664965214
0.0930930930930931,2.5486515582388685,1.2423805233765675,-0.1546520926490499,-0.21306195761524033,-0.2592692682254209,-0.21546556904585376
0.09509509509509506,2.54803179422648,1.242636182132471,-0.15524385627486492,-0.21370127425931612,-0.2598179079061061,-0.215382824403108
0.09709709709709702,2.547419493967739,1.2428877491664898,-0.155832920297945,-0.21433598370844056,-0.26035949887569276,-0.21529294669362292
0.0990990990990992,2.5468146206319355,1.2431352419431259,-0.15641929816860115,-0.2149661204418129,-0.2608940991182359,-0.21519604788321245
0.10110110110110115,2.546217135311003,1.2433786797500324,-0.15700299934744738,-0.21559171381978665,-0.2614217626021567,-0.21509223798998853
0.10310310310310311,2.5456269972865337,1.24361808358357,-0.1575840288676442,-0.21621278757245593,-0.26194253897278147,-0.21498162515033115
0.10510510510510507,2.545044164314593,1.2438534760278372,-0.15816238685660663,-0.21682935924172564,-0.2624564732195417,-0.21486431569345057
0.10710710710710702,2.544468592926511,1.244084881128354,-0.15873806801650642,-0.21744143957643108,-0.26296360531845486,-0.21474041422609277
0.1091091091091092,2.5439002387439,1.2443123242614684,-0.15931106106355822,-0.21804903188090086,-0.2634639698511676,-0.21461002372915441
0.11111111111111116,2.5433390568060767,1.2445358320004842,-0.15988134812682875,-0.2186521313182937,-0.26395759560257903,-0.21447324566819176
0.11311311311311312,2.5427850019080163,1.2447554319794618,-0.16044890410813592,-0.21925072417106267,-0.2644445051398298,-0.21433018011999624
0.11511511511511507,2.54223802894679,1.2449711527555931,-0.16101369600550422,-0.21984478706199972,-0.26492471437626436,-0.21418092591758753
0.11711711711711703,2.541698093274252,1.2451830236710955,-0.16157568220361593,-0.22043428614049848,-0.2653982321248224,-0.2140255808161186
0.11911911911911921,2.5411651510535167,1.2453910747155337,-0.16213481173571204,-0.22101917623989473,-0.2658650596461729,-0.2138642416822989
0.12112112112112117,2.5406391596164806,1.2455953363895538,-0.16269102352245934,-0.22159940001300982,-0.26632519019776574,-0.21369700471001452
0.12312312312312312,2.5401200778193815,1.2457958395710236,-0.16324424559437387,-0.22217488705429292,-0.2667786085908147,-0.21352396566484896
0.12512512512512508,2.5396078663930712,1.2459926153846381,-0.16379439430545756,-0.22274555301820342,-0.2672252907630076,-0.21334522016016977
0.12712712712712704,2.539102488284403,1.2461856950760921,-0.16434137354675185,-0.22331129874468075,-0.2676652033754769,-0.21316086396736586
0.12912912912912922,2.5386039089848547,1.2463751098919729,-0.16488507396948834,-0.22387200940365398,-0.2680983034431755,-0.2129709933626507
0.13113113113113117,2.5381120968422595,1.2465608909665662,-0.165425372228415,-0.22442755367153824,-0.268524538008321,-0.2127757055126209
0.13313313313313313,2.5376270233513147,1.2467430692167998,-0.16596213025665474,-0.2249777829535004,-0.26894384386693,-0.21257509890045298
0.1351351351351351,2.537148663418398,1.2469216752465626,-0.16649519458408032,-0.22552253066590694,-0.26935614735864866,-0.21236927379423218
0.13713713713713704,2.5366769955961264,1.2470967392616434,-0.16702439571164737,-0.2260616115937843,-0.26976136423009417,-0.21215833275844773
0.13913913913913922,2.5362120022831003,1.2472682909965,-0.1675495475543683,-0.2265948213382619,-0.2701593995816928,-0.21194238120914413
0.14114114114114118,2.5357536698843677,1.2474363596540214,-0.16807044696563386,-0.22712193586883214,-0.270550147907566,-0.21172152801260655
0.14314314314314314,2.535301988928319,1.2476009738593734,-0.16858687335535336,-0.22764271119480428,-0.2709334932373281,-0.2114958861267715
0.1451451451451451,2.5348569541360133,1.24776216162891,-0.16909858841388653,-0.22815688316955043,-0.27130930938773395,-0.2112655732838151
0.14714714714714705,2.534418564439344,1.2479199503549927,-0.16960533595297023,-0.22866416744003015,-0.2716774603309456,-0.21103071271158003
0.14914914914914923,2.5339868229449385,1.2480743668073937,-0.17010684187379158,-0.22916425955263,-0.2720378006847893,-0.21079143389067417
0.1511511511511512,2.533561736841299,1.2482254371517774,-0.1706028142710413,-0.229656835224591,-0.27239017632875295,-0.21054787334323136
0.15315315315315314,2.533143317247409,1.2483731869855128,-0.171092943680205,-0.2301415507882254,-0.27273442514767016,-0.2103001754484745
0.1551551551551551,2.532731579001806,1.2485176413908265,-0.1715769034735337,-0.23061804381278805,-0.2730703779030552,-0.2100484932793873
0.15715715715715706,2.5323265403919937,1.2486588250050692,-0.1720543504081248,-0.2310859339063018,-0.2733978592299695,-0.20979298945400718
0.15915915915915924,2.53192822282501,1.248796762107532,-0.17252492532735084,-0.23154482369688753,-0.27371668875511235,-0.20953383699410855
0.1611611611611612,2.531536650440921,1.2489314767220225,-0.17298825401457008,-0.23199429999028634,-0.2740266823296216,-0.2092712201833811
0.16316316316316315,2.5311518496720042,1.249062992734069,-0.17344394819566727,-0.23243393509732735,-0.2743276533678784,-0.20900533541663868
0.1651651651651651,2.5307738487513762,1.2491913340213594,-0.17389160668456868,-0.23286328832218228,-0.2746194142814849,-0.2087363920311366
0.16716716716716706,2.530402677175769,1.2493165245957425,-0.17433081666350997,-0.2332819075994066,-0.2749017779955911,-0.20846461311075018
0.16916916916916924,2.5300383651280653,1.2494385887548536,-0.17476115508756151,-0.23368933126507638,-0.2751745595329253,-0.20819023625357802
0.1711711711711712,2.5296809428660394,1.2495575512412158,-0.17518219020079573,-0.23408508994486418,-0.2754375776492908,-0.20791351429350352
0.17317317317317316,2.5293304400844607,1.2496734374064495,-0.175593483149562,-0.23446870853970372,-0.275690656502964,-0.20763471596637417
0.1751751751751751,2.5289868852583406,1.249786273378095,-0.17599458967667317,-0.23483970828784725,-0.2759336273394145,-0.2073541265117392
0.17717717717717707,2.528650304975567,1.249896086226411,-0.1763850618789427,-0.23519760888066138,-0.2761663301720839,-0.20707204820153738
0.17917917917917925,2.5283207232674774,1.250002904128486,-0.17676445000947366,-0.23554193060847062,-0.2763886154396338,-0.20678880078771983
0.1811811811811812,2.527998160946081,1.2501067565269586,-0.17713230430543075,-0.23587219651218475,-0.2766003456201168,-0.20650472186153654
0.18318318318318316,2.5276826349566135,1.2502076742807136,-0.17748817682171883,-0.23618793451633324,-0.2768013967829293,-0.20622016711808164
0.18518518518518512,2.5273741577539273,1.2503056898050076,-0.17783162325107654,-0.23648867951949565,-0.2769916600601739,-0.20593551052067535
0.18718718718718708,2.5270727367108434,1.250400837198618,-0.17816220471154287,-0.23677397541893414,-0.2771710430201613,-0.20565114436072604
0.18918918918918926,2.5267783735660836,1.2504931523558487,-0.17847948948307532,-0.2370433770474966,-0.27733947092720285,-0.2053674792098594
0.1911911911911912,2.526491063918737,1.2505826730614125,-0.1787830546762466,-0.23729645200251087,-0.2774968878735259,-0.2050849437622744
0.19319319319319317,2.5262107967754006,1.250669439066556,-0.17907248781740812,-0.23753278234841463,-0.2776432577710751,-0.2048039845664867
0.19519519519519513,2.525937554155243,1.2507534921450538,-0.1793473883364244,-0.2377519661771724,-0.2777785651930606,-0.2045250656468062
0.19719719719719708,2.5256713107572315,1.250834876128085,-0.17960736894502533,-0.23795361901310083,-0.2779028160573571,-0.20424866801604735
0.19919919919919926,2.5254120336927124,1.2509136369173237,-0.1798520568959255,-0.23813737505146085,-0.2780160381461715,-0.20397528908206666
0.20120120120120122,2.525159682285422,1.2509898224759683,-0.1800810951150815,-0.23830288822302673,-0.27811828145873746,-0.20370544195173562
0.20320320320320318,2.524914207939918,1.2510634827977853,-0.18029414320173925,-0.23844983307974685,-0.27820961839611524,-0.2034396546368741
0.20520520520520513,2.5246755540783115,1.2511346698545907,-0.18049087829321173,-0.2385779054994893,-0.278290143779414,-0.2031784691674685
0.2072072072072071,2.5244436561441277,1.251203437522946,-0.18067099579357232,-0.23868682321067392,-0.2783599747048741,-0.202922440618171
0.20920920920920927,2.5242184416711404,1.251269841491148,-0.18083420996760768,-0.23877632614026006,-0.2784192502412106,-0.20267213605461368
0.21121121121121122,2.5239998304140907,1.2513339391478762,-0.18098025440339566,-0.23884617659104995,-0.27846813097639467,-0.20242813340646196
0.21321321321321318,2.5237877345374082,1.251395789454108,-0.1811088823487272,-0.23889615925652982,-0.27850679842259535,-0.20219102027438285
0.21521521521521514,2.523582058857334,1.2514554528001256,-0.18121986692825232,-0.23892608108348112,-0.27853545428933096,-0.20196139267821528
0.21721721721721732,2.52338270113226,1.251512990849594,-0.1813130012496571,-0.2389357709943186,-0.278554319635943,-0.20173985375359652
0.21921921921921927,2.52318955239565,1.251568466372825,-0.18138809840837436,-0.23892507948254002,-0.2785636339153213,-0.20152701240415247
0.22122122122122123,2.523002497325567,1.2516219430714062,-0.18144499140127462,-0.23889387809579887,-0.27856365392137783,-0.2013234819160898
0.2232232232232232,2.522821414644647,1.2516734853964167,-0.1814835329604691,-0.23884205882192272,-0.27855465265307866,-0.2011298785416539
0.22522522522522515,2.5226461775442637,1.2517231583624415,-0.1815035953187955,-0.23876953339372925,-0.27853691810793757,-0.20094682005747083
0.22722722722722732,2.5224766541266836,1.2517710273595628,-0.18150506991874948,-0.23867623252871673,-0.2785107520177447,-0.20077492430326108
0.22922922922922928,2.5223127078591676,1.2518171579653987,-0.18148786707657888,-0.23856210511967893,-0.2784764685389786,-0.20061480770584322
0.23123123123123124,2.5221541980342046,1.2518616157591815,-0.18145191561300292,-0.2384271173920165,-0.27843439290986155,-0.20046708379273545
0.2332332332332332,2.522000980230417,1.2519044661397087,-0.1813971624615603,-0.23827125204302466,-0.27838486008537644,-0.20033236169904814
0.23523523523523515,2.521852906769082,1.2519457741488431,-0.18132357226495158,-0.23809450737775031,-0.27832821336080105,-0.20021124467073617
0.23723723723723733,2.521709827161673,1.251985604302077,-0.1812311269689542,-0.23789689645516623,-0.27826480299346384,-0.20010432856668303
0.2392392392392393,2.5215715885443544,1.2520240204274522,-0.18111982542256577,-0.23767844625743859,-0.27819498483150107,-0.20001220036152642
0.24124124124124124,2.521438036095896,1.2520610855139802,-0.18098968299200222,-0.23743919689398085,-0.2781191189574251,-0.19993543665061825
0.2432432432432432,2.5213090134360456,1.2520968615704657,-0.18084073119506427,-0.2371792008508389,-0.27803756835332977,-0.19987460215805727
0.24524524524524516,2.5211843630019772,1.252131409495457,-0.18067301736121252,-0.2368985222947521,-0.2779506975935608,-0.19983024824835013
0.24724724724724734,2.5210639264009855,1.2521647889588527,-0.1804866043214788,-0.23659723644001057,-0.27785887156971695,-0.199802911441953
0.2492492492492493,2.5209475447381737,1.2521970582955133,-0.18028157013111176,-0.2362754289850095,-0.27776245425190366,-0.19979311193473073
0.25125125125125125,2.520835058918396,1.2522282744110318,-0.18005800782662557,-0.235933195624188,-0.2776618074892759,-0.19980135212124117
0.2532532532532532,2.520726309922231,1.2522584926996791,-0.17981602521771073,-0.23557064163987038,-0.2775572898520788,-0.19982811512172097
0.25525525525525516,2.52062113905622,1.2522877669743822,-0.1795557447132938,-0.23518788157739898,-0.27744925551663374,-0.19987386331271198
0.25725725725725734,2.5205193881780423,1.2523161494084494,-0.1792773031799058,-0.2347850390058731,-0.277338053194033,-0.1999390368614167
0.2592592592592593,2.5204208998976605,1.2523436904886658,-0.17898085182946308,-0.2343622463658052,-0.277224025102705,-0.2000240522641177
0.26126126126126126,2.5203255177558175,1.2523704389792532,-0.17866655613257396,-0.23391964490405667,-0.2771075059844856,-0.20012930088931996
0.2632632632632632,2.520233086381543,1.2523964418961373,-0.17833459575259014,-0.23345738469555502,-0.27698882216340165,-0.20025514752668747
0.26526526526526517,2.520143451630566,1.2524217444908743,-0.17798516449481147,-0.23297562475047814,-0.2768682906460096,-0.20040192894331618
0.26726726726726735,2.520056460706707,1.2524463902435459,-0.17761847026455124,-0.23247453320486863,-0.2767462182618677,-0.20056995244943093
0.2692692692692693,2.5199719622684635,1.2524704208639041,-0.17723473502717615,-0.23195428759195494,-0.2766229008425263,-0.20075949447618732
0.27127127127127126,2.5198898065230946,1.2524938763000175,-0.17683419476275283,-0.23141507519084187,-0.2764986224373017,-0.2009707991688926
0.2732732732732732,2.519809845310542,1.252516794753664,-0.17641709940757863,-0.23085709344866176,-0.2763736545640661,-0.20120407699963336
0.2752752752752752,2.519731932179543,1.2525392127017159,-0.17598371277463315,-0.23028055047174154,-0.2762482554933058,-0.2014595034039821
0.27727727727727736,2.5196559224582313,1.2525611649227903,-0.17553431244488257,-0.22968566558083933,-0.2761226695637985,-0.20173721744715267
0.2792792792792793,2.519581673321468,1.252582684528431,-0.17506918962138993,-0.22907266992502343,-0.27599712652841885,-0.20203732052566792
0.28128128128128127,2.5195090438570062,1.2526038029981574,-0.17458864893833406,-0.2284418071482913,-0.27587184092879247,-0.2023598751112785
0.2832832832832832,2.519437895132494,1.2526245502177165,-0.17409300821732251,-0.22779333410255723,-0.27574701149779046,-0.20270490354452103
0.2852852852852852,2.5193680902650955,1.2526449545199358,-0.1735825981637996,-0.2271275216001607,-0.2756228205891765,-0.20307238688590762
0.28728728728728736,2.5192994944953844,1.2526650427276202,-0.17305776199688763,-0.22644465519855086,-0.275499433634087,-0.20346226383330376
0.2892892892892893,2.5192319752668872,1.2526848401979718,-0.17251885500666894,-0.22574503600929452,-0.27537699862442977,-0.20387442971453443
0.2912912912912913,2.519165402312481,1.2527043708680787,-0.17196624403370142,-0.22502898152301248,-0.275255645623737,-0.2043087355646889
0.29329329329329323,2.5190996477485665,1.2527236573010532,-0.1714003068664626,-0.224296826441286,-0.27513548630648255,-0.2047649872979241
0.2952952952952952,2.519034586177706,1.2527427207324664,-0.17082143155342883,-0.2235489235059863,-0.27501661352738105,-0.20524294498381968
0.29729729729729737,2.5189700948001574,1.2527615811167607,-0.17023001562759993,-0.222785644315857,-0.27489910092269604,-0.2057423222384768
0.2992992992992993,2.518906053534456,1.2527802571733844,-0.16962646524248123,-0.22200738011956445,-0.2747830025461299,-0.2062627857406029
0.3013013013013013,2.5188423451469446,1.2527987664324318,-0.1690111942198015,-0.2212145425737758,-0.2746683525423766,-0.20680395488274186
0.30330330330330324,2.5187788553898947,1.2528171252796145,-0.16838462301058063,-0.2204075644542058,-0.27455516486194487,-0.20736540156762773
0.3053053053053052,2.518715473147591,1.2528353490004303,-0.16774717757254073,-0.21958690030695704,-0.27444343302133745,-0.20794665015932698
0.3073073073073074,2.518652090589521,1.2528534518234435,-0.16709928816825884,-0.21875302702691155,-0.2743331299131201,-0.2085471775984046
0.30930930930930933,2.518588603329565,1.252871446962608,-0.16644138808988124,-0.2179064443494256,-0.2742242076707944,-0.2091664136897924
0.3113113113113113,2.5185249105898633,1.2528893466586066,-0.16577391231762365,-0.21704767524116075,-0.27411659759370205,-0.20980374157136228
0.31331331331331325,2.518460915367844,1.2529071622192032,-0.16509729612066182,-0.2161772661755821,-0.274010210137397,-0.2104584983704085
0.3153153153153152,2.5183965246046993,1.2529249040586126,-0.16441197361033674,-0.21529578727848292,-0.273904934975024,-0.21112997605432351
0.3173173173173174,2.5183316493534385,1.2529425817359459,-0.16371837625685742,-0.21440383232891455,-0.27380064113521424,-0.2118174224807286
0.31931931931931934,2.5182662049445317,1.2529602039927563,-0.1630169313818256,-0.21350201860108875,-0.2736971772218229,-0.21252004265117896
0.3213213213213213,2.51820011114702,1.2529777787897614,-0.16230806063995248,-0.2125909865332543,-0.27359437172049306,-0.2132370001713279
0.32332332332332325,2.518133292322915,1.2529953133428033,-0.16159217850421992,-0.21167139921021913,-0.2734920333965064,-0.21396741891910454
0.3253253253253252,2.518065677572659,1.2530128141581192,-0.16086969076948118,-0.21074394164713053,-0.2733899517876719,-0.21471038492104894
0.3273273273273274,2.5179972008694005,1.253030287066994,-0.1601409930900397,-0.20980931986334556,-0.2732878977950988,-0.2154649484354591
0.32932932932932935,2.5179278011798694,1.2530477372598703,-0.1594064695671069,-0.2088682597367454,-0.27318562437360877,-0.21623012623946
0.3313313313313313,2.5178574225696937,1.2530651693199786,-0.1586664914021785,-0.20792150563065606,-0.27308286732225506,-0.21700490411550472
0.33333333333333326,2.5177860142911013,1.253082587256552,-0.15792141563229042,-0.20696981878764864,-0.27297934617395864,-0.21778823953118095
0.3353353353353352,2.517713530851066,1.2530999945376853,-0.15717158396280181,-0.2060139754868842,-0.27287476518165465,-0.2185790645045345
0.3373373373373374,2.517639932058153,1.253117394122877,-0.15641732171279682,-0.20505476496432382,-0.2727688143965964,-0.2193762886454497
0.33933933933933935,2.5175651830464982,1.2531347884952977,-0.15565893688740287,-0.20409298709801488,-0.2726611708326119,-0.22017880236194856
0.3413413413413413,2.5174892542756084,1.253152179693815,-0.1548967193902861,-0.2031294498637669,-0.27255149970820675,-0.22098548021862058
0.34334334334334327,2.517412121504925,1.2531695693447789,-0.15413094038831382,-0.202164966569778,-0.272439455756483,-0.2217951844327603
0.3453453453453452,2.5173337657424084,1.253186958693591,-0.153361851838872,-0.20120035288213925,-0.2723246845909517,-0.22260676849221125
0.3473473473473474,2.517254173166691,1.2532043486360396,-0.15258968618861676,-0.20023642365656238,-0.2722068241135327,-0.22341908087738022
0.34934934934934936,2.51717333502271,1.2532217397493937,-0.15181465625052726,-0.19927398959508058,-0.27208550594937414,-0.22423096886843982
0.3513513513513513,2.5170912474910683,1.2532391323232246,-0.15103695526404146,-0.1983138537498101,-0.2719603568916873,-0.22504128241735533
0.35335335335335327,2.5170079115317328,1.2532565263899287,-0.15025675714081943,-0.1973568078990496,-0.2718310003386074,-0.22584887806311008
0.35535535535535545,2.5169233327030365,1.2532739217548996,-0.1494742168963168,-0.1964036288239876,-0.271697057703227,-0.22665262286733942
0.3573573573573574,2.5168375209573104,1.253291318026304,-0.14868947126489548,-0.19545507451699418,-0.27155814977744497,-0.22745139834655573
0.35935935935935936,2.516750490414802,1.253308714644398,-0.14790263949368535,-0.19451188035485117,-0.2714138980301858,-0.22824410437625492
0.3613613613613613,2.5166622591178687,1.2533261109103224,-0.14711382430787293,-0.19357475527225385,-0.2712639258208841,-0.2290296630414592
0.3633633633633633,2.5165728487677046,1.2533435060143052,-0.14632311303757117,-0.19264437797244982,-0.2711078595099481,-0.2298070224076833
0.36536536536536546,2.5164822844461594,1.2533608990631881,-0.14553057889395962,-0.19172139321291687,-0.2709453294491888,-0.23057516018592758
0.3673673673673674,2.516390594325372,1.2533782891072096,-0.1447362823800117,-0.19080640820449443,-0.270775970836962,-0.2313330872651048
0.36936936936936937,2.5162978093681616,1.2533956751659512,-0.1439402728188955,-0.1898999891623408,-0.270599424424972,-0.23207985108533047
0.37137137137137133,2.5162039630222224,1.2534130562533665,-0.14314258998107898,-0.18900265804647615,-0.2704153370663019,-0.23281453882573794
0.3733733733733733,2.516109090911223,1.2534304314018065,-0.14234326578933734,-0.188114889528488,-0.2702233620972412,-0.23353628038095453
0.37537537537537546,2.5160132305259606,1.253447799684957,-0.1415423260792792,-0.18723710821923134,-0.27002315954877393,-0.23424425110108155
0.3773773773773774,2.5159164209186375,1.253465160239597,-0.14073979239172843,-0.18636968619005972,-0.26981439618714254,-0.2349376742709951
0.3793793793793794,2.5158187024032572,1.2534825122861015,-0.13993568377233412,-0.1855129408173193,-0.2695967453865857,-0.23561582330600497
0.38138138138138133,2.5157201162649656,1.2534998551476098,-0.13913001855318233,-0.18466713297655413,-0.26936988684110685,-0.23627802364240977
0.3833833833833833,2.5156207044809684,1.2535171882677703,-0.13832281609095268,-0.18383246560915792,-0.26913350612583486,-0.23692365430325185
0.38538538538538547,2.5155205094553943,1.2535345112270113,-0.13751409843633666,-0.1830090826801361,-0.2688872941221006,-0.23755214912161735
0.3873873873873874,2.515419573770195,1.2535518237572525,-0.13670389191000998,-0.18219706854124806,-0.26863094632366813,-0.2381629976061331
0.3893893893893894,2.515317939953835,1.2535691257550132,-0.13589222856144378,-0.1813964477091867,-0.26836416204452523,-0.2387557454358891
0.39139139139139134,2.5152156502691803,1.2535864172928595,-0.13507914748824024,-0.18060718506365792,-0.26808664355115774,-0.2393299945748359
0.3933933933933933,2.5151127465216327,1.2536036986291554,-0.134264695995475,-0.17982918646535515,-0.2677980951442315,-0.23988540299876956
0.3953953953953955,2.5150092698881705,1.2536209702160834,-0.1334489305767122,-0.17906229978892851,-0.26749822221600594,-0.24042168403128505
0.39739739739739743,2.514905260767593,1.2536382327059192,-0.13263191770088387,-0.1783063163612205,-0.2671867303105565,-0.24093860528854186
0.3993993993993994,2.514800758651903,1.2536554869555432,-0.13181373439207836,-0.17756097279034547,-0.2668633242139435,-0.24143598723629317
0.40140140140140135,2.5146958020184065,1.2536727340292098,-0.13099446859239897,-0.17682595316669292,-0.26652770710083257,-0.24191370136635346
0.4034034034034033,2.5145904282418114,1.2536899751995758,-0.13017421930140308,-0.17610089161270642,-0.26617957976273143,-0.2423716680034734
0.4054054054054055,2.5144846735252995,1.2537072119470294,-0.1293530964891349,-0.17538537515438996,-0.2658186399409968,-0.2428098537573985
0.40740740740740744,2.514378572849323,1.2537244459573573,-0.12853122078338217,-0.17467894688396188,-0.26544458178512687,-0.24322826863865812
0.4094094094094094,2.5142721599366635,1.2537416791178142,-0.1277087229354331,-0.17398110937998207,-0.2650570954536534,-0.24362696286031735
0.41141141141141135,2.5141654672321456,1.2537589135116614,-0.12688574307222278,-0.17329132834863287,-0.2646558668712623,-0.2440060233514361
0.4134134134134133,2.5140585258952868,1.253776151411256,-0.1260624297462715,-0.17260903644769215,-0.26424057765170533,-0.2443655700112916
0.4154154154154155,2.5139513658041093,1.2537933952697948,-0.1252389387981492,-0.1719336372531086,-0.26381090519173006,-0.24470575173644044
0.41741741741741745,2.5138440155683384,1.2538106477118098,-0.1244154320492956,-0.17126450932699142,-0.2633665229367522,-0.24502674225537913
0.4194194194194194,2.5137365025502314,1.2538279115225324,-0.12359207584580685,-0.17060101034527372,-0.2629071008144739,-0.24532873580784903
0.42142142142142136,2.513628852891373,1.2538451896362584,-0.12276903947622246,-0.16994248124329417,-0.26243230582820815,-0.24561194270766185
0.4234234234234233,2.513521091543864,1.2538624851238254,-0.12194649348834262,-0.1692882503380618,-0.26194180279744517,-0.24587658482926147
0.4254254254254255,2.5134132423044853,1.2538798011793537,-0.12112460793165084,-0.1686376373870078,-0.26143525522928934,-0.2461228910590375
0.42742742742742745,2.5133053278505604,1.2538971411063726,-0.12030355055296346,-0.16798995754456703,-0.26091232630092187,-0.24635109275264863
0.4294294294294294,2.5131973697764343,1.2539145083034644,-0.1194834849734601,-0.1673445251799416,-0.26037267993027935,-0.24656141923926617
0.43143143143143137,2.513089388629644,1.2539319062495653,-0.11866456887525881,-0.16670065752184207,-0.25981598190976524,-0.24675409341272259
0.4334334334334333,2.512981403946062,1.2539493384890374,-0.11784695222518264,-0.1660576780988446,-0.25924190107607786,-0.2469293274480337
0.4354354354354355,2.5128734342834558,1.2539668086166307,-0.11703077556234058,-0.16541491994719257,-0.25865011048818354,-0.24708731867968764
0.43743743743743746,2.512765497253077,1.253984320262433,-0.11621616837463701,-0.16477172856136454,-0.25804028858510547,-0.247228245675484
0.4394394394394394,2.5126576095490307,1.254001877076913,-0.11540324758736614,-0.16412746456646563,-0.25741212029551763,-0.24735226453660145
0.4414414414414414,2.5125497869753346,1.2540194827161113,-0.1145921161846904,-0.16348150609542103,-0.2567652980721248,-0.2474595054510321
0.44344344344344333,2.512442044470637,1.2540371408270627,-0.11378286198209805,-0.16283325085800077,-0.2560995228254199,-0.24755006952360334
0.4454454454454455,2.512334396130676,1.2540548550334718,-0.11297555656494611,-0.16218211789281226,-0.2554145047335779,-0.24762402590158722
0.44744744744744747,2.512226855228609,1.254072628921679,-0.11217025440499193,-0.1615275489975047,-0.2547099639079112,-0.2476814092104463
0.4494494494494494,2.5121194342333575,1.2540904660269132,-0.11136699216346702,-0.16086900983647143,-0.2539856308963829,-0.24772221730967875
0.4514514514514514,2.5120121448261234,1.25410836981982,-0.11056578818582889,-0.16020599072925026,-0.2532412470110643,-0.24774640937406875
0.45345345345345334,2.5119049979152206,1.2541263436932297,-0.10976664218990628,-0.15953800712654825,-0.2524765644690366,-0.24775390430103472
0.4554554554554555,2.5117980036493193,1.2541443909491143,-0.10896953514580847,-0.15886459978429862,-0.25169134633996987,-0.24774457944024586
0.4574574574574575,2.5116911714291525,1.2541625147856614,-0.10817442934276322,-0.1581853346493526,-0.2508853662973894,-0.247718269637371
0.45945945945945943,2.5115845099176743,1.2541807182843783,-0.10738126863504113,-0.15749980247325598,-0.2500584081743303,-0.24767476657976092
0.4614614614614614,2.5114780270485753,1.2541990043971267,-0.106589978856373,-0.1568076181730434,-0.2492102653276412,-0.24761381842815033
0.46346346346346334,2.5113717300329963,1.2542173759329662,-0.10580046838981945,-0.1561084199600554,-0.24834073981851523,-0.24753512971513575
0.4654654654654655,2.5112656253642,1.2542358355446868,-0.10501262887794109,-0.15540186825943444,-0.24744964141985362,-0.24743836148829446
0.4674674674674675,2.5111597188198824,1.2542543857148818,-0.10422633605637516,-0.1546876444441691,-0.24653678646373123,-0.24732313167339176
0.46946946946946944,2.5110540154617373,1.254273028741425,-0.10344145069256858,-0.15396544940833135,-0.2456019965445004,-0.24718901563121073
0.4714714714714714,2.510948519631828,1.2542917667221822,-0.10265781961045439,-0.15323500200449366,-0.24464509709490223,-0.24703554688012375
0.47347347347347357,2.5108432349452614,1.2543106015388072,-0.10187527678129071,-0.15249603737023412,-0.24366591585392858,-0.2468622179556415
0.47547547547547553,2.5107381642786155,1.254329534839446,-0.1010936444606944,-0.15174830516816562,-0.24266428124609007,-0.2466684813777739
0.4774774774774775,2.5106333097535445,1.2543485680201774,-0.10031273435208325,-0.1509915677630854,-0.24164002069220394,-0.2464537506971294
0.47947947947947944,2.510528672714941,1.2543677022050184,-0.09953234877725932,-0.15022559835866864,-0.24059295887181992,-0.2462174015912206
0.4814814814814814,2.510424253703044,1.2543869382243114,-0.09875228183569323,-0.14945017911466643,-0.23952291595699343,-0.24595877298338345
0.4834834834834836,2.5103200524188596,1.254406276591303,-0.09797232053516976,-0.14866509926386218,-0.23842970583631728,-0.24567716815804627
0.48548548548548554,2.5102160676822534,1.2544257174767366,-0.09719224587778212,-0.14787015324612685,-0.23731313434697537,-0.2453718558477013
0.4874874874874875,2.510112297382099,1.2544452606812595,-0.09641183388677933,-0.1470651388748556,-0.2361729975311333,-0.24504207126883132
0.48948948948948945,2.510008738417849,1.2544649056054515,-0.09563085656143021,-0.14624985554889938,-0.2350090799312819,-0.24468701708613133
0.4914914914914914,2.5099053866319294,1.2544846512172645,-0.09484908274881942,-0.14542410252087917,-0.2338211529372392,-0.2443058642866036
0.4934934934934936,2.5098022367323343,1.2545044960166745,-0.09406627892330321,-0.14458767723053664,-0.2326089731954719,-0.2438977529474367
0.49549549549549554,2.5096992822048394,1.2545244379973186,-0.09328220986616743,-0.14374037370955536,-0.23137228108924,-0.24346179288393266
0.4974974974974975,2.5095965152142266,1.254544474604884,-0.0924966392398231,-0.1428819810621429,-0.23011079929587383,-0.2429970641660989
0.49949949949949946,2.5094939264939193,1.2545646026920225,-0.09170933005259885,-0.1420122820236081,-0.22882423142529695,-0.2425026174947934
0.5015015015015014,2.5093915052234195,1.2545848184695159,-0.0909200450118185,-0.1411310515972351,-0.22751226074174768,-0.2419774744304934
0.5035035035035036,2.5092892388929062,1.2546051174534387,-0.09012854676435776,-0.1402380557679698,-0.22617454896858852,-0.24142062746978263
0.5055055055055055,2.5091871131543466,1.2546254944080117,-0.08933459802523178,-0.13933305028980317,-0.22481073517412312,-0.2408310399665127
0.5075075075075075,2.509085111658407,1.2546459432838513,-0.08853796159596138,-0.1384157795422815,-0.22342043473453724,-0.24020764589625618
0.5095095095095095,2.508983215876428,1.2546664571512556,-0.08773840027548192,-0.13748597545028737,-0.22200323836841407,-0.23954934946411058
0.5115115115115114,2.508881404906637,1.2546870281281908,-0.08693567666719369,-0.1365433564601331,-0.22055871123581072,-0.23885502455713528
0.5135135135135136,2.5087796552637243,1.254707647302562,-0.08612955288639693,-0.13558762656407403,-0.21908639209358938,-0.23812351404368357
0.5155155155155156,2.5086779406508093,1.2547283046483475,-0.08531979017281086,-0.1346184743645776,-0.21758579249760196,-0.2373536289226436
0.5175175175175175,2.508576231712713,1.2547489889351342,-0.08450614841315114,-0.13363557216907498,-0.21605639604142157,-0.2365441473261217
0.5195195195195195,2.5084744957693634,1.254769687630534,-0.08368838557883579,-0.13263857510543833,-0.2144976576205856,-0.23569381337939432
0.5215215215215214,2.5083726965280064,1.2547903867949401,-0.08286625708382019,-0.13162712024807674,-0.21290900271075985,-0.23480133592203872
0.5235235235235236,2.5082707937727684,1.2548110709679896,-0.08203951506733755,-0.13060082574429183,-0.21128982664783397,-0.23386538709403412
0.5255255255255256,2.508168743029941,1.2548317230460884,-0.08120790760595532,-0.1295592899303671,-0.20963949389768957,-0.23288460079032908
0.5275275275275275,2.508066495207191,1.2548523241502465,-0.08037117785886447,-0.12850209042676117,-0.20795733730323634,-0.231857570986899
0.5295295295295295,2.5079639962046936,1.254872853483431,-0.07952906314971218,-0.1274287832017164,-0.2062426572962503,-0.23078284994070647
0.5315315315315314,2.5078611864959726,1.254893288176534,-0.07868129398758264,-0.12633890159255234,-0.2044947210615568,-0.22965894626522465
0.5335335335335336,2.5077580006759854,1.2549136031220027,-0.07782759302894116,-0.1252319552738782,-0.2027127616411584,-0.22848432288232523
0.5355355355355356,2.507654366973732,1.2549337707940271,-0.07696767398148968,-0.12410742916189677,-0.20089597696596795,-0.22725739485036234
0.5375375375375375,2.507550206726358,1.2549537610541288,-0.07610124044995864,-0.12296478224388051,-0.1990435288028753,-0.22597652706723917
0.5395395395395395,2.507445433811417,1.2549735409408127,-0.07522798472287624,-0.12180344632173935,-0.19715454160489843,-0.22464003184611378
0.5415415415415414,2.5073399540335677,1.2549930744418532,-0.07434758649833141,-0.12062282465837218,-0.1952281012521415,-0.22324616636021416
0.5435435435435436,2.5072336644615976,1.2550123222475904,-0.07345971154567557,-0.11942229051516441,-0.19326325367116892,-0.22179312995198047
0.5455455455455456,2.5071264527112027,1.2550312414834697,-0.07256401029899862,-0.11820118556855502,-0.1912590033201898,-0.22027906130045177
0.5475475475475475,2.5070181961684446,1.2550497854198222,-0.07166011637706132,-0.11695881819302384,-0.1892143115271001,-0.21870203543945546
0.5495495495495495,2.506908761148212,1.255067903156672,-0.07074764502317119,-0.115694461597133,-0.18712809466694216,-0.2170600606177489
0.5515515515515514,2.506798001981364,1.2550855392810771,-0.06982619145723727,-0.1144073517983674,-0.18499922216467124,-0.21535107499078956
0.5535535535535536,2.506685760023415,1.2551026334941617,-0.06889532913092958,-0.11309668542144365,-0.18282651430826635,-0.21357294313226896
0.5555555555555556,2.5065718625766857,1.2551191202045997,-0.06795460787548079,-0.11176161730347231,-0.18060873985613815,-0.21172345235191986
0.5575575575575575,2.506456121716628,1.2551349280847244,-0.06700355193018931,-0.11040125788783578,-0.17834461342146765,-0.20980030880438316
0.5595595595595595,2.506338333011428,1.2551499795846879,-0.06604165783808821,-0.10901467038685904,-0.17603279261450083,-0.20780113337206046
0.5615615615615615,2.506218274121757,1.25516419039889,-0.06506839219350963,-0.10760086769126068,-0.17367187492190223,-0.20572345730286115
0.5635635635635636,2.506095703264146,1.2551774688771078,-0.06408318922436791,-0.10615880900194176,-0.1712603942999747,-0.20356471758150987
0.5655655655655656,2.5059703575161327,1.2551897153696276,-0.06308544818986024,-0.10468739615683105,-0.16879681745580144,-0.2013222520105331
0.5675675675675675,2.5058419509323575,1.2552008214904473,-0.06207453057189376,-0.1031854696221856,-0.16627953978706345,-0.19899329397406515
0.5695695695695695,2.505710172425359,1.25521066927318,-0.061049757035816075,-0.10165180411382571,-0.1637068809472298,-0.19657496685396303
0.5715715715715715,2.505574683337271,1.2552191301773532,-0.06001040413285257,-0.1000851038090882,-0.16107707999774176,-0.19406427806304957
0.5735735735735736,2.505435114578874,1.2552260638717325,-0.05895570071288267,-0.09848399710453631,-0.15838829010219788,-0.19145811265391754
0.5755755755755756,2.5052910631213554,1.2552313166641835,-0.05788482401157827,-0.0968470308671995,-0.15563857270855835,-0.1887532264524797
0.5775775775775776,2.5051420874582884,1.2552347193418165,-0.05679689537007739,-0.09517266411755292,-0.15282589115250697,-0.18594623865123278
0.5795795795795795,2.504987701344707,1.255236083988984,-0.05569097553759464,-0.09345926106920446,-0.14994810359567987,-0.18303362377426394
0.5815815815815815,2.5048273645439236,1.255235198986203,-0.05456605949647428,-0.09170508343090794,-0.14700295518172604,-0.1800117028876126
0.5835835835835836,2.504660468242239,1.2552318207152668,-0.053421070733031394,-0.08990828184670054,-0.14398806924256577,-0.176876633862527
0.5855855855855856,2.5044863108016235,1.2552256592351447,-0.052254854852245215,-0.08806688630183379,-0.1409009373014532,-0.17362440038356494
0.5875875875875876,2.504304055819883,1.2552163528484606,-0.05106617239296238,-0.08617879524155941,-0.13773890747105094,-0.17025079918907535
0.5895895895895895,2.504112657586852,1.2552034221178063,-0.04985369062999983,-0.08424176301114275,-0.1344991705844653,-0.16675142466801465
0.5915915915915915,2.503910726233307,1.2551861857845117,-0.04861597402721545,-0.08225338498247636,-0.13117874293709741,-0.16312164928866515
0.5935935935935936,2.503696281097655,1.2551636059773421,-0.04735147278903689,-0.0802110793019669,-0.12777444370035057,-0.159356597178096
0.5955955955955956,2.503466296680685,1.2551340021154525,-0.04605850857047659,-0.07811206342604314,-0.1242828636160753,-0.15545110611014373
0.5975975975975976,2.50321586359226,1.2550945209621727,-0.04473525570862954,-0.07595332223606775,-0.12070031900036317,-0.15139966949631942
0.5995995995995995,2.5029366348546476,1.2550401539204037,-0.04337971508219392,-0.07373156206480484,-0.1170227805104335,-0.14719634348590713
0.6016016016016015,2.50261394621374,1.2549619140665265,-0.04198967544230736,-0.07144314057394674,-0.11324575804626776,-0.14283459284463867
0.6036036036036037,2.5022214779563843,1.2548434548794876,-0.04056265299359433,-0.06908395460827138,-0.10936410895458638,-0.13830702924486252
0.6056056056056056,2.5017113640861703,1.2546548021310737,-0.03909579274494295,-0.06664925433793716,-0.10537171192049487,-0.13360496078486753
0.6076076076076076,2.500995887899036,1.2543407467241847,-0.037585702293068526,-0.06413332780489198,-0.10126090614322471,-0.12871761175149976
0.6096096096096095,2.4999136816204692,1.253799390328715,-0.036028166229783366,-0.06152895821145753,-0.09702152267585559,-0.12363077066817785
0.6116116116116117,2.498167556411051,1.2528426145227847,-0.03441765090948655,-0.05882648580905571,-0.09263921439541353,-0.11832445890767987
0.6136136136136137,2.495210953802903,1.2511236444843088,-0.03274644589973602,-0.05601219212183667,-0.08809260072811252,-0.11276895342446422
0.6156156156156156,2.490043210440556,1.248005630320835,-0.03100319109223108,-0.053065553849341036,-0.08334846953775053,-0.1069181333579709
0.6176176176176176,2.480849188948604,1.242327547663543,-0.029170411839126706,-0.04995470475132234,-0.07835397038194553,-0.10069873439271318
0.6196196196196195,2.4643938028788788,1.2320013900587083,-0.02722059592684608,-0.04662933924013933,-0.07302467484360277,-0.09399411348076304
0.6216216216216217,2.4350973624195196,1.2133647628213797,-0.025110572263973858,-0.04301083332028623,-0.06722856440516202,-0.0866229839625836
0.6236236236236237,2.383909817714524,1.1802820128098686,-0.022775331169157753,-0.038982112762004216,-0.06077114991886398,-0.07832107873173688
0.6256256256256256,2.2977854320602735,1.1233125045693804,-0.020126880665205883,-0.03438813953529711,-0.053401455404385,-0.06875407950905502
0.6276276276276276,2.1620297388746104,1.0301285293585525,-0.0170736398586111,-0.029075303550529962,-0.04488662819872199,-0.05762754323176905
0.6296296296296295,1.9688787638941059,0.8896439709712458,-0.01358725295235205,-0.023015022720167862,-0.03522385506975532,-0.04498148838436002
0.6316316316316317,1.731361754526387,0.7019745059479394,-0.009827861469121594,-0.016520622096637246,-0.02498194000091259,-0.03163865098213954
0.6336336336336337,1.488761407845594,0.4899571324181801,-0.006240932809535091,-0.010391090524574646,-0.01547578436812899,-0.019383213870084657
0.6356356356356356,1.2875055808047047,0.29639006343832874,-0.003407675346274733,-0.005615565827441645,-0.008222088722208802,-0.01016969852364762
0.6376376376376376,1.1511484619650736,0.1567484919814019,-0.0016236905136941956,-0.002651161247087874,-0.003818518066877827,-0.004669044372915798
0.6396396396396395,1.0731353188005284,0.07520635329399185,-0.000709358015217698,-0.001150565647020764,-0.0016352592996002858,-0.0019832486149906118
0.6416416416416417,1.033584160759262,0.03414606376342619,-0.00029952866683133665,-0.0004839721119406395,-0.0006816009067392783,-0.0008230988470597473
0.6436436436436437,1.0149800651567644,0.015103166141660613,-0.00012611831875145496,-0.00020342083365562356,-0.0002849324083496281,-0.0003435563358271574
0.6456456456456456,1.006583729751779,0.006605474622832802,-5.351526323083456e-05,-8.626357938316502e-05,-0.00012047629833866175,-0.00014524291043813988
0.6476476476476476,1.002873069371128,0.0028753714906821467,-2.2894922371717912e-05,-3.690109313009947e-05,-5.1460387013859936e-05,-6.205969824982428e-05
0.6496496496496496,1.001249633021096,0.0012491509244666743,-9.852349545836305e-06,-1.5880478816254356e-05,-2.2130368322360814e-05,-2.6698815913614765e-05
0.6516516516516517,1.0005426895921654,0.00054218642721047,-4.254838929448864e-06,-6.8587384114043496e-06,-9.554864016350635e-06,-1.1530792257152035e-05
0.6536536536536537,1.0002355060483643,0.0002352308438756151,-1.8411196608351582e-06,-2.968073225582603e-06,-4.134170364461767e-06,-4.990132191725906e-06
0.6556556556556556,1.0001021619568045,0.00010203171823459928,-7.97486362334059e-07,-1.285695202769662e-06,-1.7906956189450684e-06,-2.1617299999167205e-06
0.6576576576576576,1.0000443078718486,4.4249330746649926e-05,-3.4560141365576953e-07,-5.571917573156999e-07,-7.760240209539818e-07,-9.368902392965634e-07
0.6596596596596596,1.0000192135077628,1.918773496418868e-05,-1.4980096637295415e-07,-2.4151987475125075e-07,-3.363703184137686e-07,-4.0611727000207934e-07
0.6616616616616617,1.000008330655671,8.319408577985976e-06,-6.493453912132564e-08,-1.0469351385810365e-07,-1.4580830538074112e-07,-1.7604687983871556e-07
0.6636636636636637,1.000003611634396,3.606744991618888e-06,-2.814658404384956e-08,-4.538094086850426e-08,-6.32026326295254e-08,-7.631133172245473e-08
0.6656656656656657,1.000001565606305,1.5634843878851856e-06,-1.2199653919364937e-08,-1.9669711160000888e-08,-2.739425481233917e-08,-3.307643507423551e-08
0.6676676676676676,1.0000006786037337,6.776835942714162e-07,-5.287283826884078e-09,-8.524818761319126e-09,-1.1872625707474974e-08,-1.4335406485174354e-08
0.6696696696696696,1.0000002941067128,2.937078690581705e-07,-2.29127185080257e-09,-3.694289122695111e-09,-5.145087130936887e-09,-6.21239865180194e-09
0.6716716716716717,1.0000001274525347,1.2727969256216693e-07,-9.928351512357578e-10,-1.6007848625919329e-09,-2.229436469113278e-09,-2.691935719809524e-09
0.6736736736736737,1.0000000552263808,5.5151490298795795e-08,-4.301628098195724e-10,-6.935697821569917e-10,-9.659454377278648e-10,-1.1663395784491515e-09
0.6756756756756757,1.0000000239275877,2.3895142744297845e-08,-1.8635580057439046e-10,-3.00470375618901e-10,-4.184700699224076e-10,-5.052886906607594e-10
0.6776776776776776,1.0000000103658546,1.0351799997714379e-08,-8.072474676970717e-11,-1.3015680056672954e-10,-1.81271663599208e-10,-2.1888088200951884e-10
0.6796796796796796,1.0000000044901907,4.484103145483224e-09,-3.496420631699255e-11,-5.6374834040414513e-11,-7.851427960868152e-11,-9.480457456403358e-11
0.6816816816816818,1.0000000019448114,1.9421751797829756e-09,-1.5142353902835605e-11,-2.441498332031019e-11,-3.4003226426194826e-11,-4.105854177272628e-11
0.6836836836836837,1.0000000008422536,8.411121098037518e-10,-6.557153955363228e-12,-1.0572553064700701e-11,-1.4724613206577836e-11,-1.777993088740823e-11
0.6856856856856857,1.0000000003647207,3.642265704190067e-10,-2.839155318271247e-12,-4.577782160305567e-12,-6.375576734303549e-12,-7.698541857927536e-12
0.6876876876876876,1.0000000001579175,1.5770347873195844e-10,-1.229176249669364e-12,-1.9818995931102948e-12,-2.7602368351762507e-12,-3.3330224916732923e-12
0.6896896896896896,1.0000000000683675,6.827511305379543e-11,-5.320955961412033e-13,-8.579435999896313e-13,-1.1948786474914004e-12,-1.442841823139279e-12
0.6916916916916918,1.0000000000295952,2.955523695400152e-11,-2.3031083053344114e-13,-3.713514681744311e-13,-5.171905766244476e-13,-6.245234907781879e-13
0.6936936936936937,1.0000000000128098,1.2792534428082253e-11,-9.96748309020548e-14,-1.6071567361733398e-13,-2.2383301758345922e-13,-2.7028752911801285e-13
0.6956956956956957,1.0000000000055438,5.536374614990323e-12,-4.3131701135068674e-14,-6.954592535635147e-14,-9.685859824139272e-14,-1.1696193193438752e-13
0.6976976976976976,1.0000000000023987,2.3957152224713992e-12,-1.8660963620494836e-14,-3.008932157567044e-14,-4.1906334147445814e-14,-5.060484675590236e-14
0.6996996996996996,1.0000000000010378,1.036518294082964e-12,-8.071808200791797e-15,-1.3015296299119995e-14,-1.812685759418586e-14,-2.1889921872569218e-14
0.7017017017017018,1.000000000000449,4.483490017349367e-13,-3.4901678637452383e-15,-5.627784761469389e-15,-7.838046574331106e-15,-9.465521757020721e-15
0.7037037037037037,1.000000000000194,1.9387030516645707e-13,-1.5081407799617591e-15,-2.431904317076638e-15,-3.387037264671327e-15,-4.090555044418785e-15
0.7057057057057057,1.000000000000084,8.379683085677236e-14,-6.509461803156768e-16,-1.0497191500641178e-15,-1.4620151649368798e-15,-1.765870955802138e-15
0.7077077077077076,1.0000000000000362,3.61815254028716e-14,-2.8036782803349327e-16,-4.521639227036447e-16,-6.297718897561082e-16,-7.60793283264737e-16
0.7097097097097096,1.0000000000000155,1.560056005871157e-14,-1.2028569160870355e-16,-1.94020148264911e-16,-2.702388369885949e-16,-3.26555553500185e-16
0.7117117117117118,1.0000000000000067,6.712518979851017e-15,-5.122126992321271e-17,-8.263835153201875e-17,-1.1510712933081123e-16,-1.391562978772143e-16
0.7137137137137137,1.0000000000000027,2.8543454088276525e-15,-2.1472012001094493e-17,-3.465126623009599e-17,-4.826827469786967e-17,-5.838308569383411e-17
0.7157157157157157,1.000000000000001,1.171829134784368e-15,-8.730142385908726e-18,-1.4091124496278205e-17,-1.9629174033607836e-17,-2.3750953920422464e-17
0.7177177177177176,1.0000000000000004,4.530405349886014e-16,-3.3733439582268076e-18,-5.44446952182052e-18,-7.584068702488072e-18,-9.175493307258565e-18
0.7197197197197196,1.0,1.5898889562627477e-16,-1.1992225058372388e-18,-1.9341255830592924e-18,-2.6937854930600867e-18,-3.254591708415642e-18
0.7217217217217218,1.0,3.9273361618121874e-17,-3.655264588313772e-19,-5.87738349259138e-19,-8.180864803966653e-19,-9.825436937855105e-19
0.7237237237237237,1.0,7.849702623073148e-18,-9.725321424782101e-20,-1.5554305586739495e-19,-2.1626642053003422e-19,-2.5701537291212295e-19
0.7257257257257257,1.0,1.6526429708633566e-18,-2.4657363450260333e-20,-3.921595801702499e-20,-5.445759802411028e-20,-6.400116180582633e-20
0.7277277277277276,1.0,3.420321689929261e-19,-6.038510024655729e-21,-9.547968095030463e-21,-1.324033908880339e-20,-1.537905676225583e-20
0.7297297297297298,1.0,7.412044042181518e-20,-1.4615163532841968e-21,-2.2986707983395296e-21,-3.183176524457121e-21,-3.657818588224798e-21
0.7317317317317318,1.0,1.595252897446563e-20,-3.459066086336637e-22,-5.411383926504032e-22,-7.482423690116232e-22,-8.504821595275027e-22
0.7337337337337337,1.0,3.411818015211529e-21,-8.052129166805057e-23,-1.2529859558609247e-22,-1.7297810016519292e-22,-1.9447126778392841e-22
0.7357357357357357,1.0,7.304986875789092e-22,-1.8539661694802176e-23,-2.8701392864778927e-23,-3.955836903236647e-23,-4.400228675934538e-23
0.7377377377377377,1.0,1.5663128493646534e-22,-4.227946813323129e-24,-6.5131038128192196e-24,-8.961855990400166e-24,-9.866683119265804e-24
0.7397397397397398,1.0,3.3544364389797074e-23,-9.547263386963357e-25,-1.463713096391407e-24,-2.0105601025119448e-24,-2.19144823291609e-24
0.7417417417417418,1.0,7.15129659908823e-24,-2.135071542586541e-25,-3.2577958461823976e-25,-4.466840331055859e-25,-4.820170633889626e-25
0.7437437437437437,1.0,1.5178854606149715e-24,-4.738032845145557e-26,-7.195298934369853e-26,-9.846980794740072e-26,-1.051946946752528e-25
0.7457457457457457,1.0,3.2155516440795744e-25,-1.0462063704378439e-26,-1.581370233117913e-26,-2.1599133087364617e-26,-2.284450751279522e-26
0.7477477477477477,1.0,6.81594708745382e-26,-2.303493553140026e-27,-3.465965689559048e-27,-4.724531718277684e-27,-4.948252444504923e-27
0.7497497497497498,1.0,1.447268630169255e-26,-5.062255563299672e-28,-7.58362308371339e-28,-1.0316582421962776e-27,-1.0703224509839169e-27
0.7517517517517518,1.0,3.0785689094738073e-27,-1.1106969235177465e-28,-1.6569340489517147e-28,-2.2495089180063497e-28,-2.31265451817052e-28
0.7537537537537538,1.0,6.557437193298448e-28,-2.4327527000753665e-29,-3.614656379135074e-29,-4.897508922946178e-29,-4.991228657270267e-29
0.7557557557557557,1.0,1.397866913205642e-28,-5.318104016443418e-30,-7.871653897563409e-30,-1.0643990702323037e-29,-1.0757504691127064e-29
0.7577577577577577,1.0,2.9805723841687787e-29,-1.1599991298947539e-30,-1.71073809354512e-30,-2.308647195481921e-30,-2.3147301188010573e-30
0.7597597597597598,1.0,6.353079131409239e-30,-2.5239750222990406e-31,-3.7093397857363976e-31,-4.9958587475602424e-31,-4.970916654205774e-31
0.7617617617617618,1.0,1.3529729806538747e-30,-5.477217904108068e-32,-8.022612063084498e-32,-1.0783746153206968e-31,-1.0651397034992775e-31
0.7637637637637638,1.0,2.8777892599385125e-31,-1.185441309996734e-32,-1.7307226921811077e-32,-2.3217679853821598e-32,-2.2770372382649338e-32
0.7657657657657657,1.0,6.11298497592644e-32,-2.559390894226435e-33,-3.7248955853290845e-33,-4.9869738649842216e-33,-4.857210616340225e-33
0.7677677677677677,1.0,1.297023996744162e-32,-5.5144582612937605e-34,-8.00098163248699e-34,-1.0690324476966246e-33,-1.0342158270739427e-33
0.7697697697697699,1.0,2.7498314737591486e-33,-1.1863188214071332e-34,-1.7160741644176662e-34,-2.2882429383446886e-34,-2.1991825198089213e-34
0.7717717717717718,1.0,5.828201454947646e-34,-2.5495625691572273e-35,-3.677287332821704e-35,-4.893378244424897e-35,-4.672824955210946e-35
0.7737737737737738,1.0,1.23549274374999e-34,-5.476512489377301e-36,-7.876446360721771e-36,-1.0459902653660537e-35,-9.926417797904671e-36
0.7757757757757757,1.0,2.6205520269564e-35,-1.176182022887029e-36,-1.686969112778244e-36,-2.2357665596027358e-36,-2.1090187637710817e-36
0.7777777777777777,1.0,5.562911718766974e-36,-2.5262264735631987e-37,-3.6137470170882716e-37,-4.779800560554699e-37,-4.482903544095292e-37
0.7797797797797799,1.0,1.181984144655044e-36,-5.426644086071297e-38,-7.74318029669296e-38,-1.0221599294979347e-37,-9.534093967031983e-38
0.7817817817817818,1.0,2.5136525067622082e-37,-1.1658313487823269e-38,-1.6595009408883405e-38,-2.1864629593636996e-38,-2.028774639464194e-38
0.7837837837837838,1.0,5.349620025575916e-38,-2.5045823257763048e-39,-3.556982884972106e-39,-4.677685195240883e-39,-4.3189154606463176e-39
0.7857857857857857,1.0,1.1391432249004321e-38,-5.3797484323769106e-40,-7.623640410115994e-40,-1.0007286497190094e-39,-9.196661657670914e-40
0.7877877877877877,1.0,2.4264698607166353e-39,-1.1551642388366016e-40,-1.6335960512783608e-40,-2.140539351245574e-40,-1.958483056303815e-40
0.7897897897897899,1.0,5.169154202759027e-40,-2.479224549131165e-41,-3.4991327978863095e-41,-4.5770181346477835e-41,-4.1702981987648584e-41
0.7917917917917918,1.0,1.1011142854265415e-40,-5.317754878845965e-42,-7.491279189596818e-42,-9.782272925674228e-42,-8.87787544016099e-42
0.7937937937937938,1.0,2.345058390917429e-41,-1.1398545655981528e-42,-1.6028624966164124e-42,-2.089577329684651e-42,-1.8893020912125212e-42
0.7957957957957957,1.0,4.992811284306825e-42,-2.441551337748239e-43,-3.427401528294513e-43,-4.4608901851601445e-43,-4.019019211238802e-43
0.7977977977977977,1.0,1.0626461880872976e-42,-5.2261160124637e-44,-7.324220868987499e-44,-9.517610829475199e-44,-8.545915223101779e-44
0.7997997997997999,1.0,2.2608981311814407e-43,-1.1178919330204633e-44,-1.564209707222317e-44,-2.0294910298629497e-44,-1.8164466183309367e-44
0.8018018018018018,1.0,4.808691634003941e-44,-2.389693377190747e-45,-3.338710370403192e-45,-4.325264610153313e-45,-3.859433262136608e-45
0.8038038038038038,1.0,1.0224279667508085e-44,-5.105261178144898e-46,-7.122362098580812e-46,-9.21332690995152e-46,-8.197317081674786e-46
0.8058058058058057,1.0,2.1732054164660302e-45,-1.0900177800953992e-46,-1.5185768773877579e-46,-1.9615750662777707e-46,-1.74049332085218e-46
0.8078078078078077,1.0,4.617714711520926e-46,-2.32589065986949e-47,-3.2360592498602904e-47,-4.1742432229645015e-47,-3.6942252657641357e-47
0.8098098098098099,1.0,9.808477554496078e-47,-4.959992282076309e-48,-6.892199540223065e-48,-8.878292373161268e-48,-7.838204699618408e-48
0.8118118118118118,1.0,2.0826245876549494e-47,-1.0570700913761444e-48,-1.4670820522993783e-48,-1.8873515123759762e-48,-1.6624212112376045e-48
0.8138138138138138,1.0,4.420212027721611e-48,-2.2514182736597066e-49,-3.1210643796479488e-49,-4.009990091118588e-49,-3.524419513412035e-49
0.8158158158158157,1.0,9.377596648469482e-49,-4.792300673857694e-50,-6.63600211056761e-50,-8.515367051728825e-50,-7.468843428592961e-50
0.8178178178178177,1.0,1.9886550918539575e-49,-1.0194903090129405e-50,-1.4101956087959402e-50,-1.807362672249465e-50,-1.5821416554036133e-50
0.8198198198198199,1.0,4.2156205391717562e-50,-2.1677017999551117e-51,-2.99533649869961e-51,-3.834355544047814e-51,-3.350287701464344e-51
0.8218218218218218,1.0,8.933543131664905e-51,-4.607112399851337e-52,-6.359739270173096e-52,-8.131635139883577e-52,-7.092395988200429e-52
0.8238238238238238,1.0,1.892698462150169e-51,-9.788419925685171e-53,-1.3498988428166078e-52,-1.7240202158984146e-52,-1.501121378026201e-52
0.8258258258258258,1.0,4.0093626943418846e-52,-2.0791926465111608e-53,-2.864671696299871e-53,-3.6545130909845805e-53,-3.176822066749928e-53
0.8278278278278277,1.0,8.492725679322927e-53,-4.4158747018109555e-54,-6.078576357309292e-54,-7.746075386950807e-54,-6.723048765903784e-54
0.8298298298298299,1.0,1.799013467498519e-53,-9.378074389671571e-55,-1.2897865552389451e-54,-1.6418575811134542e-54,-1.4228957251517085e-54
0.8318318318318318,1.0,3.81124657862491e-54,-1.9916400869356915e-55,-2.736836279278139e-55,-3.48031052126542e-55,-3.0119078630486147e-55
0.8338338338338338,1.0,8.075395962520552e-55,-4.229821052144187e-56,-5.807767727988952e-56,-7.378104685121021e-56,-6.376597082468937e-56
0.8358358358358358,1.0,1.7113199828278067e-55,-8.983564379184697e-57,-1.232540874385281e-56,-1.5642965991857036e-56,-1.3502657383407276e-56
0.8378378378378377,1.0,3.62713279607744e-56,-1.9080133343154497e-57,-2.6158686048791294e-57,-3.316899659365993e-57,-2.859727126996394e-57
0.8398398398398399,1.0,7.688542561764029e-57,-4.052300451358216e-58,-5.551809011693414e-58,-7.033415346570995e-58,-6.0574059692705264e-58
0.8418418418418419,1.0,1.6298524369336937e-57,-8.605672378385758e-59,-1.1782356720780055e-58,-1.4914057118133942e-58,-1.2831561651658158e-58
0.8438438438438438,1.0,3.4549897284284986e-58,-1.8272738044700736e-59,-2.5002351413289633e-59,-3.1622221335331715e-59,-2.7181462719248586e-59
0.8458458458458458,1.0,7.323330423297275e-59,-3.879104069579697e-60,-5.304602767433893e-60,-6.703897601831932e-60,-5.757521833549232e-60
0.8478478478478477,1.0,1.5520478548949703e-59,-8.232754369086832e-61,-1.1251848210584391e-60,-1.4209385631783787e-60,-1.2193808890580625e-60
0.8498498498498499,1.0,3.288609584681595e-60,-1.746737854640203e-61,-2.386026983109455e-61,-3.0110388054330123e-61,-2.582028959034508e-61
0.8518518518518519,1.0,6.9664808797989e-61,-3.704841627165394e-62,-5.05820428752205e-62,-6.378788587022446e-62,-5.466194224032335e-62
0.8538538538538538,1.0,1.4753669725750456e-61,-7.855425163908753e-63,-1.0719741445235885e-62,-1.3509428247667068e-62,-1.1569219292822404e-62
0.8558558558558558,1.0,3.123722607892392e-62,-1.6650789531900806e-63,-2.2711452191682903e-63,-2.860336983205519e-63,-2.448046599338634e-63
0.8578578578578577,1.0,6.612097910567212e-63,-3.5284117654968926e-64,-4.8105123896606656e-64,-6.0546796448774994e-64,-5.178949637982978e-64
0.8598598598598599,1.0,1.3993172458005403e-63,-7.47520123246616e-65,-1.0186916917251625e-64,-1.2813783217502776e-64,-1.0954350433028771e-64
0.8618618618618619,1.0,2.960902601612483e-64,-1.5833950805430542e-65,-2.1568617324723876e-65,-2.7114310903788027e-65,-2.3167328358474484e-65
0.8638638638638638,1.0,6.264508944854519e-65,-3.35353973589068e-66,-4.566198364855185e-66,-5.736929475555225e-66,-4.899296501296342e-66
0.8658658658658658,1.0,1.3253467129361507e-65,-7.102143945941934e-67,-9.666390673910005e-67,-1.2137927935273758e-66,-1.0360583297721115e-66
0.867867867867868,1.0,2.803976710025061e-66,-1.504071150452773e-67,-2.046314401722914e-67,-2.5681208228906676e-67,-2.1910362074753774e-67
0.8698698698698699,1.0,5.932541418395125e-67,-3.185344524380415e-68,-4.332070345678246e-68,-5.433872272259626e-68,-4.633911768221575e-68
0.8718718718718719,1.0,1.2552846184017942e-67,-6.746268998739241e-69,-9.171584835663706e-69,-1.1498408183352748e-68,-9.80146675041044e-69
0.8738738738738738,1.0,2.6563520910044395e-68,-1.4288719856631068e-69,-1.9418817787481632e-69,-2.43335080260139e-69,-2.0734088577989655e-69
0.8758758758758758,1.0,5.621741458728485e-69,-3.026506383766418e-70,-4.111756394615581e-70,-5.15000510521256e-70,-4.38659605974261e-70
0.877877877877878,1.0,1.1898455614244387e-69,-6.410590161223539e-71,-8.706589973767974e-71,-1.0900260804990904e-70,-9.281332911814101e-71
0.8798798798798799,1.0,2.5184366067519263e-70,-1.3578329686327264e-71,-1.8436095819130124e-71,-2.307154559885771e-71,-1.963893387293196e-71
0.8818818818818819,1.0,5.330561069848613e-71,-2.875847459801059e-72,-3.90363579344395e-72,-4.88322172741184e-72,-4.1555635099489175e-72
0.8838838838838838,1.0,1.1282179530282533e-71,-6.09021593272402e-73,-8.26466366030304e-73,-1.033480058113394e-72,-8.792699021589844e-73
0.8858858858858858,1.0,2.387621590979628e-72,-1.2895007292905445e-73,-1.7494884136647773e-73,-2.1869445056656773e-73,-1.860237352882578e-73
0.887887887887888,1.0,5.052004858382503e-73,-2.729652348420864e-74,-3.702553228091541e-74,-4.626869871313491e-74,-3.934969856614439e-74
0.8898898898898899,1.0,1.0687148621012343e-73,-5.776519278458033e-75,-7.833784924951759e-75,-9.786463109982393e-75,-8.3217630046084e-75
0.8918918918918919,1.0,2.260142926619857e-74,-1.2220170919675803e-75,-1.6569158001401656e-75,-2.0693350740721492e-75,-1.7594076107278879e-75
0.8938938938938938,1.0,4.7782105862367455e-75,-2.5841825547413335e-76,-3.503238279665019e-76,-4.3740487965310174e-76,-3.718557472038169e-76
0.8958958958958958,1.0,1.0097954978207368e-75,-5.462493885048459e-77,-7.40398673091453e-77,-9.242077806760065e-77,-7.856396067730664e-77
0.897897897897898,1.0,2.1331842826666434e-76,-1.1541765760253722e-77,-1.564153010308668e-77,-1.951996022950587e-77,-1.6592113169185054e-77
0.8998998998998999,1.0,4.5044625962020356e-77,-2.437605441170362e-78,-3.30298156891218e-78,-4.121036355368602e-78,-3.5027002137421343e-78
0.9019019019019019,1.0,9.507686969299873e-78,-5.1459461273473024e-79,-6.971826511037954e-79,-8.696643648861902e-79,-7.391377480676016e-79
0.9039039039039038,1.0,2.005977622524749e-78,-1.0858818128217533e-79,-1.4709733230969084e-79,-1.8345025336165566e-79,-1.5590911940316867e-79
0.9059059059059058,1.0,4.2306056886084164e-79,-2.2904648159069343e-80,-3.1023345612254134e-80,-3.868242390464912e-80,-3.2873637282841137e-80
0.907907907907908,1.0,8.918943760304593e-80,-4.829468860473305e-81,-6.540465723674331e-81,-8.153573291670062e-81,-6.928888809566213e-81
0.9099099099099099,1.0,1.8796211587873738e-80,-1.0179411223851176e-81,-1.3784072448520133e-81,-1.7180411203498949e-81,-1.4599259820885596e-81
0.9119119119119119,1.0,3.959921004789274e-81,-2.1449022881933034e-82,-2.904083624118563e-82,-3.618962532631526e-82,-3.075125537863438e-82
0.9139139139139139,1.0,8.340194500635225e-82,-4.51823049035656e-83,-6.1167082192085215e-83,-7.621033220830252e-83,-6.4755065813733304e-83
0.9159159159159158,1.0,1.7561177486835918e-82,-9.515234695901106e-84,-1.2880054928213753e-83,-1.6044901569274765e-83,-1.3632569549166156e-83
0.917917917917918,1.0,3.6968580677484226e-83,-2.0034308672516865e-84,-2.711580453027393e-84,-3.377281358348218e-84,-2.869382337664742e-84
0.91991991991992,1.0,7.780841342360325e-84,-4.217404390951624e-85,-5.707481073599295e-85,-7.10749976245089e-85,-6.038352701946111e-85
0.9219219219219219,1.0,1.637369110680535e-84,-8.876524639197395e-86,-1.2011426297087414e-85,-1.495536061593739e-85,-1.2705130696867922e-85
0.9239239239239239,1.0,3.445108399721208e-85,-1.8679989334097435e-86,-2.5274468336780755e-86,-3.146419937847328e-86,-2.6728834274319417e-86
0.9259259259259258,1.0,7.247758509172283e-86,-3.930552038356346e-87,-5.317582903543101e-87,-6.618869129947743e-87,-5.622493579173996e-87
0.927927927927928,1.0,1.524598554323452e-86,-8.269500062479856e-88,-1.1186569792200932e-87,-1.3922074485920397e-87,-1.1825840472550897e-87
0.92992992992993,1.0,3.2067336812470554e-87,-1.7396323809586668e-88,-2.3530648114275452e-88,-2.928067716244155e-88,-2.4871008507172968e-88
0.9319319319319319,1.0,6.744174159948811e-88,-3.659234995802668e-89,-4.949112166313766e-89,-6.1576859596566215e-89,-5.2301677559902687e-89
0.9339339339339339,1.0,1.4182552779935327e-88,-7.696233014951085e-90,-1.040825081738627e-89,-1.2948333408085884e-89,-1.0997642054831553e-89
0.9359359359359358,1.0,2.9822189548183768e-89,-1.6185281830314846e-90,-2.1886906663211282e-90,-2.722508999244875e-90,-2.312302695916602e-90
0.937937937937938,1.0,6.270215745906091e-90,-3.4034096712484525e-91,-4.6019831699691216e-91,-5.723764418285908e-91,-4.861261476760575e-91
0.93993993993994,1.0,1.3181972019438638e-90,-7.155774949819845e-92,-9.675118676283343e-92,-1.2032276818595033e-91,-1.0219020948714813e-91
0.9419419419419419,1.0,2.7709533226587797e-91,-1.5043300397670839e-92,-2.033825925675433e-92,-2.5290831278458587e-92,-2.1479359786379213e-92
0.9439439439439439,1.0,5.8240345128021994e-92,-3.162046052340002e-93,-4.274763470740115e-93,-5.315232345549866e-93,-4.514190253562951e-93
0.9459459459459458,1.0,1.2239359112404141e-92,-6.645469217801317e-94,-8.983488979818137e-94,-1.1169122750105604e-93,-9.485904726986242e-94
0.947947947947948,1.0,2.5717382432427898e-93,-1.3963960288008847e-94,-1.8875815869632507e-94,-2.346640812633041e-94,-1.993017820724711e-94
0.94994994994995,1.0,5.402824897624955e-94,-2.933658657019037e-95,-3.965397132219106e-95,-4.929437994411771e-95,-4.1866789353751855e-95
0.9519519519519519,1.0,1.1348363503645773e-94,-6.161985308986574e-96,-8.328752728492914e-96,-1.0352933954866306e-95,-8.793185033762242e-96
0.9539539539539539,1.0,2.3831730407410388e-95,-1.2939980069416938e-96,-1.7489496504586523e-96,-2.1738841518036516e-96,-1.8464285281896548e-96
0.9559559559559558,1.0,5.0035635999943215e-96,-2.716689605981142e-97,-3.671725854953697e-97,-4.563601686358294e-97,-3.8763228831089144e-97
0.957957957957958,1.0,1.0502584268479535e-96,-5.702055824141496e-98,-7.706377689099378e-98,-9.577868134469264e-98,-8.135792580707772e-98
0.95995995995996,1.0,2.2039272343384823e-97,-1.196463967352383e-98,-1.616996343908747e-98,-2.0096075446312105e-98,-1.7071184312409388e-98
0.9619619619619619,1.0,4.62353614776101e-98,-2.5097846294778716e-99,-3.3918633834112094e-99,-4.215282253276076e-99,-3.5809881512519187e-99
0.9639639639639639,1.0,9.696592081518133e-99,-5.263011681869732e-100,-7.112634547461841e-100,-8.839082689930857e-100,-7.509473927992034e-100
0.9659659659659658,1.0,2.0329386345699397e-99,-1.1032811379746696e-100,-1.4910021771406074e-100,-1.8528724151319957e-100,-1.5742583072010153e-100
0.967967967967968,1.0,4.260717253323015e-100,-2.3119883976937343e-101,-3.1244615363524424e-101,-3.882709816042246e-101,-3.299099523857058e-101
0.96996996996997,1.0,8.926644219505582e-101,-4.8431409789303884e-102,-6.545087780786508e-102,-8.1333515286438e-102,-6.911330095431458e-102
0.9719719719719719,1.0,1.869542757416265e-101,-1.0141585411329663e-102,-1.370548121757577e-102,-1.7031162845561732e-102,-1.4473359738513514e-102
0.9739739739739739,1.0,3.913990356161466e-102,-2.1228439605645126e-103,-2.868848910578914e-103,-3.5649635170247316e-103,-3.0298017134248195e-103
0.9759759759759759,1.0,8.191015136705617e-103,-4.441819492467098e-104,-6.00278287205432e-104,-7.459311401617145e-104,-6.340051261878711e-104
0.977977977977978,1.0,1.7135103820882999e-103,-9.290356964144419e-105,-1.2555299697596081e-104,-1.5601739153499522e-104,-1.3261803210601864e-104
0.97997997997998,1.0,3.583150975712468e-104,-1.9423677670754846e-105,-2.6250030499209413e-105,-3.2619444836067433e-105,-2.7729502687224012e-105
0.9819819819819819,1.0,7.489830523222702e-105,-4.05936165827411e-106,-5.486057809127889e-106,-6.817244028485613e-106,-5.795762022140949e-106
0.9839839839839839,1.0,1.5649745285017321e-105,-8.48030595062266e-107,-1.1460906841015145e-106,-1.4241965973621108e-106,-1.210899068837758e-106
0.9859859859859861,1.0,3.268672500987051e-106,-1.7708978209232216e-107,-2.3933503960207227e-107,-2.9741336449008594e-107,-2.5289183132586917e-107
0.987987987987988,1.0,6.824412017490992e-107,-3.6966186657264106e-108,-4.996009162555882e-108,-6.208423791497424e-108,-5.279490191323957e-108
0.98998998998999,1.0,1.4242616782707666e-107,-7.713401905982897e-109,-1.0424873748674153e-108,-1.295488519432866e-108,-1.1017435788289755e-108
0.991991991991992,1.0,2.9712986083475033e-108,-1.6088608449631735e-109,-2.174453408161399e-109,-2.702204679120953e-109,-2.298273043126756e-109
0.9939939939939939,1.0,6.196434858619031e-109,-3.354509199302904e-110,-4.533858547214751e-110,-5.634329869972567e-110,-4.792502055648425e-110
0.9959959959959961,1.0,1.2921872539205098e-109,-6.994001757688708e-111,-9.453067282549123e-111,-1.1747734550622763e-110,-9.99335474722808e-111
0.997997997997998,1.0,2.7158830360346794e-110,-1.4696711161556148e-111,-1.9864435030405648e-111,-2.468686293419068e-111,-2.1002055083341385e-111
1.0,1.0,6.773849847616018e-111,-3.6647056695842457e-112,-4.953434061143428e-112,-6.15611572306085e-112,-5.237777975165361e-112
