-3.0,5.0,9.922071517997362e-122,-1.1307208197463576e-123,-1.8774735088880087e-123
-2.998999799959992,5.0,7.471032059650803e-121,-8.514063073311835e-123,-1.4136935603316675e-122
-2.997999599919984,5.0,6.273244749375003e-120,-7.149101109469996e-122,-1.18705227443004e-121
-2.996999399879976,5.0,5.276011783594055e-119,-6.012677275140924e-121,-9.983579668977819e-121
-2.995999199839968,5.0,4.437337128537263e-118,-5.056936400997094e-120,-8.396646587581688e-120
-2.99499899979996,5.0,3.731920247510626e-117,-4.253048628022183e-119,-7.061853756308346e-119
-2.993998799759952,5.0,3.1385959073367624e-116,-3.5768961052989683e-118,-5.939155356152725e-118
-2.992998599719944,5.0,2.6395602233102227e-115,-3.0081911118439794e-117,-4.994865202385696e-117
-2.991998399679936,5.0,2.2198358908897155e-114,-2.5298667299819673e-116,-4.200645004719261e-116
-2.990998199639928,5.0,1.8668236188960424e-113,-2.1275657353210145e-115,-3.532655708577845e-115
-2.98999799959992,5.0,1.5699247303346837e-112,-1.7892105742619192e-114,-2.9708434759774757e-114
-2.988997799559912,5.0,1.3202236311268945e-111,-1.5046415547430775e-113,-2.498338929227911e-113
-2.987997599519904,5.0,1.1102206538388829e-110,-1.2653124344306503e-112,-2.100951698668746e-112
-2.986997399479896,5.0,9.336072882167937e-110,-1.0640343049091665e-111,-1.7667451621896887e-111
-2.985997199439888,5.0,7.850770764903005e-109,-8.947601129847772e-111,-1.485678659540732e-110
-2.98499699939988,5.0,6.6016651696162455e-108,-7.524033742298088e-110,-1.2493064802191354e-109
-2.983996799359872,5.0,5.551212161192507e-107,-6.326856555658999e-109,-1.0505246201225705e-108
-2.982996599319864,5.0,4.66783284144735e-106,-5.3200826346548945e-108,-8.83357729760594e-108
-2.981996399279856,5.0,3.924966037226287e-105,-4.4734429788742183e-107,-7.427798781925963e-107
-2.980996199239848,5.0,3.30027136460256e-104,-3.761478409326682e-106,-6.245637678425967e-106
-2.97999599919984,5.0,2.7749588091951136e-103,-3.1627756157456682e-105,-5.251538860896239e-105
-2.978995799159832,5.0,2.3332247467591147e-102,-2.6593244897257607e-104,-4.415597954314394e-104
-2.977995599119824,5.0,1.961777512449262e-101,-2.2359774968638255e-103,-3.712663664338779e-103
-2.976995399079816,5.0,1.6494383065749917e-100,-1.8799948939779235e-102,-3.1215826458958745e-102
-2.975995199039808,5.0,1.3868054792558695e-99,-1.5806621663543717e-101,-2.6245642875202725e-101
-2.9749949989998,5.0,1.165972133472471e-98,-1.3289682215266783e-100,-2.2066463771985034e-100
-2.973994798959792,5.0,9.802885822551273e-98,-1.1173346948767773e-99,-1.8552456354231552e-99
-2.972994598919784,5.0,8.241625388458244e-97,-9.393882526986883e-99,-1.5597796421911528e-98
-2.971994398879776,5.0,6.9289104873763185e-96,-7.897690659991476e-98,-1.3113488226976855e-97
-2.970994198839768,5.0,5.825191233132147e-95,-6.63969711706578e-97,-1.1024689553739106e-96
-2.96999399879976,5.0,4.897208347894062e-94,-5.5819966949941984e-96,-9.268461794577399e-96
-2.968993798759752,5.0,4.116993052447207e-93,-4.69271349396444e-95,-7.791877527175629e-95
-2.967993598719744,5.0,3.461025887868479e-92,-3.9450423050571503e-94,-6.550428813432012e-94
-2.966993398679736,5.0,2.909529223432545e-91,-3.3164423420145663e-93,-5.506688454162554e-93
-2.965993198639728,5.0,2.445872213811866e-90,-2.787959117265865e-92,-4.629184017343061e-92
-2.96499299859972,5.0,2.0560703407545096e-89,-2.3436541046648795e-91,-3.8914508377713825e-91
-2.963992798559712,5.0,1.7283645113396836e-88,-1.9701250640388123e-90,-3.2712355535841694e-90
-2.962992598519704,5.0,1.4528670715291065e-87,-1.6561026221968937e-89,-2.7498262606648773e-89
-2.961992398479696,5.0,1.221264101495278e-86,-1.39211099290868e-88,-2.3114891647946276e-88
-2.960992198439688,5.0,1.0265650482285476e-85,-1.1701826430262568e-87,-1.9429948071537064e-87
-2.95999199839968,5.0,8.628921717826629e-85,-9.836183310246082e-87,-1.6332196271709857e-86
-2.958991798359672,5.0,7.253034767700535e-84,-8.26785306260024e-86,-1.3728108882561988e-85
-2.957991598319664,5.0,6.0964380616945474e-83,-6.949476029967654e-85,-1.1539048943792894e-84
-2.956991398279656,5.0,5.12419620285529e-82,-5.8412332705410935e-84,-9.698900257789827e-84
-2.955991198239648,5.0,4.306936951491582e-81,-4.9096464366028126e-83,-8.152074682440813e-83
-2.95499099819964,5.0,3.619965730928033e-80,-4.126568570654965e-82,-6.85183642761829e-82
-2.953990798159632,5.0,3.0425210161862205e-79,-3.468335461064499e-81,-5.758892948123735e-81
-2.952990598119624,5.0,2.5571482009172243e-78,-2.9150520242821163e-80,-4.8402100376456745e-80
-2.951990398079616,5.0,2.149173099353328e-77,-2.449992239261962e-79,-4.068015467217055e-79
-2.950990198039608,5.0,1.8062592356160455e-76,-2.0590945734368707e-78,-3.41896117988682e-78
-2.9499899979996,5.0,1.5180355922836783e-75,-1.7305377109018003e-77,-2.8734188208861193e-77
-2.948989797959592,5.0,1.2757836092885502e-74,-1.454383808477389e-76,-2.4148873925201705e-76
-2.947989597919584,5.0,1.0721740065834006e-73,-1.2222785365414711e-75,-2.0294951956918053e-75
-2.946989397879576,5.0,9.010455030912375e-73,-1.0271988698969422e-74,-1.7055810565948907e-74
-2.945989197839568,5.0,7.572187652407487e-72,-8.63241030777293e-74,-1.4333422228642652e-73
-2.94498899779956,5.0,6.363399787504629e-71,-7.254421945196762e-73,-1.20453831996972e-72
-2.943988797759552,5.0,5.347493291067027e-70,-6.096305847514287e-72,-1.0122424461546343e-71
-2.942988597719544,5.0,4.493704261723257e-69,-5.122994396674262e-71,-8.506319034343687e-71
-2.941988397679536,5.0,3.776173390993114e-68,-4.305010498014782e-70,-7.148122557233603e-70
-2.940988197639528,5.0,3.1731643815280955e-67,-3.617576722151157e-69,-6.006694089180695e-69
-2.93998799759952,5.0,2.66640686130499e-66,-3.0398663441006844e-68,-5.047452518928353e-68
-2.938987797559512,5.0,2.2405439718905244e-65,-2.5543736879842122e-67,-4.2413310724180396e-67
-2.937987597519504,5.0,1.88266796348445e-64,-2.1463847809070465e-66,-3.5638983756516097e-66
-2.9369873974794958,5.0,1.581929782217061e-63,-1.8035323429832784e-65,-2.99461955103267e-65
-2.9359871974394878,5.0,1.3292108659174942e-62,-1.5154216828604934e-64,-2.51623504666612e-64
-2.9349869973994798,5.0,1.11684724039191e-61,-1.273316206006625e-63,-2.1142384479173306e-63
-2.9339867973594718,5.0,9.383975855992743e-61,-1.0698730407619565e-62,-1.7764375055399863e-62
-2.9329865973194638,5.0,7.884482674580474e-60,-8.989207988366866e-62,-1.4925851247026295e-61
-2.9319863972794558,5.0,6.624494462837278e-59,-7.552727580472574e-61,-1.2540691698263786e-60
-2.9309861972394478,5.0,5.565773106218685e-58,-6.345698238987761e-60,-1.0536517148276873e-59
-2.9299859971994398,5.0,4.6761827374190677e-57,-5.331485253179564e-59,-8.852498605755054e-59
-2.9289857971594317,5.0,3.928716330419335e-56,-4.479300554858134e-58,-7.437514960606375e-58
-2.9279855971194237,5.0,3.3006775005459e-55,-3.763270040725307e-57,-6.24860434728775e-57
-2.9269853970794157,5.0,2.772992774345552e-54,-3.1616496137938e-56,-5.249662444295757e-56
-2.9259851970394077,5.0,2.3296335337202793e-53,-2.6561662404070342e-55,-4.410348352090303e-55
-2.9249849969993997,5.0,1.957130151911172e-52,-2.231464095688083e-54,-3.705164961967873e-54
-2.9239847969593917,5.0,1.6441636244467915e-51,-1.8746390451900515e-53,-3.1126860001433963e-53
-2.9229845969193837,5.0,1.3812223400659445e-50,-1.5748473798299662e-52,-2.6149063634767023e-52
-2.9219843968793757,5.0,1.1603136055117291e-49,-1.3229769653553033e-51,-2.1966960895408698e-51
-2.9209841968393677,5.0,9.74721193358646e-49,-1.111370854300421e-50,-1.8453414364585884e-50
-2.9199839967993597,5.0,8.18801573611508e-48,-9.335949945511454e-50,-1.5501591816269343e-49
-2.9189837967593517,5.0,6.878126596904282e-47,-7.84243002103976e-49,-1.3021724625688337e-48
-2.9179835967193437,5.0,5.7776988289474866e-46,-6.58772086619693e-48,-1.0938383445027865e-47
-2.9169833966793357,5.0,4.853252362061534e-45,-5.533651607637724e-47,-9.18818863990349e-47
-2.9159831966393277,5.0,4.076656233083588e-44,-4.648149565471843e-46,-7.717886134408768e-46
-2.9149829965993197,5.0,3.4242743295461256e-43,-3.9042663785108276e-45,-6.482730370429548e-45
-2.9139827965593117,5.0,2.876247499492465e-42,-3.279359581488232e-44,-5.445125382447717e-44
-2.9129825965193037,5.0,2.415890268596897e-41,-2.7544048303662657e-43,-4.573482802957778e-43
-2.9119823964792957,5.0,2.029183876123232e-40,-2.313417927652454e-42,-3.841262181925327e-42
-2.9109821964392877,5.0,1.7043502583578675e-39,-1.9429691248123296e-41,-3.226164524880981e-41
-2.9099819963992797,5.0,1.4314940601616237e-38,-1.631774973874005e-40,-2.709454595131343e-40
-2.9089817963592717,5.0,1.20230181632993e-37,-1.3703553496708913e-39,-2.2753914264740535e-39
-2.9079815963192637,5.0,1.009789176849381e-36,-1.150745238890317e-38,-1.9107497716676223e-38
-2.9069813962792557,5.0,8.480885062696946e-36,-9.662525518945068e-38,-1.6044179678653685e-37
-2.9059811962392477,5.0,7.122704113000522e-35,-8.112546083413772e-37,-1.347060016604966e-36
-2.9049809961992397,5.0,5.981937794020343e-34,-6.810271201441651e-36,-1.1308316228005652e-35
-2.9039807961592317,5.0,5.0237977571700706e-33,-5.716004807462964e-35,-9.49141573417286e-35
-2.9029805961192237,5.0,4.219059723123175e-32,-4.796389978834338e-34,-7.964512116517857e-34
-2.9019803960792157,5.0,3.543173944591276e-31,-4.02339403034821e-33,-6.681059181350742e-33
-2.9009801960392076,5.0,2.9755178194487918e-30,-3.3734555569773174e-32,-5.60193481894279e-32
-2.8999799959991996,5.0,2.4987679481184773e-29,-2.8267675215790404e-31,-4.694250599574944e-31
-2.8989797959591916,5.0,2.098372554555644e-28,-2.3666746145388772e-30,-3.9303511026457886e-30
-2.8979795959191836,5.0,1.7621082368204744e-27,-1.9791665824447308e-29,-3.2869725871188113e-29
-2.8969793958791756,5.0,1.4797075735231297e-26,-1.6524521380603337e-28,-2.744535451779647e-28
-2.8959791958391676,5.0,1.2425462641848064e-25,-1.3766005126726207e-27,-2.2865489995548702e-27
-2.8949789957991596,5.0,1.0433802899958834e-24,-1.1432397686415556e-26,-1.8991104349054662e-26
-2.8939787957591516,5.0,8.761251011814542e-24,-9.45302716923446e-26,-1.5704828903893256e-25
-2.8929785957191436,5.0,7.356701141228399e-23,-7.768127337091429e-25,-1.2907396846166734e-24
-2.8919783956791356,5.0,6.177228744304253e-22,-6.327029862102963e-24,-1.0514640322033773e-23
-2.8909781956391276,5.0,5.186781439952922e-21,-5.0866359709528906e-23,-8.454951184740825e-23
-2.8899779955991196,5.0,4.355079272725736e-20,-4.01012130643221e-22,-6.667128682417305e-22
-2.8889777955591116,5.0,3.656690888469437e-19,-3.065834980872346e-21,-5.098549233724946e-21
-2.8879775955191036,5.0,3.0702574975082963e-18,-2.2263597665475865e-20,-3.7036033420677744e-20
-2.8869773954790956,5.0,2.5778409956374066e-17,-1.467705341369723e-19,-2.4423529453653485e-19
-2.8859771954390876,5.0,2.164376388331465e-16,-7.686106364759198e-19,-1.2793693397103897e-18
-2.8849769953990796,4.999999999999999,5.875489615481082e-16,-2.3113620990670206e-18,-3.847199075763192e-18
-2.8839767953590716,4.999999999999997,1.154209476398686e-15,-5.182994813975003e-18,-8.626066110012502e-18
-2.8829765953190636,4.999999999999996,1.836702480678081e-15,-9.498218087944568e-18,-1.580551689964325e-17
-2.881976395279056,4.999999999999994,2.4732156737863864e-15,-1.5137860630401917e-17,-2.5185393908885257e-17
-2.880976195239048,4.999999999999992,3.117004015580545e-15,-2.2156535382444464e-17,-3.685510310838041e-17
-2.87997599519904,4.99999999999999,3.762078512216077e-15,-3.0528861672907624e-17,-5.0770793258016896e-17
-2.878975795159032,4.9999999999999885,4.404939326769126e-15,-4.024312663018748e-17,-6.691138960016317e-17
-2.877975595119024,4.999999999999987,5.047966368963999e-15,-5.129462603175415e-17,-8.526750776245407e-17
-2.876975395079016,4.999999999999985,5.690451673213981e-15,-6.367241089015712e-17,-1.0581937230823721e-16
-2.875975195039008,4.999999999999983,6.332452260991313e-15,-7.73680432386254e-17,-1.2855140187475467e-16
-2.874974994999,4.999999999999981,6.974030023807782e-15,-9.237273452698252e-17,-1.5344744321263446e-16
-2.873974794958992,4.99999999999998,7.615153329694493e-15,-1.0867764017850007e-16,-1.8049126126567942e-16
-2.872974594918984,4.999999999999978,8.255834330188443e-15,-1.262740935548953e-16,-2.0966692892222335e-16
-2.871974394878976,4.999999999999976,8.896075507692937e-15,-1.4515344594822858e-16,-2.409585604286423e-16
-2.870974194838968,4.999999999999974,9.535878684333234e-15,-1.6530711686382805e-16,-2.74350395031373e-16
-2.86997399479896,4.9999999999999725,1.0175247116611457e-14,-1.8672658837752826e-16,-3.098267875102592e-16
-2.868973794758952,4.999999999999971,1.0814183427521121e-14,-2.0940340094265759e-16,-3.473722011106464e-16
-2.867973594718944,4.999999999999969,1.1452690338743682e-14,-2.3332915546385967e-16,-3.8697121091672316e-16
-2.866973394678936,4.999999999999967,1.2090770569766767e-14,-2.584955121056094e-16,-4.286085017877843e-16
-2.865973194638928,4.999999999999965,1.272842679873133e-14,-2.848941899384353e-16,-4.722688676894257e-16
-2.86497299459892,4.999999999999964,1.3365661693266361e-14,-3.1251696657896525e-16,-5.179372110153541e-16
-2.863972794558912,4.999999999999962,1.4002477900738526e-14,-3.413556777362605e-16,-5.655985417536248e-16
-2.862972594518904,4.99999999999996,1.4638878049421304e-14,-3.714022168088922e-16,-6.152379767379338e-16
-2.861972394478896,4.999999999999958,1.527486474931391e-14,-4.026485344734824e-16,-6.668407388852656e-16
-2.860972194438888,4.9999999999999565,1.5910440591822287e-14,-4.3508663827595164e-16,-7.203921564385913e-16
-2.85997199439888,4.999999999999955,1.654560815002068e-14,-4.68708592227179e-16,-7.758776622174647e-16
-2.858971794358872,4.999999999999953,1.718036997877254e-14,-5.035065164009098e-16,-8.332827928729029e-16
-2.857971594318864,4.999999999999951,1.7814728614848747e-14,-5.394725865347136e-16,-8.925931881478851e-16
-2.856971394278856,4.999999999999949,1.8448686577063342e-14,-5.76599033633819e-16,-9.537945901431777e-16
-2.855971194238848,4.999999999999948,1.908224636640038e-14,-6.148781435777524e-16,-1.0168728425883613e-15
-2.85497099419884,4.999999999999946,1.9715410466141522e-14,-6.543022567297831e-16,-1.081813890118057e-15
-2.853970794158832,4.999999999999944,2.034818134199257e-14,-6.948637675491343e-16,-1.1486037775532847e-15
-2.852970594118824,4.999999999999942,2.0980561442208605e-14,-7.365551242059465e-16,-1.2172286491879248e-15
-2.851970394078816,4.9999999999999405,2.1612553197718062e-14,-7.793688281989795e-16,-1.2876747480802573e-15
-2.850970194038808,4.999999999999939,2.22441590222458e-14,-8.232974339760417e-16,-1.359928415349554e-15
-2.8499699939988,4.999999999999937,2.2875381312435333e-14,-8.683335485571357e-16,-1.4339760894777029e-15
-2.848969793958792,4.999999999999935,2.3506222447970203e-14,-9.144698311602975e-16,-1.509804305615829e-15
-2.847969593918784,4.999999999999933,2.413668479169471e-14,-9.616989928301174e-16,-1.5873996948958729e-15
-2.846969393878776,4.999999999999932,2.4766770689733757e-14,-1.0100137960689116e-15,-1.666748983747092e-15
-2.845969193838768,4.99999999999993,2.5396482471611957e-14,-1.0594070544705297e-15,-1.747838993217437e-15
-2.84496899379876,4.999999999999928,2.6025822450371904e-14,-1.1098716323567728e-15,-1.8306566382997762e-15
-2.843968793758752,4.999999999999926,2.665479292269149e-14,-1.1614004444163976e-15,-1.915188927262902e-15
-2.842968593718744,4.9999999999999245,2.728339616900048e-14,-1.2139864553466968e-15,-2.001422960987329e-15
-2.841968393678736,4.999999999999923,2.791163445359607e-14,-1.2676226794976344e-15,-2.0893459323058064e-15
-2.840968193638728,4.999999999999921,2.853951002475771e-14,-1.3223021805185197e-15,-2.178945125348554e-15
-2.83996799359872,4.999999999999919,2.916702511486104e-14,-1.3780180710071989e-15,-2.270207914893155e-15
-2.838967793558712,4.999999999999917,2.9794181940491e-14,-1.4347635121617566e-15,-2.363121765719099e-15
-2.837967593518704,4.999999999999916,3.042098270255423e-14,-1.4925317134347029e-15,-2.457674231966934e-15
-2.836967393478696,4.999999999999914,3.104742958639066e-14,-1.5513159321896247e-15,-2.5538529565019885e-15
-2.835967193438688,4.999999999999912,3.167352476188418e-14,-1.611109473360293e-15,-2.6516456702826315e-15
-2.83496699339868,4.99999999999991,3.229927038357278e-14,-1.6719056891121964e-15,-2.751040191733049e-15
-2.833966793358672,4.9999999999999085,3.292466859075761e-14,-1.7336979785064918e-15,-2.852024426120484e-15
-2.832966593318664,4.999999999999907,3.3549721507611564e-14,-1.7964797871663485e-15,-2.9545863649369207e-15
-2.831966393278656,4.999999999999905,3.417443124328677e-14,-1.8602446069456804e-15,-3.0587140852851847e-15
-2.830966193238648,4.999999999999903,3.479879989202161e-14,-1.92498597560023e-15,-3.1643957492694236e-15
-2.82996599319864,4.999999999999901,3.542282953324672e-14,-1.9906974764610053e-15,-3.271619603389916e-15
-2.828965793158632,4.9999999999999,3.604652223169041e-14,-2.0573727381100487e-15,-3.3803739779422345e-15
-2.827965593118624,4.999999999999898,3.6669880037483205e-14,-2.1250054340585137e-15,-3.4906472864206554e-15
-2.826965393078616,4.999999999999896,3.729290498626181e-14,-2.1935892824270433e-15,-3.602428024925864e-15
-2.825965193038608,4.999999999999894,3.791559909927213e-14,-2.26311804562842e-15,-3.7157047715768485e-15
-2.8249649929986,4.9999999999998925,3.853796438347172e-14,-2.333585530052495e-15,-3.830466185927023e-15
-2.823964792958592,4.999999999999891,3.916000283163142e-14,-2.4049855857533464e-15,-3.946701008384482e-15
-2.822964592918584,4.999999999999889,3.97817164224363e-14,-2.477312106138684e-15,-4.064398059636426e-15
-2.821964392878576,4.999999999999887,4.0403107120585845e-14,-2.550559027661459e-15,-4.183546240077656e-15
-2.820964192838568,4.999999999999885,4.102417687689348e-14,-2.624720329513678e-15,-4.3041345292431755e-15
-2.81996399279856,4.999999999999884,4.1644927628385364e-14,-2.6997900333224057e-15,-4.426151985244821e-15
-2.818963792758552,4.999999999999882,4.226536129839843e-14,-2.7757622028479196e-15,-4.5495877442119195e-15
-2.817963592718544,4.99999999999988,4.288547979667782e-14,-2.852630943684036e-15,-4.6744310197359244e-15
-2.816963392678536,4.999999999999878,4.350528501947349e-14,-2.9303904029605644e-15,-4.800671102319029e-15
-2.815963192638528,4.9999999999998765,4.412477884963632e-14,-3.009034769047884e-15,-4.9282973588267024e-15
-2.81496299259852,4.999999999999875,4.4743963156713284e-14,-3.0885582712636256e-15,-5.057299231944133e-15
-2.813962792558512,4.999999999999873,4.536283979704221e-14,-3.1689551795814527e-15,-5.187666239636539e-15
-2.812962592518504,4.999999999999871,4.5981410613845684e-14,-3.250219804341911e-15,-5.319387974613346e-15
-2.8119623924784958,4.999999999999869,4.6599677437324303e-14,-3.332346495965346e-15,-5.452454103796179e-15
-2.8109621924384878,4.999999999999868,4.721764208474936e-14,-3.415329644666866e-15,-5.586854367790638e-15
-2.8099619923984798,4.999999999999866,4.783530636055472e-14,-3.499163680173332e-15,-5.722578580361849e-15
-2.8089617923584718,4.999999999999864,4.845267205642823e-14,-3.583843071442381e-15,-5.859616627913767e-15
-2.8079615923184638,4.999999999999862,4.906974095140228e-14,-3.669362326383429e-15,-5.9979584689721636e-15
-2.8069613922784558,4.999999999999861,4.9686514811943875e-14,-3.755715991580698e-15,-6.1375941336713386e-15
-2.8059611922384478,4.999999999999859,5.030299539204397e-14,-3.84289865201818e-15,-6.27851372324446e-15
-2.8049609921984398,4.999999999999857,5.09191844333062e-14,-3.930904930806594e-15,-6.420707409517554e-15
-2.8039607921584317,4.999999999999855,5.153508366503497e-14,-4.019729488912258e-15,-6.5641654344071035e-15
-2.8029605921184237,4.9999999999998535,5.215069480432294e-14,-4.109367024887936e-15,-6.708878109421221e-15
-2.8019603920784157,4.999999999999852,5.2766019556137866e-14,-4.1998122746055675e-15,-6.854835815164392e-15
-2.8009601920384077,4.99999999999985,5.3381059613408825e-14,-4.291060010990916e-15,-7.002029000845736e-15
-2.7999599919983997,4.999999999999848,5.3995816657111825e-14,-4.383105043760112e-15,-7.150448183790792e-15
-2.7989597919583917,4.999999999999846,5.4610292356354855e-14,-4.475942219158074e-15,-7.300083948956744e-15
-2.7979595919183837,4.999999999999845,5.522448836846212e-14,-4.569566419698791e-15,-7.45092694845117e-15
-2.7969593918783757,4.999999999999843,5.583840633905805e-14,-4.66397256390746e-15,-7.602967901054167e-15
-2.7959591918383677,4.999999999999841,5.645204790215037e-14,-4.759155606064457e-15,-7.756197591743894e-15
-2.7949589917983597,4.999999999999839,5.706541468021268e-14,-4.855110535951143e-15,-7.910606871225518e-15
-2.7939587917583517,4.9999999999998375,5.767850828426652e-14,-4.9518323785974655e-15,-8.0661866554635e-15
-2.7929585917183437,4.999999999999836,5.829133031396284e-14,-5.0493161940313834e-15,-8.222927925217226e-15
-2.7919583916783357,4.999999999999834,5.890388235766271e-14,-5.147557077030053e-15,-8.380821725579943e-15
-2.7909581916383277,4.999999999999832,5.951616599251778e-14,-5.2465501568728165e-15,-8.539859165520983e-15
-2.7899579915983197,4.99999999999983,6.012818278454977e-14,-5.346290597095909e-15,-8.70003141743124e-15
-2.7889577915583117,4.999999999999829,6.073993428872973e-14,-5.446773595248965e-15,-8.861329716671924e-15
-2.7879575915183037,4.999999999999827,6.135142204905664e-14,-5.547994382653223e-15,-9.023745361126485e-15
-2.7869573914782957,4.999999999999825,6.196264759863531e-14,-5.64994822416147e-15,-9.187269710755772e-15
-2.7859571914382877,4.999999999999823,6.257361245975389e-14,-5.7526304179196914e-15,-9.351894187156318e-15
-2.7849569913982797,4.9999999999998215,6.318431814396071e-14,-5.856036295130424e-15,-9.517610273121831e-15
-2.7839567913582717,4.99999999999982,6.379476615214072e-14,-5.960161219817794e-15,-9.684409512207759e-15
-2.7829565913182637,4.999999999999818,6.44049579745913e-14,-6.065000588594231e-15,-9.852283508298998e-15
-2.7819563912782557,4.999999999999816,6.501489509109733e-14,-6.170549830428848e-15,-1.0021223925180645e-14
-2.7809561912382477,4.999999999999814,6.562457897100619e-14,-6.276804406417456e-15,-1.0191222486111848e-14
-2.7799559911982397,4.999999999999813,6.623401107330179e-14,-6.3837598095542426e-15,-1.0362270973402667e-14
-2.7789557911582317,4.999999999999811,6.684319284667824e-14,-6.4914115645050616e-15,-1.053436122799397e-14
-2.7779555911182237,4.999999999999809,6.745212572961307e-14,-6.599755227382339e-15,-1.07074851490403e-14
-2.7769553910782157,4.999999999999807,6.806081115043979e-14,-6.708786385521596e-15,-1.0881634693495739e-14
-2.7759551910382076,4.9999999999998055,6.866925052742001e-14,-6.818500657259552e-15,-1.1056801875702712e-14
-2.7749549909981996,4.999999999999804,6.927744526881504e-14,-6.928893691713808e-15,-1.1232978766983735e-14
-2.7739547909581916,4.999999999999802,6.988539677295694e-14,-7.039961168564104e-15,-1.1410157495236036e-14
-2.7729545909181836,4.9999999999998,7.049310642831914e-14,-7.151698797835153e-15,-1.158833024452912e-14
-2.7719543908781756,4.999999999999798,7.110057561358646e-14,-7.264102319680991e-15,-1.1767489254705166e-14
-2.7709541908381676,4.999999999999797,7.170780569772469e-14,-7.377167504170884e-15,-1.1947626820982272e-14
-2.7699539907981596,4.999999999999795,7.231479804004969e-14,-7.490890151076755e-15,-1.2128735293560543e-14
-2.7689537907581516,4.999999999999793,7.292155399029595e-14,-7.605266089662128e-15,-1.2310807077230967e-14
-2.7679535907181436,4.999999999999791,7.352807488868469e-14,-7.720291178472576e-15,-1.249383463098713e-14
-2.7669533906781356,4.9999999999997895,7.413436206599148e-14,-7.835961305127665e-15,-1.2677810467639606e-14
-2.7659531906381276,4.999999999999788,7.474041684361331e-14,-7.952272386114369e-15,-1.2862727153433187e-14
-2.7649529905981196,4.999999999999786,7.534624053363533e-14,-8.069220366581967e-15,-1.3048577307666787e-14
-2.7639527905581116,4.999999999999784,7.595183443889697e-14,-8.186801220138415e-15,-1.3235353602316074e-14
-2.7629525905181036,4.999999999999782,7.655719985305756e-14,-8.305010948648126e-15,-1.3423048761658794e-14
-2.7619523904780956,4.999999999999781,7.716233806066179e-14,-8.423845582031248e-15,-1.3611655561902742e-14
-2.7609521904380876,4.999999999999779,7.776725033720421e-14,-8.543301178064324e-15,-1.3801166830816424e-14
-2.7599519903980796,4.999999999999777,7.837193794919374e-14,-8.663373822182396e-15,-1.3991575447362302e-14
-2.7589517903580716,4.999999999999775,7.897640215421741e-14,-8.784059627282519e-15,-1.4182874341332712e-14
-2.7579515903180636,4.9999999999997735,7.958064420100376e-14,-8.905354733528668e-15,-1.4375056492988296e-14
-2.7569513902780556,4.999999999999772,8.018466532948589e-14,-9.027255308158048e-15,-1.456811493269911e-14
-2.7559511902380476,4.99999999999977,8.078846677086376e-14,-9.149757545288754e-15,-1.4762042740588203e-14
-2.7549509901980396,4.999999999999768,8.13920497476664e-14,-9.272857665728835e-15,-1.495683304617778e-14
-2.7539507901580316,4.999999999999766,8.199541547381348e-14,-9.396551916786702e-15,-1.5152479028037867e-14
-2.7529505901180236,4.999999999999765,8.259856515467646e-14,-9.520836572082892e-15,-1.534897391343751e-14
-2.7519503900780156,4.999999999999763,8.320149998713925e-14,-9.645707931363167e-15,-1.554631097799842e-14
-2.7509501900380076,4.999999999999761,8.380422115965868e-14,-9.77116232031295e-15,-1.5744483545351088e-14
-2.7499499899979996,4.999999999999759,8.440672985232422e-14,-9.89719609037308e-15,-1.5943484986793405e-14
-2.7489497899579916,4.9999999999997575,8.500902723691745e-14,-1.0023805618556882e-14,-1.6143308720951643e-14
-2.7479495899179835,4.999999999999756,8.561111447697114e-14,-1.015098730726855e-14,-1.6343948213443905e-14
-2.7469493898779755,4.999999999999754,8.62129927278278e-14,-1.02787375841228e-14,-1.6545396976545943e-14
-2.7459491898379675,4.999999999999752,8.681466313669789e-14,-1.0407052901765814e-14,-1.674764856885935e-14
-2.7449489897979595,4.99999999999975,8.741612684271749e-14,-1.053592973769748e-14,-1.695069659498216e-14
-2.7439487897579515,4.999999999999749,8.801738497700581e-14,-1.0665364594094889e-14,-1.7154534705181727e-14
-2.7429485897179435,4.999999999999747,8.861843866272206e-14,-1.0795353997637074e-14,-1.7359156595070028e-14
-2.7419483896779355,4.999999999999745,8.921928901512194e-14,-1.0925894499330995e-14,-1.7564556005281162e-14
-2.7409481896379275,4.999999999999743,8.981993714161383e-14,-1.1056982674338824e-14,-1.7770726721151265e-14
-2.7399479895979195,4.9999999999997415,9.042038414181454e-14,-1.1188615121806363e-14,-1.7977662572400604e-14
-2.7389477895579115,4.99999999999974,9.102063110760467e-14,-1.1320788464692767e-14,-1.8185357432818014e-14
-2.7379475895179035,4.999999999999738,9.162067912318347e-14,-1.1453499349601427e-14,-1.8393805219947538e-14
-2.7369473894778955,4.999999999999736,9.222052926512346e-14,-1.1586744446612087e-14,-1.8602999894777315e-14
-2.7359471894378875,4.999999999999734,9.282018260242459e-14,-1.1720520449114157e-14,-1.8812935461430655e-14
-2.7349469893978795,4.999999999999733,9.341964019656807e-14,-1.1854824073641185e-14,-1.9023605966859377e-14
-2.7339467893578715,4.999999999999731,9.401890310156963e-14,-1.1989652059706533e-14,-1.923500550053927e-14
-2.7329465893178635,4.999999999999729,9.46179723640326e-14,-1.2125001169640242e-14,-1.944712819416777e-14
-2.7319463892778555,4.999999999999727,9.521684902320067e-14,-1.2260868188426994e-14,-1.9659968221363736e-14
-2.7309461892378475,4.9999999999997256,9.581553411100996e-14,-1.2397249923545295e-14,-1.9873519797369422e-14
-2.7299459891978395,4.999999999999724,9.641402865214108e-14,-1.2534143204807765e-14,-2.0087777178754542e-14
-2.7289457891578315,4.999999999999722,9.701233366407055e-14,-1.2671544884202605e-14,-2.030273466312245e-14
-2.7279455891178235,4.99999999999972,9.761045015712198e-14,-1.2809451835736116e-14,-2.0518386588818368e-14
-2.7269453890778155,4.9999999999997184,9.820837913451684e-14,-1.2947860955276419e-14,-2.0734727334639818e-14
-2.7259451890378075,4.999999999999717,9.880612159242497e-14,-1.308676916039827e-14,-2.0951751319548944e-14
-2.7249449889977995,4.999999999999715,9.940367852001463e-14,-1.322617339022894e-14,-2.1169453002387046e-14
-2.7239447889577915,4.999999999999713,1.0000105089950205e-13,-1.3366070605295244e-14,-2.1387826881591013e-14
-2.7229445889177835,4.999999999999711,1.0059823970620106e-13,-1.3506457787371624e-14,-2.160686749491189e-14
-2.7219443888777755,4.99999999999971,1.0119524590857195e-13,-1.3647331939329304e-14,-2.1826569419135323e-14
-2.7209441888377675,4.999999999999708,1.0179207046827002e-13,-1.3788690084986604e-14,-2.2046927269804133e-14
-2.7199439887977594,4.999999999999706,1.0238871434019423e-13,-1.3930529268960182e-14,-2.2267935700942785e-14
-2.7189437887577514,4.999999999999704,1.0298517847253468e-13,-1.4072846556517462e-14,-2.2489589404783803e-14
-2.7179435887177434,4.9999999999997025,1.035814638068208e-13,-1.421563903343004e-14,-2.2711883111496206e-14
-2.7169433886777354,4.999999999999701,1.0417757127796811e-13,-1.4358903805828152e-14,-2.2934811588915764e-14
-2.7159431886377274,4.999999999999699,1.0477350181432554e-13,-1.4502638000056204e-14,-2.315836964227737e-14
-2.7149429885977194,4.999999999999697,1.0536925633772192e-13,-1.4646838762529265e-14,-2.3382552113949047e-14
-2.7139427885577114,4.999999999999695,1.0596483576351228e-13,-1.4791503259590673e-14,-2.3607353883168116e-14
-2.7129425885177034,4.999999999999694,1.0656024100062371e-13,-1.493662867737058e-14,-2.3832769865779057e-14
-2.7119423884776954,4.999999999999692,1.0715547295160117e-13,-1.508221222164552e-14,-2.405879501397332e-14
-2.7109421884376874,4.99999999999969,1.0775053251265261e-13,-1.5228251117699017e-14,-2.4285424316030995e-14
-2.7099419883976794,4.999999999999688,1.0834542057369411e-13,-1.5374742610183124e-14,-2.4512652796064228e-14
-2.7089417883576714,4.9999999999996865,1.0894013801839443e-13,-1.5521683962981013e-14,-2.4740475513762638e-14
-2.7079415883176634,4.999999999999685,1.0953468572421932e-13,-1.5669072459070483e-14,-2.4968887564140357e-14
-2.7069413882776554,4.999999999999683,1.1012906456247578e-13,-1.5816905400388474e-14,-2.5197884077284976e-14
-2.7059411882376474,4.999999999999681,1.1072327539835546e-13,-1.5965180107696534e-14,-2.5427460218108275e-14
-2.7049409881976394,4.999999999999679,1.1131731909097834e-13,-1.6113893920447265e-14,-2.5657611186098736e-14
-2.7039407881576314,4.999999999999678,1.119111964934356e-13,-1.6263044196651682e-14,-2.5888332215075707e-14
-2.7029405881176234,4.999999999999676,1.125049084528325e-13,-1.6412628312747563e-14,-2.6119618572945516e-14
-2.7019403880776154,4.999999999999674,1.1309845581033098e-13,-1.6562643663468657e-14,-2.6351465561459106e-14
-2.7009401880376074,4.999999999999672,1.1369183940119163e-13,-1.6713087661714935e-14,-2.6583868515971552e-14
-2.6999399879975994,4.9999999999996705,1.1428506005481568e-13,-1.686395773842369e-14,-2.681682280520327e-14
-2.6989397879575914,4.999999999999669,1.148781185947866e-13,-1.701525134244154e-14,-2.7050323831002802e-14
-2.6979395879175834,4.999999999999667,1.154710158389113e-13,-1.7166965940397407e-14,-2.7284367028111447e-14
-2.6969393878775754,4.999999999999665,1.160637525992612e-13,-1.7319099016576353e-14,-2.7518947863929483e-14
-2.6959391878375674,4.999999999999663,1.16656329682213e-13,-1.7471648072794336e-14,-2.7754061838284063e-14
-2.6949389877975594,4.999999999999662,1.1724874788848877e-13,-1.762461062827382e-14,-2.7989704483198776e-14
-2.6939387877575514,4.99999999999966,1.1784100801319657e-13,-1.7777984219520307e-14,-2.8225871362664875e-14
-2.6929385877175434,4.999999999999658,1.1843311084586976e-13,-1.793176640019978e-14,-2.8462558072414035e-14
-2.6919383876775353,4.999999999999656,1.1902505717050702e-13,-1.8085954741016934e-14,-2.869976023969284e-14
-2.6909381876375273,4.9999999999996545,1.1961684776561126e-13,-1.824054682959433e-14,-2.8937473523038864e-14
-2.6899379875975193,4.999999999999653,1.2020848340422884e-13,-1.8395540270352393e-14,-2.917569361205822e-14
-2.6889377875575113,4.999999999999651,1.2079996485398816e-13,-1.855093268439028e-14,-2.9414416227204876e-14
-2.6879375875175033,4.999999999999649,1.2139129287713827e-13,-1.8706721709367553e-14,-2.965363711956138e-14
-2.6869373874774953,4.999999999999647,1.2198246823058668e-13,-1.8862904999386776e-14,-2.98933520706213e-14
-2.6859371874374873,4.999999999999646,1.2257349166593768e-13,-1.9019480224876832e-14,-3.013355689207304e-14
-2.6849369873974793,4.999999999999644,1.2316436392952973e-13,-1.9176445072477192e-14,-3.037424742558534e-14
-2.6839367873574713,4.999999999999642,1.2375508576247278e-13,-1.9333797244922927e-14,-3.061541954259423e-14
-2.6829365873174633,4.99999999999964,1.2434565790068552e-13,-1.9491534460930533e-14,-3.085706914409154e-14
-2.6819363872774553,4.9999999999996385,1.2493608107493216e-13,-1.9649654455084645e-14,-3.109919216041483e-14
-2.6809361872374473,4.999999999999637,1.2552635601085884e-13,-1.9808154977725494e-14,-3.1341784551038966e-14
-2.6799359871974393,4.999999999999635,1.261164834290301e-13,-1.996703379483715e-14,-3.1584842304369e-14
-2.6789357871574313,4.999999999999633,1.267064640449649e-13,-2.012628868793663e-14,-3.182836143753469e-14
-2.6779355871174233,4.999999999999631,1.2729629856917235e-13,-2.0285917453963722e-14,-3.2072337996186367e-14
-2.6769353870774153,4.99999999999963,1.2788598770718742e-13,-2.0445917905171665e-14,-3.2316768054292313e-14
-2.6759351870374073,4.999999999999628,1.2847553215960587e-13,-2.0606287869018532e-14,-3.2561647713937537e-14
-2.6749349869973993,4.999999999999626,1.290649326221196e-13,-2.0767025188059437e-14,-3.2806973105124093e-14
-2.6739347869573913,4.999999999999624,1.296541897855514e-13,-2.0928127719839494e-14,-3.305274038557259e-14
-2.6729345869173833,4.9999999999996225,1.3024330433588932e-13,-2.1089593336787537e-14,-3.329894574052537e-14
-2.6719343868773757,4.999999999999621,1.308322769543211e-13,-2.125141992611057e-14,-3.354558538255096e-14
-2.6709341868373677,4.999999999999619,1.3142110831726808e-13,-2.1413605389689065e-14,-3.37926555513499e-14
-2.6699339867973597,4.999999999999617,1.320097990964192e-13,-2.157614764397286e-14,-3.404015251356202e-14
-2.6689337867573517,4.999999999999615,1.325983499587644e-13,-2.17390446198779e-14,-3.428807256257501e-14
-2.6679335867173437,4.999999999999614,1.3318676156662794e-13,-2.1902294262683693e-14,-3.4536412018334465e-14
-2.6669333866773357,4.999999999999612,1.3377503457770163e-13,-2.2065894531931488e-14,-3.478516722715513e-14
-2.6659331866373277,4.99999999999961,1.3436316964507756e-13,-2.2229843401323166e-14,-3.503433456153365e-14
-2.6649329865973197,4.999999999999608,1.3495116741728068e-13,-2.239413885862086e-14,-3.528391041996248e-14
-2.6639327865573117,4.9999999999996065,1.355390285383013e-13,-2.2558778905547295e-14,-3.553389122674529e-14
-2.6629325865173037,4.999999999999605,1.3612675364762726e-13,-2.2723761557686834e-14,-3.5784273431813574e-14
-2.6619323864772957,4.999999999999603,1.3671434338027562e-13,-2.2889084844387226e-14,-3.603505351054459e-14
-2.6609321864372877,4.999999999999601,1.3730179836682479e-13,-2.305474680866205e-14,-3.628622796358064e-14
-2.6599319863972797,4.999999999999599,1.378891192334454e-13,-2.3220745507093875e-14,-3.653779331664955e-14
-2.6589317863572717,4.999999999999598,1.3847630660193215e-13,-2.3387079009738044e-14,-3.678974612038647e-14
-2.6579315863172637,4.999999999999596,1.3906336108973446e-13,-2.355374540002722e-14,-3.704208295015693e-14
-2.6569313862772557,4.999999999999594,1.3965028330998752e-13,-2.3720742774676613e-14,-3.7294800405881316e-14
-2.6559311862372477,4.999999999999592,1.402370738715426e-13,-2.3888069243589784e-14,-3.754789511186021e-14
-2.6549309861972397,4.9999999999995905,1.4082373337899758e-13,-2.4055722929765218e-14,-3.780136371660141e-14
-2.6539307861572317,4.999999999999589,1.4141026243272715e-13,-2.422370196920348e-14,-3.805520289264786e-14
-2.6529305861172237,4.999999999999587,1.4199666162891275e-13,-2.4392004510815188e-14,-3.830940933640702e-14
-2.6519303860772157,4.999999999999585,1.4258293155957208e-13,-2.4560628716329416e-14,-3.85639797679813e-14
-2.6509301860372076,4.9999999999995834,1.4316907281258886e-13,-2.4729572760202927e-14,-3.881891093099972e-14
-2.6499299859971996,4.999999999999582,1.4375508597174204e-13,-2.489883482952991e-14,-3.9074199592450884e-14
-2.6489297859571916,4.99999999999958,1.4434097161673494e-13,-2.5068413123952562e-14,-3.932984254251704e-14
-2.6479295859171836,4.999999999999578,1.449267303232241e-13,-2.5238305855572074e-14,-3.958583659440929e-14
-2.6469293858771756,4.999999999999576,1.4551236266284775e-13,-2.540851124886039e-14,-3.984217858420407e-14
-2.6459291858371676,4.999999999999575,1.4609786920325475e-13,-2.5579027540572576e-14,-4.0098865370680795e-14
-2.6449289857971596,4.999999999999573,1.4668325050813254e-13,-2.5749852979659763e-14,-4.035589383516047e-14
-2.6439287857571516,4.999999999999571,1.4726850713723533e-13,-2.5920985827182788e-14,-4.0613260881345756e-14
-2.6429285857171436,4.999999999999569,1.478536396464119e-13,-2.6092424356226353e-14,-4.087096343516185e-14
-2.6419283856771356,4.9999999999995675,1.484386485876333e-13,-2.6264166851813868e-14,-4.112899844459878e-14
-2.6409281856371276,4.999999999999566,1.4902353450902038e-13,-2.6436211610822912e-14,-4.138736287955468e-14
-2.6399279855971196,4.999999999999564,1.4960829795487104e-13,-2.6608556941901174e-14,-4.164605373168008e-14
-2.6389277855571116,4.999999999999562,1.5019293946568738e-13,-2.6781201165383167e-14,-4.190506801422357e-14
-2.6379275855171036,4.99999999999956,1.5077745957820245e-13,-2.6954142613207368e-14,-4.216440276187832e-14
-2.6369273854770956,4.999999999999559,1.5136185882540718e-13,-2.7127379628834105e-14,-4.242405503062982e-14
-2.6359271854370876,4.999999999999557,1.519461377365766e-13,-2.7300910567163877e-14,-4.268402189760465e-14
-2.6349269853970796,4.999999999999555,1.5253029683729644e-13,-2.7474733794456323e-14,-4.294430046092033e-14
-2.6339267853570716,4.999999999999553,1.531143366494893e-13,-2.7648847688249844e-14,-4.3204887839536294e-14
-2.6329265853170636,4.9999999999995515,1.536982576914402e-13,-2.782325063728166e-14,-4.346578117310582e-14
-2.6319263852770556,4.99999999999955,1.5428206047782285e-13,-2.7997941041408488e-14,-4.372697762182911e-14
-2.6309261852370476,4.999999999999548,1.54865745519725e-13,-2.8172917311527826e-14,-4.398847436630738e-14
-2.6299259851970396,4.999999999999546,1.554493133246738e-13,-2.8348177869499763e-14,-4.425026860739796e-14
-2.6289257851570316,4.999999999999544,1.5603276439666102e-13,-2.8523721148069306e-14,-4.451235756607043e-14
-2.6279255851170236,4.999999999999543,1.5661609923616834e-13,-2.869954559078935e-14,-4.477473848326392e-14
-2.6269253850770156,4.999999999999541,1.5719931834019195e-13,-2.8875649651944105e-14,-4.503740861974513e-14
-2.6259251850370076,4.999999999999539,1.577824222022673e-13,-2.905203179647313e-14,-4.5300365255967634e-14
-2.6249249849969996,4.999999999999537,1.583654113124938e-13,-2.9228690499895875e-14,-4.556360569193207e-14
-2.6239247849569916,4.9999999999995355,1.5894828615755873e-13,-2.9405624248236746e-14,-4.582712724704729e-14
-2.6229245849169835,4.999999999999534,1.5953104722076205e-13,-2.958283153795078e-14,-4.609092725999266e-14
-2.6219243848769755,4.999999999999532,1.6011369498203978e-13,-2.976031087584974e-14,-4.6355003088581066e-14
-2.6209241848369675,4.99999999999953,1.606962299179882e-13,-2.993806077902878e-14,-4.66193521096232e-14
-2.6199239847969595,4.999999999999528,1.6127865250188733e-13,-3.011607977479372e-14,-4.688397171879252e-14
-2.6189237847569515,4.999999999999527,1.6186096320372457e-13,-3.029436640058868e-14,-4.714885933049148e-14
-2.6179235847169435,4.999999999999525,1.6244316249021784e-13,-3.047291920392431e-14,-4.7414012377718365e-14
-2.6169233846769355,4.999999999999523,1.630252508248389e-13,-3.065173674230661e-14,-4.767942831193539e-14
-2.6159231846369275,4.999999999999521,1.636072286678362e-13,-3.083081758316604e-14,-4.7945104602937514e-14
-2.6149229845969195,4.9999999999995195,1.6418909647625784e-13,-3.101016030378737e-14,-4.821103873872232e-14
-2.6139227845569115,4.999999999999518,1.6477085470397404e-13,-3.1189763491239876e-14,-4.8477228225360716e-14
-2.6129225845169035,4.999999999999516,1.6535250380170003e-13,-3.1369625742308104e-14,-4.8743670586868695e-14
-2.6119223844768955,4.999999999999514,1.6593404421701787e-13,-3.154974566342312e-14,-4.901036336507989e-14
-2.6109221844368875,4.999999999999512,1.6651547639439899e-13,-3.1730121870594157e-14,-4.927730411951897e-14
-2.6099219843968795,4.999999999999511,1.670968007752262e-13,-3.1910752989340915e-14,-4.9544490427276174e-14
-2.6089217843568715,4.999999999999509,1.6767801779781547e-13,-3.209163765462617e-14,-4.9811919882882535e-14
-2.6079215843168635,4.999999999999507,1.6825912789743762e-13,-3.2272774510789023e-14,-5.0079590098185974e-14
-2.6069213842768555,4.999999999999505,1.6884013150634003e-13,-3.2454162211478474e-14,-5.034749870222857e-14
-2.6059211842368475,4.9999999999995035,1.6942102905376778e-13,-3.263579941958753e-14,-5.0615643341124217e-14
-2.6049209841968395,4.999999999999502,1.700018209659853e-13,-3.2817684807187867e-14,-5.088402167793763e-14
-2.6039207841568315,4.9999999999995,1.7058250766629711e-13,-3.2999817055464804e-14,-5.11526313925639e-14
-2.6029205841168235,4.999999999999498,1.7116308957506894e-13,-3.318219485465285e-14,-5.1421470181609005e-14
-2.6019203840768155,4.999999999999496,1.7174356710974898e-13,-3.336481690397164e-14,-5.1690535758271205e-14
-2.6009201840368075,4.999999999999495,1.7232394068488994e-13,-3.3547681911562426e-14,-5.1959825852223305e-14
-2.5999199839967995,4.999999999999493,1.729042107121787e-13,-3.3730788594425033e-14,-5.222933820949579e-14
-2.5989197839567915,4.999999999999491,1.7348437760050932e-13,-3.391413567835591e-14,-5.249907059236204e-14
-2.5979195839167835,4.999999999999489,1.7406444175630381e-13,-3.4097721897889934e-14,-5.276902077922964e-14
-2.5969193838767755,4.9999999999994875,1.7464440358524336e-13,-3.4281545996261386e-14,-5.3039186564563625e-14
-2.5959191838367675,4.999999999999486,1.75224263501926e-13,-3.446560672546954e-14,-5.3309565758983706e-14
-2.5949189837967594,4.999999999999484,1.7580402198362975e-13,-3.464990284691501e-14,-5.358015619030914e-14
-2.5939187837567514,4.999999999999482,1.7638367987502368e-13,-3.483443313516144e-14,-5.38509557097944e-14
-2.5929185837167434,4.99999999999948,1.7696324023790377e-13,-3.5019196399476024e-14,-5.4121962227902194e-14
-2.5919183836767354,4.999999999999479,1.7754271919742315e-13,-3.5204191604247145e-14,-5.439317391439133e-14
-2.5909181836367274,4.999999999999477,1.7812220569900786e-13,-3.538941850245884e-14,-5.466459025121493e-14
-2.5899179835967194,4.999999999999475,1.787022082249871e-13,-3.5574880892933386e-14,-5.493621744816221e-14
-2.5889177835567114,4.999999999999473,1.792860141514845e-13,-3.5760604050232456e-14,-5.5208097435851583e-14
-2.5879175835167034,4.9999999999994715,1.798886058470078e-13,-3.5946698748254374e-14,-5.548041438267892e-14
-2.5869173834766954,4.99999999999947,1.8058968757975928e-13,-3.613357908837186e-14,-5.5753857250710714e-14
-2.5859171834366874,4.999999999999467,1.8168943229248075e-13,-3.632226928642323e-14,-5.6030130454219045e-14
-2.5849169833966794,4.9999999999994635,1.831481346358906e-13,-3.6513688062489666e-14,-5.6310761287892746e-14
-2.5839167833566714,4.999999999999459,1.8503989534532363e-13,-3.6709038904407424e-14,-5.659774990897658e-14
-2.5829165833166634,4.999999999999454,1.875657767410333e-13,-3.690994423444889e-14,-5.689379249485538e-14
-2.5819163832766554,4.999999999999447,1.9075955262689203e-13,-3.711809801550093e-14,-5.720170213947575e-14
-2.5809161832366474,4.999999999999438,1.9486098292342525e-13,-3.7335580060356047e-14,-5.752493222203038e-14
-2.5799159831966394,4.999999999999426,1.998221893247802e-13,-3.7564520606010767e-14,-5.786701705416675e-14
-2.5789157831566314,4.999999999999413,2.057923627435811e-13,-3.78076489118684e-14,-5.823248544600933e-14
-2.5779155831166234,4.999999999999397,2.1297849270945266e-13,-3.80680586810007e-14,-5.862646935244195e-14
-2.5769153830766154,4.999999999999377,2.2156985987965957e-13,-3.834939446253597e-14,-5.905501355527071e-14
-2.5759151830366074,4.999999999999354,2.3192089530323965e-13,-3.865612396634192e-14,-5.952552857395644e-14
-2.5749149829965994,4.999999999999327,2.4421194093747256e-13,-3.899299687243992e-14,-6.004588836280352e-14
-2.5739147829565914,4.999999999999294,2.5864164795812237e-13,-3.936530752873496e-14,-6.062486717712238e-14
-2.5729145829165834,4.999999999999256,2.755480068595362e-13,-3.97792841373262e-14,-6.127278692544644e-14
-2.5719143828765754,4.999999999999211,2.9525596512920765e-13,-4.024222394040462e-14,-6.200174118634034e-14
-2.5709141828365674,4.99999999999916,3.1836090901876323e-13,-4.076268357420101e-14,-6.28259113045881e-14
-2.5699139827965594,4.999999999999099,3.452910421017992e-13,-4.13498811712108e-14,-6.376056890806088e-14
-2.5689137827565514,4.999999999999029,3.7639079131752453e-13,-4.201423458469627e-14,-6.482297051251043e-14
-2.5679135827165434,4.999999999998948,4.125509299555852e-13,-4.2768279208060257e-14,-6.603388432632336e-14
-2.5669133826765353,4.999999999998855,4.544913604996331e-13,-4.3625966069889965e-14,-6.741641823005494e-14
-2.5659131826365273,4.999999999998747,5.027964721233191e-13,-4.460321670555605e-14,-6.899694114867958e-14
-2.5649129825965193,4.9999999999986215,5.585746802464693e-13,-4.5719040389012224e-14,-7.080694136232147e-14
-2.5639127825565113,4.999999999998478,6.229395285099133e-13,-4.6994920159298e-14,-7.288200056932465e-14
-2.5629125825165033,4.999999999998311,6.970529288973625e-13,-4.845513405917894e-14,-7.526232534541242e-14
-2.5619123824764953,4.99999999999812,7.823655308535044e-13,-5.012766264556107e-14,-7.799425439379726e-14
-2.5609121824364873,4.9999999999978995,8.805709217127377e-13,-5.204453547825154e-14,-8.113083051816775e-14
-2.5599119823964793,4.999999999997646,9.934049108631826e-13,-5.4242209195106826e-14,-8.473242451806924e-14
-2.5589117823564713,4.999999999997355,1.1230687692682164e-12,-5.676268096678449e-14,-8.886858362930582e-14
-2.5579115823164633,4.999999999997021,1.271913568255805e-12,-5.96534411236508e-14,-9.361794512933046e-14
-2.5569113822764553,4.999999999996638,1.4425179935697866e-12,-6.29684115731219e-14,-9.906979058670213e-14
-2.5559111822364473,4.999999999996199,1.6381620582516183e-12,-6.67698821734002e-14,-1.0532726100654913e-13
-2.5549109821964393,4.999999999995696,1.862278188520992e-12,-7.112894181975524e-14,-1.1250806311395864e-13
-2.5539107821564313,4.99999999999512,2.119038205376388e-12,-7.612691181757099e-14,-1.2074684457578418e-13
-2.5529105821164233,4.999999999994461,2.413104844445323e-12,-8.185622583829002e-14,-1.3019664548981182e-13
-2.5519103820764153,4.999999999993706,2.7493517098668224e-12,-8.842152671275618e-14,-1.410307089745499e-13
-2.5509101820364073,4.999999999992845,3.1336444986807848e-12,-9.594227602478104e-14,-1.5344680961886772e-13
-2.5499099819963993,4.999999999991859,3.572810378370085e-12,-1.0455488503880732e-13,-1.676707816348382e-13
-2.5489097819563913,4.9999999999907345,4.074391944567229e-12,-1.1441449931678566e-13,-1.8395946739442155e-13
-2.5479095819163833,4.999999999989449,4.646966273657206e-12,-1.2569756647260387e-13,-2.0260496759652802e-13
-2.5469093818763753,4.999999999987984,5.30021076242955e-12,-1.3860458494645648e-13,-2.2393918914077978e-13
-2.5459091818363673,4.999999999986313,6.045140398946815e-12,-1.5336328489506443e-13,-2.483391086853476e-13
-2.5449089817963593,4.999999999984408,6.894220699461801e-12,-1.702322811706262e-13,-2.7623281780368133e-13
-2.5439087817563513,4.999999999982237,7.861539710288982e-12,-1.8950535523941914e-13,-3.081066104582451e-13
-2.5429085817163433,4.9999999999797655,8.963146907986152e-12,-2.1151608400309886e-13,-3.4451264259454574e-13
-2.5419083816763353,4.999999999976953,1.0216946434803924e-11,-2.3664242127719416e-13,-3.8607650626182505e-13
-2.5409081816363273,4.999999999973752,1.1643393724794615e-11,-2.653129430504597e-13,-4.335075678804591e-13
-2.5399079815963193,4.999999999970113,1.3265520254154757e-11,-2.9801320407373945e-13,-4.876094830741868e-13
-2.5389077815563112,4.9999999999659765,1.5109227535520457e-11,-3.352930667722591e-13,-5.49292321875698e-13
-2.5379075815163032,4.999999999961277,1.7203694990741238e-11,-3.777750055143483e-13,-6.195863080806301e-13
-2.5369073814762952,4.99999999995594,1.9582018424354036e-11,-4.261638295469483e-13,-6.996579095936249e-13
-2.5359071814362872,4.999999999949883,2.228175586287345e-11,-4.812571808693624e-13,-7.90827206046902e-13
-2.5349069813962792,4.99999999994301,2.534460248375666e-11,-5.439559724992542e-13,-8.945851418833599e-13
-2.5339067813562712,4.999999999935217,2.8817860882321735e-11,-6.152784738338183e-13,-1.0126168382719097e-12
-2.5329065813162632,4.999999999926383,3.2754843190032836e-11,-6.963750243881197e-13,-1.1468259321279558e-12
-2.5319063812762552,4.9999999999163744,3.721545250996314e-11,-7.885442685075289e-13,-1.2993614274251747e-12
-2.530906181236247,4.99999999990504,4.226694435355089e-11,-8.932515015611955e-13,-1.472648039998296e-12
-2.529905981196239,4.99999999989221,4.798493383636168e-11,-1.012149663071682e-12,-1.6694209249356476e-12
-2.528905781156231,4.9999999998776925,5.445447034438029e-11,-1.1471024232569849e-12,-1.892763861293299e-12
-2.527905581116223,4.9999999998612745,6.177094311337913e-11,-1.3002096298881689e-12,-2.14615133481692e-12
-2.526905381076215,4.999999999842715,7.004150080235682e-11,-1.4738366415667432e-12,-2.4334970568074614e-12
-2.525905181036207,4.999999999821744,7.938635403820874e-11,-1.67064663945086e-12,-2.759207402232255e-12
-2.524904980996199,4.999999999798061,8.994040445697737e-11,-1.8936366695615404e-12,-3.128241015242938e-12
-2.523904780956191,4.999999999771324,1.0185483471622506e-10,-2.1461778894195025e-12,-3.5461753654980554e-12
-2.522904580916183,4.999999999741155,1.152987919065518e-10,-2.4320604021073875e-12,-4.01928088770025e-12
-2.521904380876175,4.999999999707127,1.3046184130229272e-10,-2.755543609835265e-12,-4.554604250744121e-12
-2.520904180836167,4.999999999668765,1.4755624212466128e-10,-3.121411876467177e-12,-5.16006039765297e-12
-2.519903980796159,4.999999999625536,1.6681915361861627e-10,-3.535036336965267e-12,-5.844534743590362e-12
-2.518903780756151,4.999999999576844,1.8851576014621094e-10,-4.002444416580248e-12,-6.61799812636331e-12
-2.517903580716143,4.999999999522025,2.1294249347322287e-10,-4.530397143496001e-12,-7.491634638315108e-12
-2.516903380676135,4.999999999460335,2.404307605388509e-10,-5.126475395428663e-12,-8.477984228402864e-12
-2.515903180636127,4.999999999390942,2.7135047799739627e-10,-5.799174714407628e-12,-9.591099452621822e-12
-2.514902980596119,4.999999999312921,3.0611421470192045e-10,-6.558010662681387e-12,-1.084671964550058e-11
-2.513902780556111,4.999999999225239,3.451823659805005e-10,-7.413636850521375e-12,-1.226246604643243e-11
-2.512902580516103,4.999999999126744,3.8906823903992636e-10,-8.377975607309398e-12,-1.3858057815751745e-11
-2.511902380476095,4.9999999990161506,4.38343606951979e-10,-9.464362774096164e-12,-1.5655551384683673e-11
-2.510902180436087,4.999999998892029,4.936455814130461e-10,-1.0687708946273848e-11,-1.7679606997971918e-11
-2.509901980396079,4.999999998752789,5.556837904702774e-10,-1.206467751288282e-11,-1.9957783003185448e-11
-2.508901780356071,4.999999998596656,6.252472718336704e-10,-1.3613880756843133e-11,-2.2520859967028693e-11
-2.507901580316063,4.999999998421661,7.032135293694455e-10,-1.5356098950922967e-11,-2.54032028117608e-11
-2.506901380276055,4.999999998225612,7.905586850252199e-10,-1.7314523050997087e-11,-2.864316194296189e-11
-2.505901180236047,4.999999998006077,8.883671607551872e-10,-1.951502112647061e-11,-3.228351356742664e-11
-2.504900980196039,4.99999999776035,9.978430207816405e-10,-2.1986433717905064e-11,-3.6371947809925404e-11
-2.503900780156031,4.99999999748543,1.1203230394188492e-09,-2.476090134323015e-11,-4.0961609954103844e-11
-2.502900580116023,4.999999997177988,1.257290584642722e-09,-2.787422542259131e-11,-4.611169687834846e-11
-2.501900380076015,4.99999999683433,1.4103905332846379e-09,-3.136626598902843e-11,-5.1888114246272165e-11
-2.500900180036007,4.999999996450361,1.581446341785031e-09,-3.52813816557047e-11,-5.836420351040931e-11
-2.499899979995999,4.999999996021547,1.7724781851478115e-09,-3.9668914080614674e-11,-6.562154240199555e-11
-2.498899779955991,4.999999995542863,1.98572311678643e-09,-4.4583722034828704e-11,-7.375082734749857e-11
-2.497899579915983,4.999999995008751,2.2236576299771617e-09,-5.008677058090512e-11,-8.285284691337527e-11
-2.496899379875975,4.9999999944130575,2.48902124165671e-09,-5.624577832859057e-11,-9.303955114307089e-11
-2.495899179835967,4.999999993748982,2.7848433955287156e-09,-6.313593046305818e-11,-1.04435229519533e-10
-2.494898979795959,4.9999999930090055,3.1144722251575223e-09,-7.084066256154422e-11,-1.1717780581318474e-10
-2.493898779755951,4.999999992184822,3.481606526234591e-09,-7.94525235614775e-11,-1.314202636434766e-10
-2.492898579715943,4.999999991267261,3.890330619238264e-09,-8.90741238181125e-11,-1.4733221253333334e-10
-2.491898379675935,4.9999999902462005,4.345152009275255e-09,-9.981917497816482e-11,-1.6510160553891082e-10
-2.490898179635927,4.999999989110474,4.851042795739747e-09,-1.1181363180758659e-10,-1.8493662520795064e-10
-2.489897979595919,4.999999987847771,5.413485005000945e-09,-1.2519694552071227e-10,-2.0706775362309414e-10
-2.488897779555911,4.999999986444525,6.038520392296355e-09,-1.4012343836216145e-10,-2.3175004261403435e-10
-2.487897579515903,4.99999998488579,6.7328037655050946e-09,-1.5676380869104052e-10,-2.5926559937137507e-10
-2.486897379475895,4.999999983155113,7.503661368261768e-09,-1.753067798356047e-10,-2.8992630937394665e-10
-2.485897179435887,4.999999981234388,8.359155609047815e-09,-1.9596090689787403e-10,-3.2407682004218195e-10
-2.484896979395879,4.999999979103699,9.308153853849202e-09,-2.1895655211160353e-10,-3.6209780255392246e-10
-2.483896779355871,4.9999999767411545,1.0360404134700177e-08,-2.4454804606591484e-10,-4.0440952041672246e-10
-2.482896579315863,4.999999974122696,1.1526618145475057e-08,-2.730160508338858e-10,-4.514757312478669e-10
-2.481896379275855,4.999999971221902,1.2818559897968429e-08,-3.046701397528583e-10,-5.038079460360771e-10
-2.480896179235847,4.999999968009769,1.4249142791683387e-08,-3.398516153351506e-10,-5.61970081348861e-10
-2.479895979195839,4.999999964454473,1.5832535326949703e-08,-3.789365854029394e-10,-6.265835376151035e-10
-2.478895779155831,4.999999960521115,1.7584275248144534e-08,-4.223393176038151e-10,-6.983327366882822e-10
-2.477895579115823,4.999999956171441,1.9521393622777596e-08,-4.70515896687154e-10,-7.779711588999572e-10
-2.476895379075815,4.999999951363541,2.1662548881914742e-08,-5.239682094194676e-10,-8.663279206081623e-10
-2.475895179035807,4.99999994605152,2.402817242386942e-08,-5.832482849754701e-10,-9.643149381385819e-10
-2.474894978995799,4.9999999401851465,2.664062616214565e-08,-6.489630193167379e-10,-1.0729347251020395e-09
-2.473894778955791,4.999999933709471,2.9524372770985264e-08,-7.217793143812581e-10,-1.1932888738802323e-09
-2.472894578915783,4.999999926564409,3.270615987107054e-08,-8.024296659878777e-10,-1.326587277158352e-09
-2.471894378875775,4.999999918684293,3.621521860542071e-08,-8.917182360212994e-10,-1.4741581481026206e-09
-2.470894178835767,4.9999999099973955,4.008347860979879e-08,-9.905274483011601e-10,-1.6374589041227462e-09
-2.469893978795759,4.999999900425402,4.434580006554935e-08,-1.0998251491058618e-09,-1.8180879817141515e-09
-2.468893778755751,4.999999889882851,4.9040223764143166e-08,-1.220672376228415e-09,-2.0177976546577873e-09
-2.467893578715743,4.9999998782765305,5.4208240238107415e-08,-1.354231782823011e-09,-2.238507931759245e-09
-2.466893378675735,4.9999998655048215,5.989508053449291e-08,-1.5017767676712325e-09,-2.4823216191866936e-09
-2.465893178635727,4.999999851456998,6.615002884904275e-08,-1.6647013652094887e-09,-2.7515406352465766e-09
-2.464892978595719,4.999999836012467,7.302675860293127e-08,-1.8445309527948815e-09,-3.0486836722486908e-09
-2.463892778555711,4.999999819039962,8.058369421149225e-08,-2.0429338366286346e-09,-3.3765053065969607e-09
-2.462892578515703,4.99999980039666,8.888440029347972e-08,-2.261733781515916e-09,-3.738016664416906e-09
-2.461892378475695,4.9999997799272515,9.79979990494192e-08,-2.50292355275647e-09,-4.13650775512665e-09
-2.460892178435687,4.999999757462927,1.0799961822842184e-07,-2.768679545252245e-09,-4.575571596572457e-09
-2.459891978395679,4.999999732820297,1.1897087255354855e-07,-3.0613775792957306e-09,-5.059130262536127e-09
-2.458891778355671,4.999999705800233,1.3100037885394314e-07,-3.3836099439818583e-09,-5.591462985772494e-09
-2.457891578315663,4.9999996761866266,1.441843083501062e-07,-3.738203778539164e-09,-6.1772364651964715e-09
-2.456891378275655,4.999999643745058,1.5862697889550142e-07,-4.1282408861652286e-09,-6.821537532856998e-09
-2.455891178235647,4.999999608221373,1.744414873040876e-07,-4.5570790772917286e-09,-7.529908340098292e-09
-2.454890978195639,4.99999956934016,1.9175038606584355e-07,-5.028375149848642e-09,-8.308384239898187e-09
-2.453890778155631,4.999999526803124,2.1068640739129495e-07,-5.546109618749816e-09,-9.16353454997258e-09
-2.452890578115623,4.999999480287348,2.3139323617793737e-07,-6.114613311362707e-09,-1.0102506388638023e-08
-2.451890378075615,4.999999429443441,2.540263344958394e-07,-6.738595953202608e-09,-1.113307178771199e-08
-2.450890178035607,4.99999937389355,2.7875382149609335e-07,-7.423176876680613e-09,-1.2263678300859656e-08
-2.449889977995599,4.999999313229259,3.0575741162036766e-07,-8.173917991900058e-09,-1.3503503335877492e-08
-2.448889777955591,4.999999247009338,3.3523341434186283e-07,-8.99685916579401e-09,-1.4862512451362226e-08
-2.447889577915583,4.999999174757347,3.673937980190827e-07,-9.898556162949822e-09,-1.6351521869753643e-08
-2.446889377875575,4.99999909595909,4.024673221789278e-07,-1.0886121311718045e-08,-1.798226547559612e-08
-2.445889177835567,4.999999010059912,4.407007416209187e-07,-1.1967267065646615e-08,-1.976746657836555e-08
-2.444888977795559,4.999998916461809,4.823600852276612e-07,-1.3150352638699945e-08,-2.1720914732988086e-08
-2.443888777755551,4.999998814520387,5.277320150505749e-07,-1.4444433904788967e-08,-2.38575479310214e-08
-2.442888577715543,4.999998703541604,5.771252675251365e-07,-1.5859316756299702e-08,-2.619354048213222e-08
-2.441888377675535,4.999998582778339,6.308721820757023e-07,-1.7405614129887112e-08,-2.874639692784321e-08
-2.440888177635527,4.9999984514267455,6.89330321589033e-07,-1.9094806915867177e-08,-3.153505234266465e-08
-2.439887977595519,4.999998308622387,7.5288418803266e-07,-2.0939308975910716e-08,-3.4579979391359985e-08
-2.438887777555511,4.999998153436154,8.219470381695902e-07,-2.295253650704805e-08,-3.790330253293608e-08
-2.437887577515503,4.999997984869941,8.969628040165421e-07,-2.5148981998877827e-08,-4.152891977641116e-08
-2.436887377475495,4.9999978018520785,9.78408122353531e-07,-2.754429304030182e-08,-4.5482632408769034e-08
-2.435887177435487,4.9999976032325115,1.0667944777883372e-06,-3.015535624346854e-08,-4.9792283134066384e-08
-2.434886977395479,4.999997387777705,1.162670464937219e-06,-3.300038656456664e-08,-5.448790308219838e-08
-2.433886777355471,4.999997154165275,1.266624173459275e-06,-3.609902231054973e-08,-5.960186816115559e-08
-2.432886577315463,4.999996900978331,1.3792857021591641e-06,-3.947242613414963e-08,-6.516906524830765e-08
-2.431886377275455,4.999996626699518,1.5013298063717463e-06,-4.3143392328023445e-08,-7.122706872996148e-08
-2.430886177235447,4.999996329704742,1.6334786830665698e-06,-4.7136460740987487e-08,-7.781632791816506e-08
-2.429885977195439,4.999996008256573,1.776504899842826e-06,-5.1478037652496744e-08,-8.498036589526869e-08
-2.428885777155431,4.999995660497323,1.931234472846636e-06,-5.6196523950991895e-08,-9.276599035204132e-08
-2.427885577115423,4.999995284441764,2.098550098495365e-06,-6.13224509728412e-08,-1.0122351700314928e-07
-2.426885377075415,4.999994877969491,2.279394542725222e-06,-6.688862436891882e-08,-1.1040700618047649e-07
-2.425885177035407,4.999994438816929,2.4747741952429063e-06,-7.29302763809885e-08,-1.203745132294434e-07
-2.424884976995399,4.999993964568935,2.6857627923488762e-06,-7.94852269161467e-08,-1.3118835334308011e-07
-2.423884776955391,4.999993452650032,2.913505313315301e-06,-8.659405381960594e-08,-1.429153814880891e-07
-2.422884576915383,4.999992900315226,3.159222055395962e-06,-9.430027275746281e-08,-1.5562728809549506e-07
-2.421884376875375,4.999992304640408,3.4242128924191334e-06,-1.026505271307146e-07,-1.694009112039201e-07
-2.420884176835367,4.999991662512345,3.709861721594018e-06,-1.1169478845028931e-07,-1.8431856575708745e-07
-2.419883976795359,4.999990970618221,4.017641101934271e-06,-1.2148656761138634e-07,-2.0046839077076295e-07
-2.418883776755351,4.999990225434742,4.3491170907785795e-06,-1.320831375178419e-07,-2.1794471510440031e-07
-2.417883576715343,4.999989423216791,4.705954280424708e-06,-1.435457675101801e-07,-2.368484425770361e-07
-2.416883376675335,4.9999885599856055,5.0899210391871315e-06,-1.5593997006076816e-07,-2.572874571825855e-07
-2.415883176635327,4.999987631516503,5.502894961090707e-06,-1.6933576020648803e-07,-2.7937704917068904e-07
-2.414882976595319,4.9999866333261185,5.946868527580807e-06,-1.8380792819433506e-07,-3.0324036276692205e-07
-2.413882776555311,4.999985560659158,6.4239549831809945e-06,-1.9943632581848211e-07,-3.290088663107149e-07
-2.412882576515303,4.999984408474661,6.936394428240343e-06,-2.1630616693341712e-07,-3.568228455987686e-07
-2.411882376475295,4.99998317143177,7.486560131146258e-06,-2.3450834263020368e-07,-3.868319212251317e-07
-2.410882176435287,4.999981843875002,8.0769650612706e-06,-2.5413975156349647e-07,-4.1919559070938833e-07
-2.409881976395279,4.999980419819008,8.710268644946215e-06,-2.753036459186102e-07,-4.540837962064978e-07
-2.408881776355271,4.999978892932837,9.389283743317087e-06,-2.9810999350351433e-07,-4.916775185837617e-07
-2.407881576315263,4.9999772565236915,1.0116983854277017e-05,-3.2267585645304084e-07,-5.321693986537333e-07
-2.406881376275255,4.999975503520179,1.089651053725906e-05,-3.4912578702537586e-07,-5.75764386339177e-07
-2.4058811762352468,4.999973626455058,1.173118105966076e-05,-3.775922409657078e-07,-6.226804185368513e-07
-2.4048809761952388,4.999971617447487,1.262449626364177e-05,-4.0821600890557845e-07,-6.731491264356792e-07
-2.4038807761552308,4.9999694681847835,1.3580148650728935e-05,-4.4114666625640823e-07,-7.274165730274385e-07
-2.4028805761152228,4.999967169903684,1.4602030682012366e-05,-4.7654304204574605e-07,-7.857440215309113e-07
-2.401880376075215,4.999964713371141,1.5694243288144465e-05,-5.14573707129334e-07,-8.484087354240799e-07
-2.400880176035207,4.999962088864638,1.6861104586226947e-05,-5.554174822010025e-07,-9.157048107598638e-07
-2.399879975995199,4.9999592861520545,1.8107158797758378e-05,-5.992639660027961e-07,-9.879440414076525e-07
-2.398879775955191,4.999956294471087,1.943718536077152e-05,-6.463140841180328e-07,-1.0654568178294995e-06
-2.397879575915183,4.999953102508246,2.0856208228996754e-05,-6.967806587090172e-07,-1.1485930599643521e-06
-2.396879375875175,4.999949698377446,2.2369505349415413e-05,-7.508889995370185e-07,-1.2377231847530219e-06
-2.395879175835167,4.999946069598203,2.398261830997578e-05,-8.088775165768189e-07,-1.3332391087939803e-06
-2.394878975795159,4.999942203073476,2.5701362146390313e-05,-8.709983545067117e-07,-1.4355552865672619e-06
-2.393878775755151,4.999938085067166,2.7531835296573247e-05,-9.375180493244308e-07,-1.5451097846127449e-06
-2.392878575715143,4.9999337011813,2.94804296908779e-05,-1.0087182073060244e-06,-1.6623653919929463e-06
-2.391878375675135,4.999929036332944,3.155384096408035e-05,-1.0848962064864887e-06,-1.7878107673065595e-06
-2.390878175635127,4.999924074730858,3.375907877517252e-05,-1.1663659208029932e-06,-1.9219616224554203e-06
-2.389877975595119,4.999918799851947,3.610347721841688e-05,-1.2534584669971967e-06,-2.0653619432935396e-06
-2.388877775555111,4.999913194417529,3.8594705309940535e-05,-1.3465229743303984e-06,-2.218585247215482e-06
-2.387877575515103,4.999907240369465,4.124077753057658e-05,-1.4459273771153105e-06,-2.3822358776580686e-06
-2.386877375475095,4.999900918846216,4.405006440646561e-05,-1.5520592300196298e-06,-2.556950335408401e-06
-2.385877175435087,4.999894210158829,4.703130310757749e-05,-1.6653265460431895e-06,-2.743398646522287e-06
-2.384876975395079,4.999887093766939,5.0193608042413286e-05,-1.786158657013892e-06,-2.9422857665630736e-06
-2.383876775355071,4.999879548254819,5.354648142580427e-05,-1.9150070963885838e-06,-3.1543530207726923e-06
-2.382876575315063,4.999871551307535,5.709982379558721e-05,-2.052346504083901e-06,-3.3803795796852107e-06
-2.381876375275055,4.999863079687264,6.086394445630139e-05,-2.198675553003215e-06,-3.6211839695954323e-06
-2.380876175235047,4.999854109209825,6.484957182073211e-05,-2.3545178968526833e-06,-3.877625617173713e-06
-2.379875975195039,4.999844614721495,6.90678636239336e-05,-2.5204231387755073e-06,-4.150606427412273e-06
-2.378875775155031,4.999834570076166,7.35304169819669e-05,-2.696967820262217e-06,-4.441072393970173e-06
-2.377875575115023,4.9998239481128985,7.824927826600052e-05,-2.8847564297217904e-06,-4.7500152408632135e-06
-2.376875375075015,4.999812720633968,8.323695276342313e-05,-3.084422430025708e-06,-5.078474094324792e-06
-2.375875175035007,4.9998008583834315,8.850641409262519e-05,-3.296629304256295e-06,-5.42753718353007e-06
-2.374874974994999,4.999788331026321,9.407111334306784e-05,-3.522071618819082e-06,-5.798343568757614e-06
-2.373874774954991,4.999775107128514,9.994498790805234e-05,-3.761476102996744e-06,-6.192084895426912e-06
-2.372874574914983,4.9997611541373645,0.00010614246997523316,-4.015602743939209e-06,-6.610007172313156e-06
-2.371874374874975,4.999746438363171,0.00011267849464462198,-4.285245896008588e-06,-7.053412572115583e-06
-2.370874174834967,4.999730924961539,0.00011956850763918013,-4.571235403312471e-06,-7.523661252415323e-06
-2.369873974794959,4.999714577916745,0.0001268284725738694,-4.874437734177915e-06,-8.022173194925014e-06
-2.368873774754951,4.999697360026151,0.00013447487774971039,-5.195757126236328e-06,-8.550430060797224e-06
-2.367873574714943,4.999679232885762,0.0001425247424374762,-5.536136740705474e-06,-9.109977059620704e-06
-2.366873374674935,4.999660156877,0.00015099562261681635,-5.8965598243749226e-06,-9.702424829602345e-06
-2.365873174634927,4.999640091154773,0.0001599056161382381,-6.278050877721609e-06,-1.0329451326301787e-05
-2.364872974594919,4.999618993636918,0.00016927336727186424,-6.681676827497982e-06,-1.099280371714774e-05
-2.363872774554911,4.999596820995083,0.0001791180706092348,-7.108548202059509e-06,-1.1694300278841038e-05
-2.362872574514903,4.99957352864714,0.00018945947428772775,-7.559820307624511e-06,-1.2435832294628864e-05
-2.361872374474895,4.999549070751188,0.00020031788250122876,-8.036694403577519e-06,-1.3219365948300796e-05
-2.360872174434887,4.999523400201229,0.0002117141572677175,-8.540418874862775e-06,-1.4046944211652134e-05
-2.359871974394879,4.999496468624582,0.00022366971942298347,-9.07229039944268e-06,-1.4920688722043217e-05
-2.358871774354871,4.999468226381091,0.0002362065488085087,-9.63365510872766e-06,-1.5842801646571965e-05
-2.357871574314863,4.999438622564222,0.00024934718362764046,-1.0225909738826263e-05,-1.681556752928376e-05
-2.356871374274855,4.999407605004081,0.0002631147189413133,-1.0850502770402203e-05,-1.7841355117742355e-05
-2.355871174234847,4.999375120272423,0.000277532804276742,-1.150893555487249e-05,-1.892261916520057e-05
-2.354870974194839,4.999341113689713,0.00029262564032701854,-1.2202763424634006e-05,-2.0061902204534663e-05
-2.353870774154831,4.999305529334279,0.0003084179747181387,-1.2933596784957633e-05,-2.1261836290029176e-05
-2.352870574114823,4.999268310053612,0.00032493509682217435,-1.3703102185150967e-05,-2.2525144703038365e-05
-2.351870374074815,4.99922939747785,0.00034220283159982123,-1.4513003366561031e-05,-2.3854643617504594e-05
-2.350870174034807,4.999188732035488,0.0003602475324555188,-1.5365082284958435e-05,-2.525324372126679e-05
-2.349869973994799,4.999146252971339,0.00037909607309148094,-1.6261180104823656e-05,-2.6723951789061317e-05
-2.348869773954791,4.999101898366778,0.00039877583834808163,-1.72031981630417e-05,-2.826987220309642e-05
-2.347869573914783,4.9990556051622965,0.0004193147140230573,-1.8193098899506864e-05,-2.9894208417077157e-05
-2.346869373874775,4.9990073091823595,0.000440741075663873,-1.923290675213699e-05,-3.160026435955746e-05
-2.345869173834767,4.998956945162604,0.0004630837763273034,-2.0324709013801196e-05,-3.339144577250639e-05
-2.344868973794759,4.998904446779354,0.0004863721333079044,-2.1470656648685716e-05,-3.527126148101377e-05
-2.343868773754751,4.998849746681468,0.0005106359138373898,-2.2672965065641024e-05,-3.7243324590094416e-05
-2.342868573714743,4.9987927765244935,0.000535905319758461,-2.3933914846081946e-05,-3.9311353604600424e-05
-2.341868373674735,4.998733467007128,0.0005622109711845969,-2.5255852424055558e-05,-4.1479173468326956e-05
-2.340868173634727,4.998671747909935,0.0005895838891539129,-2.6641190716131243e-05,-4.375071651846491e-05
-2.339867973594719,4.998607548136311,0.0006180554772935092,-2.8092409698826122e-05,-4.613002335165567e-05
-2.338867773554711,4.9985407957556545,0.0006476575025117693,-2.961205693133899e-05,-4.8621243598005856e-05
-2.337867573514703,4.998471418048674,0.0006784220747386528,-3.120274802143547e-05,-5.1228636599538334e-05
-2.336867373474695,4.998399341554822,0.0007103816257394307,-3.286716703240577e-05,-5.395657198969025e-05
-2.335867173434687,4.998324492121747,0.0007435688870268375,-3.46080668290992e-05,-5.680953017060945e-05
-2.334866973394679,4.998246794956737,0.0007780168669036684,-3.642826936113632e-05,-5.979210268516323e-05
-2.333866773354671,4.998166174680059,0.0008137588266671189,-3.83306658814955e-05,-6.290899248073783e-05
-2.332866573314663,4.998082555380121,0.0008508282560123439,-4.031821709878216e-05,-6.616501406209268e-05
-2.331866373274655,4.997995860670366,0.0008892588476738342,-4.239395326160143e-05,-6.956509353072509e-05
-2.330866173234647,4.997906013747813,0.0009290844713452577,-4.456097417357495e-05,-7.311426850840178e-05
-2.329865973194639,4.9978129374531415,0.0009703391469232143,-4.6822449137671024e-05,-7.681768794273006e-05
-2.328865773154631,4.997716554332209,0.00101305701712088,-4.918161682864886e-05,-8.068061179286274e-05
-2.327865573114623,4.997616786698902,0.0010572723195013173,-5.1641785092558756e-05,-8.470841059366642e-05
-2.326865373074615,4.997513556699203,0.001103019357981404,-5.420633067238096e-05,-8.89065648969208e-05
-2.325865173034607,4.997406786376344,0.0011503324738602447,-5.687869885903534e-05,-9.328066458836482e-05
-2.324864972994599,4.99729639773694,0.0011992460164277617,-5.966240306714635e-05,-9.783640807966159e-05
-2.323864772954591,4.9971823128179516,0.0012497943132090102,-6.25610243351015e-05,-0.00010257960137461106
-2.322864572914583,4.997064453754373,0.0013020116399053646,-6.557821074910461e-05,-0.00010751615700921096
-2.321864372874575,4.996942742847482,0.0013559321900904913,-6.871767679108068e-05,-0.000112652092865427
-2.320864172834567,4.996817102633537,0.0014115900447224904,-7.198320261045724e-05,-0.0001179935308588131
-2.319863972794559,4.99668745595277,0.001469019141536729,-7.53786332200118e-05,-0.00012354669550039814
-2.318863772754551,4.996553726018536,0.0015282532443781694,-7.890787761613475e-05,-0.00012931791233351857
-2.317863572714543,4.99641583648648,0.0015893259125391134,-8.257490782402913e-05,-0.000135313606246568
-2.316863372674535,4.996273711523576,0.0016522704701652853,-8.638375786853078e-05,-0.00014154029966289867
-2.315863172634527,4.996127275876898,0.001717119975794133,-9.033852267139712e-05,-0.00014800461060938754
-2.314862972594519,4.995976454941976,0.001783907192086859,-9.444335687607206e-05,-0.0001547132506654431
-2.313862772554511,4.995821174830599,0.0018526645558191966,-9.870247360110095e-05,-0.0001616730227945035
-2.312862572514503,4.99566136243792,0.0019234241481926294,-0.00010312014312352391,-0.00016889081906033495
-2.311862372474495,4.995496945508731,0.001996217665526357,-0.0001077006914937262,-0.0001763736182306889
-2.310862172434487,4.99532785270277,0.0020710763903920393,-0.00011244849908338092,-0.00018412848327113
-2.309861972394479,4.995154013658923,0.0021480311632479255,-0.00011736799906825907,-0.00019216255873208808
-2.308861772354471,4.9949753590581905,0.0022271123546330537,-0.00012246367584782986,-0.0002004830680324208
-2.307861572314463,4.994791820685304,0.0023083498379747698,-0.00012774006340370136,-0.00020909731064299147
-2.306861372274455,4.99460333148885,0.002391772963064043,-0.00013320174359908427,-0.0002180126591739812
-2.305861172234447,4.99440982563981,0.002477410530250903,-0.00013885334442158642,-0.0002272365563698615
-2.304860972194439,4.994211238588374,0.002565290765409918,-0.00014469953817176071,-0.00023677651201614165
-2.303860772154431,4.994007507118949,0.0026554412957225963,-0.00015074503959993684,-0.0002466400997621836
-2.302860572114423,4.993798569403242,0.0027478891263205117,-0.00015699460399396786,-0.0002568349538645398
-2.301860372074415,4.993584365051326,0.0028426606178334093,-0.00016345302522062207,-0.00026736876585543303
-2.300860172034407,4.993364835160607,0.002939781464879615,-0.000170125133723429,-0.00027824928114112524
-2.299859971994399,4.993139922362595,0.0030392766755364003,-0.00017701579447987215,-0.0002894842955350583
-2.298859771954391,4.992909570867421,0.003141170551823411,-0.0001841299049208849,-0.00030108165173075164
-2.297859571914383,4.992673726506011,0.003245486671228775,-0.0001914723928156693,-0.0003130492357195455
-2.296859371874375,4.992432336769866,0.003352247869307221,-0.00019904821412491318,-0.0003253949731583661
-2.295859171834367,4.9921853508483975,0.003461476223372309,-0.00020686235082551297,-0.00033812682569274254
-2.294858971794359,4.9919327196637475,0.0035731930373048867,-0.00021491980870995704,-0.0003512527872403724
-2.293858771754351,4.991674395903082,0.003687418827495243,-0.00022322561516353797,-0.00036478088024056266
-2.292858571714343,4.9914103340483,0.003804173309933593,-0.00023178481692258884,-0.000378719151874904
-2.291858371674335,4.991140490403145,0.003923475388459766,-0.00024060247781693784,-0.00039307567026453945
-2.290858171634327,4.990864823117692,0.004045343144180885,-0.0002496836764997817,-0.00040785852064938703
-2.289857971594319,4.990583292210203,0.004169793826062381,-0.000259033504168168,-0.00042307580155465986
-2.288857771554311,4.990295859586338,0.004296843842692425,-0.00026865706227725226,-0.00043873562094998636
-2.287857571514303,4.990002489055734,0.004426508755220247,-0.00027855946025148325,-0.00045484609240639516
-2.286857371474295,4.989703146345957,0.0045588032714638195,-0.0002887458131958239,-0.00047141533125636905
-2.285857171434287,4.989397799113824,0.004693741241179305,-0.0002992212396100859,-0.0004884514507621005
-2.284856971394279,4.9890864169541524,0.004831335652483253,-0.0003099908591093981,-0.0005059625582969932
-2.283856771354271,4.988768971405925,0.0049715986294144015,-0.00032105979015378464,-0.0005239567515453717
-2.282856571314263,4.988445435955929,0.005114541430618997,-0.00033243314778975616,-0.0005424421147252387
-2.281856371274255,4.988115786039905,0.005260174449143231,-0.00034411604140676045,-0.0005614267148388191
-2.2808561712342468,4.987779999041238,0.0054085072133131734,-0.00035611357251125994,-0.0005809185979554973
-2.2798559711942388,4.987438054287253,0.005559548388677618,-0.0003684308325211248,-0.0006009257855316192
-2.2788557711542308,4.987089933043158,0.005713305780991014,-0.0003810729005829498,-0.0006214562707714869
-2.2778555711142228,4.986735618503707,0.005869786340210018,-0.0003940448414148115,-0.0006425180150337322
-2.2768553710742148,4.9863750957826305,0.0060289961654749515,-0.00040735170317689006,-0.0006641189442870811
-2.2758551710342068,4.98600835189991,0.0061909405110462945,-0.000420998515372289,-0.0006862669456193783
-2.2748549709941988,4.985635375766967,0.0063556237931646315,-0.0004349902867802724,-0.0007089698638035464
-2.2738547709541908,4.98525615816983,0.006523049597801066,-0.0004493320034240531,-0.000732235497924005
-2.2728545709141827,4.984870691750367,0.00669322068926425,-0.0004640286265751496,-0.0007560715980668762
-2.2718543708741747,4.984478970985662,0.00686613901962842,-0.00047908509079622137,-0.0007804858620771391
-2.2708541708341667,4.984080992165599,0.007041805738946071,-0.0004945063020241908,-0.0008054859323856895
-2.2698539707941587,4.9836767533687665,0.0072202212062087694,-0.000510297135695335,-0.0008310793929090923
-2.2688537707541507,4.983266254436737,0.0074013850010178645,-0.0005264624349139381,-0.0008572737660246194
-2.2678535707141427,4.982849496946827,0.007585295935926322,-0.0005430070086659593,-0.0008840765096229623
-2.2668533706741347,4.982426484183415,0.007771952069413917,-0.0005599356300790803,-0.0009114950142408504
-2.2658531706341267,4.981997221107914,0.007961350719456516,-0.0005772530347303695,-0.000939536600275576
-2.2648529705941187,4.981561714327467,0.008153488477649812,-0.0005949639190026914,-0.0009682085152832745
-2.2638527705541107,4.981119972062476,0.008348361223849,-0.0006130729384908822,-0.0009975179313625958
-2.2628525705141027,4.980672004113047,0.008545964141284923,-0.0006315847064585929,-0.0010274719426252225
-2.2618523704740947,4.980217821824414,0.008746291732117517,-0.0006505037923466029,-0.0010580775627545235
-2.2608521704340867,4.979757438051472,0.008949337833389047,-0.0006698347203332936,-0.0010893417226534208
-2.2598519703940787,4.979290867122462,0.009155095633337884,-0.0006895819679478627,-0.0011212712681824037
-2.2588517703540707,4.978818124801921,0.009363557688035748,-0.0007097499647367644,-0.0011538729579884158
-2.2578515703140627,4.978339228252974,0.009574715938311785,-0.000730343090983753,-0.0011871534614252078
-2.2568513702740547,4.977854195999032,0.009788561726925502,-0.0007513656764838115,-0.0012211193565655478
-2.2558511702340467,4.977363047885005,0.010005085815954946,-0.000772821999371148,-0.0012557771283055444
-2.2548509701940387,4.97686580503809,0.010224278404364365,-0.000794716285001357,-0.0012911331665611744
-2.2538507701540307,4.976362489828207,0.010446129145717357,-0.00081705270488774,-0.0013271937645569568
-2.2528505701140227,4.975853125828179,0.010670627166003163,-0.0008398353756917118,-0.0013639651172065654
-2.2518503700740147,4.975337737773695,0.01089776108154312,-0.0008630683582671056,-0.001401453319585037
-2.2508501700340067,4.974816351523162,0.011127519016947692,-0.0008867556567581501,-0.0014396643654921008
-2.2498499699939987,4.974288994017484,0.011359888623093915,-0.0009109012177507759,-0.0014786041461060198
-2.2488497699539907,4.973755693239842,0.011594857095093378,-0.0009355089294768618,-0.001518278448727221
-2.2478495699139827,4.973216478175552,0.011832411190224566,-0.0009605826210709441,-0.0015586929556108571
-2.2468493698739747,4.972671378772039,0.012072537245803504,-0.0009861260618788687,-0.0015998532428873643
-2.2458491698339667,4.972120425898986,0.012315221196966564,-0.0010121429608177723,-0.00164176477956995
-2.2448489697939586,4.971563651308733,0.012560448594340815,-0.0010386369657867484,-0.0016844329266478449
-2.2438487697539506,4.971001087596954,0.012808204621581241,-0.0010656116631274865,-0.0017278629362640916
-2.2428485697139426,4.970432768163671,0.013058474112751945,-0.0010930705771341163,-0.0017720599509765263
-2.2418483696739346,4.969858727174653,0.013311241569531332,-0.0011210171696114555,-0.001817029003100539
-2.2408481696339266,4.969278999523238,0.013566491178221706,-0.0011494548394807968,-0.0018627750141321376
-2.2398479695939186,4.968693620792616,0.013824206826546294,-0.0011783869224323473,-0.0019093027942497472
-2.2388477695539106,4.968102627218627,0.014084372120216673,-0.0012078166906233855,-0.0019566170418931538
-2.2378475695139026,4.967506055653088,0.014346970399254304,-0.0012377473524211658,-0.0020047223434178996
-2.2368473694738946,4.966903943527693,0.01461198475405292,-0.0012681820521895793,-0.0020536231728234167
-2.2358471694338866,4.9662963288185225,0.014879398041168059,-0.0012991238701185366,-0.0021033238915531428
-2.2348469693938786,4.965683250011169,0.015149192898821889,-0.0013305758220950375,-0.0021538287483647985
-2.2338467693538706,4.965064746066531,0.015421351762111348,-0.0013625408596148398,-0.0022051418792689943
-2.2328465693138626,4.964440856387269,0.01569585687791126,-0.0013950218697336566,-0.0022572673075343013
-2.231846369273855,4.963811620784977,0.01597269031946199,-0.0014280216750567627,-0.0023102089437568784
-2.230846169233847,4.963177079448052,0.01625183400063472,-0.0014615430337658979,-0.002363970585992754
-2.229845969193839,4.962537272910305,0.016533269689867392,-0.0014955886396823483,-0.0024185559199508266
-2.228845769153831,4.961892242020319,0.016816979023764455,-0.0015301611223650581,-0.002473968519244639
-2.227845569113823,4.961242027911559,0.017102943520356285,-0.0015652630472426407,-0.002530211845700983
-2.226845369073815,4.960586671973245,0.017391144592013366,-0.0016008969157781416,-0.002587289249723379
-2.225845169033807,4.959926215822017,0.017681563558012203,-0.0016370651656654133,-0.0026452039707084716
-2.224844968993799,4.9592607012743635,0.017974181656750878,-0.001673770171055962,-0.0027039591375134023
-2.223844768953791,4.958590170319841,0.01826898005761065,-0.001711014242815123,-0.0027635577689722125
-2.222844568913783,4.957914665095091,0.01856593987246482,-0.0017487996288064335,-0.0028240027744593395
-2.221844368873775,4.957234227858632,0.018865042166833126,-0.0017871285142030825,-0.002885296954498299
-2.220844168833767,4.956548900966458,0.019166267970681602,-0.0018260030218253114,-0.002947443001413628
-2.219843968793759,4.955858726848403,0.019469598288869662,-0.0018654252125026713,-0.003010443500024242
-2.218843768753751,4.955163747985318,0.019775014111244927,-0.0019053970854600256,-0.003074300928376294
-2.217843568713743,4.954464006887004,0.020082496422389608,-0.0019459205787262389,-0.0031390176585137375
-2.216843368673735,4.953759546070935,0.020392026211018193,-0.0019869975695644628,-0.0032045959572847512
-2.215843168633727,4.953050408041749,0.02070358447903127,-0.002028629874922978,-0.0032710379871822444
-2.214842968593719,4.952336635271495,0.021017152250228856,-0.0020708192519055617,-0.0033383458072166945
-2.213842768553711,4.951618270180635,0.021332710578686225,-0.002113567398260351,-0.0034065213738195587
-2.212842568513703,4.9508953551198,0.021650240556797703,-0.002156875952886216,-0.0034755665417755947
-2.211842368473695,4.950167932352266,0.02196972332299127,-0.00220074649635565,-0.003545483065182414
-2.210842168433687,4.94943604403716,0.022291140069119853,-0.0022451805514532284,-0.0036162725984356173
-2.209841968393679,4.948699732213385,0.022614472047535448,-0.002290179583728689,-0.0036879366972379507
-2.208841768353671,4.947959038784231,0.02293970057784939,-0.0023357450020637205,-0.0037604768196309057
-2.207841568313663,4.947214005502687,0.02326680705338599,-0.002381878159251558,-0.0038338943270472357
-2.206841368273655,4.9464646739574185,0.023595772947335558,-0.0024285803525885097,-0.003908190485382919
-2.205841168233647,4.94571108555941,0.023926579818611494,-0.002475852824476566,-0.003983366466087116
-2.204840968193639,4.944953281529259,0.02425920931741855,-0.0025236967630362624,-0.004059423347268702
-2.203840768153631,4.944191302885091,0.024593643190539374,-0.002572113302728976,-0.004136362114818028
-2.202840568113623,4.943425190431106,0.0249298632863451,-0.002621103524987894,-0.00421418366354258
-2.201840368073615,4.942654984746723,0.025267851559535648,-0.002670668458856858,-0.004292888798315191
-2.200840168033607,4.941880726176313,0.02560759007561832,-0.002720809081636383,-0.004372478235233653
-2.199839967993599,4.94110245481951,0.025949061015130778,-0.002771526319536107,-0.004452952602790428
-2.198839767953591,4.940320210522076,0.026292246677614227,-0.002822821048332991,-0.0045343124430513235
-2.197839567913583,4.939534032867312,0.02663712948534458,-0.0028746940940345975,-0.004616558212842019
-2.196839367873575,4.938743961168002,0.026983691986828554,-0.0029271462335467894,-0.004699690284941279
-2.195839167833567,4.9379500344588605,0.027331916860071012,-0.002980178195345253,-0.004783708949279887
-2.194838967793559,4.93715229148949,0.0276817869156209,-0.003033790660150197,-0.004868614414144199
-2.193838767753551,4.936350770717807,0.028033285099402075,-0.0030879842616036886,-0.004954406807383401
-2.192838567713543,4.935545510303952,0.028386394495336267,-0.0031427595869490525,-0.005041086177619469
-2.191838367673535,4.934736548104638,0.028741098327764458,-0.0031981171777117896,-0.005128652495458984
-2.190838167633527,4.933923921667947,0.029097379963673724,-0.0032540575303814964,-0.005217105654705864
-2.189837967593519,4.933107668228543,0.029455222914736158,-0.00331058109709431,-0.005306445473574239
-2.188837767553511,4.932287824703297,0.029814610839165954,-0.0033676882863153865,-0.005396671695900627
-2.187837567513503,4.931464427687308,0.030175527543401543,-0.0034253794635209617,-0.005487783992354674
-2.186837367473495,4.930637513450295,0.03053795698361867,-0.003483654951879565,-0.005579781961647707
-2.185837167433487,4.929807117933369,0.03090188326708153,-0.00354251503293195,-0.005672665131738379
-2.184836967393479,4.928973276746148,0.03126729065333701,-0.003601959947269398,-0.005766432961034815
-2.183836767353471,4.928136025164208,0.031634163555259054,-0.003661989895209933,-0.0058610848395925196
-2.182836567313463,4.927295398126873,0.03200248653994833,-0.0037226050374721768,-0.005956620090307529
-2.181836367273455,4.926451430235299,0.03237224432949333,-0.00378380549584644,-0.0060530379701041895
-2.180836167233447,4.925604155750876,0.03274342180159841,-0.003845591353862746,-0.006150337671117013
-2.179835967193439,4.924753608593907,0.03311600399008546,-0.003907962657455484,-0.006248518321866117
-2.178835767153431,4.923899822342562,0.03348997608527278,-0.003970919415624397,-0.0063475789884257445
-2.177835567113423,4.923042830232099,0.03386532343423767,-0.004034461601091618,-0.006447518675585402
-2.176835367073415,4.922182665154338,0.03424203154096789,-0.00409858915095451,-0.006548336328003187
-2.175835167033407,4.921319359657371,0.03462008606640646,-0.004163301967334049,-0.00665003083135089
-2.174834966993399,4.9204529459455015,0.03499947282839586,-0.004228599918018529,-0.006752601013450459
-2.173834766953391,4.919583455879405,0.03538017780152489,-0.0042944828371023844,-0.006856045645401542
-2.172834566913383,4.9187109209764985,0.035762187116884205,-0.004360950525619882,-0.006960363442699667
-2.171834366873375,4.9178353724115045,0.0361454870617341,-0.004428002752173558,-0.007065553066344817
-2.170834166833367,4.916956841017206,0.03653006407908974,-0.004495639253557162,-0.007171613123940096
-2.169833966793359,4.916075357285378,0.03691590476722794,-0.004563859735372979,-0.007278542170780149
-2.168833766753351,4.915190951367888,0.037302995879118145,-0.0046326638726433686,-0.007386338710929202
-2.167833566713343,4.914303653077962,0.03769132432178471,-0.004702051310416381,-0.007495001198288349
-2.166833366673335,4.91341349189159,0.03808087715560184,-0.004772021664365295,-0.007604528037651989
-2.165833166633327,4.9125204969490905,0.038471641593525265,-0.004842574521382023,-0.007714917585753162
-2.164832966593319,4.911624697056796,0.03886360500026544,-0.004913709440164189,-0.007826168152297574
-2.163832766553311,4.910726120688875,0.03925675489140461,-0.004985425951795841,-0.007938278000986225
-2.162832566513303,4.909824795989268,0.039651078932461586,-0.005057723560321685,-0.008051245350526431
-2.161832366473295,4.908920750773733,0.0400465649379082,-0.0051306017433147754,-0.008165068375631144
-2.160832166433287,4.908014012532009,0.04044320087013897,-0.005204059952437558,-0.008279745208006426
-2.159831966393279,4.907104608430059,0.04084097483839841,-0.005278097613996243,-0.00839527393732699
-2.158831766353271,4.906192565312422,0.041239875097668605,-0.005352714129488412,-0.008511652612199749
-2.157831566313263,4.905277909704639,0.041639890047519626,-0.0054279088761438376,-0.008628879241115198
-2.156831366273255,4.904360667815759,0.04204100823092589,-0.005503681207458485,-0.00874695179338673
-2.1558311662332468,4.903440865540927,0.04244321833304991,-0.005580030453721616,-0.008865868200077653
-2.1548309661932388,4.902518528464029,0.04284650917999803,-0.00565695592253602,-0.008985626354916001
-2.1538307661532308,4.901593681860405,0.04325086973754859,-0.005734456899331313,-0.009106224115197063
-2.1528305661132228,4.900666350699615,0.043656289109855285,-0.0058125326478703256,-0.009227659302673595
-2.1518303660732148,4.899736559648268,0.04406275653812912,-0.0058911824107485255,-0.009349929704433735
-2.1508301660332068,4.8988043330728805,0.04447026139929971,-0.005970405409886519,-0.009473033073766608
-2.1498299659931988,4.897869695042794,0.04487879320465845,-0.006050200847015608,-0.009596967131015625
-2.1488297659531908,4.89693266933312,0.04528834159848541,-0.006130567904156421,-0.009721729564419546
-2.1478295659131827,4.89599327942773,0.04569889635666164,-0.006211505744090593,-0.00984731803094118
-2.1468293658731747,4.895051548522261,0.046110447385269544,-0.006293013510825588,-0.00997373015708401
-2.1458291658331667,4.8941074995271645,0.0465229847191814,-0.006375090330052593,-0.010100963539696528
-2.1448289657931587,4.893161155070765,0.04693649852063947,-0.006457735309597582,-0.01022901574676446
-2.1438287657531507,4.892212537502344,0.04735097907782805,-0.006540947539865549,-0.01035788431819096
-2.1428285657131427,4.891261668895237,0.04776641680343863,-0.0066247260942779145,-0.010487566766564734
-2.1418283656731347,4.890308571049951,0.04818280223323063,-0.006709070029703207,-0.010618060577916198
-2.1408281656331267,4.889353265497281,0.04860012602458878,-0.006793978386880977,-0.010749363212461808
-2.1398279655931187,4.88839577350144,0.04901837895507764,-0.0068794501908390785,-0.010881472105336545
-2.1388277655531107,4.887436116063196,0.0494375519209952,-0.006965484451304268,-0.011014384667314669
-2.1378275655131027,4.886474313923004,0.04985763593592593,-0.007052080163106221,-0.011148098285518849
-2.1368273654730947,4.8855103875641435,0.050278622129295826,-0.007139236306575029,-0.011282610324117736
-2.1358271654330867,4.88454435721585,0.050700501744928725,-0.007226951847932159,-0.011417918125012062
-2.1348269653930787,4.883576242856443,0.05112326613960534,-0.0073152257396750285,-0.011554019008509362
-2.1338267653530707,4.8826060642164455,0.05154690678162743,-0.007404056920955157,-0.011690910273987465
-2.1328265653130627,4.881633840781698,0.05197141524938536,-0.0074934443179500146,-0.011828589200546831
-2.1318263652730547,4.8806595917964595,0.052396783229932097,-0.0075833868442285795,-0.011967053047651737
-2.1308261652330467,4.879683336266494,0.052823002517562674,-0.007673883401110721,-0.012106299055760623
-2.1298259651930387,4.878705092962147,0.05325006501240126,-0.007764932878020419,-0.012246324446945539
-2.1288257651530307,4.8777248804214075,0.05367796271899621,-0.007856534152832882,-0.01238712642550086
-2.1278255651130227,4.876742716952944,0.05410668774492239,-0.007948686092215716,-0.012528702178541429
-2.1268253650730147,4.875758620639135,0.054536232299392765,-0.008041387551964044,-0.012671048876590114
-2.1258251650330067,4.874772609339071,0.054966588691879446,-0.008134637377329846,-0.012814163674155105
-2.1248249649929987,4.873784700691541,0.0553977493307449,-0.008228434403345366,-0.012958043710296805
-2.1238247649529907,4.872794912117992,0.05582970672188346,-0.008322777455140899,-0.01310268610918474
-2.1228245649129827,4.871803260825471,0.05626245346737286,-0.008417665348256758,-0.013248087980644255
-2.1218243648729747,4.870809763809545,0.0566959822641377,-0.00851309688894973,-0.013394246420693508
-2.1208241648329667,4.869814437857183,0.05713028590262433,-0.00860907087449395,-0.01354115851207049
-2.1198239647929586,4.8688172995496375,0.05756535726548762,-0.008705586093476296,-0.013688821324750558
-2.1188237647529506,4.86781836526527,0.05800118932629005,-0.008802641326086392,-0.013837231916454345
-2.1178235647129426,4.866817651182378,0.05843777514821276,-0.008900235344401264,-0.01398638733314624
-2.1168233646729346,4.865815173281977,0.05887510788278021,-0.008998366912664747,-0.014136284609523646
-2.1158231646329266,4.864810947350559,0.05931318076859692,-0.009097034787561674,-0.014286920769497054
-2.1148229645929186,4.863804988982826,0.059751987130098085,-0.009196237718486999,-0.014438292826661071
-2.1138227645529106,4.8627973135843945,0.06019152037631356,-0.009295974447809784,-0.014590397784756536
-2.1128225645129026,4.861787936374464,0.06063177399964459,-0.009396243711132273,-0.01474323263812384
-2.1118223644728946,4.860776872388468,0.06107274157465535,-0.009497044237544019,-0.014896794372147623
-2.1108221644328866,4.859764136480684,0.061514416756877494,-0.009598374749871203,-0.015051079963692862
-2.1098219643928786,4.858749743326821,0.061956793281628945,-0.009700233964921144,-0.015206086381532619
-2.1088217643528706,4.857733707426571,0.06239986496284685,-0.009802620593722142,-0.01536181058676743
-2.1078215643128626,4.85671604310614,0.06284362569193397,-0.009905533341758645,-0.015518249533236508
-2.1068213642728546,4.855696764520732,0.06328806943662056,-0.01000897090920192,-0.015675400167921003
-2.1058211642328466,4.854675885657023,0.06373319023983848,-0.01011293199113614,-0.015833259431339168
-2.1048209641928386,4.8536534203355854,0.0641789822186111,-0.010217415277780164,-0.01599182425793387
-2.1038207641528306,4.852629382213294,0.06462543956295733,-0.010322419454704818,-0.016151091576452285
-2.1028205641128226,4.851603784785698,0.06507255653480905,-0.010427943203046025,-0.016311058310318094
-2.1018203640728146,4.850576641389355,0.06552032746694338,-0.010533985199713592,-0.01647172137799617
-2.1008201640328066,4.849547965204151,0.06596874676192954,-0.010640544117595942,-0.016633077693350023
-2.0998199639927986,4.848517769255569,0.06641780889108863,-0.010747618625760664,-0.01679512416599181
-2.0988197639527906,4.847486066416945,0.06686750839346844,-0.010855207389651105,-0.01695785770162552
-2.0978195639127826,4.84645286941168,0.06731783987483278,-0.010963309071278954,-0.017121275202382914
-2.0968193638727746,4.845418190815432,0.06776879800666386,-0.01107192232941298,-0.017285373567152713
-2.0958191638327666,4.844382043058273,0.06822037752517914,-0.011181045819763874,-0.01745014969190297
-2.0948189637927586,4.843344438426809,0.06867257323036258,-0.011290678195165353,-0.01761560046999678
-2.0938187637527506,4.842305389066286,0.0691253799850085,-0.01140081810575156,-0.01778172279250142
-2.0928185637127426,4.841264906982653,0.06957879271378015,-0.011511464199130827,-0.01794851354849113
-2.0918183636727345,4.8402230040445975,0.07003280640228174,-0.011622615120555771,-0.018115969625343405
-2.0908181636327265,4.839179691985558,0.0704874160961435,-0.011734269513090003,-0.018284087909029155
-2.0898179635927185,4.838134982405702,0.07094261690012131,-0.01184642601777123,-0.018452865284396762
-2.0888177635527105,4.83708888677387,0.0713984039772086,-0.011959083273771036,-0.018622298635449994
-2.0878175635127025,4.836041416429507,0.07185477254776172,-0.012072239918551265,-0.018792384845620073
-2.0868173634726945,4.834992582584546,0.07231171788863867,-0.012185894588017162,-0.018963120798031953
-2.0858171634326865,4.833942396325278,0.07276923533235055,-0.012300045916667194,-0.019134503375764726
-2.0848169633926785,4.832890868614187,0.07322732026622614,-0.01241469253773981,-0.01930652946210661
-2.0838167633526705,4.831838010291758,0.07368596813158916,-0.012529833083356945,-0.019479195940804217
-2.0828165633126625,4.83078383207826,0.07414517442294795,-0.012645466184664538,-0.01965249969630647
-2.0818163632726545,4.829728344575499,0.0746049346871974,-0.012761590471970001,-0.019826437614003208
-2.0808161632326465,4.828671558268547,0.07506524452283389,-0.012878204574876742,-0.020001006580458475
-2.0798159631926385,4.82761348352744,0.0755260995791824,-0.012995307122415738,-0.02017620348363867
-2.0788157631526305,4.826554130608857,0.07598749555563473,-0.013112896743174314,-0.0203520252131357
-2.0778155631126225,4.825493509657765,0.07644942820090044,-0.013230972065422005,-0.02052846866038502
-2.0768153630726145,4.824431630709044,0.07691189331226937,-0.013349531717233796,-0.020705530718878963
-2.0758151630326065,4.823368503689084,0.07737488673488596,-0.01346857432661051,-0.020883208284375083
-2.0748149629925985,4.822304138417359,0.07783840436103479,-0.013588098521596629,-0.0210614982550999
-2.0738147629525905,4.821238544607973,0.07830244212943774,-0.01370810293039547,-0.021240397531948015
-2.0728145629125825,4.820171731871184,0.07876699602456204,-0.013828586181481809,-0.021419903018676575
-2.0718143628725745,4.819103709714907,0.07923206207593947,-0.013949546903711921,-0.02160001162209538
-2.0708141628325665,4.818034487546184,0.0796976363574966,-0.014070983726431263,-0.02178072025225257
-2.0698139627925585,4.81696407467264,0.08016371498689588,-0.014192895279579586,-0.021962025822615958
-2.0688137627525505,4.815892480303913,0.08063029412488677,-0.014315280193793767,-0.02214392525025016
-2.0678135627125425,4.814819713553057,0.08109736997466824,-0.01443813710050827,-0.022326415455989623
-2.0668133626725345,4.813745783437929,0.0815649387812609,-0.014561464632053265,-0.022509493364607468
-2.0658131626325265,4.812670698882546,0.08203299683088897,-0.014685261421750596,-0.022693155904980496
-2.0648129625925185,4.811594468718434,0.0825015404503733,-0.014809526104007365,-0.022877400010250036
-2.0638127625525104,4.810517101685936,0.08297056600653432,-0.014934257314407525,-0.023062222617979123
-2.0628125625125024,4.8094386064355135,0.08344006990560325,-0.015059453689801204,-0.023247620670305832
-2.0618123624724944,4.808358991529024,0.08391004859264391,-0.015185113868392011,-0.023433591114092867
-2.0608121624324864,4.807278265440973,0.0843804985509845,-0.015311236489822237,-0.023620130901073545
-2.0598119623924784,4.806196436559754,0.08485141630165786,-0.015437820195256078,-0.023807236987994106
-2.0588117623524704,4.805113513188855,0.08532279840285126,-0.015564863627460858,-0.023994906336752688
-2.0578115623124624,4.804029503548065,0.08579464144936472,-0.015692365430886306,-0.02418313591453465
-2.0568113622724544,4.802944415774641,0.08626694207207894,-0.015820324251741947,-0.024371922693944652
-2.0558111622324464,4.801858257924467,0.08673969693743142,-0.015948738738072583,-0.02456126365313532
-2.0548109621924384,4.800771037973195,0.08721290274690185,-0.01607760753983202,-0.024751155775932766
-2.0538107621524304,4.799682763817365,0.08768655623650541,-0.01620692930895488,-0.024941596051958777
-2.0528105621124224,4.7985934432754975,0.0881606541762941,-0.016336702699426733,-0.025132581476749915
-2.0518103620724144,4.79750308408919,0.08863519336986755,-0.016466926367352492,-0.025324109051873607
-2.0508101620324064,4.79641169392417,0.0891101706538908,-0.016597598971023045,-0.025516175785041145
-2.0498099619923984,4.795319280371353,0.08958558289762023,-0.0167287191709803,-0.025708778690217676
-2.0488097619523904,4.794225850947867,0.09006142700243762,-0.01686028563008055,-0.02590191478772942
-2.0478095619123824,4.793131413098072,0.09053769990139152,-0.016992297013556222,-0.0260955811043679
-2.0468093618723744,4.792035974194555,0.0910143985587465,-0.01712475198907606,-0.026289774673491445
-2.0458091618323664,4.79093954153911,0.09149151996954033,-0.017257649226803826,-0.02648449253512393
-2.0448089617923584,4.789842122363709,0.0919690611591472,-0.017390987399455386,-0.026679731736050843
-2.0438087617523504,4.788743723831445,0.09244701918284917,-0.017524765182354383,-0.026875489329912666
-2.0428085617123424,4.787644353037471,0.09292539112541447,-0.01765898125348643,-0.027071762377295725
-2.0418083616723344,4.786544017009918,0.09340417410068248,-0.017793634293551856,-0.027268547945820384
-2.0408081616323264,4.7854427227107985,0.09388336525115634,-0.017928722986017123,-0.027465843110226953
-2.0398079615923184,4.784340477036896,0.09436296174760081,-0.01806424601716476,-0.027663644952458887
-2.0388077615523104,4.783237286820641,0.09484296078864848,-0.018200202076142008,-0.02786195056174382
-2.0378075615123024,4.782133158830969,0.09532335960041138,-0.018336589855008224,-0.028060757034672167
-2.0368073614722944,4.78102809977417,0.09580415543609952,-0.0184734080487808,-0.028260061475273247
-2.0358071614322863,4.779922116294721,0.09628534557564564,-0.018610655355479996,-0.0284598609950895
-2.0348069613922783,4.778815214976104,0.09676692732533557,-0.018748330476172453,-0.028660152713248233
-2.0338067613522703,4.777707402341612,0.097248898017445,-0.01888643211501343,-0.028860933756531135
-2.0328065613122623,4.776598684855142,0.09773125500988311,-0.019024958979287954,-0.029062201259441877
-2.0318063612722543,4.77548906892198,0.09821399568584083,-0.01916390977945072,-0.02926395236427151
-2.0308061612322463,4.77437856088956,0.09869711745344531,-0.01930328322916486,-0.029466184221161776
-2.0298059611922383,4.7732671670482265,0.09918061774542017,-0.019443078045339596,-0.029668893988166488
-2.0288057611522303,4.772154893631972,0.09966449401875131,-0.019583292948166776,-0.02987207883131089
-2.0278055611122223,4.771041746819173,0.10014874375435795,-0.019723926661156303,-0.03007573592464909
-2.0268053610722143,4.769927732733307,0.10063336445676958,-0.01986497791117057,-0.030279862450319574
-2.0258051610322063,4.768812857443657,0.10111835365380788,-0.02000644542845777,-0.030484455598599008
-2.0248049609921983,4.767697126966014,0.10160370889627307,-0.020148327946684235,-0.030689512567953946
-2.0238047609521903,4.766580547263356,0.10208942775763719,-0.02029062420296575,-0.03089503056509104
-2.0228045609121823,4.7654631242465255,0.10257550783374064,-0.020433332937897935,-0.031101006805005344
-2.0218043608721743,4.764344863774894,0.10306194674249422,-0.020576452895585594,-0.031307438511026874
-2.0208041608321663,4.7632257716570106,0.10354874212358678,-0.02071998282367117,-0.03151432291486565
-2.0198039607921583,4.7621058536512475,0.10403589163819618,-0.02086392147336223,-0.03172165725665486
-2.0188037607521503,4.760985115466431,0.10452339296870639,-0.021008267599458116,-0.03192943878499265
-2.0178035607121423,4.7598635627624635,0.1050112438184281,-0.021153019960375663,-0.03213766475698219
-2.0168033606721343,4.758741201150936,0.10549944191132422,-0.021298177318174048,-0.032346332438270155
-2.0158031606321263,4.757618036195728,0.10598798499174054,-0.02144373843857876,-0.03255543910308383
-2.0148029605921183,4.756494073413608,0.10647687082413906,-0.021589702091004807,-0.03276498203426659
-2.0138027605521103,4.755369318274805,0.10696609719283702,-0.02173606704857905,-0.03297495852331199
-2.0128025605121023,4.754243776203594,0.10745566190174957,-0.02188283208816176,-0.03318536587039645
-2.0118023604720943,4.753117452578855,0.10794556277413683,-0.022029995990367326,-0.033396201384410365
-2.0108021604320863,4.751990352734633,0.10843579765235524,-0.02217755753958434,-0.033607462382988146
-2.0098019603920783,4.75086248196068,0.1089263643976119,-0.022325515523994734,-0.03381914619253662
-2.0088017603520703,4.749733845503001,0.10941726088972333,-0.022473868735592345,-0.034031250148262276
-2.0078015603120623,4.7486044485643815,0.10990848502687882,-0.02262261597020064,-0.0342437715941972
-2.0068013602720542,4.747474296304907,0.11040003472540669,-0.022771756027489824,-0.03445670788322365
-2.0058011602320462,4.7463433938424835,0.11089190791954419,-0.02292128771099316,-0.034670056377097545
-2.0048009601920382,4.7452117462533385,0.11138410256121166,-0.02307120982812269,-0.034883814446470596
-2.0038007601520302,4.744079358572522,0.1118766166197898,-0.023221521190184252,-0.03509797947091134
-2.0028005601120222,4.7429462357943954,0.11236944808190075,-0.023372220612391824,-0.03531254883892498
-2.0018003600720142,4.741812382873117,0.11286259495119245,-0.023523306913881263,-0.035527519947972014
-2.0008001600320062,4.740677804723116,0.1133560552481263,-0.023674778917723405,-0.03574289020448595
-1.9997999599919984,4.7395425062195615,0.1138498270097681,-0.023826635450936537,-0.0359586570238896
-1.9987997599519904,4.7384064921988225,0.1143439082895832,-0.023978875344498312,-0.03617481783061066
-1.9977995599119824,4.7372697674589235,0.11483829715723318,-0.02413149743335702,-0.036391370058096006
-1.9967993598719744,4.736132336759993,0.11533299169837731,-0.024284500556442268,-0.036608311148824936
-1.9957991598319664,4.734994204824699,0.11582799001447631,-0.024437883556675224,-0.036825638554321666
-1.9947989597919584,4.733855376338688,0.11632329022259873,-0.02459164528097811,-0.037043349735166486
-1.9937987597519504,4.73271585595101,0.1168188904552315,-0.02474578458028335,-0.037261442161006283
-1.9927985597119424,4.731575648274538,0.1173147888600926,-0.024900300309542045,-0.037479913310563856
-1.9917983596719344,4.730434757886384,0.11781098359994681,-0.025055191327731995,-0.0376987606716465
-1.9907981596319264,4.729293189328306,0.11830747285242395,-0.02521045649786518,-0.0379179817411535
-1.9897979595919184,4.728150947107112,0.11880425480984093,-0.02536609468699474,-0.0381375740250829
-1.9887977595519104,4.727008035695053,0.11930132767902564,-0.025522104766221597,-0.03835753503853734
-1.9877975595119024,4.725864459530214,0.11979868968114311,-0.025678485610700352,-0.03857786230572903
-1.9867973594718944,4.724720223016902,0.12029633905152616,-0.025835236099644943,-0.03879855335998391
-1.9857971594318864,4.723575330526017,0.12079427403950653,-0.025992355116333694,-0.03901960574374496
-1.9847969593918784,4.72242978639543,0.12129249290824969,-0.02614984154811404,-0.03924101700857478
-1.9837967593518704,4.72128359493035,0.12179099393459226,-0.026307694286406707,-0.03946278471515734
-1.9827965593118624,4.720136760403688,0.12228977540888154,-0.026465912226709475,-0.03968490643329891
-1.9817963592718544,4.718989287056406,0.12278883563481692,-0.026624494268600696,-0.03990737974192848
-1.9807961592318464,4.717841179097877,0.12328817292929538,-0.02678343931574203,-0.04013020222909705
-1.9797959591918384,4.716692440706226,0.12378778562225735,-0.026942746275881224,-0.040353371491976674
-1.9787957591518304,4.715543076028675,0.12428767205653594,-0.027102414060854167,-0.0405768851368584
-1.9777955591118224,4.7143930891818755,0.12478783058770826,-0.027262441586586687,-0.04080074077914975
-1.9767953590718144,4.713242484252239,0.12528825958394899,-0.02742282777309599,-0.041024936043371436
-1.9757951590318064,4.712091265296271,0.1257889574258861,-0.027583571544491627,-0.04124946856315354
-1.9747949589917984,4.710939436340885,0.12628992250645865,-0.027744671828976268,-0.04147433598123087
-1.9737947589517904,4.709787001383722,0.12679115323077675,-0.027906127558845972,-0.04169953594943787
-1.9727945589117823,4.708633964393466,0.12729264801598322,-0.02806793767049015,-0.04192506612870275
-1.9717943588717743,4.707480329310148,0.1277944052911183,-0.028230101104391263,-0.04215092418904123
-1.9707941588317663,4.706326100045453,0.12829642349698517,-0.028392616805124032,-0.0423771078095495
-1.9697939587917583,4.705171280483016,0.12879870108601804,-0.02855548372135456,-0.04260361467839661
-1.9687937587517503,4.7040158744787215,0.1293012365221522,-0.028718700805838944,-0.04283044249281656
-1.9677935587117423,4.702859885860992,0.12980402828069557,-0.02888226701542157,-0.04305758895909942
-1.9667933586717343,4.701703318431075,0.13030707484820278,-0.02904618131103331,-0.043285051792582394
-1.9657931586317263,4.700546175963325,0.1308103747223507,-0.029210442657689205,-0.04351282871763998
-1.9647929585917183,4.699388462205486,0.1313139264118153,-0.02937505002448591,-0.043740917467673716
-1.9637927585517103,4.698230180878964,0.13181772843615114,-0.029540002384598987,-0.04396931578510153
-1.9627925585117023,4.697071335679094,0.13232177932567246,-0.02970529871527981,-0.04419802142134668
-1.9617923584716943,4.695911930275416,0.13282607762133491,-0.02987093799785211,-0.0444270321368258
-1.9607921584316863,4.694751968311934,0.1333306218746205,-0.030036919217708506,-0.044656345700936996
-1.9597919583916783,4.693591453407374,0.13383541064742321,-0.030203241364306507,-0.04488595989204714
-1.9587917583516703,4.692430389155447,0.1343404425119362,-0.030369903431164497,-0.04511587249747882
-1.9577915583116623,4.691268779125092,0.13484571605054152,-0.03053690441585731,-0.04534608131349698
-1.9567913582716543,4.690106626860738,0.13535122985570056,-0.030704243320011645,-0.04557658414529494
-1.9557911582316463,4.688943935882536,0.13585698252984624,-0.030871919149301222,-0.04580737880698012
-1.9547909581916383,4.687780709686615,0.13636297268527633,-0.031039930913441684,-0.04603846312155929
-1.9537907581516303,4.6866169517453145,0.13686919894404942,-0.031208277626185343,-0.04626983492092352
-1.9527905581116223,4.685452665507418,0.13737565993788126,-0.03137695830531566,-0.04650149204583274
-1.9517903580716143,4.684287854398392,0.13788235430804252,-0.0315459719726415,-0.046733432345899745
-1.9507901580316063,4.683122521820616,0.1383892807052592,-0.031715317653991194,-0.0469656536795741
-1.9497899579915983,4.6819566711536025,0.13889643778961291,-0.03188499437920643,-0.0471981539141255
-1.9487897579515903,4.680790305754227,0.13940382423044356,-0.0320550011821359,-0.047430930925626856
-1.9477895579115823,4.679623428956947,0.13991143870625306,-0.032225337100628824,-0.04766398259893706
-1.9467893578715743,4.678456044074017,0.14041927990460942,-0.03239600117652812,-0.04789730682768335
-1.9457891578315663,4.67728815439571,0.1409273465220541,-0.03256699245566355,-0.048130901514243374
-1.9447889577915582,4.676119763190523,0.14143563726400954,-0.03273830998784474,-0.04836476456972706
-1.9437887577515502,4.674950873705389,0.1419441508446875,-0.03290995282685374,-0.048598893913957955
-1.9427885577115422,4.673781489165883,0.14245288598699973,-0.03308192003043771,-0.048833287475454436
-1.9417883576715342,4.672611612776428,0.14296184142246854,-0.033254210660301355,-0.04906794319141065
-1.9407881576315262,4.671441247720491,0.1434710158911397,-0.03342682378209902,-0.04930285900767702
-1.9397879575915182,4.670270397160791,0.1439804081414966,-0.03359975846542693,-0.049538032878740604
-1.9387877575515102,4.669099064239482,0.14449001693037475,-0.03377301378381504,-0.04977346276770516
-1.9377875575115022,4.667927252078358,0.14499984102287736,-0.03394658881471879,-0.05000914664627091
-1.9367873574714942,4.666754963779038,0.1455098791922926,-0.03412048263951079,-0.05024508249471406
-1.9357871574314862,4.665582202423156,0.14602013022001215,-0.034294694343472314,-0.05048126830186614
-1.9347869573914782,4.664408971072547,0.1465305928954508,-0.03446922301578457,-0.050717702065093045
-1.9337867573514702,4.663235272769431,0.14704126601596618,-0.034644067749519954,-0.0509543817902738
-1.9327865573114622,4.6620611105365946,0.1475521483867805,-0.03481922764163316,-0.05119130549177917
-1.9317863572714542,4.660886487377568,0.14806323882090314,-0.03499470179295209,-0.05142847119245011
-1.9307861572314462,4.659711406276806,0.14857453613905364,-0.035170489308168705,-0.051665876923575785
-1.9297859571914382,4.658535870199857,0.14908603916958693,-0.0353465892958297,-0.05190352072487162
-1.9287857571514302,4.657359882093542,0.1495977467484183,-0.035523000868327125,-0.05214140064445702
-1.9277855571114222,4.656183444886118,0.15010965771895005,-0.035699723141888844,-0.052379514738832914
-1.9267853570714142,4.655006561487451,0.15062177093199894,-0.035876755236568844,-0.052617861072859096
-1.9257851570314062,4.653829234789184,0.1511340852457242,-0.03605409627623755,-0.05285643771973144
-1.9247849569913982,4.652651467664891,0.15164659952555717,-0.03623174538857193,-0.05309524276095883
-1.9237847569513902,4.65147326297025,0.15215931264413174,-0.03640970170504557,-0.05333427428634006
-1.9227845569113822,4.650294623543197,0.15267222348121456,-0.03658796436091857,-0.05357353039394044
-1.9217843568713742,4.649115552204086,0.15318533092363784,-0.0367665324952274,-0.05381300919006828
-1.9207841568313662,4.647936051755844,0.15369863386523228,-0.03694540525077469,-0.05405270878925134
-1.9197839567913582,4.646756124984125,0.15421213120675972,-0.037124581774118814,-0.054292627314212825
-1.9187837567513504,4.645575774657465,0.15472582185584866,-0.03730406121556348,-0.05453276289584744
-1.9177835567113424,4.64439500352743,0.15523970472692933,-0.037483842729147294,-0.054773113673197496
-1.9167833566713344,4.643213814328762,0.15575377874117002,-0.03766392547263303,-0.05501367779342844
-1.9157831566313264,4.642032209779532,0.15626804282641338,-0.03784430860749707,-0.0552544534118046
-1.9147829565913184,4.640850192581282,0.15678249591711518,-0.038024991298918516,-0.05549543869166461
-1.9137827565513104,4.6396677654191665,0.15729713695428205,-0.03820597271576848,-0.055736631804396745
-1.9127825565113024,4.638484930962097,0.1578119648854112,-0.03838725203059905,-0.05597803092941426
-1.9117823564712944,4.637301691862881,0.15832697866443052,-0.03856882841963246,-0.05621963425413047
-1.9107821564312863,4.636118050758359,0.15884217725163938,-0.03875070106274986,-0.05646143997393378
-1.9097819563912783,4.634934010269544,0.15935755961365,-0.03893286914348038,-0.05670344629216265
-1.9087817563512703,4.633749573001753,0.15987312472332957,-0.039115331848989826,-0.056945651420080304
-1.9077815563112623,4.632564741544744,0.16038887155974382,-0.03929808837006944,-0.057188053576849515
-1.9067813562712543,4.631379518472846,0.16090479910810007,-0.0394811379011247,-0.05743065098950721
-1.9057811562312463,4.630193906345088,0.16142090635969203,-0.03966447964016384,-0.057673441892938965
-1.9047809561912383,4.629007907705331,0.16193719231184425,-0.039848112788786506,-0.057916424529853495
-1.9037807561512303,4.6278215250823935,0.16245365596785852,-0.040032036552172245,-0.05815959715075698
-1.9027805561112223,4.626634760990177,0.1629702963369601,-0.04021625013906902,-0.05840295801392737
-1.9017803560712143,4.625447617927792,0.16348711243424438,-0.04040075276178169,-0.058646505385388625
-1.9007801560312063,4.624260098379678,0.16400410328062454,-0.04058554363616023,-0.0588902375388847
-1.8997799559911983,4.623072204815732,0.1645212679027801,-0.040770621981588186,-0.059134152755853674
-1.8987797559511903,4.62188393969142,0.16503860533310566,-0.04095598702097098,-0.059378249325401866
-1.8977795559111823,4.6206953054479,0.16555611460966058,-0.04114163798072407,-0.05962252554427753
-1.8967793558711743,4.61950630451214,0.16607379477611875,-0.04132757409076131,-0.059866979716845084
-1.8957791558311663,4.618316939297035,0.1665916448817194,-0.041513794584482885,-0.06011161015505843
-1.8947789557911583,4.617127212201518,0.16710966398121865,-0.04170029869876367,-0.06035641517843515
-1.8937787557511503,4.615937125610678,0.16762785113484088,-0.04188708567394121,-0.060601393114030025
-1.8927785557111423,4.614746681895868,0.1681462054082317,-0.04207415475380387,-0.06084654229640879
-1.8917783556711343,4.613555883414822,0.1686647258724101,-0.042261505185578724,-0.06109186106762165
-1.8907781556311263,4.612364732511758,0.16918341160372286,-0.0424491362199197,-0.06133734777717691
-1.8897779555911183,4.611173231517491,0.16970226168379826,-0.04263704711089547,-0.06158300078201452
-1.8887777555511103,4.60998138274954,0.17022127519950014,-0.042825237115977466,-0.06182881844647969
-1.8877775555111023,4.608789188512231,0.17074045124288384,-0.04301370549602767,-0.06207479914229613
-1.8867773554710943,4.60759665109681,0.1712597889111514,-0.043202451515286684,-0.06232094124853974
-1.8857771554310863,4.606403772781536,0.17177928730660796,-0.04339147444136141,-0.06256724315161184
-1.8847769553910783,4.605210555831791,0.17229894553661806,-0.04358077354521313,-0.06281370324521271
-1.8837767553510703,4.604017002500182,0.17281876271356267,-0.04377034810114508,-0.06306031993031486
-1.8827765553110622,4.602823115026637,0.17333873795479746,-0.04396019738679047,-0.06330709161513638
-1.8817763552710542,4.60162889563851,0.17385887038261041,-0.04415032068310012,-0.0635540167151144
-1.8807761552310462,4.600434346550673,0.17437915912418028,-0.04434071727433038,-0.06380109365287828
-1.8797759551910382,4.599239469965621,0.17489960331153617,-0.044531386448030764,-0.06404832085822297
-1.8787757551510302,4.598044268073561,0.1754202020815168,-0.044722327495031806,-0.06429569676808226
-1.8777755551110222,4.596848743052513,0.17594095457573,-0.044913539709432675,-0.06454321982650209
-1.8767753550710142,4.5956528970684,0.17646185994051378,-0.04510502238858906,-0.06479088848461396
-1.8757751550310062,4.5944567322751455,0.17698291732689697,-0.04529677483310067,-0.06503870120060795
-1.8747749549909982,4.593260250814761,0.17750412589056036,-0.045488796346799115,-0.06528665643970621
-1.8737747549509902,4.592063454817441,0.17802548479179844,-0.04568108623673558,-0.06553475267413612
-1.8727745549109822,4.590866346401655,0.17854699319548195,-0.0458736438131684,-0.0657829883831037
-1.8717743548709742,4.5896689276742295,0.17906865027101992,-0.04606646838955084,-0.06603136205276665
-1.8707741548309662,4.588471200730444,0.17959045519232272,-0.04625955928251882,-0.06627987217620795
-1.8697739547909582,4.587273167654117,0.1801124071377654,-0.04645291581187838,-0.06652851725340887
-1.8687737547509502,4.5860748305176875,0.1806345052901519,-0.04664653730059362,-0.06677729579122249
-1.8677735547109422,4.58487619138231,0.18115674883667873,-0.04684042307477418,-0.06702620630334692
-1.8667733546709342,4.583677252297931,0.18167913696889973,-0.04703457246366296,-0.06727524731029857
-1.8657731546309262,4.582478015303377,0.18220166888269104,-0.0472289847996238,-0.06752441733938565
-1.8647729545909182,4.5812784824264385,0.1827243437782163,-0.047423659418129156,-0.06777371492468134
-1.8637727545509102,4.580078655683949,0.18324716085989237,-0.047618595657747745,-0.06802313860699748
-1.8627725545109022,4.57887853708187,0.18377011933635537,-0.04781379286013222,-0.06827268693385746
-1.8617723544708942,4.577678128615368,0.18429321842042706,-0.04800925037000692,-0.06852235845947034
-1.8607721544308862,4.576477432268899,0.18481645732908186,-0.048204967535155414,-0.06877215174470358
-1.8597719543908782,4.575276450016283,0.1853398352834137,-0.04840094370640833,-0.06902206535705703
-1.8587717543508702,4.574075183820787,0.18586335150860372,-0.048597178237630934,-0.06927209787063615
-1.8577715543108622,4.5728736356351956,0.18638700523388785,-0.048793670485710906,-0.06952224786612565
-1.8567713542708542,4.571671807401898,0.18691079569252508,-0.048990419810546006,-0.069772513930763
-1.8557711542308462,4.57046970105295,0.18743472212176607,-0.04918742557503184,-0.07002289465831205
-1.8547709541908382,4.569267318510166,0.18795878376282188,-0.049384687145049504,-0.07027338864903658
-1.8537707541508301,4.568064661685177,0.18848297986083307,-0.04958220388945337,-0.07052399450967405
-1.8527705541108221,4.566861732479518,0.18900730966483933,-0.04977997518005889,-0.07077471085340918
-1.8517703540708141,4.565658532784689,0.1895317724277489,-0.0499780003916302,-0.07102553629984776
-1.8507701540308061,4.564455064482239,0.190056367406309,-0.05017627890186809,-0.07127646947499036
-1.8497699539907981,4.563251329443827,0.1905810938610762,-0.050374810091397576,-0.07152750901120607
-1.8487697539507901,4.5620473295313015,0.19110595105638725,-0.05057359334375588,-0.07177865354720642
-1.8477695539107821,4.560843066596765,0.19163093826032987,-0.05077262804538008,-0.07202990172801928
-1.8467693538707741,4.559638542482645,0.192156054744714,-0.05097191358559509,-0.07228125220496265
-1.8457691538307661,4.5584337590217645,0.1926812997850435,-0.05117144935660135,-0.07253270363561866
-1.8447689537907581,4.55722871803741,0.1932066726604881,-0.0513712347534628,-0.07278425468380766
-1.8437687537507501,4.556023421343396,0.19373217265385587,-0.05157126917409467,-0.0730359040195622
-1.842768553710742,4.554817870744135,0.1942577990515649,-0.051771552019251404,-0.07328765031910112
-1.841768353670734,4.553612068034703,0.19478355114361648,-0.05197208269251465,-0.07353949226480379
-1.840768153630726,4.552406015000905,0.19530942822356862,-0.05217286060028097,-0.07379142854518408
-1.839767953590718,4.551199713419338,0.19583542958850828,-0.052373885151749955,-0.0740434578548648
-1.83876775355071,4.549993165057462,0.19636155453902554,-0.052575155758912195,-0.07429557889455186
-1.837767553510702,4.548786371673653,0.19688780237918782,-0.05277667183653716,-0.07454779037100878
-1.836767353470694,4.547579335017278,0.19741417241651296,-0.05297843280216125,-0.07480009099703086
-1.835767153430686,4.546372056828747,0.197940663961944,-0.05318043807607585,-0.07505247949141977
-1.834766953390678,4.545164538839584,0.19846727632982386,-0.053382687081315335,-0.07530495457895803
-1.83376675335067,4.543956782772484,0.1989940088378704,-0.05358517924364509,-0.07555751499038343
-1.832766553310662,4.5427487903413715,0.19952086080715076,-0.05378791399154971,-0.07581015946236389
-1.831766353270654,4.541540563251466,0.20004783156205744,-0.05399089075622101,-0.07606288673747184
-1.830766153230646,4.540332103199341,0.2005749204302835,-0.054194108971546244,-0.07631569556415918
-1.829765953190638,4.539123411872977,0.2011021267427983,-0.054397568074096146,-0.07656858469673186
-1.82876575315063,4.537914490951829,0.20162944983382342,-0.05460126750311322,-0.07682155289532484
-1.827765553110622,4.536705342106879,0.20215688904080925,-0.054805206700499924,-0.07707459892587701
-1.826765353070614,4.5354959670006965,0.20268444370441183,-0.055009385110806774,-0.07732772156010592
-1.825765153030606,4.534286367287492,0.20321211316846835,-0.05521380218122079,-0.07758091957548305
-1.824764952990598,4.533076544613175,0.2037398967799755,-0.0554184573615537,-0.0778341917552088
-1.82376475295059,4.531866500615416,0.20426779388906566,-0.055623350104230126,-0.07808753688818756
-1.822764552910582,4.530656236923692,0.20479580384898446,-0.055828479864276075,-0.078340953769003
-1.821764352870574,4.529445755159348,0.20532392601606875,-0.056033846099307213,-0.07859444119789324
-1.820764152830566,4.528235056935651,0.20585215974972415,-0.05623944826951732,-0.07884799798072621
-1.819763952790558,4.527024143857842,0.20638050441240322,-0.05644528583766656,-0.07910162292897505
-1.81876375275055,4.525813017523191,0.20690895936958303,-0.05665135826907012,-0.07935531485969367
-1.817763552710542,4.52460167952105,0.20743752398974466,-0.056857665031586416,-0.07960907259549198
-1.816763352670534,4.523390131432906,0.207966197644351,-0.05706420559560581,-0.07986289496451174
-1.815763152630526,4.522178374832433,0.20849497970782613,-0.057270979434039124,-0.0801167808004022
-1.814762952590518,4.520966411285542,0.20902386955753371,-0.057477986022305944,-0.0803707289422956
-1.81376275255051,4.519754242350436,0.20955286657375707,-0.05768522483832347,-0.08062473823478304
-1.812762552510502,4.518541869577658,0.21008197013967772,-0.0578926953624951,-0.08087880752789063
-1.811762352470494,4.51732929451014,0.21061117964135526,-0.058100397077698845,-0.08113293567705489
-1.810762152430486,4.5161165186832575,0.2111404944677077,-0.058308329469276256,-0.08138712154309917
-1.809761952390478,4.514903543624875,0.21166991401049054,-0.05851649202502085,-0.08164136399220942
-1.80876175235047,4.513690370855398,0.21219943766427815,-0.05872488423516712,-0.0818956618959105
-1.807761552310462,4.51247700188782,0.21272906482644305,-0.058933505592379073,-0.0821500141310423
-1.806761352270454,4.51126343822777,0.21325879489713653,-0.05914235559173923,-0.08240441957973609
-1.805761152230446,4.510049681373562,0.21378862727926962,-0.0593514337307372,-0.08265887712939066
-1.8047609521904382,4.508835732816244,0.214318561378494,-0.05956073950925869,-0.0829133856726489
-1.8037607521504302,4.507621594039638,0.2148485966031831,-0.05977027242957431,-0.08316794410737419
-1.8027605521104222,4.506407266520398,0.21537873236441307,-0.0599800319963285,-0.08342255133662706
-1.8017603520704142,4.5051927517280435,0.2159089680759444,-0.06019001771652856,-0.08367720626864164
-1.8007601520304062,4.503978051125016,0.21643930315420334,-0.06040022909953342,-0.08393190781680258
-1.7997599519903982,4.5027631661667185,0.21696973701826383,-0.06061066565704293,-0.08418665489962157
-1.7987597519503902,4.501548098301561,0.2175002690898285,-0.06082132690308658,-0.08444144644071434
-1.7977595519103822,4.500332848971011,0.21803089879321205,-0.06103221235401276,-0.08469628136877752
-1.7967593518703742,4.499117419609627,0.21856162555532296,-0.06124332152847794,-0.08495115861756564
-1.7957591518303662,4.4979018116451135,0.2190924488056454,-0.06145465394743557,-0.08520607712586817
-1.7947589517903582,4.496686026498357,0.21962336797622192,-0.06166620913412548,-0.08546103583748675
-1.7937587517503502,4.495470065583473,0.22015438250163646,-0.06187798661406285,-0.0857160337012122
-1.7927585517103422,4.49425393030785,0.22068549181899694,-0.06208998591502766,-0.08597106967080195
-1.7917583516703341,4.493037622072186,0.22121669536791805,-0.06230220656705381,-0.08622614270495743
-1.7907581516303261,4.491821142270538,0.22174799259050462,-0.06251464810241852,-0.0864812517673013
-1.7897579515903181,4.490604492290358,0.22227938293133512,-0.06272731005563158,-0.0867363958263553
-1.7887577515503101,4.48938767351254,0.22281086583744458,-0.06294019196342467,-0.08699157385551737
-1.7877575515103021,4.488170687311454,0.22334244075830828,-0.06315329336474099,-0.08724678483303976
-1.7867573514702941,4.486953535054995,0.22387410714582567,-0.06336661380072448,-0.08750202774200641
-1.7857571514302861,4.485736218104617,0.22440586445430383,-0.0635801528147093,-0.087757301570311
-1.7847569513902781,4.484518737815377,0.22493771214044184,-0.06379390995220943,-0.08801260531063479
-1.7837567513502701,4.483301095535972,0.22546964966331454,-0.0640078847609082,-0.08826793796042452
-1.7827565513102621,4.482083292608782,0.22600167648435704,-0.06422207679064768,-0.08852329852187024
-1.7817563512702541,4.480865330369904,0.22653379206734905,-0.06443648559341854,-0.08877868600188399
-1.780756151230246,4.479647210149198,0.22706599587839899,-0.06465111072334953,-0.08903409941207735
-1.779755951190238,4.478428933270319,0.22759828738592963,-0.06486595173669724,-0.08928953776874027
-1.77875575115023,4.477210501050759,0.2281306660606617,-0.06508100819183563,-0.08954500009281885
-1.777755551110222,4.475991914801882,0.22866313137559932,-0.06529627964924603,-0.08980048540989427
-1.776755351070214,4.474773175828967,0.22919568280601563,-0.06551176567150668,-0.09005599275016099
-1.775755151030206,4.473554285431239,0.22972831982943673,-0.06572746582328275,-0.09031152114840543
-1.774754950990198,4.4723352449019105,0.2302610419256274,-0.06594337967131593,-0.09056706964398453
-1.77375475095019,4.471116055528216,0.2307938485765773,-0.06615950678441469,-0.09082263728080467
-1.772754550910182,4.46989671859145,0.23132673926648523,-0.06637584673344374,-0.09107822310730013
-1.771754350870174,4.468677235367002,0.2318597134817455,-0.06659239909131433,-0.09133382617641238
-1.770754150830166,4.467457607124392,0.23239277071093423,-0.06680916343297404,-0.0915894455455688
-1.769753950790158,4.466237835127311,0.2329259104447936,-0.06702613933539692,-0.0918450802766617
-1.76875375075015,4.465017920633647,0.23345913217621922,-0.06724332637757349,-0.09210072943602754
-1.767753550710142,4.463797864895531,0.23399243540024586,-0.06746072414050076,-0.09235639209442612
-1.766753350670134,4.462577669159362,0.23452581961403382,-0.06767833220717255,-0.09261206732701976
-1.765753150630126,4.461357334665849,0.23505928431685477,-0.06789615016256942,-0.09286775421335275
-1.764752950590118,4.4601368626500415,0.23559282901007844,-0.0681141775936491,-0.09312345183733055
-1.76375275055011,4.4589162543413625,0.2361264531971596,-0.06833241408933641,-0.09337915928719964
-1.762752550510102,4.457695510963647,0.236660156383624,-0.06855085924051386,-0.0936348756555269
-1.761752350470094,4.45647463373517,0.23719393807705544,-0.0687695126400117,-0.09389060003917912
-1.760752150430086,4.455253623868685,0.23772779778708314,-0.06898837388259847,-0.09414633153930312
-1.759751950390078,4.454032482571453,0.23826173502536754,-0.0692074425649711,-0.09440206926130519
-1.75875175035007,4.452811211045276,0.23879574930558892,-0.06942671828574568,-0.0946578123148313
-1.757751550310062,4.451589810486532,0.2393298401434331,-0.06964620064544748,-0.0949135598137467
-1.756751350270054,4.450368282086206,0.23986400705657956,-0.06986588924650174,-0.09516931087611617
-1.755751150230046,4.449146627029918,0.24039824956468905,-0.0700857836932241,-0.09542506462418433
-1.754750950190038,4.447924846497961,0.24093256718939002,-0.0703058835918111,-0.09568082018435542
-1.75375075015003,4.446702941665331,0.24146695945426744,-0.07052618855033077,-0.09593657668717394
-1.752750550110022,4.445480913701754,0.24200142588484974,-0.07074669817871336,-0.09619233326730482
-1.751750350070014,4.444258763771725,0.24253596600859675,-0.07096741208874176,-0.09644808906351385
-1.750750150030006,4.443036493034527,0.2430705793548877,-0.07118832989404245,-0.09670384321864829
-1.749749949989998,4.441814102644278,0.24360526545500868,-0.07140945121007604,-0.09695959487961732
-1.74874974994999,4.440591593749944,0.2441400238421418,-0.07163077565412815,-0.09721534319737285
-1.747749549909982,4.439368967495383,0.24467485405135203,-0.07185230284530007,-0.09747108732689018
-1.746749349869974,4.438146225019366,0.24520975561957625,-0.07207403240449972,-0.09772682642714883
-1.745749149829966,4.436923367455613,0.24574472808561157,-0.07229596395443245,-0.0979825596611133
-1.744748949789958,4.435700395932816,0.24627977099010356,-0.07251809711959196,-0.09823828619571429
-1.74374874974995,4.434477311574677,0.24681488387553477,-0.07274043152625118,-0.09849400520182962
-1.742748549709942,4.433254115499928,0.2473500662862133,-0.07296296680245322,-0.09874971585426526
-1.741748349669934,4.432030808822365,0.24788531776826164,-0.07318570257800265,-0.09900541733173673
-1.740748149629926,4.430807392650876,0.2484206378696053,-0.0734086384844561,-0.09926110881685016
-1.739747949589918,4.429583868089471,0.24895602613996168,-0.0736317741551137,-0.09951678949608381
-1.73874774954991,4.428360236237305,0.24949148213082928,-0.07385510922500998,-0.09977245855976942
-1.737747549509902,4.427136498188712,0.2500270053954762,-0.0740786433309051,-0.10002811520207378
-1.736747349469894,4.425912655033229,0.25056259548892984,-0.074302376111276,-0.10028375862098016
-1.735747149429886,4.424688707855627,0.25109825196796604,-0.07452630720630762,-0.1005393880182701
-1.734746949389878,4.423464657735934,0.25163397439109775,-0.07475043625788415,-0.10079500259950513
-1.73374674934987,4.422240505749468,0.2521697623185649,-0.07497476290958038,-0.10105060157400857
-1.732746549309862,4.421016252966858,0.25270561531232366,-0.07519928680665286,-0.10130618415484735
-1.731746349269854,4.419791900454075,0.2532415329360362,-0.07542400759603142,-0.1015617495588141
-1.730746149229846,4.418567449272457,0.25377751475506005,-0.07564892492631044,-0.10181729700640904
-1.729745949189838,4.417342900478738,0.2543135603364376,-0.07587403844774025,-0.10207282572182205
-1.72874574914983,4.41611825512507,0.2548496692488861,-0.07609934781221878,-0.10232833493291513
-1.727745549109822,4.414893514259054,0.2553858410627877,-0.07632485267328275,-0.10258382387120431
-1.726745349069814,4.41366867892376,0.2559220753501791,-0.0765505526860996,-0.10283929177184234
-1.725745149029806,4.41244375015776,0.2564583716847409,-0.07677644750745861,-0.10309473787360073
-1.724744948989798,4.411218728995147,0.2569947296417887,-0.07700253679576273,-0.1033501614188524
-1.72374474894979,4.409993616465567,0.25753114879826294,-0.0772288202110202,-0.10360556165355436
-1.722744548909782,4.408768413594236,0.2580676287327185,-0.07745529741483623,-0.10386093782723023
-1.721744348869774,4.407543121401973,0.2586041690253156,-0.07768196807040462,-0.10411628919295297
-1.720744148829766,4.406317740905223,0.25914076925780927,-0.07790883184249946,-0.10437161500732747
-1.719743948789758,4.405092273116074,0.25967742901354146,-0.07813588839746702,-0.10462691453047374
-1.7187437487497499,4.403866719042296,0.2602141478774292,-0.07836313740321736,-0.10488218702600947
-1.7177435487097419,4.402641079687351,0.26075092543595707,-0.07859057852921641,-0.10513743176103325
-1.7167433486697339,4.4014153560504266,0.26128776127716713,-0.07881821144647773,-0.1053926480061078
-1.7157431486297259,4.400189549126456,0.2618246549906489,-0.07904603582755426,-0.10564783503524279
-1.7147429485897179,4.398963659906146,0.26236160616753107,-0.0792740513465304,-0.10590299212587805
-1.7137427485497099,4.397737689375993,0.2628986144004721,-0.07950225767901396,-0.10615811855886724
-1.7127425485097019,4.396511638518313,0.26343567928365097,-0.0797306545021282,-0.10641321361846076
-1.7117423484696939,4.395285508311266,0.2639728004127572,-0.07995924149450374,-0.10666827659228957
-1.7107421484296859,4.394059299728874,0.2645099773849838,-0.08018801833627072,-0.10692330677134836
-1.7097419483896779,4.392833013741047,0.26504720979901636,-0.08041698470905083,-0.10717830344997939
-1.7087417483496699,4.391606651313606,0.2655844972550259,-0.08064614029594959,-0.107433265925856
-1.7077415483096618,4.390380213408305,0.26612183935465833,-0.08087548478154832,-0.10768819349996644
-1.7067413482696538,4.389153700982856,0.26665923570102673,-0.08110501785189646,-0.1079430854765975
-1.7057411482296458,4.387927114990948,0.26719668589870277,-0.08133473919450379,-0.10819794116331856
-1.7047409481896378,4.386700456382271,0.26773418955370787,-0.08156464849833261,-0.10845275987096534
-1.7037407481496298,4.38547372610254,0.2682717462735037,-0.08179474545379012,-0.10870754091362406
-1.7027405481096218,4.384246925093515,0.26880935566698533,-0.08202502975272073,-0.10896228360861547
-1.7017403480696138,4.38302005429302,0.26934701734447164,-0.08225550108839842,-0.109216987276479
-1.7007401480296058,4.381793114634973,0.26988473091769666,-0.0824861591555191,-0.10947165124095681
-1.6997399479895978,4.380566107049399,0.27042249599980267,-0.08271700365019312,-0.10972627482897852
-1.6987397479495898,4.3793390324624575,0.2709603122053303,-0.0829480342699377,-0.10998085737064504
-1.6977395479095818,4.378111891796459,0.2714981791502113,-0.08317925071366931,-0.11023539819921344
-1.6967393478695738,4.376884685969893,0.2720360964517596,-0.08341065268169634,-0.110489896651081
-1.6957391478295658,4.37565741589744,0.2725740637286641,-0.08364223987571157,-0.11074435206577025
-1.6947389477895578,4.374430082490001,0.27311208060097997,-0.08387401199878475,-0.11099876378591321
-1.6937387477495498,4.373202686654713,0.2736501466901208,-0.08410596875535525,-0.11125313115723635
-1.6927385477095418,4.371975229294971,0.27418826161885057,-0.08433810985122475,-0.11150745352854527
-1.6917383476695338,4.37074771131045,0.27472642501127575,-0.08457043499354999,-0.11176173025170967
-1.690738147629526,4.369520133597123,0.27526463649283767,-0.08480294389083518,-0.11201596068164796
-1.689737947589518,4.368292497047285,0.2758028956903043,-0.08503563625292497,-0.11227014417631238
-1.68873774754951,4.367064802549567,0.27634120223176295,-0.08526851179099734,-0.11252428009667434
-1.687737547509502,4.365837050988964,0.2768795557466119,-0.08550157021755611,-0.11277836780670901
-1.686737347469494,4.364609243246846,0.27741795586555423,-0.08573481124642411,-0.11303240667338098
-1.685737147429486,4.363381380200987,0.277956402220588,-0.08596823459273562,-0.11328639606662906
-1.684736947389478,4.362153462725575,0.27849489444500053,-0.08620183997292974,-0.11354033535935204
-1.68373674734947,4.360925491691242,0.27903343217336024,-0.08643562710474306,-0.11379422392739383
-1.682736547309462,4.359697467965076,0.2795720150415089,-0.08666959570720269,-0.11404806114952885
-1.681736347269454,4.35846939241064,0.28011064268655494,-0.08690374550061908,-0.1143018464074477
-1.680736147229446,4.357241265887996,0.2806493147468654,-0.0871380762065794,-0.11455557908574264
-1.679735947189438,4.356013089253722,0.28118803086205896,-0.08737258754794039,-0.1148092585718934
-1.67873574714943,4.354784863360926,0.2817267906729986,-0.08760727924882132,-0.11506288425625265
-1.677735547109422,4.353556589059276,0.2822655938217844,-0.08784215103459726,-0.11531645553203182
-1.676735347069414,4.352328267195007,0.28280443995174676,-0.08807720263189235,-0.1155699717952873
-1.675735147029406,4.351099898610948,0.2833433287074385,-0.08831243376857267,-0.11582343244490582
-1.674734946989398,4.349871484146531,0.283882259734628,-0.08854784417373977,-0.11607683688259081
-1.67373474694939,4.348643024637823,0.28442123268029246,-0.08878343357772359,-0.11633018451284818
-1.672734546909382,4.347414520917531,0.2849602471926111,-0.08901920171207595,-0.1165834747429727
-1.671734346869374,4.346185973815029,0.2854993029209578,-0.08925514830956377,-0.11683670698303392
-1.670734146829366,4.344957384156369,0.28603839951589416,-0.08949127310416242,-0.11708988064586251
-1.669733946789358,4.3437287527643065,0.28657753662916297,-0.0897275758310491,-0.11734299514703662
-1.66873374674935,4.342500080458313,0.2871167139136807,-0.08996405622659608,-0.11759604990486801
-1.667733546709342,4.341271368054596,0.287655931023532,-0.09020071402836428,-0.11784904434038874
-1.666733346669334,4.340042616366111,0.28819518761396173,-0.0904375489750966,-0.11810197787733741
-1.665733146629326,4.338813826202592,0.2887344833413685,-0.09067456080671162,-0.11835484994214603
-1.664732946589318,4.337584998370552,0.2892738178632985,-0.09091174926429683,-0.11860765996392643
-1.66373274654931,4.336356133673316,0.289813190838439,-0.0911491140901022,-0.1188604073744567
-1.662732546509302,4.335127232911028,0.29035260192661067,-0.09138665502753385,-0.11911309160816838
-1.661732346469294,4.333898296880669,0.29089205078876246,-0.0916243718211475,-0.11936571210213302
-1.660732146429286,4.332669326376078,0.2914315370869644,-0.09186226421664241,-0.11961826829604894
-1.659731946389278,4.331440322187968,0.2919710604844007,-0.09210033196085461,-0.11987075963222843
-1.65873174634927,4.33021128510394,0.29251062064536415,-0.09233857480175073,-0.12012318555558443
-1.657731546309262,4.3289822159085025,0.2930502172352496,-0.09257699248842188,-0.12037554551361793
-1.656731346269254,4.327753115383086,0.29358984992054715,-0.09281558477107706,-0.12062783895640448
-1.6557311462292459,4.3265239843060606,0.2941295183688366,-0.09305435140103724,-0.12088006533658222
-1.6547309461892379,4.325294823452753,0.29466922224878056,-0.09329329213072902,-0.12113222410933838
-1.6537307461492299,4.324065633595461,0.29520896123011814,-0.0935324067136782,-0.12138431473239668
-1.6527305461092219,4.322836415503469,0.2957487349836596,-0.09377169490450415,-0.12163633666600514
-1.6517303460692139,4.32160716994307,0.2962885431812793,-0.09401115645891316,-0.12188828937292286
-1.6507301460292059,4.320377897677574,0.2968283854959096,-0.09425079113369263,-0.12214017231840794
-1.6497299459891979,4.3191485994673275,0.2973682616015362,-0.09449059868670495,-0.12239198497020483
-1.6487297459491899,4.317919276069731,0.2979081711731902,-0.09473057887688142,-0.12264372679853182
-1.6477295459091819,4.31668992823925,0.29844811388694314,-0.09497073146421617,-0.12289539727606881
-1.6467293458691739,4.3154605567274364,0.2989880894199008,-0.09521105620976035,-0.1231469958779452
-1.6457291458291659,4.314231162282938,0.2995280974501974,-0.09545155287561596,-0.12339852208172711
-1.6447289457891578,4.313001745651518,0.30006813765698914,-0.09569222122493003,-0.12364997536740577
-1.6437287457491498,4.311772307576072,0.3006082097204496,-0.09593306102188871,-0.12390135521738521
-1.6427285457091418,4.310542848796636,0.3011483133217624,-0.09617407203171133,-0.12415266111646958
-1.6417283456691338,4.309313370050411,0.30168844814311635,-0.09641525402064459,-0.12440389255185244
-1.6407281456291258,4.30808387207177,0.30222861386769967,-0.09665660675595675,-0.12465504901310359
-1.6397279455891178,4.306854355592277,0.3027688101796935,-0.09689813000593178,-0.12490612999215789
-1.6387277455491098,4.305624821340701,0.30330903676426696,-0.09713982353986356,-0.12515713498330308
-1.6377275455091018,4.304395270043033,0.3038492933075713,-0.09738168712805016,-0.125408063483168
-1.6367273454690938,4.303165702422498,0.30438957949673445,-0.09762372054178821,-0.12565891499071127
-1.6357271454290858,4.301936119199569,0.30492989501985446,-0.09786592355336694,-0.12590968900720895
-1.6347269453890778,4.3007065210919855,0.30547023956599506,-0.09810829593606286,-0.12616038503624352
-1.6337267453490698,4.299476908814766,0.3060106128251799,-0.09835083746413373,-0.126411002583692
-1.6327265453090618,4.2982472830802205,0.3065510144883864,-0.09859354791281336,-0.12666154115771464
-1.6317263452690538,4.297017644597966,0.30709144424754087,-0.09883642705830564,-0.12691200026874325
-1.6307261452290458,4.295787994074946,0.3076319017955128,-0.09907947467777915,-0.12716237942947
-1.6297259451890378,4.294558332215432,0.3081723868261098,-0.09932269054936164,-0.12741267815483615
-1.6287257451490298,4.2933286597210545,0.3087128990340717,-0.09956607445213439,-0.1276628959620204
-1.6277255451090218,4.292098977290803,0.3092534381150652,-0.0998096261661269,-0.127913032370428
-1.6267253450690138,4.290869285621046,0.30979400376567917,-0.10005334547231119,-0.12816308690167968
-1.6257251450290058,4.289639585405545,0.310334595683419,-0.10029723215259652,-0.12841305907959993
-1.6247249449889978,4.288409877335467,0.3108752135667007,-0.1005412859898239,-0.12866294843020668
-1.6237247449489898,4.2871801620994,0.31141585711484676,-0.10078550676776077,-0.12891275448169973
-1.6227245449089818,4.285950440383363,0.3119565260280797,-0.10102989427109549,-0.12916247676445006
-1.6217243448689738,4.284720712870825,0.3124972200075186,-0.10127444828543226,-0.12941211481098894
-1.6207241448289658,4.283490980242712,0.31303793875517216,-0.10151916859728544,-0.1296616681559969
-1.6197239447889578,4.282261243177428,0.31357868197393457,-0.1017640549940746,-0.12991113633629306
-1.6187237447489498,4.281031502350862,0.3141194493675794,-0.10200910726411902,-0.13016051889082447
-1.6177235447089418,4.279801758436404,0.31466024064075615,-0.10225432519663256,-0.1304098153606552
-1.6167233446689337,4.27857201210496,0.31520105549898425,-0.10249970858171824,-0.13065902528895554
-1.6157231446289257,4.277342264024962,0.31574189364864746,-0.10274525721036339,-0.13090814822099206
-1.6147229445889177,4.27611251486238,0.3162827547969903,-0.10299097087443423,-0.13115718370411653
-1.6137227445489097,4.27488276528074,0.31682363865211166,-0.10323684936667074,-0.13140613128775555
-1.6127225445089017,4.273653015941134,0.31736454492296007,-0.10348289248068157,-0.13165499052340013
-1.6117223444688937,4.272423267502234,0.3179054733193301,-0.10372910001093899,-0.1319037609645953
-1.6107221444288857,4.271193520620302,0.31844642355185576,-0.10397547175277365,-0.13215244216692965
-1.6097219443888777,4.269963775949206,0.318987395332007,-0.1042220075023696,-0.1324010336880253
-1.6087217443488697,4.268734034140433,0.31952838837208375,-0.10446870705675947,-0.13264953508752764
-1.6077215443088617,4.267504295843098,0.32006940238521164,-0.10471557021381915,-0.13289794592709483
-1.6067213442688537,4.266274561703961,0.32061043708533743,-0.10496259677226291,-0.13314626577038804
-1.6057211442288457,4.265044832367434,0.3211514921872234,-0.1052097865316384,-0.13339449418306087
-1.6047209441888377,4.263815108475601,0.32169256740644336,-0.10545713929232194,-0.13364263073275
-1.6037207441488297,4.2625853906682245,0.322233662459378,-0.10570465485551325,-0.13389067498906465
-1.6027205441088217,4.261355679582757,0.32277477706320956,-0.10595233302323089,-0.13413862652357675
-1.6017203440688137,4.26012597585436,0.32331591093591733,-0.106200173598307,-0.13438648490981123
-1.6007201440288057,4.258896280115911,0.3238570637962735,-0.10644817638438285,-0.1346342497232361
-1.5997199439887977,4.257666592998013,0.3243982353638377,-0.10669634118590388,-0.13488192054125253
-1.5987197439487897,4.256436915129015,0.324939425358953,-0.10694466780811474,-0.13512949694318524
-1.5977195439087817,4.255207247135018,0.3254806335027412,-0.1071931560570545,-0.1353769785102725
-1.5967193438687737,4.253977589639885,0.32602185951709833,-0.10744180573955238,-0.13562436482565718
-1.5957191438287657,4.252747943265262,0.3265631031246895,-0.10769061666322226,-0.13587165547437638
-1.5947189437887577,4.251518308630579,0.3271043640489449,-0.10793958863645854,-0.13611885004335228
-1.5937187437487497,4.250288686353068,0.32764564201405594,-0.10818872146843121,-0.13636594812138242
-1.5927185437087417,4.249059077047775,0.328186936744969,-0.10843801496908123,-0.13661294929913056
-1.5917183436687337,4.24782948132757,0.32872824796738276,-0.10868746894911585,-0.13685985316911697
-1.5907181436287257,4.246599899803158,0.3292695754077424,-0.10893708322000385,-0.1371066593257088
-1.5897179435887177,4.245370333083091,0.32981091879323626,-0.1091868575939713,-0.13735336736511167
-1.5887177435487096,4.244140781773781,0.3303522778517913,-0.10943679188399656,-0.13759997688535935
-1.5877175435087016,4.242911246479509,0.3308936523120674,-0.10968688590380594,-0.13784648748630524
-1.5867173434686936,4.24168172780244,0.3314350419034548,-0.10993713946786923,-0.1380928987696128
-1.5857171434286856,4.24045222634263,0.33197644635606854,-0.11018755239139498,-0.13833921033874663
-1.5847169433886776,4.23922274269804,0.33251786540074485,-0.11043812449032607,-0.1385854217989634
-1.5837167433486696,4.237993277464548,0.3330592987690356,-0.11068885558133512,-0.13883153275730226
-1.5827165433086616,4.236763831235956,0.33360074619320584,-0.11093974548182027,-0.13907754282257656
-1.5817163432686536,4.235534404604007,0.3341422074062289,-0.11119079400990062,-0.13932345160536463
-1.5807161432286456,4.2343049981583905,0.3346836821417812,-0.11144200098441175,-0.13956925871800058
-1.5797159431886376,4.233075612486759,0.33522517013423897,-0.1116933662249013,-0.13981496377456573
-1.5787157431486296,4.231846248174732,0.3357666711186736,-0.11194488955162477,-0.14006056639087983
-1.5777155431086216,4.230616905805915,0.33630818483084757,-0.11219657078554106,-0.14030606618449196
-1.5767153430686138,4.229387585961905,0.33684971100721073,-0.11244840974830791,-0.14055146277467204
-1.5757151430286058,4.228158289222301,0.3373912493848955,-0.11270040626227797,-0.14079675578240175
-1.5747149429885978,4.226929016164719,0.337932799701713,-0.11295256015049428,-0.14104194483036667
-1.5737147429485898,4.225699767364799,0.33847436169614903,-0.1132048712366861,-0.14128702954294692
-1.5727145429085818,4.224470543396216,0.3390159351073597,-0.11345733934526439,-0.14153200954620868
-1.5717143428685738,4.223241344830695,0.3395575196751673,-0.11370996430131794,-0.14177688446789602
-1.5707141428285658,4.2220121722380135,0.3400991151400571,-0.1139627459306088,-0.142021653937422
-1.5697139427885578,4.2207830261860195,0.34064072124317196,-0.11421568405956845,-0.1422663175858607
-1.5687137427485498,4.2195539072406385,0.341182337726309,-0.11446877851529315,-0.14251087504593818
-1.5677135427085418,4.218324815965884,0.3417239643319161,-0.1147220291255403,-0.1427553259520246
-1.5667133426685338,4.217095752923871,0.3422656008030869,-0.1149754357187238,-0.1429996699401256
-1.5657131426285258,4.21586671867482,0.3428072468835576,-0.11522899812391038,-0.14324390664787462
-1.5647129425885178,4.2146377137770745,0.3433489023177025,-0.11548271617081511,-0.14348803571452384
-1.5637127425485098,4.213408738787106,0.34389056685052966,-0.11573658968979751,-0.14373205678093628
-1.5627125425085018,4.212179794259528,0.3444322402276782,-0.11599061851185748,-0.14397596948957794
-1.5617123424684938,4.210950880747102,0.34497392219541373,-0.11624480246863124,-0.1442197734845094
-1.5607121424284858,4.2097219988007515,0.3455156125006246,-0.11649914139238732,-0.14446346841137778
-1.5597119423884778,4.208493148969571,0.3460573108908169,-0.11675363511602235,-0.1447070539174086
-1.5587117423484698,4.207264331800834,0.3465990171141122,-0.11700828347305738,-0.14495052965139793
-1.5577115423084618,4.206035547840006,0.347140730919243,-0.11726308629763366,-0.1451938952637045
-1.5567113422684538,4.204806797630753,0.3476824520555485,-0.11751804342450888,-0.14543715040624156
-1.5557111422284458,4.203578081714951,0.34822418027297136,-0.11777315468905293,-0.1456802947324691
-1.5547109421884378,4.202349400632697,0.3487659153220539,-0.11802841992724444,-0.14592332789738605
-1.5537107421484297,4.201120754922317,0.3493076569539339,-0.11828383897566642,-0.14616624955752236
-1.5527105421084217,4.19989214512038,0.3498494049203409,-0.1185394116715026,-0.14640905937093146
-1.5517103420684137,4.198663571761701,0.3503911589735926,-0.11879513785253348,-0.1466517569971821
-1.5507101420284057,4.197435035379357,0.35093291886659106,-0.11905101735713271,-0.14689434209735136
-1.5497099419883977,4.196206536504693,0.3514746843528188,-0.11930705002426298,-0.14713681433401618
-1.5487097419483897,4.194978075667335,0.35201645518633534,-0.11956323569347221,-0.14737917337124634
-1.5477095419083817,4.193749653395196,0.35255823112177337,-0.11981957420488999,-0.14762141887459654
-1.5467093418683737,4.192521270214485,0.3531000119143348,-0.1200760653992237,-0.14786355051109926
-1.5457091418283657,4.191292926649723,0.3536417973197873,-0.12033270911775445,-0.14810556794925675
-1.5447089417883577,4.190064623223745,0.35418358709446035,-0.1205895052023339,-0.148347470859034
-1.5437087417483497,4.188836360457714,0.3547253809952426,-0.12084645349537988,-0.14858925891185093
-1.5427085417083417,4.187608138871126,0.35526717877957664,-0.12110355383987338,-0.1488309317805755
-1.5417083416683337,4.186379958981828,0.3558089802054564,-0.12136080607935443,-0.14907248913951568
-1.5407081416283257,4.185151821306016,0.35635078503142326,-0.12161821005791817,-0.14931393066441281
-1.5397079415883177,4.1839237263582545,0.3568925930165624,-0.12187576562021207,-0.149555256032434
-1.5387077415483097,4.182695674651478,0.3574344039204996,-0.12213347261143115,-0.14979646492216456
-1.5377075415083017,4.181467666697003,0.3579762175033968,-0.12239133087731531,-0.1500375570136016
-1.5367073414682937,4.180239703004542,0.3585180335259491,-0.12264934026414528,-0.1502785319881461
-1.5357071414282857,4.179011784082205,0.35905985174938126,-0.12290750061873884,-0.15051938952859606
-1.5347069413882777,4.1777839104365135,0.359601671935444,-0.12316581178844799,-0.15076012931913949
-1.5337067413482697,4.176556082572407,0.3601434938464101,-0.12342427362115445,-0.15100075104534721
-1.5327065413082617,4.175328300993254,0.36068531724507163,-0.1236828859652667,-0.15124125439416575
-1.5317063412682537,4.174100566200861,0.36122714189473537,-0.12394164866971626,-0.1514816390539105
-1.5307061412282457,4.172872878695477,0.3617689675592207,-0.12420056158395429,-0.1517219047142587
-1.5297059411882377,4.171645238975813,0.36231079400285476,-0.12445962455794796,-0.15196205106624244
-1.5287057411482297,4.170417647539037,0.3628526209904696,-0.1247188374421771,-0.152202077802242
-1.5277055411082217,4.169190104880796,0.3633944482873985,-0.12497820008763061,-0.15244198461597855
-1.5267053410682137,4.1679626114952155,0.36393627565947273,-0.125237712345803,-0.15268177120250756
-1.5257051410282056,4.166735167874912,0.3644781028730184,-0.1254973740686912,-0.15292143725821236
-1.5247049409881976,4.1655077745110045,0.36501992969485186,-0.12575718510879078,-0.15316098248079665
-1.5237047409481896,4.164280431893117,0.365561755892277,-0.1260171453190928,-0.15340040656927828
-1.5227045409081816,4.163053140509391,0.36610358123308245,-0.1262772545530804,-0.15363970922398254
-1.5217043408681736,4.161825900846497,0.3666454054855369,-0.12653751266472518,-0.15387889014653527
-1.5207041408281656,4.160598713389638,0.3671872284183863,-0.1267979195084843,-0.15411794903985634
-1.5197039407881576,4.159371578622561,0.36772904980085075,-0.12705847493929667,-0.15435688560815308
-1.5187037407481496,4.158144497027563,0.3682708694026201,-0.12731917881257987,-0.15459569955691363
-1.5177035407081416,4.156917469085505,0.3688126869938522,-0.12758003098422682,-0.15483439059290047
-1.5167033406681336,4.155690495275814,0.36935450234516787,-0.12784103131060248,-0.15507295842414395
-1.5157031406281256,4.1544635760764965,0.36989631522764826,-0.1281021796485402,-0.15531140275993566
-1.5147029405881176,4.153236711964144,0.37043812541283205,-0.12836347585533925,-0.1555497233108222
-1.5137027405481096,4.152009903413945,0.37097993267271095,-0.12862491978876076,-0.15578791978859863
-1.5127025405081016,4.150783150899689,0.3715217367797274,-0.12888651130702508,-0.15602599190630226
-1.5117023404680936,4.149556454893777,0.3720635375067702,-0.1291482502688082,-0.15626393937820612
-1.5107021404280856,4.148329815867233,0.37260533462717216,-0.12941013653323843,-0.15650176191981258
-1.5097019403880776,4.147103234289707,0.37314712791470606,-0.12967216995989359,-0.1567394592478472
-1.5087017403480696,4.145876710629486,0.3736889171435819,-0.12993435040879753,-0.15697703108025274
-1.5077015403080616,4.144650245353504,0.37423070208844317,-0.13019667774041713,-0.15721447713618225
-1.5067013402680536,4.143423838927347,0.37477248252436385,-0.13045915181565915,-0.15745179713599386
-1.5057011402280456,4.142197491815263,0.3753142582268446,-0.13072177249586675,-0.15768899080124324
-1.5047009401880376,4.14097120448017,0.37585602897181064,-0.13098453964281695,-0.1579260578546791
-1.5037007401480296,4.139744977383666,0.3763977945356072,-0.13124745311871702,-0.1581629980202358
-1.5027005401080216,4.138518810986034,0.3769395546949967,-0.1315105127862015,-0.15839981102302786
-1.5017003400680136,4.137292705746253,0.37748130922715556,-0.1317737185083292,-0.15863649658934373
-1.5007001400280056,4.136066662122004,0.3780230579096712,-0.1320370701485802,-0.15887305444664
-1.4996999399879976,4.134840680569679,0.3785648005205384,-0.1323005675708526,-0.15910948432353506
-1.4986997399479896,4.133614761544392,0.37910653683815615,-0.1325642106394594,-0.15934578594980336
-1.4976995399079815,4.1323889054999805,0.37964826664132484,-0.1328279992191258,-0.15958195905636952
-1.4966993398679735,4.131163112889021,0.38018998970924217,-0.13309193317498597,-0.1598180033753024
-1.4956991398279655,4.12993738416283,0.38073170582150045,-0.13335601237258007,-0.1600539186398092
-1.4946989397879575,4.128711719771481,0.38127341475808346,-0.1336202366778512,-0.1602897045842295
-1.4936987397479495,4.127486120163802,0.38181511629936327,-0.1338846059571424,-0.16052536094402972
-1.4926985397079415,4.126260585787392,0.3823568102260965,-0.13414912007719385,-0.1607608874557969
-1.4916983396679335,4.125035117088625,0.38289849631942213,-0.13441377890513978,-0.1609962838572335
-1.4906981396279255,4.123809714512657,0.3834401743608576,-0.1346785823085057,-0.16123154988715133
-1.4896979395879175,4.122584378503437,0.38398184413229497,-0.1349435301552051,-0.16146668528546576
-1.4886977395479095,4.1213591095037145,0.3845235054159996,-0.1352086223135369,-0.1617016897931902
-1.4876975395079015,4.120133907955045,0.38506515799460467,-0.1354738586521823,-0.16193656315243057
-1.4866973394678935,4.1189087742978,0.3856068016511102,-0.13573923904020208,-0.1621713051063793
-1.4856971394278855,4.117683708971175,0.38614843616887834,-0.13600476334703354,-0.16240591539931018
-1.4846969393878775,4.116458712413194,0.38669006133163103,-0.1362704314424879,-0.16264039377657244
-1.4836967393478695,4.115233785060724,0.3872316769234463,-0.1365362431967469,-0.1628747399845854
-1.4826965393078615,4.1140089273494755,0.38777328272875555,-0.13680219848036065,-0.16310895377083282
-1.4816963392678535,4.112784139714016,0.3883148785323403,-0.13706829716424432,-0.16334303488385754
-1.4806961392278455,4.1115594225877725,0.3888564641193291,-0.13733453911967547,-0.16357698307325602
-1.4796959391878375,4.110334776403044,0.3893980392751942,-0.1376009242182914,-0.16381079808967292
-1.4786957391478295,4.109110201591009,0.38993960378574793,-0.1378674523320859,-0.16404447968479524
-1.4776955391078215,4.107885698581728,0.39048115743714057,-0.13813412333340683,-0.1642780276113475
-1.4766953390678135,4.106661267804158,0.3910227000158571,-0.13840093709495338,-0.16451144162308637
-1.4756951390278055,4.105436909686156,0.3915642313087134,-0.1386678934897732,-0.16474472147479505
-1.4746949389877975,4.104212624654488,0.3921057511028534,-0.1389349923912594,-0.1649778669222777
-1.4736947389477895,4.102988413134835,0.3926472591857463,-0.13920223367314827,-0.16521087772235493
-1.4726945389077815,4.101764275551804,0.3931887553451831,-0.1394696172095162,-0.16544375363285785
-1.4716943388677735,4.100540212328934,0.393730239369273,-0.1397371428747773,-0.16567649441262317
-1.4706941388277655,4.099316223888701,0.3942717110464419,-0.14000481054368027,-0.16590909982148788
-1.4696939387877574,4.098092310652532,0.3948131701654272,-0.14027262009130592,-0.1661415696202842
-1.4686937387477494,4.0968684730408045,0.3953546165152768,-0.1405405713930646,-0.16637390357083406
-1.4676935387077414,4.095644711472861,0.39589604988534455,-0.1408086643246935,-0.16660610143594443
-1.4666933386677334,4.094421026367012,0.39643747006528723,-0.14107689876225374,-0.16683816297940188
-1.4656931386277254,4.093197418140548,0.39697887684506244,-0.14134527458212778,-0.1670700879659675
-1.4646929385877174,4.0919738872097415,0.3975202700149243,-0.14161379166101712,-0.167301876161372
-1.4636927385477096,4.090750433989859,0.39806164936542116,-0.1418824498759394,-0.16753352733231064
-1.4626925385077016,4.089527058895166,0.3986030146873922,-0.14215124910422577,-0.16776504124643807
-1.4616923384676936,4.088303762338938,0.3991443657719641,-0.14242018922351815,-0.1679964176723632
-1.4606921384276856,4.087080544733465,0.3996857024105486,-0.14268927011176702,-0.16822765637964465
-1.4596919383876776,4.085857406490055,0.4002270243948396,-0.14295849164722857,-0.1684587571387855
-1.4586917383476696,4.084634348019052,0.40076833151680863,-0.143227853708462,-0.16868971972122826
-1.4576915383076616,4.083411369729836,0.40130962356870314,-0.14349735617432732,-0.16892054389935032
-1.4566913382676536,4.082188472030829,0.4018509003430432,-0.1437669989239828,-0.16915122944645908
-1.4556911382276456,4.08096565532951,0.4023921616326176,-0.1440367818368817,-0.1693817761367863
-1.4546909381876376,4.0797429200324125,0.4029334072304818,-0.14430670479277055,-0.16961218374548429
-1.4536907381476296,4.0785202665451425,0.40347463692995406,-0.14457676767168645,-0.16984245204862045
-1.4526905381076216,4.077297695272378,0.40401585052461303,-0.1448469703539541,-0.1700725808231726
-1.4516903380676136,4.076075206617881,0.4045570478082941,-0.14511731272018374,-0.1703025698470243
-1.4506901380276056,4.074852800984503,0.40509822857508704,-0.14538779465126866,-0.17053241889895995
-1.4496899379875976,4.073630478774189,0.4056393926193322,-0.14565841602838242,-0.17076212775866037
-1.4486897379475896,4.0724082403879915,0.40618053973561785,-0.14592917673297678,-0.17099169620669774
-1.4476895379075816,4.071186086226075,0.4067216697187763,-0.1462000766467787,-0.1712211240245309
-1.4466893378675736,4.069964016687722,0.4072627823638826,-0.1464711156517883,-0.17145041099450103
-1.4456891378275656,4.068742032171343,0.4078038774662491,-0.14674229363027622,-0.1716795568998266
-1.4446889377875576,4.06752013307448,0.4083449548214248,-0.14701361046478137,-0.17190856152459913
-1.4436887377475496,4.06629831979382,0.4088860142251902,-0.14728506603810812,-0.17213742465377807
-1.4426885377075416,4.065076592725195,0.40942705547355585,-0.14755666023332434,-0.17236614607318668
-1.4416883376675336,4.063854952263593,0.40996807836275806,-0.14782839293375882,-0.1725947255695074
-1.4406881376275256,4.062633398803169,0.4105090826892563,-0.1481002640229986,-0.17282316293027686
-1.4396879375875176,4.061411932737245,0.4110500682497305,-0.14837227338488684,-0.17305145794388202
-1.4386877375475096,4.060190554458323,0.41159103484107756,-0.14864442090352054,-0.1732796103995551
-1.4376875375075016,4.05896926435809,0.4121319822604078,-0.14891670646324792,-0.1735076200873695
-1.4366873374674936,4.057748062827425,0.4126729103050428,-0.14918912994866598,-0.1737354867982349
-1.4356871374274855,4.056526950256407,0.413213818772512,-0.14946169124461858,-0.17396321032389325
-1.4346869373874775,4.055305927034323,0.41375470746054943,-0.14973439023619364,-0.17419079045691419
-1.4336867373474695,4.054084993549674,0.41429557616709056,-0.15000722680872103,-0.17441822699069037
-1.4326865373074615,4.052864150190183,0.4148364246902697,-0.1502802008477701,-0.17464551971943326
-1.4316863372674535,4.051643397342803,0.4153772528284159,-0.1505533122391475,-0.1748726684381691
-1.4306861372274455,4.050422735393722,0.41591806038005147,-0.15082656086889476,-0.17509967294273385
-1.4296859371874375,4.0492021647283725,0.4164588471438874,-0.1510999466232861,-0.17532653302976942
-1.4286857371474295,4.047981685731438,0.41699961291882065,-0.15137346938882576,-0.17555324849671924
-1.4276855371074215,4.046761298786861,0.4175403575039315,-0.15164712905224637,-0.17577981914182378
-1.4266853370674135,4.0455410042778475,0.4180810806984805,-0.15192092550050604,-0.1760062447641164
-1.4256851370274055,4.04432080258688,0.4186217823019045,-0.15219485862078638,-0.17623252516341892
-1.4246849369873975,4.0431006940957195,0.4191624621138142,-0.15246892830049016,-0.17645866014033762
-1.4236847369473895,4.041880679185413,0.41970311993399134,-0.1527431344272392,-0.17668464949625912
-1.4226845369073815,4.040660758236303,0.4202437555623847,-0.15301747688887188,-0.1769104930333456
-1.4216843368673735,4.039440931628036,0.4207843687991076,-0.153291955573441,-0.17713619055453111
-1.4206841368273655,4.038221199739566,0.4213249594444346,-0.15356657036921156,-0.1773617418635171
-1.4196839367873575,4.037001562949165,0.4218655272987985,-0.15384132116465846,-0.17758714676476867
-1.4186837367473495,4.035782021634426,0.4224060721627874,-0.15411620784846447,-0.1778124050635099
-1.4176835367073415,4.034562576172276,0.4229465938371407,-0.15439123030951782,-0.17803751656572006
-1.4166833366673335,4.033343226938982,0.4234870921227469,-0.1546663884369101,-0.17826248107812953
-1.4156831366273255,4.032123974310151,0.42402756682064024,-0.15494168211993384,-0.17848729840821534
-1.4146829365873175,4.0309048186607495,0.4245680177319974,-0.15521711124808069,-0.1787119683641977
-1.4136827365473095,4.0296857603650995,0.4251084446581348,-0.15549267571103897,-0.1789364907550353
-1.4126825365073015,4.028466799796893,0.4256488474005043,-0.15576837539869157,-0.1791608653904216
-1.4116823364672935,4.027247937329196,0.4261892257606911,-0.15604421020111386,-0.17938509208078096
-1.4106821364272855,4.0260291733344555,0.4267295795404106,-0.15632018000857134,-0.17960917063726425
-1.4096819363872775,4.024810508184513,0.4272699085415046,-0.15659628471151743,-0.179833100871745
-1.4086817363472695,4.023591942250602,0.4278102125659388,-0.15687252420059175,-0.1800568825968156
-1.4076815363072614,4.022373475903359,0.4283504914157996,-0.15714889836661758,-0.18028051562578315
-1.4066813362672534,4.021155109512837,0.42889074489328965,-0.15742540710059996,-0.18050399977266557
-1.4056811362272454,4.019936843448504,0.42943097280072623,-0.1577020502937231,-0.1807273348521874
-1.4046809361872374,4.018718678079255,0.4299711749405379,-0.1579788278373492,-0.18095052067977668
-1.4036807361472294,4.017500613773418,0.4305113511152601,-0.1582557396230152,-0.18117355707156002
-1.4026805361072214,4.016282650898762,0.43105150112753365,-0.15853278554243141,-0.18139644384435927
-1.4016803360672134,4.015064789822503,0.43159162478009977,-0.15880996548747933,-0.18161918081568787
-1.4006801360272054,4.013847030911314,0.4321317218757984,-0.15908727935020917,-0.18184176780374642
-1.3996799359871974,4.012629374531329,0.43267179221756424,-0.1593647270228383,-0.1820642046274191
-1.3986797359471894,4.011411821048153,0.4332118356084233,-0.15964230839774873,-0.1822864911062699
-1.3976795359071814,4.010194370826866,0.4337518518514906,-0.15992002336748523,-0.18250862706053902
-1.3966793358671734,4.0089770242320375,0.43429184074996574,-0.16019787182475323,-0.18273061231113838
-1.3956791358271654,4.0077597816277235,0.4348318021071309,-0.16047585366241668,-0.18295244667964844
-1.3946789357871574,4.0065426433774824,0.4353717357263463,-0.16075396877349626,-0.18317412998831428
-1.3936787357471494,4.005325609844378,0.43591164141104854,-0.161032217051167,-0.183395662060042
-1.3926785357071414,4.004108681390988,0.4364515189647457,-0.16131059838875628,-0.18361704271839435
-1.3916783356671334,4.002891858379414,0.436991368191015,-0.1615891126797419,-0.18383827178758785
-1.3906781356271254,4.001675141171282,0.4375311888934996,-0.16186775981775017,-0.18405934909248828
-1.3896779355871174,4.0004585301277595,0.43807098087590496,-0.16214653969655368,-0.1842802744586078
-1.3886777355471094,3.9992420256095538,0.43861074394199584,-0.16242545221006902,-0.18450104771210035
-1.3876775355071014,3.998025627976924,0.43915047789559225,-0.16270449725235564,-0.18472166867975878
-1.3866773354670934,3.996809337589688,0.4396901825405676,-0.16298367471761277,-0.18494213718901062
-1.3856771354270854,3.995593154807229,0.440229857680844,-0.16326298450017812,-0.1851624530679148
-1.3846769353870774,3.9943770799885048,0.44076950312038987,-0.1635424264945256,-0.1853826161451578
-1.3836767353470694,3.993161113492052,0.44130911866321615,-0.16382200059526345,-0.1856026262500502
-1.3826765353070614,3.991945255675997,0.44184870411337307,-0.16410170669713217,-0.18582248321252262
-1.3816763352670534,3.9907295068980613,0.44238825927494657,-0.16438154469500252,-0.18604218686312288
-1.3806761352270454,3.989513867515569,0.44292778395205534,-0.16466151448387356,-0.1862617370330115
-1.3796759351870374,3.9882983378854546,0.44346727794884805,-0.16494161595887077,-0.18648113355395904
-1.3786757351470293,3.9870829183642718,0.44400674106949833,-0.16522184901524395,-0.1867003762583418
-1.3776755351070213,3.9858676093081984,0.4445461731182028,-0.16550221354836533,-0.18691946497913867
-1.3766753350670133,3.984652411073047,0.4450855738991776,-0.16578270945372747,-0.1871383995499274
-1.3756751350270053,3.9834373240142686,0.44562494321665386,-0.16606333662694167,-0.18735717980488129
-1.3746749349869973,3.9822223484869648,0.44616428087487614,-0.16634409496373556,-0.1875758055787654
-1.3736747349469893,3.9810074848458905,0.44670358667809734,-0.16662498435995127,-0.18779427670693322
-1.3726745349069813,3.979792733445465,0.4472428604305763,-0.16690600471154393,-0.18801259302532325
-1.3716743348669733,3.978578094639778,0.4477821019365737,-0.167187155914579,-0.18823075437045497
-1.3706741348269653,3.977363568782598,0.4483213110003495,-0.16746843786523097,-0.18844876057942622
-1.3696739347869573,3.9761491562273785,0.4488604874261588,-0.1677498504597812,-0.18866661148990904
-1.3686737347469493,3.974934857327267,0.4493996310182485,-0.1680313935946159,-0.18888430694014668
-1.3676735347069413,3.973720672435113,0.4499387415808539,-0.16831306716622424,-0.18910184676894978
-1.3666733346669333,3.9725066019034725,0.45047781891819577,-0.1685948710711966,-0.18931923081569327
-1.3656731346269253,3.9712926460846196,0.451016862834476,-0.16887680520622253,-0.18953645892031268
-1.3646729345869173,3.9700788053305525,0.4515558731338744,-0.1691588694680888,-0.18975353092330077
-1.3636727345469093,3.9688650799930003,0.4520948496205457,-0.16944106375367765,-0.18997044666570434
-1.3626725345069013,3.9676514704234314,0.45263379209861565,-0.16972338795996478,-0.1901872059891207
-1.3616723344668933,3.9664379769730616,0.4531727003721773,-0.17000584198401753,-0.19040380873569412
-1.3606721344268853,3.9652245999928613,0.4537115742452879,-0.17028842572299274,-0.19062025474811295
-1.3596719343868773,3.9640113398335632,0.4542504135219654,-0.17057113907413543,-0.19083654386960566
-1.3586717343468693,3.9627981968456707,0.45478921800618416,-0.17085398193477627,-0.1910526759439378
-1.3576715343068613,3.9615851713794648,0.45532798750187237,-0.1711369542023301,-0.19126865081540875
-1.3566713342668533,3.960372263785012,0.45586672181290827,-0.17142005577429392,-0.1914844683288481
-1.3556711342268453,3.9591594744121723,0.4564054207431161,-0.17170328654824504,-0.1917001283296127
-1.3546709341868373,3.957946803610607,0.4569440840962627,-0.1719866464218394,-0.19191563066358303
-1.3536707341468293,3.9567342517297863,0.4574827116760545,-0.1722701352928092,-0.1921309751771599
-1.3526705341068213,3.955521819118997,0.45802130328613266,-0.1725537530589616,-0.1923461617172614
-1.3516703340668133,3.9543095061273514,0.4585598587300714,-0.17283749961817668,-0.19256119013131945
-1.3506701340268052,3.9530973131037936,0.45909837781137197,-0.1731213748684053,-0.19277606026727653
-1.3496699339867975,3.9518852403971083,0.45963686033346113,-0.17340537870766778,-0.1929907719735824
-1.3486697339467895,3.9506732883559286,0.4601753060996861,-0.17368951103405153,-0.1932053250991907
-1.3476695339067815,3.9494614573287437,0.4607137149133121,-0.17397377174570955,-0.19341971949355616
-1.3466693338667735,3.9482497476639065,0.4612520865775178,-0.1742581607408585,-0.19363395500663097
-1.3456691338267655,3.947038159709643,0.4617904208953915,-0.17454267791777683,-0.19384803148886148
-1.3446689337867574,3.9458266938140567,0.4623287176699285,-0.17482732317480296,-0.19406194879118518
-1.3436687337467494,3.9446153503251424,0.4628669767040261,-0.1751120964103334,-0.1942757067650275
-1.3426685337067414,3.943404129590788,0.4634051978004806,-0.1753969975228211,-0.19448930526229843
-1.3416683336667334,3.9421930319587863,0.463943380761984,-0.1756820264107734,-0.19470274413538943
-1.3406681336267254,3.9409820577768424,0.4644815253911193,-0.17596718297275027,-0.19491602323717017
-1.3396679335867174,3.9397712073925804,0.46501963149035724,-0.17625246710736261,-0.19512914242098534
-1.3386677335467094,3.9385604811535533,0.46555769886205267,-0.1765378787132704,-0.19534210154065165
-1.3376675335067014,3.937349879407249,0.4660957273084408,-0.17682341768918083,-0.1955549004504544
-1.3366673334666934,3.9361394025011007,0.4666337166316325,-0.17710908393384628,-0.19576753900514426
-1.3356671334266854,3.934929050782493,0.46717166663361226,-0.17739487734606307,-0.19598001705993465
-1.3346669333866774,3.9337188245987718,0.4677095771162328,-0.17768079782466895,-0.1961923344704978
-1.3336667333466694,3.9325087242972496,0.4682474478812117,-0.1779668452685419,-0.1964044910929622
-1.3326665333066614,3.931298750225217,0.4687852787301283,-0.17825301957659812,-0.19661648678390928
-1.3316663332666534,3.9300889027299495,0.46932306946441865,-0.17853932064779007,-0.19682832140037015
-1.3306661332266454,3.9288791821587146,0.46986081988537276,-0.1788257483811047,-0.19703999479982245
-1.3296659331866374,3.927669588858781,0.47039852979413,-0.17911230267556205,-0.19725150684018772
-1.3286657331466294,3.9264601231774283,0.4709361989916752,-0.1793989834302129,-0.1974628573798277
-1.3276655331066214,3.925250785461952,0.47147382727883586,-0.17968579054413727,-0.19767404627754137
-1.3266653330666134,3.9240415760596745,0.47201141445627637,-0.17997272391644276,-0.19788507339256212
-1.3256651330266054,3.922832495317952,0.47254896032449595,-0.18025978344626253,-0.19809593858455427
-1.3246649329865974,3.9216235435841833,0.47308646468382376,-0.1805469690327535,-0.19830664171361037
-1.3236647329465894,3.9204147212058187,0.47362392733441455,-0.18083428057509468,-0.1985171826402475
-1.3226645329065814,3.9192060285303656,0.47416134807624605,-0.1811217179724854,-0.19872756122540502
-1.3216643328665734,3.917997465905401,0.47469872670911395,-0.18140928112414365,-0.19893777733044082
-1.3206641328265654,3.9167890336785773,0.475236063032628,-0.18169696992930381,-0.19914783081712878
-1.3196639327865574,3.9155807321976313,0.4757733568462081,-0.18198478428721546,-0.19935772154765516
-1.3186637327465494,3.9143725618103913,0.47631060794908103,-0.1822727240971412,-0.1995674493846158
-1.3176635327065414,3.913164522864788,0.47684781614027555,-0.18256078925835523,-0.19977701419101326
-1.3166633326665333,3.9119566157088617,0.4773849812186185,-0.18284897967014097,-0.1999864158302534
-1.3156631326265253,3.9107488406907707,0.47792210298273075,-0.18313729523179023,-0.20019565416614254
-1.3146629325865173,3.9095411981587986,0.47845918123102427,-0.18342573584260055,-0.20040472906288478
-1.3136627325465093,3.9083336884613664,0.4789962157616957,-0.1837143014018738,-0.20061364038507812
-1.3126625325065013,3.9071263119470365,0.47953320637272445,-0.18400299180891452,-0.20082238799771202
-1.3116623324664933,3.9059190689645242,0.480070152861868,-0.1842918069630279,-0.20103097176616436
-1.3106621324264853,3.904711959862707,0.4806070550266568,-0.1845807467635183,-0.20123939155619827
-1.3096619323864773,3.90350498499063,0.4811439126643922,-0.18486981110968723,-0.2014476472339593
-1.3086617323464693,3.9022981446975167,0.4816807255721401,-0.18515899990083148,-0.20165573866597203
-1.3076615323064613,3.9010914393327774,0.48221749354672827,-0.18544831303624207,-0.20186366571913744
-1.3066613322664533,3.899884869246017,0.48275421638474153,-0.18573775041520163,-0.20207142826073
-1.3056611322264453,3.8986784347870462,0.4832908938825176,-0.18602731193698294,-0.20227902615839394
-1.3046609321864373,3.8974721363058857,0.48382752583614375,-0.1863169975008475,-0.2024864592801412
-1.3036607321464293,3.89626597415278,0.48436411204145097,-0.18660680700604326,-0.20269372749434778
-1.3026605321064213,3.8950599486782016,0.4849006522940115,-0.18689674035180295,-0.2029008306697508
-1.3016603320664133,3.8938540602328633,0.4854371463891341,-0.18718679743734293,-0.2031077686754463
-1.3006601320264053,3.8926483091677246,0.4859735941218587,-0.1874769781618605,-0.2033145413808849
-1.2996599319863973,3.8914426958340025,0.48650999528695343,-0.18776728242453292,-0.2035211486558702
-1.2986597319463893,3.8902372205831774,0.48704634967891053,-0.18805771012451516,-0.20372759037055474
-1.2976595319063813,3.8890318837670046,0.4875826570919404,-0.18834826116093842,-0.20393386639543765
-1.2966593318663733,3.887826685737523,0.48811891731996926,-0.18863893543290824,-0.20413997660136154
-1.2956591318263653,3.8866216268470626,0.4886551301566336,-0.1889297328395028,-0.20434592085950948
-1.2946589317863573,3.885416707448253,0.48919129539527656,-0.18922065327977108,-0.20455169904140183
-1.2936587317463493,3.8842119278940355,0.489727412828943,-0.1895116966527312,-0.20475731101889372
-1.2926585317063413,3.8830072885376685,0.49026348225037586,-0.18980286285736872,-0.20496275666417194
-1.2916583316663333,3.881802789732738,0.49079950345201134,-0.19009415179263456,-0.2051680358497517
-1.2906581316263253,3.880598431833165,0.4913354762259745,-0.19038556335744367,-0.20537314844847407
-1.2896579315863173,3.8793942151932193,0.4918714003640755,-0.1906770974506731,-0.2055780943335028
-1.2886577315463092,3.878190140167521,0.49240727565780423,-0.19096875397116014,-0.2057828733783214
-1.2876575315063012,3.876986207111057,0.4929431018983267,-0.19126053281770064,-0.20598748545673043
-1.2866573314662932,3.875782416379184,0.4934788788764805,-0.19155243388904722,-0.20619193044284403
-1.2856571314262852,3.8745787683276416,0.4940146063827702,-0.19184445708390782,-0.20639620821108773
-1.2846569313862772,3.8733752633125595,0.49455028420736286,-0.19213660230094332,-0.20660031863619474
-1.2836567313462692,3.872171901690467,0.49508591214008363,-0.19242886943876633,-0.20680426159320353
-1.2826565313062612,3.870968683818302,0.49562148997041167,-0.19272125839593918,-0.2070080369574547
-1.2816563312662532,3.869765610053421,0.4961570174874753,-0.1930137690709723,-0.2072116446045882
-1.2806561312262452,3.8685626807536053,0.49669249448004765,-0.19330640136232233,-0.2074150844105403
-1.2796559311862372,3.867359896277075,0.4972279207365415,-0.1935991551683903,-0.20761835625154043
-1.2786557311462292,3.8661572569824947,0.4977632960450066,-0.19389203038752006,-0.20782146000410875
-1.2776555311062212,3.8649547632289827,0.49829862019312327,-0.1941850269179966,-0.2080243955450528
-1.2766553310662132,3.863752415376122,0.4988338929681984,-0.19447814465804372,-0.20822716275146483
-1.2756551310262052,3.862550213783967,0.49936911415716173,-0.19477138350582326,-0.2084297615007187
-1.2746549309861972,3.8613481588130565,0.49990428354655997,-0.19506474335943216,-0.20863219167046707
-1.2736547309461892,3.8601462508244198,0.5004394009225533,-0.19535822411690149,-0.2088344531386383
-1.2726545309061812,3.858944490179586,0.5009744660709106,-0.19565182567619457,-0.20903654578343406
-1.2716543308661732,3.857742877240595,0.5015094787770047,-0.19594554793520502,-0.20923846948332597
-1.2706541308261652,3.8565414123700057,0.5020444388258074,-0.19623939079175515,-0.20944022411705238
-1.2696539307861572,3.8553400959309063,0.5025793460018857,-0.19653335414359394,-0.20964180956361625
-1.2686537307461492,3.8541389282869223,0.5031142000893966,-0.19682743788839563,-0.20984322570228162
-1.2676535307061412,3.8529379098022267,0.5036490008720828,-0.19712164192375767,-0.21004447241257096
-1.2666533306661332,3.8517370408415497,0.5041837481332674,-0.19741596614719886,-0.21024554957426217
-1.2656531306261252,3.850536321770186,0.5047184416558511,-0.19771041045615828,-0.21044645706738593
-1.2646529305861172,3.849335752954007,0.5052530812223047,-0.1980049747479925,-0.21064719477222213
-1.2636527305461092,3.8481353347594687,0.505787666614667,-0.1982996589199743,-0.2108477625692978
-1.2626525305061012,3.846935067553621,0.506322197614539,-0.19859446286929114,-0.21104816033938353
-1.2616523304660932,3.845734951704119,0.5068566740030788,-0.19888938649304294,-0.21124838796349085
-1.2606521304260851,3.844534987579227,0.5073910955609982,-0.19918442968824052,-0.21144844532286955
-1.2596519303860771,3.8433351755478364,0.5079254620685572,-0.19947959235180368,-0.2116483322990043
-1.2586517303460691,3.842135515979467,0.5084597733055589,-0.19977487438055974,-0.21184804877361202
-1.2576515303060611,3.8409360092442824,0.5089940290513455,-0.2000702756712413,-0.21204759462863876
-1.2566513302660531,3.8397366557130956,0.5095282290847937,-0.20036579612048463,-0.2122469697462575
-1.2556511302260451,3.838537455757381,0.5100623731843095,-0.20066143562482813,-0.21244617400886406
-1.2546509301860371,3.837338409749282,0.5105964611278231,-0.20095719408070997,-0.21264520729907505
-1.2536507301460291,3.836139518061622,0.5111304926927857,-0.20125307138446702,-0.21284406949972495
-1.2526505301060211,3.834940781067913,0.5116644676561626,-0.20154906743233247,-0.21304276049386278
-1.2516503300660131,3.8337421991423657,0.5121983857944306,-0.20184518212043423,-0.21324128016474966
-1.2506501300260051,3.8325437726598985,0.5127322468835718,-0.20214141534479346,-0.21343962839585545
-1.249649929985997,3.831345501996147,0.5132660506990692,-0.20243776700132188,-0.2136378050708561
-1.248649729945989,3.8301473875274743,0.5137997970159021,-0.20273423698582088,-0.21383581007363087
-1.247649529905981,3.8289494296309794,0.5143334856085413,-0.2030308251939793,-0.21403364328825894
-1.246649329865973,3.8277516286845072,0.5148671162509441,-0.20332753152137165,-0.21423130459901718
-1.245649129825965,3.82655398506666,0.5154006887165499,-0.20362435586345645,-0.21442879389037683
-1.244648929785957,3.825356499156803,0.5159342027782748,-0.2039212981155738,-0.21462611104700036
-1.243648729745949,3.8241591713350775,0.5164676582085079,-0.20421835817294484,-0.2148232559537393
-1.242648529705941,3.822962001982409,0.5170010547791053,-0.20451553593066849,-0.21502022849563052
-1.241648329665933,3.8217649914805163,0.5175343922613855,-0.20481283128372055,-0.2152170285578939
-1.240648129625925,3.8205681402119214,0.5180676704261257,-0.20511024412695156,-0.21541365602592932
-1.239647929585917,3.8193714485599606,0.5186008890435554,-0.20540777435508495,-0.21561011078531342
-1.238647729545909,3.8181749169087915,0.5191340478833532,-0.20570542186271543,-0.21580639272179705
-1.237647529505901,3.8169785456434044,0.5196671467146401,-0.2060031865443068,-0.21600250172130228
-1.236647329465893,3.8157823351496307,0.5202001853059768,-0.2063010682941905,-0.21619843766991936
-1.2356471294258853,3.814586285814154,0.5207331634253572,-0.20659906700656352,-0.216394200453904
-1.2346469293858773,3.813390398024517,0.5212660808402044,-0.2068971825754865,-0.21658978995967432
-1.2336467293458693,3.8121946721691344,0.5217989373173657,-0.20719541489488222,-0.21678520607380805
-1.2326465293058613,3.8109991086373003,0.522331732623108,-0.2074937638585335,-0.2169804486830396
-1.2316463292658533,3.8098037078191984,0.522864466523112,-0.2077922293600812,-0.21717551767425683
-1.2306461292258453,3.8086084701059106,0.5233971387824691,-0.20809081129302284,-0.21737041293449877
-1.2296459291858373,3.807413395889428,0.5239297491656749,-0.20838950955071017,-0.21756513435095218
-1.2286457291458293,3.8062184855626593,0.5244622974366254,-0.20868832402634802,-0.21775968181094899
-1.2276455291058213,3.805023739519441,0.5249947833586122,-0.20898725461299167,-0.21795405520196304
-1.2266453290658133,3.8038291581545476,0.5255272066943165,-0.20928630120354555,-0.21814825441160737
-1.2256451290258052,3.802634741863698,0.5260595672058058,-0.20958546369076095,-0.2183422793276313
-1.2246449289857972,3.8014404910435693,0.5265918646545282,-0.20988474196723467,-0.2185361298379175
-1.2236447289457892,3.8002464060918024,0.5271240988013085,-0.21018413592540663,-0.21872980583047932
-1.2226445289057812,3.799052487407014,0.5276562694063415,-0.21048364545755824,-0.21892330719345723
-1.2216443288657732,3.797858735388806,0.5281883762291888,-0.2107832704558105,-0.2191166338151165
-1.2206441288257652,3.796665150437773,0.5287204190287748,-0.2110830108121221,-0.2193097855838441
-1.2196439287857572,3.795471732955513,0.529252397563379,-0.21138286641828763,-0.2195027623881459
-1.2186437287457492,3.7942784833446384,0.5297843115906342,-0.2116828371659357,-0.21969556411664362
-1.2176435287057412,3.7930854020087814,0.5303161608675199,-0.2119829229465266,-0.21988819065807166
-1.2166433286657332,3.7918924893526076,0.5308479451503576,-0.21228312365135094,-0.22008064190127466
-1.2156431286257252,3.7906997457818226,0.5313796641948075,-0.2125834391715275,-0.22027291773520444
-1.2146429285857172,3.7895071717031814,0.5319113177558625,-0.21288386939800166,-0.2204650180489169
-1.2136427285457092,3.788314767524501,0.5324429055878434,-0.21318441422154272,-0.2206569427315693
-1.2126425285057012,3.787122533654665,0.532974427444394,-0.213485073532743,-0.22084869167241708
-1.2116423284656932,3.7859304705036356,0.5335058830784778,-0.21378584722201516,-0.2210402647608116
-1.2106421284256852,3.7847385784824628,0.5340372722423719,-0.2140867351795906,-0.22123166188619636
-1.2096419283856772,3.7835468580032936,0.5345685946876623,-0.21438773729551747,-0.22142288293810453
-1.2086417283456692,3.7823553094793803,0.5350998501652402,-0.21468885345965877,-0.22161392780615607
-1.2076415283056612,3.78116393332509,0.5356310384252957,-0.21499008356169036,-0.22180479638005476
-1.2066413282656532,3.7799727299559143,0.5361621592173154,-0.21529142749109922,-0.22199548854958512
-1.2056411282256452,3.778781699788478,0.5366932122900745,-0.21559288513718128,-0.2221860042046098
-1.2046409281856372,3.777590843240549,0.5372241973916358,-0.21589445638903962,-0.22237634323506628
-1.2036407281456292,3.776400160731045,0.5377551142693424,-0.21619614113558244,-0.22256650553096435
-1.2026405281056212,3.7752096526800463,0.538285962669814,-0.2164979392655214,-0.22275649098238304
-1.2016403280656132,3.774019319508801,0.5388167423389424,-0.216799850667369,-0.22294629947946742
-1.2006401280256052,3.7728291616397374,0.539347453021886,-0.21710187522943739,-0.22313593091242612
-1.1996399279855972,3.771639179496469,0.539878094463067,-0.21740401283983612,-0.22332538517152847
-1.1986397279455892,3.770449373503807,0.5404086664061647,-0.21770626338646998,-0.22351466214710083
-1.1976395279055811,3.769259744087768,0.5409391685941127,-0.21800862675703733,-0.22370376172952455
-1.1966393278655731,3.7680702916755826,0.5414696007690928,-0.21831110283902788,-0.22389268380923258
-1.1956391278255651,3.7668810166957027,0.5419999626725328,-0.21861369151972104,-0.22408142827670668
-1.1946389277855571,3.765691919577814,0.5425302540450985,-0.21891639268618374,-0.2242699950224748
-1.1936387277455491,3.7645030007528404,0.5430604746266923,-0.21921920622526822,-0.2244583839371073
-1.1926385277055411,3.763314260652957,0.5435906241564471,-0.21952213202361076,-0.22464659491121536
-1.1916383276655331,3.7621256997115946,0.5441207023727227,-0.21982516996762874,-0.22483462783544667
-1.1906381276255251,3.76093731836345,0.5446507090131012,-0.22012831994351945,-0.22502248260048366
-1.1896379275855171,3.7597491170444965,0.5451806438143818,-0.22043158183725797,-0.22521015909703992
-1.1886377275455091,3.758561096191989,0.5457105065125772,-0.22073495553459446,-0.2253976572158575
-1.1876375275055011,3.757373256244474,0.5462402968429098,-0.2210384409210533,-0.22558497684770404
-1.186637327465493,3.7561855976417986,0.5467700145398054,-0.2213420378819302,-0.2257721178833701
-1.185637127425485,3.754998120825118,0.5472996593368906,-0.22164574630229034,-0.22595908021366554
-1.184636927385477,3.7538108262369034,0.5478292309669881,-0.2219495660669668,-0.22614586372941742
-1.183636727345469,3.7526237143209515,0.5483587291621128,-0.2222534970605583,-0.22633246832146686
-1.182636527305461,3.751436785522392,0.5488881536534661,-0.22255753916742693,-0.22651889388066584
-1.181636327265453,3.7502500402876953,0.5494175041714329,-0.22286169227169628,-0.22670514029787453
-1.180636127225445,3.749063479064681,0.5499467804455772,-0.22316595625724972,-0.22689120746395866
-1.179635927185437,3.7478771023025255,0.5504759822046383,-0.223470331007728,-0.2270770952697862
-1.178635727145429,3.746690910451771,0.5510051091765261,-0.22377481640652733,-0.22726280360622464
-1.177635527105421,3.7455049039643318,0.5515341610883171,-0.2240794123367976,-0.22744833236413856
-1.176635327065413,3.7443190832935036,0.5520631376662503,-0.22438411868143965,-0.22763368143438553
-1.175635127025405,3.7431334488939707,0.5525920386357234,-0.2246889353231042,-0.227818850707815
-1.174634926985397,3.7419480012218123,0.5531208637212884,-0.22499386214418898,-0.2280038400752636
-1.173634726945389,3.740762740734513,0.5536496126466481,-0.22529889902683703,-0.22818864942755387
-1.172634526905381,3.7395776678909676,0.5541782851346525,-0.22560404585293475,-0.22837327865549023
-1.171634326865373,3.73839278315149,0.5547068809072925,-0.22590930250410948,-0.2285577276498567
-1.170634126825365,3.737208086977821,0.5552353996856996,-0.22621466886172809,-0.22874199630141415
-1.169633926785357,3.736023579833134,0.5557638411901399,-0.22652014480689395,-0.22892608450089685
-1.168633726745349,3.7348392621820437,0.5562922051400097,-0.22682573022044578,-0.2291099921390102
-1.167633526705341,3.733655134490612,0.5568204912538339,-0.22713142498295538,-0.2292937191064276
-1.166633326665333,3.732471197226358,0.5573486992492608,-0.22743722897472493,-0.22947726529378787
-1.165633126625325,3.731287450858259,0.5578768288430586,-0.22774314207578586,-0.22966063059169214
-1.164632926585317,3.7301038958567663,0.5584048797511112,-0.228049164165896,-0.22984381489070105
-1.163632726545309,3.7289205326938033,0.558932851688416,-0.22835529512453784,-0.2300268180813322
-1.162632526505301,3.7277373618427774,0.5594607443690796,-0.22866153483091653,-0.2302096400540569
-1.161632326465293,3.726554383778586,0.5599885575063132,-0.22896788316395758,-0.23039228069929793
-1.160632126425285,3.7253715989776217,0.5605162908124306,-0.22927434000230493,-0.2305747399074261
-1.159631926385277,3.7241890079177806,0.5610439439988445,-0.22958090522431868,-0.23075701756875802
-1.158631726345269,3.7230066110784654,0.5615715167760633,-0.2298875787080735,-0.230939113573553
-1.157631526305261,3.721824408940597,0.5620990088536858,-0.23019436033135554,-0.23112102781200994
-1.156631326265253,3.720642401986617,0.5626264199404007,-0.2305012499716614,-0.23130276017426551
-1.155631126225245,3.7194605907004945,0.5631537497439814,-0.23080824750619544,-0.23148431055039034
-1.154630926185237,3.7182789755677326,0.5636809979712832,-0.23111535281186799,-0.23166567883038713
-1.153630726145229,3.7170975570753733,0.564208164328241,-0.23142256576529274,-0.23184686490418724
-1.152630526105221,3.715916335712006,0.5647352485198641,-0.23172988624278507,-0.2320278686616479
-1.151630326065213,3.714735311967771,0.5652622502502357,-0.23203731412035988,-0.2322086899925503
-1.150630126025205,3.7135544863343655,0.565789169222508,-0.23234484927372945,-0.23238932878659602
-1.149629925985197,3.7123738593050493,0.5663160051388999,-0.23265249157830123,-0.23256978493340444
-1.148629725945189,3.7111934313746513,0.566842757700694,-0.2329602409091758,-0.23275005832251047
-1.147629525905181,3.7100132030395736,0.5673694266082334,-0.2332680971411447,-0.23293014884336127
-1.146629325865173,3.708833174797798,0.5678960115609198,-0.23357606014868848,-0.23311005638531396
-1.145629125825165,3.7076533471488893,0.5684225122572096,-0.23388412980597423,-0.2332897808376328
-1.144628925785157,3.7064737205940013,0.568948928394612,-0.2341923059868539,-0.2334693220894864
-1.143628725745149,3.7052942956358828,0.5694752596696855,-0.23450058856486203,-0.23364868002994546
-1.142628525705141,3.7041150727788823,0.5700015057780355,-0.23480897741321324,-0.2338278545479792
-1.141628325665133,3.7029360525289507,0.5705276664143132,-0.2351174724048004,-0.23400684553245363
-1.140628125625125,3.7017572353936483,0.5710537412722104,-0.2354260734121927,-0.2341856528721288
-1.139627925585117,3.7005786218821473,0.5715797300444598,-0.23573478030763345,-0.2343642764556558
-1.138627725545109,3.699400212505238,0.5721056324228303,-0.23604359296303729,-0.23454271617157388
-1.137627525505101,3.698222007775332,0.5726314480981263,-0.23635251124998918,-0.23472097190830896
-1.136627325465093,3.697044008206466,0.5731571767601845,-0.2366615350397413,-0.23489904355416966
-1.135627125425085,3.6958662143143086,0.5736828180978726,-0.23697066420321122,-0.23507693099734586
-1.134626925385077,3.694688626616159,0.5742083717990858,-0.23727989861098026,-0.23525463412590553
-1.133626725345069,3.6935112456309573,0.5747338375507457,-0.23758923813329053,-0.23543215282779217
-1.132626525305061,3.6923340718792828,0.5752592150387981,-0.23789868264004324,-0.23560948699082257
-1.131626325265053,3.691157105883359,0.5757845039482105,-0.23820823200079663,-0.2357866365026839
-1.130626125225045,3.68998034816706,0.5763097039629718,-0.2385178860847638,-0.23596360125093177
-1.129625925185037,3.6888037992559086,0.5768348147660876,-0.2388276447608101,-0.23614038112298677
-1.128625725145029,3.6876274596770853,0.5773598360395812,-0.23913750789745183,-0.23631697600613305
-1.127625525105021,3.6864513299594264,0.5778847674644909,-0.23944747536285338,-0.23649338578751516
-1.126625325065013,3.6852754106334293,0.5784096087208674,-0.23975754702482535,-0.23666961035413572
-1.125625125025005,3.684099702231255,0.5789343594877736,-0.24006772275082247,-0.23684564959285298
-1.1246249249849969,3.6829242052867315,0.5794590194432826,-0.2403780024079415,-0.23702150339037875
-1.1236247249449889,3.6817489203353544,0.5799835882644755,-0.24068838586291888,-0.23719717163327514
-1.1226245249049809,3.680573847914291,0.5805080656274414,-0.2409988729821288,-0.23737265420795323
-1.121624324864973,3.679398988562382,0.5810324512072743,-0.24130946363158093,-0.2375479510006697
-1.120624124824965,3.6782243428201427,0.5815567446780745,-0.24162015767691838,-0.2377230618975252
-1.119623924784957,3.677049911229768,0.5820809457129447,-0.24193095498341569,-0.2378979867844617
-1.118623724744949,3.6758756943351307,0.5826050539839901,-0.2422418554159762,-0.23807272554725975
-1.117623524704941,3.6747016926817855,0.5831290691623173,-0.2425528588391306,-0.23824727807153712
-1.116623324664933,3.6735279068169686,0.5836529909180334,-0.2428639651170345,-0.23842164424274565
-1.115623124624925,3.672354337289602,0.584176818920245,-0.24317517411346604,-0.23859582394616946
-1.114622924584917,3.671180984650292,0.5847005528370568,-0.24348648569182385,-0.23876981706692213
-1.113622724544909,3.670007849451333,0.585224192335572,-0.24379789971512558,-0.23894362348994527
-1.112622524504901,3.6688349322467055,0.5857477370818911,-0.24410941604600467,-0.2391172431000055
-1.111622324464893,3.66766223359208,0.5862711867411106,-0.24442103454670966,-0.23929067578169286
-1.110622124424885,3.6664897540448145,0.586794540977323,-0.2447327550791005,-0.239463921419418
-1.109621924384877,3.665317494163959,0.5873177994536171,-0.2450445775046474,-0.23963697989741084
-1.108621724344869,3.664145454510253,0.5878409618320766,-0.245356501684429,-0.23980985109971792
-1.107621524304861,3.662973635646127,0.588364027773779,-0.2456685274791292,-0.23998253491020002
-1.106621324264853,3.661802038135701,0.588886996938798,-0.24598065474903583,-0.24015503121253057
-1.105621124224845,3.660630662544788,0.5894098689862004,-0.24629288335403846,-0.24032733989019323
-1.104620924184837,3.6594595094408913,0.5899326435740482,-0.24660521315362638,-0.24049946082648024
-1.103620724144829,3.658288579393204,0.5904553203593975,-0.24691764400688596,-0.24067139390448988
-1.102620524104821,3.6571178729726093,0.590977898998298,-0.2472301757724992,-0.24084313900712478
-1.101620324064813,3.65594739075168,0.5915003791457949,-0.2475428083087415,-0.24101469601709002
-1.100620124024805,3.65477713330468,0.5920227604559276,-0.2478555414734792,-0.2411860648168907
-1.099619923984797,3.6536071012075566,0.5925450425817297,-0.24816837512416812,-0.24135724528883043
-1.098619723944789,3.6524372950379482,0.5930672251752318,-0.24848130911785096,-0.2415282373150093
-1.097619523904781,3.651267715375178,0.5935893078874587,-0.24879434331115566,-0.24169904077732202
-1.096619323864773,3.6500983628002523,0.5941112903684319,-0.24910747756029267,-0.24186965555745576
-1.095619123824765,3.6489292378958624,0.5946331722671702,-0.2494207117210541,-0.24204008153688902
-1.094618923784757,3.6477603412463795,0.5951549532316887,-0.24973404564881035,-0.24221031859688896
-1.093618723744749,3.646591673437856,0.5956766329090013,-0.25004747919850895,-0.24238036661851003
-1.092618523704741,3.645423235058021,0.5961982109451216,-0.2503610122246722,-0.24255022548259222
-1.091618323664733,3.6442550266962814,0.5967196869850623,-0.2506746445813952,-0.2427198950697595
-1.090618123624725,3.643087048943715,0.5972410606728366,-0.2509883761223437,-0.24288937526041757
-1.089617923584717,3.641919302393072,0.5977623316514601,-0.25130220670075243,-0.24305866593475264
-1.088617723544709,3.6407517876387727,0.5982834995629507,-0.2516161361694227,-0.24322776697272955
-1.087617523504701,3.639584505276902,0.598804564048332,-0.25193016438072063,-0.24339667825409025
-1.086617323464693,3.6384174559052087,0.5993255247476316,-0.2522442911865752,-0.24356539965835244
-1.085617123424685,3.6372506401231024,0.5998463812998844,-0.25255851643847615,-0.2437339310648074
-1.084616923384677,3.636084058531651,0.6003671333431332,-0.25287283998747195,-0.24390227235251877
-1.083616723344669,3.6349177117335745,0.6008877805144303,-0.253187261684168,-0.24407042340032148
-1.082616523304661,3.6337516003332455,0.60140832244984,-0.25350178137872464,-0.24423838408681933
-1.081616323264653,3.6325857249366833,0.601928758784439,-0.25381639892085517,-0.24440615429038454
-1.080616123224645,3.6314200861515507,0.602449089152318,-0.2541311141598238,-0.2445737338891555
-1.079615923184637,3.6302546845871504,0.6029693131865851,-0.2544459269444438,-0.24474112276103588
-1.078615723144629,3.629089520854423,0.6034894305193661,-0.25476083712307585,-0.244908320783693
-1.077615523104621,3.627924595565939,0.6040094407818064,-0.25507584454362564,-0.2450753278345569
-1.076615323064613,3.626759909335897,0.6045293436040743,-0.25539094905354215,-0.2452421437908185
-1.075615123024605,3.6255954627801192,0.6050491386153624,-0.2557061504998163,-0.24540876852942892
-1.074614922984597,3.624431256516047,0.605568825443889,-0.2560214487289782,-0.24557520192709767
-1.073614722944589,3.6232672911627355,0.6060884037169015,-0.2563368435870955,-0.24574144386029179
-1.072614522904581,3.62210356734085,0.606607873060678,-0.25665233491977224,-0.24590749420523483
-1.071614322864573,3.62094008567266,0.6071272331005297,-0.2569679225721462,-0.2460733528379055
-1.070614122824565,3.619776846782034,0.6076464834608039,-0.2572836063888875,-0.2462390196340364
-1.069613922784557,3.618613851294436,0.6081656237648854,-0.25759938621419604,-0.2464044944691132
-1.068613722744549,3.6174510998369187,0.6086846536352003,-0.2579152618918012,-0.24656977721837364
-1.067613522704541,3.6162885930381186,0.6092035726932176,-0.25823123326495856,-0.24673486775680656
-1.066613322664533,3.61512633152825,0.6097223805594526,-0.25854730017644867,-0.24689976595915084
-1.065613122624525,3.6139643159390995,0.6102410768534695,-0.25886346246857533,-0.24706447169989423
-1.064612922584517,3.6128025469040206,0.6107596611938841,-0.25917971998316386,-0.24722898485327313
-1.063612722544509,3.611641025057928,0.6112781331983665,-0.25949607256155927,-0.24739330529327108
-1.062612522504501,3.6104797510372895,0.6117964924836451,-0.25981252004462463,-0.24755743289361837
-1.0616123224644929,3.609318725480124,0.6123147386655076,-0.26012906227273913,-0.2477213675277912
-1.0606121224244849,3.60815794902599,0.6128328713588058,-0.26044569908579634,-0.24788510906901046
-1.0596119223844769,3.6069974223159833,0.6133508901774593,-0.26076243032320284,-0.24804865739024157
-1.0586117223444689,3.605837145992728,0.6138687947344561,-0.26107925582387653,-0.2482120123641939
-1.0576115223044609,3.6046771207003707,0.6143865846418581,-0.26139617542624466,-0.24837517386331975
-1.0566113222644529,3.603517347084575,0.6149042595108042,-0.2617131889682423,-0.24853814175981373
-1.0556111222244449,3.602357825792512,0.6154218189515122,-0.26203029628731106,-0.24870091592561253
-1.0546109221844369,3.6011985574728564,0.6159392625732844,-0.26234749722039674,-0.24886349623239448
-1.0536107221444289,3.600039542775776,0.616456589984509,-0.2626647916039488,-0.24902588255157868
-1.0526105221044209,3.598880782352928,0.6169738007926652,-0.2629821792739173,-0.2491880747543247
-1.0516103220644129,3.597722276857449,0.6174908946043258,-0.26329966006575306,-0.24935007271153217
-1.0506101220244048,3.596564026943949,0.6180078710251616,-0.2636172338144047,-0.24951187629384075
-1.0496099219843968,3.5954060332685036,0.6185247296599442,-0.26393490035431777,-0.24967348537162898
-1.0486097219443888,3.594248296488646,0.6190414701125505,-0.2642526595194332,-0.24983489981501525
-1.0476095219043808,3.5930908172633607,0.6195580919859668,-0.26457051114318575,-0.24999611949385644
-1.0466093218643728,3.5919335962530745,0.6200745948822911,-0.26488845505850245,-0.25015714427774827
-1.0456091218243648,3.5907766341196483,0.6205909784027388,-0.2652064910978012,-0.25031797403602485
-1.0446089217843568,3.5896199315263706,0.6211072421476452,-0.2655246190929892,-0.2504786086377589
-1.0436087217443488,3.5884634891379483,0.6216233857164707,-0.2658428388754621,-0.2506390479517615
-1.0426085217043408,3.5873073076205,0.6221394087078035,-0.2661611502761017,-0.25079929184658184
-1.0416083216643328,3.586151387641547,0.6226553107193642,-0.26647955312527494,-0.2509593401905075
-1.0406081216243248,3.5849957298700033,0.6231710913480114,-0.2667980472528332,-0.2511191928515646
-1.0396079215843168,3.583840334976171,0.6236867501897426,-0.2671166324881099,-0.25127884969751746
-1.0386077215443088,3.582685203631729,0.624202286839701,-0.2674353086599196,-0.25143831059586885
-1.0376075215043008,3.581530336509726,0.6247177008921787,-0.2677540755965573,-0.2515975754138604
-1.0366073214642928,3.580375734284572,0.6252329919406213,-0.2680729331257957,-0.2517566440184726
-1.0356071214242848,3.5792213976320295,0.6257481595776313,-0.26839188107488576,-0.251915516276425
-1.0346069213842768,3.5780673272292036,0.6262632033949735,-0.2687109192705539,-0.2520741920541769
-1.0336067213442688,3.5769135237545364,0.6267781229835785,-0.2690300475390016,-0.25223267121792675
-1.0326065213042608,3.5757599878877953,0.6272929179335469,-0.2693492657059041,-0.25239095363361375
-1.0316063212642528,3.5746067203100655,0.627807587834155,-0.2696685735964091,-0.2525490391669174
-1.0306061212242448,3.573453721703743,0.6283221322738568,-0.26998797103513555,-0.25270692768325803
-1.0296059211842368,3.5723009927525227,0.6288365508402908,-0.27030745784617244,-0.25286461904779733
-1.0286057211442288,3.57114853414139,0.6293508431202826,-0.2706270338530783,-0.2530221131254394
-1.0276055211042208,3.569996346556616,0.6298650086998508,-0.27094669887887923,-0.2531794097808304
-1.0266053210642128,3.568844430685743,0.6303790471642099,-0.27126645274606825,-0.2533365088783599
-1.0256051210242048,3.5676927872175788,0.6308929580977759,-0.27158629527660477,-0.25349341028216144
-1.0246049209841968,3.5665414168421883,0.6314067410841695,-0.2719062262919124,-0.25365011385611264
-1.0236047209441888,3.565390320250882,0.6319203957062225,-0.272226245612879,-0.2538066194638366
-1.0226045209041807,3.56423949813621,0.6324339215459803,-0.2725463530598551,-0.2539629269687026
-1.0216043208641727,3.5630889511919506,0.6329473181847076,-0.2728665484526532,-0.2541190362338262
-1.0206041208241647,3.561938680113102,0.6334605852028924,-0.27318683161054713,-0.2542749471220713
-1.0196039207841567,3.5607886855958757,0.6339737221802493,-0.2735072023522703,-0.2544306594960497
-1.0186037207441487,3.5596389683376835,0.6344867286957266,-0.27382766049601537,-0.25458617321812316
-1.0176035207041407,3.5584895290371326,0.6349996043275086,-0.274148205859434,-0.25474148815040365
-1.0166033206641327,3.5573403683940135,0.6355123486530208,-0.27446883825963464,-0.25489660415475485
-1.0156031206241247,3.5561914871092926,0.6360249612489335,-0.27478955751318274,-0.2550515210927926
-1.0146029205841167,3.555042885885104,0.6365374416911679,-0.27511036343609974,-0.2552062388258866
-1.0136027205441087,3.5538945654247396,0.6370497895548987,-0.2754312558438619,-0.25536075721516116
-1.0126025205041007,3.5527465264326406,0.6375620044145591,-0.2757522345514005,-0.25551507612149654
-1.0116023204640927,3.5515987696143885,0.6380740858438464,-0.27607329937310005,-0.25566919540553007
-1.0106021204240847,3.550451295676696,0.638586033415724,-0.2763944501227984,-0.2558231149276576
-1.0096019203840767,3.5493041053274004,0.6390978467024276,-0.27671568661378554,-0.2559768345480343
-1.0086017203440687,3.548157199275453,0.6396095252754682,-0.2770370086588035,-0.2561303541265766
-1.007601520304061,3.54701057823091,0.640121068705638,-0.27735841607004547,-0.25628367352296316
-1.006601320264053,3.5458642429049276,0.6406324765630128,-0.2776799086591549,-0.25643679259663615
-1.005601120224045,3.544718194009748,0.6411437484169573,-0.2780014862372256,-0.256589711206803
-1.004600920184037,3.543572432258696,0.6416548838361282,-0.27832314861480034,-0.25674242921243756
-1.003600720144029,3.5424269583661676,0.6421658823884804,-0.2786448956018715,-0.256894946472282
-1.002600520104021,3.541281773047624,0.642676743641269,-0.2789667270078798,-0.25704726284484797
-1.001600320064013,3.5401368770195814,0.6431874671610537,-0.2792886426417138,-0.25719937818841854
-1.000600120024005,3.538992270999604,0.6436980525137034,-0.27961064231170984,-0.25735129236104887
-0.9995999199839969,3.537847955706296,0.6442084992644006,-0.2799327258256514,-0.2575030052205695
-0.9985997199439889,3.5367039318592943,0.6447188069776437,-0.28025489299076894,-0.2576545166245866
-0.9975995199039809,3.535560200179258,0.6452289752172522,-0.28057714361373953,-0.25780582643048394
-0.9965993198639729,3.534416761387864,0.6457390035463695,-0.280899477500686,-0.25795693449542506
-0.9955991198239649,3.533273616207799,0.6462488915274679,-0.2812218944571776,-0.2581078406763551
-0.9945989197839569,3.532130765362749,0.6467586387223511,-0.2815443942882289,-0.2582585448300017
-0.9935987197439489,3.5309882095773966,0.6472682446921577,-0.2818669767982998,-0.2584090468128779
-0.9925985197039409,3.5298459495774086,0.647777708997367,-0.28218964179129596,-0.2585593464812835
-0.9915983196639329,3.5287039860894334,0.6482870311977985,-0.28251238907056725,-0.258709443691307
-0.9905981196239249,3.5275623198410915,0.648796210852619,-0.2828352184389089,-0.2588593382988273
-0.9895979195839169,3.526420951560969,0.6493052475203442,-0.2831581296985606,-0.25900903015951626
-0.9885977195439088,3.525279881978612,0.649814140758842,-0.2834811226512067,-0.25915851912883997
-0.9875975195039008,3.524139111824519,0.6503228901253365,-0.2838041970979758,-0.2593078050620613
-0.9865973194638928,3.522998641830134,0.6508314951764097,-0.2841273528394414,-0.25945688781424153
-0.9855971194238848,3.5218584727278417,0.6513399554680057,-0.28445058967562104,-0.2596057672402429
-0.9845969193838768,3.52071860525096,0.6518482705554338,-0.284773907405977,-0.25975444319473007
-0.9835967193438688,3.5195790401337352,0.6523564399933705,-0.28509730582941556,-0.25990291553217293
-0.9825965193038608,3.5184397781113357,0.6528644633358627,-0.2854207847442878,-0.26005118410684797
-0.9815963192638528,3.5173008199198468,0.65337234013633,-0.28574434394838916,-0.26019924877284123
-0.9805961192238448,3.516162166296264,0.6538800699475684,-0.2860679832389597,-0.2603471093840495
-0.9795959191838368,3.5150238179784883,0.654387652321751,-0.28639170241268425,-0.2604947657941838
-0.9785957191438288,3.513885775705323,0.6548950868104327,-0.2867155012656928,-0.26064221785677066
-0.9775955191038208,3.5127480402164655,0.6554023729645497,-0.28703937959355996,-0.26078946542515447
-0.9765953190638128,3.5116106122525057,0.6559095103344245,-0.2873633371913062,-0.26093650835250026
-0.9755951190238048,3.5104734925549197,0.656416498469766,-0.2876873738533968,-0.26108334649179515
-0.9745949189837968,3.509336681866065,0.6569233369196722,-0.28801148937374343,-0.2612299796958516
-0.9735947189437888,3.508200180929179,0.6574300252326324,-0.28833568354570327,-0.2613764078173089
-0.9725945189037808,3.5070639904883727,0.6579365629565281,-0.2886599561620798,-0.2615226307086361
-0.9715943188637728,3.5059281112886262,0.6584429496386358,-0.2889843070151234,-0.2616686482221339
-0.9705941188237648,3.5047925440757894,0.6589491848256276,-0.28930873589653133,-0.2618144602099377
-0.9695939187837568,3.5036572895965743,0.659455268063573,-0.28963324259744827,-0.2619600665240191
-0.9685937187437488,3.5025223485985544,0.6599611988979397,-0.28995782690846605,-0.26210546701618875
-0.9675935187037408,3.501387721830162,0.6604669768735959,-0.2902824886196254,-0.26225066153809895
-0.9665933186637328,3.5002534100406835,0.6609726015348103,-0.29060722752041546,-0.26239564994124587
-0.9655931186237248,3.4991194139802593,0.6614780724252536,-0.29093204339977374,-0.26254043207697175
-0.9645929185837168,3.4979857343998817,0.6619833890879987,-0.29125693604608793,-0.26268500779646764
-0.9635927185437088,3.4968523720513907,0.6624885510655224,-0.29158190524719513,-0.2628293769507757
-0.9625925185037008,3.495719327687475,0.6629935578997046,-0.2919069507903834,-0.26297353939079193
-0.9615923184636928,3.49458660206167,0.6634984091318298,-0.292232072462392,-0.26311749496726844
-0.9605921184236847,3.493454195928355,0.6640031043025872,-0.2925572700494112,-0.26326124353081515
-0.9595919183836767,3.492322110042756,0.6645076429520707,-0.2928825433370836,-0.2634047849319037
-0.9585917183436687,3.4911903451609394,0.665012024619778,-0.29320789211050513,-0.2635481190208695
-0.9575915183036607,3.4900589020398183,0.6655162488446122,-0.2935333161542246,-0.2636912456479133
-0.9565913182636527,3.4889277814371478,0.6660203151648811,-0.29385881525224505,-0.2638341646631043
-0.9555911182236447,3.487796984111527,0.6665242231182945,-0.2941843891880245,-0.26397687591638286
-0.9545909181836367,3.486666510822399,0.667027972241967,-0.29451003774447565,-0.26411937925756274
-0.9535907181436287,3.4855363623300524,0.667531562072415,-0.2948357607039683,-0.2642616745363336
-0.9525905181036207,3.484406539395621,0.668034992145557,-0.2951615578483281,-0.2644037616022631
-0.9515903180636127,3.483277042781087,0.6685382619967115,-0.29548742895883884,-0.2645456403048001
-0.9505901180236047,3.4821478732492803,0.6690413711605969,-0.29581337381624245,-0.26468731049327665
-0.9495899179835967,3.481019031563884,0.6695443191713294,-0.29613939220073987,-0.2648287720169105
-0.9485897179435887,3.4798905184894307,0.6700471055624218,-0.2964654838919921,-0.2649700247248076
-0.9475895179035807,3.4787623347913113,0.6705497298667822,-0.2967916486691207,-0.26511106846596444
-0.9465893178635727,3.477634481235775,0.6710521916167121,-0.2971178863107083,-0.26525190308927055
-0.9455891178235647,3.4765069585899306,0.6715544903439038,-0.2974441965948003,-0.265392528443511
-0.9445889177835567,3.4753797676217544,0.6720566255794387,-0.29777057929890527,-0.2655329443773691
-0.9435887177435487,3.474252909100088,0.6725585968537854,-0.2980970341999953,-0.2656731507394278
-0.9425885177035407,3.4731263837946487,0.6730604036967966,-0.29842356107450774,-0.26581314737817335
-0.9415883176635327,3.472000192476029,0.6735620456377065,-0.2987501596983452,-0.2659529341419965
-0.9405881176235247,3.470874335915703,0.6740635222051293,-0.2990768298468777,-0.26609251087919594
-0.9395879175835167,3.4697488148860316,0.6745648329270547,-0.299403571294942,-0.2662318774379795
-0.9385877175435087,3.4686236301602666,0.6750659773308453,-0.299730383816844,-0.2663710336664676
-0.9375875175035007,3.4674987825125574,0.6755669549432336,-0.3000572671863583,-0.26650997941269483
-0.9365873174634927,3.4663742727179567,0.6760677652903182,-0.3003842211767298,-0.266648714524612
-0.9355871174234847,3.4652501015524257,0.6765684078975607,-0.3007112455606756,-0.26678723885008954
-0.9345869173834767,3.464126269792842,0.6770688822897812,-0.30103834011038405,-0.2669255522369187
-0.9335867173434687,3.4630027782170063,0.677569187991155,-0.30136550459751693,-0.2670636545328136
-0.9325865173034606,3.461879627603647,0.6780693245252081,-0.30169273879321024,-0.26720154558541465
-0.9315863172634526,3.460756818732432,0.678569291414813,-0.302020042468075,-0.26733922524228915
-0.9305861172234446,3.4596343523839725,0.6790690881821845,-0.3023474153921985,-0.26747669335093477
-0.9295859171834366,3.458512229339834,0.6795687143488741,-0.3026748573351449,-0.26761394975878106
-0.9285857171434286,3.4573904503825434,0.6800681694357669,-0.3030023680659565,-0.26775099431319105
-0.9275855171034206,3.4562690162955967,0.6805674529630745,-0.3033299473531547,-0.26788782686146434
-0.9265853170634126,3.455147927863471,0.6810665644503314,-0.303657594964741,-0.2680244472508379
-0.9255851170234046,3.4540271858716327,0.6815655034163893,-0.30398531066819795,-0.26816085532848954
-0.9245849169833966,3.4529067911065443,0.6820642693794117,-0.3043130942304899,-0.26829705094153805
-0.9235847169433886,3.45178674435568,0.6825628618568668,-0.3046409454180649,-0.2684330339370467
-0.9225845169033806,3.4506670464075317,0.6830612803655233,-0.30496886399685447,-0.2685688041620242
-0.9215843168633726,3.4495476980516218,0.6835595244214441,-0.3052968497322756,-0.2687043614634265
-0.9205841168233646,3.4484287000785137,0.684057593539979,-0.30562490238923146,-0.2688397056881595
-0.9195839167833566,3.447310053279824,0.6845554872357603,-0.305953021732112,-0.26897483668307964
-0.9185837167433486,3.4461917584482324,0.6850532050226932,-0.30628120752479576,-0.26910975429499623
-0.9175835167033406,3.4450738163774965,0.6855507464139523,-0.30660945953064994,-0.2692444583706731
-0.9165833166633326,3.443956227862462,0.6860481109219724,-0.30693777751253226,-0.26937894875682994
-0.9155831166233246,3.442838993699076,0.6865452980584414,-0.30726616123279166,-0.2695132253001443
-0.9145829165833166,3.441722114684401,0.6870423073342952,-0.3075946104532689,-0.2696472878472526
-0.9135827165433086,3.4406055916166274,0.6875391382597075,-0.30792312493529783,-0.269781136244752
-0.9125825165033006,3.439489425295088,0.6880357903440836,-0.3082517044397067,-0.2699147703392016
-0.9115823164632926,3.4383736165202703,0.6885322630960529,-0.3085803487268186,-0.2700481899771241
-0.9105821164232846,3.4372581660938337,0.6890285560234592,-0.3089090575564531,-0.270181395005007
-0.9095819163832766,3.4361430748186232,0.6895246686333545,-0.3092378306879263,-0.27031438526930335
-0.9085817163432686,3.4350283434986824,0.6900206004319892,-0.3095666678800527,-0.27044716061643415
-0.9075815163032606,3.433913972939272,0.6905163509248047,-0.3098955688911454,-0.2705797208927885
-0.9065813162632526,3.4327999639468834,0.6910119196164229,-0.3102245334790172,-0.27071206594472486
-0.9055811162232446,3.4316863173292553,0.6915073060106398,-0.31055356140098234,-0.27084419561857287
-0.9045809161832365,3.4305730338953917,0.6920025096104145,-0.31088265241385626,-0.2709761097606335
-0.9035807161432285,3.429460114455576,0.6924975299178608,-0.3112118062739575,-0.27110780821718017
-0.9025805161032205,3.4283475598213893,0.6929923664342371,-0.3115410227371071,-0.27123929083445997
-0.9015803160632125,3.427235370805729,0.6934870186599381,-0.3118703015586315,-0.2713705574586942
-0.9005801160232045,3.4261235482228236,0.6939814860944833,-0.31219964249336196,-0.2715016079360795
-0.8995799159831965,3.4250120928882533,0.6944757682365088,-0.31252904529563574,-0.27163244211278814
-0.8985797159431885,3.423901005618967,0.6949698645837561,-0.3128585097192969,-0.27176305983496857
-0.8975795159031805,3.422790287233301,0.6954637746330622,-0.31318803551769786,-0.2718934609487466
-0.8965793158631725,3.421679938550999,0.6959574978803492,-0.3135176224436987,-0.2720236453002256
-0.8955791158231645,3.420569960393229,0.6964510338206135,-0.31384727024966924,-0.27215361273548655
-0.8945789157831565,3.419460353582606,0.6969443819479156,-0.31417697868748945,-0.27228336310058937
-0.8935787157431485,3.418351118943209,0.6974375417553679,-0.31450674750854984,-0.2724128962415722
-0.8925785157031405,3.417242257300604,0.6979305127351259,-0.31483657646375285,-0.2725422120044524
-0.8915783156631325,3.41613376948186,0.6984232943783741,-0.3151664653035124,-0.2726713102352263
-0.8905781156231245,3.415025656315576,0.6989158861753169,-0.31549641377775584,-0.2728001907798694
-0.8895779155831165,3.413917918631897,0.699408287615166,-0.3158264216359239,-0.27292885348433693
-0.8885777155431085,3.4128105572625365,0.6999004981861287,-0.31615648862697177,-0.273057298194563
-0.8875775155031005,3.4117035730408007,0.700392517375396,-0.31648661449936916,-0.27318552475646074
-0.8865773154630925,3.4105969668016067,0.7008843446691312,-0.3168167990011012,-0.2733135330159227
-0.8855771154230845,3.4094907393815075,0.7013759795524567,-0.3171470418796693,-0.27344132281882005
-0.8845769153830765,3.408384891618714,0.701867421509442,-0.3174773428820906,-0.273568894011002
-0.8835767153430685,3.4072794243531157,0.7023586700230928,-0.3178077017549002,-0.27369624643829626
-0.8825765153030605,3.406174338426308,0.7028497245753347,-0.3181381182441499,-0.27382337994650763
-0.8815763152630525,3.405069634681611,0.7033405846470046,-0.31846859209540995,-0.2739502943814184
-0.8805761152230445,3.403965313964096,0.7038312497178346,-0.3187991230537688,-0.27407698958878685
-0.8795759151830365,3.402861377120609,0.7043217192664399,-0.3191297108638334,-0.27420346541434687
-0.8785757151430285,3.401757824999795,0.7048119927703066,-0.3194603552697301,-0.2743297217038074
-0.8775755151030205,3.4006546584521207,0.7053020697057767,-0.3197910560151049,-0.27445575830285174
-0.8765753150630125,3.3995518783299015,0.7057919495480361,-0.32012181284312313,-0.2745815750571352
-0.8755751150230044,3.398449485487325,0.7062816317710989,-0.3204526254964707,-0.27470717181228643
-0.8745749149829964,3.3973474807804775,0.7067711158477963,-0.32078349371735376,-0.27483254841390425
-0.8735747149429884,3.3962458650673684,0.7072604012497598,-0.3211144172474986,-0.27495770470755726
-0.8725745149029804,3.395144639207956,0.7077494874474093,-0.3214453958281525,-0.27508264053878273
-0.8715743148629724,3.3940438040641747,0.7082383739099379,-0.3217764292000835,-0.27520735575308497
-0.8705741148229644,3.39294336049996,0.7087270601052983,-0.32210751710358093,-0.27533185019593426
-0.8695739147829564,3.3918433093812754,0.7092155455001874,-0.3224386592784548,-0.27545612371276484
-0.8685737147429484,3.3907436515761393,0.7097038295600313,-0.3227698554640363,-0.27558017614897345
-0.8675735147029404,3.3896443879546525,0.7101919117489726,-0.323101105399178,-0.27570400734991796
-0.8665733146629324,3.3885455193890235,0.7106797915298537,-0.3234324088222531,-0.2758276171609153
-0.8655731146229244,3.3874470467535978,0.7111674683642023,-0.3237637654711562,-0.27595100542723966
-0.8645729145829164,3.386348970924884,0.7116549417122175,-0.32409517508330304,-0.27607417199412093
-0.8635727145429084,3.3852512927815845,0.7121422110327521,-0.3244266373956291,-0.2761971167067415
-0.8625725145029004,3.3841540132046206,0.7126292757832996,-0.3247581521445918,-0.27631983941023613
-0.8615723144628924,3.383057133077162,0.7131161354199774,-0.3250897190661679,-0.2764423399496876
-0.8605721144228844,3.381960653284656,0.7136027893975121,-0.32542133789585476,-0.276564618170126
-0.8595719143828764,3.380864574714854,0.7140892371692227,-0.32575300836866955,-0.27668667391652585
-0.8585717143428684,3.379768898257843,0.7145754781870072,-0.3260847302191488,-0.27680850703380333
-0.8575715143028604,3.378673624806074,0.7150615119013228,-0.32641650318134807,-0.27693011736681383
-0.8565713142628524,3.3775787552543908,0.7155473377611742,-0.32674832698884193,-0.2770515047603502
-0.8555711142228444,3.376484290500059,0.7160329552140935,-0.3270802013747229,-0.2771726690591386
-0.8545709141828364,3.3753902314427986,0.7165183637061278,-0.3274121260716012,-0.27729361010783693
-0.8535707141428284,3.374296578984809,0.7170035626818195,-0.3277441008116046,-0.27741432775103136
-0.8525705141028204,3.373203334030805,0.7174885515841924,-0.32807612532637703,-0.2775348218332334
-0.8515703140628124,3.3721104974880416,0.7179733298547342,-0.3284081993470788,-0.27765509219887674
-0.8505701140228044,3.3710180702663486,0.7184578969333788,-0.3287403226043851,-0.27777513869231424
-0.8495699139827964,3.3699260532781583,0.7189422522584923,-0.32907249482848605,-0.2778949611578152
-0.8485697139427884,3.3688344474385397,0.7194263952668536,-0.3294047157490849,-0.27801455943956066
-0.8475695139027803,3.367743253665225,0.7199103253936388,-0.32973698509539895,-0.2781339333816415
-0.8465693138627723,3.366652472878645,0.7203940420724044,-0.33006930259615636,-0.278253082828054
-0.8455691138227643,3.3655621060019567,0.7208775447350692,-0.33040166797959764,-0.2783720076226966
-0.8445689137827563,3.3644721539610787,0.7213608328118982,-0.3307340809734732,-0.27849070760936606
-0.8435687137427483,3.3633826176847195,0.7218439057314852,-0.33106654130504254,-0.27860918263175394
-0.8425685137027403,3.362293498104411,0.7223267629207348,-0.3313990487010737,-0.2787274325334425
-0.8415683136627323,3.3612047961545386,0.7228094038048459,-0.3317316028878419,-0.27884545715790093
-0.8405681136227243,3.3601165127723776,0.7232918278072938,-0.33206420359112804,-0.27896325634848085
-0.8395679135827163,3.359028648898119,0.7237740343498128,-0.33239685053621815,-0.279080829948413
-0.8385677135427083,3.357941205474908,0.7242560228523783,-0.33272954344790223,-0.27919817780080225
-0.8375675135027008,3.3568541834488714,0.7247377927331904,-0.33306228205047217,-0.2793152997486241
-0.8365673134626928,3.355767583769154,0.725219343408654,-0.3333950660677212,-0.2794321956347199
-0.8355671134226847,3.3546814073879494,0.7257006742933626,-0.3337278952229419,-0.2795488653017915
-0.8345669133826767,3.3535956552605333,0.7261817848000799,-0.3340607692389252,-0.2796653085923986
-0.8335667133426687,3.352510328345296,0.7266626743397223,-0.3343936878379592,-0.2797815253489527
-0.8325665133026607,3.3514254276037763,0.7271433423213403,-0.33472665074182706,-0.27989751541371266
-0.8315663132626527,3.350340954000694,0.7276237881521007,-0.33505965767180584,-0.2800132786287801
-0.8305661132226447,3.3492569085039845,0.7281040112372689,-0.3353927083486641,-0.2801288148360944
-0.8295659131826367,3.34817329208483,0.7285840109801898,-0.3357258024926618,-0.2802441238774278
-0.8285657131426287,3.3470901057176947,0.7290637867822702,-0.33605893982354684,-0.2803592055943803
-0.8275655131026207,3.346007350380357,0.7295433380429602,-0.33639212006055474,-0.28047405982837437
-0.8265653130626127,3.344925027053946,0.7300226641597358,-0.3367253429224057,-0.28058868642065
-0.8255651130226047,3.343843136722972,0.730501764528079,-0.33705860812730365,-0.28070308521225923
-0.8245649129825967,3.3427616803753626,0.7309806385414609,-0.3373919153929336,-0.28081725604406077
-0.8235647129425887,3.3416806590024954,0.7314592855913216,-0.33772526443646045,-0.2809311987567147
-0.8225645129025807,3.3406000735992323,0.7319377050670535,-0.3380586549745264,-0.2810449131906765
-0.8215643128625727,3.339519925163954,0.7324158963559813,-0.33839208672324883,-0.281158399186192
-0.8205641128225647,3.3384402146985948,0.7328938588433437,-0.33872555939821863,-0.28127165658329095
-0.8195639127825567,3.3373609432086755,0.7333715919122757,-0.33905907271449826,-0.2813846852217823
-0.8185637127425487,3.3362821117033388,0.7338490949437886,-0.3393926263866186,-0.28149748494124704
-0.8175635127025407,3.3352037211953833,0.7343263673167515,-0.3397262201285774,-0.2816100555810332
-0.8165633126625327,3.3341257727012983,0.7348034084078735,-0.3400598536538368,-0.2817223969802494
-0.8155631126225247,3.3330482672412978,0.7352802175916846,-0.34039352667532125,-0.28183450897775914
-0.8145629125825167,3.331971205839355,0.735756794240515,-0.34072723890541473,-0.2819463914121738
-0.8135627125425087,3.330894589523239,0.7362331377244798,-0.34106099005595836,-0.28205804412184726
-0.8125625125025007,3.329818419324546,0.7367092474114568,-0.3413947798382482,-0.2821694669448692
-0.8115623124624927,3.3287426962787374,0.7371851226670689,-0.3417286079630322,-0.2822806597190586
-0.8105621124224847,3.327667421425173,0.7376607628546662,-0.34206247414050817,-0.28239162228195736
-0.8095619123824767,3.3265925958071456,0.7381361673353061,-0.34239637808032086,-0.2825023544708239
-0.8085617123424687,3.325518220471917,0.7386113354677323,-0.3427303194915593,-0.28261285612262643
-0.8075615123024606,3.3244442964707526,0.7390862666083597,-0.343064298082754,-0.282723127074036
-0.8065613122624526,3.3233708248589555,0.7395609601112524,-0.34339831356187384,-0.2828331671614197
-0.8055611122224446,3.3222978066959024,0.7400354153281059,-0.34373236563632387,-0.2829429762208343
-0.8045609121824366,3.321225243045079,0.7405096316082284,-0.3440664540129424,-0.28305255408801927
-0.8035607121424286,3.320153134974114,0.7409836082985198,-0.34440057839799754,-0.28316190059838914
-0.8025605121024206,3.3190814835548155,0.7414573447434549,-0.3447347384971843,-0.28327101558702705
-0.8015603120624126,3.3180102898632047,0.7419308402850637,-0.3450689340156222,-0.2833798988886779
-0.8005601120224046,3.316939554979552,0.7424040942629104,-0.34540316465785154,-0.28348855033773984
-0.7995599119823966,3.3158692799884126,0.7428771060140776,-0.3457374301278306,-0.28359696976825893
-0.7985597119423886,3.31479946597866,0.7433498748731436,-0.34607173012893183,-0.2837051570139196
-0.7975595119023806,3.3137301140435222,0.7438224001721662,-0.3464060643639393,-0.2838131119080392
-0.7965593118623726,3.312661225280618,0.7442946812406617,-0.3467404325350459,-0.2839208342835597
-0.7955591118223646,3.311592800791991,0.7447667174055871,-0.3470748343438483,-0.2840283239730399
-0.7945589117823566,3.3105248416841446,0.7452385079913192,-0.3474092694913458,-0.28413558080864876
-0.7935587117423486,3.3094573490680776,0.7457100523196372,-0.34774373767793504,-0.2842426046221565
-0.7925585117023406,3.30839032405932,0.7461813497097025,-0.34807823860340764,-0.2843493952449281
-0.7915583116623326,3.307323767777967,0.7466523994780397,-0.3484127719669461,-0.2844559525079146
-0.7905581116223246,3.3062576813487166,0.7471232009385181,-0.34874733746712094,-0.2845622762416461
-0.7895579115823166,3.305192065900901,0.7475937534023313,-0.349081934801886,-0.28466836627622316
-0.7885577115423086,3.3041269225685257,0.7480640561779792,-0.349416563668576,-0.284774222441309
-0.7875575115023006,3.303062252490302,0.7485341085712485,-0.34975122376390244,-0.28487984456612225
-0.7865573114622926,3.301998056809685,0.7490039098851923,-0.350085914783949,-0.2849852324794273
-0.7855571114222846,3.300934336674905,0.7494734594201139,-0.3504206364241696,-0.2850903860095283
-0.7845569113822766,3.2998710932390054,0.7499427564735447,-0.350755388379383,-0.2851953049842589
-0.7835567113422686,3.298808327659878,0.7504118003402258,-0.35109017034376927,-0.2852999892309756
-0.7825565113022606,3.297746041100296,0.7508805903120905,-0.3514249820108663,-0.2854044385765487
-0.7815563112622526,3.2966842347279512,0.7513491256782435,-0.3517598230735654,-0.2855086528473535
-0.7805561112222446,3.295622909715488,0.7518174057249425,-0.3520946932241081,-0.2856126318692637
-0.7795559111822365,3.2945620672405393,0.7522854297355779,-0.35242959215408104,-0.2857163754676409
-0.7785557111422285,3.29350170848576,0.7527531969906566,-0.35276451955441235,-0.2858198834673273
-0.7775555111022205,3.292441834638863,0.7532207067677801,-0.3530994751153675,-0.2859231556926366
-0.7765553110622125,3.291382446892655,0.7536879583416269,-0.35343445852654587,-0.2860261919673464
-0.7755551110222045,3.2903235464450695,0.7541549509839328,-0.35376946947687526,-0.2861289921146881
-0.7745549109821965,3.289265134499203,0.7546216839634724,-0.3541045076546084,-0.2862315559573396
-0.7735547109421885,3.2882072122633503,0.75508815654604,-0.3544395727473187,-0.28633388331741577
-0.7725545109021805,3.2871497809510366,0.7555543679944317,-0.3547746644418956,-0.2864359740164597
-0.7715543108621725,3.286092841781055,0.7560203175684237,-0.3551097824245403,-0.28653782787543436
-0.7705541108221645,3.2850363959775013,0.7564860045247567,-0.3554449263807617,-0.2866394447147134
-0.7695539107821565,3.283980444769807,0.7569514281171145,-0.3557800959953714,-0.2867408243540722
-0.7685537107421485,3.282924989392773,0.7574165875961062,-0.35611529095247935,-0.28684196661267936
-0.7675535107021405,3.2818700310866085,0.7578814822092482,-0.3564505109354896,-0.28694287130908713
-0.7665533106621325,3.2808155710969604,0.7583461112009453,-0.3567857556270956,-0.2870435382612229
-0.7655531106221245,3.2797616106749508,0.7588104738124687,-0.3571210247092752,-0.28714396728638003
-0.7645529105821165,3.27870815107721,0.7592745692819419,-0.3574563178632869,-0.28724415820120847
-0.7635527105421085,3.2776551935659115,0.7597383968443198,-0.35779163476966414,-0.28734411082170586
-0.7625525105021005,3.2766027394088066,0.7602019557313704,-0.3581269751082117,-0.2874438249632088
-0.7615523104620925,3.2755507898792575,0.760665245171655,-0.3584623385579991,-0.2875433004403825
-0.7605521104220845,3.274499346256272,0.7611282643905112,-0.35879772479735816,-0.2876425370672128
-0.7595519103820765,3.273448409824536,0.761591012610035,-0.35913313350387605,-0.2877415346569961
-0.7585517103420685,3.2723979818744513,0.7620534890490598,-0.3594685643543921,-0.2878402930223305
-0.7575515103020605,3.2713480637021646,0.7625156929231397,-0.3598040170249919,-0.2879388119751063
-0.7565513102620525,3.270298656609605,0.7629776234445313,-0.3601394911910024,-0.28803709132649635
-0.7555511102220445,3.2692497619045158,0.763439279822175,-0.3604749865269872,-0.2881351308869475
-0.7545509101820365,3.268201380900489,0.7639006612616749,-0.36081050270674103,-0.28823293046616977
-0.7535507101420285,3.267153514916997,0.7643617669652837,-0.361146039403286,-0.28833048987312876
-0.7525505101020205,3.2661061652794294,0.7648225961318825,-0.3614815962888647,-0.2884278089160346
-0.7515503100620124,3.2650593333191225,0.7652831479569633,-0.36181717303493666,-0.28852488740233323
-0.7505501100220044,3.2640130203733952,0.7657434216326102,-0.36215276931217205,-0.2886217251386967
-0.7495499099819964,3.2629672277855812,0.7662034163474822,-0.36248838479044704,-0.2887183219310136
-0.7485497099419884,3.261921956905062,0.7666631312867945,-0.36282401913883877,-0.2888146775843796
-0.7475495099019804,3.2608772090873006,0.7671225656323012,-0.363159672025619,-0.2889107919030875
-0.7465493098619724,3.259832985693873,0.7675817185622765,-0.36349534311825027,-0.2890066646906182
-0.7455491098219644,3.2587892880925016,0.7680405892514992,-0.3638310320833796,-0.28910229574963076
-0.7445489097819564,3.2577461176570877,0.7684991768712309,-0.36416673858683357,-0.28919768488195263
-0.7435487097419484,3.256703475767744,0.7689574805892018,-0.3645024622936124,-0.2892928318885699
-0.7425485097019404,3.255661363810828,0.7694154995695919,-0.3648382028678853,-0.28938773656961814
-0.7415483096619324,3.254619783178972,0.7698732329730124,-0.3651739599729841,-0.28948239872437215
-0.7405481096219244,3.2535787352711156,0.7703306799564908,-0.36550973327139885,-0.2895768181512368
-0.7395479095819164,3.252538221492541,0.7707878396734503,-0.36584552242477064,-0.28967099464773655
-0.7385477095419084,3.251498243254901,0.7712447112736949,-0.36618132709388806,-0.2897649280105063
-0.7375475095019004,3.2504588019762517,0.7717012939033907,-0.36651714693867987,-0.2898586180352814
-0.7365473094618924,3.249419899081086,0.7721575867050492,-0.36685298161821067,-0.2899520645168878
-0.7355471094218844,3.248381536000362,0.7726135888175099,-0.367188830790674,-0.2900452672492325
-0.7345469093818764,3.247343714171536,0.7730692993759246,-0.36752469411338834,-0.2901382260252938
-0.7335467093418684,3.2463064350385946,0.7735247175117372,-0.36786057124278915,-0.2902309406371107
-0.7325465093018604,3.245269700052083,0.7739798423526713,-0.3681964618344251,-0.29032341087577435
-0.7315463092618524,3.2442335106691393,0.7744346730227084,-0.3685323655429512,-0.2904156365314173
-0.7305461092218444,3.243197868353522,0.7748892086420751,-0.3688682820221237,-0.29050761739320397
-0.7295459091818364,3.242162774575642,0.7753434483272251,-0.3692042109247931,-0.2905993532493207
-0.7285457091418284,3.2411282308125933,0.7757973911908221,-0.3695401519028999,-0.29069084388696637
-0.7275455091018204,3.2400942385481826,0.776251036341723,-0.3698761046074673,-0.29078208909234166
-0.7265453090618124,3.23906079927296,0.7767043828849641,-0.3702120686885959,-0.29087308865064015
-0.7255451090218044,3.2380279144842476,0.777157429921742,-0.3705480437954579,-0.2909638423460381
-0.7245449089817964,3.2369955856861705,0.7776101765493981,-0.3708840295762906,-0.29105434996168433
-0.7235447089417884,3.235963814389685,0.7780626218614033,-0.37122002567839024,-0.2911446112796904
-0.7225445089017803,3.234932602112609,0.7785147649473417,-0.3715560317481072,-0.2912346260811216
-0.7215443088617723,3.233901950379651,0.7789666048928946,-0.3718920474308384,-0.29132439414598593
-0.7205441088217643,3.232871860722439,0.7794181407798244,-0.37222807237102223,-0.2914139152532253
-0.7195439087817563,3.2318423346795493,0.7798693716859586,-0.3725641062121321,-0.29150318918070467
-0.7185437087417483,3.230813373796533,0.7803202966851769,-0.37290014859667003,-0.29159221570520316
-0.7175435087017403,3.2297849796259483,0.7807709148473918,-0.3732361991661604,-0.2916809946024035
-0.7165433086617323,3.2287571537273854,0.7812212252385359,-0.3735722575611443,-0.2917695256468828
-0.7155431086217243,3.2277298976674946,0.7816712269205469,-0.37390832342117325,-0.29185780861210225
-0.7145429085817163,3.226703213020017,0.78212091895135,-0.3742443963848024,-0.29194584327039785
-0.7135427085417083,3.225677101365807,0.7825703003848462,-0.3745804760895844,-0.29203362939296984
-0.7125425085017003,3.2246515642928646,0.7830193702708949,-0.3749165621720634,-0.29212116674987365
-0.7115423084616923,3.223626603396359,0.7834681276553003,-0.3752526542677684,-0.29220845511001
-0.7105421084216843,3.2226022202786564,0.7839165715797968,-0.37558875201120634,-0.29229549424111445
-0.7095419083816763,3.221578416549347,0.7843647010820343,-0.3759248550358574,-0.2923822839097488
-0.7085417083416683,3.2205551938252697,0.7848125151955648,-0.37626096297416683,-0.2924688238812904
-0.7075415083016603,3.219532553730541,0.7852600129498264,-0.37659707545753873,-0.2925551139199228
-0.7065413082616523,3.218510497896577,0.7857071933701318,-0.3769331921163309,-0.2926411537886263
-0.7055411082216443,3.217489027962123,0.7861540554776509,-0.3772693125798468,-0.292726943249168
-0.7045409081816363,3.2164681455732738,0.7866005982894009,-0.37760543647632966,-0.29281248206209204
-0.7035407081416283,3.2154478523835035,0.7870468208182311,-0.3779415634329557,-0.2928977699867103
-0.7025405081016203,3.214428150053688,0.787492722072808,-0.3782776930758281,-0.2929828067810923
-0.7015403080616123,3.2134090402521287,0.7879383010576043,-0.3786138250299697,-0.293067592202056
-0.7005401080216043,3.2123905246545776,0.7883835567728851,-0.3789499589193166,-0.29315212600515833
-0.6995399079815963,3.2113726049442617,0.7888284882146941,-0.3792860943667116,-0.29323640794468525
-0.6985397079415883,3.210355282811905,0.7892730943748427,-0.37962223099389775,-0.2933204377736425
-0.6975395079015803,3.2093385599557522,0.7897173742408953,-0.37995836842151043,-0.2934042152437458
-0.6965393078615723,3.2083224380815927,0.7901613267961577,-0.3802945062690727,-0.29348774010541206
-0.6955391078215643,3.2073069189027814,0.7906049510196657,-0.3806306441549864,-0.2935710121077494
-0.6945389077815562,3.2062920041402623,0.7910482458861716,-0.3809667816965266,-0.2936540309985475
-0.6935387077415482,3.2052776955225895,0.7914912103661337,-0.38130291850983444,-0.29373679652426904
-0.6925385077015402,3.20426399478595,0.7919338434257027,-0.38163905420991,-0.2938193084300396
-0.6915383076615322,3.2032509036741845,0.7923761440267125,-0.3819751884106069,-0.29390156645963916
-0.6905381076215242,3.2022384239388066,0.7928181111266679,-0.3823113207246227,-0.29398357035549166
-0.6895379075815162,3.201226557339026,0.7932597436787323,-0.38264745076349443,-0.294065319858657
-0.6885377075415082,3.2002153056417675,0.7937010406317193,-0.3829835781375906,-0.2941468147088211
-0.6875375075015002,3.1992046706216897,0.7941420009300787,-0.38331970245610403,-0.2942280546442868
-0.6865373074614922,3.1981946540612074,0.7945826235138901,-0.38365582332704606,-0.29430903940196546
-0.6855371074214842,3.197185257750507,0.7950229073188481,-0.38399194035723805,-0.2943897687173668
-0.6845369073814762,3.196176483487567,0.7954628512762567,-0.38432805315230495,-0.29447024232459035
-0.6835367073414682,3.195168333078179,0.7959024543130152,-0.3846641613166683,-0.294550459956317
-0.6825365073014602,3.194160808335961,0.796341715351612,-0.3850002644535398,-0.2946304213437995
-0.6815363072614522,3.193153911082376,0.7967806333101134,-0.3853363621649127,-0.2947101262168532
-0.6805361072214442,3.192147643146751,0.7972192071021538,-0.3856724540515556,-0.29478957430384795
-0.6795359071814362,3.191142006366293,0.7976574356369301,-0.38600853971300525,-0.29486876533169903
-0.6785357071414282,3.190137002586104,0.7980953178191886,-0.38634461874756015,-0.29494769902585866
-0.6775355071014202,3.1891326336591987,0.79853285254922,-0.3866806907522708,-0.29502637511030655
-0.6765353070614122,3.1881289014465177,0.7989700387228491,-0.3870167553229356,-0.2951047933075423
-0.6755351070214042,3.187125807816944,0.7994068752314285,-0.3873528120540915,-0.29518295333857575
-0.6745349069813962,3.1861233546473167,0.7998433609618293,-0.38768886053900786,-0.29526085492291965
-0.6735347069413882,3.1851215438224463,0.8002794947964347,-0.388024900369678,-0.29533849777857984
-0.6725345069013802,3.184120377235126,0.8007152756131318,-0.3883609311368131,-0.29541588162204807
-0.6715343068613722,3.183119856786147,0.801150702285307,-0.38869695242983454,-0.29549300616829305
-0.6705341068213642,3.182119984384309,0.8015857736818375,-0.3890329638368657,-0.2955698711307522
-0.6695339067813562,3.181120761946434,0.8020204886670834,-0.3893689649447253,-0.29564647622132323
-0.6685337067413482,3.180122191397377,0.8024548461008865,-0.3897049553389204,-0.29572282115035675
-0.6675335067013402,3.179124274670037,0.8028888448385596,-0.390040934603638,-0.2957989056266476
-0.6665333066613321,3.1781270137053688,0.803322483730884,-0.3903769023217384,-0.29587472935742676
-0.6655331066213241,3.1771304104523903,0.803755761624103,-0.3907128580747468,-0.29595029204835366
-0.6645329065813161,3.176134466868195,0.804188677359917,-0.39104880144284715,-0.29602559340350826
-0.6635327065413081,3.1751391849179598,0.8046212297754799,-0.3913847320048732,-0.29610063312538326
-0.6625325065013001,3.174144566574952,0.8050534177033944,-0.3917206493383021,-0.29617541091487637
-0.6615323064612921,3.173150613820539,0.8054852399717076,-0.39205655301924563,-0.29624992647128245
-0.6605321064212841,3.172157328644195,0.8059166954039082,-0.3923924426224447,-0.2963241794922868
-0.6595319063812761,3.171164713043508,0.8063477828189223,-0.3927283177212589,-0.2963981696739561
-0.6585317063412681,3.1701727690241848,0.8067785010311109,-0.39306417788766096,-0.2964718967107327
-0.6575315063012601,3.1691814986000573,0.8072088488502673,-0.39340002269222907,-0.29654536029542633
-0.6565313062612521,3.168190903793087,0.8076388250816152,-0.39373585170413794,-0.2966185601192069
-0.6555311062212441,3.1672009866333712,0.8080684285258057,-0.3940716644911523,-0.2966914958715978
-0.6545309061812361,3.1662117491591433,0.8084976579789173,-0.3944074606196183,-0.2967641672404687
-0.6535307061412281,3.1652231934167796,0.8089265122324527,-0.3947432396544565,-0.2968365739120282
-0.6525305061012201,3.164235321460798,0.8093549900733402,-0.39507900115915384,-0.2969087155708175
-0.6515303060612121,3.1632481353538626,0.8097830902839307,-0.3954147446957554,-0.29698059189970305
-0.6505301060212041,3.1622616371667833,0.8102108116420003,-0.395750469824858,-0.2970522025798706
-0.6495299059811961,3.1612758289785163,0.8106381529207481,-0.3960861761056008,-0.29712354729081825
-0.6485297059411881,3.160290712876166,0.8110651128887986,-0.39642186309565847,-0.2971946257103497
-0.6475295059011801,3.1593062909549805,0.811491690310202,-0.3967575303512328,-0.29726543751456846
-0.6465293058611721,3.158322565318353,0.8119178839444349,-0.3970931774270454,-0.2973359823778712
-0.6455291058211641,3.1573395380778186,0.812343692546404,-0.39742880387632945,-0.29740625997294146
-0.6445289057811561,3.15635721135305,0.8127691148664462,-0.39776440925082174,-0.2974762699707443
-0.6435287057411481,3.1553755872718563,0.8131941496503339,-0.3980999931007549,-0.2975460120405193
-0.6425285057011401,3.154394667970176,0.8136187956392743,-0.3984355549748495,-0.29761548584977593
-0.6415283056611321,3.153414455592073,0.8140430515699172,-0.3987710944203063,-0.2976846910642869
-0.640528105621124,3.152434952289732,0.8144669161743546,-0.39910661098279787,-0.2977536273480831
-0.639527905581116,3.1514561602234488,0.8148903881801293,-0.39944210420646037,-0.2978222943634476
-0.638527705541108,3.1504780815616247,0.8153134663102355,-0.39977757363388666,-0.297890691770911
-0.6375275055011,3.149500718480758,0.8157361492831285,-0.40011301880611744,-0.297958819229246
-0.636527305461092,3.148524073165436,0.8161584358127257,-0.40044843926263307,-0.29802667639546176
-0.635527105421084,3.147548147808322,0.8165803246084166,-0.4007838345413462,-0.2980942629247995
-0.634526905381076,3.1465729446101487,0.8170018143750671,-0.40111920417859337,-0.2981615784707278
-0.633526705341068,3.1455984657797034,0.8174229038130268,-0.4014545477091268,-0.2982286226849372
-0.63252650530106,3.1446247135338172,0.8178435916181391,-0.40178986466610606,-0.29829539521733633
-0.631526305261052,3.143651690097352,0.8182638764817448,-0.4021251545810913,-0.29836189571604693
-0.630526105221044,3.142679397703186,0.8186837570906943,-0.40246041698403345,-0.2984281238274001
-0.629525905181036,3.141707838592199,0.8191032321273554,-0.402795651403267,-0.29849407919593185
-0.628525705141028,3.140737015013257,0.8195223002696218,-0.4031308573655017,-0.29855976146437885
-0.62752550510102,3.1397669292231947,0.8199409601909251,-0.4034660343958148,-0.29862517027367547
-0.626525305061012,3.138797583486799,0.8203592105602432,-0.4038011820176423,-0.29869030526294893
-0.625525105021004,3.137828980076791,0.8207770500421125,-0.4041362997527704,-0.29875516606951635
-0.624524904980996,3.136861121273804,0.8211944772966406,-0.4044713871213289,-0.29881975232888175
-0.623524704940988,3.135894009366367,0.8216114909795152,-0.4048064436417812,-0.29888406367473197
-0.62252450490098,3.134927646650881,0.8220280897420191,-0.40514146883091756,-0.298948099738934
-0.621524304860972,3.1339620354315967,0.8224442722310444,-0.40547646220384576,-0.29901186015153225
-0.620524104820964,3.132997178020594,0.8228600370891027,-0.405811423273984,-0.29907534454074564
-0.619523904780956,3.132033076737755,0.8232753829543421,-0.40614635155305073,-0.2991385525329646
-0.618523704740948,3.1310697339107407,0.8236903084605616,-0.4064812465510598,-0.2992014837527497
-0.61752350470094,3.1301071518749657,0.8241048122372255,-0.40681610777630844,-0.2992641378228285
-0.616523304660932,3.1291453329735677,0.8245188929094809,-0.4071509347353714,-0.2993265143640937
-0.615523104620924,3.128184279557385,0.8249325490981718,-0.407485726933092,-0.2993886129956015
-0.614522904580916,3.1272239939849227,0.8253457794198592,-0.40782048387257375,-0.29945043333456933
-0.613522704540908,3.1262644786223244,0.825758582486837,-0.4081552050551726,-0.29951197499637555
-0.6125225045009,3.125305735843342,0.8261709569071496,-0.408489889980488,-0.2995732375945565
-0.611522304460892,3.1243477680293013,0.8265829012846132,-0.40882453814635494,-0.2996342207408068
-0.610522104420884,3.123390577569072,0.8269944142188334,-0.4091591490488365,-0.29969492404497766
-0.6095219043808764,3.1224341668590307,0.8274054943052258,-0.4094937221822138,-0.2997553471150762
-0.6085217043408684,3.1214785383030272,0.8278161401350366,-0.409828257038979,-0.29981548955726484
-0.6075215043008604,3.1205236943123476,0.8282263502953646,-0.41016275310982653,-0.2998753509758613
-0.6065213042608524,3.119569637305675,0.8286361233691835,-0.41049720988364596,-0.2999349309733384
-0.6055211042208444,3.1186163697090548,0.8290454579353628,-0.4108316268475119,-0.2999942291503238
-0.6045209041808364,3.117663893955851,0.8294543525686926,-0.41116600348667687,-0.30005324510560044
-0.6035207041408284,3.116712212486707,0.8298628058399067,-0.41150033928456287,-0.3001119784361074
-0.6025205041008204,3.115761327749505,0.8302708163157083,-0.4118346337227532,-0.3001704287369397
-0.6015203040608124,3.1148112421993197,0.8306783825587946,-0.4121688862809837,-0.3002285956013503
-0.6005201040208044,3.1138619582983766,0.8310855031278828,-0.41250309643713556,-0.30028647862075086
-0.5995199039807964,3.1129134785160057,0.831492176577736,-0.4128372636672254,-0.3003440773847125
-0.5985197039407884,3.111965805328593,0.8318984014591919,-0.4131713874453987,-0.3004013914809682
-0.5975195039007803,3.111018941219535,0.8323041763191896,-0.41350546724392095,-0.3004584204954146
-0.5965193038607723,3.110072888679189,0.832709499700799,-0.4138395025331687,-0.30051516401211315
-0.5955191038207643,3.109127650204821,0.8331143701432505,-0.4141734927816228,-0.3005716216132939
-0.5945189037807563,3.1081832283005575,0.8335187861819635,-0.41450743745585905,-0.300627792879357
-0.5935187037407483,3.107239625477329,0.8339227463485792,-0.41484133602054013,-0.3006836773888752
-0.5925185037007403,3.106296844252818,0.8343262491709909,-0.41517518793840813,-0.30073927471859835
-0.5915183036607323,3.105354887151404,0.8347292931733764,-0.4155089926702761,-0.3007945844434554
-0.5905181036207243,3.1044137567041052,0.8351318768762321,-0.41584274967501944,-0.3008496061365585
-0.5895179035807163,3.103473455448523,0.8355339987964042,-0.4161764584095677,-0.3009043393692063
-0.5885177035407083,3.1025339859287793,0.8359356574471265,-0.41651011832889767,-0.30095878371088897
-0.5875175035007003,3.10159535069546,0.8363368513380527,-0.41684372888602395,-0.3010129387292915
-0.5865173034606923,3.1006575523055506,0.836737578975294,-0.4171772895319916,-0.30106680399029867
-0.5855171034206843,3.099720593322375,0.8371378388614557,-0.417510799715868,-0.30112037905800065
-0.5845169033806763,3.0987844763155277,0.837537629495674,-0.41784425888473464,-0.301173663494697
-0.5835167033406683,3.0978492038608123,0.8379369493736549,-0.418177666483679,-0.3012266568609028
-0.5825165033006603,3.096914778540172,0.8383357969877132,-0.418511021955787,-0.30127935871535416
-0.5815163032606523,3.09598120294162,0.8387341708268125,-0.4188443247421349,-0.30133176861501443
-0.5805161032206443,3.095048479659173,0.8391320693766046,-0.4191775742817811,-0.3013838861150801
-0.5795159031806363,3.0941166112927774,0.8395294911194727,-0.4195107700117584,-0.30143571076898745
-0.5785157031406283,3.0931856004482374,0.8399264345345728,-0.4198439113670665,-0.3014872421284198
-0.5775155031006203,3.0922554497371406,0.8403228980978765,-0.42017699778066364,-0.3015384797433143
-0.5765153030606123,3.091326161776783,0.8407188802822146,-0.42051002868345916,-0.3015894231618696
-0.5755151030206043,3.090397739190094,0.841114379557323,-0.42084300350430504,-0.3016400719305532
-0.5745149029805963,3.089470184605553,0.8415093943898865,-0.4211759216699891,-0.3016904255941102
-0.5735147029405883,3.0885435006571154,0.8419039232435874,-0.4215087826052271,-0.30174048369557144
-0.5725145029005803,3.0876176899841288,0.84229796457915,-0.42184158573265457,-0.3017902457762618
-0.5715143028605723,3.08669275523125,0.8426915168543907,-0.42217433047281927,-0.3018397113758096
-0.5705141028205643,3.0857686990483626,0.8430845785242652,-0.42250701624417447,-0.3018888800321566
-0.5695139027805562,3.0848455240904897,0.8434771480409196,-0.42283964246307026,-0.30193775128156614
-0.5685137027405482,3.0839232330177078,0.8438692238537395,-0.42317220854374715,-0.3019863246586346
-0.5675135027005402,3.0830018284950587,0.8442608044094028,-0.42350471389832695,-0.30203459969630053
-0.5665133026605322,3.0820813131924596,0.8446518881519304,-0.4238371579368077,-0.3020825759258567
-0.5655131026205242,3.0811616897846106,0.845042473522741,-0.42416954006705454,-0.3021302528769598
-0.5645129025805162,3.080242960950903,0.8454325589607038,-0.42450185969479315,-0.3021776300776429
-0.5635127025405082,3.079325129375323,0.8458221429021938,-0.424834116223602,-0.30222470705432614
-0.5625125025005002,3.078408197746359,0.8462112237811473,-0.425166309054906,-0.3022714833318297
-0.5615123024604922,3.0774921687569003,0.8465998000291183,-0.42549843758796846,-0.30231795843338555
-0.5605121024204842,3.0765770451041408,0.8469878700753368,-0.425830501219885,-0.3023641318806509
-0.5595119023804762,3.0756628294894774,0.8473754323467667,-0.42616249934557504,-0.3024100031937204
-0.5585117023404682,3.074749524618407,0.8477624852681653,-0.42649443135777637,-0.3024555718911405
-0.5575115023004602,3.0738371332004246,0.8481490272621424,-0.42682629664703853,-0.30250083748992324
-0.5565113022604522,3.072925657948917,0.8485350567492231,-0.42715809460171345,-0.30254579950555976
-0.5555111022204442,3.072015101581056,0.8489205721479076,-0.42748982460795143,-0.3025904574520357
-0.5545109021804362,3.0711054668176905,0.8493055718747369,-0.4278214860496928,-0.30263481084184585
-0.5535107021404282,3.070196756383236,0.8496900543443539,-0.4281530783086626,-0.30267885918600995
-0.5525105021004202,3.0692889730055635,0.8500740179695696,-0.4284846007643632,-0.3027226019940878
-0.5515103020604122,3.0683821194158853,0.8504574611614286,-0.4288160527940678,-0.30276603877419583
-0.5505101020204042,3.0674761983486425,0.8508403823292753,-0.42914743377281445,-0.3028091690330235
-0.5495099019803962,3.0665712125413864,0.851222779880821,-0.4294787430733992,-0.3028519922758507
-0.5485097019403882,3.0656671647346623,0.851604652222213,-0.4298099800663709,-0.3028945080065642
-0.5475095019003802,3.064764057671888,0.8519859977581041,-0.4301411441200237,-0.30293671572767644
-0.5465093018603722,3.0638618940992344,0.8523668148917221,-0.4304722346003919,-0.3029786149403429
-0.5455091018203642,3.062960676765503,0.8527471020249409,-0.4308032508712441,-0.30302020514438094
-0.5445089017803562,3.0620604084219996,0.8531268575583542,-0.4311341922940769,-0.3030614858382893
-0.5435087017403482,3.06116109182241,0.8535060798913455,-0.4314650582281091,-0.3031024565192665
-0.5425085017003402,3.0602627297226714,0.8538847674221661,-0.43179584803027604,-0.30314311668323124
-0.5415083016603321,3.0593653248808432,0.8542629185480065,-0.43212656105522484,-0.30318346582484323
-0.5405081016203241,3.058468880056977,0.8546405316650744,-0.4324571966553077,-0.3032235034375226
-0.5395079015803161,3.0575733980129844,0.8550176051686702,-0.43278775418057686,-0.30326322901347175
-0.5385077015403081,3.0566788815125,0.855394137453266,-0.4331182329787804,-0.3033026420436974
-0.5375075015003001,3.05578533332075,0.855770126912583,-0.43344863239535514,-0.3033417420180312
-0.5365073014602921,3.0548927562044113,0.8561455719396722,-0.4337789517734235,-0.3033805284251537
-0.5355071014202841,3.054001152931473,0.856520470926995,-0.43410919045378715,-0.3034190007526159
-0.5345069013802761,3.053110526271097,0.8568948222665032,-0.4344393477749231,-0.3034571584868635
-0.5335067013402681,3.0522208789934755,0.8572686243497247,-0.4347694230729786,-0.3034950011132601
-0.5325065013002601,3.0513322138696855,0.8576418755678422,-0.4350994156817666,-0.303532528116112
-0.5315063012602521,3.0504445336715444,0.8580145743117829,-0.4354293249327612,-0.303569738978692
-0.5305061012202441,3.0495578411714632,0.8583867189723,-0.4357591501550938,-0.3036066331832656
-0.5295059011802361,3.0486721391422966,0.8587583079400594,-0.43608889067554774,-0.3036432102111154
-0.5285057011402281,3.047787430357192,0.8591293396057289,-0.4364185458185558,-0.3036794695425687
-0.5275055011002201,3.0469037175894393,0.8594998123600655,-0.4367481149061951,-0.3037154106570223
-0.5265053010602121,3.0460210036123163,0.859869724594003,-0.43707759725818385,-0.30375103303297096
-0.5255051010202041,3.0451392911989315,0.8602390746987442,-0.4374069921918771,-0.30378633614803413
-0.5245049009801961,3.04425858312207,0.8606078610658506,-0.4377362990222642,-0.30382131947898405
-0.5235047009401881,3.043378882154032,0.8609760820873347,-0.4380655170619642,-0.30385598250177415
-0.5225045009001801,3.0425001910664755,0.8613437361557537,-0.43839464562122377,-0.30389032469156807
-0.5215043008601721,3.041622512630251,0.8617108216643004,-0.43872368400791334,-0.30392434552276915
-0.5205041008201641,3.0407458496152406,0.8620773370069028,-0.43905263152752455,-0.30395804446905006
-0.5195039007801561,3.039870204790191,0.8624432805783145,-0.43938148748316774,-0.3039914210033835
-0.5185037007401481,3.0389955809225486,0.862808650774216,-0.4397102511755687,-0.30402447459807286
-0.5175035007001401,3.03812198077829,0.8631734459913076,-0.44003892190306665,-0.30405720472478376
-0.5165033006601321,3.037249407121752,0.863537664627413,-0.44036749896161176,-0.3040896108545757
-0.515503100620124,3.0363778627154603,0.8639013050815735,-0.4406959816447631,-0.30412169245793447
-0.514502900580116,3.0355073503199557,0.8642643657541523,-0.44102436924368676,-0.30415344900480523
-0.513502700540108,3.0346378726936205,0.8646268450469332,-0.44135266104715515,-0.30418487996462606
-0.5125025005001,3.0337694325925018,0.864988741363225,-0.4416808563415423,-0.304215984806361
-0.511502300460092,3.0329020327701333,0.8653500531079614,-0.4420089544108266,-0.30424676299853554
-0.510502100420084,3.032035675977356,0.8657107786878078,-0.4423369545365864,-0.3042772140092709
-0.509501900380076,3.0311703649621378,0.8660709165112639,-0.4426648559980006,-0.30430733730631937
-0.508501700340068,3.0303061024693885,0.8664304649887716,-0.4429926580718476,-0.304337132357101
-0.50750150030006,3.029442891240781,0.8667894225328189,-0.44332036003250336,-0.30436659862873877
-0.506501300260052,3.0285807340145605,0.8671477875580504,-0.4436479611519437,-0.3043957355880969
-0.505501100220044,3.027719633525359,0.8675055584813728,-0.44397546069974125,-0.3044245427018176
-0.504500900180036,3.026859592504009,0.8678627337220652,-0.44430285794306684,-0.30445301943635916
-0.503500700140028,3.0260006136773496,0.8682193117018898,-0.4446301521466897,-0.30448116525803487
-0.50250050010002,3.025142699768037,0.8685752908452018,-0.44495734257297753,-0.30450897963305135
-0.501500300060012,3.024285853494353,0.8689306695790615,-0.44528442848189703,-0.3045364620275492
-0.500500100020004,3.0234300775700076,0.8692854463333469,-0.4456114091310148,-0.30456361190764203
-0.499499899979996,3.0225753747039446,0.8696396195408672,-0.4459382837754992,-0.30459042873945813
-0.498499699939988,3.021721747600145,0.8699931876374765,-0.4462650516681199,-0.30461691198918067
-0.49749949989998,3.0208691989574246,0.8703461490621887,-0.4465917120592513,-0.30464306112309014
-0.496499299859972,3.0200177314692396,0.8706985022572954,-0.44691826419687314,-0.3046688756076067
-0.495499099819964,3.01916734782348,0.8710502456684794,-0.4472447073265722,-0.3046943549093318
-0.494498899779956,3.0183180507022693,0.8714013777449339,-0.44757104069154535,-0.30471949849509294
-0.493498699739948,3.017469842781759,0.8717518969394812,-0.4478972635326028,-0.30474430583198725
-0.49249849969994,3.0166227267319234,0.8721018017086901,-0.4482233750881675,-0.30476877638742456
-0.49149829965993197,3.0157767052163535,0.8724510905129964,-0.4485493745942823,-0.3047929096291742
-0.49049809961992397,3.0149317808920464,0.8727997618168242,-0.4488752612846099,-0.3048167050254091
-0.48949789957991596,3.0140879564091985,0.8731478140887056,-0.449201034390438,-0.30484016204475234
-0.48849769953990796,3.0132452344109923,0.8734952458014038,-0.4495266931406828,-0.3048632801563237
-0.48749749949989996,3.0124036175333857,0.8738420554320349,-0.44985223676189245,-0.3048860588297868
-0.48649729945989195,3.0115631084048986,0.874188241462192,-0.4501776644782518,-0.304908497535396
-0.48549709941988395,3.010723709646397,0.8745338023780697,-0.45050297551158675,-0.30493059574404585
-0.48449689937987594,3.0098854238708785,0.8748787366705868,-0.4508281690813691,-0.3049523529273182
-0.48349669933986794,3.0090482536832557,0.8752230428355132,-0.4511532444047214,-0.30497376855753283
-0.48249649929985994,3.008212201680137,0.8755667193735976,-0.45147820069642286,-0.30499484210779637
-0.48149629925985193,3.0073772704496067,0.8759097647906909,-0.4518030371689145,-0.3050155730520529
-0.48049609921984393,3.0065434625710075,0.8762521775978752,-0.45212775303230524,-0.3050359608651347
-0.4794958991798359,3.005710780614716,0.8765939563115924,-0.452452347494378,-0.3050560050228134
-0.4784956991398279,3.0048792271419207,0.8769350994537725,-0.45277681976059675,-0.3050757050018524
-0.4774954990998199,3.0040488047044005,0.8772756055519618,-0.4531011690341125,-0.3050950602800589
-0.4764952990598119,3.0032195158442976,0.8776154731394528,-0.45342539451577135,-0.30511407033633664
-0.4754950990198039,3.0023913630938925,0.8779547007554169,-0.4537494954041212,-0.30513273465074
-0.4744948989797959,3.00156434897538,0.8782932869450317,-0.4540734708954197,-0.30515105270452736
-0.4734946989397879,3.000738476000636,0.8786312302596151,-0.4543973201836426,-0.30516902398021617
-0.4724944988997799,2.999913746670995,0.8789685292567572,-0.4547210424604918,-0.3051866479616376
-0.4714942988597719,2.999090163477018,0.8793051825004504,-0.4550446369154043,-0.3052039241339925
-0.4704940988197639,2.9982677288982607,0.8796411885612252,-0.4553681027355613,-0.30522085198390725
-0.4694938987797559,2.997446445403045,0.8799765460162815,-0.45569143910589655,-0.3052374309994902
-0.4684936987397479,2.996626315448227,0.8803112534496245,-0.4560146452091076,-0.3052536606703891
-0.4674934986997399,2.9958073414789617,0.880645309452196,-0.45633772022566466,-0.3052695404878488
-0.4664932986597319,2.9949895259284713,0.8809787126220129,-0.45666066333382177,-0.30528506994476906
-0.4654930986197239,2.9941728712178133,0.8813114615642998,-0.4569834737096265,-0.30530024853576354
-0.4644928985797159,2.9933573797556408,0.8816435548916253,-0.45730615052693213,-0.3053150757572187
-0.46349269853970787,2.992543053937969,0.8819749912240383,-0.4576286929574085,-0.30532955110735427
-0.46249249849969987,2.9917298961479415,0.8823057691892031,-0.45795110017055324,-0.3053436740862818
-0.46149229845969186,2.9909179087555877,0.8826358874225378,-0.4582733713337054,-0.3053574441960671
-0.46049209841968386,2.990107094117592,0.8829653445673497,-0.45859550561205553,-0.3053708609407898
-0.45949189837967586,2.9892974545770516,0.8832941392749731,-0.45891750216866106,-0.30538392382660645
-0.45849169833966785,2.9884889924632376,0.883622270204907,-0.4592393601644578,-0.3053966323618118
-0.45749149829965985,2.987681710091359,0.8839497360249529,-0.4595610787582742,-0.3054089860569013
-0.45649129825965185,2.9868756097623206,0.8842765354113516,-0.4598826571068451,-0.305420984424635
-0.45549109821964384,2.9860706937624846,0.884602667048924,-0.46020409436482596,-0.30543262698010015
-0.45449089817963584,2.98526696436343,0.8849281296312067,-0.46052538968480783,-0.30544391324077586
-0.45349069813962783,2.984464423821711,0.8852529218605929,-0.4608465422173316,-0.30545484272659723
-0.45249049809961983,2.9836630743786183,0.8855770424484695,-0.46116755111090507,-0.3054654149600207
-0.4514902980596118,2.9828629182599347,0.8859004901153571,-0.46148841551201697,-0.3054756294660893
-0.4504900980196038,2.982063957675697,0.8862232635910483,-0.46180913456515454,-0.3054854857724979
-0.4494898979795958,2.9812661948199524,0.8865453616147471,-0.4621297074128194,-0.30549498340966064
-0.4484896979395878,2.9804696318705157,0.8868667829352088,-0.46245013319554473,-0.30550412191077647
-0.4474894978995798,2.9796742709887316,0.8871875263108779,-0.4627704110519123,-0.30551290081189736
-0.4464892978595718,2.978880114319227,0.8875075905100287,-0.4630905401185716,-0.3055213196519949
-0.4454890978195638,2.978087163989673,0.8878269743109033,-0.4634105195302568,-0.3055293779730294
-0.4444888977795558,2.9772954221105405,0.8881456765018528,-0.4637303484198055,-0.3055370753200174
-0.4434886977395478,2.976504890774861,0.8884636958814736,-0.46405002591817884,-0.305544411241101
-0.4424884976995398,2.9757155720579793,0.8887810312587494,-0.46436955115447903,-0.30555138528761683
-0.4414882976595318,2.9749274680173183,0.8890976814531885,-0.4646889232559712,-0.3055579970141658
-0.4404880976195238,2.9741405806921315,0.8894136452949638,-0.4650081413481024,-0.30556424597868326
-0.4394878975795158,2.973354912103264,0.8897289216250507,-0.46532720455452276,-0.30557013174250897
-0.4384876975395078,2.9725704642529105,0.8900435092953667,-0.4656461119971064,-0.30557565387045826
-0.4374874974994998,2.9717872391243745,0.8903574071689102,-0.4659648627959743,-0.30558081193089365
-0.4364872974594918,2.9710052386818275,0.8906706141198959,-0.4662834560695129,-0.30558560549579467
-0.43548709741948377,2.970224464870068,0.8909831290338981,-0.4666018909344008,-0.30559003414083163
-0.43448689737947577,2.969444919614282,0.8912949508079823,-0.46692016650562834,-0.3055940974454368
-0.43348669733946776,2.968666604819802,0.8916060783508483,-0.4672382818965228,-0.3055977949928773
-0.43248649729945976,2.9678895223718698,0.8919165105829636,-0.4675562362187708,-0.30560112637032766
-0.43148629725945176,2.9671136741353954,0.8922262464367019,-0.4678740285824429,-0.305604091168943
-0.43048609721944375,2.966339061954722,0.8925352848564795,-0.4681916580960187,-0.305606688983933
-0.42948589717943575,2.9655656876533847,0.8928436247988906,-0.4685091238664104,-0.30560891941463497
-0.42848569713942775,2.964793553033877,0.8931512652328449,-0.46882642499899063,-0.305610782064589
-0.42748549709941974,2.9640226598774126,0.8934582051397008,-0.4691435605976161,-0.30561227654161094
-0.42648529705941174,2.963253009943691,0.8937644435134015,-0.4694605297646549,-0.3056134024578684
-0.42548509701940374,2.962484604970662,0.8940699793606082,-0.469777331601013,-0.3056141594299544
-0.42448489697939573,2.9617174466742915,0.8943748117008358,-0.47009396520616253,-0.3056145470789639
-0.42348469693938773,2.9609515367483303,0.8946789395665843,-0.4704104296781674,-0.305614565030568
-0.4224844968993797,2.9601868768640807,0.8949823620034725,-0.4707267241137132,-0.30561421291509044
-0.4214842968593717,2.9594234686701646,0.8952850780703694,-0.47104284760813525,-0.30561349036758273
-0.4204840968193637,2.958661313792296,0.8955870868395267,-0.47135879925544705,-0.30561239702790094
-0.4194838967793557,2.957900413833049,0.8958883873967086,-0.47167457814837127,-0.30561093254078164
-0.4184836967393477,2.957140770371633,0.8961889788413231,-0.4719901833783673,-0.30560909655591834
-0.4174834966993397,2.9563823849636623,0.8964888602865503,-0.47230561403566373,-0.30560688872803865
-0.4164832966593317,2.955625259140933,0.8967880308594722,-0.4726208692092888,-0.30560430871698047
-0.4154830966193237,2.9548693944111983,0.8970864897011988,-0.47293594798710037,-0.3056013561877691
-0.4144828965793157,2.954114792257945,0.8973842359669978,-0.47325084945581986,-0.30559803081069525
-0.4134826965393077,2.953361454140172,0.8976812688264189,-0.47356557270106175,-0.30559433226139093
-0.4124824964992997,2.9526093814921683,0.8979775874634208,-0.47388011680736875,-0.3055902602209082
-0.4114822964592917,2.951858575723298,0.8982731910764947,-0.4741944808582434,-0.30558581437579574
-0.4104820964192837,2.951109038217779,0.8985680788787895,-0.474508663936182,-0.30558099441817743
-0.4094818963792757,2.9503607703344685,0.8988622500982328,-0.47482266512270915,-0.3055758000458291
-0.4084816963392677,2.9496137734066497,0.8991557039776534,-0.4751364834984111,-0.3055702309622571
-0.40748149629925967,2.948868048741816,0.899448439774903,-0.4754501181429712,-0.30556428687677534
-0.40648129625925167,2.9481235976214633,0.8997404567629762,-0.47576356813520576,-0.3055579675045848
-0.40548109621924366,2.947380421300879,0.9000317542301272,-0.4760768325530991,-0.30555127256684944
-0.40448089617923566,2.9466385210089343,0.9003223314799901,-0.4763899104738401,-0.30554420179077574
-0.40348069613922766,2.9458978979478787,0.900612187831694,-0.47670280097385936,-0.3055367549096904
-0.40248049609921965,2.9451585532931364,0.9009013226199803,-0.47701550312886537,-0.3055289316631177
-0.40148029605921165,2.9444204881931033,0.9011897351953143,-0.4773280160138828,-0.3055207317968584
-0.40048009601920365,2.943683703768948,0.9014774249240017,-0.47764033870329,-0.30551215506306695
-0.39947989597919564,2.9429482011144117,0.9017643911882985,-0.4779524702708589,-0.3055032012203302
-0.39847969593918764,2.9422139812956156,0.9020506333865222,-0.4782644097897919,-0.3054938700337447
-0.39747949589917964,2.941481045350863,0.9023361509331619,-0.47857615633276274,-0.30548416127499445
-0.39647929585917163,2.94074939429045,0.902620943258986,-0.47888770897195554,-0.30547407472242943
-0.39547909581916363,2.940019029096475,0.9029050098111496,-0.4791990667791051,-0.30546361016114215
-0.3944788957791556,2.9392899507226513,0.903188350053301,-0.4795102288255382,-0.3054527673830462
-0.3934786957391476,2.938562160094122,0.9034709634656828,-0.47982119418221386,-0.3054415461869529
-0.3924784956991396,2.937835658107278,0.9037528495452386,-0.4801319619197653,-0.3054299463786488
-0.3914782956591316,2.937110445629575,0.904034007805713,-0.4804425311085417,-0.30541796777097296
-0.3904780956191236,2.9363865234993574,0.90431443777775,-0.4807529008186514,-0.3054056101838943
-0.3894778955791156,2.9356638925256826,0.9045941390089949,-0.4810630701200028,-0.30539287344458693
-0.3884776955391076,2.934942553488148,0.9048731110641877,-0.4813730380823495,-0.30537975738750833
-0.3874774954990996,2.9342225071367194,0.905151353525261,-0.4816828037753331,-0.305366261854475
-0.3864772954590916,2.9335037541915634,0.9054288659914338,-0.48199236626852693,-0.30535238669473813
-0.3854770954190836,2.9327862953428827,0.9057056480793031,-0.48230172463148113,-0.30533813176506036
-0.3844768953790756,2.932070131250753,0.9059816994229349,-0.48261087793376695,-0.30532349692979066
-0.3834766953390676,2.9313552625449617,0.9062570196739539,-0.4829198252450226,-0.30530848206094036
-0.38247649529906,2.930641689824854,0.9065316085016303,-0.48322856563499794,-0.3052930870382574
-0.381476295259052,2.9299294136591754,0.9068054655929662,-0.48353709817360113,-0.3052773117493016
-0.380476095219044,2.929218434585921,0.9070785906527792,-0.48384542193094515,-0.305261156089519
-0.379475895179036,2.928508753112187,0.9073509834037862,-0.4841535359773944,-0.3052446199623159
-0.378475695139028,2.927800369714027,0.9076226435866823,-0.48446143938361186,-0.3052277032791326
-0.37747549509902,2.9270932848363054,0.9078935709602203,-0.4847691312206061,-0.3052104059595166
-0.376475295059012,2.9263874988925593,0.9081637653012884,-0.48507661055978035,-0.3051927279311956
-0.375475095019004,2.9256830122648636,0.9084332264049845,-0.4853838764729791,-0.3051746691301502
-0.374474894978996,2.9249798253036956,0.9087019540846915,-0.4856909280325386,-0.3051562295006855
-0.373474694938988,2.9242779383278044,0.9089699481721473,-0.48599776431133473,-0.3051374089955042
-0.37247449489898,2.9235773516240853,0.909237208517514,-0.4863043843828326,-0.3051182075757759
-0.371474294858972,2.922878065447454,0.9095037349894468,-0.4866107873211351,-0.305098625211209
-0.370474094818964,2.922180080020727,0.9097695274751603,-0.4869169722010353,-0.3050786618801212
-0.369473894778956,2.9214833955345028,0.9100345858804905,-0.4872229380980645,-0.3050583175695084
-0.368473694738948,2.9207880121470486,0.9102989101299592,-0.48752868408854433,-0.30503759227511473
-0.36747349469894,2.92009392998419,0.9105625001668324,-0.4878342092496367,-0.30501648600150094
-0.36647329465893197,2.919401149139203,0.9108253559531776,-0.4881395126593952,-0.3049949987621125
-0.36547309461892397,2.918709669672709,0.9110874774699225,-0.488444593396818,-0.30497313057934744
-0.36447289457891596,2.918019491612577,0.9113488647169048,-0.48874945054189733,-0.3049508814846227
-0.36347269453890796,2.9173306149538227,0.9116095177129284,-0.489054083175674,-0.30492825151844166
-0.36247249449889996,2.9166430396585183,0.9118694364958088,-0.48935849038028867,-0.3049052407304589
-0.36147229445889195,2.915956765655701,0.912128621122424,-0.4896626712390345,-0.3048818491795458
-0.36047209441888395,2.915271792841288,0.9123870716687581,-0.48996662483641096,-0.30485807693385497
-0.35947189437887594,2.914588121077992,0.9126447882299461,-0.49027035025817617,-0.3048339240708842
-0.35847169433886794,2.9139057501952426,0.9129017709203122,-0.4905738465914006,-0.3048093906775396
-0.35747149429885994,2.9132246799891126,0.913158019873413,-0.49087711292452124,-0.3047844768501973
-0.35647129425885193,2.912544910222244,0.9134135352420706,-0.4911801483473949,-0.30475918269476593
-0.35547109421884393,2.911866440623781,0.9136683171984088,-0.4914829519513538,-0.304733508326748
-0.3544708941788359,2.9111892708893072,0.9139223659338849,-0.49178552282925775,-0.30470745387129866
-0.3534706941388279,2.910513400680783,0.9141756816593207,-0.49208786007555194,-0.3046810194632869
-0.3524704940988199,2.909838829626491,0.91442826460493,-0.4923899627863185,-0.30465420524735237
-0.3514702940588119,2.9091655573209825,0.9146801150203419,-0.4926918300593342,-0.3046270113779646
-0.3504700940188039,2.908493583325028,0.914931233174629,-0.49299346099412433,-0.30459943801948014
-0.3494698939787959,2.907822907165574,0.9151816193563234,-0.4932948546920181,-0.3045714853461974
-0.3484696939387879,2.9071535283357,0.9154312738734378,-0.493596010256205,-0.3045431535424131
-0.3474694938987799,2.906485446294584,0.915680197053482,-0.49389692679179,-0.30451444280247675
-0.3464692938587719,2.9058186604674665,0.915928389243477,-0.49419760340584956,-0.3044853533308437
-0.3454690938187639,2.9051531702456233,0.9161758508099647,-0.4944980392074883,-0.304455885342128
-0.3444688937787559,2.904488974986341,0.9164225821390201,-0.4947982333078942,-0.30442603906115423
-0.3434686937387479,2.9038260740128945,0.9166685836362558,-0.49509818482039597,-0.3043958147230091
-0.3424684936987399,2.9031644666145295,0.9169138557268295,-0.49539789286051883,-0.3043652125730898
-0.3414682936587319,2.902504152046452,0.9171583988554435,-0.49569735654604147,-0.3043342328671542
-0.3404680936187239,2.9018451295298155,0.9174022134863449,-0.49599657499705213,-0.30430287587136834
-0.3394678935787159,2.9011873982517216,0.9176453001033253,-0.4962955473360058,-0.30427114186235316
-0.33846769353870787,2.900530957365213,0.9178876592097133,-0.4965942726877815,-0.304239031127231
-0.33746749349869987,2.899875805989283,0.9181292913283683,-0.4968927501797383,-0.3042065439636702
-0.33646729345869186,2.8992219432088775,0.9183701970016713,-0.4971909789417726,-0.3041736806799289
-0.33546709341868386,2.8985693680749107,0.9186103767915118,-0.49748895810637583,-0.30414044159489834
-0.33446689337867586,2.89791807960428,0.918849831279273,-0.4977866868086898,-0.30410682703814373
-0.33346669333866785,2.897268076779883,0.9190885610658159,-0.4980841641865656,-0.304072837349946
-0.33246649329865985,2.8966193585506455,0.9193265667714594,-0.49838138938061965,-0.3040384728813406
-0.33146629325865185,2.8959719238315484,0.9195638490359568,-0.4986783615342911,-0.30400373399415637
-0.33046609321864384,2.8953257715036598,0.9198004085184746,-0.49897507979389927,-0.30396862106105255
-0.32946589317863584,2.89468090041417,0.9200362458975632,-0.49927154330869994,-0.30393313446555553
-0.32846569313862783,2.894037309376437,0.9202713618711295,-0.49956775123094266,-0.30389727460209337
-0.32746549309861983,2.893394997170025,0.9205057571564026,-0.49986370271592806,-0.3038610418760297
-0.3264652930586118,2.8927539625407603,0.9207394324899026,-0.500159396922065,-0.3038244367036967
-0.3254650930186038,2.892114204200779,0.9209723886274032,-0.5004548330109263,-0.30378745951242697
-0.3244648929785958,2.8914757208285877,0.9212046263438919,-0.500750010147307,-0.3037501107405825
-0.3234646929385878,2.8908385110691253,0.9214361464335292,-0.5010449274992806,-0.3037123908375856
-0.3224644928985798,2.8902025735338275,0.9216669497096052,-0.5013395842382551,-0.30367430026394543
-0.3214642928585718,2.8895679068006968,0.9218970370044927,-0.5016339795390308,-0.3036358394912847
-0.3204640928185638,2.888934509414378,0.9221264091695979,-0.5019281125798548,-0.30359700900236547
-0.3194638927785558,2.888302379886237,0.9223550670753115,-0.5022219825424794,-0.3035578092911131
-0.3184636927385478,2.887671516694441,0.9225830116109524,-0.5025155886122178,-0.3035182408626397
-0.3174634926985398,2.8870419182840483,0.9228102436847145,-0.5028089299779988,-0.3034783042332641
-0.3164632926585318,2.886413583067096,0.9230367642236059,-0.5031020058324234,-0.3034379999305336
-0.3154630926185238,2.885786509422699,0.9232625741733895,-0.5033948153718216,-0.3033973284932418
-0.3144628925785158,2.885160695697146,0.92348767449852,-0.5036873577963059,-0.3033562904714471
-0.3134626925385078,2.8845361402040037,0.923712066182078,-0.5039796323098293,-0.3033148864264888
-0.3124624924984998,2.8839128412242254,0.9239357502257014,-0.5042716381202372,-0.30327311693100106
-0.3114622924584918,2.8832907970062607,0.9241587276495159,-0.5045633744393244,-0.3032309825689277
-0.31046209241848377,2.882670005766173,0.9243809994920626,-0.5048548404828894,-0.3031884839355339
-0.30946189237847577,2.8820504656877577,0.9246025668102232,-0.5051460354707884,-0.30314562163741693
-0.30846169233846776,2.8814321749226672,0.9248234306791412,-0.5054369586269896,-0.3031023962925156
-0.30746149229845976,2.880815131590537,0.9250435921921433,-0.5057276091796273,-0.303058808530119
-0.30646129225845176,2.8801993337791196,0.9252630524606582,-0.5060179863610561,-0.3030148589908724
-0.30546109221844375,2.879584779544421,0.9254818126141303,-0.506308089407902,-0.3029705483267825
-0.30446089217843575,2.8789714669108357,0.9256998737999355,-0.5065979175611184,-0.30292587720122205
-0.30346069213842775,2.8783593938712957,0.9259172371832902,-0.5068874700660368,-0.30288084628893186
-0.30246049209841974,2.877748558387415,0.9261339039471617,-0.5071767461724198,-0.30283545627602143
-0.30146029205841174,2.877138958389643,0.9263498752921745,-0.507465745134513,-0.3027897078599695
-0.30046009201840373,2.87653059177742,0.9265651524365145,-0.507754466211098,-0.3027436017496219
-0.29945989197839573,2.875923456419336,0.9267797366158315,-0.508042908665541,-0.30269713866518716
-0.29845969193838773,2.8753175501532926,0.9269936290831379,-0.5083310717658462,-0.3026503193382332
-0.2974594918983797,2.8747128707866727,0.9272068311087098,-0.5086189547847059,-0.30260314451168097
-0.2964592918583717,2.8741094160965095,0.9274193439799783,-0.5089065569995498,-0.30255561493979594
-0.2954590918183637,2.8735071838296613,0.9276311690014265,-0.5091938776925956,-0.3025077313881795
-0.2944588917783557,2.872906171702991,0.9278423074944802,-0.509480916150899,-0.3024594946337588
-0.2934586917383477,2.8723063774035458,0.9280527607973961,-0.509767671666402,-0.3024109054647746
-0.2924584916983397,2.871707798588745,0.9282625302651489,-0.5100541435359803,-0.3023619646807667
-0.2914582916583317,2.8711104328865695,0.9284716172693184,-0.5103403310614935,-0.3023126730925601
-0.2904580916183237,2.870514277895753,0.92868002319797,-0.5106262335498313,-0.3022630315222482
-0.2894578915783157,2.8699193311859785,0.9288877494555382,-0.5109118503129617,-0.3022130408031748
-0.2884576915383077,2.86932559029808,0.9290947974627033,-0.5111971806679761,-0.30216270177991417
-0.2874574914982997,2.8687330527442447,0.9293011686562712,-0.5114822239371378,-0.30211201530825116
-0.2864572914582917,2.868141716008221,0.9295068644890462,-0.511766979447926,-0.302060982255158
-0.2854570914182837,2.867551577545527,0.9297118864297051,-0.5120514465330817,-0.3020096034987704
-0.2844568913782757,2.8669626347836674,0.929916235962668,-0.512335624530651,-0.30195787992836226
-0.2834566913382677,2.8663748851223465,0.9301199145879689,-0.512619512784032,-0.301905812444319
-0.28245649129825967,2.865788325933693,0.9303229238211214,-0.512903110642016,-0.3018534019581087
-0.28145629125825167,2.8652029545624806,0.9305252651929856,-0.513186417458831,-0.3018006493922525
-0.28045609121824366,2.864618768326356,0.9307269402496319,-0.5134694325941858,-0.30174755568029316
-0.27945589117823566,2.864035764516068,0.930927950552203,-0.5137521554133089,-0.30169412176676225
-0.27845569113822766,2.8634539403957033,0.9311282976767743,-0.5140345852869929,-0.3016403486071455
-0.27745549109821965,2.8628732932029193,0.9313279832142108,-0.5143167215916333,-0.30158623716784727
-0.27645529105821165,2.862293820149187,0.9315270087700273,-0.5145985637092704,-0.3015317884261533
-0.27545509101820365,2.8617155184200307,0.9317253759642403,-0.514880111027627,-0.3014770033701914
-0.27445489097819564,2.8611383851752756,0.9319230864312241,-0.5151613629401474,-0.3014218829988915
-0.27345469093818764,2.8605624175492936,0.9321201418195603,-0.515442318846037,-0.30136642832194377
-0.27245449089817964,2.8599876126512562,0.9323165437918904,-0.5157229781502992,-0.3013106403597551
-0.27145429085817163,2.859413967565388,0.9325122940247635,-0.5160033402637734,-0.3012545201434055
-0.27045409081816363,2.8588414793512236,0.9327073942084824,-0.5162834046031689,-0.3011980687146001
-0.2694538907781556,2.8582701450438663,0.9329018460469524,-0.5165631705911037,-0.30114128712562305
-0.2684536907381476,2.857699961654252,0.933095651257521,-0.5168426376561368,-0.30108417643928753
-0.2674534906981396,2.8571309261694107,0.9332888115708258,-0.5171218052328045,-0.3010267377288858
-0.2664532906581316,2.856563035552737,0.9334813287306323,-0.5174006727616534,-0.30096897207813683
-0.2654530906181236,2.8559962867442605,0.9336732044936741,-0.5176792396892725,-0.30091088058113236
-0.2644528905781156,2.8554306766609137,0.9338644406294945,-0.5179575054683273,-0.3008524643422837
-0.2634526905381076,2.8548662021968108,0.9340550389202792,-0.5182354695575894,-0.300793724476263
-0.2624524904980996,2.8543028602235236,0.9342450011606963,-0.5185131314219683,-0.3007346621079481
-0.2614522904580916,2.85374064759036,0.9344343291577286,-0.5187904905325427,-0.3006752783723615
-0.2604520904180836,2.853179561124648,0.9346230247305092,-0.519067546366587,-0.3006155744146109
-0.2594518903780756,2.8526195976320152,0.9348110897101516,-0.5193442984076019,-0.30055555138982626
-0.2584516903380676,2.85206075389668,0.934998525939583,-0.5196207461453431,-0.30049521046309813
-0.2574514902980596,2.851503026681737,0.9351853352733729,-0.5198968890758464,-0.3004345528094114
-0.2564512902580516,2.8509464127294475,0.9353715195775615,-0.5201727267014551,-0.30037357961358
-0.2554510902180436,2.850390908761531,0.9355570807294905,-0.5204482585308455,-0.30031229207017923
-0.25445089017803557,2.849836511479461,0.9357420206176261,-0.5207234840790522,-0.30025069138347765
-0.25345069013802757,2.8492832175647593,0.9359263411413882,-0.5209984028674914,-0.30018877876736605
-0.25245049009801956,2.8487310236792944,0.9361100442109729,-0.5212730144239848,-0.30012655544528655
-0.25145029005801156,2.848179926465581,0.9362931317471785,-0.5215473182827813,-0.3000640226501602
-0.25045009001800356,2.847629922547082,0.9364756056812268,-0.5218213139845806,-0.30000118162431233
-0.24944988997799555,2.8470810085285083,0.9366574679545869,-0.5220950010765519,-0.2999380336193979
-0.24844968993798755,2.8465331809961287,0.9368387205187941,-0.5223683791123552,-0.2998745798963242
-0.24744948989797955,2.845986436518071,0.937019365335275,-0.5226414476521603,-0.2998108217251735
-0.24644928985797154,2.84544077164463,0.9371994043751614,-0.5229142062626664,-0.2997467603851241
-0.24544908981796354,2.84489618290858,0.9373788396191154,-0.5231866545171171,-0.2996823971643692
-0.24444888977795554,2.844352666825482,0.9375576730571439,-0.5234587919953212,-0.29961773336003616
-0.24344868973794753,2.843810219893994,0.9377359066884174,-0.5237306182836643,-0.2995527702781037
-0.24244848969793953,2.8432688385961873,0.937913542521088,-0.5240021329751292,-0.29948750923331746
-0.24144828965793153,2.8427285193978573,0.9380905825721049,-0.5242733356693051,-0.2994219515491048
-0.24044808961792352,2.8421892587488404,0.9382670288670311,-0.5245442259724045,-0.299356098557489
-0.23944788957791552,2.84165105308333,0.9384428834398592,-0.5248148034972756,-0.2992899515990014
-0.23844768953790751,2.841113898820193,0.9386181483328258,-0.5250850678634131,-0.299223512022593
-0.2374474894978995,2.8405777923632876,0.9387928255962269,-0.5253550186969705,-0.2991567811855447
-0.2364472894578915,2.840042730101783,0.9389669172882302,-0.5256246556307692,-0.29908976045337593
-0.2354470894178835,2.8395087084104773,0.9391404254746929,-0.5258939783043082,-0.29902245119975324
-0.2344468893778755,2.838975723650122,0.9393133522289705,-0.5261629863637745,-0.2989548548063978
-0.2334466893378675,2.838443772167738,0.9394856996317343,-0.5264316794620482,-0.29888697266299
-0.2324464892978595,2.8379128502969415,0.9396574697707804,-0.5267000572587105,-0.2988188061670754
-0.2314462892578515,2.8373829543582647,0.9398286647408463,-0.5269681194200501,-0.29875035672396827
-0.23044608921784349,2.836854080659479,0.9399992866434187,-0.5272358656190678,-0.298681625746654
-0.22944588917783548,2.836326225495918,0.9401693375865526,-0.5275032955354818,-0.2986126146556922
-0.22844568913782748,2.835799385150802,0.940338819684676,-0.5277704088557299,-0.2985433248791159
-0.22744548909781948,2.835273555895562,0.9405077350584091,-0.5280372052729732,-0.29847375785233293
-0.22644528905781147,2.834748733990164,0.9406760858343696,-0.5283036844870972,-0.2984039150180243
-0.22544508901780347,2.834224915683434,0.9408438741449899,-0.5285698462047136,-0.2983337978260422
-0.22444488897779546,2.8337020972133815,0.9410111021283264,-0.5288356901391594,-0.29826340773330723
-0.22344468893778746,2.833180274807527,0.9411777719278743,-0.5291012160104971,-0.29819274620370523
-0.22244448889777946,2.832659444683225,0.9413438856923761,-0.5293664235455129,-0.29812181470798216
-0.22144428885777145,2.832139603047989,0.9415094455756375,-0.5296313124777142,-0.29805061472363903
-0.22044408881776345,2.831620746099818,0.941674453736337,-0.5298958825473258,-0.29797914773482514
-0.21944388877775545,2.83110287002752,0.9418389123378409,-0.5301601335012872,-0.29790741523223185
-0.21844368873774744,2.8305859710110375,0.9420028235480133,-0.5304240650932466,-0.2978354187129844
-0.21744348869773944,2.8300700452217704,0.9421661895390319,-0.530687677083555,-0.29776315968053296
-0.21644328865773144,2.8295550888229033,0.9423290124871999,-0.5309509692392604,-0.2976906396445443
-0.21544308861772343,2.8290410979697254,0.9424912945727603,-0.5312139413341,-0.2976178601207909
-0.21444288857771543,2.8285280688099568,0.9426530379797093,-0.5314765931484928,-0.29754482263104076
-0.21344268853770743,2.828015997484071,0.9428142448956109,-0.5317389244695285,-0.29747152870294574
-0.21244248849769942,2.8275048801256166,0.9429749175114105,-0.53200093509096,-0.29739797986992933
-0.21144228845769142,2.826994712861539,0.9431350580212536,-0.532262624813191,-0.29732417767107444
-0.21044208841768342,2.8264854918125026,0.9432946686222973,-0.5325239934432656,-0.29725012365101006
-0.2094418883776754,2.825977213093211,0.9434537515145285,-0.5327850407948554,-0.2971758193597967
-0.2084416883376674,2.825469872812727,0.9436123089005808,-0.5330457666882469,-0.2971012663528128
-0.2074414882976594,2.8249634670747916,0.943770342985551,-0.5333061709503265,-0.29702646619063905
-0.2064412882576514,2.824457991978143,0.9439278559768155,-0.5335662534145668,-0.29695142043894285
-0.2054410882176434,2.823953443616832,0.9440848500838522,-0.5338260139210113,-0.2968761306683625
-0.2044408881776354,2.8234498180805407,0.9442413275180578,-0.5340854523162574,-0.29680059845439105
-0.2034406881376274,2.8229471114548983,0.9443972904925662,-0.5343445684534397,-0.2967248253772583
-0.2024404880976194,2.822445319821792,0.9445527412220702,-0.5346033621922123,-0.2966488130218142
-0.20144028805761138,2.8219444392596844,0.9447076819226434,-0.5348618333987294,-0.2965725629774098
-0.20044008801760338,2.8214444658439235,0.9448621148115607,-0.5351199819456268,-0.29649607683778056
-0.19943988797759538,2.820945395647055,0.9450160421071219,-0.5353778077120024,-0.2964193562009268
-0.19843968793758737,2.8204472247391323,0.9451694660284745,-0.5356353105833929,-0.29634240266899403
-0.19743948789757937,2.8199499491880218,0.9453223887954388,-0.5358924904517549,-0.2962652178481549
-0.19643928785757137,2.819453565059715,0.9454748126283333,-0.5361493472154408,-0.2961878033484886
-0.19543908781756336,2.8189580684186315,0.9456267397477996,-0.5364058807791766,-0.29611016078386126
-0.19443888777755536,2.8184634553279233,0.9457781723746306,-0.5366620910540374,-0.29603229177180557
-0.19343868773754735,2.8179697218497797,0.9459291127295965,-0.5369179779574237,-0.29595419793340055
-0.19243848769753935,2.817476864045726,0.9460795630332786,-0.5371735414130352,-0.29587588089315037
-0.19143828765753135,2.8169848779769273,0.9462295255058936,-0.5374287813508459,-0.2957973422788643
-0.19043808761752334,2.816493759704483,0.9463790023671262,-0.5376836977070764,-0.29571858372153387
-0.18943788757751534,2.8160035052897245,0.9465279958359645,-0.537938290424167,-0.29563960685521407
-0.18843768753750734,2.815514110794513,0.9466765081305277,-0.5381925594507501,-0.29556041331689986
-0.18743748749749933,2.815025572281528,0.946824541467904,-0.5384465047416204,-0.2954810047464055
-0.18643728745749133,2.814537885814562,0.9469720980639851,-0.5387001262577072,-0.2954013827862435
-0.18543708741748333,2.814051047458812,0.9471191801333015,-0.5389534239660426,-0.2953215490815018
-0.18443688737747532,2.8135650532811622,0.9472657898888623,-0.5392063978397323,-0.29524150527972304
-0.18343668733746732,2.8130798993504738,0.9474119295419912,-0.5394590478579232,-0.29516125303078233
-0.18243648729745932,2.8125955817378685,0.947557601302168,-0.5397113740057723,-0.2950807939867656
-0.1814362872574513,2.81211209651701,0.9477028073768698,-0.5399633762744129,-0.2950001298018478
-0.1804360872174433,2.8116294397643835,0.9478475499714124,-0.5402150546609233,-0.2949192621321718
-0.1794358871774353,2.8111476075595765,0.9479918312887956,-0.5404664091682917,-0.29483819263572547
-0.1784356871374273,2.810666595985551,0.9481356535295462,-0.540717439805381,-0.29475692297222145
-0.1774354870974193,2.8101864011289206,0.9482790188915656,-0.540968146586896,-0.29467545480297513
-0.1764352870574113,2.8097070190802214,0.9484219295699766,-0.5412185295333464,-0.29459378979078354
-0.1754350870174033,2.8092284459341794,0.9485643877569736,-0.541468588671011,-0.2945119295998037
-0.1744348869773953,2.8087506777899827,0.9487063956416701,-0.5417183240319007,-0.2944298758954323
-0.17343468693738728,2.8082737107515405,0.9488479554099534,-0.5419677356537217,-0.2943476303441842
-0.17243448689737928,2.8077975409277522,0.9489890692443359,-0.5422168235798376,-0.29426519461357253
-0.17143428685737128,2.8073221644327644,0.94912973932381,-0.5424655878592314,-0.2941825703719878
-0.17043408681736327,2.8068475773862294,0.9492699678237019,-0.5427140285464658,-0.2940997592885779
-0.16943388677735527,2.806373775913561,0.9494097569155333,-0.5429621457016444,-0.2940167630331284
-0.16843368673734727,2.805900756146191,0.9495491087668751,-0.5432099393903719,-0.29393358327594243
-0.16743348669733926,2.8054285142218154,0.9496880255412111,-0.543457409683714,-0.2938502216877224
-0.16643328665733126,2.804957046284648,0.9498265093977983,-0.5437045566581556,-0.2937666799394501
-0.16543308661732326,2.8044863484856637,0.9499645624915295,-0.5439513803955603,-0.29368295970226854
-0.16443288657731525,2.8040164169828428,0.9501021869727988,-0.5441978809831295,-0.29359906264736396
-0.16343268653730725,2.8035472479414127,0.9502393849873672,-0.5444440585133573,-0.2935149904458478
-0.16243248649729924,2.803078837534086,0.9503761586762304,-0.5446899130839912,-0.29343074476863895
-0.16143228645729124,2.8026111819412973,0.950512510175489,-0.5449354447979871,-0.2933463272863473
-0.16043208641728324,2.8021442773514367,0.950648441616216,-0.5451806537634662,-0.2932617396691568
-0.15943188637727523,2.8016781199610796,0.9507839551243343,-0.5454255400936714,-0.29317698358671
-0.15843168633726723,2.801212705975217,0.9509190528204858,-0.5456701039069218,-0.2930920607079914
-0.15743148629725923,2.8007480316074793,0.9510537368199093,-0.5459143453265703,-0.2930069727012134
-0.15643128625725122,2.8002840930803603,0.9511880092323173,-0.5461582644809561,-0.2929217212337012
-0.15543108621724322,2.799820886625438,0.9513218721617733,-0.5464018615033608,-0.292836307971779
-0.15443088617723566,2.7993584084835903,0.9514553277065747,-0.5466451365319621,-0.2927507345806562
-0.15343068613722766,2.798896654905213,0.9515883779591328,-0.5468880897097878,-0.2926650027243149
-0.15243048609721965,2.79843562215043,0.9517210250058556,-0.547130721184669,-0.2925791140653974
-0.15143028605721165,2.7979753064893007,0.9518532709270354,-0.5473730311091932,-0.29249307026509425
-0.15043008601720365,2.797515704202031,0.9519851177967331,-0.5476150196406584,-0.2924068729830337
-0.14942988597719564,2.797056811579176,0.9521165676826683,-0.5478566869410234,-0.29232052387717045
-0.14842968593718764,2.796598624921837,0.9522476226461102,-0.5480980331768636,-0.2922340246036775
-0.14742948589717964,2.7961411405418652,0.9523782847417653,-0.5483390585193187,-0.2921473768168348
-0.14642928585717163,2.7956843547620553,0.9525085560176759,-0.5485797631440482,-0.29206058216892233
-0.14542908581716363,2.7952282639163366,0.9526384385151121,-0.5488201472311809,-0.29197364231011214
-0.14442888577715562,2.794772864349965,0.952767934268469,-0.5490602109652666,-0.291886558888361
-0.14342868573714762,2.794318152419708,0.9528970453051657,-0.5492999545352267,-0.29179933354930465
-0.14242848569713962,2.793864124494031,0.9530257736455463,-0.5495393781343064,-0.29171196793615173
-0.1414282856571316,2.793410776953277,0.9531541213027791,-0.549778481960023,-0.2916244636895792
-0.1404280856171236,2.792958106189844,0.9532820902827625,-0.5500172662141185,-0.2915368224476287
-0.1394278855771156,2.7925061086083636,0.9534096825840289,-0.5502557311025082,-0.29144904584560327
-0.1384276855371076,2.79205478062587,0.9535369001976528,-0.5504938768352319,-0.2913611355159643
-0.1374274854970996,2.7916041186719736,0.953663745107158,-0.5507317036264026,-0.29127309308823107
-0.1364272854570916,2.7911541191890237,0.9537902192884288,-0.5509692116941566,-0.2911849201888791
-0.1354270854170836,2.790704778632276,0.9539163247096206,-0.5512064012606039,-0.2910966184412408
-0.1344268853770756,2.7902560934700507,0.9540420633310772,-0.5514432725517752,-0.2910081894654065
-0.13342668533706759,2.789808060183893,0.9541674371052412,-0.5516798257975744,-0.2909196348781256
-0.13242648529705958,2.7893606752687257,0.9542924479765746,-0.5519160612317242,-0.29083095629271055
-0.13142628525705158,2.7889139352330043,0.9544170978814766,-0.5521519790917186,-0.2907421553189395
-0.13042608521704357,2.788467836598865,0.954541388748203,-0.5523875796187686,-0.2906532335629607
-0.12942588517703557,2.7880223759022704,0.95466532249679,-0.5526228630577535,-0.29056419262719885
-0.12842568513702757,2.787577549693154,0.9547889010389774,-0.5528578296571676,-0.2904750341102608
-0.12742548509701956,2.78713335453556,0.9549121262781346,-0.5530924796690712,-0.2903857596068433
-0.12642528505701156,2.786689787007783,0.9550350001091858,-0.5533268133490362,-0.29029637070764086
-0.12542508501700356,2.7862468437025005,0.9551575244185418,-0.5535608309560991,-0.29020686899925574
-0.12442488497699555,2.7858045212269067,0.9552797010840282,-0.5537945327527036,-0.290117256064107
-0.12342468493698755,2.7853628162028388,0.9554015319748189,-0.5540279190046546,-0.2900275334803427
-0.12242448489697955,2.7849217252669063,0.9555230189513707,-0.5542609899810642,-0.2899377028217523
-0.12142428485697154,2.7844812450706127,0.9556441638653566,-0.5544937459542993,-0.28984776565767806
-0.12042408481696354,2.7840413722804747,0.9557649685596054,-0.5547261871999318,-0.2897577235529314
-0.11942388477695554,2.7836021035781418,0.9558854348680389,-0.5549583139966859,-0.289667578067707
-0.11842368473694753,2.7831634356605104,0.9560055646156146,-0.555190126626389,-0.28957733075749936
-0.11742348469693953,2.7827253652398336,0.9561253596182648,-0.555421625373916,-0.2894869831730195
-0.11642328465693152,2.782287889043832,0.9562448216828445,-0.5556528105271421,-0.28939653686011435
-0.11542308461692352,2.7818510038158,0.9563639526070735,-0.5558836823768888,-0.28930599335968504
-0.11442288457691552,2.781414706314707,0.9564827541794839,-0.5561142412168736,-0.2892153542076077
-0.11342268453690751,2.780978993315299,0.9566012281793719,-0.5563444873436589,-0.28912462093465524
-0.11242248449689951,2.7805438616081957,0.9567193763767442,-0.5565744210566007,-0.28903379506641974
-0.11142228445689151,2.780109307999987,0.9568372005322724,-0.5568040426577966,-0.2889428781232356
-0.1104220844168835,2.7796753293133203,0.9569547023972473,-0.5570333524520366,-0.2888518716201051
-0.1094218843768755,2.779241922386995,0.9570718837135308,-0.5572623507467498,-0.2887607770666232
-0.1084216843368675,2.778809084076045,0.9571887462135162,-0.5574910378519571,-0.2886695959669051
-0.10742148429685949,2.7783768112518232,0.9573052916200856,-0.5577194140802173,-0.2885783298195144
-0.10642128425685149,2.777945100802084,0.9574215216465667,-0.5579474797465773,-0.28848698011739116
-0.10542108421684349,2.7775139496310586,0.9575374379967001,-0.5581752351685242,-0.2883955483477834
-0.10442088417683548,2.777083354659532,0.9576530423645975,-0.5584026806659312,-0.2883040359921773
-0.10342068413682748,2.7766533128249162,0.9577683364347088,-0.5586298165610109,-0.2882124445262302
-0.10242048409681948,2.7762238210813175,0.9578833218817865,-0.5588566431782624,-0.28812077541970366
-0.10142028405681147,2.7757948763996056,0.9579980003708555,-0.5590831608444249,-0.28802903013639874
-0.10042008401680347,2.7753664757674783,0.9581123735571807,-0.5593093698884254,-0.28793721013409157
-0.09941988397679546,2.774938616189522,0.9582264430862377,-0.55953527064133,-0.28784531686446946
-0.09841968393678746,2.774511294687273,0.9583402105936862,-0.5597608634362962,-0.2877533517730701
-0.09741948389677946,2.7740845082992713,0.958453677705341,-0.5599861486085214,-0.28766131629922015
-0.09641928385677145,2.7736582540811168,0.9585668460371506,-0.5602111264951958,-0.28756921187597534
-0.09541908381676345,2.773232529105521,0.9586797171951723,-0.5604357974354546,-0.2874770399300622
-0.09441888377675545,2.772807330462352,0.9587922927755487,-0.5606601617703271,-0.2873848018818205
-0.09341868373674744,2.7723826552586868,0.9589045743644895,-0.5608842198426912,-0.287292499145147
-0.09241848369673944,2.7719585006188505,0.9590165635382504,-0.561107971997224,-0.2872001331274408
-0.09141828365673144,2.771534863684458,0.9591282618631175,-0.561331418580354,-0.2871077052295478
-0.09041808361672343,2.771111741614455,0.9592396708953892,-0.5615545599402153,-0.2870152168457098
-0.08941788357671543,2.770689131585151,0.9593507921813633,-0.5617773964265985,-0.286922669363511
-0.08841768353670743,2.770267030790257,0.9594616272573199,-0.5619999283909053,-0.2868300641638288
-0.08741748349669942,2.769845436440913,0.9595721776495144,-0.5622221561861022,-0.28673740262078373
-0.08641728345669142,2.769424345765719,0.9596824448741615,-0.5624440801666718,-0.28664468610169075
-0.08541708341668341,2.7690037560107625,0.9597924304374292,-0.5626657006885694,-0.28655191596701246
-0.08441688337667541,2.7685836644396393,0.9599021358354302,-0.5628870181091765,-0.2864590935703138
-0.08341668333666741,2.7681640683334785,0.9600115625542139,-0.5631080327872541,-0.2863662202582156
-0.0824164832966594,2.76774496499096,0.9601207120697608,-0.5633287450828989,-0.28627329737035184
-0.0814162832566514,2.767326351728332,0.960229585847981,-0.5635491553574984,-0.28618032623932743
-0.0804160832166434,2.766908225879427,0.9603381853447067,-0.5637692639736854,-0.28608730819067524
-0.0794158831766354,2.766490584795673,0.960446512005696,-0.5639890712952953,-0.2859942445428173
-0.07841568313662739,2.7660734258461046,0.9605545672666267,-0.5642085776873201,-0.2859011366070244
-0.07741548309661939,2.765656746417369,0.9606623525531014,-0.5644277835158665,-0.2858079856873785
-0.07641528305661138,2.765240543913737,0.9607698692806488,-0.5646466891481122,-0.28571479308073605
-0.07541508301660338,2.7648248157571005,0.9608771188547255,-0.5648652949522629,-0.28562156007669104
-0.07441488297659538,2.7644095593869777,0.9609841026707208,-0.5650836012975091,-0.2855282879575419
-0.07341468293658737,2.7639947722605114,0.9610908221139637,-0.565301608553985,-0.285434977998256
-0.07241448289657937,2.7635804518524667,0.9611972785597277,-0.5655193170927261,-0.28534163146643843
-0.07141428285657136,2.7631665956552265,0.9613034733732396,-0.5657367272856265,-0.2852482496222998
-0.07041408281656336,2.7627532011787825,0.9614094079096902,-0.5659538395053997,-0.2851548337186264
-0.06941388277655536,2.762340265950729,0.9615150835142416,-0.5661706541255364,-0.2850613850007512
-0.06841368273654735,2.761927787516252,0.96162050152204,-0.5663871715202649,-0.2849679047065245
-0.06741348269653935,2.7615157634381124,0.9617256632582286,-0.56660339206451,-0.2848743940662885
-0.06641328265653135,2.7611041912966368,0.9618305700379604,-0.5668193161338538,-0.28478085430284994
-0.06541308261652334,2.760693068689695,0.961935223166412,-0.5670349441044964,-0.2846872866314557
-0.06441288257651534,2.760282393232686,0.9620396239388004,-0.5672502763532169,-0.2845936922597694
-0.06341268253650734,2.7598721625585143,0.962143773640399,-0.5674653132573338,-0.2845000723878478
-0.06241248249649933,2.7594623743175677,0.9622476735465564,-0.5676800551946699,-0.28440642820812007
-0.06141228245649133,2.759053026177694,0.9623513249227127,-0.5678945025435096,-0.2843127609053663
-0.060412082416483326,2.7586441158241746,0.9624547290244211,-0.5681086556825655,-0.28421907165669785
-0.05941188237647532,2.758235640959696,0.962557887097368,-0.5683225149909392,-0.28412536163153973
-0.05841168233646732,2.75782759930432,0.9626608003773939,-0.5685360808480854,-0.28403163199161224
-0.057411482296459315,2.7574199885954527,0.9627634700905182,-0.5687493536337758,-0.28393788389091457
-0.05641128225645131,2.757012806587811,0.9628658974529588,-0.5689623337280627,-0.28384411847571006
-0.05541108221644331,2.756606051053387,0.9629680836711603,-0.5691750215112436,-0.2837503368845104
-0.054410882176435305,2.7561997197814128,0.9630700299418171,-0.569387417363826,-0.28365654024806347
-0.0534106821364273,2.75579381057832,0.9631717374519001,-0.569599521666494,-0.2835627296893403
-0.0524104820964193,2.7553883212677035,0.9632732073786836,-0.5698113348000715,-0.28346890632352384
-0.051410282056411294,2.7549832496902753,0.963374440889774,-0.5700228571454914,-0.2833750712579981
-0.05041008201640329,2.754578593703825,0.9634754391431372,-0.5702340890837592,-0.283281225592339
-0.04940988197639529,2.7541743511831744,0.9635762032871296,-0.5704450309959221,-0.2831873704183061
-0.04840968193638728,2.7537705200201303,0.9636767344605274,-0.5706556832630357,-0.28309350681983453
-0.04740948189637928,2.7533670981234386,0.963777033792557,-0.5708660462661309,-0.28299963587302873
-0.046409281856371276,2.752964083418733,0.9638771024029305,-0.5710761203861837,-0.28290575864615675
-0.04540908181636327,2.7525614738484867,0.9639769414018745,-0.571285906004082,-0.2828118761996455
-0.04440888177635527,2.752159267371958,0.9640765518901655,-0.5714954035005968,-0.28271798958607713
-0.043408681736347265,2.7517574619651404,0.9641759349591634,-0.5717046132563497,-0.28262409985018627
-0.04240848169633926,2.751356055620705,0.9642750916908481,-0.5719135356517836,-0.2825302080288574
-0.04140828165633126,2.750955046347944,0.9643740231578524,-0.5721221710671329,-0.28243631515112516
-0.040408081616323255,2.7505544321727164,0.964472730423501,-0.5723305198823944,-0.2823424222381729
-0.03940788157631525,2.750154211137387,0.964571214541846,-0.5725385824772975,-0.2822485303033342
-0.03840768153630725,2.7497543813007663,0.964669476557705,-0.5727463592312776,-0.28215464035209453
-0.037407481496299244,2.749354940738051,0.9647675175067005,-0.5729538505234462,-0.2820607533820935
-0.03640728145629124,2.748955887540759,0.9648653384152971,-0.5731610567325639,-0.2819668703831285
-0.03540708141628324,2.74855721981667,0.9649629403008417,-0.5733679782370137,-0.28187299233715873
-0.03440688137627523,2.748158935689755,0.965060324171605,-0.5735746154147733,-0.2817791202183104
-0.03340668133626723,2.747761033300116,0.9651574910268209,-0.5737809686433899,-0.281685254992883
-0.032406481296259226,2.7473635108039147,0.9652544418567286,-0.5739870382999527,-0.28159139761935514
-0.03140628125625122,2.746966366373306,0.9653511776426147,-0.574192824761069,-0.2814975490483933
-0.03040608121624322,2.7465695981963703,0.9654476993568551,-0.5743983284028383,-0.2814037102228596
-0.029405881176235216,2.74617320447704,0.9655440079629589,-0.5746035496008275,-0.28130988207782076
-0.028405681136227212,2.745777183435031,0.9656401044156121,-0.5748084887300469,-0.2812160655405585
-0.02740548109621921,2.7453815333057694,0.9657359896607197,-0.575013146164926,-0.2811222615305802
-0.026405281056211205,2.744986252340317,0.965831664635454,-0.5752175222792907,-0.28102847095963046
-0.0254050810162032,2.7445913388052996,0.9659271302682959,-0.5754216174463406,-0.2809346947317033
-0.024404880976195198,2.74419679098283,0.9660223874790835,-0.5756254320386243,-0.280840933743055
-0.023404680936187194,2.7438026071704322,0.9661174371790568,-0.5758289664280187,-0.28074718888221806
-0.02240448089617919,2.7434087856809644,0.9662122802709037,-0.5760322209857083,-0.28065346103001626
-0.021404280856171187,2.743015324842542,0.9663069176488082,-0.5762351960821621,-0.2805597510595789
-0.020404080816163184,2.7426222229984587,0.9664013501984974,-0.5764378920871127,-0.28046605983635736
-0.01940388077615518,2.742229478507105,0.9664955787972878,-0.5766403093695374,-0.2803723882181414
-0.018403680736147177,2.741837089741892,0.9665896043141367,-0.5768424482976349,-0.2802787370550767
-0.017403480696139173,2.741445055091166,0.9666834276096863,-0.5770443092388101,-0.2801851071896834
-0.01640328065613117,2.7410533729581306,0.9667770495363169,-0.5772458925596498,-0.2800914994568731
-0.015403080616123166,2.740662041760761,0.9668704709381948,-0.5774471986259081,-0.2799979146839706
-0.014402880576115162,2.7402710599317226,0.9669636926513199,-0.5776482278024848,-0.27990435369073186
-0.013402680536107159,2.739880425918287,0.9670567155035781,-0.5778489804534089,-0.27981081728936535
-0.012402480496099155,2.7394901381822474,0.9671495403147906,-0.57804945694182,-0.27971730628455355
-0.011402280456091152,2.739100195199833,0.9672421678967645,-0.5782496576299516,-0.27962382147347487
-0.010402080416083148,2.7387105954616224,0.9673345990533443,-0.5784495828791131,-0.27953036364582523
-0.009401880376075145,2.73832133747246,0.9674268345804621,-0.5786492330496753,-0.27943693358384264
-0.008401680336067141,2.737932419751367,0.9675188752661894,-0.5788486085010515,-0.27934353206232937
-0.0074014802960591375,2.7375438408314525,0.9676107218907886,-0.5790477095916837,-0.2792501598486772
-0.006401280256051134,2.7371555992598298,0.967702375226766,-0.579246536679027,-0.27915681770289213
-0.00540108021604313,2.736767693597523,0.9677938360389235,-0.5794450901195332,-0.2790635063776192
-0.004400880176035127,2.736380122419381,0.9678851050844094,-0.579643370268638,-0.278970226618169
-0.0034006801360271233,2.7359928843139882,0.9679761831127732,-0.5798413774807449,-0.2788769791625438
-0.0024004800960191197,2.735605977883573,0.9680670708660175,-0.5800391121092134,-0.2787837647414651
-0.0014002800560111162,2.735219401743917,0.9681577690786514,-0.5802365745063429,-0.27869058407840047
-0.0004000800160031126,2.7348331545242672,0.9682482784777423,-0.580433765023362,-0.2785974378895919
0.000600120024004891,2.7344472348672406,0.9683385997829717,-0.5806306840104141,-0.2785043268840842
0.0016003200640128945,2.734061641428737,0.9684287337066863,-0.5808273318165453,-0.2784112517637541
0.002600520104020898,2.733676372877843,0.9685186809539531,-0.5810237087896933,-0.2783182132233399
0.0036007201440289016,2.7332914278967433,0.9686084422226132,-0.5812198152766737,-0.27822521195047084
0.004600920184036905,2.732906805180626,0.968698018203336,-0.5814156516231708,-0.27813224862569885
0.005601120224044909,2.7325225034375906,0.9687874095796712,-0.5816112181737254,-0.2780393239225278
0.006601320264052912,2.732138521388555,0.9688766170281057,-0.5818065152717241,-0.2779464385074455
0.007601520304060916,2.73175485776716,0.968965641218116,-0.58200154325939,-0.2778535930399561
0.00860172034406892,2.7313715113196793,0.9690544828122237,-0.5821963024777713,-0.2777607881726109
0.009601920384076923,2.7309884808049234,0.9691431424660497,-0.5823907932667323,-0.27766802455104167
0.010602120424084926,2.730605764994146,0.9692316208283668,-0.5825850159649443,-0.2775753028139937
0.01160232046409293,2.730223362670949,0.9693199185411586,-0.5827789709098766,-0.2774826235933592
0.012602520504100934,2.7298412726311887,0.9694080362396696,-0.5829726584377883,-0.2773899875142107
0.013602720544108937,2.729459493682883,0.9694959745524626,-0.5831660788837184,-0.2772973951948347
0.01460292058411694,2.7290780246461126,0.9695837341014717,-0.5833592325814799,-0.27720484724676764
0.015603120624124944,2.728696864352931,0.969671315502059,-0.5835521198636506,-0.27711234427482895
0.016603320664132948,2.7283160116472644,0.9697587193630673,-0.5837447410615669,-0.2770198868771574
0.01760352070414095,2.7279354653848222,0.9698459462868769,-0.5839370965053158,-0.2769274756452459
0.018603720744148955,2.727555224432997,0.9699329968694586,-0.5841291865237287,-0.2768351111639777
0.01960392078415696,2.727175287670772,0.9700198717004289,-0.5843210114443753,-0.2767427940116627
0.020604120824164962,2.7267956539886256,0.9701065713631046,-0.5845125715935565,-0.27665052476007285
0.021604320864172966,2.726416322288436,0.9701930964345585,-0.5847038672963002,-0.27655830397447984
0.02260452090418097,2.7260372914833857,0.9702794474856731,-0.5848948988763539,-0.27646613221369193
0.023604720944188973,2.7256585604978656,0.9703656250811961,-0.5850856666561817,-0.27637401003009127
0.024604920984196976,2.7252801282673813,0.9704516297797928,-0.5852761709569568,-0.27628193796967054
0.02560512102420498,2.7249019937384573,0.9705374621341031,-0.5854664120985593,-0.27618991657207187
0.026605321064212983,2.724524155868541,0.9706231226907954,-0.5856563903995708,-0.2760979463706247
0.027605521104220987,2.724146613625908,0.9707086119906198,-0.5858461061772702,-0.27600602789238343
0.02860572114422899,2.7237693659895683,0.9707939305684631,-0.5860355597476301,-0.2759141616581665
0.029605921184236994,2.723392411949169,0.9708790789534036,-0.586224751425314,-0.2758223481825948
0.030606121224244998,2.7230157505049024,0.9709640576687646,-0.5864136815236719,-0.2757305879741312
0.031606321264253,2.7226393806674083,0.9710488672321675,-0.586602350354738,-0.2756388815351185
0.032606521304261005,2.7222633014576814,0.9711335081555874,-0.5867907582292282,-0.2755472293618204
0.03360672134426901,2.7218875119069748,0.9712179809454067,-0.5869789054565377,-0.2754556319444599
0.03460692138427701,2.7215120110567086,0.9713022861024664,-0.5871667923447379,-0.275364089767259
0.035607121424285015,2.7211367979583736,0.9713864241221234,-0.5873544192005761,-0.2752726033084795
0.03660732146429302,2.7207618716734374,0.971470395494301,-0.5875417863294721,-0.27518117304046186
0.03760752150430102,2.7203872312732518,0.9715542007035425,-0.5877288940355183,-0.2750897994296667
0.038607721544309026,2.720012875838957,0.9716378402290661,-0.5879157426214777,-0.27499848293671375
0.03960792158431703,2.71963880446139,0.9717213145448156,-0.5881023323887831,-0.27490722401642353
0.04060812162432503,2.7192650162409917,0.9718046241195151,-0.5882886636375362,-0.2748160231178574
0.04160832166433304,2.7188915102877123,0.9718877694167201,-0.5884747366665077,-0.27472488068435835
0.04260852170434104,2.718518285720919,0.9719707508948714,-0.588660551773137,-0.27463379715359226
0.043608721744349044,2.718145341669304,0.9720535690073454,-0.5888461092535321,-0.2745427729575883
0.04460892178435705,2.7177726772707937,0.9721362242025087,-0.5890314094024696,-0.27445180852278017
0.04560912182436505,2.7174002916724533,0.9722187169237685,-0.5892164525133948,-0.27436090427004767
0.046609321864373054,2.717028184030398,0.9723010476096248,-0.5894012388784237,-0.27427006061475745
0.04760952190438106,2.7166563535097,0.9723832166937207,-0.5895857687883428,-0.27417927796680475
0.04860972194438906,2.7162847992842982,0.9724652246048969,-0.5897700425326102,-0.27408855673065446
0.049609921984397065,2.7159135205369074,0.9725470717672388,-0.5899540603993578,-0.27399789730538254
0.05061012202440507,2.7155425164589273,0.9726287586001303,-0.5901378226753913,-0.2739073000847182
0.05161032206441307,2.715171786250353,0.9727102855183041,-0.5903213296461938,-0.2738167654570847
0.052610522104421076,2.714801329119685,0.9727916529318906,-0.5905045815959256,-0.2737262938056415
0.05361072214442908,2.714431144283839,0.9728728612464702,-0.5906875788074282,-0.27363588550832546
0.05461092218443708,2.714061230968058,0.9729539108631226,-0.5908703215622251,-0.27354554093789285
0.055611122224445086,2.713691588405823,0.9730348021784752,-0.5910528101405256,-0.27345526046196106
0.05661132226445309,2.7133222158387635,0.9731155355847556,-0.5912350448212258,-0.2733650444430501
0.057611522304461094,2.7129531125165713,0.9731961114698383,-0.5914170258819135,-0.2732748932386247
0.0586117223444691,2.712584277696912,0.9732765302172954,-0.5915987535988686,-0.27318480720113536
0.0596119223844771,2.7122157106453373,0.9733567922064449,-0.5917802282470697,-0.273094786678061
0.060612122424485104,2.7118474106351997,0.9734368978123986,-0.5919614501001939,-0.27300483201195
0.06161232246449311,2.711479376947565,0.9735168474061118,-0.5921424194306218,-0.27291494354046225
0.06261252250450111,2.7111116088711245,0.9735966413544306,-0.5923231365094429,-0.2728251215964106
0.06361272254450911,2.7107441057021133,0.9736762800201397,-0.5925036016064563,-0.27273536650780256
0.06461292258451712,2.710376866744222,0.9737557637620102,-0.5926838149901762,-0.2726456785978821
0.06561312262452512,2.710009891308512,0.9738350929348475,-0.5928637769278371,-0.2725560581851713
0.06661332266453313,2.7096431787133337,0.9739142678895362,-0.593043487685396,-0.2724665055835117
0.06761352270454113,2.70927672828424,0.9739932889730906,-0.5932229475275385,-0.27237702110210554
0.06861372274454913,2.7089105393539046,0.9740721565286966,-0.5934021567176824,-0.27228760504555766
0.06961392278455714,2.7085446112620364,0.9741508708957625,-0.5935811155179821,-0.27219825771391676
0.07061412282456514,2.7081789433553007,0.974229432409961,-0.5937598241893353,-0.2721089794027168
0.07161432286457314,2.707813534987234,0.9743078414032774,-0.593938282991386,-0.2720197704030176
0.0726145229045807,2.707448385518164,0.9743860982040542,-0.5941164921825304,-0.27193063100144715
0.0736147229445887,2.7070834943151283,0.9744642031370362,-0.5942944520199225,-0.2718415614802416
0.07461492298459671,2.7067188607517934,0.9745421565234146,-0.594472162759479,-0.271752562117287
0.07561512302460471,2.7063544842083735,0.974619958680873,-0.5946496246558847,-0.27166363318615955
0.07661532306461272,2.705990364071554,0.97469760992363,-0.5948268379625985,-0.27157477495616716
0.07761552310462072,2.705626499734408,0.9747751105624839,-0.5950038029318586,-0.2714859876923894
0.07861572314462872,2.7052628905963214,0.9748524609048569,-0.5951805198146888,-0.2713972716557185
0.07961592318463673,2.704899536062911,0.9749296612548372,-0.5953569888609046,-0.27130862710290016
0.08061612322464473,2.704536435545952,0.9750067119132229,-0.5955332103191188,-0.27122005428657325
0.08161632326465273,2.7041735884632945,0.9750836131775642,-0.5957091844367479,-0.2711315534553106
0.08261652330466074,2.7038109942387925,0.9751603653422064,-0.595884911460018,-0.2710431248536585
0.08361672334466874,2.7034486523022236,0.9752369686983311,-0.5960603916339716,-0.2709547687221777
0.08461692338467675,2.703086562089215,0.9753134235339993,-0.5962356252024743,-0.2708664852974824
0.08561712342468475,2.7027247230411695,0.9753897301341916,-0.5964106124082199,-0.2707782748122802
0.08661732346469275,2.7023631346051884,0.9754658887808497,-0.5965853534927397,-0.27069013749541193
0.08761752350470076,2.7020017962339997,0.9755418997529178,-0.5967598486964055,-0.27060207357189114
0.08861772354470876,2.7016407073858817,0.9756177633263825,-0.5969340982584402,-0.27051408326294296
0.08961792358471676,2.701279867524593,0.9756934797743142,-0.5971081024169224,-0.27042616678604375
0.09061812362472477,2.700919276119299,0.9757690493669054,-0.5972818614087942,-0.2703383243549601
0.09161832366473277,2.7005589326444985,0.9758444723715117,-0.5974553754698677,-0.270250556179787
0.09261852370474077,2.7001988365799545,0.9759197490526899,-0.5976286448348322,-0.2701628624669872
0.09361872374474878,2.6998389874106214,0.9759948796722384,-0.5978016697372621,-0.2700752434194298
0.09461892378475678,2.699479384626575,0.9760698644892336,-0.5979744504096234,-0.26998769923642796
0.09561912382476478,2.699120027722944,0.9761447037600721,-0.5981469870832816,-0.26990023011377795
0.09661932386477279,2.6987609161998396,0.9762193977385049,-0.5983192799885088,-0.26981283624379615
0.09761952390478079,2.698402049562286,0.9762939466756766,-0.5984913293544901,-0.2697255178153576
0.0986197239447888,2.6980434273201546,0.9763683508201632,-0.5986631354093332,-0.26963827501393356
0.0996199239847968,2.697685048988093,0.9764426104180088,-0.5988346983800752,-0.26955110802162896
0.1006201240248048,2.6973269140854614,0.9765167257127623,-0.5990060184926884,-0.2694640170172192
0.1016203240648128,2.696969022136263,0.9765906969455136,-0.5991770959720913,-0.2693770021761882
0.10262052410482081,2.6966113726690804,0.9766645243549305,-0.599347931042153,-0.2692900636707643
0.10362072414482881,2.6962539652170086,0.9767382081772941,-0.5995185239257034,-0.2692032016699576
0.10462092418483682,2.6958967993175906,0.9768117486465342,-0.59968887484454,-0.26911641633959643
0.10562112422484482,2.6955398745127535,0.9768851459942636,-0.5998589840194353,-0.2690297078423631
0.10662132426485282,2.695183190348742,0.9769584004498161,-0.6000288516701457,-0.2689430763378309
0.10762152430486083,2.6948267463760605,0.9770315122402766,-0.6001984780154191,-0.2688565219824992
0.10862172434486883,2.6944705421494057,0.9771044815905187,-0.6003678632730023,-0.2687700449298296
0.10962192438487683,2.694114577227606,0.9771773087232369,-0.6005370076596497,-0.2686836453302816
0.11062212442488484,2.693758851173559,0.9772499938589809,-0.6007059113911309,-0.2685973233313472
0.11162232446489284,2.693403363554173,0.9773225372161891,-0.6008745746822396,-0.2685110790775867
0.11262252450490084,2.6930481139403035,0.9773949390112202,-0.6010429977468001,-0.2684249127106631
0.11362272454490885,2.692693101906695,0.9774671994583878,-0.601211180797677,-0.2683388243693768
0.11462292458491685,2.692338327031921,0.9775393187699913,-0.6013791240467831,-0.26825281418970054
0.11562312462492486,2.6919837888983262,0.9776112971563474,-0.6015468277050862,-0.26816688230481256
0.11662332466493286,2.6916294870919657,0.9776831348258248,-0.6017142919826193,-0.2680810288451319
0.11762352470494086,2.69127542120255,0.977754831984871,-0.6018815170884867,-0.2679952539383509
0.11862372474494887,2.6909215908233857,0.977826388838047,-0.6020485032308738,-0.26790955770946956
0.11962392478495687,2.69056799555132,0.9778978055880567,-0.6022152506170552,-0.2678239402808289
0.12062412482496487,2.6902146349866856,0.9779690824357778,-0.6023817594534018,-0.2677384017721433
0.12162432486497288,2.6898615087332414,0.9780402195802912,-0.6025480299453908,-0.2676529423005342
0.12262452490498088,2.689508616398122,0.978111217218911,-0.6027140622976129,-0.26756756198056225
0.12362472494498888,2.68915595759178,0.9781820755472149,-0.6028798567137804,-0.26748226092426
0.12462492498499689,2.688803531927934,0.9782527947590721,-0.6030454133967353,-0.2673970392411635
0.1256251250250049,2.6884513390235143,0.9783233750466728,-0.6032107325484588,-0.267311897038345
0.1266253250650129,2.6880993784986087,0.978393816600557,-0.603375814370079,-0.2672268344204444
0.1276255251050209,2.6877476499764135,0.9784641196096429,-0.6035406590618789,-0.26714185148970065
0.1286257251450289,2.6873961530831787,0.978534284261254,-0.6037052668233046,-0.2670569483459825
0.1296259251850369,2.6870448874481587,0.978604310741147,-0.6038696378529742,-0.2669721250868203
0.1306261252250449,2.6866938527035598,0.97867419923354,-0.6040337723486847,-0.2668873818074362
0.1316263252650529,2.6863430484844906,0.9787439499211389,-0.6041976705074235,-0.2668027186007755
0.13262652530506092,2.6859924744289136,0.9788135629851651,-0.6043613325253726,-0.2667181355575357
0.13362672534506892,2.685642130177595,0.9788830386053797,-0.6045247585979198,-0.2666336327661978
0.13462692538507692,2.685292015374056,0.9789523769601122,-0.6046879489196653,-0.2665492103130545
0.13562712542508493,2.6849421296645244,0.9790215782262848,-0.6048509036844313,-0.266464868282242
0.13662732546509293,2.6845924726978883,0.9790906425794388,-0.6050136230852688,-0.26638060675576714
0.13762752550510093,2.6842430441256484,0.9791595701937593,-0.6051761073144676,-0.2662964258135379
0.13862772554510894,2.6838938436018704,0.9792283612421009,-0.6053383565635623,-0.26621232553339164
0.13962792558511694,2.6835448707831406,0.9792970158960123,-0.6055003710233426,-0.2661283059911239
0.14062812562512494,2.6831961253285197,0.9793655343257589,-0.6056621508838604,-0.2660443672605167
0.14162832566513295,2.6828476068994975,0.9794339167003508,-0.6058236963344373,-0.2659605094133664
0.14262852570514095,2.6824993151599488,0.9795021631875624,-0.6059850075636749,-0.2658767325195123
0.14362872574514896,2.6821512497760898,0.9795702739539589,-0.6061460847594602,-0.2657930366468634
0.14462892578515696,2.681803410416433,0.9796382491649182,-0.6063069281089766,-0.2657094218614262
0.14562912582516496,2.681455796751747,0.9797060889846552,-0.6064675377987095,-0.26562588822733235
0.14662932586517297,2.6811084084550107,0.9797737935762415,-0.6066279140144554,-0.2655424358068644
0.14762952590518097,2.6807612452013743,0.979841363101633,-0.6067880569413305,-0.2654590646604834
0.14862972594518897,2.6804143066681165,0.9799087977216863,-0.6069479667637768,-0.26537577484685504
0.14962992598519698,2.6800675925346025,0.9799760975961846,-0.6071076436655733,-0.26529256642287585
0.15063012602520498,2.679721102482245,0.9800432628838588,-0.6072670878298403,-0.26520943944369896
0.15163032606521298,2.679374836194464,0.9801102937424064,-0.6074262994390494,-0.2651263939627598
0.152630526105221,2.6790287933566463,0.9801771903285158,-0.6075852786750306,-0.26504343003180164
0.153630726145229,2.6786829736561075,0.9802439527978848,-0.6077440257189827,-0.26496054770090144
0.154630926185237,2.6783373767820526,0.9803105813052425,-0.6079025407514764,-0.26487774701849337
0.155631126225245,2.6779920024255386,0.980377076004369,-0.6080608239524661,-0.2647950280313951
0.156631326265253,2.6776468502794364,0.9804434370481153,-0.6082188755012957,-0.26471239078483094
0.157631526305261,2.6773019200383925,0.9805096645884244,-0.6083766955767073,-0.26462983532245693
0.158631726345269,2.6769572113987947,0.980575758776348,-0.6085342843568485,-0.26454736168638493
0.159631926385277,2.676612724058735,0.9806417197620683,-0.6086916420192796,-0.26446496991720553
0.16063212642528502,2.6762684577179723,0.9807075476949169,-0.6088487687409827,-0.26438266005401256
0.16163232646529302,2.6759244120778987,0.9807732427233913,-0.6090056646983668,-0.2643004321344255
0.16263252650530102,2.675580586841503,0.9808388049951757,-0.6091623300672779,-0.2642182861946134
0.16363272654530903,2.675236981713339,0.9809042346571598,-0.6093187650230054,-0.264136222269317
0.16463292658531703,2.674893596399489,0.9809695318554535,-0.609474969740289,-0.2640542403918716
0.16563312662532503,2.67455043060753,0.9810346967354076,-0.6096309443933271,-0.2639723405942294
0.16663332666533304,2.674207484046504,0.9810997294416298,-0.6097866891557836,-0.2638905229069816
0.16763352670534104,2.6738647564268816,0.9811646301180034,-0.6099422042007957,-0.2638087873593804
0.16863372674534904,2.67352224746053,0.9812293989077029,-0.6100974897009811,-0.26372713397936015
0.16963392678535705,2.6731799568606838,0.9812940359532113,-0.610252545828445,-0.2636455627935595
0.17063412682536505,2.672837884341913,0.9813585413963367,-0.6104073727547871,-0.26356407382734187
0.17163432686537305,2.6724960296200884,0.9814229153782293,-0.6105619706511101,-0.26348266710481705
0.17263452690538106,2.672154392412356,0.981487158039396,-0.6107163396880247,-0.2634013426488613
0.17363472694538906,2.671812972437104,0.9815512695197173,-0.610870480035659,-0.2633201004811382
0.17463492698539707,2.6714717694139334,0.981615249958463,-0.6110243918636638,-0.26323894062211894
0.17563512702540507,2.6711307830636306,0.9816790994943074,-0.6111780753412202,-0.26315786309110223
0.17663532706541307,2.6707900131081352,0.9817428182653438,-0.611331530637047,-0.2630768679062341
0.17763552710542108,2.670449459270514,0.9818064064091014,-0.6114847579194069,-0.2629959550845274
0.17863572714542908,2.6701091212749333,0.9818698640625572,-0.6116377573561137,-0.26291512464188166
0.17963592718543708,2.669768998846629,0.9819331913621521,-0.6117905291145391,-0.26283437659310166
0.1806361272254451,2.6694290917118795,0.9819963884438068,-0.6119430733616201,-0.26275371095191635
0.1816363272654531,2.669089399597982,0.9820594554429329,-0.6120953902638637,-0.26267312773099794
0.1826365273054611,2.6687499222332223,0.9821223924944482,-0.6122474799873562,-0.26259262694198016
0.1836367273454691,2.668410659346852,0.9821851997327902,-0.6123993426977679,-0.2625122085954764
0.1846369273854771,2.6680716106690574,0.9822478772919306,-0.612550978560361,-0.2624318727010983
0.1856371274254851,2.6677327759309404,0.9823104253053869,-0.6127023877399946,-0.2623516192674725
0.1866373274654931,2.6673941548644895,0.9823728439062364,-0.6128535704011332,-0.2622714483022596
0.1876375275055011,2.6670557472025576,0.9824351332271279,-0.6130045267078511,-0.26219135981217057
0.18863772754550912,2.6667175526788354,0.9824972934002973,-0.6131552568238403,-0.2621113538029841
0.18963792758551712,2.666379571027829,0.9825593245575753,-0.6133057609124153,-0.26203143027956394
0.19063812762552512,2.6660418019848366,0.9826212268304046,-0.6134560391365217,-0.26195158924587536
0.19163832766553313,2.665704245285924,0.9826830003498482,-0.6136060916587399,-0.2618718307050018
0.19263852770554113,2.6653669006679017,0.9827446452466039,-0.6137559186412933,-0.2617921546591613
0.19363872774554913,2.6650297678683055,0.9828061616510135,-0.6139055202460525,-0.26171256110972235
0.19463892778555714,2.6646928466253708,0.982867549693077,-0.6140548966345436,-0.2616330500572202
0.19563912782556514,2.664356136678012,0.9829288095024613,-0.6142040479679521,-0.26155362150137246
0.19663932786557314,2.6640196377658025,0.982989941208513,-0.6143529744071304,-0.2614742754410945
0.19763952790558115,2.663683349628951,0.9830509449402697,-0.6145016761126029,-0.26139501187451486
0.19863972794558915,2.663347272008282,0.983111820826468,-0.6146501532445728,-0.2613158307989907
0.19963992798559715,2.6630114046452174,0.9831725689955574,-0.6147984059629263,-0.261236732211122
0.20064012802560516,2.6626757472817526,0.9832331895757085,-0.6149464344272407,-0.2611577161067672
0.20164032806561316,2.662340299660439,0.9832936826948236,-0.6150942387967869,-0.26107878248105704
0.20264052810562116,2.6620050615243653,0.9833540484805482,-0.6152418192305386,-0.260999931328409
0.20364072814562917,2.6616700326171348,0.9834142870602784,-0.6153891758871755,-0.2609211626425421
0.20464092818563717,2.6613352126828516,0.9834743985611727,-0.6155363089250898,-0.2608424764164901
0.20564112822564518,2.661000601466098,0.9835343831101597,-0.6156832185023917,-0.26076387264261547
0.20664132826565318,2.660666198711918,0.9835942408339496,-0.6158299047769145,-0.2606853513126234
0.20764152830566118,2.660332004165799,0.9836539718590417,-0.6159763679062205,-0.2606069124175748
0.2086417283456692,2.6599980175736557,0.9837135763117341,-0.6161226080476057,-0.26052855594789925
0.2096419283856772,2.65966423868181,0.9837730543181319,-0.6162686253581062,-0.2604502818934089
0.2106421284256852,2.659330667236976,0.9838324060041574,-0.6164144199945023,-0.26037209024331054
0.2116423284656932,2.658997302986243,0.9838916314955566,-0.6165599921133241,-0.2602939809862187
0.2126425285057012,2.6586641456770588,0.9839507309179094,-0.6167053418708568,-0.26021595411016774
0.2136427285457092,2.658331195057213,0.9840097043966362,-0.6168504694231456,-0.2601380096026247
0.2146429285857172,2.6579984508748224,0.9840685520570078,-0.6169953749260018,-0.26006014745050116
0.2156431286257252,2.6576659128783144,0.9841272740241528,-0.6171400585350061,-0.2599823676401651
0.21664332866573321,2.657333580816413,0.984185870423063,-0.6172845204055146,-0.25990467015745267
0.21764352870574122,2.657001454438123,0.9842443413786047,-0.6174287606926631,-0.2598270549876802
0.21864372874574922,2.656669533492713,0.9843026870155235,-0.6175727795513731,-0.25974952211565533
0.21964392878575723,2.6563378177297063,0.9843609074584544,-0.6177165771363549,-0.2596720715256881
0.22064412882576523,2.65600630689886,0.9844190028319247,-0.6178601536021141,-0.25959470320160255
0.22164432886577323,2.6556750007501573,0.9844769732603661,-0.6180035091029548,-0.2595174171267475
0.22264452890578124,2.65534389903379,0.9845348188681179,-0.6181466437929857,-0.259440213284007
0.22364472894578924,2.6550130015001456,0.9845925397794341,-0.6182895578261225,-0.2593630916558113
0.22464492898579724,2.6546823078997948,0.9846501361184928,-0.6184322513560956,-0.2592860522241473
0.22564512902580525,2.654351817983479,0.9847076080093998,-0.6185747245364517,-0.2592090949705687
0.22664532906581325,2.6540215315020954,0.9847649555761975,-0.6187169775205603,-0.25913221987620644
0.22764552910582125,2.6536914482066876,0.9848221789428667,-0.6188590104616161,-0.25905542692177796
0.22864572914582926,2.653361567848431,0.9848792782333394,-0.6190008235126452,-0.2589787160875978
0.22964592918583726,2.6530318901786223,0.9849362535714994,-0.6191424168265082,-0.25890208735358705
0.23064612922584526,2.6527024149486658,0.9849931050811899,-0.6192837905559055,-0.2588255406992827
0.23164632926585327,2.6523731419100645,0.98504983288622,-0.6194249448533807,-0.2587490761038469
0.23264652930586127,2.652044070814407,0.9851064371103686,-0.6195658798713252,-0.258672693546077
0.23364672934586928,2.6517152014133565,0.9851629178773924,-0.6197065957619816,-0.25859639300441356
0.23464692938587728,2.651386533458642,0.9852192753110287,-0.6198470926774486,-0.25852017445694986
0.23564712942588528,2.6510580667020447,0.9852755095350022,-0.6199873707696844,-0.25844403788144027
0.23664732946589329,2.6507298008953883,0.9853316206730306,-0.6201274301905111,-0.2583679832553097
0.2376475295059013,2.6504017357905316,0.9853876088488269,-0.6202672710916184,-0.2582920105556609
0.2386477295459093,2.6500738711393543,0.9854434741861089,-0.6204068936245675,-0.2582161197592842
0.2396479295859173,2.6497462066937514,0.9854992168085996,-0.6205462979407946,-0.2581403108426645
0.2406481296259253,2.6494187422056203,0.9855548368400335,-0.6206854841916161,-0.25806458378199004
0.2416483296659333,2.649091477426853,0.9856103344041635,-0.6208244525282298,-0.2579889385531601
0.2426485297059413,2.6487644121093266,0.9856657096247606,-0.6209632031017209,-0.25791337513179285
0.2436487297459493,2.648437546004895,0.9857209626256228,-0.6211017360630644,-0.2578378934932331
0.24464892978595731,2.648110878865378,0.9857760935305782,-0.6212400515631292,-0.25776249361255954
0.24564912982596532,2.6477844104425574,0.9858311024634862,-0.6213781497526817,-0.25768717546459285
0.24664932986597332,2.6474581404881623,0.9858859895482457,-0.6215160307823885,-0.2576119390239017
0.24764952990598132,2.647132068753866,0.9859407549087983,-0.6216536948028212,-0.25753678426481164
0.24864972994598933,2.6468061949912762,0.9859953986691284,-0.6217911419644582,-0.2574617111614107
0.24964992998599733,2.646480518951925,0.986049920953273,-0.6219283724176896,-0.2573867196875568
0.25065013002600534,2.646155040387266,0.98610432188532,-0.62206538631282,-0.25731180981688456
0.25165033006601334,2.645829759048662,0.9861586015894152,-0.6222021838000705,-0.25723698152281205
0.25265053010602134,2.6455046746873827,0.9862127601897634,-0.6223387650295842,-0.2571622347785468
0.25365073014602935,2.645179787054592,0.9862667978106352,-0.6224751301514279,-0.25708756955709317
0.25465093018603735,2.6448550959013453,0.9863207145763667,-0.6226112793155953,-0.2570129858312576
0.25565113022604535,2.644530600978581,0.9863745106113636,-0.622747212672011,-0.25693848357365556
0.25665133026605336,2.6442063020371145,0.9864281860401076,-0.6228829303705329,-0.2568640627567173
0.25765153030606136,2.6438821988276304,0.9864817409871545,-0.6230184325609543,-0.2567897233526937
0.25865173034606936,2.6435582911006783,0.9865351755771403,-0.6231537193930092,-0.2567154653336624
0.25965193038607737,2.6432345786066658,0.9865884899347833,-0.6232887910163732,-0.25664128867153324
0.26065213042608537,2.6429110610958513,0.9866416841848877,-0.6234236475806676,-0.2565671933380543
0.2616523304660934,2.6425877383183396,0.9866947584523444,-0.623558289235461,-0.2564931793048168
0.2626525305061014,2.642264610024076,0.9867477128621355,-0.6236927161302732,-0.256419246543261
0.2636527305461094,2.6419416759628405,0.9868005475393368,-0.6238269284145784,-0.2563453950246814
0.2646529305861174,2.641618935884242,0.986853262609119,-0.6239609262378063,-0.25627162472023174
0.2656531306261254,2.6412963895377155,0.9869058581967508,-0.6240947097493464,-0.2561979356009304
0.2666533306661334,2.640974036672513,0.9869583344276022,-0.6242282790985494,-0.25612432763766513
0.2676535307061414,2.640651877037702,0.9870106914271447,-0.6243616344347311,-0.2560508008011979
0.2686537307461494,2.640329910382159,0.9870629293209557,-0.6244947759071733,-0.2559773550621701
0.2696539307861574,2.640008136454565,0.9871150482347192,-0.624627703665128,-0.25590399039110673
0.2706541308261654,2.639686555003401,0.9871670482942289,-0.6247604178578192,-0.25583070675842134
0.2716543308661734,2.639365165776945,0.9872189296253887,-0.6248929186344446,-0.25575750413442033
0.2726545309061814,2.6390439685232643,0.9872706923542157,-0.6250252061441809,-0.2556843824893076
0.2736547309461894,2.638722962990216,0.9873223366068424,-0.6251572805361816,-0.25561134179318834
0.2746549309861974,2.63840214892544,0.9873738625095176,-0.6252891419595836,-0.25553838201607426
0.2756551310262054,2.6380815260763546,0.9874252701886083,-0.625420790563507,-0.2554655031278864
0.27665533106621343,2.6377610941901546,0.9874765597706024,-0.6255522264970585,-0.2553927050984603
0.27765553110622143,2.637440853013806,0.987527731382109,-0.6256834499093333,-0.2553199878975493
0.27865573114622944,2.6371208022940453,0.9875787851498599,-0.6258144609494176,-0.2552473514948288
0.27965593118623744,2.636800941777372,0.9876297212007126,-0.6259452597663901,-0.2551747958598997
0.28065613122624544,2.636481271210049,0.9876805396616496,-0.6260758465093247,-0.25510232096229224
0.28165633126625345,2.636161790338096,0.9877312406597815,-0.6262062213272921,-0.2550299267714696
0.28265653130626145,2.6358424989072895,0.9877818243223474,-0.6263363843693635,-0.25495761325683164
0.28365673134626945,2.635523396663159,0.9878322907767175,-0.626466335784611,-0.25488538038771824
0.28465693138627746,2.6352044833509822,0.9878826401503911,-0.6265960757221088,-0.2548132281334125
0.28565713142628546,2.6348857587157855,0.9879328725710014,-0.6267256043309379,-0.25474115646314377
0.28665733146629346,2.6345672225023384,0.9879829881663156,-0.6268549217601863,-0.2546691653460919
0.28765753150630147,2.634248874455154,0.9880329870642327,-0.6269840281589503,-0.25459725475138933
0.28865773154630947,2.6339307143184816,0.9880828693927907,-0.627112923676338,-0.25452542464812467
0.2896579315863175,2.63361274183631,0.9881326352801609,-0.6272416084614707,-0.2544536750053454
0.2906581316263255,2.633294956752362,0.9881822848546532,-0.6273700826634837,-0.254382005792061
0.2916583316663335,2.632977358810092,0.9882318182447156,-0.6274983464315288,-0.2543104169772458
0.2926585317063415,2.6326599477526873,0.9882812355789349,-0.6276263999147763,-0.2542389085298416
0.2936587317463495,2.6323427233230614,0.9883305369860365,-0.6277542432624171,-0.2541674804187605
0.2946589317863575,2.632025685263856,0.9883797225948879,-0.6278818766236631,-0.2540961326128877
0.2956591318263655,2.6317088333174365,0.9884287925344959,-0.6280093001477497,-0.2540248650810835
0.2966593318663735,2.631392167225892,0.9884777469340099,-0.6281365139839369,-0.25395367779218636
0.2976595319063815,2.631075686731034,0.9885265859227198,-0.6282635182815118,-0.25388257071501513
0.2986597319463895,2.630759391574392,0.9885753096300602,-0.6283903131897902,-0.25381154381837157
0.2996599319863975,2.630443281497216,0.9886239181856071,-0.6285168988581168,-0.2537405970710421
0.30066013202640507,2.630127356240472,0.9886724117190803,-0.6286432754358672,-0.25366973044180063
0.3016603320664131,2.6298116155448437,0.9887207903603439,-0.6287694430724508,-0.25359894389941084
0.3026605321064211,2.629496059150727,0.9887690542394051,-0.6288954019173107,-0.25352823741262764
0.3036607321464291,2.629180686798233,0.9888172034864166,-0.629021152119926,-0.25345761095019975
0.3046609321864371,2.6288654982271846,0.9888652382316756,-0.6291466938298123,-0.25338706448087134
0.3056611322264451,2.628550493177117,0.988913158605624,-0.6292720271965236,-0.25331659797338435
0.3066613322664531,2.628235671387275,0.9889609647388495,-0.6293971523696544,-0.25324621139648024
0.3076615323064611,2.627921032596615,0.9890086567620842,-0.6295220694988406,-0.2531759047189018
0.3086617323464691,2.6276065765438004,0.9890562348062052,-0.6296467787337593,-0.25310567790939476
0.3096619323864771,2.627292302967204,0.9891036990022366,-0.6297712802241318,-0.25303553093670955
0.3106621324264851,2.626978211604906,0.9891510494813469,-0.6298955741197251,-0.2529654637696033
0.3116623324664931,2.6266643021946936,0.9891982863748519,-0.6300196605703515,-0.25289547637684107
0.3126625325065011,2.626350574474061,0.9892454098142098,-0.6301435397258716,-0.2528255687271974
0.3136627325465091,2.626037028180208,0.989292419931027,-0.6302672117361939,-0.2527557407894584
0.3146629325865171,2.6257236630500413,0.9893393168570541,-0.6303906767512776,-0.25268599253242224
0.3156631326265251,2.625410478820172,0.9893861007241875,-0.6305139349211313,-0.25261632392490135
0.3166633326665331,2.6250974752269163,0.9894327716644682,-0.6306369863958171,-0.2525467349357235
0.31766353270654113,2.6247846520062965,0.9894793298100832,-0.6307598313254503,-0.25247722553373314
0.31866373274654913,2.62447200889404,0.9895257752933628,-0.6308824698601986,-0.2524077956877926
0.31966393278655714,2.624159545625578,0.9895721082467824,-0.6310049021502869,-0.2523384453667832
0.32066413282656514,2.6238472619360467,0.9896183288029623,-0.6311271283459952,-0.2522691745396067
0.32166433286657314,2.623535157560287,0.9896644370946661,-0.6312491485976609,-0.25219998317518627
0.32266453290658115,2.623223232232845,0.9897104332548019,-0.6313709630556804,-0.25213087124246786
0.32366473294658915,2.6229114856879727,0.98975631741642,-0.6314925718705083,-0.25206183871042065
0.32466493298659715,2.622599917659626,0.9898020897127146,-0.6316139751926606,-0.25199288554803867
0.32566513302660516,2.6222885278814676,0.9898477502770211,-0.6317351731727127,-0.2519240117243411
0.32666533306661316,2.6219773160868645,0.9898932992428188,-0.6318561659613027,-0.25185521720837384
0.32766553310662117,2.6216662820088907,0.989938736743728,-0.6319769537091321,-0.25178650196921004
0.32866573314662917,2.621355425380327,0.9899840629135106,-0.6320975365669655,-0.25171786597595114
0.3296659331866372,2.6210447459336597,0.9900292778860681,-0.632217914685632,-0.2516493091977274
0.3306661332266452,2.620734243401084,0.9900743817954435,-0.6323380882160253,-0.25158083160369843
0.3316663332666532,2.620423917514502,0.9901193747758191,-0.6324580573091076,-0.2515124331630552
0.3326665333066612,2.6201137680055258,0.9901642569615161,-0.632577822115905,-0.25144411384501886
0.3336667333466692,2.619803794605475,0.9902090284869951,-0.6326973827875132,-0.25137587361884284
0.3346669333866772,2.6194939970453786,0.990253689486854,-0.6328167394750953,-0.25130771245381306
0.3356671334266852,2.6191843750559776,0.9902982400958288,-0.6329358923298847,-0.2512396303192481
0.3366673334666932,2.618874928367723,0.9903426804487916,-0.6330548415031825,-0.25117162718450026
0.3376675335067012,2.6185656567107776,0.9903870106807507,-0.6331735871463623,-0.25110370301895546
0.3386677335467092,2.618256559815018,0.9904312309268505,-0.6332921294108682,-0.25103585779203497
0.3396679335867172,2.6179476374100323,0.9904753413223697,-0.6334104684482161,-0.25096809147319443
0.3406681336267252,2.617638889225125,0.9905193420027207,-0.6335286044099938,-0.2509004040319249
0.3416683336667332,2.617330314989314,0.9905632331034505,-0.6336465374478631,-0.2508327954377535
0.3426685337067412,2.617021914431336,0.9906070147602373,-0.6337642677135588,-0.2507652656602432
0.3436687337467492,2.616713687279642,0.9906506871088928,-0.63388179535889,-0.25069781466899377
0.3446689337867572,2.6164056332624024,0.9906942502853576,-0.6339991205357414,-0.2506304424336416
0.34566913382676523,2.616097752107507,0.9907377044257044,-0.6341162433960716,-0.2505631489238599
0.34666933386677323,2.6157900435425665,0.9907810496661348,-0.634233164091916,-0.2504959341093594
0.34766953390678124,2.6154825072949115,0.9908242861429792,-0.6343498827753864,-0.25042879795988826
0.34866973394678924,2.6151751430915966,0.9908674139926963,-0.6344663995986713,-0.25036174044523274
0.34966993398679724,2.6148679506593986,0.9909104333518707,-0.6345827147140366,-0.25029476153521635
0.35067013402680525,2.61456092972482,0.990953344357214,-0.6346988282738262,-0.2502278611997008
0.35167033406681325,2.614254080014089,0.9909961471455628,-0.6348147404304618,-0.25016103940858603
0.35267053410682125,2.6139474012531614,0.9910388418538784,-0.6349304513364449,-0.25009429613181017
0.35367073414682926,2.613640893167722,0.9910814286192455,-0.6350459611443553,-0.2500276313393498
0.35467093418683726,2.6133345554831857,0.9911239075788713,-0.635161270006853,-0.2499610450012194
0.35567113422684526,2.6130283879246967,0.9911662788700848,-0.6352763780766774,-0.24989453708747214
0.35667133426685327,2.612722390217133,0.9912085426303359,-0.6353912855066487,-0.2498281075681993
0.35767153430686127,2.612416562085106,0.991250698997194,-0.6355059924496683,-0.24976175641353066
0.3586717343468693,2.6121109032529635,0.9912927481083473,-0.6356204990587175,-0.24969548359363397
0.3596719343868773,2.611805413444789,0.9913346901016028,-0.6357348054868608,-0.24962928907871554
0.3606721344268853,2.611500092384404,0.9913765251148838,-0.6358489118872426,-0.24956317283901955
0.3616723344668933,2.61119493979537,0.9914182532862292,-0.6359628184130914,-0.24949713484482847
0.3626725345069013,2.6108899554009897,0.9914598747537934,-0.6360765252177166,-0.24943117506646204
0.3636727345469093,2.610585138924308,0.9915013896558444,-0.6361900324545114,-0.24936529347427844
0.3646729345869173,2.610280490088113,0.9915427981307638,-0.6363033402769511,-0.24929949003867294
0.3656731346269253,2.60997600861494,0.9915841003170447,-0.6364164488385956,-0.24923376473007844
0.3666733346669333,2.60967169422707,0.9916252963532907,-0.636529358293087,-0.24916811751896478
0.3676735347069413,2.609367546646533,0.9916663863782158,-0.6366420687941524,-0.24910254837583887
0.3686737347469493,2.60906356559511,0.9917073705306425,-0.6367545804956021,-0.24903705727124453
0.3696739347869573,2.608759750794333,0.9917482489495016,-0.6368668935513316,-0.24897164417576179
0.3706741348269653,2.608456101965488,0.9917890217738301,-0.6369790081153203,-0.24890630906000724
0.3716743348669733,2.608152618829615,0.9918296891427709,-0.6370909243416321,-0.24884105189463274
0.3726745349069813,2.607849301107512,0.9918702511955717,-0.6372026423844166,-0.24877587265032636
0.37367473494698933,2.6075461485197353,0.9919107080715832,-0.6373141623979081,-0.24871077129781125
0.37467493498699733,2.6072431607866005,0.9919510599102591,-0.6374254845364259,-0.2486457478078456
0.37567513502700534,2.6069403376281852,0.9919913068511539,-0.6375366089543755,-0.24858080215122236
0.37667533506701334,2.606637678764331,0.9920314490339225,-0.6376475358062471,-0.2485159342987683
0.37767553510702134,2.606335183914644,0.9920714865983192,-0.637758265246618,-0.2484511442213447
0.37867573514702935,2.606032852798497,0.9921114196841959,-0.6378687974301497,-0.2483864318898458
0.37967593518703735,2.6057306851350317,0.992151248431502,-0.6379791325115912,-0.24832179727519937
0.38067613522704535,2.6054286806431604,0.9921909729802822,-0.638089270645777,-0.24825724034836566
0.38167633526705336,2.605126839041568,0.9922305934706763,-0.6381992119876279,-0.24819276108033753
0.38267653530706136,2.604825160048712,0.9922701100429165,-0.6383089566921506,-0.2481283594421392
0.38367673534706936,2.6045236433828265,0.9923095228373293,-0.6384185049144389,-0.24806403540482666
0.38467693538707737,2.6042222887619224,0.9923488319943311,-0.6385278568096731,-0.24799978893948693
0.38567713542708537,2.603921095903791,0.9923880376544284,-0.6386370125331193,-0.24793562001723699
0.3866773354670934,2.603620064526003,0.9924271399582179,-0.6387459722401316,-0.24787152860922465
0.3876775355071014,2.603319194345913,0.9924661390463833,-0.6388547360861497,-0.24780751468662654
0.3886777355471094,2.6030184850806606,0.9925050350596947,-0.6389633042267012,-0.24774357822064885
0.3896779355871174,2.6027179364471706,0.992543828139009,-0.639071676817399,-0.24767971918252582
0.3906781356271254,2.6024175481621583,0.9925825184252653,-0.6391798540139434,-0.2476159375435199
0.3916783356671334,2.6021173199421272,0.9926211060594888,-0.639287835972122,-0.247552233274921
0.3926785357071414,2.601817251503374,0.9926595911827847,-0.6393956228478094,-0.24748860634804623
0.3936787357471494,2.601517342561989,0.9926979739363404,-0.639503214796966,-0.24742505673423876
0.3946789357871574,2.6012175928338577,0.9927362544614216,-0.6396106119756401,-0.24736158440486777
0.3956791358271654,2.6009180020346645,0.9927744328993743,-0.6397178145399669,-0.24729818933132777
0.3966793358671734,2.600618569879892,0.9928125093916202,-0.6398248226461676,-0.24723487148503787
0.3976795359071814,2.600319296084826,0.9928504840796589,-0.6399316364505512,-0.24717163083744162
0.3986797359471894,2.6000201803645533,0.9928883571050643,-0.6400382561095128,-0.24710846736000563
0.3996799359871974,2.599721222433968,0.9929261286094844,-0.6401446817795348,-0.24704538102421988
0.4006801360272054,2.599422422007771,0.9929637987346387,-0.6402509136171861,-0.24698237180159677
0.40168033606721343,2.5991237788004713,0.9930013676223203,-0.6403569517791221,-0.24691943966367003
0.40268053610722143,2.598825292526389,0.9930388354143919,-0.6404627964220856,-0.24685658458199522
0.40368073614722944,2.598526962899658,0.9930762022527844,-0.6405684477029043,-0.24679380652814778
0.40468093618723744,2.5982287896342253,0.9931134682794984,-0.6406739057784946,-0.24673110547372362
0.40568113622724544,2.5979307724438563,0.9931506336365998,-0.6407791708058577,-0.2466684813903377
0.40668133626725345,2.5976329110421332,0.993187698466222,-0.6408842429420817,-0.24660593424962407
0.40768153630726145,2.5973352051424605,0.9932246629105607,-0.6409891223443412,-0.24654346402323413
0.40868173634726945,2.5970376544580644,0.9932615271118763,-0.6410938091698967,-0.24648107068283737
0.40968193638727746,2.596740258701995,0.9932982912124916,-0.6411983035760949,-0.24641875420011952
0.41068213642728546,2.596443017587129,0.9933349553547887,-0.6413026057203687,-0.2463565145467829
0.41168233646729346,2.5961459308261716,0.9933715196812112,-0.6414067157602361,-0.24629435169454475
0.41268253650730147,2.595848998131658,0.9934079843342609,-0.6415106338533024,-0.24623226561513747
0.41368273654730947,2.5955522192159544,0.9934443494564958,-0.6416143601572566,-0.2461702562803078
0.4146829365873175,2.595255593791263,0.9934806151905318,-0.6417178948298745,-0.24610832366181537
0.4156831366273255,2.5949591215696213,0.9935167816790391,-0.6418212380290174,-0.24604646773143307
0.4166833366673335,2.594662802262904,0.9935528490647413,-0.6419243899126307,-0.2459846884609455
0.4176835367073415,2.594366635582825,0.9935888174904155,-0.6420273506387463,-0.24592298582214928
0.4186837367473495,2.5940706212409417,0.9936246870988898,-0.6421301203654801,-0.24586135978685136
0.4196839367873575,2.5937747589486544,0.9936604580330428,-0.6422326992510334,-0.24579981032686873
0.4206841368273655,2.5934790484172083,0.9936961304358023,-0.6423350874536922,-0.2457383374140283
0.4216843368673735,2.5931834893576973,0.9937317044501435,-0.6424372851318261,-0.245676941020165
0.4226845369073815,2.592888081481064,0.9937671802190895,-0.6425392924438902,-0.24561562111712232
0.4236847369473895,2.5925928244981025,0.9938025578857085,-0.6426411095484236,-0.24555437767675078
0.4246849369873975,2.5922977181194606,0.9938378375931131,-0.6427427366040488,-0.24549321067090776
0.4256851370274055,2.592002762055641,0.9938730194844586,-0.6428441737694729,-0.24543212007145643
0.4266853370674135,2.5917079560170047,0.9939081037029432,-0.6429454212034856,-0.245371105850265
0.4276855371074215,2.59141329971377,0.9939430903918067,-0.6430464790649617,-0.2453101679792068
0.4286857371474295,2.5911187928560175,0.9939779796943274,-0.6431473475128581,-0.24524930643015846
0.4296859371874375,2.5908244351536904,0.9940127717538224,-0.6432480267062148,-0.24518852117499984
0.43068613722744553,2.5905302263165972,0.9940474667136471,-0.6433485168041553,-0.24512781218561316
0.43168633726745353,2.5902361660544124,0.994082064717192,-0.6434488179658856,-0.24506717943388284
0.43268653730746154,2.5899422540766803,0.994116565907884,-0.6435489303506936,-0.24500662289169364
0.43368673734746954,2.589648490092815,0.9941509704291834,-0.6436488541179507,-0.2449461425309312
0.43468693738747755,2.5893548738121046,0.9941852784245828,-0.6437485894271092,-0.24488573832348035
0.43568713742748555,2.58906140494371,0.9942194900376081,-0.6438481364377049,-0.24482541024122517
0.43668733746749355,2.5887680831966695,0.9942536054118142,-0.6439474953093531,-0.24476515825604753
0.43768753750750156,2.588474908279899,0.9942876246907849,-0.644046666201752,-0.2447049823398269
0.43868773754750956,2.5881818799021947,0.9943215480181351,-0.6441456492746809,-0.24464488246443977
0.43968793758751756,2.587888997772236,0.994355375537504,-0.6442444446879999,-0.24458485860175835
0.44068813762752557,2.587596261598585,0.9943891073925575,-0.6443430526016497,-0.2445249107236502
0.44168833766753357,2.587303671089691,0.9944227437269864,-0.6444414731756515,-0.24446503880197779
0.4426885377075416,2.5870112259538898,0.9944562846845058,-0.6445397065701072,-0.24440524280859716
0.4436887377475496,2.586718925899408,0.9944897304088527,-0.6446377529451985,-0.24434552271535787
0.4446889377875576,2.5864267706343633,0.994523081043786,-0.6447356124611874,-0.24428587849410172
0.4456891378275656,2.5861347598667663,0.9945563367330839,-0.6448332852784139,-0.24422631011666238
0.4466893378675736,2.5858428933045245,0.9945894976205453,-0.6449307715572996,-0.2441668175548647
0.4476895379075816,2.5855511706554415,0.9946225638499852,-0.6450280714583436,-0.2441074007805235
0.4486897379475896,2.5852595916272194,0.9946555355652378,-0.645125185142124,-0.2440480597654439
0.4496899379875976,2.5849681559274624,0.9946884129101516,-0.6452221127692982,-0.24398879448141947
0.4506901380276056,2.5846768632636774,0.9947211960285898,-0.6453188545006011,-0.24392960490023227
0.4516903380676136,2.5843857133432753,0.9947538850644302,-0.6454154104968458,-0.24387049099365174
0.4526905381076216,2.584094705873574,0.9947864801615617,-0.6455117809189242,-0.24381145273343416
0.4536907381476296,2.5838038405618007,0.994818981463885,-0.6456079659278039,-0.2437524900913219
0.4546909381876376,2.5835131171150905,0.9948513891153127,-0.6457039656845314,-0.24369360303904317
0.4556911382276456,2.583222535240493,0.9948837032597643,-0.6457997803502289,-0.2436347915483103
0.4566913382676536,2.5829320946449705,0.9949159240411681,-0.6458954100860959,-0.24357605559081996
0.4576915383076616,2.582641795035401,0.9949480516034604,-0.6459908550534088,-0.2435173951382522
0.45869173834766963,2.5823516361185805,0.9949800860905823,-0.6460861154135196,-0.24345881016226975
0.45969193838767763,2.5820616176012234,0.9950120276464802,-0.6461811913278561,-0.243400300634517
0.46069213842768564,2.5817717391899673,0.9950438764151028,-0.6462760829579212,-0.24334186652661952
0.46169233846769364,2.5814820005913703,0.9950756325404041,-0.6463707904652949,-0.24328350781018393
0.46269253850770165,2.5811924015119176,0.9951072961663381,-0.6464653140116302,-0.2432252244567964
0.46369273854770965,2.58090294165802,0.9951388674368585,-0.646559653758656,-0.2431670164380222
0.46469293858771765,2.580613620736017,0.9951703464959206,-0.6466538098681751,-0.24310888372540512
0.46569313862772566,2.5803244384521773,0.9952017334874755,-0.6467477825020649,-0.24305082629046687
0.46669333866773366,2.580035394512703,0.995233028555474,-0.6468415718222759,-0.24299284410470623
0.46769353870774166,2.579746488623729,0.9952642318438614,-0.6469351779908331,-0.24293493713959838
0.46869373874774967,2.5794577204913267,0.9952953434965791,-0.6470286011698342,-0.24287710536659413
0.46969393878775767,2.5791690898215043,0.9953263636575623,-0.6471218415214501,-0.24281934875711972
0.4706941388277657,2.578880596320209,0.9953572924707392,-0.6472148992079241,-0.24276166728257542
0.4716943388677737,2.578592239693329,0.9953881300800302,-0.647307774391572,-0.24270406091433547
0.4726945389077817,2.578304019646696,0.9954188766293465,-0.6474004672347817,-0.24264652962374691
0.4736947389477897,2.5780159358860844,0.9954495322625895,-0.6474929779000127,-0.24258907338212957
0.4746949389877977,2.577727988117216,0.9954800971236489,-0.647585306549796,-0.24253169216077458
0.4756951390278057,2.57744017604576,0.9955105713564032,-0.6476774533467334,-0.2424743859309445
0.4766953390678137,2.5771524993773345,0.9955409551047174,-0.647769418453499,-0.24241715466387226
0.4776955391078217,2.576864957817511,0.9955712485124422,-0.6478612020328353,-0.24235999833075997
0.4786957391478297,2.5765775510718125,0.9956014517234125,-0.6479528042475564,-0.24230291690277952
0.4796959391878377,2.576290278845716,0.9956315648814481,-0.6480442252605456,-0.242245910351071
0.4806961392278457,2.5760031408446564,0.9956615881303509,-0.6481354652347561,-0.24218897864674221
0.4816963392678537,2.575716136774027,0.9956915216139044,-0.6482265243332103,-0.24213212176086799
0.4826965393078617,2.5754292663391807,0.9957213654758738,-0.6483174027189996,-0.2420753396644901
0.4836967393478697,2.575142529245431,0.9957511198600026,-0.6484081005552834,-0.24201863232861548
0.4846969393878777,2.574855925198055,0.9957807849100143,-0.6484986180052903,-0.241961999724217
0.4856971394278857,2.574569453902295,0.9958103607696099,-0.6485889552323163,-0.24190544182223153
0.48669733946789373,2.574283115063362,0.9958398475824662,-0.6486791123997255,-0.2418489585935602
0.48769753950790173,2.573996908386431,0.9958692454922367,-0.6487690896709483,-0.2417925500090672
0.48869773954790974,2.57371083357665,0.99589855464255,-0.6488588872094833,-0.24173621603957965
0.48969793958791774,2.5734248903391386,0.9959277751770077,-0.6489485051788951,-0.24167995665588654
0.49069813962792574,2.573139078378988,0.9959569072391846,-0.6490379437428148,-0.24162377182873832
0.49169833966793375,2.5728533974012664,0.9959859509726271,-0.6491272030649388,-0.24156766152884607
0.49269853970794175,2.5725678471110167,0.9960149065208529,-0.6492162833090307,-0.2415116257268815
0.49369873974794976,2.572282427213261,0.9960437740273489,-0.6493051846389178,-0.2414556643934755
0.49469893978795776,2.571997137413001,0.9960725536355718,-0.6493939072184943,-0.2413997774992181
0.49569913982796576,2.5717119774152204,0.9961012454889453,-0.649482451211717,-0.2413439650146575
0.49669933986797377,2.5714269469248845,0.9961298497308615,-0.6495708167826079,-0.2412882269102997
0.49769953990798177,2.5711420456469454,0.9961583665046772,-0.6496590040952535,-0.241232563156608
0.4986997399479898,2.570857273286339,0.9961867959537153,-0.6497470133138035,-0.24117697372400215
0.4996999399879978,2.5705726295479914,0.9962151382212618,-0.6498348446024707,-0.2411214585828576
0.5007001400280058,2.5702881141368175,0.9962433934505676,-0.6499224981255312,-0.24106601770350555
0.5017003400680138,2.5700037267577223,0.9962715617848447,-0.6500099740473237,-0.24101065105623165
0.5027005401080218,2.569719467115604,0.9962996433672667,-0.6500972725322496,-0.24095535861127598
0.5037007401480298,2.5694353349153554,0.9963276383409679,-0.6501843937447712,-0.24090014033883195
0.5047009401880378,2.569151329861865,0.9963555468490417,-0.6502713378494139,-0.2408449962090463
0.5057011402280458,2.5688674516600187,0.9963833690345408,-0.6503581050107633,-0.24078992619201772
0.5067013402680538,2.568583700014701,0.996411105040474,-0.6504446953934658,-0.24073493025779721
0.5077015403080618,2.5683000746307965,0.9964387550098095,-0.6505311091622289,-0.24068000837638653
0.5087017403480698,2.5680165752131923,0.9964663190854692,-0.6506173464818209,-0.24062516051773877
0.5097019403880778,2.567733201466779,0.9964937974103308,-0.6507034075170693,-0.24057038665175687
0.5107021404280858,2.5674499530964523,0.9965211901272262,-0.6507892924328609,-0.2405156867482932
0.5117023404680938,2.567166829807115,0.9965484973789396,-0.6508750013941419,-0.24046106077714932
0.5127025405081018,2.5668838313036764,0.996575719308209,-0.6509605345659184,-0.24040650870807545
0.5137027405481098,2.5666009572910573,0.996602856057722,-0.6510458921132534,-0.24035203051076912
0.5147029405881178,2.5663182074741884,0.9966299077701177,-0.6511310742012694,-0.240297626154876
0.5157031406281258,2.566035581558013,0.9966568745879849,-0.6512160809951463,-0.24024329560998794
0.5167033406681338,2.5657530792474903,0.9966837566538604,-0.6513009126601207,-0.24018903884564344
0.5177035407081418,2.5654707002475923,0.99671055411023,-0.6513855693614875,-0.24013485583132654
0.5187037407481498,2.5651884442633106,0.9967372670995254,-0.6514700512645974,-0.24008074653646672
0.5197039407881578,2.5649063109996537,0.9967638957641249,-0.6515543585348588,-0.24002671093043787
0.5207041408281659,2.5646243001616513,0.9967904402463525,-0.6516384913377352,-0.23997274898255827
0.5217043408681739,2.5643424114543536,0.9968169006884753,-0.6517224498387457,-0.2399188606620894
0.5227045409081819,2.5640606445828347,0.9968432772327046,-0.6518062342034651,-0.2398650459382362
0.5237047409481899,2.5637789992521918,0.9968695700211955,-0.651889844597524,-0.2398113047801462
0.5247049409881979,2.5634974751675497,0.9968957791960431,-0.6519732811866058,-0.2397576371569087
0.5257051410282059,2.563216072034059,0.9969219048992843,-0.65205654413645,-0.2397040430375549
0.5267053410682139,2.5629347895568997,0.9969479472728969,-0.6521396336128492,-0.23965052239105647
0.5277055411082219,2.5626536274412817,0.9969739064587962,-0.6522225497816502,-0.23959707518632636
0.5287057411482294,2.5623725853924473,0.9969997825988374,-0.6523052928087514,-0.23954370139221662
0.5297059411882374,2.5620916631156705,0.9970255758348135,-0.6523878628601066,-0.23949040097751978
0.5307061412282454,2.56181086031626,0.9970512863084531,-0.6524702601017205,-0.23943717391096683
0.5317063412682534,2.561530176699561,0.9970769141614221,-0.6525524846996498,-0.2393840201612272
0.5327065413082614,2.561249611970956,0.9971024595353202,-0.6526345368200045,-0.23933093969690883
0.5337067413482695,2.560969165835864,0.9971279225716833,-0.652716416628945,-0.23927793248655696
0.5347069413882775,2.560688837999747,0.9971533034119787,-0.6527981242926824,-0.23922499849865367
0.5357071414282855,2.560408628168105,0.9971786021976083,-0.6528796599774799,-0.23917213770161797
0.5367073414682935,2.5601285360464843,0.9972038190699043,-0.6529610238496497,-0.2391193500638048
0.5377075415083015,2.5598485613404725,0.9972289541701322,-0.6530422160755553,-0.2390666355535049
0.5387077415483095,2.559568703755704,0.9972540076394851,-0.6531232368216091,-0.2390139941389439
0.5397079415883175,2.5592889629978592,0.9972789796190877,-0.6532040862542727,-0.23896142578828233
0.5407081416283255,2.5590093387726673,0.9973038702499932,-0.6532847645400579,-0.23890893046961506
0.5417083416683335,2.5587298307859068,0.9973286796731818,-0.6533652718455226,-0.23885650815097018
0.5427085417083415,2.5584504387434057,0.9973534080295618,-0.6534456083372762,-0.2388041588003098
0.5437087417483495,2.558171162351046,0.9973780554599682,-0.6535257741819739,-0.23875188238552858
0.5447089417883575,2.557892001314763,0.99740262210516,-0.6536057695463185,-0.2386996788744536
0.5457091418283655,2.5576129553405447,0.9974271081058227,-0.6536855945970613,-0.23864754823484394
0.5467093418683735,2.557334024134438,0.9974515136025651,-0.6537652495009985,-0.23859549043438993
0.5477095419083815,2.5570552074025454,0.9974758387359194,-0.6538447344249744,-0.23854350544071357
0.5487097419483895,2.556776504851028,0.997500083646341,-0.6539240495358786,-0.23849159322136698
0.5497099419883975,2.5564979161861072,0.997524248474207,-0.6540031950006469,-0.2384397537438326
0.5507101420284055,2.5562194411140666,0.9975483333598143,-0.6540821709862596,-0.23838798697552274
0.5517103420684135,2.555941079341251,0.9975723384433813,-0.6541609776597436,-0.238336292883779
0.5527105421084215,2.5556628305740694,0.9975962638650463,-0.6542396151881685,-0.23828467143587184
0.5537107421484295,2.5553846945189957,0.9976201097648654,-0.6543180837386501,-0.23823312259900042
0.5547109421884375,2.5551066708825703,0.9976438762828134,-0.6543963834783466,-0.23818164634029187
0.5557111422284455,2.554828759371402,0.9976675635587817,-0.6544745145744609,-0.23813024262680085
0.5567113422684535,2.554550959692167,0.9976911717325798,-0.6545524771942384,-0.23807891142550938
0.5577115423084615,2.554273271551612,0.9977147009439327,-0.6546302715049674,-0.23802765270332635
0.5587117423484695,2.5539956946565563,0.9977381513324788,-0.6547078976739797,-0.23797646642708725
0.5597119423884775,2.55371822871389,0.9977615230377733,-0.6547853558686477,-0.23792535256355324
0.5607121424284855,2.553440873430578,0.9977848161992836,-0.6548626462563868,-0.23787431107941137
0.5617123424684936,2.5531636285136585,0.9978080309563906,-0.6549397690046528,-0.23782334194127377
0.5627125425085016,2.5528864936702487,0.9978311674483888,-0.6550167242809442,-0.23777244511567774
0.5637127425485096,2.552609468607542,0.9978542258144819,-0.6550935122527985,-0.23772162056908475
0.5647129425885176,2.5523325530328096,0.997877206193786,-0.6551701330877938,-0.23767086826788006
0.5657131426285256,2.552055746653403,0.9979001087253266,-0.6552465869535493,-0.23762018817837338
0.5667133426685336,2.5517790491767545,0.9979229335480404,-0.6553228740177227,-0.237569580266797
0.5677135427085416,2.5515024603103797,0.9979456808007707,-0.6553989944480116,-0.2375190444993067
0.5687137427485496,2.5512259797618766,0.9979683506222707,-0.6554749484121518,-0.23746858084198028
0.5697139427885576,2.5509496072389277,0.9979909431512,-0.655550736077918,-0.23741818926081812
0.5707141428285656,2.550673342449301,0.9980134585261259,-0.655626357613124,-0.23736786972174231
0.5717143428685736,2.5503971851008522,0.9980358968855206,-0.6557018131856199,-0.23731762219059618
0.5727145429085816,2.5501211349015245,0.9980582583677622,-0.6557771029632943,-0.23726744663314453
0.5737147429485896,2.54984519155935,0.9980805431111343,-0.655852227114072,-0.2372173430150726
0.5747149429885976,2.549569354782452,0.9981027512538238,-0.6559271858059148,-0.23716731130198593
0.5757151430286056,2.549293624279044,0.9981248829339207,-0.656001979206822,-0.2371173514594104
0.5767153430686136,2.549017999757434,0.9981469382894191,-0.6560766074848275,-0.23706746345279142
0.5777155431086216,2.5487424809260215,0.9981689174582137,-0.6561510708080018,-0.23701764724749352
0.5787157431486296,2.5484670674933025,0.9981908205781017,-0.6562253693444503,-0.23696790280880053
0.5797159431886376,2.5481917591678687,0.9982126477867796,-0.6562995032623131,-0.2369182301019147
0.5807161432286456,2.547916555658408,0.9982343992218465,-0.6563734727297652,-0.23686862909195647
0.5817163432686536,2.547641456673707,0.9982560750207989,-0.6564472779150152,-0.23681909974396442
0.5827165433086616,2.5473664619226515,0.9982776753210332,-0.656520918986307,-0.23676964202289508
0.5837167433486696,2.547091571114228,0.9982992002598431,-0.6565943961119167,-0.23672025589362156
0.5847169433886776,2.546816783957524,0.9983206499744206,-0.6566677094601541,-0.23667094132093439
0.5857171434286856,2.54654210016173,0.9983420246018547,-0.6567408591993612,-0.2366216982695407
0.5867173434686936,2.54626751943614,0.9983633242791312,-0.6568138454979129,-0.2365725267040639
0.5877175435087016,2.545993041490153,0.9983845491431296,-0.6568866685242165,-0.2365234265890435
0.5887177435487096,2.545718666033272,0.9984056993306261,-0.6569593284467101,-0.23647439788893443
0.5897179435887177,2.545444392775109,0.9984267749782919,-0.6570318254338641,-0.23642544056810744
0.5907181436287257,2.5451702214253826,0.9984477762226913,-0.6571041596541797,-0.2363765545908481
0.5917183436687337,2.5448961516939215,0.9984687032002809,-0.6571763312761876,-0.2363277399213566
0.5927185437087417,2.544622183290663,0.9984895560474115,-0.6572483404684502,-0.23627899652374787
0.5937187437487497,2.5443483159256566,0.9985103349003247,-0.6573201873995591,-0.23623032436205094
0.5947189437887577,2.5440745493090624,0.9985310398951546,-0.6573918722381362,-0.23618172340020863
0.5957191438287657,2.5438008831511554,0.9985516711679253,-0.6574633951528314,-0.23613319360207732
0.5967193438687737,2.543527317162324,0.9985722288545514,-0.6575347563123245,-0.2360847349314267
0.5977195439087817,2.5432538510530702,0.9985927130908374,-0.6576059558853231,-0.23603634735193954
0.5987197439487897,2.5429804845340143,0.9986131240124764,-0.657676994040563,-0.23598803082721104
0.5997199439887977,2.5427072173158924,0.9986334617550503,-0.6577478709468089,-0.23593978532074938
0.6007201440288057,2.54243404910956,0.9986537264540285,-0.6578185867728515,-0.23589161079597412
0.6017203440688137,2.5421609796259896,0.9986739182447688,-0.6578891416875092,-0.23584350721621739
0.6027205441088217,2.5418880085762763,0.9986940372625134,-0.6579595358596267,-0.23579547454472227
0.6037207441488297,2.5416151356716346,0.9987140836423934,-0.6580297694580758,-0.23574751274464367
0.6047209441888377,2.5413423606234016,0.9987340575194237,-0.6580998426517534,-0.2356996217790472
0.6057211442288457,2.5410696831430375,0.998753959028505,-0.6581697556095828,-0.23565180161090937
0.6067213442688537,2.5407971029421272,0.9987737883044229,-0.6582395085005127,-0.2356040522031173
0.6077215443088617,2.5405246197323796,0.9987935454818452,-0.6583091014935161,-0.23555637351846834
0.6087217443488697,2.54025223322563,0.9988132306953246,-0.6583785347575906,-0.23550876551966946
0.6097219443888777,2.5399799431338406,0.9988328440792955,-0.6584478084617582,-0.23546122816933776
0.6107221444288857,2.539707749169101,0.9988523857680753,-0.6585169227750649,-0.23541376142999967
0.6117223444688937,2.53943565104363,0.998871855895863,-0.6585858778665804,-0.23536636526409085
0.6127225445089017,2.539163648469776,0.9988912545967389,-0.6586546739053977,-0.23531903963395603
0.6137227445489097,2.5388917411600196,0.998910582004663,-0.6587233110606325,-0.23527178450184852
0.6147229445889177,2.538619928826971,0.998929838253476,-0.6587917895014218,-0.2352245998299302
0.6157231446289257,2.538348211183374,0.9989490234768984,-0.6588601093969262,-0.2351774855802711
0.6167233446689337,2.5380765879421046,0.9989681378085299,-0.6589282709163278,-0.23513044171484931
0.6177235447089418,2.5378050588161747,0.9989871813818472,-0.65899627422883,-0.2350834681955508
0.6187237447489498,2.537533623518731,0.9990061543302065,-0.6590641195036563,-0.23503656498416872
0.6197239447889578,2.5372622817630566,0.9990250567868404,-0.6591318069100526,-0.23498973204240386
0.6207241448289658,2.5369910332625705,0.999043888884859,-0.6591993366172842,-0.2349429693318641
0.6217243448689738,2.5367198777308313,0.9990626507572483,-0.6592667087946363,-0.23489627681406366
0.6227245449089818,2.536448814881535,0.9990813425368708,-0.6593339236114142,-0.23484965445042408
0.6237247449489898,2.536177844428519,0.9990999643564629,-0.6594009812369431,-0.234803102202273
0.6247249449889978,2.53590696608576,0.9991185163486384,-0.6594678818405659,-0.23475662003084408
0.6257251450290058,2.535636179567377,0.999136998645883,-0.6595346255916442,-0.23471020789727698
0.6267253450690138,2.5353654845876314,0.9991554113805566,-0.6596012126595588,-0.23466386576261722
0.6277255451090218,2.535094880860927,0.9991737546848946,-0.6596676432137083,-0.23461759358781592
0.6287257451490298,2.5348243681018117,0.9991920286910018,-0.6597339174235081,-0.2345713913337294
0.6297259451890378,2.5345539460249795,0.9992102335308578,-0.6598000354583916,-0.23452525896111912
0.6307261452290458,2.53428361434527,0.9992283693363138,-0.6598659974878093,-0.2344791964306517
0.6317263452690538,2.534013372777669,0.9992464362390918,-0.6599318036812276,-0.234433203702898
0.6327265453090618,2.53374322103731,0.9992644343707839,-0.6599974542081288,-0.23438728073833362
0.6337267453490698,2.5334731588394743,0.9992823638628545,-0.6600629492380117,-0.23434142749733863
0.6347269453890778,2.533203185899593,0.9993002248466362,-0.6601282889403908,-0.23429564394019708
0.6357271454290858,2.5329333019332476,0.999318017453332,-0.6601934734847953,-0.23424993002709685
0.6367273454690938,2.53266350665617,0.9993357418140134,-0.6602585030407693,-0.23420428571812968
0.6377275455091018,2.532393799784243,0.9993533980596201,-0.6603233777778714,-0.23415871097329075
0.6387277455491098,2.532124181033503,0.9993709863209601,-0.6603880978656743,-0.23411320575247868
0.6397279455891178,2.5318546501201387,0.9993885067287095,-0.6604526634737654,-0.23406777001549556
0.6407281456291258,2.531585206760494,0.9994059594134107,-0.6605170747717443,-0.2340224037220459
0.6417283456691338,2.5313158506710662,0.9994233445054732,-0.6605813319292237,-0.2339771068317373
0.6427285457091418,2.53104658156851,0.9994406621351727,-0.6606454351158304,-0.23393187930408021
0.6437287457491498,2.530777399169635,0.9994579124326494,-0.660709384501202,-0.2338867210984871
0.6447289457891578,2.5305083031914095,0.9994750955279103,-0.6607731802549894,-0.23384163217427312
0.6457291458291659,2.530239293350958,0.9994922115508268,-0.660836822546855,-0.23379661249065548
0.6467293458691739,2.529970369365566,0.9995092606311337,-0.6609003115464723,-0.23375166200675318
0.6477295459091819,2.5297015309526767,0.9995262428984312,-0.6609636474235259,-0.2337067806815871
0.6487297459491899,2.5294327778298946,0.9995431584821817,-0.6610268303477116,-0.23366196847407966
0.6497299459891979,2.5291641097149853,0.9995600075117111,-0.6610898604887351,-0.23361722534305485
0.6507301460292059,2.5288955263258757,0.9995767901162078,-0.6611527380163126,-0.23357255124723802
0.6517303460692139,2.5286270273806566,0.9995935064247226,-0.6612154631001694,-0.2335279461452555
0.6527305461092219,2.5283586125975797,0.9996101565661677,-0.6612780359100408,-0.2334834099956346
0.6537307461492299,2.5280902816950634,0.9996267406693161,-0.6613404566156706,-0.2334389427568037
0.6547309461892379,2.5278220343916904,0.9996432588628031,-0.6614027253868116,-0.2333945443870916
0.6557311462292459,2.5275538704062073,0.9996597112751232,-0.6614648423932254,-0.23335021484472784
0.6567313462692539,2.5272857894575287,0.9996760980346315,-0.6615268078046812,-0.23330595408784233
0.6577315463092619,2.527017791264736,0.999692419269543,-0.6615886217909558,-0.23326176207446514
0.6587317463492699,2.5267498755470785,0.9997086751079304,-0.6616502845218335,-0.23321763876252635
0.6597319463892779,2.5264820420239738,0.9997248656777262,-0.6617117961671055,-0.2331735841098562
0.6607321464292859,2.5262142904150076,0.9997409911067221,-0.6617731568965697,-0.23312959807418454
0.6617323464692939,2.525946620439938,0.9997570515225651,-0.6618343668800308,-0.23308568061314103
0.6627325465093019,2.525679031818691,0.9997730470527634,-0.6618954262872992,-0.2330418316842549
0.6637327465493099,2.525411524271366,0.9997889778246786,-0.661956335288191,-0.23299805124495496
0.6647329465893179,2.5251440975182327,0.9998048439655325,-0.6620170940525278,-0.23295433925256911
0.6657331466293259,2.524876751279735,0.9998206456024005,-0.6620777027501362,-0.23291069566432443
0.6667333466693339,2.5246094852764904,0.9998363828622149,-0.6621381615508469,-0.23286712043734684
0.6677335467093419,2.5243422992292897,0.999852055871764,-0.6621984706244959,-0.23282361352866165
0.6687337467493499,2.524075192859098,0.999867664757691,-0.6622586301409227,-0.2327801748951927
0.6697339467893579,2.5238081658870564,0.9998832096464937,-0.6623186402699711,-0.23273680449376258
0.6707341468293659,2.5235412180344836,0.9998986906645239,-0.6623785011814872,-0.23269350228109206
0.6717343468693739,2.523274349022872,0.9999141079379881,-0.662438213045321,-0.23265026821380078
0.672734546909382,2.5230075585738945,0.999929461592946,-0.6624977760313246,-0.2326071022484066
0.67373474694939,2.5227408464094,0.9999447517553111,-0.6625571903093534,-0.23256400434132554
0.674734946989398,2.522474212251417,0.9999599785508484,-0.6626164560492638,-0.2325209744488717
0.675735147029406,2.5222076558221547,0.9999751421051769,-0.6626755734209145,-0.2324780125272573
0.676735347069414,2.521941176844,0.9999902425437671,-0.6627345425941654,-0.2324351185325923
0.677735547109422,2.5216747750395223,1.0000052799919408,-0.6627933637388774,-0.2323922924208845
0.67873574714943,2.5214084501314713,1.0000202545748722,-0.6628520370249128,-0.2323495341480397
0.679735947189438,2.521142201842781,1.0000351664175853,-0.6629105626221334,-0.23230684366986074
0.680736147229446,2.5208760298965642,1.0000500156449557,-0.6629689407004014,-0.23226422094204835
0.681736347269454,2.5206099340161208,1.0000648023817087,-0.663027171429578,-0.23222166592020024
0.682736547309462,2.5203439139249317,1.00007952675242,-0.6630852549795256,-0.23217917855981215
0.68373674734947,2.520077969346665,1.0000941888815147,-0.6631431915201038,-0.23213675881627613
0.684736947389478,2.5198121000051716,1.0001087888932667,-0.6632009812211722,-0.23209440664488204
0.685737147429486,2.5195463056244893,1.0001233269117997,-0.6632586242525881,-0.23205212200081646
0.686737347469494,2.519280585928843,1.0001378030610846,-0.6633161207842069,-0.23200990483916295
0.687737547509502,2.5190149406426436,1.0001522174649418,-0.6633734709858815,-0.23196775511490197
0.68873774754951,2.518749369490489,1.000166570247039,-0.6634306750274634,-0.23192567278291096
0.689737947589518,2.5184838721971667,1.0001808615308905,-0.6634877330787999,-0.23188365779796358
0.690738147629526,2.518218448487652,1.0001950914398599,-0.6635446453097359,-0.2318417101147309
0.691738347669534,2.5179530980871108,1.000209260097155,-0.6636014118901122,-0.23179982968777968
0.692738547709542,2.5176878207208975,1.000223367625833,-0.6636580329897654,-0.2317580164715736
0.69373874774955,2.5174226161145588,1.000237414148794,-0.6637145087785284,-0.23171627042047288
0.694738947789558,2.517157483993831,1.0002513997887863,-0.6637708394262292,-0.23167459148873376
0.695739147829566,2.5168924240846424,1.000265324668403,-0.6638270251026914,-0.23163297963050924
0.696739347869574,2.516627436113115,1.0002791889100822,-0.663883065977732,-0.23159143479984798
0.697739547909582,2.516362519805562,1.000292992636107,-0.6639389622211641,-0.2315499569506952
0.69873974794959,2.516097674888491,1.0003067359686046,-0.6639947140027936,-0.2315085460368919
0.699739947989598,2.515832901088604,1.0003204190295478,-0.6640503214924212,-0.23146720201217572
0.700740148029606,2.515568198132796,1.0003340419407512,-0.6641057848598397,-0.23142592483017965
0.701740348069614,2.515303565748159,1.0003476048238746,-0.664161104274836,-0.23138471444443304
0.702740548109622,2.5150390036619794,1.0003611078004198,-0.6642162799071891,-0.231343570808361
0.7037407481496301,2.5147745116017406,1.000374550991733,-0.66427131192667,-0.23130249387528426
0.7047409481896381,2.514510089295123,1.000387934519002,-0.6643262005030425,-0.2312614835984198
0.7057411482296461,2.514245736470003,1.0004012585032573,-0.6643809458060622,-0.2312205399308802
0.7067413482696541,2.5139814528544573,1.0004145230653712,-0.6644355480054749,-0.23117966282567362
0.7077415483096621,2.51371723817676,1.0004277283260574,-0.6644900072710183,-0.23113885223570405
0.7087417483496701,2.5134530921653826,1.0004408744058726,-0.66454432377242,-0.2310981081137713
0.7097419483896781,2.5131890145489986,1.0004539614252126,-0.6645984976793986,-0.2310574304125704
0.7107421484296861,2.5129250050564798,1.0004669895043152,-0.664652529161662,-0.23101681908469263
0.7117423484696941,2.5126610634169,1.000479958763259,-0.6647064183889079,-0.23097627408262422
0.7127425485097021,2.512397189359534,1.0004928693219612,-0.6647601655308228,-0.23093579535874745
0.7137427485497101,2.5121333826138565,1.0005057213001816,-0.6648137707570828,-0.23089538286533998
0.7147429485897181,2.511869642909547,1.000518514817517,-0.6648672342373521,-0.2308550365545748
0.7157431486297261,2.511605969976485,1.0005312499934054,-0.6649205561412825,-0.23081475637852086
0.7167433486697341,2.511342363544757,1.0005439269471228,-0.6649737366385137,-0.23077454228914207
0.7177435487097421,2.5110788233446497,1.0005565457977854,-0.6650267758986731,-0.23073439423829858
0.7187437487497501,2.510815349106655,1.0005691066643463,-0.6650796740913748,-0.23069431217774547
0.7197439487897581,2.510551940561471,1.0005816096655982,-0.6651324313862196,-0.23065429605913354
0.7207441488297661,2.5102885974399993,1.0005940549201702,-0.6651850479527941,-0.23061434583400928
0.7217443488697741,2.510025319473349,1.0006064425465313,-0.665237523960671,-0.23057446145381438
0.7227445489097821,2.5097621063928335,1.0006187726629865,-0.665289859579409,-0.23053464286988665
0.7237447489497901,2.509498957929976,1.0006310453876783,-0.6653420549785508,-0.2304948900334589
0.7247449489897981,2.5092358738165035,1.0006432608385862,-0.6653941103276239,-0.23045520289565996
0.7257451490298061,2.508972853784354,1.0006554191335268,-0.6654460257961406,-0.2304155814075139
0.7267453490698141,2.5087098975656716,1.0006675203901523,-0.6654978015535967,-0.23037602551994082
0.7277455491098221,2.508447004892811,1.000679564725951,-0.6655494377694712,-0.23033653518375646
0.7287457491498301,2.5081841754983345,1.0006915522582476,-0.6656009346132264,-0.23029711034967207
0.7297459491898382,2.507921409115016,1.0007034831042025,-0.6656522922543068,-0.23025775096829504
0.7307461492298462,2.5076587054758384,1.0007153573808114,-0.6657035108621393,-0.23021845699012825
0.7317463492698542,2.5073960643139963,1.0007271752049047,-0.665754590606133,-0.23017922836557078
0.7327465493098622,2.507133485362895,1.0007389366931485,-0.6658055316556766,-0.2301400650449176
0.7337467493498702,2.5068709683561514,1.0007506419620422,-0.6658563341801406,-0.2301009669783595
0.7347469493898782,2.506608513027596,1.0007622911279215,-0.6659069983488768,-0.2300619341159837
0.7357471494298862,2.5063461191112713,1.0007738843069538,-0.6659575243312149,-0.23002296640777337
0.7367473494698942,2.5060837863414327,1.0007854216151424,-0.6660079122964654,-0.229984063803608
0.7377475495099022,2.5058215144525495,1.000796903168324,-0.6660581624139179,-0.22994522625326375
0.7387477495499102,2.5055593031793064,1.0008083290821677,-0.6661082748528391,-0.22990645370641277
0.7397479495899182,2.505297152256602,1.0008196994721765,-0.6661582497824746,-0.22986774611262406
0.7407481496299262,2.5050350614195507,1.0008310144536872,-0.6662080873720471,-0.2298291034213632
0.7417483496699342,2.504773030403481,1.000842274141867,-0.6662577877907565,-0.22979052558199276
0.7427485497099422,2.50451105894394,1.000853478651718,-0.6663073512077792,-0.22975201254377217
0.7437487497499502,2.504249146776689,1.000864628098073,-0.6663567777922664,-0.22971356425585757
0.7447489497899582,2.5039872936377097,1.0008757225955986,-0.6664060677133465,-0.22967518066730302
0.7457491498299662,2.503725499263198,1.0008867622587914,-0.6664552211401209,-0.22963686172705947
0.7467493498699742,2.503463763389571,1.00089774720198,-0.6665042382416657,-0.2295986073839754
0.7477495499099822,2.5032020857534625,1.0009086775393248,-0.6665531191870309,-0.22956041758679704
0.7487497499499902,2.5029404660917267,1.0009195533848172,-0.6666018641452391,-0.22952229228416862
0.7497499499899982,2.5026789041414372,1.0009303748522804,-0.666650473285286,-0.2294842314246326
0.7507501500300062,2.5024173996398877,1.0009411420553664,-0.6666989467761381,-0.22944623495662927
0.7517503500700142,2.502155952324593,1.0009518551075598,-0.6667472847867335,-0.2294083028284977
0.7527505501100222,2.501894561933288,1.0009625141221747,-0.6667954874859812,-0.2293704349884758
0.7537507501500302,2.501633228203931,1.000973119212355,-0.6668435550427595,-0.2293326313847001
0.7547509501900382,2.5013719508747005,1.0009836704910753,-0.6668914876259154,-0.22929489196520642
0.7557511502300458,2.5011107296840005,1.0009941680711383,-0.6669392854042654,-0.2292572166779301
0.7567513502700538,2.5008495643704554,1.0010046120651783,-0.6669869485465928,-0.22921960547070636
0.7577515503100618,2.500588454672915,1.0010150025856586,-0.6670344772216482,-0.22918205829126997
0.7587517503500698,2.500327400330453,1.0010253397448703,-0.667081871598149,-0.2291445750872567
0.7597519503900778,2.500066401082369,1.0010356236549343,-0.6671291318447765,-0.2291071558062021
0.7607521504300858,2.4998054566681858,1.001045854427801,-0.667176258130178,-0.22906980039554348
0.7617523504700938,2.4995445668276535,1.0010560321752473,-0.6672232506229635,-0.22903250880261872
0.7627525505101018,2.4992837313007485,1.001066157008881,-0.6672701094917075,-0.22899528097466798
0.7637527505501098,2.4990229498276744,1.0010762290401363,-0.6673168349049454,-0.22895811685883308
0.7647529505901178,2.498762222148862,1.001086248380277,-0.6673634270311732,-0.22892101640215828
0.7657531506301258,2.498501548004971,1.0010962151403922,-0.6674098860388485,-0.2288839795515908
0.7667533506701338,2.498240927136888,1.0011061294314019,-0.6674562120963878,-0.228847006253981
0.7677535507101418,2.497980359285732,1.0011159913640513,-0.6675024053721653,-0.22881009645608302
0.7687537507501498,2.497719844192848,1.0011258010489132,-0.6675484660345127,-0.22877325010455524
0.7697539507901578,2.497459381599814,1.0011355585963884,-0.6675943942517188,-0.2287364671459606
0.7707541508301659,2.4971989712484386,1.0011452641167047,-0.6676401901920265,-0.2286997475267673
0.7717543508701739,2.496938612880761,1.0011549177199162,-0.6676858540236337,-0.22866309119334938
0.7727545509101819,2.496678306239054,1.0011645195159036,-0.6677313859146896,-0.2286264980919867
0.7737547509501899,2.4964180510658225,1.0011740696143747,-0.6677767860332977,-0.22858996816886676
0.7747549509901979,2.4961578471038055,1.001183568124863,-0.66782205454751,-0.22855350137008382
0.7757551510302059,2.4958976940959747,1.0011930151567296,-0.6678671916253289,-0.2285170976416408
0.7767553510702139,2.4956375917855382,1.0012024108191604,-0.6679121974347041,-0.22848075692944883
0.7777555511102219,2.495377539915939,1.0012117552211675,-0.6679570721435322,-0.2284444791793291
0.7787557511502299,2.4951175382308564,1.0012210484715882,-0.6680018159196555,-0.2284082643370127
0.7797559511902379,2.4948575864742057,1.0012302906790869,-0.6680464289308595,-0.22837211234814164
0.7807561512302459,2.494597684390141,1.0012394819521526,-0.6680909113448726,-0.2283360231582698
0.7817563512702539,2.4943378317230542,1.0012486223990993,-0.6681352633293641,-0.22829999671286338
0.7827565513102619,2.4940780282175754,1.0012577121280672,-0.6681794850519416,-0.22826403295730216
0.7837567513502699,2.493818273618575,1.0012667512470215,-0.6682235766801521,-0.22822813183688032
0.7847569513902779,2.493558567671164,1.0012757398637515,-0.6682675383814768,-0.22819229329680696
0.7857571514302859,2.493298910120695,1.001284678085872,-0.6683113703233322,-0.2281565172822077
0.7867573514702939,2.4930393007127623,1.0012935660208235,-0.6683550726730677,-0.2281208037381252
0.7877575515103019,2.4927797391932023,1.0013024037758689,-0.668398645597962,-0.22808515260952025
0.7887577515503099,2.492520225308097,1.0013111914580974,-0.6684420892652236,-0.22804956384127312
0.7897579515903179,2.492260758803771,1.0013199291744226,-0.6684854038419866,-0.22801403737818438
0.7907581516303259,2.4920013394267952,1.0013286170315814,-0.6685285894953109,-0.22797857316497627
0.7917583516703339,2.4917419669239873,1.0013372551361357,-0.6685716463921784,-0.22794317114629414
0.7927585517103419,2.491482641042411,1.001345843594472,-0.6686145746994911,-0.22790783126670722
0.7937587517503499,2.4912233615293804,1.0013543825127993,-0.6686573745840693,-0.22787255347071023
0.7947589517903579,2.4909641281324557,1.0013628719971521,-0.6687000462126492,-0.22783733770272493
0.7957591518303659,2.49070494059945,1.001371312153387,-0.6687425897518795,-0.2278021839071012
0.7967593518703739,2.4904457986784267,1.001379703087186,-0.6687850053683205,-0.22776709202811873
0.797759551910382,2.4901867021177004,1.0013880449040549,-0.66882729322844,-0.22773206200998863
0.79875975195039,2.4899276506658397,1.001396337709322,-0.668869453498611,-0.2276970937968551
0.799759951990398,2.489668644071668,1.0014045816081398,-0.6689114863451099,-0.22766218733279683
0.800760152030406,2.489409682084264,1.0014127767054837,-0.6689533919341116,-0.22762734256182884
0.801760352070414,2.4891507644529622,1.0014209231061537,-0.6689951704316892,-0.22759255942790496
0.802760552110422,2.488891890927356,1.0014290209147714,-0.6690368220038082,-0.22755783787491854
0.80376075215043,2.488633061257297,1.0014370702357842,-0.6690783468163252,-0.22752317784670525
0.804760952190438,2.4883742751928994,1.0014450711734613,-0.6691197450349833,-0.22748857928704502
0.805761152230446,2.4881155324845365,1.0014530238318946,-0.669161016825409,-0.22745404213966394
0.806761352270454,2.487856832882845,1.0014609283149996,-0.6692021623531091,-0.2274195663482368
0.807761552310462,2.487598176138727,1.0014687847265167,-0.6692431817834675,-0.2273851518563891
0.80876175235047,2.4873395620033496,1.0014765931700071,-0.6692840752817394,-0.22735079860769933
0.809761952390478,2.487080990228148,1.0014843537488558,-0.6693248430130486,-0.227316506545702
0.810762152430486,2.4868224605648255,1.001492066566272,-0.6693654851423844,-0.2272822756138896
0.811762352470494,2.486563972765356,1.0014997317252872,-0.6694060018345945,-0.22724810575571583
0.812762552510502,2.486305526581986,1.0015073493287558,-0.6694463932543842,-0.22721399691459798
0.81376275255051,2.4860471217672337,1.001514919479356,-0.6694866595663082,-0.22717994903391975
0.814762952590518,2.485788758073894,1.0015224422795888,-0.6695268009347691,-0.22714596205703494
0.815763152630526,2.48553043525504,1.0015299178317778,-0.6695668175240106,-0.22711203592726975
0.816763352670534,2.4852721530640207,1.0015373462380714,-0.6696067094981123,-0.2270781705879263
0.817763552710542,2.4850139112544687,1.0015447276004394,-0.6696464770209865,-0.2270443659822865
0.81876375275055,2.484755709580298,1.0015520620206761,-0.6696861202563691,-0.2270106220536143
0.819763952790558,2.4844975477957068,1.001559349600399,-0.669725639367818,-0.2269769387451607
0.820764152830566,2.4842394256551805,1.0015665904410485,-0.6697650345187053,-0.22694331600016696
0.821764352870574,2.4839813429134945,1.0015737846438886,-0.6698043058722112,-0.22690975376186814
0.822764552910582,2.4837232993257143,1.0015809323100067,-0.6698434535913179,-0.22687625197349764
0.82376475295059,2.4834652946471985,1.0015880335403151,-0.6698824778388037,-0.226842810578291
0.824764952990598,2.4832073286336014,1.0015950884355476,-0.6699213787772351,-0.22680942951949068
0.825765153030606,2.4829494010408752,1.0016020970962631,-0.6699601565689617,-0.22677610874035023
0.826765353070614,2.4826915116252737,1.0016090596228444,-0.6699988113761075,-0.22674284818413928
0.827765553110622,2.4824336601433523,1.001615976115498,-0.6700373433605641,-0.22670964779414832
0.8287657531506301,2.482175846351974,1.0016228466742547,-0.6700757526839829,-0.2266765075136934
0.8297659531906381,2.481918070008309,1.00162967139897,-0.6701140395077675,-0.22664342728612175
0.8307661532306461,2.4816603308698397,1.0016364503893218,-0.6701522039930652,-0.22661040705481716
0.8317663532706541,2.481402628694362,1.0016431837448159,-0.6701902463007581,-0.22657744676320554
0.8327665533106621,2.481144963239989,1.0016498715647808,-0.6702281665914548,-0.2265445463547608
0.8337667533506701,2.480887334265155,1.0016565139483695,-0.6702659650254821,-0.2265117057730108
0.8347669533906781,2.480629741528618,1.0016631109945613,-0.6703036417628734,-0.22647892496154354
0.8357671534306861,2.4803721847894624,1.0016696628021606,-0.6703411969633613,-0.22644620386401412
0.8367673534706941,2.480114663807103,1.0016761694697969,-0.6703786307863663,-0.22641354242415104
0.8377675535107021,2.4798571783412897,1.001682631095926,-0.6704159433909858,-0.22638094058576305
0.8387677535507101,2.4795997281521083,1.0016890477788296,-0.6704531349359855,-0.22634839829274706
0.8397679535907181,2.479342312999988,1.0016954196166152,-0.6704902055797853,-0.22631591548909483
0.8407681536307261,2.4790849326457014,1.0017017467072185,-0.6705271554804509,-0.22628349211890134
0.8417683536707341,2.4788275868503717,1.0017080291483986,-0.6705639847956789,-0.22625112812637244
0.8427685537107421,2.478570275375476,1.0017142670377461,-0.6706006936827866,-0.2262188234558337
0.8437687537507501,2.4783129979828478,1.0017204604726762,-0.6706372822986987,-0.2261865780517384
0.8447689537907581,2.478055754434685,1.0017266095504318,-0.6706737507999335,-0.22615439185867692
0.8457691538307661,2.47779854449355,1.0017327143680859,-0.6707100993425901,-0.22612226482138553
0.8467693538707741,2.47754136792238,1.0017387750225384,-0.670746328082333,-0.22609019688475673
0.8477695539107821,2.477284224484487,1.0017447916105189,-0.6707824371743797,-0.22605818799384866
0.8487697539507901,2.4770271139435645,1.001750764228586,-0.6708184267734829,-0.22602623809389505
0.8497699539907981,2.4767700360636926,1.001756692973128,-0.6708542970339175,-0.2259943471303169
0.8507701540308061,2.4765129906093453,1.0017625779403632,-0.6708900481094632,-0.22596251504873238
0.8517703540708141,2.476255977345394,1.0017684192263416,-0.6709256801533877,-0.22593074179496897
0.8527705541108221,2.4759989960371134,1.0017742169269426,-0.6709611933184302,-0.2258990273150748
0.8537707541508301,2.475742046450188,1.001779971137879,-0.6709965877567834,-0.22586737155533143
0.8547709541908382,2.4754851283507184,1.001785681954694,-0.6710318636200748,-0.2258357744622657
0.8557711542308462,2.475228241505227,1.0017913494727644,-0.6710670210593481,-0.22580423598266317
0.8567713542708542,2.4749713856806657,1.0017969737873005,-0.6711020602250436,-0.2257727560635821
0.8577715543108622,2.474714560644421,1.0018025549933465,-0.6711369812669784,-0.225741334652367
0.8587717543508702,2.4744577661643232,1.00180809318578,-0.6711717843343233,-0.22570997169666254
0.8597719543908782,2.47420100200865,1.001813588459315,-0.6712064695755854,-0.22567866714442977
0.8607721544308862,2.4739442679461385,1.0018190409085008,-0.6712410371385817,-0.22564742094396065
0.8617723544708942,2.47368756374599,1.0018244506277234,-0.671275487170419,-0.22561623304389425
0.8627725545109022,2.4734308891778785,1.0018298177112053,-0.6713098198174673,-0.22558510339323334
0.8637727545509102,2.4731742440119584,1.0018351422530078,-0.6713440352253381,-0.2255540319413617
0.8647729545909182,2.472917628018875,1.0018404243470307,-0.6713781335388582,-0.22552301863806143
0.8657731546309262,2.4726610409697702,1.0018456640870135,-0.6714121149020422,-0.22549206343353176
0.8667733546709342,2.472404482636294,1.0018508615665347,-0.6714459794580667,-0.2254611662784072
0.8677735547109422,2.472147952790612,1.0018560168790167,-0.6714797273492429,-0.22543032712377753
0.8687737547509502,2.4718914512054164,1.001861130117722,-0.6715133587169868,-0.22539954592120787
0.8697739547909582,2.471634977653935,1.0018662013757573,-0.6715468737017907,-0.22536882262275987
0.8707741548309662,2.4713785319099415,1.0018712307460735,-0.6715802724431913,-0.22533815718101274
0.8717743548709742,2.4711221137477666,1.0018762183214658,-0.6716135550797391,-0.22530754954908563
0.8727745549109822,2.4708657229423077,1.0018811641945768,-0.6716467217489653,-0.22527699968066067
0.8737747549509902,2.4706093592690412,1.0018860684578954,-0.6716797725873488,-0.22524650753000702
0.8747749549909982,2.470353022504034,1.00189093120376,-0.6717127077302811,-0.22521607305200472
0.8757751550310062,2.4700967124239535,1.0018957525243575,-0.6717455273120304,-0.22518569620217044
0.8767753550710142,2.4698404288060827,1.0019005325117265,-0.6717782314657054,-0.22515537693668364
0.8777755551110222,2.4695841714283304,1.0019052712577574,-0.671810820323217,-0.22512511521241332
0.8787757551510302,2.469327940069246,1.0019099688541944,-0.6718432940152396,-0.22509491098694617
0.8797759551910382,2.4690717345080313,1.0019146253926359,-0.6718756526711686,-0.22506476421861513
0.8807761552310462,2.4688155545245554,1.0019192409645379,-0.6719078964190826,-0.22503467486652903
0.8817763552710542,2.4685593998993682,1.001923815661212,-0.6719400253856969,-0.2250046428906035
0.8827765553110622,2.4683032704137164,1.0019283495738307,-0.671972039696321,-0.224974668251592
0.8837767553510703,2.468047165849557,1.0019328427934262,-0.6720039394748132,-0.2249447509111192
0.8847769553910783,2.467791085989574,1.0019372954108938,-0.6720357248435328,-0.22491489083171418
0.8857771554310863,2.4675350306171944,1.001941707516992,-0.6720673959232923,-0.22488508797684484
0.8867773554710943,2.4672789995166022,1.0019460792023465,-0.6720989528333077,-0.2248553423109545
0.8877775555111023,2.467022992472759,1.0019504105574488,-0.6721303956911472,-0.22482565379949843
0.8887777555511103,2.4667670092714213,1.001954701672662,-0.6721617246126775,-0.2247960224089816
0.8897779555911183,2.466511049699155,1.001958952638218,-0.6721929397120106,-0.2247664481069985
0.8907781556311263,2.466255113543358,1.001963163544223,-0.6722240411014461,-0.22473693086227298
0.8917783556711343,2.4659992005922766,1.0019673344806586,-0.6722550288914155,-0.22470747064470084
0.8927785557111423,2.465743310635026,1.0019714655373853,-0.672285903190422,-0.2246780674253926
0.8937787557511503,2.465487443461611,1.0019755568041402,-0.6723166641049776,-0.22464872117671666
0.8947789557911583,2.4652315988629465,1.0019796083705437,-0.672347311739543,-0.22461943187234684
0.8957791558311663,2.4649757766308786,1.001983620326102,-0.6723778461964612,-0.22459019948730882
0.8967793558711743,2.4647199765582073,1.001987592760205,-0.6724082675758907,-0.22456102399802771
0.8977795559111823,2.46446419843871,1.001991525762133,-0.6724385759757373,-0.22453190538237955
0.8987797559511903,2.4642084420671613,1.001995419421059,-0.6724687714915847,-0.22450284361974204
0.8997799559911983,2.463952707239362,1.0019992738260484,-0.6724988542166186,-0.22447383869104726
0.9007801560312063,2.46369699375216,1.0020030890660645,-0.6725288242415548,-0.2244448905788369
0.9017803560712143,2.4634413014034764,1.0020068652299694,-0.6725586816545619,-0.22441599926731864
0.9027805561112223,2.463185629992334,1.0020106024065303,-0.6725884265411819,-0.22438716474242368
0.9037807561512303,2.4629299793188815,1.0020143006844167,-0.6726180589842482,-0.22435838699186633
0.9047809561912383,2.4626743491844216,1.0020179601522097,-0.6726475790638035,-0.2243296660052057
0.9057811562312463,2.46241873939144,1.0020215808984005,-0.6726769868570135,-0.22430100177390916
0.9067813562712543,2.4621631497436343,1.0020251630113965,-0.6727062824380774,-0.22427239429141677
0.9077815563112623,2.4619075800459442,1.002028706579524,-0.6727354658781395,-0.22424384355320892
0.9087817563512703,2.461652030104582,1.0020322116910296,-0.6727645372451927,-0.22421534955687455
0.9097819563912783,2.461396499727064,1.0020356784340885,-0.672793496603986,-0.22418691230218268
0.9107821564312863,2.4611409887222435,1.0020391068968026,-0.6728223440159237,-0.22415853179115458
0.9117823564712944,2.460885496900344,1.0020424971672075,-0.6728510795389653,-0.2241302080281396
0.9127825565113024,2.460630024072994,1.0020458493332776,-0.6728797032275222,-0.22410194101989223
0.9137827565513104,2.460374570053261,1.0020491634829272,-0.6729082151323496,-0.22407373077565051
0.9147829565913184,2.4601191346556877,1.0020524397040165,-0.6729366153004369,-0.2240455773072187
0.9157831566313264,2.459863717696331,1.0020556780843546,-0.6729649037748971,-0.2240174806290507
0.9167833566713344,2.459608318992799,1.0020588787117066,-0.6729930805948499,-0.22398944075833604
0.9177835567113424,2.459352938364289,1.002062041673793,-0.6730211457953018,-0.223961457715089
0.9187837567513504,2.4590975756316276,1.002065167058302,-0.6730490994070272,-0.22393353152223922
0.9197839567913584,2.4588422306173148,1.0020682549528865,-0.6730769414564418,-0.22390566220572583
0.9207841568313664,2.4585869031455636,1.0020713054451744,-0.6731046719654752,-0.22387784979459305
0.9217843568713744,2.4583315930423435,1.0020743186227716,-0.6731322909514388,-0.2238500943210893
0.9227845569113824,2.458076300135425,1.0020772945732672,-0.6731597984268903,-0.22382239582076854
0.9237847569513904,2.457821024254426,1.0020802333842407,-0.6731871943994974,-0.22379475433259446
0.9247849569913984,2.457565765230859,1.0020831351432642,-0.6732144788718942,-0.22376716989904802
0.9257851570314064,2.4573105228981755,1.0020859999379121,-0.6732416518415361,-0.2237396425662364
0.9267853570714144,2.45705529709182,1.002088827855765,-0.6732687133005505,-0.223712172384007
0.9277855571114224,2.4568000876492775,1.0020916189844142,-0.673295663235585,-0.22368475940606214
0.9287857571514304,2.4565448944101242,1.0020943734114722,-0.673322501627649,-0.22365740369007858
0.9297859571914384,2.456289717216084,1.0020970912245746,-0.6733492284519532,-0.22363010529782915
0.9307861572314464,2.456034555911077,1.0020997725113892,-0.6733758436777465,-0.22360286429530854
0.9317863572714544,2.455779410341281,1.0021024173596236,-0.6734023472681466,-0.22357568075286127
0.9327865573114624,2.4555242803551853,1.0021050258570292,-0.6734287391799665,-0.22354855474531338
0.9337867573514704,2.455269165803648,1.0021075980914111,-0.6734550193635379,-0.22352148635210756
0.9347869573914784,2.455014066539957,1.0021101341506347,-0.6734811877625306,-0.22349447565744185
0.9357871574314864,2.4547589824198903,1.002112634122631,-0.6735072443137663,-0.22346752275041193
0.9367873574714944,2.4545039133017794,1.0021150980954099,-0.6735331889470295,-0.22344062772515638
0.9377875575115024,2.4542488590465714,1.002117526157062,-0.6735590215848721,-0.22341379068100645
0.9387877575515104,2.4539938195178963,1.0021199183957714,-0.6735847421424146,-0.22338701172263828
0.9397879575915185,2.4537387945821316,1.0021222748998209,-0.6736103505271419,-0.2233602909602306
0.9407881576315265,2.453483784108474,1.002124595757603,-0.673635846638698,-0.22333362850962526
0.9417883576715345,2.453228787969005,1.0021268810576265,-0.6736612303686684,-0.2233070244924914
0.9427885577115425,2.4529738060387642,1.002129130888529,-0.6736865016003655,-0.22328047903649423
0.9437887577515505,2.4527188381958256,1.002131345339083,-0.6737116602086042,-0.22325399227546788
0.9447889577915585,2.4524638843213666,1.0021335244982075,-0.6737367060594748,-0.22322756434959198
0.9457891578315665,2.4522089442997492,1.0021356684549758,-0.6737616390101088,-0.22320119540557284
0.9467893578715745,2.451954018018594,1.0021377772986289,-0.6737864589084431,-0.22317488559682874
0.9477895579115825,2.4516991053688626,1.0021398511185824,-0.6738111655929736,-0.22314863508367905
0.9487897579515905,2.4514442062449384,1.0021418900044392,-0.6738357588925108,-0.22312244403353915
0.9497899579915985,2.451189320544709,1.0021438940460001,-0.6738602386259213,-0.223096312621118
0.9507901580316065,2.4509344481696513,1.0021458633332747,-0.6738846046018707,-0.22307024102862177
0.9517903580716145,2.4506795890249196,1.0021477979564928,-0.6739088566185611,-0.2230442294459615
0.9527905581116225,2.450424743019431,1.0021496980061162,-0.6739329944634561,-0.2230182780709651
0.9537907581516305,2.450169910065957,1.002151563572851,-0.6739570179130089,-0.2229923871095945
0.9547909581916385,2.4499150900812174,1.00215339474766,-0.6739809267323782,-0.222966556776168
0.9557911582316465,2.449660282985971,1.002155191621775,-0.6740047206751419,-0.2229407872935865
0.9567913582716545,2.4494054887051124,1.0021569542867106,-0.6740283994830051,-0.22291507889356582
0.9577915583116625,2.4491507071677723,1.0021586828342754,-0.674051962885499,-0.2228894318168726
0.9587917583516705,2.448895938307411,1.0021603773565877,-0.6740754105996786,-0.222863846313567
0.9597919583916785,2.448641182061927,1.002162037946088,-0.6740987423298097,-0.22283832264324893
0.9607921584316865,2.4483864383737535,1.0021636646955556,-0.674121957767054,-0.22281286107531043
0.9617923584716945,2.4481317071899666,1.00216525769812,-0.6741450565891451,-0.22278746188919285
0.9627925585117025,2.447876988462394,1.0021668170472775,-0.674168038460062,-0.22276212537464996
0.9637927585517105,2.4476222821477207,1.0021683428369061,-0.6741909030296925,-0.222736851832015
0.9647929585917185,2.4473675882076025,1.0021698351612816,-0.674213649933491,-0.2227116415724746
0.9657931586317265,2.447112906608777,1.0021712941150933,-0.6742362787921359,-0.22268649491834785
0.9667933586717345,2.44685823732318,1.0021727197934593,-0.6742587892111723,-0.22266141220337
0.9677935587117426,2.446603580328061,1.0021741122919459,-0.6742811807806549,-0.22263639377298228
0.9687937587517506,2.446348935606103,1.002175471706581,-0.6743034530747813,-0.22261143998462765
0.9697939587917586,2.4460943031455424,1.002176798133874,-0.6743256056515208,-0.22258655120805126
0.9707941588317666,2.445839682940293,1.0021780916708334,-0.6743476380522371,-0.22256172782560743
0.9717943588717746,2.4455850749900683,1.0021793524149838,-0.6743695498013029,-0.22253697023257174
0.9727945589117826,2.44533047930051,1.0021805804643855,-0.67439134040571,-0.22251227883745844
0.9737947589517906,2.4450758958833165,1.002181775917654,-0.6744130093546736,-0.22248765406234502
0.9747949589917986,2.4448213247563704,1.002182938873977,-0.674434556119228,-0.22246309634320058
0.9757951590318066,2.444566765943876,1.0021840694331376,-0.6744559801518207,-0.2224386061302213
0.9767953590718146,2.444312219476489,1.0021851676955311,-0.6744772808858933,-0.22241418388817105
0.9777955591118226,2.4440576853914546,1.0021862337621887,-0.6744984577354655,-0.2223898300967283
0.9787957591518306,2.443803163732744,1.0021872677347958,-0.6745195100947033,-0.22236554525083752
0.9797959591918386,2.4435486545511975,1.0021882697157145,-0.6745404373374899,-0.22234132986106753
0.9807961592318466,2.443294157904661,1.002189239808006,-0.6745612388169853,-0.22231718445397536
0.9817963592718546,2.4430396738581335,1.0021901781154532,-0.674581913865182,-0.222293109572475
0.9827965593118626,2.44278520248391,1.002191084742581,-0.6746024617924545,-0.22226910577621248
0.9837967593518702,2.442530743861728,1.0021919597946825,-0.6746228818871044,-0.22224517364194676
0.9847969593918782,2.4422762980789186,1.0021928033778398,-0.6746431734148984,-0.22222131376393486
0.9857971594318862,2.442021865230553,1.0021936155989504,-0.6746633356186021,-0.2221975267543244
0.9867973594718942,2.4417674454195972,1.00219439656575,-0.6746833677175066,-0.22217381324354973
0.9877975595119022,2.4415130387570616,1.0021951463868386,-0.6747032689069545,-0.22215017388073505
0.9887977595519102,2.4412586453621583,1.0021958651717047,-0.6747230383578537,-0.22212660933410083
0.9897979595919182,2.4410042653624564,1.0021965530307506,-0.6747426752161954,-0.22210312029137785
0.9907981596319262,2.4407498988940395,1.0021972100753218,-0.6747621786025574,-0.22207970746022415
0.9917983596719342,2.440495546101662,1.002197836417729,-0.6747815476116136,-0.22205637156864852
0.9927985597119422,2.440241207138911,1.0021984321712798,-0.674800781311631,-0.22203311336543755
0.9937987597519502,2.4399868821683652,1.0021989974503027,-0.6748198787439657,-0.22200993362058832
0.9947989597919582,2.439732571361761,1.0021995323701758,-0.6748388389225568,-0.22198683312574544
0.9957991598319662,2.4394782749001482,1.0022000370473563,-0.6748576608334128,-0.22196381269464213
0.9967993598719742,2.439223992974059,1.0022005115994097,-0.6748763434341,-0.2219408731635458
0.9977995599119822,2.4389697257836698,1.0022009561450376,-0.6748948856532239,-0.22191801539170833
0.9987997599519902,2.438715473538967,1.0022013708041073,-0.6749132863899072,-0.2218952402618182
0.9997999599919982,2.438461236459911,1.002201755697684,-0.6749315445132721,-0.22187254868045916
1.0008001600320062,2.4382070147766024,1.0022021109480594,-0.674949658861913,-0.22184994157856952
1.0018003600720142,2.437952808729449,1.002202436678782,-0.6749676282433701,-0.22182741991190644
1.0028005601120222,2.437698618569329,1.0022027330146916,-0.6749854514336043,-0.22180498466151213
1.0038007601520302,2.437444444557759,1.002203000081948,-0.6750031271764695,-0.22178263683418378
1.0048009601920382,2.437190286967061,1.0022032380080648,-0.6750206541831825,-0.2217603774629439
1.0058011602320462,2.4369361460805243,1.0022034469219427,-0.6750380311317973,-0.22173820760751484
1.0068013602720542,2.4366820221925733,1.0022036269538992,-0.6750552566666751,-0.22171612835479323
1.0078015603120623,2.4364279156089292,1.0022037782357054,-0.6750723293979605,-0.2216941408193272
1.0088017603520703,2.4361738266467756,1.002203900900618,-0.6750892479010545,-0.22167224614379302
1.0098019603920783,2.4359197556349192,1.002203995083415,-0.6751060107160912,-0.22165044549947396
1.0108021604320863,2.4356657029139526,1.0022040609204252,-0.6751226163474198,-0.22162874008673772
1.0118023604720943,2.43541166883641,1.0022040985495706,-0.6751390632630853,-0.22160713113551492
1.0128025605121023,2.4351576537669297,1.0022041081103947,-0.6751553498943165,-0.2215856199057759
1.0138027605521103,2.4349036580824075,1.0022040897441011,-0.6751714746350164,-0.22156420768800636
1.0148029605921183,2.4346496821721497,1.0022040435935886,-0.6751874358412606,-0.2215428958036824
1.0158031606321263,2.434395726438028,1.0022039698034872,-0.675203231830797,-0.22152168560574184
1.0168033606721343,2.434141791294625,1.002203868520193,-0.6752188608825558,-0.22150057847905358
1.0178035607121423,2.433887877169382,1.002203739891905,-0.6752343212361651,-0.22147957584088276
1.0188037607521503,2.43363398450274,1.0022035840686627,-0.6752496110914763,-0.22145867914135398
1.0198039607921583,2.4333801137482824,1.0022034012023815,-0.6752647286080954,-0.22143788986390697
1.0208041608321663,2.433126265372866,1.0022031914468914,-0.6752796719049274,-0.2214172095257499
1.0218043608721743,2.4328724398567583,1.0022029549579707,-0.6752944390597291,-0.22139663967830422
1.0228045609121823,2.4326186376937597,1.0022026918933875,-0.6753090281086737,-0.22137618190764546
1.0238047609521903,2.43236485939133,1.002202402412932,-0.6753234370459279,-0.22135583783493376
1.0248049609921983,2.432111105470703,1.002202086678458,-0.6753376638232439,-0.22133560911683905
1.0258051610322063,2.431857376467003,1.002201744853918,-0.675351706349562,-0.22131549744595527
1.0268053610722143,2.431603672929346,1.0022013771054001,-0.675365562490633,-0.22129550455120633
1.0278055611122223,2.431349995420947,1.0022009836011674,-0.6753792300686537,-0.22127563219824023
1.0288057611522303,2.43109634451921,1.0022005645116943,-0.6753927068619221,-0.22125588218981274
1.0298059611922383,2.4308427208158165,1.0022001200097002,-0.6754059906045097,-0.22123625636615812
1.0308061612322463,2.430589124916806,1.0021996502701918,-0.6754190789859529,-0.22121675660534681
1.0318063612722543,2.4303355574426515,1.0021991554704963,-0.6754319696509675,-0.22119738482362875
1.0328065613122623,2.43008201902832,1.0021986357902999,-0.675444660199185,-0.2211781429757619
1.0338067613522703,2.429828510323334,1.0021980914116817,-0.6754571481849095,-0.2211590330553236
1.0348069613922783,2.4295750319918157,1.0021975225191513,-0.6754694311169016,-0.22114005709500562
1.0358071614322863,2.429321584712528,1.0021969292996857,-0.6754815064581873,-0.2211212171668901
1.0368073614722944,2.4290681691789024,1.0021963119427608,-0.6754933716258936,-0.22110251538270606
1.0378075615123024,2.4288147860990583,1.0021956706403887,-0.6755050239911156,-0.2210839538940661
1.0388077615523104,2.428561436195811,1.0021950055871522,-0.6755164608788077,-0.22106553489268055
1.0398079615923184,2.42830812020667,1.002194316980238,-0.6755276795677103,-0.22104726061054836
1.0408081616323264,2.4280548388838232,1.0021936050194677,-0.6755386772903091,-0.22102913332012503
1.0418083616723344,2.4278015929941135,1.0021928699073346,-0.6755494512328252,-0.2210111553344638
1.0428085617123424,2.427548383318997,1.0021921118490316,-0.6755599985352451,-0.2209933290073313
1.0438087617523504,2.427295210654492,1.002191331052484,-0.6755703162913818,-0.22097565673329447
1.0448089617923584,2.4270420758111175,1.0021905277283791,-0.6755804015489807,-0.22095814094777835
1.0458091618323664,2.4267889796138085,1.002189702090196,-0.6755902513098607,-0.220940784127094
1.0468093618723744,2.4265359229018277,1.0021888543542334,-0.6755998625300982,-0.2209235887884332
1.0478095619123824,2.426282906528653,1.002187984739638,-0.675609232120255,-0.2209065574898316
1.0488097619523904,2.426029931361857,1.002187093468428,-0.6756183569456474,-0.22088969283009488
1.0498099619923984,2.425776998282965,1.0021861807655217,-0.6756272338266659,-0.2208729974486918
1.0508101620324064,2.425524108187299,1.002185246858759,-0.675635859539138,-0.22085647402560732
1.0518103620724144,2.425271261983804,1.0021842919789263,-0.6756442308147423,-0.2208401252811582
1.0528105621124224,2.4250184605948593,1.0021833163597746,-0.6756523443414724,-0.22082395397576765
1.0538107621524304,2.4247657049560676,1.0021823202380415,-0.6756601967641527,-0.22080796290969912
1.0548109621924384,2.424512996016027,1.0021813038534713,-0.6756677846850081,-0.22079215492274618
1.0558111622324464,2.424260334736087,1.0021802674488276,-0.6756751046642893,-0.2207765328938783
1.0568113622724544,2.424007722090082,1.002179211269911,-0.6756821532209512,-0.22076109974084085
1.0578115623124624,2.4237551590640445,1.002178135565574,-0.6756889268333947,-0.22074585841970726
1.0588117623524704,2.4235026466559,1.0021770405877288,-0.6756954219402627,-0.22073081192438304
1.0598119623924784,2.4232501858751396,1.0021759265913617,-0.6757016349413003,-0.22071596328605908
1.0608121624324864,2.4229977777424727,1.0021747938345376,-0.6757075621982751,-0.2207013155726142
1.0618123624724944,2.422745423289457,1.002173642578407,-0.6757132000359616,-0.220686871887964
1.0628125625125024,2.4224931235581053,1.00217247308721,-0.6757185447431897,-0.2206726353713567
1.0638127625525104,2.422240879600472,1.0021712856282787,-0.6757235925739622,-0.22065860919661281
1.0648129625925185,2.421988692478215,1.0021700804720357,-0.6757283397486331,-0.22064479657130776
1.0658131626325265,2.4217365632621366,1.0021688578919907,-0.6757327824551616,-0.220631200735898
1.0668133626725345,2.4214844930316977,1.0021676181647374,-0.675736916850429,-0.22061782496278698
1.0678135627125425,2.421232482874511,1.0021663615699434,-0.6757407390616302,-0.2206046725553311
1.0688137627525505,2.4209805338858073,1.0021650883903406,-0.6757442451877349,-0.22059174684678484
1.0698139627925585,2.4207286471678815,1.002163798911714,-0.675747431301018,-0.22057905119918372
1.0708141628325665,2.4204768238295107,1.002162493422884,-0.6757502934486682,-0.22056658900216328
1.0718143628725745,2.4202250649853476,1.0021611722156911,-0.6757528276544663,-0.22055436367171571
1.0728145629125825,2.419973371755292,1.0021598355849688,-0.6757550299205373,-0.2205423786488795
1.0738147629525905,2.419721745263833,1.002158483828527,-0.6757568962291783,-0.22053063739836556
1.0748149629925985,2.4194701866393697,1.0021571172471202,-0.6757584225447607,-0.2205191434071159
1.0758151630326065,2.419218697013506,1.0021557361444202,-0.6757596048157068,-0.22050790018279617
1.0768153630726145,2.41896727752032,1.0021543408269808,-0.6757604389765427,-0.22049691125222196
1.0778155631126225,2.418715929295608,1.0021529316042037,-0.675760920950022,-0.22048618015971497
1.0788157631526305,2.418464653476106,1.002151508788298,-0.6757610466493307,-0.22047571046539483
1.0798159631926385,2.418213451198681,1.0021500726942383,-0.6757608119803601,-0.22046550574340096
1.0808161632326465,2.4179623235995047,1.002148623639718,-0.6757602128440595,-0.22045556958004792
1.0818163632726545,2.417711271813201,1.0021471619451015,-0.6757592451388564,-0.2204459055719119
1.0828165633126625,2.4174602969719663,1.0021456879333712,-0.6757579047631536,-0.22043651732385156
1.0838167633526705,2.4172094002046705,1.0021442019300713,-0.6757561876178954,-0.22042740844696032
1.0848169633926785,2.4169585826359317,1.0021427042632496,-0.6757540896092058,-0.22041858255645375
1.0858171634326865,2.4167078453851727,1.0021411952633925,-0.6757516066510932,-0.22041004326949035
1.0868173634726945,2.4164571895656524,1.0021396752633618,-0.6757487346682264,-0.220401794202928
1.0878175635127025,2.4162066162834743,1.002138144598322,-0.6757454695987738,-0.2203938389710173
1.0888177635527105,2.4159561266365817,1.0021366036056714,-0.6757418073973047,-0.2203861811830306
1.0898179635927185,2.4157057217137243,1.0021350526249604,-0.6757377440377603,-0.22037882444083268
1.0908181636327265,2.415455402593413,1.0021334919978149,-0.6757332755164731,-0.2203717723363888
1.0918183636727345,2.415205170342853,1.0021319220678513,-0.6757283978552542,-0.22036502844921763
1.0928185637127426,2.4149550260168606,1.00213034318059,-0.6757231071045282,-0.22035859634378624
1.0938187637527506,2.414704970656766,1.0021287556833658,-0.6757173993465215,-0.22035247956685197
1.0948189637927586,2.414455005289299,1.0021271599252322,-0.6757112706985002,-0.22034668164475307
1.0958191638327666,2.414205130925462,1.0021255562568652,-0.6757047173160534,-0.22034120608064955
1.0968193638727746,2.4139553485593916,1.0021239450304622,-0.6756977353964142,-0.22033605635171785
1.0978195639127826,2.4137056591672086,1.0021223265996404,-0.6756903211818238,-0.22033123590630171
1.0988197639527906,2.4134560637058584,1.0021207013193252,-0.675682470962927,-0.22032674816102357
1.0998199639927986,2.4132065631119444,1.0021190695456441,-0.6756741810821973,-0.22032259649785682
1.1008201640328066,2.4129571583005545,1.0021174316358143,-0.6756654479373877,-0.2203187842611658
1.1018203640728146,2.412707850164082,1.0021157879480214,-0.675656267985002,-0.22031531475471414
1.1028205641128226,2.4124586395710446,1.0021141388413053,-0.6756466377437835,-0.2203121912386485
1.1038207641528306,2.4122095273649036,1.0021124846754361,-0.6756365537982132,-0.22030941692645856
1.1048209641928386,2.411960514362881,1.0021108258107907,-0.6756260128020131,-0.22030699498191883
1.1058211642328466,2.4117116013547784,1.0021091626082226,-0.6756150114816527,-0.220304928516018
1.1068213642728546,2.411462789101807,1.0021074954289368,-0.6756035466398481,-0.220303220583878
1.1078215643128626,2.411214078335414,1.0021058246343557,-0.6755916151590505,-0.2203018741816686
1.1088217643528706,2.410965469756128,1.0021041505859856,-0.6755792140049183,-0.22030089224352337
1.1098219643928786,2.4107169640324067,1.002102473645279,-0.6755663402297658,-0.22030027763846052
1.1108221644328866,2.4104685617995036,1.0021007941735012,-0.6755529909759851,-0.22030003316731558
1.1118223644728946,2.4102202636583465,1.0020991125315852,-0.6755391634794276,-0.22030016155968862
1.1128225645129026,2.4099720701744336,1.0020974290799958,-0.6755248550727485,-0.22030066547091523
1.1138227645529106,2.4097239818767524,1.0020957441785825,-0.6755100631887009,-0.22030154747906364
1.1148229645929186,2.409475999256715,1.0020940581864413,-0.6754947853633732,-0.2203028100819661
1.1158231646329266,2.4092281227671246,1.0020923714617664,-0.675479019239366,-0.22030445569428797
1.1168233646729346,2.4089803528211644,1.0020906843617063,-0.675462762568901,-0.22030648664464417
1.1178235647129426,2.4087326897914147,1.0020889972422187,-0.6754460132168503,-0.22030890517276416
1.1188237647529506,2.4084851340089073,1.0020873104579235,-0.6754287691636873,-0.22031171342671738
1.1198239647929586,2.408237685762207,1.0020856243619587,-0.6754110285083452,-0.22031491346019932
1.1208241648329667,2.4079903452965348,1.002083939305832,-0.6753927894709777,-0.2203185072298892
1.1218243648729747,2.4077431128129274,1.0020822556392768,-0.675374050395619,-0.2203224965928832
1.1228245649129827,2.4074959884674376,1.0020805737101082,-0.6753548097527309,-0.22032688330421005
1.1238247649529907,2.4072489723703794,1.0020788938640768,-0.6753350661416317,-0.22033166901443593
1.1248249649929987,2.4070020645856185,1.002077216444728,-0.6753148182928023,-0.22033685526736196
1.1258251650330067,2.40675526512991,1.0020755417932588,-0.6752940650700597,-0.22034244349782586
1.1268253650730147,2.406508573972288,1.002073870248378,-0.6752728054725944,-0.2203484350296082
1.1278255651130227,2.406261991033506,1.002072202146169,-0.6752510386368609,-0.22035483107345322
1.1288257651530307,2.4060155161855326,1.0020705378199535,-0.6752287638383193,-0.22036163272520815
1.1298259651930387,2.405769149251105,1.0020688776001556,-0.6752059804930192,-0.22036884096408715
1.1308261652330467,2.4055228900033363,1.002067221814174,-0.6751826881590228,-0.22037645665106703
1.1318263652730547,2.40527673816539,1.0020655707862516,-0.6751588865376579,-0.2203844805274178
1.1328265653130627,2.4050306934102124,1.0020639248373504,-0.6751345754745957,-0.2203929132133749
1.1338267653530707,2.4047847553603297,1.0020622842850304,-0.6751097549607538,-0.22040175520695854
1.1348269653930787,2.404538923587709,1.002060649443331,-0.6750844251330108,-0.22041100688294346
1.1358271654330867,2.4042931976136908,1.0020590206226547,-0.6750585862747337,-0.22042066849198558
1.1368273654730947,2.404047576908982,1.0020573981296608,-0.6750322388161158,-0.22043074015990913
1.1378275655131027,2.403802060893727,1.0020557822671539,-0.6750053833343121,-0.2204412218871568
1.1388277655531107,2.4035566489376428,1.0020541733339856,-0.6749780205533793,-0.2204521135484104
1.1398279655931187,2.4033113403602275,1.002052571624958,-0.6749501513440103,-0.22046341489238203
1.1408281656331267,2.4030661344310427,1.0020509774307287,-0.6749217767230635,-0.22047512554178028
1.1418283656731347,2.4028210303700646,1.0020493910377262,-0.6748928978528814,-0.2204872449934541
1.1428285657131427,2.4025760273481125,1.0020478127280665,-0.6748635160404043,-0.22049977261871814
1.1438287657531507,2.402331124487348,1.0020462427794796,-0.6748336327360668,-0.2205127076638585
1.1448289657931587,2.40208632086185,1.0020446814652348,-0.6748032495324838,-0.22052604925082342
1.1458291658331667,2.4018416154982596,1.0020431290540799,-0.6747723681629249,-0.22053979637809856
1.1468293658731747,2.4015970073765027,1.002041585810181,-0.6747409904995746,-0.22055394792176947
1.1478295659131827,2.4013524954305834,1.0020400519930688,-0.6747091185515808,-0.22056850263676794
1.1488297659531908,2.401108078549449,1.0020385278575943,-0.6746767544628902,-0.22058345915830738
1.1498299659931988,2.4008637555779275,1.0020370136538848,-0.6746439005098765,-0.22059881600350162
1.1508301660332068,2.4006195253177367,1.0020355096273164,-0.6746105590987607,-0.22061457157317
1.1518303660732148,2.4003753865285615,1.0020340160184813,-0.6745767327628243,-0.2206307241538249
1.1528305661132228,2.4001313379292,1.0020325330631707,-0.6745424241594234,-0.22064727191984138
1.1538307661532308,2.399887378198777,1.0020310609923582,-0.6745076360668032,-0.22066421293580493
1.1548309661932388,2.399643505978017,1.0020296000321953,-0.674472371380719,-0.2206815451590369
1.1558311662332468,2.3993997198705928,1.002028150404008,-0.6744366331108678,-0.2206992664422909
1.1568313662732548,2.399156018444522,1.0020267123243072,-0.6744004243771361,-0.22071737453662074
1.1578315663132628,2.398912400233631,1.0020252860047962,-0.6743637484056707,-0.2207358670944114
1.1588317663532708,2.3986688637390707,1.0020238716523953,-0.6743266085247732,-0.22075474167257053
1.1598319663932788,2.398425407430891,1.0020224694692643,-0.6742890081606373,-0.22077399573587708
1.1608321664332868,2.398182029749661,1.0020210796528388,-0.6742509508329184,-0.22079362666047686
1.1618323664732948,2.397938729108147,1.002019702395868,-0.6742124401501605,-0.22081363173752422
1.1628325665133028,2.397695503893022,1.002018337886458,-0.6741734798050744,-0.22083400817695875
1.1638327665533108,2.3974523524666336,1.0020169863081296,-0.6741340735696885,-0.22085475311141564
1.1648329665933188,2.3972092731687997,1.0020156478398714,-0.6740942252903662,-0.22087586360025577
1.1658331666333268,2.3969662643186447,1.0020143226562086,-0.6740539388827164,-0.220897336633716
1.1668333666733348,2.3967233242164694,1.0020130109272707,-0.6740132183263889,-0.220919169137164
1.1678335667133428,2.3964804511456483,1.002011712818869,-0.673972067659779,-0.2209413579754553
1.1688337667533508,2.39623764337455,1.002010428492579,-0.6739304909746439,-0.2209638999573816
1.1698339667933588,2.395994899158484,1.0020091581058264,-0.6738884924106395,-0.2209867918402017
1.1708341668333668,2.3957522167416627,1.0020079018119816,-0.6738460761497991,-0.22101003033424751
1.1718343668733748,2.395509594359176,1.0020066597604562,-0.6738032464109486,-0.22103361210759334
1.1728345669133828,2.395267030238981,1.0020054320968066,-0.6737600074440856,-0.22105753379078283
1.1738347669533908,2.39502452260389,1.00200421896284,-0.6737163635247193,-0.22108179198160036
1.1748349669933988,2.3947820696735698,1.002003020496728,-0.6736723189481946,-0.22110638324988036
1.1758351670334068,2.3945396696665324,1.0020018368331205,-0.6736278780240003,-0.2211313041423427
1.1768353670734149,2.3942973208021234,1.0020006681032654,-0.6735830450700823,-0.2211565511874452
1.1778355671134229,2.3940550213024996,1.0019995144351335,-0.673537824407168,-0.22118212090024406
1.1788357671534309,2.393812769394596,1.0019983759535427,-0.6734922203531136,-0.22120800978725103
1.1798359671934389,2.393570563312069,1.0019972527802907,-0.6734462372172862,-0.22123421435127863
1.1808361672334469,2.3933284012972256,1.0019961450342825,-0.673399879294991,-0.2212607310962633
1.1818363672734549,2.393086281602923,1.0019950528316708,-0.673353150861955,-0.22128755653205567
1.1828365673134629,2.3928442024944427,1.00199397628599,-0.6733060561688805,-0.2213146871791723
1.1838367673534709,2.392602162251329,1.0019929155082945,-0.6732585994360712,-0.22134211957349292
1.1848369673934789,2.3923601591691956,1.0019918706073014,-0.6732107848481513,-0.2213698502709012
1.1858371674334869,2.392118191561492,1.0019908416895311,-0.6731626165488777,-0.22139787585185394
1.1868373674734949,2.3918762577612234,1.0019898288594513,-0.6731140986360662,-0.221426192925874
1.187837567513503,2.391634356122632,1.0019888322196189,-0.6730652351566252,-0.22145479813595592
1.188837767553511,2.391392485022827,1.0019878518708258,-0.6730160301017251,-0.22148368816287792
1.189837967593519,2.3911506428633595,1.0019868879122433,-0.6729664874020951,-0.22151285972940973
1.190838167633527,2.3909088280717503,1.0019859404415643,-0.6729166109234648,-0.22154230960441185
1.191838367673535,2.3906670391029547,1.0019850095551501,-0.6728664044621582,-0.2215720346068166
1.192838567713543,2.390425274440774,1.0019840953481707,-0.6728158717408403,-0.22160203160948394
1.193838767753551,2.3901835325992025,1.0019831979147489,-0.6727650164044334,-0.22163229754292743
1.194838967793559,2.38994181212371,1.0019823173481002,-0.6727138420161994,-0.22166282939890314
1.195839167833567,2.389700111592463,1.0019814537406735,-0.672662352054001,-0.22169362423385486
1.196839367873575,2.389458429617479,1.001980607184288,-0.6726105499067453,-0.22172467917221203
1.197839567913583,2.3892167648457074,1.0019797777702704,-0.6725584388710103,-0.22175599140953473
1.198839767953591,2.388975115960049,1.0019789655895863,-0.6725060221478661,-0.2217875582155016
1.199839967993599,2.3887334816803003,1.0019781707329751,-0.672453302839886,-0.22181937693673648
1.200840168033607,2.3884918607640246,1.0019773932910772,-0.6724002839483599,-0.22185144499947107
1.201840368073615,2.3882502520073574,1.001976633354559,-0.672346968370701,-0.22188375991204012
1.202840568113623,2.3880086542457333,1.0019758910142385,-0.672293358898061,-0.22191631926720667
1.203840768153631,2.3877670663545443,1.001975166361204,-0.672239458213143,-0.22194912074431622
1.204840968193639,2.3875254872497234,1.001974459486932,-0.6721852688882215,-0.2219821621112773
1.205841168233647,2.3872839158882546,1.0019737704834004,-0.6721307933833655,-0.22201544122636838
1.206841368273655,2.3870423512686143,1.0019730994431961,-0.672076034044866,-0.22204895603987024
1.207841568313663,2.3868007924311354,1.0019724464596274,-0.672020993103866,-0.2220827045955237
1.208841768353671,2.386559238458306,1.0019718116268188,-0.6719656726751911,-0.22211668503181276
1.209841968393679,2.386317688474992,1.0019711950398154,-0.6719100747563858,-0.22215089558307585
1.210842168433687,2.3860761416485956,1.001970596794676,-0.6718542012269395,-0.22218533458044426
1.211842368473695,2.3858345971891404,1.0019700169885621,-0.671798053847715,-0.222220000452611
1.212842568513703,2.385593054349294,1.0019694557198269,-0.6717416342605635,-0.22225489172643167
1.213842768553711,2.3853515124243234,1.0019689130880973,-0.6716849439881301,-0.22229000702736004
1.214842968593719,2.385109970751985,1.001968389194351,-0.671627984433842,-0.2223253450797223
1.215843168633727,2.3848684287123554,1.0019678841409918,-0.6715707568820795,-0.22236090470683137
1.216843368673735,2.3846268857275996,1.0019673980319197,-0.6715132624985154,-0.22239668483094652
1.217843568713743,2.384385341261683,1.0019669309725963,-0.6714555023306313,-0.22243268447308276
1.218843768753751,2.3841437948200257,1.0019664830701054,-0.6713974773083897,-0.2224689027526722
1.219843968793759,2.3839022459491024,1.0019660544332127,-0.6713391882450721,-0.22250533888708474
1.220844168833767,2.383660694235993,1.001965645172417,-0.6712806358382621,-0.22254199219101073
1.221844368873775,2.3834191393078816,1.0019652554000018,-0.6712218206709784,-0.222578862075712
1.222844568913783,2.383177580831511,1.001964885230078,-0.6711627432129442,-0.22261594804814727
1.223844768953791,2.3829360185125896,1.0019645347786266,-0.6711034038219905,-0.22265324970997488
1.224844968993799,2.3826944520951585,1.0019642041635357,-0.6710438027455812,-0.22269076675644192
1.225845169033807,2.38245288136092,1.0019638935046349,-0.6709839401224599,-0.22272849897516353
1.226845369073815,2.3822113061285277,1.0019636029237247,-0.6709238159844061,-0.22276644624480013
1.227845569113823,2.3819697262528443,1.0019633325446011,-0.6708634302580918,-0.22280460853363512
1.228845769153831,2.381728141624166,1.0019630824930814,-0.6708027827670398,-0.22284298589806478
1.229845969193839,2.3814865521674218,1.0019628528970206,-0.6707418732336632,-0.22288157848100223
1.230846169233847,2.3812449578413424,1.0019626438863296,-0.6706807012813929,-0.22292038651020382
1.231846369273855,2.381003358637609,1.0019624555929867,-0.6706192664368731,-0.22295941029652339
1.232846569313863,2.3807617545799786,1.001962288151047,-0.670557568132227,-0.22299865023210239
1.233846769353871,2.3805201457233958,1.0019621416966502,-0.6704956057073788,-0.2230381067884996
1.234846969393879,2.380278532153084,1.0019620163680238,-0.6704333784124278,-0.22307778051476976
1.235847169433887,2.3800369139836275,1.0019619123054841,-0.6703708854100662,-0.2231176720354941
1.236847369473895,2.379795291358039,1.001961829651435,-0.6703081257780354,-0.22315778204877304
1.237847569513903,2.3795536644468234,1.0019617685503648,-0.6702450985116125,-0.22319811132418257
1.238847769553911,2.3793120334470332,1.0019617291488379,-0.6701818025261173,-0.22323866070070372
1.239847969593919,2.3790703985813204,1.0019617115954904,-0.6701182366594417,-0.2232794310846297
1.240848169633927,2.378828760096989,1.0019617160410161,-0.6700543996745834,-0.22332042344745553
1.241848369673935,2.378587118265046,1.001961742638155,-0.6699902902621883,-0.2233616388237576
1.242848569713943,2.3783454733792597,1.0019617915416816,-0.6699259070430896,-0.22340307830906697
1.243848769753951,2.378103825755215,1.0019618629083853,-0.6698612485708382,-0.22344474305774253
1.244848969793959,2.3778621757293847,1.0019619568970568,-0.6697963133342216,-0.22348663428084758
1.245849169833967,2.3776205236582038,1.0019620736684685,-0.6697310997597653,-0.22352875324403745
1.246849369873975,2.377378869917157,1.0019622133853532,-0.6696656062142057,-0.2235711012654585
1.247849569913983,2.3771372148998755,1.0019623762123857,-0.669599831006943,-0.2236136797136682
1.248849769953991,2.3768955590172496,1.0019625623161585,-0.6695337723924525,-0.22365649000557433
1.249849969993999,2.376653902696556,1.0019627718651605,-0.6694674285726647,-0.22369953360440278
1.2508501700340071,2.3764122463805992,1.0019630050297539,-0.669400797699303,-0.22374281201769466
1.2518503700740151,2.3761705905268746,1.0019632619821481,-0.6693338778761755,-0.2237863267953359
1.2528505701140231,2.3759289356067463,1.0019635428963767,-0.6692666671614204,-0.22383007952762468
1.2538507701540311,2.3756872821046473,1.0019638479482713,-0.6691991635696976,-0.2238740718433772
1.2548509701940391,2.3754456305172984,1.0019641773154369,-0.669131365074329,-0.2239183054080766
1.2558511702340471,2.375203981352948,1.0019645311772258,-0.6690632696093809,-0.22396278192206648
1.2568513702740551,2.3749623351306397,1.0019649097147099,-0.6689948750716852,-0.22400750311879086
1.2578515703140631,2.3747206923794932,1.001965313110657,-0.6689261793228034,-0.2240524707630843
1.2588517703540711,2.374479053638018,1.0019657415495056,-0.6688571801909232,-0.22409768664951177
1.2598519703940791,2.374237419453445,1.0019661952173353,-0.6687878754726954,-0.22414315260076245
1.2608521704340871,2.373995790381084,1.0019666743018445,-0.6687182629349995,-0.2241888704660955
1.2618523704740952,2.373754166983708,1.0019671789923228,-0.6686483403166463,-0.2242348421198426
1.2628525705141032,2.3735125498309575,1.001967709479627,-0.6685781053300124,-0.2242810694599658
1.2638527705541112,2.373270939498774,1.0019682659561557,-0.6685075556626027,-0.2243275544066714
1.2648529705941192,2.3730293365688575,1.0019688486158251,-0.6684366889785504,-0.22437429890108293
1.2658531706341272,2.372787741628147,1.0019694576540445,-0.6683655029200414,-0.22442130490396903
1.2668533706741352,2.3725461552683274,1.0019700932676932,-0.6682939951086745,-0.22446857439453238
1.2678535707141432,2.3723045780853615,1.0019707556550979,-0.6682221631467514,-0.2245161093692536
1.2688537707541512,2.3720630106790455,1.0019714450160089,-0.668150004618497,-0.22456391184079452
1.2698539707941592,2.3718214536525886,1.0019721615515798,-0.6680775170912147,-0.22461198383695868
1.2708541708341672,2.3715799076122184,1.0019729054643456,-0.668004698116372,-0.2246603273997075
1.2718543708741752,2.3713383731668065,1.0019736769582035,-0.667931545230622,-0.22470894458423493
1.2728545709141832,2.3710968509275214,1.00197447623839,-0.6678580559567585,-0.22475783745809538
1.2738547709541912,2.3708553415074993,1.0019753035114654,-0.6677842278046077,-0.22480700810038826
1.2748549709941992,2.3706138455215418,1.0019761589852936,-0.6677100582718569,-0.2248564586009955
1.2758551710342072,2.370372363585831,1.0019770428690231,-0.6676355448448228,-0.22490619105987178
1.2768553710742152,2.3701308963176695,1.0019779553730737,-0.6675606849991574,-0.22495620758638693
1.2778555711142232,2.3698894443352376,1.0019788967091163,-0.6674854762004993,-0.2250065102987183
1.2788557711542312,2.3696480082573728,1.001979867090061,-0.6674099159050646,-0.22505710132329212
1.2798559711942392,2.3694065887033653,1.0019808667300392,-0.6673340015601869,-0.22510798279427302
1.2808561712342472,2.3691651862927765,1.001981895844391,-0.6672577306047983,-0.22515915685309945
1.2818563712742552,2.3689238016452707,1.0019829546496528,-0.667181100469865,-0.225210625648064
1.2828565713142632,2.368682435380468,1.001984043363543,-0.6671041085787714,-0.22526239133393747
1.2838567713542712,2.368441088117811,1.0019851622049514,-0.6670267523476531,-0.22531445607163386
1.2848569713942792,2.3681997604764478,1.0019863113939267,-0.6669490291856899,-0.22536682202791586
1.2858571714342872,2.367958453075131,1.0019874911516675,-0.6668709364953502,-0.22541949137513864
1.2868573714742952,2.367717166532129,1.0019887017005107,-0.6667924716725968,-0.22547246629103113
1.2878575715143032,2.367475901465152,1.0019899432639237,-0.6667136321070505,-0.2255257489585116
1.2888577715543112,2.3672346584912933,1.0019912160664957,-0.6666344151821177,-0.22557934156553774
1.2898579715943193,2.366993438226978,1.0019925203339284,-0.6665548182750803,-0.22563324630498782
1.2908581716343273,2.3667522412879274,1.0019938562930304,-0.6664748387571523,-0.22568746537457296
1.2918583716743353,2.3665110682891313,1.0019952241717076,-0.6663944739935039,-0.22574200097677713
1.2928585717143433,2.3662699198448323,1.0019966241989604,-0.666313721343256,-0.2257968553188255
1.2938587717543513,2.3660287965685187,1.0019980566048754,-0.666232578159445,-0.2258520306126772
1.2948589717943593,2.3657876990729276,1.0019995216206201,-0.6661510417889617,-0.2259075290750425
1.2958591718343673,2.3655466279700526,1.0020010194784397,-0.6660691095724651,-0.22596335292742287
1.2968593718743753,2.365305583871164,1.0020025504116505,-0.6659867788442727,-0.2260195043961702
1.2978595719143833,2.365064567386833,1.0020041146546386,-0.6659040469322296,-0.2260759857125682
1.2988597719543913,2.364823579126961,1.002005712442853,-0.6658209111575573,-0.22613279911292983
1.2998599719943993,2.364582619700818,1.0020073440128052,-0.6657373688346848,-0.2261899468387122
1.3008601720344073,2.364341689717087,1.0020090096020646,-0.6656534172710622,-0.22624743113664658
1.3018603720744153,2.364100789783905,1.0020107094492565,-0.6655690537669586,-0.22630525425888257
1.3028605721144233,2.363859920508921,1.00201244379406,-0.6654842756152476,-0.22636341846314542
1.3038607721544313,2.3636190824993464,1.0020142128772065,-0.6653990801011794,-0.22642192601290426
1.3048609721944393,2.363378276362017,1.0020160169404762,-0.6653134645021396,-0.2264807791775516
1.3058611722344473,2.3631375027034514,1.0020178562266984,-0.665227426087402,-0.22653998023259203
1.3068613722744553,2.362896762129916,1.00201973097975,-0.6651409621178693,-0.22659953145983874
1.3078615723144633,2.362656055247492,1.0020216414445526,-0.6650540698458062,-0.2266594351476179
1.3088617723544713,2.3624153826621397,1.002023587867075,-0.6649667465145692,-0.22671969359097982
1.3098619723944793,2.362174744979772,1.0020255704943284,-0.6648789893583256,-0.2267803090919144
1.3108621724344873,2.3619341428063216,1.0020275895743689,-0.6647907956017718,-0.2268412839595726
1.3118623724744953,2.3616935767478124,1.0020296453562956,-0.664702162459846,-0.2269026205104905
1.3128625725145033,2.3614530474104307,1.0020317380902501,-0.664613087137438,-0.22696432106881786
1.3138627725545113,2.3612125554005963,1.0020338680274166,-0.664523566829097,-0.22702638796654762
1.3148629725945193,2.360972101325035,1.0020360354200215,-0.664433598718738,-0.22708882354374826
1.3158631726345273,2.360731685790847,1.0020382405213342,-0.6643431799793476,-0.2271516301487969
1.3168633726745353,2.3604913094055813,1.002040483585663,-0.6642523077726893,-0.22721481013861253
1.3178635727145434,2.3602509727773016,1.00204276486836,-0.6641609792490073,-0.2272783658788898
1.3188637727545514,2.360010676514657,1.0020450846258182,-0.6640691915467364,-0.2273422997443327
1.3198639727945594,2.3597704212269486,1.0020474431154702,-0.6639769417922059,-0.22740661411888594
1.3208641728345674,2.359530207524197,1.002049840595791,-0.6638842270993535,-0.22747131139596646
1.3218643728745754,2.359290036017207,1.0020522773262948,-0.6637910445694337,-0.22753639397869307
1.3228645729145834,2.3590499073176314,1.0020547535675373,-0.6636973912907344,-0.22760186428011261
1.3238647729545914,2.3588098220380322,1.0020572695811123,-0.6636032643382926,-0.22766772472342606
1.3248649729945985,2.358569780791941,1.0020598256296533,-0.6635086607736179,-0.22773397774221035
1.3258651730346065,2.3583297841939186,1.002062421976833,-0.6634135776444123,-0.22780062578063762
1.3268653730746145,2.35808983285961,1.0020650588873616,-0.6633180119843018,-0.22786767129369256
1.3278655731146225,2.3578499274058,1.002067736626986,-0.6632219608125655,-0.22793511674738506
1.3288657731546305,2.3576100684504664,1.0020704554624904,-0.6631254211338709,-0.22800296461896005
1.3298659731946385,2.3573702566128296,1.0020732156616936,-0.6630283899380143,-0.2280712173971044
1.3308661732346465,2.3571304925134027,1.002076017493448,-0.6629308641996643,-0.2281398775821497
1.3318663732746545,2.356890776774036,1.0020788612276408,-0.6628328408781087,-0.2282089476862711
1.3328665733146625,2.356651110017965,1.002081747135189,-0.6627343169170072,-0.22827843023368322
1.3338667733546705,2.356411492869848,1.0020846754880397,-0.6626352892441483,-0.22834832776083136
1.3348669733946785,2.3561719259558114,1.0020876465591688,-0.6625357547712092,-0.22841864281657936
1.3358671734346865,2.3559324099034833,1.00209066062258,-0.662435710393522,-0.22848937796239416
1.3368673734746945,2.355692945342035,1.0020937179532985,-0.662335152989842,-0.2285605357725251
1.3378675735147025,2.3554535329022106,1.002096818827374,-0.6622340794221222,-0.2286321188341808
1.3388677735547105,2.355214173216359,1.0020999635218757,-0.6621324865352918,-0.22870412974770182
1.3398679735947185,2.3549748669184685,1.0021031523148902,-0.6620303711570367,-0.2287765711267293
1.3408681736347265,2.3547356146441887,1.0021063854855188,-0.6619277300975867,-0.2288494455983698
1.3418683736747345,2.3544964170308615,1.002109663313875,-0.6618245601495064,-0.22892275580335744
1.3428685737147426,2.3542572747175434,1.002112986081081,-0.661720858087488,-0.2289965043962114
1.3438687737547506,2.3540181883450257,1.0021163540692641,-0.66161662066815,-0.2290706940453902
1.3448689737947586,2.353779158555857,1.0021197675615552,-0.6615118446298394,-0.22914532743344337
1.3458691738347666,2.3535401859943623,1.002123226842082,-0.661406526692436,-0.22922040725715873
1.3468693738747746,2.3533012713066555,1.0021267321959684,-0.661300663557162,-0.22929593622770647
1.3478695739147826,2.353062415140659,1.0021302839093276,-0.661194251906394,-0.22937191707078133
1.3488697739547906,2.3528236181461133,1.0021338822692611,-0.6610872884034786,-0.22944835252674003
1.3498699739947986,2.3525848809745904,1.0021375275638513,-0.6609797696925505,-0.22952524535073685
1.3508701740348066,2.3523462042795016,1.0021412200821582,-0.6608716923983547,-0.22960259831285626
1.3518703740748146,2.3521075887161076,1.002144960114214,-0.6607630531260712,-0.22968041419824228
1.3528705741148226,2.351869034941523,1.0021487479510198,-0.6606538484611414,-0.2297586958072255
1.3538707741548306,2.3516305436147222,1.0021525838845382,-0.6605440749690987,-0.2298374459554477
1.3548709741948386,2.3513921153965427,1.0021564682076878,-0.6604337291954028,-0.22991666747398393
1.3558711742348466,2.351153750949687,1.0021604012143395,-0.6603228076652699,-0.22999636320946135
1.3568713742748546,2.350915450938722,1.0021643831993086,-0.660211306883515,-0.2300765360241777
1.3578715743148626,2.350677216030081,1.0021684144583503,-0.6600992233343879,-0.23015718879621572
1.3588717743548706,2.350439046892058,1.0021724952881519,-0.6599865534814165,-0.23023832441955722
1.3598719743948786,2.350200944194806,1.0021766259863276,-0.6598732937672493,-0.23031994580419307
1.3608721744348866,2.349962908610332,1.002180806851409,-0.6597594406134998,-0.23040205587623286
1.3618723744748946,2.3497249408124907,1.002185038182842,-0.659644990420595,-0.230484657578013
1.3628725745149026,2.349487041476976,1.0021893202809766,-0.6595299395676235,-0.23056775386820233
1.3638727745549106,2.3492492112813146,1.0021936534470606,-0.6594142844121837,-0.2306513477219056
1.3648729745949186,2.3490114509048543,1.0021980379832298,-0.6592980212902384,-0.23073544213076722
1.3658731746349266,2.3487737610287542,1.0022024741925044,-0.6591811465159639,-0.2308200401030714
1.3668733746749346,2.3485361423359725,1.0022069623787764,-0.6590636563816071,-0.23090514466384301
1.3678735747149426,2.348298595511253,1.0022115028468028,-0.6589455471573382,-0.2309907588549452
1.3688737747549506,2.3480611212411113,1.002216095902198,-0.6588268150911089,-0.2310768857351775
1.3698739747949586,2.34782372021382,1.0022207418514217,-0.6587074564085073,-0.2311635283803715
1.3708741748349667,2.3475863931193914,1.002225441001774,-0.6585874673126177,-0.23125068988348582
1.3718743748749747,2.3473491406495612,1.0022301936613813,-0.6584668439838772,-0.23133837335470023
1.3728745749149827,2.3471119634977695,1.0022350001391915,-0.6583455825799385,-0.23142658192150908
1.3738747749549907,2.3468748623591416,1.0022398607449587,-0.6582236792355262,-0.23151531872881279
1.3748749749949987,2.3466378379304684,1.0022447757892377,-0.658101130062301,-0.23160458693900948
1.3758751750350067,2.3464008909101866,1.0022497455833694,-0.6579779311487177,-0.231694389732085
1.3768753750750147,2.3461640219983537,1.0022547704394742,-0.6578540785598901,-0.2317847303057034
1.3778755751150227,2.345927231896627,1.0022598506704363,-0.6577295683374511,-0.23187561187529465
1.3788757751550307,2.345690521308238,1.0022649865898967,-0.6576043964994164,-0.23196703767414417
1.3798759751950387,2.345453890937971,1.0022701785122397,-0.6574785590400457,-0.23205901095347933
1.3808761752350467,2.345217341492133,1.00227542675258,-0.6573520519297089,-0.23215153498255722
1.3818763752750547,2.3449808736785323,1.002280731626752,-0.6572248711147464,-0.2322446130487508
1.3828765753150627,2.3447444882064454,1.002286093451296,-0.657097012517334,-0.23233824845763487
1.3838767753550707,2.344508185786593,1.0022915125434484,-0.6569684720353468,-0.23243244453307096
1.3848769753950787,2.3442719671311094,1.0022969892211244,-0.6568392455422236,-0.23252720461729331
1.3858771754350867,2.344035832953512,1.002302523802908,-0.6567093288868291,-0.23262253207099245
1.3868773754750947,2.343799783968671,1.002308116608037,-0.6565787178933196,-0.23271843027339928
1.3878775755151027,2.3435638208927787,1.002313767956389,-0.6564474083610052,-0.23281490262236934
1.3888777755551107,2.3433279444433137,1.0023194781684677,-0.6563153960642159,-0.2329119525344652
1.3898779755951187,2.343092155339012,1.0023252475653868,-0.6561826767521641,-0.2330095834450401
1.3908781756351267,2.342856454299828,1.0023310764688584,-0.6560492461488098,-0.23310779880832
1.3918783756751347,2.3426208420469026,1.0023369652011735,-0.6559150999527217,-0.23320660209748567
1.3928785757151427,2.342385319302526,1.002342914085191,-0.6557802338369451,-0.2333059968047554
1.3938787757551507,2.3421498867901005,1.0023489234443173,-0.6556446434488615,-0.2334059864414651
1.3948789757951587,2.3419145452341037,1.0023549936024934,-0.655508324410055,-0.23350657453815138
1.3958791758351667,2.341679295360049,1.002361124884178,-0.6553712723161734,-0.23360776464463062
1.3968793758751747,2.3414441378944457,1.0023673176143286,-0.6552334827367938,-0.2337095603300814
1.3978795759151827,2.3412090735647606,1.0023735721183855,-0.6550949512152832,-0.23381196518312333
1.3988797759551908,2.340974103099373,1.0023798887222568,-0.6549556732686634,-0.23391498281189863
1.3998799759951988,2.340739227227538,1.0023862677522952,-0.6548156443874718,-0.23401861684415093
1.4008801760352068,2.3405044466793368,1.0023927095352838,-0.6546748600356254,-0.23412287092730544
1.4018803760752148,2.3402697621856383,1.0023992143984173,-0.6545333156502822,-0.23422774872854804
1.4028805761152228,2.340035174478052,1.0024057826692792,-0.6543910066417028,-0.23433325393490437
1.4038807761552308,2.3398006842888806,1.0024124146758278,-0.6542479283931142,-0.23443939025331922
1.4048809761952388,2.339566292351076,1.0024191107463727,-0.6541040762605685,-0.23454616141073417
1.4058811762352468,2.339331999398189,1.0024258712095564,-0.6539594455728068,-0.23465357115416682
1.4068813762752548,2.3390978061643235,1.0024326963943329,-0.6538140316311184,-0.2347616232507881
1.4078815763152628,2.3388637133840846,1.002439586629946,-0.6536678297092035,-0.23487032148800052
1.4088817763552708,2.338629721792528,1.002446542245911,-0.6535208350530324,-0.23497966967351558
1.4098819763952788,2.3383958321251095,1.0024535635719902,-0.6533730428807066,-0.23508967163543118
1.4108821764352868,2.3381620451176324,1.0024606509381726,-0.6532244483823194,-0.23520033122230838
1.4118823764752948,2.337928361506192,1.0024678046746487,-0.653075046719814,-0.23531165230324794
1.4128825765153028,2.337694782027124,1.0024750251117909,-0.6529248330268458,-0.2354236387679671
1.4138827765553108,2.337461307416947,1.0024823125801274,-0.6527738024086398,-0.23553629452687547
1.4148829765953188,2.3372279384123056,1.002489667410321,-0.6526219499418514,-0.23564962351115118
1.4158831766353268,2.3369946757499136,1.0024970899331431,-0.6524692706744245,-0.23576362967281606
1.4168833766753348,2.3367615201664944,1.0025045804794488,-0.6523157596254512,-0.23587831698481113
1.4178835767153428,2.336528472398722,1.0025121393801535,-0.6521614117850288,-0.23599368944107071
1.4188837767553508,2.3362955331831596,1.0025197669662058,-0.65200622211412,-0.23610975105659812
1.4198839767953588,2.3360627032561982,1.0025274635685617,-0.65185018554441,-0.23622650586753927
1.4208841768353668,2.335829983353992,1.0025352295181589,-0.6516932969781646,-0.23634395793125612
1.4218843768753748,2.335597374212395,1.0025430651458906,-0.6515355512880889,-0.23646211132640146
1.4228845769153828,2.335364876566896,1.0025509707825755,-0.6513769433171838,-0.23658097015299073
1.4238847769553908,2.3351324911525513,1.0025589467589324,-0.6512174678786041,-0.2367005385324751
1.4248849769953988,2.3349002187039174,1.0025669934055506,-0.651057119755515,-0.23682082060781448
1.4258851770354068,2.334668059954982,1.0025751110528611,-0.6508958937009505,-0.23694182054354895
1.4268853770754149,2.3344360156390938,1.0025833000311093,-0.6507337844376688,-0.2370635425258703
1.4278855771154229,2.334204086488891,1.002591560670322,-0.6505707866580099,-0.23718599076269337
1.4288857771554309,2.3339722732362294,1.0025998933002789,-0.6504068950237519,-0.23730916948372663
1.4298859771954389,2.3337405766121084,1.002608298250482,-0.6502421041659678,-0.2374330829405424
1.4308861772354469,2.333508997346596,1.0026167758501228,-0.6500764086848816,-0.23755773540664696
1.4318863772754549,2.3332775361687514,1.0026253264280525,-0.649909803149724,-0.2376831311775494
1.4328865773154629,2.3330461938065485,1.002633950312748,-0.6497422820985895,-0.23780927457083106
1.4338867773554709,2.3328149709867976,1.0026426478322792,-0.6495738400382917,-0.23793616992621305
1.4348869773954789,2.3325838684350635,1.0026514193142766,-0.6494044714442193,-0.23806382160562486
1.4358871774354869,2.332352886875586,1.0026602650858958,-0.6492341707601916,-0.23819223399327122
1.4368873774754949,2.3321220270311955,1.0026691854737833,-0.6490629323983149,-0.23832141149569952
1.437887577515503,2.331891289623229,1.0026781808040428,-0.648890750738837,-0.2384513585418648
1.438887777555511,2.3316606753714453,1.0026872514021978,-0.6487176201300043,-0.23858207958319694
1.439887977595519,2.331430184993937,1.0026963975931558,-0.6485435348879159,-0.2387135790936644
1.440888177635527,2.331199819207043,1.002705619701172,-0.6483684892963807,-0.2388458615698397
1.441888377675535,2.330969578725258,1.0027149180498103,-0.64819247760677,-0.23897893153096228
1.442888577715543,2.3307394642611414,1.0027242929619078,-0.6480154940378766,-0.239112793519003
1.443888777755551,2.330509476525225,1.0027337447595346,-0.6478375327757667,-0.23924745209872558
1.444888977795559,2.330279616225918,1.0027432737639537,-0.6476585879736385,-0.23938291185774938
1.445889177835567,2.3300498840694113,1.0027528802955827,-0.6474786537516752,-0.23951917740661005
1.446889377875575,2.329820280759581,1.0027625646739537,-0.6472977241969021,-0.23965625337882088
1.447889577915583,2.3295908069978903,1.00277232721767,-0.6471157933630403,-0.2397941444309318
1.448889777955591,2.3293614634832873,1.0027821682443663,-0.6469328552703641,-0.23993285524258923
1.449889977995599,2.3291322509121035,1.0027920880706658,-0.6467489039055564,-0.24007239051659415
1.450890178035607,2.3289031699779525,1.0028020870121372,-0.6465639332215626,-0.2402127549789599
1.451890378075615,2.3286742213716223,1.0028121653832505,-0.6463779371374484,-0.24035395337896936
1.452890578115623,2.3284454057809696,1.0028223234973328,-0.6461909095382549,-0.24049599048923068
1.453890778155631,2.3282167238908116,1.0028325616665248,-0.6460028442748548,-0.24063887110573265
1.454890978195639,2.327988176382817,1.0028428802017322,-0.645813735163808,-0.24078260004789925
1.455891178235647,2.327759763935393,1.002853279412583,-0.6456235759872184,-0.24092718215864353
1.456891378275655,2.327531487223572,1.0028637596073768,-0.6454323604925892,-0.2410726223044198
1.457891578315663,2.327303346918898,1.0028743210930393,-0.6452400823926819,-0.24121892537527648
1.458891778355671,2.3270753436893075,1.0028849641750732,-0.6450467353653703,-0.24136609628490607
1.459891978395679,2.3268474781990127,1.0028956891575094,-0.6448523130534994,-0.24151413997069643
1.460892178435687,2.3266197511083817,1.0029064963428567,-0.6446568090647409,-0.2416630613937784
1.461892378475695,2.326392163073815,1.0029173860320504,-0.6444602169714524,-0.24181286553907566
1.462892578515703,2.3261647147476223,1.0029283585244027,-0.644262530310534,-0.24196355741535105
1.463892778555711,2.3259374067778955,1.0029394141175492,-0.6440637425832859,-0.24211514205525306
1.464892978595719,2.3257102398083846,1.0029505531073968,-0.6438638472552671,-0.24226762451536088
1.465893178635727,2.3254832144783646,1.0029617757880696,-0.6436628377561536,-0.24242100987622892
1.466893378675735,2.3252563314225063,1.0029730824518546,-0.6434607074795974,-0.24257530324242993
1.467893578715743,2.325029591270742,1.0029844733891473,-0.6432574497830845,-0.2427305097425968
1.468893778755751,2.3248029946481314,1.0029959488883937,-0.6430530579877961,-0.24288663452946396
1.469893978795759,2.3245765421747238,1.003007509236036,-0.6428475253784663,-0.2430436827799071
1.470894178835767,2.3243502344654186,1.0030191547164542,-0.6426408452032438,-0.2432016596949817
1.471894378875775,2.324124072129825,1.0030308856119072,-0.642433010673551,-0.24336057049996118
1.472894578915783,2.3238980557721205,1.0030427022024733,-0.642224014963945,-0.24352042044437255
1.473894778955791,2.323672185990902,1.0030546047659932,-0.6420138512119806,-0.2436812148020325
1.474894978995799,2.323446463379042,1.0030665935780043,-0.64180251251807,-0.2438429588710808
1.475895179035807,2.323220888523538,1.0030786689116826,-0.6415899919453453,-0.2440056579740134
1.476895379075815,2.322995462005362,1.0030908310377802,-0.6413762825195214,-0.2441693174577135
1.477895579115823,2.3227701843993067,1.0031030802245604,-0.6411613772287593,-0.2443339426934824
1.478895779155831,2.322545056273829,1.0031154167377336,-0.6409452690235291,-0.24449953907706784
1.479895979195839,2.322320078190894,1.003127840840394,-0.6407279508164743,-0.24466611202869157
1.480896179235847,2.3220952507058152,1.0031403527929512,-0.6405094154822764,-0.24483366699307638
1.481896379275855,2.321870574367089,1.0031529528530654,-0.6402896558575195,-0.24500220943946974
1.482896579315863,2.3216460497162354,1.0031656412755778,-0.6400686647405568,-0.24517174486166787
1.483896779355871,2.3214216772876286,1.0031784183124441,-0.6398464348913776,-0.2453422787780381
1.484896979395879,2.3211974576083296,1.0031912842126636,-0.6396229590314715,-0.24551381673153844
1.485897179435887,2.3209733911979122,1.0032042392222076,-0.6393982298436984,-0.2456863642897376
1.486897379475895,2.3207494785682936,1.0032172835839506,-0.6391722399721561,-0.2458599270448321
1.487897579515903,2.320525720223556,1.0032304175375963,-0.6389449820220482,-0.24603451061366197
1.488897779555911,2.3203021166597693,1.0032436413196046,-0.6387164485595556,-0.24621012063772596
1.489897979595919,2.320078668364812,1.0032569551631165,-0.6384866321117045,-0.24638676278319432
1.490898179635927,2.3198553758181855,1.0032703592978813,-0.6382555251662385,-0.24656444274091963
1.491898379675935,2.319632239490831,1.0032838539501774,-0.6380231201714902,-0.24674316622644654
1.492898579715943,2.3194092598449423,1.0032974393427365,-0.6377894095362531,-0.24692293898002032
1.493898779755951,2.3191864373337725,1.003311115694667,-0.6375543856296566,-0.24710376676659293
1.494898979795959,2.3189637724014465,1.0033248832213713,-0.6373180407810373,-0.24728565537582728
1.495899179835967,2.31874126548276,1.0033387421344695,-0.6370803672798161,-0.2474686106221009
1.496899379875975,2.318518917002986,1.0033526926417138,-0.6368413573753725,-0.247652638344506
1.497899579915983,2.3182967273776733,1.003366734946912,-0.6366010032769231,-0.24783774440684966
1.498899779955991,2.3180746970124426,1.0033808692498387,-0.6363592971533963,-0.24802393469765124
1.499899979995999,2.3178528263027838,1.0033950957461537,-0.6361162311333126,-0.24821121513013764
1.5009001800360071,2.3176311156338447,1.003409414627316,-0.6358717973046638,-0.24839959164223757
1.5019003800760151,2.317409565380222,1.003423826080499,-0.6356259877147934,-0.2485890701965733
1.5029005801160231,2.3171881759057475,1.0034383302885006,-0.6353787943702768,-0.24877965678045014
1.5039007801560311,2.3169669475632735,1.0034529274296555,-0.6351302092368045,-0.24897135740584495
1.5049009801960391,2.316745880694451,1.0034676176777466,-0.6348802242390649,-0.2491641781093921
1.5059011802360471,2.316524975629511,1.003482401201913,-0.6346288312606291,-0.2493581249523674
1.5069013802760551,2.3163042326870396,1.0034972781665585,-0.6343760221438355,-0.24955320402066974
1.5079015803160631,2.316083652173748,1.0035122487312587,-0.6341217886896775,-0.2497494214248012
1.5089017803560711,2.3158632343842473,1.0035273130506674,-0.6338661226576912,-0.24994678329984502
1.5099019803960791,2.315642979600813,1.00354247127442,-0.633609015765842,-0.2501452958054406
1.5109021804360871,2.315422888093149,1.0035577235470394,-0.6333504596904171,-0.250344965125757
1.5119023804760952,2.315202960118151,1.003573070007836,-0.6330904460659154,-0.2505457974694646
1.5129025805161032,2.3149831959196625,1.0035885107908107,-0.6328289664849395,-0.2507477990697037
1.5139027805561112,2.3147635957282326,1.0036040460245539,-0.6325660124980901,-0.25095097618405093
1.5149029805961192,2.3145441597608696,1.0036196758321467,-0.6323015756138606,-0.25115533509448457
1.5159031806361272,2.3143248882207863,1.0036354003310561,-0.6320356472985331,-0.25136088210734514
1.5169033806761352,2.314105781297152,1.0036512196330334,-0.6317682189760766,-0.2515676235532967
1.5179035807161432,2.313886839164833,1.003667133844008,-0.631499282028044,-0.25177556578728244
1.5189037807561512,2.313668061984133,1.0036831430639837,-0.6312288277934742,-0.25198471518848087
1.5199039807961592,2.3134494499005336,1.0036992473869302,-0.630956847568793,-0.25219507816025744
1.5209041808361672,2.313231003044425,1.0037154469006746,-0.6306833326077157,-0.2524066611301144
1.5219043808761752,2.3130127215308414,1.003731741686793,-0.6304082741211515,-0.2526194705496381
1.5229045809161832,2.312794605459184,1.0037481318205004,-0.6301316632771107,-0.2528335128944443
1.5239047809561912,2.3125766549129514,1.0037646173705357,-0.62985349120061,-0.25304879466411917
1.5249049809961992,2.3123588699594575,1.0037811983990526,-0.6295737489735832,-0.2532653223821596
1.5259051810362072,2.312141250649553,1.0037978749615026,-0.6292924276347911,-0.2534831025959097
1.5269053810762152,2.311923797017339,1.003814647106518,-0.629009518179733,-0.2537021418764947
1.5279055811162232,2.3117065090798787,1.003831514875797,-0.6287250115605615,-0.253922446818752
1.5289057811562312,2.3114893868369073,1.0038484783039867,-0.6284388986859959,-0.2541440240411603
1.5299059811962392,2.3112724302705376,1.0038655374185594,-0.6281511704212415,-0.2543668801857643
1.5309061812362472,2.3110556393449624,1.0038826922396953,-0.6278618175879075,-0.2545910219180988
1.5319063812762552,2.310839014006152,1.0038999427801578,-0.6275708309639255,-0.25481645592710683
1.5329065813162632,2.3106225541815495,1.0039172890451709,-0.627278201283474,-0.2550431889250577
1.5339067813562712,2.3104062597797648,1.0039347310322941,-0.6269839192369014,-0.2552712276474605
1.5349069813962792,2.3101901306902617,1.0039522687312958,-0.6266879754706516,-0.2555005788529752
1.5359071814362872,2.309974166783044,1.0039699021240271,-0.6263903605871911,-0.25573124932332
1.5369073814762952,2.309758367908335,1.0039876311842908,-0.6260910651449394,-0.25596324586317615
1.5379075815163032,2.3095427338962584,1.0040054558777118,-0.6257900796581997,-0.25619657530008955
1.5389077815563112,2.309327264556512,1.0040233761616055,-0.625487394597091,-0.25643124448436905
1.5399079815963193,2.309111959678038,1.004041391984845,-0.6251830003874855,-0.256667260288981
1.5409081816363273,2.3088968190286923,1.0040595032877253,-0.6248768874109439,-0.2569046296094421
1.5419083816763353,2.3086818423549054,1.0040777100018283,-0.624569046004655,-0.2571433593637065
1.5429085817163433,2.3084670293813465,1.004096012049886,-0.6242594664613763,-0.25738345649205197
1.5439087817563513,2.308252379810577,1.0041144093456413,-0.6239481390293782,-0.25762492795696057
1.5449089817963593,2.3080378933227066,1.0041329017937055,-0.6236350539123887,-0.25786778074299804
1.5459091818363673,2.30782356957504,1.0041514892894203,-0.6233202012695406,-0.25811202185668747
1.5469093818763753,2.307609408201724,1.0041701717187141,-0.6230035712153207,-0.25835765832638075
1.5479095819163833,2.3073954088133894,1.004188948957954,-0.6226851538195227,-0.258604697202126
1.5489097819563913,2.307181570996789,1.004207820873806,-0.6223649391072005,-0.25885314555553174
1.5499099819963993,2.3069678943144325,1.0042267873230797,-0.6220429170586234,-0.25910301047962736
1.5509101820364073,2.3067543783042166,1.0042458481525873,-0.6217190776092353,-0.2593542990887181
1.5519103820764153,2.3065410224790526,1.0042650031989884,-0.621393410649616,-0.25960701851823975
1.5529105821164233,2.3063278263264895,1.004284252288639,-0.6210659060254426,-0.2598611759246056
1.5539107821564313,2.306114789308333,1.0043035952374393,-0.6207365535374567,-0.2601167784850531
1.5549109821964393,2.3059019108602596,1.004323031850678,-0.6204053429414307,-0.26037383339748366
1.5559111822364473,2.305689190391432,1.004342561922877,-0.6200722639481387,-0.26063234788029954
1.5569113822764553,2.305476627284102,1.004362185237631,-0.6197373062233279,-0.26089232917223787
1.5579115823164633,2.3052642208932177,1.004381901567452,-0.6194004593876958,-0.2611537845321989
1.5589117823564713,2.3050519705460224,1.0044017106736058,-0.6190617130168654,-0.2614167212390704
1.5599119823964793,2.3048398755416493,1.0044216123059497,-0.6187210566413669,-0.26168114659154895
1.5609121824364873,2.3046279351507155,1.0044416062027701,-0.6183784797466194,-0.26194706790795574
1.5619123824764953,2.3044161486149077,1.0044616920906162,-0.6180339717729169,-0.2622144925260486
1.5629125825165033,2.304204515146568,1.0044818696841327,-0.6176875221154154,-0.2624834278028295
1.5639127825565113,2.3039930339282733,1.0045021386858912,-0.6173391201241232,-0.262753881114348
1.5649129825965193,2.303781704112409,1.0045224987862218,-0.6169887551038945,-0.26302585985549964
1.5659131826365273,2.3035705248207456,1.004542949663039,-0.616636416314425,-0.2632993714398203
1.5669133826765353,2.3033594951440017,1.0045634909816707,-0.6162820929702507,-0.26357442329927566
1.5679135827165434,2.3031486141414095,1.0045841223946828,-0.6159257742407488,-0.26385102288404605
1.5689137827565514,2.302937880840275,1.0046048435417028,-0.6155674492501418,-0.264129177662307
1.5699139827965594,2.3027272942355337,1.0046256540492402,-0.6152071070775044,-0.2644088951200042
1.5709141828365674,2.3025168532892994,1.0046465535305111,-0.6148447367567732,-0.26469018276062417
1.5719143828765754,2.302306556930415,1.0046675415852528,-0.6144803272767592,-0.26497304810495964
1.5729145829165834,2.302096404053992,1.0046886177995447,-0.6141138675811643,-0.2652574986908709
1.5739147829565914,2.3018863935209533,1.0047097817456212,-0.6137453465685971,-0.26554354207304093
1.5749149829965994,2.3016765241575645,1.0047310329816888,-0.6133747530925966,-0.26583118582272575
1.5759151830366074,2.301466794754966,1.0047523710517363,-0.6130020759616552,-0.2661204375275004
1.5769153830766154,2.3012572040686994,1.004773795485346,-0.6126273039392464,-0.2664113047909982
1.5779155831166234,2.301047750818229,1.0047953057975059,-0.6122504257438554,-0.2667037952326465
1.5789157831566314,2.3008384336864602,1.004816901488414,-0.6118714300490116,-0.26699791648739474
1.5799159831966394,2.3006292513192546,1.0048385820432866,-0.6114903054833253,-0.2672936762054401
1.5809161832366474,2.300420202324936,1.0048603469321624,-0.6111070406305265,-0.26759108205194415
1.5819163832766554,2.3002112852737984,1.004882195609704,-0.6107216240295089,-0.26789014170674685
1.5829165833166634,2.300002498697607,1.004904127515004,-0.6103340441743748,-0.26819086286407307
1.5839167833566714,2.2997938410890932,1.004926142071378,-0.6099442895144834,-0.26849325323223405
1.5849169833966794,2.299585310901449,1.0049482386861686,-0.6095523484545037,-0.2687973205333228
1.5859171834366874,2.299376906547814,1.004970416750539,-0.6091582093544691,-0.26910307250290405
1.5869173834766954,2.2991686264007587,1.0049926756392693,-0.6087618605298362,-0.2694105168896967
1.5879175835167034,2.298960468791767,1.0050150147105479,-0.6083632902515461,-0.2697196614552523
1.5889177835567114,2.298752432010707,1.0050374333057643,-0.6079624867460899,-0.2700305139736259
1.5899179835967194,2.298544514305307,1.0050599307493024,-0.6075594381955768,-0.27034308223104087
1.5909181836367274,2.298336713880619,1.0050825063483226,-0.6071541327378046,-0.27065737402554735
1.5919183836767354,2.2981290288984826,1.0051051593925546,-0.6067465584663365,-0.27097339716667507
1.5929185837167434,2.2979214574769826,1.0051278891540778,-0.6063367034305773,-0.2712911594750784
1.5939187837567514,2.297713997689904,1.0051506948871105,-0.6059245556358562,-0.2716106687821745
1.5949189837967594,2.29750664756618,1.0051735758277862,-0.6055101030435109,-0.27193193292977685
1.5959191838367675,2.2972994050893387,1.0051965311939381,-0.6050933335709763,-0.27225495976971986
1.5969193838767755,2.2970922681969435,1.0052195601848761,-0.6046742350918761,-0.27257975716347715
1.5979195839167835,2.29688523478003,1.0052426619811656,-0.6042527954361183,-0.2729063329817728
1.5989197839567915,2.2966783026825395,1.0052658357444009,-0.6038290023899922,-0.2732346951041857
1.5999199839967995,2.2964714697007453,1.0052890806169814,-0.6034028436962721,-0.2735648514187461
1.6009201840368075,2.296264733582679,1.0053123957218826,-0.6029743070543218,-0.2738968098215253
1.6019203840768155,2.296058092027548,1.0053357801624279,-0.6025433801202033,-0.2742305782162171
1.6029205841168235,2.2958515426851536,1.005359233022058,-0.6021100505067892,-0.27456616451371246
1.6039207841568315,2.2956450831552995,1.005382753364098,-0.6016743057838794,-0.2749035766316658
1.6049209841968395,2.2954387109872014,1.0054063402315245,-0.6012361334783183,-0.27524282249405396
1.6059211842368475,2.2952324236788875,1.0054299926467287,-0.6007955210741195,-0.2755839100307261
1.6069213842768555,2.2950262186765986,1.0054537096112808,-0.60035245601259,-0.27592684717694654
1.6079215843168635,2.2948200933741822,1.0054774901056913,-0.5999069256924627,-0.2762716418729296
1.6089217843568715,2.294614045112483,1.0055013330891707,-0.5994589174700264,-0.2766183020633642
1.6099219843968795,2.2944080711787285,1.0055252374993873,-0.5990084186592644,-0.27696683569693165
1.6109221844368875,2.294202168805911,1.0055492022522257,-0.5985554165319938,-0.2773172507258142
1.6119223844768955,2.293996335172166,1.005573226241542,-0.5980998983180105,-0.27766955510519453
1.6129225845169035,2.293790567400147,1.005597308338914,-0.5976418512052329,-0.27802375679274627
1.6139227845569115,2.293584862556391,1.0056214473933993,-0.5971812623398571,-0.27837986374811563
1.6149229845969195,2.293379217650688,1.005645642231282,-0.596718118826507,-0.27873788393239346
1.6159231846369275,2.293173629635442,1.005669891655825,-0.5962524077283944,-0.2790978253075779
1.6169233846769355,2.2929680954050276,1.0056941944470144,-0.5957841160674786,-0.27945969583602703
1.6179235847169435,2.292762611795143,1.0057185493613088,-0.5953132308246305,-0.2798235034799021
1.6189237847569515,2.2925571755821625,1.0057429551313826,-0.5948397389398017,-0.2801892562006006
1.6199239847969595,2.2923517834824785,1.0057674104658707,-0.5943636273121946,-0.28055696195817903
1.6209241848369675,2.292146432151845,1.0057919140491114,-0.5938848828004368,-0.28092662871076507
1.6219243848769755,2.2919411181847167,1.0058164645408842,-0.593403492222761,-0.28129826441395983
1.6229245849169835,2.29173583811358,1.005841060576152,-0.5929194423571835,-0.28167187702022795
1.6239247849569916,2.2915305884082855,1.0058657007647973,-0.5924327199416904,-0.2820474744782782
1.6249249849969996,2.291325365475375,1.0058903836913589,-0.591943311674426,-0.2824250647324315
1.6259251850370076,2.291120165657402,1.0059151079147688,-0.5914512042138832,-0.282804655721979
1.6269253850770156,2.2909149852322526,1.0059398719680839,-0.5909563841790976,-0.2831862553805261
1.6279255851170236,2.29070982041246,1.0059646743582191,-0.5904588381498457,-0.28356987163532693
1.6289257851570316,2.2905046673445164,1.0059895135656793,-0.5899585526668456,-0.2839555124066052
1.6299259851970396,2.2902995221081826,1.0060143880442887,-0.5894555142319614,-0.2843431856068633
1.6309261852370476,2.2900943807157903,1.006039296220919,-0.588949709308409,-0.2847328991401779
1.6319263852770556,2.2898892391115444,1.0060642364952184,-0.5884411243209671,-0.2851246609014828
1.6329265853170636,2.289684093170822,1.006089207239336,-0.5879297456561906,-0.28551847877584013
1.6339267853570716,2.2894789386994665,1.0061142067976474,-0.5874155596626256,-0.28591436063769476
1.6349269853970796,2.289273771433077,1.0061392334864798,-0.5868985526510294,-0.28631231435011795
1.6359271854370876,2.289068587036298,1.0061642855938322,-0.5863787108945911,-0.2867123477640349
1.6369273854770956,2.288863381102104,1.0061893613790978,-0.5858560206291572,-0.28711446871743873
1.6379275855171036,2.2886581491510807,1.0062144590727855,-0.5853304680534586,-0.2875186850345893
1.6389277855571116,2.288452886630703,1.0062395768762376,-0.5848020393293404,-0.28792500452519715
1.6399279855971196,2.2882475889146128,1.0062647129613482,-0.5842707205819943,-0.2883334349835915
1.6409281856371276,2.288042251301888,1.006289865470282,-0.5837364979001946,-0.28874398418787317
1.6419283856771356,2.2878368690163167,1.0063150325151873,-0.5831993573365334,-0.28915665989904926
1.6429285857171436,2.287631437205659,1.0063402121779144,-0.582659284907664,-0.28957146986015503
1.6439287857571516,2.287425950940916,1.0063654025097268,-0.5821162665945403,-0.28998842179535433
1.6449289857971596,2.2872204052155882,1.0063906015310167,-0.5815702883426617,-0.2904075234090258
1.6459291858371676,2.287014794944936,1.0064158072310168,-0.5810213360623201,-0.2908287823848299
1.6469293858771756,2.286809114965237,1.0064410175675085,-0.5804693956288486,-0.2912522063847575
1.6479295859171836,2.2866033600330375,1.006466230466539,-0.5799144528828709,-0.2916778030481603
1.6489297859571916,2.2863975248244075,1.0064914438221244,-0.579356493630554,-0.29210557999076175
1.6499299859971996,2.286191603934188,1.006516655495962,-0.5787955036438618,-0.29253554480364835
1.6509301860372076,2.28598559187524,1.0065418633171395,-0.5782314686608118,-0.2929677050522408
1.6519303860772157,2.2857794830776887,1.0065670650818392,-0.5776643743857285,-0.2934020682752435
1.6529305861172237,2.2855732718881683,1.0065922585530487,-0.5770942064895068,-0.29383864198357457
1.6539307861572317,2.285366952569064,1.006617441460264,-0.5765209506098667,-0.2942774336592721
1.6549309861972397,2.2851605192977495,1.0066426114991953,-0.5759445923516161,-0.2947184507543798
1.6559311862372477,2.2849539661658302,1.0066677663314758,-0.5753651172869114,-0.2951617006898078
1.6569313862772557,2.284747287178375,1.006692903584362,-0.5747825109555207,-0.2956071908541717
1.6579315863172637,2.2845404762531563,1.006718020850438,-0.5741967588650841,-0.2960549286026049
1.6589317863572717,2.2843335272198804,1.0067431156873246,-0.5736078464913796,-0.29650492125554945
1.6599319863972797,2.284126433819425,1.006768185617375,-0.5730157592785847,-0.2969571760975176
1.6609321864372877,2.283919189703068,1.0067932281273833,-0.5724204826395403,-0.29741170037582987
1.6619323864772957,2.2837117884317206,1.0068182406682853,-0.5718220019560152,-0.29786850129932424
1.6629325865173037,2.2835042234751586,1.006843220654861,-0.5712203025789673,-0.2983275860370387
1.6639327865573117,2.28329648821125,1.0068681654654372,-0.5706153698288077,-0.29878896171686387
1.6649329865973197,2.283088575925188,1.00689307244159,-0.570007188995662,-0.29925263542416847
1.6659331866373277,2.282880479808718,1.0069179388878455,-0.5693957453396327,-0.2997186142003913
1.6669333866773357,2.282672192959368,1.0069427620713847,-0.5687810240910564,-0.3001869050416049
1.6679335867173437,2.282463708379677,1.0069675392217432,-0.5681630104507654,-0.3006575148970461
1.6689337867573517,2.282255018976426,1.0069922675305147,-0.567541689590343,-0.3011304506676134
1.6699339867973597,2.2820461175598674,1.007016944151053,-0.5669170466523786,-0.3016057192043299
1.6709341868373677,2.2818369968429546,1.0070415661981753,-0.5662890667507218,-0.30208332730677306
1.6719343868773757,2.281627649440575,1.0070661307478648,-0.5656577349707319,-0.3025632817214667
1.6729345869173837,2.2814180678687794,1.0070906348369744,-0.5650230363695269,-0.3030455891402365
1.6739347869573917,2.281208244544018,1.0071150754629299,-0.5643849559762268,-0.30353025619852686
1.6749349869973997,2.2809981717823726,1.0071394495834354,-0.5637434787921979,-0.30401728947368
1.6759351870374077,2.2807878417987957,1.0071637541161775,-0.5630985897912888,-0.3045066954831724
1.6769353870774157,2.2805772467063443,1.007187985938532,-0.5624502739200663,-0.30499848068281105
1.6779355871174237,2.280366378515424,1.0072121418872675,-0.561798516098044,-0.3054926514648853
1.6789357871574317,2.2801552291330256,1.0072362187582569,-0.5611433012179082,-0.3059892141562748
1.6799359871974398,2.2799437903619753,1.0072602133061825,-0.5604846141457392,-0.3064881750165129
1.6809361872374478,2.2797320539001764,1.0072841222442452,-0.5598224397212259,-0.3069895402358004
1.6819363872774558,2.279520011339863,1.0073079422438753,-0.5591567627578751,-0.3074933159329726
1.6829365873174638,2.2793076541668498,1.0073316699344461,-0.5584875680432146,-0.3079995081534149
1.6839367873574718,2.2790949737597916,1.007355301902981,-0.5578148403389904,-0.30850812286692714
1.6849369873974798,2.27888196138944,1.0073788346938746,-0.5571385643813561,-0.3090191659655341
1.6859371874374878,2.27866860821791,1.0074022648086016,-0.5564587248810547,-0.30953264326124125
1.6869373874774958,2.2784549052979464,1.0074255887054389,-0.555775306523594,-0.31004856048373275
1.6879375875175038,2.278240843572197,1.0074488027991821,-0.555088293969412,-0.3105669232780119
1.6889377875575118,2.27802641387249,1.0074719034608677,-0.5543976718540328,-0.3110877372019789
1.6899379875975198,2.2778116069191183,1.0074948870174922,-0.5537034247882155,-0.31161100772394795
1.6909381876375278,2.2775964133201247,1.007517749751741,-0.5530055373580907,-0.31213674022009813
1.6919383876775358,2.277380823570598,1.007540487901712,-0.5523039941252877,-0.31266493997185874
1.6929385877175438,2.2771648280519727,1.007563097660647,-0.5515987796270505,-0.313195612163224
1.6939387877575518,2.2769484170313348,1.0075855751766605,-0.5508898783763408,-0.3137287618779977
1.6949389877975598,2.2767315806607358,1.007607916552476,-0.55017727486193,-0.314264394096963
1.6959391878375678,2.2765143089765134,1.0076301178451637,-0.5494609535484777,-0.3148025136949783
1.6969393878775758,2.2762965918986207,1.007652175065875,-0.548740898876596,-0.31534312543799153
1.6979395879175838,2.276078419229961,1.007674084179591,-0.5480170952629002,-0.3158862339799749
1.6989397879575918,2.2758597806557344,1.0076958411048649,-0.5472895271000429,-0.31643184385977585
1.6999399879975998,2.275640665742791,1.0077174417135717,-0.5465581787567328,-0.31697995949787966
1.7009401880376078,2.275421063938992,1.0077388818306607,-0.5458230345777384,-0.31753058519308375
1.7019403880776158,2.2752009645725875,1.007760157233912,-0.5450840788838713,-0.3180837251190787
1.7029405881176238,2.274980356851595,1.007781263653697,-0.5443412959719521,-0.3186393833209335
1.7039407881576318,2.274759229863198,1.0078021967727404,-0.543594670114759,-0.3191975637114803
1.7049409881976398,2.274537572573145,1.0078229522258901,-0.5428441855609526,-0.3197582700675986
1.7059411882376478,2.274315373825175,1.00784352559989,-0.5420898265349813,-0.3203215060263925
1.7069413882776558,2.27409262234044,1.0078639124331563,-0.541331577236967,-0.32088727508125753
1.7079415883176639,2.273869306716952,1.007884108215559,-0.5405694218425627,-0.32145558057783535
1.7089417883576719,2.2736454154290366,1.00790410838821,-0.5398033445027896,-0.3220264257098497
1.7099419883976799,2.2734209368268035,1.0079239083432563,-0.5390333293438464,-0.3225998135148221
1.7109421884376879,2.2731958591356323,1.007943503423675,-0.5382593604668957,-0.32317574686966155
1.7119423884776959,2.2729701704556735,1.007962888923079,-0.5374814219478182,-0.32375422848612384
1.7129425885177039,2.2727438587613613,1.0079820600855256,-0.536699497836941,-0.32433526090613707
1.7139427885577119,2.272516911900951,1.0080010121053322,-0.5359135721587348,-0.32491884649698766
1.7149429885977199,2.272289317596067,1.008019740126898,-0.53512362891148,-0.3255049874463625
1.7159431886377279,2.27206106344127,1.008038239244535,-0.5343296520669001,-0.32609368575724246
1.7169433886777359,2.2718321369036483,1.0080565045023016,-0.5335316255697595,-0.3266849432426409
1.7179435887177439,2.2716025253224226,1.0080745308938477,-0.5327295333374272,-0.3272787615201838
1.718943788757752,2.2713722159085736,1.0080923133622637,-0.5319233592594022,-0.32787514200652307
1.71994398879776,2.271141195744492,1.0081098467999419,-0.5311130871967993,-0.32847408591158006
1.720944188837768,2.270909451783649,1.0081271260484426,-0.5302987009817984,-0.32907559423261307
1.721944388877776,2.270676970850291,1.0081441458983713,-0.5294801844170461,-0.3296796677480991
1.722944588917784,2.2704437396391604,1.0081609010892603,-0.5286575212750149,-0.33028630701142714
1.723944788957792,2.270209744715233,1.0081773863094678,-0.5278306952973214,-0.33089551234439646
1.7249449889978,2.269974972513494,1.0081935961960793,-0.5269996901939884,-0.33150728383050876
1.725945189037808,2.2697394093387318,1.008209525334822,-0.5261644896426645,-0.332121621308052
1.726945389077816,2.269503041365362,1.00822516825999,-0.5253250772877875,-0.3327385243629656
1.727945589117824,2.2692658546372817,1.0082405194543818,-0.5244814367396956,-0.33335799232147917
1.728945789157832,2.269027835067755,1.0082555733492442,-0.523633551573683,-0.33398002424251827
1.72994598919784,2.2687889684393254,1.0082703243242346,-0.5227814053289951,-0.334604618909868
1.730946189237848,2.2685492404037686,1.0082847667073918,-0.521924981507765,-0.3352317748240846
1.731946389277856,2.2683086364820704,1.0082988947751192,-0.5210642635738842,-0.3358614901941492
1.732946589317864,2.268067142064449,1.0083127027521839,-0.52019923495181,-0.33649376292885014
1.733946789357872,2.267824742410405,1.0083261848117275,-0.5193298790253014,-0.33712859062788925
1.73494698939788,2.267581422648818,1.0083393350752934,-0.5184561791360865,-0.33776597057269714
1.735947189437888,2.2673371677780754,1.008352147612867,-0.5175781185824537,-0.33840589971695095
1.736947389477896,2.2670919626662465,1.0083646164429314,-0.5166956806177657,-0.3390483746767809
1.737947589517904,2.2668457920513005,1.0083767355325424,-0.5158088484488935,-0.33969339172065677
1.738947789557912,2.266598640541364,1.0083884987974174,-0.5149176052345665,-0.3403409467589422
1.73994798959792,2.2663504926150266,1.0083999001020412,-0.5140219340836357,-0.3409910353331033
1.740948189637928,2.2661013326216968,1.0084109332597935,-0.513121818053247,-0.3416436526045608
1.741948389677936,2.265851144782002,1.008421592033091,-0.5122172401469176,-0.3422987933431717
1.742948589717944,2.265599913188246,1.008431870133555,-0.5113081833125181,-0.3429564519153292
1.743948789757952,2.2653476218049136,1.0084417612221899,-0.5103946304401505,-0.3436166222716634
1.74494898979796,2.2650942544692367,1.0084512589095933,-0.5094765643599196,-0.3442792979343313
1.745949189837968,2.264839794891811,1.0084603567561812,-0.5085539678395963,-0.344944471983881
1.746949389877976,2.264584226657276,1.0084690482724383,-0.5076268235821635,-0.34561213704567123
1.747949589917984,2.2643275332250594,1.0084773269191913,-0.5066951142232469,-0.34628228527583554
1.748949789957992,2.264069697930178,1.0084851861079092,-0.5057588223284162,-0.34695490834677073
1.749949989998,2.2638107039841127,1.0084926192010257,-0.5048179303903629,-0.34762999743213124
1.750950190038008,2.263550534475745,1.0084996195122893,-0.5038724208259395,-0.3483075431913164
1.751950390078016,2.2632891723723723,1.0085061803071427,-0.5029222759730629,-0.3489875357534263
1.752950590118024,2.2630266005207926,1.0085122948031287,-0.5019674780874689,-0.3496699647006699
1.753950790158032,2.262762801648465,1.0085179561703248,-0.5010080093393205,-0.35035481905120675
1.75495099019804,2.262497758364752,1.0085231575318137,-0.500043851809655,-0.3510420872413967
1.755951190238048,2.262231453162248,1.0085278919641796,-0.49907498748667084,-0.35173175710744126
1.756951390278056,2.261963868418184,1.0085321524980413,-0.4981013982618442,-0.35242381586639093
1.757951590318064,2.261694986395931,1.0085359321186198,-0.49712306592586797,-0.3531182500964953
1.758951790358072,2.2614247892465857,1.0085392237663398,-0.4961399721644097,-0.35381504571687383
1.75995199039808,2.261153259010662,1.0085420203374689,-0.4951520985536763,-0.3545141879664801
1.760952190438088,2.2608803776198716,1.008544314684798,-0.494159426555783,-0.3552156613823348
1.761952390478096,2.2606061268990154,1.0085460996183577,-0.4931619375139136,-0.3559194497770001
1.762952590518104,2.2603304885679747,1.0085473679061783,-0.49215961264726765,-0.35662553621526594
1.763952790558112,2.260053444243816,1.0085481122750943,-0.4911524330457851,-0.35733390299002293
1.76495299059812,2.25977497544301,1.008548325411589,-0.49014037966463786,-0.3580445315972867
1.765953190638128,2.259495063583766,1.0085479999626912,-0.4891234333184794,-0.35875740271034634
1.766953390678136,2.259213689988493,1.0085471285369165,-0.48810157467544685,-0.35947249615300214
1.767953590718144,2.2589308358863858,1.0085457037052596,-0.48707478425089745,-0.3601897908718598
1.768953790758152,2.258646482416142,1.0085437180022383,-0.4860430424008785,-0.36090926490764635
1.76995399079816,2.258360610628817,1.0085411639269906,-0.48500632931531046,-0.36163089536550963
1.770954190838168,2.2580732014908205,1.0085380339444285,-0.48396462501087983,-0.3623546583842648
1.771954390878176,2.2577842358870597,1.0085343204864512,-0.48291790932362466,-0.3630805291045494
1.772954590918184,2.257493694624232,1.0085300159532133,-0.4818661619012043,-0.36380848163584517
1.773954790958192,2.2572015584342786,1.0085251127144628,-0.48080936219483555,-0.3645384890223223
1.7749549909982,2.256907807977998,1.0085196031109354,-0.47974748945088885,-0.3652705232074666
1.775955191038208,2.2566124238488317,1.008513479455823,-0.4786805227021243,-0.3660045549974408
1.776955391078216,2.2563153865768215,1.008506734036306,-0.47760844075855535,-0.36674055402313144
1.777955591118224,2.2560166766327514,1.008499359115163,-0.4765312221979275,-0.367478488700836
1.778955791158232,2.2557162744324724,1.00849134693245,-0.4754488453557926,-0.3682183261915358
1.7799559911982392,2.2554141603414286,1.0084826897072603,-0.4743612883151648,-0.368960032358703
1.7809561912382472,2.2551103146793774,1.008473379639565,-0.47326852889573967,-0.36970357172458485
1.7819563912782552,2.2548047177253223,1.0084634089121343,-0.4721705446426607,-0.3704489074249102
1.7829565913182632,2.254497349722664,1.0084527696925443,-0.47106731281481207,-0.3711960011619566
1.7839567913582712,2.254188190884566,1.0084414541352822,-0.46995881037262244,-0.3719448131559176
1.7849569913982792,2.253877221399563,1.0084294543839278,-0.4688450139653543,-0.37269530209450263
1.7859571914382872,2.2535644214373987,1.0084167625734488,-0.46772589991786284,-0.37344742508070833
1.7869573914782952,2.2532497711551196,1.0084033708325824,-0.4666014442168022,-0.3742011375786856
1.7879575915183032,2.25293325070342,1.0083892712863252,-0.46547162249625007,-0.3749563933576327
1.7889577915583112,2.2526148402332513,1.0083744560585326,-0.4643364100227385,-0.37571314443364223
1.7899579915983193,2.2522945199027142,1.0083589172746217,-0.46319578167965453,-0.37647134100941704
1.7909581916383273,2.2519722698842255,1.0083426470643944,-0.4620497119509917,-0.37723093141178016
1.7919583916783353,2.251648070371983,1.008325637564979,-0.4608981749044261,-0.3779918620268918
1.7929585917183433,2.2513219015897366,1.008307880923888,-0.4597411441736838,-0.378754077233084
1.7939587917583513,2.250993743798869,1.008289369302215,-0.45857859294017617,-0.37951751933122524
1.7949589917983593,2.2506635773068067,1.0082700948779477,-0.45741049391386873,-0.38028212847251597
1.7959591918383673,2.25033138247576,1.0082500498494318,-0.45623681931335497,-0.3810478425836217
1.7969593918783753,2.2499971397318173,1.0082292264389656,-0.45505754084509853,-0.3818145972890327
1.7979595919183833,2.2496608295743954,1.008207616896546,-0.45387262968181175,-0.3825823258305534
1.7989597919583913,2.2493224325860592,1.0081852135037588,-0.452682056439936,-0.3833509589838017
1.7999599919983993,2.248981929442727,1.0081620085778338,-0.4514857911561812,-0.3841204249716079
1.8009601920384073,2.248639300924269,1.0081379944758535,-0.45028380326308937,-0.3848906493741894
1.8019603920784153,2.2482945279255193,1.0081131635991283,-0.44907606156358015,-0.38566155503597965
1.8029605921184233,2.2479475914677027,1.0080875083977505,-0.4478625342044362,-0.38643306196897637
1.8039607921584313,2.247598472710301,1.0080610213753176,-0.4466431886486814,-0.3872050872524781
1.8049609921984393,2.2472471529633693,1.008033695093844,-0.4454179916468079,-0.38797754492906267
1.8059611922384473,2.246893613700314,1.008005522178861,-0.44418690920680076,-0.3887503458966669
1.8069613922784553,2.246537836571148,1.0079764953247126,-0.4429499065629142,-0.3895233977966072
1.8079615923184633,2.246179803416241,1.0079466073000507,-0.4417069481431382,-0.39029660489738704
1.8089617923584713,2.2458194962805744,1.0079158509535422,-0.44045799753530723,-0.39106986797412197
1.8099619923984793,2.2454568974285256,1.0078842192197872,-0.43920301745178875,-0.39184308418341207
1.8109621924384873,2.2450919893591825,1.0078517051254599,-0.4379419696926931,-0.39261614693347774
1.8119623924784953,2.24472475482222,1.0078183017956783,-0.4366748151075396,-0.39338894574937444
1.8129625925185033,2.2443551768343455,1.0077840024606073,-0.43540151355531287,-0.39416136613308916
1.8139627925585113,2.2439832386963294,1.0077488004623016,-0.4341220238628404,-0.3949332894183131
1.8149629925985193,2.243608924010643,1.0077126892618027,-0.4328363037814181,-0.39570459261968194
1.8159631926385273,2.243232216699717,1.007675662446485,-0.43154430994160786,-0.39647514827625707
1.8169633926785353,2.242853101024836,1.0076377137376702,-0.4302459978061287,-0.3972448242890207
1.8179635927185434,2.2424715616056883,1.0075988369985074,-0.4289413216207545,-0.3980134837521406
1.8189637927585514,2.242087583440589,1.007559026242134,-0.4276302343631373,-0.3987809847777563
1.8199639927985594,2.2417011519273933,1.0075182756401198,-0.42631268768945785,-0.3995471803140205
1.8209641928385674,2.241312252885111,1.0074765795312026,-0.42498863187881336,-0.40031191795612464
1.8219643928785754,2.2409208725762495,1.0074339324303232,-0.42365801577523904,-0.40107503975002445
1.8229645929185834,2.240526997729898,1.0073903290379649,-0.4223207867272597,-0.40183638198856136
1.8239647929585914,2.240130615565561,1.00734576424981,-0.4209768905248606,-0.4025957749996751
1.8249649929985994,2.2397317138177746,1.0073002331667131,-0.4196262713337627,-0.4033530429263797
1.8259651930386074,2.239330280761507,1.0072537311050012,-0.4182688716268821,-0.4041080034981626
1.8269653930786154,2.2389263052383646,1.0072062536071096,-0.4169046321128439,-0.40486046779345297
1.8279655931186234,2.2385197766836176,1.0071577964525562,-0.41553349166142095,-0.40561023999279044
1.8289657931586314,2.2381106851540618,1.0071083556692617,-0.4141553872257565,-0.4063571171223052
1.8299659931986394,2.237699021356729,1.0070579275452198,-0.41277025376122134,-0.40710088878710465
1.8309661932386474,2.237284776678452,1.0070065086405273,-0.41137802414075636,-0.407841336894146
1.8319663932786554,2.2368679432163074,1.0069540957997716,-0.4099786290665351,-0.4085782353641502
1.8329665933186634,2.2364485138089365,1.0069006861647876,-0.4085719969777784,-0.4093113498320956
1.8339667933586714,2.2360264820687563,1.0068462771877777,-0.40715805395454074,-0.4100404373358059
1.8349669933986794,2.2356018424150674,1.0067908666448124,-0.40573672361728275,-0.4107652459921301
1.8359671934386874,2.235174590108064,1.006734452649693,-0.40430792702203033,-0.4114855146601772
1.8369673934786954,2.2347447212837466,1.006677033668197,-0.4028715825509155,-0.4122009725910584
1.8379675935187034,2.2343122329897387,1.0066186085326954,-0.40142760579787773,-0.41291133906355065
1.8389677935587114,2.2338771232220047,1.006559176457138,-0.399975909449297,-0.4136163230050719
1.8399679935987194,2.2334393909624595,1.0064987370524172,-0.3985164031593185,-0.41431562259733656
1.8409681936387274,2.2329990362174694,1.006437290342084,-0.3970489934196092,-0.415008924866013
1.8419683936787354,2.232556060057216,1.0063748367784329,-0.39557358342328286,-0.41569590525369016
1.8429685937187434,2.232110464655918,1.0063113772589316,-0.39409007292270526,-0.4163762271754133
1.8439687937587514,2.2316622533328783,1.0062469131429914,-0.3925983580808868,-0.4170495415560197
1.8449689937987594,2.2312114305943362,1.006181446269066,-0.3910983313161402,-0.4177154863484631
1.8459691938387675,2.2307580021760773,1.0061149789720543,-0.3895898811396782,-0.41837368603228003
1.8469693938787755,2.2303019750867734,1.0060475141010032,-0.3880728919857933,-0.41902375109130113
1.8479695939187835,2.22984335765199,1.005979055037071,-0.38654724403425345,-0.4196652774696759
1.8489697939587915,2.2293821595588086,1.0059096057117447,-0.3850128130245194,-0.42029784600522097
1.8499699939987995,2.2289183919009985,1.005839170625258,-0.38346947006137017,-0.4209210218390594
1.8509701940388075,2.228452067224652,1.005767754865196,-0.3819170814114985,-0.4215343538004619
1.8519703940788155,2.227983199574202,1.0056953641252355,-0.38035550829061043,-0.42213737376574373
1.8529705941188235,2.2275118045387146,1.005622004723977,-0.3787846066405417,-0.422729595990014
1.8539707941588315,2.2270378992983355,1.0055476836238166,-0.37720422689586797,-0.4233105164105087
1.8549709941988395,2.226561502670773,1.005472408449802,-0.37561421373945647,-0.4238796119201659
1.8559711942388475,2.226082635157645,1.005396187508401,-0.37401440584638096,-0.42443633961004634
1.8569713942788555,2.225601318990549,1.0053190298061119,-0.3724046356155709,-0.42498013597910395
1.8579715943188635,2.22511757817664,1.0052409450678266,-0.37078472888854425,-0.4255104161097496
1.8589717943588715,2.224631438543522,1.005161943754863,-0.3691545046545216,-0.42602657280755574
1.8599719943988795,2.2241429277832077,1.0050820370825404,-0.3675137747411787,-0.4265279757033559
1.8609721944388875,2.223652075494878,1.005001237037207,-0.36586234349024893,-0.4270139703159079
1.8619723944788955,2.223158913226156,1.004919556392561,-0.36420000741713565,-0.4274838770731694
1.8629725945189035,2.2226634745125504,1.004837008725138,-0.36252655485363944,-0.42793699029013965
1.8639727945589115,2.2221657949147096,1.0047536084287876,-0.3608417655728468,-0.4283725771010889
1.8649729945989195,2.221665912053079,1.0046693707279644,-0.35914541039516834,-0.4287898763438878
1.8659731946389275,2.221163865639495,1.004584311689629,-0.3574372507744391,-0.42918809739399594
1.8669733946789355,2.2206596975052224,1.0044984482335337,-0.355717038362931,-0.4295664189455444
1.8679735947189435,2.2201534516248698,1.0044117981406417,-0.3539845145540375,-0.4299239877367759
1.8689737947589515,2.219645174135562,1.0043243800594064,-0.3522394100013178,-0.43025991721696044
1.8699739947989595,2.2191349133506812,1.0042362135095966,-0.35048144411248555,-0.4305732861517109
1.8709741948389675,2.218622719767414,1.0041473188833399,-0.34871032451683603,-0.4308631371634495
1.8719743948789755,2.21810864606726,1.0040577174429937,-0.34692574650449554,-0.43112847520356673
1.8729745949189835,2.2175927471085646,1.0039674313154356,-0.3451273924357599,-0.43136826595260175
1.8739747949589916,2.2170750799100456,1.0038764834823088,-0.34331493111866696,-0.43158143414453903
1.8749749949989996,2.216555703624166,1.0037848977657102,-0.341488017152807,-0.4317668618110708
1.8759751950390076,2.216034679499091,1.0036926988087562,-0.33964629023723253,-0.4319233864414028
1.8769753950790156,2.215512070827817,1.0035999120504007,-0.33778937444016327,-0.43204979905289675
1.8779755951190236,2.2149879428829404,1.0035065636938152,-0.33591687742801274,-0.43214484216753374
1.8789757951590316,2.2144623628353366,1.0034126806675565,-0.3340283896510664,-0.43220720768884285
1.8799759951990396,2.213935399654863,1.003318290578683,-0.3321234834829404,-0.4322355346735917
1.8809761952390476,2.213407123990987,1.0032234216568778,-0.33020171231072043,-0.4322284069921342
1.8819763952790556,2.2128776080310106,1.0031281026885346,-0.3282626095724356,-0.4321843508709041
1.8829765953190636,2.2123469253333403,1.0030323629396636,-0.3263056877382504,-0.43210183231008337
1.8839767953590716,2.211815150632941,1.002936232066338,-0.32433043723146465,-0.4319792543689866
1.8849769953990796,2.211282359615837,1.002839740011273,-0.32233632528509265,-0.4318149543111792
1.8859771954390876,2.21074862865917,1.0027429168849684,-0.3203227947294305,-0.4316072006007649
1.8869773954790956,2.210214034532953,1.0026457928296864,-0.3182892627056419,-0.431354189740665
1.8879775955191036,2.2096786540592324,1.0025483978643357,-0.31623511929996057,-0.43105404294303395
1.8889777955591116,2.2091425637239173,1.002450761708131,-0.31415972609264253,-0.4307048026212253
1.8899779955991196,2.208605839236,1.0023529135806577,-0.31206241461528617,-0.43030442869192526
1.8909781956391276,2.2080685550283206,1.0022548819757058,-0.3099424847095673,-0.4298507946752121
1.8919783956791356,2.207530783693376,1.0021566944059515,-0.3077992027798157,-0.42934168357934815
1.8929785957191436,2.2069925953469607,1.0020583771152267,-0.30563179993116024,-0.4287747835560954
1.8939787957591516,2.206454056911592,1.001959954754759,-0.30343946998421434,-0.42814768331121883
1.8949789957991596,2.2059152313108012,1.0018614500193361,-0.3012213673564181,-0.4274578672536239
1.8959791958391676,2.2053761765643136,1.0017628832389072,-0.29897660479922283,-0.4267027103652381
1.8969793958791756,2.2048369447730405,1.001664271920586,-0.29670425097925573,-0.4258794727722822
1.8979795959191836,2.2042975809814864,1.0015656302354579,-0.29440332789045215,-0.4249852939969846
1.8989797959591916,2.2037581219037596,1.0014669684439181,-0.2920728080828495,-0.42401718686702744
1.8999799959991996,2.2032185944977334,1.0013682922525176,-0.2897116116923091,-0.4229720310581009
1.9009801960392076,2.2026790143700694,1.0012696020944671,-0.2873186032538267,-0.4218465662428165
1.9019803960792157,2.202139383992754,1.0011708923249716,-0.28489258827931074,-0.4206373848169147
1.9029805961192237,2.2015996907094446,1.001072150321494,-0.28243230957870236,-0.4193409241711339
1.9039807961592317,2.20105990450726,1.0009733554778206,-0.2799364433010786,-0.417953458474295
1.9049809961992397,2.2005199755266456,1.0008744780793755,-0.2774035946698594,-0.4164710899300372
1.9059811962392477,2.1999798312784984,1.0007754780456475,-0.2748322933834217,-0.41488973946620084
1.9069813962792557,2.1994393735338207,1.000676303523746,-0.27222098864924194,-0.4132051368120551
1.9079815963192637,2.1988984748466973,1.0005768893149969,-0.26956804381610544,-0.411412809914344
1.9089817963592717,2.198356974666245,1.0004771551140355,-0.26687173056487673,-0.4095080736384551
1.9099819963992797,2.1978146749872556,1.0003770035370605,-0.26413022261374414,-0.40748601769581777
1.9109821964392877,2.1972713354823736,1.0002763179125587,-0.2613415888886664,-0.4053414937328484
1.9119823964792957,2.196726668050629,1.000174959803931,-0.2585037861038502,-0.4030691015103073
1.9129825965193037,2.1961803307076306,1.0000727662287388,-0.2556146506903798,-0.4006631740946957
1.9139827965593117,2.1956319207313553,0.9999695465335575,-0.2526718900034457,-0.3981177619751958
1.9149829965993197,2.195080966963533,0.9998650788762472,-0.24967307272984587,-0.3954266160104675
1.9159831966393277,2.1945269211491634,0.9997591062581496,-0.246615618407313,-0.3925831690991334
1.9169833966793357,2.193969148174016,0.9996513320362643,-0.24349678595553026,-0.38958051645573055
1.9179835967193437,2.1934069150294606,0.9995414148280453,-0.24031366110506366,-0.386411394359775
1.9189837967593517,2.1928393782910485,0.9994289626960133,-0.2370631425943929,-0.38306815722871057
1.9199839967993597,2.19226556983431,0.9993135264607803,-0.2337419269860975,-0.3795427528447646
1.9209841968393677,2.191684380415106,0.9991945919303049,-0.23034649193005963,-0.3758266955393143
1.9219843968793757,2.191094540589913,0.9990715707347786,-0.2268730776727819,-0.37191103710332235
1.9229845969193837,2.190494598204387,0.9989437892936469,-0.22331766657524443,-0.3677863351438224
1.9239847969593917,2.1898828912686077,0.9988104751672385,-0.2196759603534002,-0.3634426185360866
1.9249849969993997,2.189257514346575,0.9986707395794662,-0.21594335468934722,-0.35886934951522975
1.9259851970394077,2.1886162754115484,0.9985235540997727,-0.21211491076739697,-0.35405538178642804
1.9269853970794157,2.187956638103543,0.9983677180987652,-0.2081853231510931,-0.34898891377090524
1.9279855971194237,2.18727564085805,0.998201811222336,-0.2041488832070762,-0.3436574356805235
1.9289857971594317,2.186569778397292,0.9980241210370566,-0.19999943695348565,-0.33804766841938405
1.9299859971994398,2.185834820762452,0.9978325289335849,-0.1957303356876202,-0.33214549116769493
1.9309861972394478,2.1850655272790007,0.9976243251824558,-0.19133437690244948,-0.32593585261759545
1.9319863972794558,2.184255182205623,0.9973959030279054,-0.18680373162369077,-0.3194026577232953
1.9329865973194638,2.1833948261208582,0.997142245572922,-0.18212985204264234,-0.3125286167239569
1.9339867973594718,2.182471966690424,0.9968560572131463,-0.17730334962164473,-0.30529503485965565
1.9349869973994798,2.1814683978158107,0.9965262853193393,-0.172313827802649,-0.2976815076822541
1.9359871974394878,2.180356492719498,0.9961355971037987,-0.16714964361993284,-0.28966546516749175
1.9369873974794958,2.1790928901584983,0.9956560700048083,-0.16179755668646542,-0.2812214734897199
1.9379875975195038,2.1776077425165936,0.9950418373554695,-0.1562421988832889,-0.27232014997965814
1.9389877975595118,2.1757864475829916,0.9942165692821349,-0.15046525901563884,-0.2629264662482053
1.9399879975995198,2.173438752609028,0.9930522528095044,-0.14444421807484215,-0.25299709826022154
1.9409881976395278,2.1702469093840726,0.9913334672014578,-0.1381503879901563,-0.24247632777033545
1.9419883976795358,2.165679786611447,0.9886978792360452,-0.13154590362550955,-0.23128982901481956
1.9429885977195438,2.158853595360151,0.9845388250047937,-0.12457922735014733,-0.21933558373981438
1.9439887977595518,2.1483142036611085,0.9778503642449872,-0.11717876465315044,-0.2064714456628919
1.9449889977995598,2.1317189421750253,0.966993030983052,-0.10924468558716552,-0.19250026316097585
1.9459891978395678,2.105430294252106,0.9493721287247903,-0.10064078816524884,-0.1771576095504377
1.9469893978795758,2.064151270067672,0.9210805958510779,-0.09119279244471439,-0.1601169858871421
1.9479895979195838,2.0010084319783243,0.8767213026482767,-0.08070889555860587,-0.14104569910877301
1.9489897979595918,1.908912571316012,0.8099340762059596,-0.06905203567823254,-0.1197661737252088
1.9499899979995998,1.7841370151715874,0.7154660520736107,-0.05629681842094873,-0.09656796978934719
1.9509901980396078,1.6316187194094562,0.5932701040411853,-0.04295516301098577,-0.07259676443023012
1.9519903980796158,1.467977789827979,0.45302698225044313,-0.030109692789048716,-0.04997814858274828
1.9529905981196238,1.316713189444979,0.3142341680410194,-0.019156299694532277,-0.031184699004244577
1.9539907981596318,1.196651697551894,0.19782947516504393,-0.011096277152338579,-0.017738019702542927
1.9549909981996398,1.1136683470550632,0.11471681445054875,-0.005974338497485776,-0.009413063157421984
1.9559911982396478,1.0623508302707743,0.06274254648194678,-0.003078045526065527,-0.0048027963868830575
1.9569913982796558,1.033047509998644,0.03310600326401827,-0.0015550787162907185,-0.002413001047627182
1.9579915983196639,1.0171577285285298,0.017123889942937856,-0.0007814077854304394,-0.001209178401766077
1.9589917983596719,1.0088041943049855,0.008765065229263446,-0.0003928221853213326,-0.0006071527208756269
1.9599919983996799,1.0044888647443369,0.004462392888074798,-0.0001978568181957437,-0.00030568238546871944
1.9609921984396879,1.0022808055705834,0.0022655310708692587,-9.983166568123301e-05,-0.00015422101163280075
1.9619923984796959,1.0011567387694922,0.0011485016904263052,-5.0432168149402857e-05,-7.790915621441951e-05
1.9629925985197039,1.0005860557402857,0.0005817536393655294,-2.5494928803093047e-05,-3.9387052708078795e-05
1.9639927985597119,1.00029674647548,0.0002945347866061819,-1.2893070836981543e-05,-1.9919344108868e-05
1.9649929985997199,1.0001502002351192,0.00014907224742384306,-6.521102856278774e-06,-1.007524042538548e-05
1.9659931986397279,1.0000760050841755,7.543214393667072e-05,-3.298315831145841e-06,-5.096111896977526e-06
1.9669933986797359,1.000038452657947,3.81622649159986e-05,-1.6681625391622669e-06,-2.5774775526492027e-06
1.9679935987197439,1.0000194506591025,1.9303643826115137e-05,-8.436104712938168e-07,-1.3034867040032314e-06
1.968993798759752,1.000009837231664,9.7628519770604e-06,-4.265731889259684e-07,-6.59121165061966e-07
1.96999399879976,1.000004974453214,4.936837329710203e-06,-2.156691780249466e-07,-3.332469701224193e-07
1.970994198839768,1.000002515088952,2.4960707834144216e-06,-1.0902419235969208e-07,-1.6846398118110184e-07
1.971994398879776,1.000001271445551,1.2618322026634562e-06,-5.5105704495440737e-08,-8.515037881118778e-08
1.972994598919784,1.0000006426567396,6.377982252919142e-07,-2.7848924351424132e-08,-4.3033252728868026e-08
1.973994798959792,1.0000003247861555,3.2233109426859626e-07,-1.4072074841649666e-08,-2.1745006365791316e-08
1.9749949989998,1.0000001641168785,1.6287649814704618e-07,-7.109606060550039e-09,-1.0986327835293166e-08
1.975995199039808,1.000000082917536,8.22909465671088e-08,-3.591456182082547e-09,-5.5498747100394e-09
1.976995399079816,1.0000000418867827,4.1570301555052195e-08,-1.813983086676166e-09,-2.803182767542086e-09
1.977995599119824,1.000000021156565,2.0996738217186466e-08,-9.160802886453315e-10,-1.4156545345810254e-09
1.978995799159832,1.0000000106844187,1.06037159767704e-08,-4.625636642734692e-10,-7.148267884894166e-10
1.97999599919984,1.000000005395035,5.354291165492342e-09,-2.335324257448297e-10,-3.6089598701693886e-10
1.980996199239848,1.0000000027238005,2.7032335772216817e-09,-1.1788555344578048e-10,-1.821801317317574e-10
1.981996399279856,1.0000000013749726,1.3645922036833114e-09,-5.949927930490979e-11,-9.195126491180872e-11
1.982996599319864,1.0000000006939855,6.887473730090822e-10,-3.002620959093336e-11,-4.6403648136207665e-11
1.983996799359872,1.0000000003502227,3.475800379976043e-10,-1.5150497578937542e-11,-2.34144621105902e-11
1.98499699939988,1.000000000176716,1.7538298940054014e-10,-7.64347017098152e-12,-1.1812822045499874e-11
1.985997199439888,1.0000000000891547,8.848255781493735e-11,-3.855590475131336e-12,-5.9588164002247086e-12
1.986997399479896,1.0000000000449727,4.4633907607398445e-11,-1.9445830912353574e-12,-3.005398255897697e-12
1.987997599519904,1.0000000000226825,2.2511716013646975e-11,-9.806065197402113e-13,-1.5155750426147191e-12
1.988997799559912,1.0000000000114384,1.1352405210063662e-11,-4.944140758280505e-13,-7.641558567687092e-13
1.98999799959992,1.0000000000057672,5.7240192518317285e-12,-2.492328895032322e-13,-3.852185904175495e-13
1.990998199639928,1.0000000000029072,2.885646161040806e-12,-1.2560873155292656e-13,-1.941495665485121e-13
1.991998399679936,1.0000000000014653,1.4544200552626517e-12,-6.32844322307234e-14,-9.782155912324872e-14
1.992998599719944,1.0000000000007383,7.328499400875483e-13,-3.1869233470332415e-14,-4.926525581923784e-14
1.993998799759952,1.000000000000372,3.6914712986872834e-13,-1.6037596886141652e-14,-2.479456684772877e-14
1.99499899979996,1.0000000000001872,1.8584120603896614e-13,-8.061795628154642e-15,-1.2465866871603354e-14
1.995999199839968,1.0000000000000941,9.35035742360908e-14,-4.0462353963586055e-15,-6.258231758162838e-15
1.996999399879976,1.000000000000047,4.7037861677016844e-14,-2.0275621868141286e-15,-3.1370461472344977e-15
1.997999599919984,1.0000000000000235,2.3624590625235826e-14,-1.0179272539170345e-15,-1.5753230170225772e-15
1.998999799959992,1.0000000000000115,1.1948160710667438e-14,-5.269809502699054e-16,-8.151821787892575e-16
2.0,1.0000000000000064,6.700268687670604e-15,-3.237648572966212e-16,-4.999661025698405e-16
