-3.0,5.0,4.298077128318667e-134,0.0,0.0,0.0,0.0,0.0,0.0
-2.998999799959992,5.0,3.2294819915207333e-133,0.0,0.0,0.0,0.0,0.0,0.0
-2.997999599919984,5.0,2.706481628537385e-132,0.0,0.0,0.0,0.0,0.0,0.0
-2.996999399879976,5.0,2.271867145190159e-131,0.0,0.0,0.0,0.0,0.0,0.0
-2.995999199839968,5.0,1.9070572891779295e-130,0.0,0.0,0.0,0.0,0.0,0.0
-2.99499899979996,5.0,1.6008016818352218e-129,0.0,0.0,0.0,0.0,0.0,0.0
-2.993998799759952,5.0,1.3437057258372652e-128,0.0,0.0,0.0,0.0,0.0,0.0
-2.992998599719944,5.0,1.1278819518271714e-127,0.0,0.0,0.0,0.0,0.0,0.0
-2.991998399679936,5.0,9.467078362354932e-127,0.0,0.0,0.0,0.0,0.0,0.0
-2.990998199639928,5.0,7.946230228210043e-126,0.0,0.0,0.0,0.0,0.0,0.0
-2.98999799959992,5.0,6.669590420287011e-125,0.0,0.0,0.0,0.0,0.0,0.0
-2.988997799559912,5.0,5.597963164123292e-124,0.0,0.0,0.0,0.0,0.0,0.0
-2.987997599519904,5.0,4.69844081681927e-123,0.0,0.0,0.0,0.0,0.0,0.0
-2.986997399479896,5.0,3.943395527043022e-122,0.0,0.0,0.0,0.0,0.0,0.0
-2.985997199439888,5.0,3.309632514917361e-121,0.0,0.0,0.0,0.0,0.0,0.0
-2.98499699939988,5.0,2.777679078667693e-120,0.0,0.0,0.0,0.0,0.0,0.0
-2.983996799359872,5.0,2.331187581348182e-119,0.0,0.0,0.0,0.0,0.0,0.0
-2.982996599319864,5.0,1.9564341537102648e-118,0.0,0.0,0.0,0.0,0.0,0.0
-2.981996399279856,5.0,1.6418977745156307e-117,0.0,0.0,0.0,0.0,0.0,0.0
-2.980996199239848,5.0,1.3779068465288157e-116,0.0,0.0,0.0,0.0,0.0,0.0
-2.97999599919984,5.0,1.15634244998953e-115,0.0,0.0,0.0,0.0,0.0,0.0
-2.978995799159832,5.0,9.703891885131457e-115,0.0,0.0,0.0,0.0,0.0,0.0
-2.977995599119824,5.0,8.143259979812149e-114,0.0,0.0,0.0,0.0,0.0,0.0
-2.976995399079816,5.0,6.833505114846327e-113,0.0,0.0,0.0,0.0,0.0,0.0
-2.975995199039808,5.0,5.734316000853819e-112,0.0,0.0,0.0,0.0,0.0,0.0
-2.9749949989998,5.0,4.8118557141345425e-111,0.0,0.0,0.0,0.0,0.0,0.0
-2.973994798959792,5.0,4.037722322428061e-110,0.0,0.0,0.0,0.0,0.0,0.0
-2.972994598919784,5.0,3.388076293097403e-109,0.0,0.0,0.0,0.0,0.0,0.0
-2.971994398879776,5.0,2.842907933253354e-108,0.0,0.0,0.0,0.0,0.0,0.0
-2.970994198839768,5.0,2.3854223999343364e-107,0.0,0.0,0.0,0.0,0.0,0.0
-2.96999399879976,5.0,2.0015234198276625e-106,0.0,0.0,0.0,0.0,0.0,0.0
-2.968993798759752,5.0,1.6793798822350121e-105,0.0,0.0,0.0,0.0,0.0,0.0
-2.967993598719744,5.0,1.40906200850046e-104,0.0,0.0,0.0,0.0,0.0,0.0
-2.966993398679736,5.0,1.182235933582592e-103,0.0,0.0,0.0,0.0,0.0,0.0
-2.965993198639728,5.0,9.919073260786635e-103,0.0,0.0,0.0,0.0,0.0,0.0
-2.96499299859972,5.0,8.322061765702802e-102,0.0,0.0,0.0,0.0,0.0,0.0
-2.963992798559712,5.0,6.982061466566524e-101,0.0,0.0,0.0,0.0,0.0,0.0
-2.962992598519704,5.0,5.857729311051638e-100,0.0,0.0,0.0,0.0,0.0,0.0
-2.961992398479696,5.0,4.914369756238293e-99,0.0,0.0,0.0,0.0,0.0,0.0
-2.960992198439688,5.0,4.122866400926527e-98,0.0,0.0,0.0,0.0,0.0,0.0
-2.95999199839968,5.0,3.4587852456232427e-97,0.0,0.0,0.0,0.0,0.0,0.0
-2.958991798359672,5.0,2.9016220215424286e-96,0.0,0.0,0.0,0.0,0.0,0.0
-2.957991598319664,5.0,2.4341704531172434e-95,0.0,0.0,0.0,0.0,0.0,0.0
-2.956991398279656,5.0,2.041992032086977e-94,0.0,0.0,0.0,0.0,0.0,0.0
-2.955991198239648,5.0,1.7129709989787697e-93,0.0,0.0,0.0,0.0,0.0,0.0
-2.95499099819964,5.0,1.4369408453013588e-92,0.0,0.0,0.0,0.0,0.0,0.0
-2.953990798159632,5.0,1.2053708472389627e-91,0.0,0.0,0.0,0.0,0.0,0.0
-2.952990598119624,5.0,1.0111029864480085e-90,0.0,0.0,0.0,0.0,0.0,0.0
-2.951990398079616,5.0,8.481311622874927e-90,0.0,0.0,0.0,0.0,0.0,0.0
-2.950990198039608,5.0,7.114158999545708e-89,0.0,0.0,0.0,0.0,0.0,0.0
-2.9499899979996,5.0,5.967288504333199e-88,0.0,0.0,0.0,0.0,0.0,0.0
-2.948989797959592,5.0,5.005222943835291e-87,0.0,0.0,0.0,0.0,0.0,0.0
-2.947989597919584,5.0,4.19819631214191e-86,0.0,0.0,0.0,0.0,0.0,0.0
-2.946989397879576,5.0,3.521234802098424e-85,0.0,0.0,0.0,0.0,0.0,0.0
-2.945989197839568,5.0,2.953385625270855e-84,0.0,0.0,0.0,0.0,0.0,0.0
-2.94498899779956,5.0,2.477069877939879e-83,0.0,0.0,0.0,0.0,0.0,0.0
-2.943988797759552,5.0,2.0775395089742968e-82,0.0,0.0,0.0,0.0,0.0,0.0
-2.942988597719544,5.0,1.742421650620086e-81,0.0,0.0,0.0,0.0,0.0,0.0
-2.941988397679536,5.0,1.4613362635593926e-80,0.0,0.0,0.0,0.0,0.0,0.0
-2.940988197639528,5.0,1.2255753057135717e-79,0.0,0.0,0.0,0.0,0.0,0.0
-2.93998799759952,5.0,1.027833529586793e-78,0.0,0.0,0.0,0.0,0.0,0.0
-2.938987797559512,5.0,8.619826037338252e-78,0.0,0.0,0.0,0.0,0.0,0.0
-2.937987597519504,5.0,7.228815890971681e-77,0.0,0.0,0.0,0.0,0.0,0.0
-2.9369873974794958,5.0,6.062179215530914e-76,0.0,0.0,0.0,0.0,0.0,0.0
-2.9359871974394878,5.0,5.08373992499732e-75,0.0,0.0,0.0,0.0,0.0,0.0
-2.9349869973994798,5.0,4.26315208645855e-74,0.0,0.0,0.0,0.0,0.0,0.0
-2.9339867973594718,5.0,3.5749607460291965e-73,0.0,0.0,0.0,0.0,0.0,0.0
-2.9329865973194638,5.0,2.9978139783226283e-72,0.0,0.0,0.0,0.0,0.0,0.0
-2.9319863972794558,5.0,2.513801820660561e-71,0.0,0.0,0.0,0.0,0.0,0.0
-2.9309861972394478,5.0,2.107901668690782e-70,0.0,0.0,0.0,0.0,0.0,0.0
-2.9299859971994398,5.0,1.7675129959496674e-69,0.0,0.0,0.0,0.0,0.0,0.0
-2.9289857971594317,5.0,1.4820670173527193e-68,0.0,0.0,0.0,0.0,0.0,0.0
-2.9279855971194237,5.0,1.2426992305637706e-67,0.0,0.0,0.0,0.0,0.0,0.0
-2.9269853970794157,5.0,1.0419747109740307e-66,0.0,0.0,0.0,0.0,0.0,0.0
-2.9259851970394077,5.0,8.736576654531303e-66,0.0,0.0,0.0,0.0,0.0,0.0
-2.9249849969993997,5.0,7.325181173368159e-65,0.0,0.0,0.0,0.0,0.0,0.0
-2.9239847969593917,5.0,6.141697424400506e-64,0.0,0.0,0.0,0.0,0.0,0.0
-2.9229845969193837,5.0,5.149338386052362e-63,0.0,0.0,0.0,0.0,0.0,0.0
-2.9219843968793757,5.0,4.317252191022712e-62,0.0,0.0,0.0,0.0,0.0,0.0
-2.9209841968393677,5.0,3.6195649800660096e-61,0.0,0.0,0.0,0.0,0.0,0.0
-2.9199839967993597,5.0,3.03457804404063e-60,0.0,0.0,0.0,0.0,0.0,0.0
-2.9189837967593517,5.0,2.5440943945580565e-59,0.0,0.0,0.0,0.0,0.0,0.0
-2.9179835967193437,5.0,2.1328539072973363e-58,0.0,0.0,0.0,0.0,0.0,0.0
-2.9169833966793357,5.0,1.7880595412539854e-57,0.0,0.0,0.0,0.0,0.0,0.0
-2.9159831966393277,5.0,1.4989799555803593e-56,0.0,0.0,0.0,0.0,0.0,0.0
-2.9149829965993197,5.0,1.2566162102756505e-55,0.0,0.0,0.0,0.0,0.0,0.0
-2.9139827965593117,5.0,1.0534222208294368e-54,0.0,0.0,0.0,0.0,0.0,0.0
-2.9129825965193037,5.0,8.830703012965825e-54,0.0,0.0,0.0,0.0,0.0,0.0
-2.9119823964792957,5.0,7.402545266073206e-53,0.0,0.0,0.0,0.0,0.0,0.0
-2.9109821964392877,5.0,6.2052581634438706e-52,0.0,0.0,0.0,0.0,0.0,0.0
-2.9099819963992797,5.0,5.201536249557731e-51,0.0,0.0,0.0,0.0,0.0,0.0
-2.9089817963592717,5.0,4.360099477971541e-50,0.0,0.0,0.0,0.0,0.0,0.0
-2.9079815963192637,5.0,3.654720440036373e-49,0.0,0.0,0.0,0.0,0.0,0.0
-2.9069813962792557,5.0,3.0634085736496594e-48,0.0,0.0,0.0,0.0,0.0,0.0
-2.9059811962392477,5.0,2.5677260306779067e-47,0.0,0.0,0.0,0.0,0.0,0.0
-2.9049809961992397,5.0,2.152213964300221e-46,0.0,0.0,0.0,0.0,0.0,0.0
-2.9039807961592317,5.0,1.80391142218224e-45,0.0,0.0,0.0,0.0,0.0,0.0
-2.9029805961192237,5.0,1.5119519040805682e-44,0.0,0.0,0.0,0.0,0.0,0.0
-2.9019803960792157,5.0,1.2672250521210225e-43,0.0,0.0,0.0,0.0,0.0,0.0
-2.9009801960392076,5.0,1.0620929631959593e-42,0.0,0.0,0.0,0.0,0.0,0.0
-2.8999799959991996,5.0,8.90152308279586e-42,0.0,0.0,0.0,0.0,0.0,0.0
-2.8989797959591916,5.0,7.460348654766561e-41,0.0,0.0,0.0,0.0,0.0,0.0
-2.8979795959191836,5.0,6.252402663497838e-40,0.0,0.0,0.0,0.0,0.0,0.0
-2.8969793958791756,5.0,5.2399575546514975e-39,0.0,0.0,0.0,0.0,0.0,0.0
-2.8959791958391676,5.0,4.391386021537878e-38,0.0,0.0,0.0,0.0,0.0,0.0
-2.8949789957991596,5.0,3.680175072127143e-37,0.0,0.0,0.0,0.0,0.0,0.0
-2.8939787957591516,5.0,3.0840993748658396e-36,0.0,0.0,0.0,0.0,0.0,0.0
-2.8929785957191436,5.0,2.584528162806325e-35,0.0,0.0,0.0,0.0,0.0,0.0
-2.8919783956791356,5.0,2.1658441271143216e-34,0.0,0.0,0.0,0.0,0.0,0.0
-2.8909781956391276,5.0,1.8149562127919113e-33,0.0,0.0,0.0,0.0,0.0,0.0
-2.8899779955991196,5.0,1.5208911494249417e-32,0.0,0.0,0.0,0.0,0.0,0.0
-2.8889777955591116,5.0,1.2744509985114312e-31,0.0,0.0,0.0,0.0,0.0,0.0
-2.8879775955191036,5.0,1.0679260524621504e-30,0.0,0.0,0.0,0.0,0.0,0.0
-2.8869773954790956,5.0,8.948541424805844e-30,0.0,0.0,0.0,0.0,0.0,0.0
-2.8859771954390876,5.0,7.49818856724052e-29,0.0,0.0,0.0,0.0,0.0,0.0
-2.8849769953990796,5.0,6.282803812462434e-28,0.0,0.0,0.0,0.0,0.0,0.0
-2.8839767953590716,5.0,5.264336917878067e-27,0.0,0.0,0.0,0.0,0.0,0.0
-2.8829765953190636,5.0,4.410896760983297e-26,0.0,0.0,0.0,0.0,0.0,0.0
-2.881976395279056,5.0,3.695754805516464e-25,0.0,0.0,0.0,0.0,0.0,0.0
-2.880976195239048,5.0,3.096509735307185e-24,0.0,0.0,0.0,0.0,0.0,0.0
-2.87997599519904,5.0,2.5943872012222168e-23,0.0,0.0,0.0,0.0,0.0,0.0
-2.878975795159032,5.0,2.17365283714198e-22,0.0,0.0,0.0,0.0,0.0,0.0
-2.877975595119024,5.0,1.8211202314087372e-21,0.0,0.0,0.0,0.0,0.0,0.0
-2.876975395079016,5.0,1.5257384999359768e-20,0.0,0.0,0.0,0.0,0.0,0.0
-2.875975195039008,5.0,1.2782465883555925e-19,0.0,0.0,0.0,0.0,0.0,0.0
-2.874974994999,5.0,1.070883511519158e-18,0.0,0.0,0.0,0.0,0.0,0.0
-2.873974794958992,5.0,8.97145483860654e-18,0.0,0.0,0.0,0.0,0.0,0.0
-2.872974594918984,5.0,7.515823536694006e-17,0.0,0.0,0.0,0.0,0.0,0.0
-2.871974394878976,4.999999999999999,3.5142581288232093e-16,0.0,0.0,0.0,0.0,0.0,0.0
-2.870974194838968,4.999999999999998,8.906817632520246e-16,0.0,0.0,0.0,0.0,0.0,0.0
-2.86997399479896,4.9999999999999964,1.5172355424376035e-15,0.0,0.0,0.0,0.0,0.0,0.0
-2.868973794758952,4.999999999999995,2.154811153827878e-15,0.0,0.0,0.0,0.0,0.0,0.0
-2.867973594718944,4.999999999999993,2.809184492710215e-15,0.0,0.0,0.0,0.0,0.0,0.0
-2.866973394678936,4.999999999999991,3.4534913075806873e-15,0.0,0.0,0.0,0.0,0.0,0.0
-2.865973194638928,4.999999999999989,4.099799284342186e-15,0.0,0.0,0.0,0.0,0.0,0.0
-2.86497299459892,4.999999999999988,4.745587599191189e-15,0.0,0.0,0.0,0.0,0.0,0.0
-2.863972794558912,4.999999999999986,5.3906123121121315e-15,0.0,0.0,0.0,0.0,0.0,0.0
-2.862972594518904,4.999999999999984,6.03529098584224e-15,0.0,0.0,0.0,0.0,0.0,0.0
-2.861972394478896,4.999999999999982,6.679455060525272e-15,0.0,0.0,0.0,0.0,0.0,0.0
-2.860972194438888,4.9999999999999805,7.323135286208914e-15,0.0,0.0,0.0,0.0,0.0,0.0
-2.85997199439888,4.999999999999979,7.96633778315019e-15,0.0,0.0,0.0,0.0,0.0,0.0
-2.858971794358872,4.999999999999977,8.609056557963554e-15,0.0,0.0,0.0,0.0,0.0,0.0
-2.857971594318864,4.999999999999975,9.251294311389712e-15,0.0,0.0,0.0,0.0,0.0,0.0
-2.856971394278856,4.999999999999973,9.893051062190939e-15,0.0,0.0,0.0,0.0,0.0,0.0
-2.855971194238848,4.999999999999972,1.0534327063695644e-14,0.0,0.0,0.0,0.0,0.0,0.0
-2.85497099419884,4.99999999999997,1.1175122777781684e-14,0.0,0.0,0.0,0.0,0.0,0.0
-2.853970794158832,4.999999999999968,1.1815438538834707e-14,0.0,0.0,0.0,0.0,0.0,0.0
-2.852970594118824,4.999999999999966,1.2455274716429499e-14,0.0,0.0,0.0,0.0,0.0,0.0
-2.851970394078816,4.9999999999999645,1.3094631678215136e-14,0.0,0.0,0.0,0.0,0.0,0.0
-2.850970194038808,4.999999999999963,1.3733509788101347e-14,0.0,0.0,0.0,0.0,0.0,0.0
-2.8499699939988,4.999999999999961,1.4371909411549618e-14,0.0,0.0,0.0,0.0,0.0,0.0
-2.848969793958792,4.999999999999959,1.500983091327585e-14,0.0,0.0,0.0,0.0,0.0,0.0
-2.847969593918784,4.999999999999957,1.564727465771001e-14,0.0,0.0,0.0,0.0,0.0,0.0
-2.846969393878776,4.999999999999956,1.6284241009054386e-14,0.0,0.0,0.0,0.0,0.0,0.0
-2.845969193838768,4.999999999999954,1.6920730331203526e-14,0.0,0.0,0.0,0.0,0.0,0.0
-2.84496899379876,4.999999999999952,1.7556742987777398e-14,0.0,0.0,0.0,0.0,0.0,0.0
-2.843968793758752,4.99999999999995,1.8192279342116444e-14,0.0,0.0,0.0,0.0,0.0,0.0
-2.842968593718744,4.9999999999999485,1.8827339757280373e-14,0.0,0.0,0.0,0.0,0.0,0.0
-2.841968393678736,4.999999999999947,1.9461924596049095e-14,0.0,0.0,0.0,0.0,0.0,0.0
-2.840968193638728,4.999999999999945,2.009603422092198e-14,0.0,0.0,0.0,0.0,0.0,0.0
-2.83996799359872,4.999999999999943,2.0729668994117736e-14,0.0,0.0,0.0,0.0,0.0,0.0
-2.838967793558712,4.999999999999941,2.1362829277574415e-14,0.0,0.0,0.0,0.0,0.0,0.0
-2.837967593518704,4.99999999999994,2.199551543294972e-14,0.0,0.0,0.0,0.0,0.0,0.0
-2.836967393478696,4.999999999999938,2.2627727821621317e-14,0.0,0.0,0.0,0.0,0.0,0.0
-2.835967193438688,4.999999999999936,2.3259466804687302e-14,0.0,0.0,0.0,0.0,0.0,0.0
-2.83496699339868,4.999999999999934,2.389073274296658e-14,0.0,0.0,0.0,0.0,0.0,0.0
-2.833966793358672,4.9999999999999325,2.4521525996999163e-14,0.0,0.0,0.0,0.0,0.0,0.0
-2.832966593318664,4.999999999999931,2.5151846927046397e-14,0.0,0.0,0.0,0.0,0.0,0.0
-2.831966393278656,4.999999999999929,2.578169589309113e-14,0.0,0.0,0.0,0.0,0.0,0.0
-2.830966193238648,4.999999999999927,2.6411073254837868e-14,0.0,0.0,0.0,0.0,0.0,0.0
-2.82996599319864,4.999999999999925,2.7039979371712898e-14,0.0,0.0,0.0,0.0,0.0,0.0
-2.828965793158632,4.999999999999924,2.7668414602864498e-14,0.0,0.0,0.0,0.0,0.0,0.0
-2.827965593118624,4.999999999999922,2.8296379307163102e-14,0.0,0.0,0.0,0.0,0.0,0.0
-2.826965393078616,4.99999999999992,2.892387384320156e-14,0.0,0.0,0.0,0.0,0.0,0.0
-2.825965193038608,4.999999999999918,2.955089856929536e-14,0.0,0.0,0.0,0.0,0.0,0.0
-2.8249649929986,4.9999999999999165,3.0177453843482904e-14,0.0,0.0,0.0,0.0,0.0,0.0
-2.823964792958592,4.999999999999915,3.080354002352572e-14,0.0,0.0,0.0,0.0,0.0,0.0
-2.822964592918584,4.999999999999913,3.142915746690872e-14,0.0,0.0,0.0,0.0,0.0,0.0
-2.821964392878576,4.999999999999911,3.2054306530840376e-14,0.0,0.0,0.0,0.0,0.0,0.0
-2.820964192838568,4.999999999999909,3.267898757225296e-14,0.0,0.0,0.0,0.0,0.0,0.0
-2.81996399279856,4.999999999999908,3.3303200947802777e-14,0.0,0.0,0.0,0.0,0.0,0.0
-2.818963792758552,4.999999999999906,3.392694701387028e-14,0.0,0.0,0.0,0.0,0.0,0.0
-2.817963592718544,4.999999999999904,3.4550226126560393e-14,0.0,0.0,0.0,0.0,0.0,0.0
-2.816963392678536,4.999999999999902,3.5173038641702664e-14,0.0,0.0,0.0,0.0,0.0,0.0
-2.815963192638528,4.9999999999999005,3.579538491485148e-14,0.0,0.0,0.0,0.0,0.0,0.0
-2.81496299259852,4.999999999999899,3.6417265301286324e-14,0.0,0.0,0.0,0.0,0.0,0.0
-2.813962792558512,4.999999999999897,3.703868015601196e-14,0.0,0.0,0.0,0.0,0.0,0.0
-2.812962592518504,4.999999999999895,3.7659629833758657e-14,0.0,0.0,0.0,0.0,0.0,0.0
-2.8119623924784958,4.999999999999893,3.828011468898239e-14,0.0,0.0,0.0,0.0,0.0,0.0
-2.8109621924384878,4.999999999999892,3.8900135075865067e-14,0.0,0.0,0.0,0.0,0.0,0.0
-2.8099619923984798,4.99999999999989,3.951969134831476e-14,0.0,0.0,0.0,0.0,0.0,0.0
-2.8089617923584718,4.999999999999888,4.0138783859965834e-14,0.0,0.0,0.0,0.0,0.0,0.0
-2.8079615923184638,4.999999999999886,4.075741296417929e-14,0.0,0.0,0.0,0.0,0.0,0.0
-2.8069613922784558,4.9999999999998845,4.1375579014042845e-14,0.0,0.0,0.0,0.0,0.0,0.0
-2.8059611922384478,4.999999999999883,4.1993282362371217e-14,0.0,0.0,0.0,0.0,0.0,0.0
-2.8049609921984398,4.999999999999881,4.261052336170635e-14,0.0,0.0,0.0,0.0,0.0,0.0
-2.8039607921584317,4.999999999999879,4.322730236431758e-14,0.0,0.0,0.0,0.0,0.0,0.0
-2.8029605921184237,4.999999999999877,4.38436197222019e-14,0.0,0.0,0.0,0.0,0.0,0.0
-2.8019603920784157,4.999999999999876,4.44594757870841e-14,0.0,0.0,0.0,0.0,0.0,0.0
-2.8009601920384077,4.999999999999874,4.507487091041708e-14,0.0,0.0,0.0,0.0,0.0,0.0
-2.7999599919983997,4.999999999999872,4.5689805443381994e-14,0.0,0.0,0.0,0.0,0.0,0.0
-2.7989597919583917,4.99999999999987,4.6304279736888466e-14,0.0,0.0,0.0,0.0,0.0,0.0
-2.7979595919183837,4.9999999999998685,4.691829414157486e-14,0.0,0.0,0.0,0.0,0.0,0.0
-2.7969593918783757,4.999999999999867,4.753184900780842e-14,0.0,0.0,0.0,0.0,0.0,0.0
-2.7959591918383677,4.999999999999865,4.814494468568548e-14,0.0,0.0,0.0,0.0,0.0,0.0
-2.7949589917983597,4.999999999999863,4.87575815250318e-14,0.0,0.0,0.0,0.0,0.0,0.0
-2.7939587917583517,4.9999999999998614,4.9369759875402614e-14,0.0,0.0,0.0,0.0,0.0,0.0
-2.7929585917183437,4.99999999999986,4.9981480086082954e-14,0.0,0.0,0.0,0.0,0.0,0.0
-2.7919583916783357,4.999999999999858,5.0592742506087814e-14,0.0,0.0,0.0,0.0,0.0,0.0
-2.7909581916383277,4.999999999999856,5.120354748416236e-14,0.0,0.0,0.0,0.0,0.0,0.0
-2.7899579915983197,4.999999999999854,5.1813895368782156e-14,0.0,0.0,0.0,0.0,0.0,0.0
-2.7889577915583117,4.999999999999853,5.2423786508153416e-14,0.0,0.0,0.0,0.0,0.0,0.0
-2.7879575915183037,4.999999999999851,5.303322125021312e-14,0.0,0.0,0.0,0.0,0.0,0.0
-2.7869573914782957,4.999999999999849,5.36421999426293e-14,0.0,0.0,0.0,0.0,0.0,0.0
-2.7859571914382877,4.999999999999847,5.425072293280119e-14,0.0,0.0,0.0,0.0,0.0,0.0
-2.7849569913982797,4.9999999999998455,5.485879056785954e-14,0.0,0.0,0.0,0.0,0.0,0.0
-2.7839567913582717,4.999999999999844,5.546640319466669e-14,0.0,0.0,0.0,0.0,0.0,0.0
-2.7829565913182637,4.999999999999842,5.607356115981688e-14,0.0,0.0,0.0,0.0,0.0,0.0
-2.7819563912782557,4.99999999999984,5.668026480963641e-14,0.0,0.0,0.0,0.0,0.0,0.0
-2.7809561912382477,4.999999999999838,5.728651449018388e-14,0.0,0.0,0.0,0.0,0.0,0.0
-2.7799559911982397,4.999999999999837,5.789231054725037e-14,0.0,0.0,0.0,0.0,0.0,0.0
-2.7789557911582317,4.999999999999835,5.849765332635964e-14,0.0,0.0,0.0,0.0,0.0,0.0
-2.7779555911182237,4.999999999999833,5.910254317276844e-14,0.0,0.0,0.0,0.0,0.0,0.0
-2.7769553910782157,4.999999999999831,5.970698043146654e-14,0.0,0.0,0.0,0.0,0.0,0.0
-2.7759551910382076,4.9999999999998295,6.031096544717712e-14,0.0,0.0,0.0,0.0,0.0,0.0
-2.7749549909981996,4.999999999999828,6.091449856435685e-14,0.0,0.0,0.0,0.0,0.0,0.0
-2.7739547909581916,4.999999999999826,6.151758012719614e-14,0.0,0.0,0.0,0.0,0.0,0.0
-2.7729545909181836,4.999999999999824,6.212021047961941e-14,0.0,0.0,0.0,0.0,0.0,0.0
-2.7719543908781756,4.999999999999822,6.272238996528517e-14,0.0,0.0,0.0,0.0,0.0,0.0
-2.7709541908381676,4.999999999999821,6.332411892758633e-14,0.0,0.0,0.0,0.0,0.0,0.0
-2.7699539907981596,4.999999999999819,6.39253977096504e-14,0.0,0.0,0.0,0.0,0.0,0.0
-2.7689537907581516,4.999999999999817,6.452622665433962e-14,0.0,0.0,0.0,0.0,0.0,0.0
-2.7679535907181436,4.999999999999815,6.512660610425129e-14,0.0,0.0,0.0,0.0,0.0,0.0
-2.7669533906781356,4.9999999999998135,6.572653640171784e-14,0.0,0.0,0.0,0.0,0.0,0.0
-2.7659531906381276,4.999999999999812,6.632601788880714e-14,0.0,0.0,0.0,0.0,0.0,0.0
-2.7649529905981196,4.99999999999981,6.69250509073227e-14,0.0,0.0,0.0,0.0,0.0,0.0
-2.7639527905581116,4.999999999999808,6.752363579880379e-14,0.0,0.0,0.0,0.0,0.0,0.0
-2.7629525905181036,4.999999999999806,6.812177290452577e-14,0.0,0.0,0.0,0.0,0.0,0.0
-2.7619523904780956,4.999999999999805,6.871946256550017e-14,0.0,0.0,0.0,0.0,0.0,0.0
-2.7609521904380876,4.999999999999803,6.931670512247495e-14,0.0,0.0,0.0,0.0,0.0,0.0
-2.7599519903980796,4.999999999999801,6.99135009159348e-14,0.0,0.0,0.0,0.0,0.0,0.0
-2.7589517903580716,4.999999999999799,7.050985028610117e-14,0.0,0.0,0.0,0.0,0.0,0.0
-2.7579515903180636,4.9999999999997975,7.110575357293264e-14,0.0,0.0,0.0,0.0,0.0,0.0
-2.7569513902780556,4.999999999999796,7.170121111612495e-14,0.0,0.0,0.0,0.0,0.0,0.0
-2.7559511902380476,4.999999999999794,7.229622325511139e-14,0.0,0.0,0.0,0.0,0.0,0.0
-2.7549509901980396,4.999999999999792,7.289079032906294e-14,0.0,0.0,0.0,0.0,0.0,0.0
-2.7539507901580316,4.99999999999979,7.348491267688838e-14,0.0,0.0,0.0,0.0,0.0,0.0
-2.7529505901180236,4.999999999999789,7.407859063723461e-14,0.0,0.0,0.0,0.0,0.0,0.0
-2.7519503900780156,4.999999999999787,7.46718245484868e-14,0.0,0.0,0.0,0.0,0.0,0.0
-2.7509501900380076,4.999999999999785,7.52646147487686e-14,0.0,0.0,0.0,0.0,0.0,0.0
-2.7499499899979996,4.999999999999783,7.585696157594241e-14,0.0,0.0,0.0,0.0,0.0,0.0
-2.7489497899579916,4.9999999999997815,7.644886536760946e-14,0.0,0.0,0.0,0.0,0.0,0.0
-2.7479495899179835,4.99999999999978,7.704032646111019e-14,0.0,0.0,0.0,0.0,0.0,0.0
-2.7469493898779755,4.999999999999778,7.763134519352419e-14,0.0,0.0,0.0,0.0,0.0,0.0
-2.7459491898379675,4.999999999999776,7.822192190167066e-14,0.0,0.0,0.0,0.0,0.0,0.0
-2.7449489897979595,4.999999999999774,7.881205692210854e-14,0.0,0.0,0.0,0.0,0.0,0.0
-2.7439487897579515,4.999999999999773,7.940175059113661e-14,0.0,0.0,0.0,0.0,0.0,0.0
-2.7429485897179435,4.999999999999771,7.999100324479389e-14,0.0,0.0,0.0,0.0,0.0,0.0
-2.7419483896779355,4.999999999999769,8.057981521885956e-14,0.0,0.0,0.0,0.0,0.0,0.0
-2.7409481896379275,4.999999999999767,8.116818684885346e-14,0.0,0.0,0.0,0.0,0.0,0.0
-2.7399479895979195,4.9999999999997655,8.175611847003613e-14,0.0,0.0,0.0,0.0,0.0,0.0
-2.7389477895579115,4.999999999999764,8.234361041740902e-14,0.0,0.0,0.0,0.0,0.0,0.0
-2.7379475895179035,4.999999999999762,8.293066302571478e-14,0.0,0.0,0.0,0.0,0.0,0.0
-2.7369473894778955,4.99999999999976,8.351727662943731e-14,0.0,0.0,0.0,0.0,0.0,0.0
-2.7359471894378875,4.999999999999758,8.41034515628021e-14,0.0,0.0,0.0,0.0,0.0,0.0
-2.7349469893978795,4.999999999999757,8.468918815977644e-14,0.0,0.0,0.0,0.0,0.0,0.0
-2.7339467893578715,4.999999999999755,8.527448675406944e-14,0.0,0.0,0.0,0.0,0.0,0.0
-2.7329465893178635,4.999999999999753,8.58593476791325e-14,0.0,0.0,0.0,0.0,0.0,0.0
-2.7319463892778555,4.999999999999751,8.644377126815926e-14,0.0,0.0,0.0,0.0,0.0,0.0
-2.7309461892378475,4.9999999999997495,8.702775785408593e-14,0.0,0.0,0.0,0.0,0.0,0.0
-2.7299459891978395,4.999999999999748,8.761130776959155e-14,0.0,0.0,0.0,0.0,0.0,0.0
-2.7289457891578315,4.999999999999746,8.819442134709802e-14,0.0,0.0,0.0,0.0,0.0,0.0
-2.7279455891178235,4.999999999999744,8.877709891877047e-14,0.0,0.0,0.0,0.0,0.0,0.0
-2.7269453890778155,4.999999999999742,8.935934081651731e-14,0.0,0.0,0.0,0.0,0.0,0.0
-2.7259451890378075,4.999999999999741,8.994114737199054e-14,0.0,0.0,0.0,0.0,0.0,0.0
-2.7249449889977995,4.999999999999739,9.052251891658593e-14,0.0,0.0,0.0,0.0,0.0,0.0
-2.7239447889577915,4.999999999999737,9.110345578144319e-14,0.0,0.0,0.0,0.0,0.0,0.0
-2.7229445889177835,4.999999999999735,9.168395829744615e-14,0.0,0.0,0.0,0.0,0.0,0.0
-2.7219443888777755,4.9999999999997335,9.226402679522308e-14,0.0,0.0,0.0,0.0,0.0,0.0
-2.7209441888377675,4.999999999999732,9.28436616051467e-14,0.0,0.0,0.0,0.0,0.0,0.0
-2.7199439887977594,4.99999999999973,9.342286305733462e-14,0.0,0.0,0.0,0.0,0.0,0.0
-2.7189437887577514,4.999999999999728,9.40016314816492e-14,0.0,0.0,0.0,0.0,0.0,0.0
-2.7179435887177434,4.999999999999726,9.457996720769818e-14,0.0,0.0,0.0,0.0,0.0,0.0
-2.7169433886777354,4.999999999999725,9.51578705648345e-14,0.0,0.0,0.0,0.0,0.0,0.0
-2.7159431886377274,4.999999999999723,9.573534188215667e-14,0.0,0.0,0.0,0.0,0.0,0.0
-2.7149429885977194,4.999999999999721,9.631238148850903e-14,0.0,0.0,0.0,0.0,0.0,0.0
-2.7139427885577114,4.999999999999719,9.688898971248173e-14,0.0,0.0,0.0,0.0,0.0,0.0
-2.7129425885177034,4.999999999999718,9.746516688241123e-14,0.0,0.0,0.0,0.0,0.0,0.0
-2.7119423884776954,4.999999999999716,9.804091332638017e-14,0.0,0.0,0.0,0.0,0.0,0.0
-2.7109421884376874,4.999999999999714,9.861622937221785e-14,0.0,0.0,0.0,0.0,0.0,0.0
-2.7099419883976794,4.999999999999712,9.919111534750027e-14,0.0,0.0,0.0,0.0,0.0,0.0
-2.7089417883576714,4.9999999999997105,9.976557157955039e-14,0.0,0.0,0.0,0.0,0.0,0.0
-2.7079415883176634,4.999999999999709,1.0033959839543828e-13,0.0,0.0,0.0,0.0,0.0,0.0
-2.7069413882776554,4.999999999999707,1.0091319612198135e-13,0.0,0.0,0.0,0.0,0.0,0.0
-2.7059411882376474,4.999999999999705,1.0148636508574453e-13,0.0,0.0,0.0,0.0,0.0,0.0
-2.7049409881976394,4.999999999999703,1.0205910561304056e-13,0.0,0.0,0.0,0.0,0.0,0.0
-2.7039407881576314,4.999999999999702,1.0263141802992996e-13,0.0,0.0,0.0,0.0,0.0,0.0
-2.7029405881176234,4.9999999999997,1.0320330266222152e-13,0.0,0.0,0.0,0.0,0.0,0.0
-2.7019403880776154,4.999999999999698,1.0377475983547228e-13,0.0,0.0,0.0,0.0,0.0,0.0
-2.7009401880376074,4.999999999999696,1.0434578987498777e-13,0.0,0.0,0.0,0.0,0.0,0.0
-2.6999399879975994,4.9999999999996945,1.049163931058223e-13,0.0,0.0,0.0,0.0,0.0,0.0
-2.6989397879575914,4.999999999999693,1.0548656985277904e-13,0.0,0.0,0.0,0.0,0.0,0.0
-2.6979395879175834,4.999999999999691,1.0605632044041035e-13,0.0,0.0,0.0,0.0,0.0,0.0
-2.6969393878775754,4.999999999999689,1.0662564519301778e-13,0.0,0.0,0.0,0.0,0.0,0.0
-2.6959391878375674,4.999999999999687,1.0719454443465244e-13,0.0,0.0,0.0,0.0,0.0,0.0
-2.6949389877975594,4.999999999999686,1.0776301848911514e-13,0.0,0.0,0.0,0.0,0.0,0.0
-2.6939387877575514,4.999999999999684,1.0833106767995656e-13,0.0,0.0,0.0,0.0,0.0,0.0
-2.6929385877175434,4.999999999999682,1.0889869233047748e-13,0.0,0.0,0.0,0.0,0.0,0.0
-2.6919383876775353,4.99999999999968,1.0946589276372893e-13,0.0,0.0,0.0,0.0,0.0,0.0
-2.6909381876375273,4.9999999999996785,1.1003266930251246e-13,0.0,0.0,0.0,0.0,0.0,0.0
-2.6899379875975193,4.999999999999677,1.1059902226938029e-13,0.0,0.0,0.0,0.0,0.0,0.0
-2.6889377875575113,4.999999999999675,1.1116495198663544e-13,0.0,0.0,0.0,0.0,0.0,0.0
-2.6879375875175033,4.999999999999673,1.1173045877633212e-13,0.0,0.0,0.0,0.0,0.0,0.0
-2.6869373874774953,4.999999999999671,1.1229554296027564e-13,0.0,0.0,0.0,0.0,0.0,0.0
-2.6859371874374873,4.99999999999967,1.1286020486002287e-13,0.0,0.0,0.0,0.0,0.0,0.0
-2.6849369873974793,4.999999999999668,1.1342444479688226e-13,0.0,0.0,0.0,0.0,0.0,0.0
-2.6839367873574713,4.999999999999666,1.1398826309191413e-13,0.0,0.0,0.0,0.0,0.0,0.0
-2.6829365873174633,4.999999999999664,1.145516600659309e-13,0.0,0.0,0.0,0.0,0.0,0.0
-2.6819363872774553,4.9999999999996625,1.1511463603949702e-13,0.0,0.0,0.0,0.0,0.0,0.0
-2.6809361872374473,4.999999999999661,1.1567719133292952e-13,0.0,0.0,0.0,0.0,0.0,0.0
-2.6799359871974393,4.999999999999659,1.1623932626629804e-13,0.0,0.0,0.0,0.0,0.0,0.0
-2.6789357871574313,4.999999999999657,1.1680104115942495e-13,0.0,0.0,0.0,0.0,0.0,0.0
-2.6779355871174233,4.999999999999655,1.1736233633188565e-13,0.0,0.0,0.0,0.0,0.0,0.0
-2.6769353870774153,4.999999999999654,1.1792321210300874e-13,0.0,0.0,0.0,0.0,0.0,0.0
-2.6759351870374073,4.999999999999652,1.1848366879187616e-13,0.0,0.0,0.0,0.0,0.0,0.0
-2.6749349869973993,4.99999999999965,1.1904370671732353e-13,0.0,0.0,0.0,0.0,0.0,0.0
-2.6739347869573913,4.999999999999648,1.196033261979401e-13,0.0,0.0,0.0,0.0,0.0,0.0
-2.6729345869173833,4.9999999999996465,1.2016252755206922e-13,0.0,0.0,0.0,0.0,0.0,0.0
-2.6719343868773757,4.999999999999645,1.207213110978083e-13,0.0,0.0,0.0,0.0,0.0,0.0
-2.6709341868373677,4.999999999999643,1.2127967715300904e-13,0.0,0.0,0.0,0.0,0.0,0.0
-2.6699339867973597,4.999999999999641,1.2183762603527783e-13,0.0,0.0,0.0,0.0,0.0,0.0
-2.6689337867573517,4.999999999999639,1.223951580619757e-13,0.0,0.0,0.0,0.0,0.0,0.0
-2.6679335867173437,4.999999999999638,1.2295227355021863e-13,0.0,0.0,0.0,0.0,0.0,0.0
-2.6669333866773357,4.999999999999636,1.2350897281687766e-13,0.0,0.0,0.0,0.0,0.0,0.0
-2.6659331866373277,4.999999999999634,1.2406525617857917e-13,0.0,0.0,0.0,0.0,0.0,0.0
-2.6649329865973197,4.999999999999632,1.2462112395170503e-13,0.0,0.0,0.0,0.0,0.0,0.0
-2.6639327865573117,4.9999999999996305,1.2517657645239276e-13,0.0,0.0,0.0,0.0,0.0,0.0
-2.6629325865173037,4.999999999999629,1.2573161399653586e-13,0.0,0.0,0.0,0.0,0.0,0.0
-2.6619323864772957,4.999999999999627,1.2628623689978382e-13,0.0,0.0,0.0,0.0,0.0,0.0
-2.6609321864372877,4.999999999999625,1.268404454775423e-13,0.0,0.0,0.0,0.0,0.0,0.0
-2.6599319863972797,4.999999999999623,1.273942400449736e-13,0.0,0.0,0.0,0.0,0.0,0.0
-2.6589317863572717,4.999999999999622,1.279476209169965e-13,0.0,0.0,0.0,0.0,0.0,0.0
-2.6579315863172637,4.99999999999962,1.2850058840828672e-13,0.0,0.0,0.0,0.0,0.0,0.0
-2.6569313862772557,4.999999999999618,1.2905314283327687e-13,0.0,0.0,0.0,0.0,0.0,0.0
-2.6559311862372477,4.999999999999616,1.2960528450615687e-13,0.0,0.0,0.0,0.0,0.0,0.0
-2.6549309861972397,4.9999999999996145,1.30157013740874e-13,0.0,0.0,0.0,0.0,0.0,0.0
-2.6539307861572317,4.999999999999613,1.3070833085113312e-13,0.0,0.0,0.0,0.0,0.0,0.0
-2.6529305861172237,4.999999999999611,1.3125923615039695e-13,0.0,0.0,0.0,0.0,0.0,0.0
-2.6519303860772157,4.999999999999609,1.3180972995188603e-13,0.0,0.0,0.0,0.0,0.0,0.0
-2.6509301860372076,4.999999999999607,1.323598125685791e-13,0.0,0.0,0.0,0.0,0.0,0.0
-2.6499299859971996,4.999999999999606,1.3290948431321335e-13,0.0,0.0,0.0,0.0,0.0,0.0
-2.6489297859571916,4.999999999999604,1.3345874549828437e-13,0.0,0.0,0.0,0.0,0.0,0.0
-2.6479295859171836,4.999999999999602,1.3400759643604657e-13,0.0,0.0,0.0,0.0,0.0,0.0
-2.6469293858771756,4.9999999999996,1.3455603743851315e-13,0.0,0.0,0.0,0.0,0.0,0.0
-2.6459291858371676,4.9999999999995985,1.3510406881745652e-13,0.0,0.0,0.0,0.0,0.0,0.0
-2.6449289857971596,4.999999999999597,1.3565169088440834e-13,0.0,0.0,0.0,0.0,0.0,0.0
-2.6439287857571516,4.999999999999595,1.3619890395065973e-13,0.0,0.0,0.0,0.0,0.0,0.0
-2.6429285857171436,4.999999999999593,1.367457083272615e-13,0.0,0.0,0.0,0.0,0.0,0.0
-2.6419283856771356,4.999999999999591,1.372921043250242e-13,0.0,0.0,0.0,0.0,0.0,0.0
-2.6409281856371276,4.99999999999959,1.3783809225451862e-13,0.0,0.0,0.0,0.0,0.0,0.0
-2.6399279855971196,4.999999999999588,1.3838367242607562e-13,0.0,0.0,0.0,0.0,0.0,0.0
-2.6389277855571116,4.999999999999586,1.3892884514978643e-13,0.0,0.0,0.0,0.0,0.0,0.0
-2.6379275855171036,4.999999999999584,1.3947361073550306e-13,0.0,0.0,0.0,0.0,0.0,0.0
-2.6369273854770956,4.999999999999583,1.4001796949283819e-13,0.0,0.0,0.0,0.0,0.0,0.0
-2.6359271854370876,4.999999999999581,1.4056192173116545e-13,0.0,0.0,0.0,0.0,0.0,0.0
-2.6349269853970796,4.999999999999579,1.4110546775961967e-13,0.0,0.0,0.0,0.0,0.0,0.0
-2.6339267853570716,4.999999999999577,1.4164860788709697e-13,0.0,0.0,0.0,0.0,0.0,0.0
-2.6329265853170636,4.9999999999995755,1.4219134242225518e-13,0.0,0.0,0.0,0.0,0.0,0.0
-2.6319263852770556,4.999999999999574,1.427336716735136e-13,0.0,0.0,0.0,0.0,0.0,0.0
-2.6309261852370476,4.999999999999572,1.432755959490536e-13,0.0,0.0,0.0,0.0,0.0,0.0
-2.6299259851970396,4.99999999999957,1.438171155568186e-13,0.0,0.0,0.0,0.0,0.0,0.0
-2.6289257851570316,4.999999999999568,1.443582308045143e-13,0.0,0.0,0.0,0.0,0.0,0.0
-2.6279255851170236,4.999999999999567,1.4489894199960885e-13,0.0,0.0,0.0,0.0,0.0,0.0
-2.6269253850770156,4.999999999999565,1.45439249449333e-13,0.0,0.0,0.0,0.0,0.0,0.0
-2.6259251850370076,4.999999999999563,1.4597915346068032e-13,0.0,0.0,0.0,0.0,0.0,0.0
-2.6249249849969996,4.999999999999561,1.4651865434040766e-13,0.0,0.0,0.0,0.0,0.0,0.0
-2.6239247849569916,4.9999999999995595,1.470577523950347e-13,0.0,0.0,0.0,0.0,0.0,0.0
-2.6229245849169835,4.999999999999558,1.4759644793084475e-13,0.0,0.0,0.0,0.0,0.0,0.0
-2.6219243848769755,4.999999999999556,1.481347412538846e-13,0.0,0.0,0.0,0.0,0.0,0.0
-2.6209241848369675,4.999999999999554,1.486726326699648e-13,0.0,0.0,0.0,0.0,0.0,0.0
-2.6199239847969595,4.999999999999552,1.4921012248465988e-13,0.0,0.0,0.0,0.0,0.0,0.0
-2.6189237847569515,4.999999999999551,1.4974721100330844e-13,0.0,0.0,0.0,0.0,0.0,0.0
-2.6179235847169435,4.999999999999549,1.502838985310135e-13,0.0,0.0,0.0,0.0,0.0,0.0
-2.6169233846769355,4.999999999999547,1.5082018537264246e-13,0.0,0.0,0.0,0.0,0.0,0.0
-2.6159231846369275,4.999999999999545,1.5135607183282737e-13,0.0,0.0,0.0,0.0,0.0,0.0
-2.6149229845969195,4.9999999999995435,1.518915582159653e-13,0.0,0.0,0.0,0.0,0.0,0.0
-2.6139227845569115,4.999999999999542,1.524266448262182e-13,0.0,0.0,0.0,0.0,0.0,0.0
-2.6129225845169035,4.99999999999954,1.5296133196751334e-13,0.0,0.0,0.0,0.0,0.0,0.0
-2.6119223844768955,4.999999999999538,1.5349561994354344e-13,0.0,0.0,0.0,0.0,0.0,0.0
-2.6109221844368875,4.999999999999536,1.5402950905776664e-13,0.0,0.0,0.0,0.0,0.0,0.0
-2.6099219843968795,4.999999999999535,1.5456299961340708e-13,0.0,0.0,0.0,0.0,0.0,0.0
-2.6089217843568715,4.999999999999533,1.5509609191345468e-13,0.0,0.0,0.0,0.0,0.0,0.0
-2.6079215843168635,4.999999999999531,1.5562878626066566e-13,0.0,0.0,0.0,0.0,0.0,0.0
-2.6069213842768555,4.999999999999529,1.5616108295756241e-13,0.0,0.0,0.0,0.0,0.0,0.0
-2.6059211842368475,4.9999999999995275,1.5669298230643393e-13,0.0,0.0,0.0,0.0,0.0,0.0
-2.6049209841968395,4.999999999999526,1.572244846093359e-13,0.0,0.0,0.0,0.0,0.0,0.0
-2.6039207841568315,4.999999999999524,1.5775559016809078e-13,0.0,0.0,0.0,0.0,0.0,0.0
-2.6029205841168235,4.999999999999522,1.582862992842883e-13,0.0,0.0,0.0,0.0,0.0,0.0
-2.6019203840768155,4.99999999999952,1.5881661225928515e-13,0.0,0.0,0.0,0.0,0.0,0.0
-2.6009201840368075,4.999999999999519,1.5934652939420567e-13,0.0,0.0,0.0,0.0,0.0,0.0
-2.5999199839967995,4.999999999999517,1.598760509899419e-13,0.0,0.0,0.0,0.0,0.0,0.0
-2.5989197839567915,4.999999999999515,1.6040517734715453e-13,0.0,0.0,0.0,0.0,0.0,0.0
-2.5979195839167835,4.999999999999513,1.6093390876627763e-13,0.0,0.0,0.0,0.0,0.0,0.0
-2.5969193838767755,4.9999999999995115,1.614622455475439e-13,0.0,0.0,0.0,0.0,0.0,0.0
-2.5959191838367675,4.99999999999951,1.6199018799113133e-13,0.0,0.0,0.0,0.0,0.0,0.0
-2.5949189837967594,4.999999999999508,1.6251773639800062e-13,0.0,0.0,0.0,0.0,0.0,0.0
-2.5939187837567514,4.999999999999506,1.6304489107466513e-13,0.0,0.0,0.0,0.0,0.0,0.0
-2.5929185837167434,4.999999999999504,1.6357165235998296e-13,0.0,0.0,0.0,0.0,0.0,0.0
-2.5919183836767354,4.999999999999503,1.640980207738552e-13,0.0,0.0,0.0,0.0,0.0,0.0
-2.5909181836367274,4.999999999999501,1.6462399786160208e-13,0.0,0.0,0.0,0.0,0.0,0.0
-2.5899179835967194,4.999999999999499,1.6514959139145513e-13,0.0,0.0,0.0,0.0,0.0,0.0
-2.5889177835567114,4.999999999999497,1.6567484537684508e-13,0.0,0.0,0.0,0.0,0.0,0.0
-2.5879175835167034,4.9999999999994955,1.6620000380633178e-13,0.0,0.0,0.0,0.0,0.0,0.0
-2.5869173834766954,4.999999999999494,1.6672648105143578e-13,0.0,0.0,0.0,0.0,0.0,0.0
-2.5859171834366874,4.999999999999492,1.6726363679236078e-13,0.0,0.0,0.0,0.0,0.0,0.0
-2.5849169833966794,4.99999999999949,1.678494641376659e-13,0.0,0.0,0.0,0.0,0.0,0.0
-2.5839167833566714,4.999999999999488,1.687076813440756e-13,0.0,0.0,0.0,0.0,0.0,0.0
-2.5829165833166634,4.999999999999485,1.7001634947290413e-13,0.0,0.0,0.0,0.0,0.0,0.0
-2.5819163832766554,4.99999999999948,1.7189681487589883e-13,0.0,0.0,0.0,0.0,0.0,0.0
-2.5809161832366474,4.999999999999475,1.743288277255629e-13,0.0,0.0,0.0,0.0,0.0,0.0
-2.5799159831966394,4.999999999999468,1.775086485318556e-13,0.0,0.0,0.0,0.0,0.0,0.0
-2.5789157831566314,4.999999999999459,1.8147282624206687e-13,0.0,0.0,0.0,0.0,0.0,0.0
-2.5779155831166234,4.9999999999994476,1.8634643961917253e-13,0.0,0.0,0.0,0.0,0.0,0.0
-2.5769153830766154,4.999999999999434,1.924893956961625e-13,0.0,0.0,0.0,0.0,0.0,0.0
-2.5759151830366074,4.999999999999417,1.9997952168842745e-13,0.0,0.0,0.0,0.0,0.0,0.0
-2.5749149829965994,4.999999999999397,2.090496556062159e-13,0.0,0.0,0.0,0.0,0.0,0.0
-2.5739147829565914,4.999999999999373,2.1976322124175134e-13,0.0,0.0,0.0,0.0,0.0,0.0
-2.5729145829165834,4.999999999999344,2.324221644358547e-13,0.0,0.0,0.0,0.0,0.0,0.0
-2.5719143828765754,4.99999999999931,2.4753163944580935e-13,0.0,0.0,0.0,0.0,0.0,0.0
-2.5709141828365674,4.999999999999271,2.652800203834716e-13,0.0,0.0,0.0,0.0,0.0,0.0
-2.5699139827965594,4.999999999999224,2.8596909274913663e-13,0.0,0.0,0.0,0.0,0.0,0.0
-2.5689137827565514,4.999999999999169,3.103088415811473e-13,0.0,0.0,0.0,0.0,0.0,0.0
-2.5679135827165434,4.999999999999106,3.385439230503557e-13,0.0,0.0,0.0,0.0,0.0,0.0
-2.5669133826765353,4.999999999999032,3.712677775975442e-13,0.0,0.0,0.0,0.0,0.0,0.0
-2.5659131826365273,4.999999999998947,4.094349306724248e-13,0.0,0.0,0.0,0.0,0.0,0.0
-2.5649129825965193,4.999999999998847,4.535725217415554e-13,0.0,0.0,0.0,0.0,0.0,0.0
-2.5639127825565113,4.999999999998733,5.046802318610412e-13,0.0,0.0,0.0,0.0,0.0,0.0
-2.5629125825165033,4.999999999998599,5.637243064629577e-13,0.0,0.0,0.0,0.0,0.0,0.0
-2.5619123824764953,4.999999999998447,6.318160785682027e-13,0.0,0.0,0.0,0.0,0.0,0.0
-2.5609121824364873,4.99999999999827,7.103978120098251e-13,0.0,0.0,0.0,0.0,0.0,0.0
-2.5599119823964793,4.999999999998066,8.010348851727544e-13,0.0,0.0,0.0,0.0,0.0,0.0
-2.5589117823564713,4.999999999997833,9.054036759724637e-13,0.0,0.0,0.0,0.0,0.0,0.0
-2.5579115823164633,4.999999999997564,1.0253656455789434e-12,0.0,0.0,0.0,0.0,0.0,0.0
-2.5569113822764553,4.999999999997255,1.1630924593940637e-12,0.0,0.0,0.0,0.0,0.0,0.0
-2.5559111822364473,4.999999999996899,1.3212666744617875e-12,0.0,0.0,0.0,0.0,0.0,0.0
-2.5549109821964393,4.999999999996493,1.5029045468598433e-12,0.0,0.0,0.0,0.0,0.0,0.0
-2.5539107821564313,4.999999999996025,1.71135835059059e-12,0.0,0.0,0.0,0.0,0.0,0.0
-2.5529105821164233,4.99999999999549,1.9502030492052386e-12,0.0,0.0,0.0,0.0,0.0,0.0
-2.5519103820764153,4.999999999994876,2.2237034169144923e-12,0.0,0.0,0.0,0.0,0.0,0.0
-2.5509101820364073,4.999999999994173,2.5367005323584107e-12,0.0,0.0,0.0,0.0,0.0,0.0
-2.5499099819963993,4.999999999993369,2.8948203379640614e-12,0.0,0.0,0.0,0.0,0.0,0.0
-2.5489097819563913,4.99999999999245,3.304489061468254e-12,0.0,0.0,0.0,0.0,0.0,0.0
-2.5479095819163833,4.999999999991399,3.772698093054795e-12,0.0,0.0,0.0,0.0,0.0,0.0
-2.5469093818763753,4.999999999990199,4.30758673644331e-12,0.0,0.0,0.0,0.0,0.0,0.0
-2.5459091818363673,4.9999999999888285,4.9182445334772325e-12,0.0,0.0,0.0,0.0,0.0,0.0
-2.5449089817963593,4.9999999999872635,5.615290463220895e-12,0.0,0.0,0.0,0.0,0.0,0.0
-2.5439087817563513,4.999999999985479,6.410418871106643e-12,0.0,0.0,0.0,0.0,0.0,0.0
-2.5429085817163433,4.999999999983445,7.316955661525328e-12,0.0,0.0,0.0,0.0,0.0,0.0
-2.5419083816763353,4.999999999981126,8.350049020194589e-12,0.0,0.0,0.0,0.0,0.0,0.0
-2.5409081816363273,4.999999999978486,9.526804861859966e-12,0.0,0.0,0.0,0.0,0.0,0.0
-2.5399079815963193,4.99999999997548,1.0866619590899461e-11,0.0,0.0,0.0,0.0,0.0,0.0
-2.5389077815563112,4.999999999972059,1.2391292596697872e-11,0.0,0.0,0.0,0.0,0.0,0.0
-2.5379075815163032,4.999999999968168,1.4125517273143317e-11,0.0,0.0,0.0,0.0,0.0,0.0
-2.5369073814762952,4.999999999963743,1.609701880489097e-11,0.0,0.0,0.0,0.0,0.0,0.0
-2.5359071814362872,4.999999999958716,1.833735672134091e-11,0.0,0.0,0.0,0.0,0.0,0.0
-2.5349069813962792,4.999999999953005,2.0882165722356746e-11,0.0,0.0,0.0,0.0,0.0,0.0
-2.5339067813562712,4.999999999946521,2.3771145595072502e-11,0.0,0.0,0.0,0.0,0.0,0.0
-2.5329065813162632,4.999999999939163,2.7049558756463352e-11,0.0,0.0,0.0,0.0,0.0,0.0
-2.5319063812762552,4.999999999930818,3.076837335625511e-11,0.0,0.0,0.0,0.0,0.0,0.0
-2.530906181236247,4.999999999921355,3.498437001681424e-11,0.0,0.0,0.0,0.0,0.0,0.0
-2.529905981196239,4.999999999910632,3.976196848994958e-11,0.0,0.0,0.0,0.0,0.0,0.0
-2.528905781156231,4.9999999998984865,4.517381569491745e-11,0.0,0.0,0.0,0.0,0.0,0.0
-2.527905581116223,4.999999999884734,5.130125233261929e-11,0.0,0.0,0.0,0.0,0.0,0.0
-2.526905381076215,4.99999999986917,5.823578233989621e-11,0.0,0.0,0.0,0.0,0.0,0.0
-2.525905181036207,4.999999999851565,6.608008063564383e-11,0.0,0.0,0.0,0.0,0.0,0.0
-2.524904980996199,4.999999999831658,7.494920950161376e-11,0.0,0.0,0.0,0.0,0.0,0.0
-2.523904780956191,4.999999999809161,8.497277085936655e-11,0.0,0.0,0.0,0.0,0.0,0.0
-2.522904580916183,4.999999999783746,9.629594671496235e-11,0.0,0.0,0.0,0.0,0.0,0.0
-2.521904380876175,4.999999999755049,1.0908117137485787e-10,0.0,0.0,0.0,0.0,0.0,0.0
-2.520904180836167,4.99999999972266,1.235108645260329e-10,0.0,0.0,0.0,0.0,0.0,0.0
-2.519903980796159,4.999999999686122,1.397893823282729e-10,0.0,0.0,0.0,0.0,0.0,0.0
-2.518903780756151,4.9999999996449205,1.5814511496649592e-10,0.0,0.0,0.0,0.0,0.0,0.0
-2.517903580716143,4.999999999598482,1.7883392067324215e-10,0.0,0.0,0.0,0.0,0.0,0.0
-2.516903380676135,4.999999999546163,2.0214176952548667e-10,0.0,0.0,0.0,0.0,0.0,0.0
-2.515903180636127,4.9999999994872475,2.2838843336062127e-10,0.0,0.0,0.0,0.0,0.0,0.0
-2.514902980596119,4.999999999420933,2.579310186088975e-10,0.0,0.0,0.0,0.0,0.0,0.0
-2.513902780556111,4.999999999346323,2.9116837266955044e-10,0.0,0.0,0.0,0.0,0.0,0.0
-2.512902580516103,4.9999999992624184,3.285459402891009e-10,0.0,0.0,0.0,0.0,0.0,0.0
-2.511902380476095,4.999999999168105,3.7056039037855377e-10,0.0,0.0,0.0,0.0,0.0,0.0
-2.510902180436087,4.999999999062136,4.177658790036499e-10,0.0,0.0,0.0,0.0,0.0,0.0
-2.509901980396079,4.999999998943126,4.707798262337878e-10,0.0,0.0,0.0,0.0,0.0,0.0
-2.508901780356071,4.999999998809532,5.302899776321786e-10,0.0,0.0,0.0,0.0,0.0,0.0
-2.507901580316063,4.999999998659631,5.970626083086936e-10,0.0,0.0,0.0,0.0,0.0,0.0
-2.506901380276055,4.999999998491511,6.719503120530515e-10,0.0,0.0,0.0,0.0,0.0,0.0
-2.505901180236047,4.99999999830304,7.559015798169681e-10,0.0,0.0,0.0,0.0,0.0,0.0
-2.504900980196039,4.999999998091851,8.499709935465996e-10,0.0,0.0,0.0,0.0,0.0,0.0
-2.503900780156031,4.999999997855312,9.553307006991782e-10,0.0,0.0,0.0,0.0,0.0,0.0
-2.502900580116023,4.999999997590498,1.0732829836173618e-09,0.0,0.0,0.0,0.0,0.0,0.0
-2.501900380076015,4.999999997294163,1.2052733351002872e-09,0.0,0.0,0.0,0.0,0.0,0.0
-2.500900180036007,4.9999999969627025,1.3529063572764102e-09,0.0,0.0,0.0,0.0,0.0,0.0
-2.499899979995999,4.999999996592121,1.5179618414786111e-09,0.0,0.0,0.0,0.0,0.0,0.0
-2.498899779955991,4.999999996177985,1.7024132000945276e-09,0.0,0.0,0.0,0.0,0.0,0.0
-2.497899579915983,4.999999995715386,1.9084470032722097e-09,0.0,0.0,0.0,0.0,0.0,0.0
-2.496899379875975,4.999999995198881,2.1384853474711748e-09,0.0,0.0,0.0,0.0,0.0,0.0
-2.495899179835967,4.999999994622451,2.395209844073917e-09,0.0,0.0,0.0,0.0,0.0,0.0
-2.494898979795959,4.999999993979428,2.681587927124271e-09,0.0,0.0,0.0,0.0,0.0,0.0
-2.493898779755951,4.999999993262443,3.0009016708003833e-09,0.0,0.0,0.0,0.0,0.0,0.0
-2.492898579715943,4.999999992463344,3.3567791947239048e-09,0.0,0.0,0.0,0.0,0.0,0.0
-2.491898379675935,4.999999991573128,3.75322981853876e-09,0.0,0.0,0.0,0.0,0.0,0.0
-2.490898179635927,4.999999990581849,4.1946811705050685e-09,0.0,0.0,0.0,0.0,0.0,0.0
-2.489897979595919,4.999999989478528,4.686020972836877e-09,0.0,0.0,0.0,0.0,0.0,0.0
-2.488897779555911,4.999999988251051,5.2326424295311955e-09,0.0,0.0,0.0,0.0,0.0,0.0
-2.487897579515903,4.999999986886056,5.840493227851104e-09,0.0,0.0,0.0,0.0,0.0,0.0
-2.486897379475895,4.999999985368819,6.51612916868632e-09,0.0,0.0,0.0,0.0,0.0,0.0
-2.485897179435887,4.999999983683113,7.266773299476855e-09,0.0,0.0,0.0,0.0,0.0,0.0
-2.484896979395879,4.999999981811069,8.100379911950541e-09,0.0,0.0,0.0,0.0,0.0,0.0
-2.483896779355871,4.999999979733019,9.02570385173813e-09,0.0,0.0,0.0,0.0,0.0,0.0
-2.482896579315863,4.999999977427326,1.0052376857192843e-08,0.0,0.0,0.0,0.0,0.0,0.0
-2.481896379275855,4.999999974870196,1.1190990132619597e-08,0.0,0.0,0.0,0.0,0.0,0.0
-2.480896179235847,4.999999972035477,1.2453184165890828e-08,0.0,0.0,0.0,0.0,0.0,0.0
-2.479895979195839,4.99999996889444,1.385174651760189e-08,0.0,0.0,0.0,0.0,0.0,0.0
-2.478895779155831,4.999999965415539,1.540071770506585e-08,0.0,0.0,0.0,0.0,0.0,0.0
-2.477895579115823,4.9999999615641535,1.7115506962623147e-08,0.0,0.0,0.0,0.0,0.0,0.0
-2.476895379075815,4.999999957302307,1.901301730455696e-08,0.0,0.0,0.0,0.0,0.0,0.0
-2.475895179035807,4.999999952588359,2.1111780689370824e-08,0.0,0.0,0.0,0.0,0.0,0.0
-2.474894978995799,4.999999947376679,2.3432105619869045e-08,0.0,0.0,0.0,0.0,0.0,0.0
-2.473894778955791,4.9999999416172844,2.5996236511999268e-08,0.0,0.0,0.0,0.0,0.0,0.0
-2.472894578915783,4.999999935255454,2.8828525867007943e-08,0.0,0.0,0.0,0.0,0.0,0.0
-2.471894378875775,4.999999928231309,3.1955621945005265e-08,0.0,0.0,0.0,0.0,0.0,0.0
-2.470894178835767,4.999999920479355,3.5406669827454725e-08,0.0,0.0,0.0,0.0,0.0,0.0
-2.469893978795759,4.999999911927996,3.921353006112457e-08,0.0,0.0,0.0,0.0,0.0,0.0
-2.468893778755751,4.999999902499003,4.3411015072242235e-08,0.0,0.0,0.0,0.0,0.0,0.0
-2.467893578715743,4.999999892106936,4.8037143123329616e-08,0.0,0.0,0.0,0.0,0.0,0.0
-2.466893378675735,4.999999880658533,5.31334137805916e-08,0.0,0.0,0.0,0.0,0.0,0.0
-2.465893178635727,4.999999868052037,5.874510415899787e-08,0.0,0.0,0.0,0.0,0.0,0.0
-2.464892978595719,4.999999854176485,6.492158832997441e-08,0.0,0.0,0.0,0.0,0.0,0.0
-2.463892778555711,4.999999838910924,7.171668162446113e-08,0.0,0.0,0.0,0.0,0.0,0.0
-2.462892578515703,4.999999822123588,7.91890112807355e-08,0.0,0.0,0.0,0.0,0.0,0.0
-2.461892378475695,4.999999803670994,8.740241522125013e-08,0.0,0.0,0.0,0.0,0.0,0.0
-2.460892178435687,4.999999783396978,9.642637054587503e-08,0.0,0.0,0.0,0.0,0.0,0.0
-2.459891978395679,4.999999761131665,1.0633645454458566e-07,0.0,0.0,0.0,0.0,0.0,0.0
-2.458891778355671,4.999999736690349,1.1721483934000294e-07,0.0,0.0,0.0,0.0,0.0,0.0
-2.457891578315663,4.999999709872298,1.2915082368899982e-07,0.0,0.0,0.0,0.0,0.0,0.0
-2.456891378275655,4.999999680459477,1.4224140254974128e-07,0.0,0.0,0.0,0.0,0.0,0.0
-2.455891178235647,4.999999648215169,1.5659187828903923e-07,0.0,0.0,0.0,0.0,0.0,0.0
-2.454890978195639,4.999999612882505,1.7231651543709498e-07,0.0,0.0,0.0,0.0,0.0,0.0
-2.453890778155631,4.999999574182881,1.8953924180423935e-07,0.0,0.0,0.0,0.0,0.0,0.0
-2.452890578115623,4.999999531814278,2.0839439896841e-07,0.0,0.0,0.0,0.0,0.0,0.0
-2.451890378075615,4.999999485449448,2.2902754455762325e-07,0.0,0.0,0.0,0.0,0.0,0.0
-2.450890178035607,4.999999434733988,2.5159631086387234e-07,0.0,0.0,0.0,0.0,0.0,0.0
-2.449889977995599,4.999999379284279,2.7627132089745295e-07,0.0,0.0,0.0,0.0,0.0,0.0
-2.448889777955591,4.99999931868528,3.032371671764383e-07,0.0,0.0,0.0,0.0,0.0,0.0
-2.447889577915583,4.999999252488178,3.3269345537619315e-07,0.0,0.0,0.0,0.0,0.0,0.0
-2.446889377875575,4.999999180207888,3.648559178927841e-07,0.0,0.0,0.0,0.0,0.0,0.0
-2.445889177835567,4.999999101320379,3.9995759997044974e-07,0.0,0.0,0.0,0.0,0.0,0.0
-2.444888977795559,4.999999015259832,4.38250123169779e-07,0.0,0.0,0.0,0.0,0.0,0.0
-2.443888777755551,4.999998921415613,4.800050301010218e-07,0.0,0.0,0.0,0.0,0.0,0.0
-2.442888577715543,4.999998819129052,5.255152144469035e-07,0.0,0.0,0.0,0.0,0.0,0.0
-2.441888377675535,4.999998707690025,5.750964414401957e-07,0.0,0.0,0.0,0.0,0.0,0.0
-2.440888177635527,4.999998586333314,6.290889628296879e-07,0.0,0.0,0.0,0.0,0.0,0.0
-2.439887977595519,4.999998454234748,6.87859231092474e-07,0.0,0.0,0.0,0.0,0.0,0.0
-2.438887777555511,4.99999831050711,7.518017186095897e-07,0.0,0.0,0.0,0.0,0.0,0.0
-2.437887577515503,4.999998154195795,8.213408462819756e-07,0.0,0.0,0.0,0.0,0.0,0.0
-2.436887377475495,4.999997984274205,8.969330266204941e-07,0.0,0.0,0.0,0.0,0.0,0.0
-2.435887177435487,4.999997799638879,9.790688276976053e-07,0.0,0.0,0.0,0.0,0.0,0.0
-2.434886977395479,4.999997599104339,1.0682752626471101e-06,0.0,0.0,0.0,0.0,0.0,0.0
-2.433886777355471,4.999997381397637,1.1651182107895402e-06,0.0,0.0,0.0,0.0,0.0,0.0
-2.432886577315463,4.9999971451525855,1.2702049765658307e-06,0.0,0.0,0.0,0.0,0.0,0.0
-2.431886377275455,4.999996888903682,1.3841869914958787e-06,0.0,0.0,0.0,0.0,0.0,0.0
-2.430886177235447,4.999996611079676,1.5077626661823216e-06,0.0,0.0,0.0,0.0,0.0,0.0
-2.429885977195439,4.999996309996801,1.641680397909052e-06,0.0,0.0,0.0,0.0,0.0,0.0
-2.428885777155431,4.999995983851627,1.7867417402187793e-06,0.0,0.0,0.0,0.0,0.0,0.0
-2.427885577115423,4.999995630713543,1.9438047423109077e-06,0.0,0.0,0.0,0.0,0.0,0.0
-2.426885377075415,4.9999952485168375,2.1137874626868332e-06,0.0,0.0,0.0,0.0,0.0,0.0
-2.425885177035407,4.999994835052372,2.297671665028857e-06,0.0,0.0,0.0,0.0,0.0,0.0
-2.424884976995399,4.999994387958828,2.4965067030148608e-06,0.0,0.0,0.0,0.0,0.0,0.0
-2.423884776955391,4.999993904713507,2.711413600190836e-06,0.0,0.0,0.0,0.0,0.0,0.0
-2.422884576915383,4.999993382622685,2.9435893325175633e-06,0.0,0.0,0.0,0.0,0.0,0.0
-2.421884376875375,4.999992818811488,3.1943113199074096e-06,0.0,0.0,0.0,0.0,0.0,0.0
-2.420884176835367,4.9999922102132786,3.464942133266236e-06,0.0,0.0,0.0,0.0,0.0,0.0
-2.419883976795359,4.9999915535585435,3.7569344252323537e-06,0.0,0.0,0.0,0.0,0.0,0.0
-2.418883776755351,4.9999908453632615,4.071836090261775e-06,0.0,0.0,0.0,0.0,0.0,0.0
-2.417883576715343,4.999990081916735,4.411295659789232e-06,0.0,0.0,0.0,0.0,0.0,0.0
-2.416883376675335,4.999989259268875,4.777067942255574e-06,0.0,0.0,0.0,0.0,0.0,0.0
-2.415883176635327,4.999988373216923,5.1710199119744615e-06,0.0,0.0,0.0,0.0,0.0,0.0
-2.414882976595319,4.999987419291591,5.5951368536101295e-06,0.0,0.0,0.0,0.0,0.0,0.0
-2.413882776555311,4.999986392742611,6.051528770270284e-06,0.0,0.0,0.0,0.0,0.0,0.0
-2.412882576515303,4.999985288523677,6.542437058378907e-06,0.0,0.0,0.0,0.0,0.0,0.0
-2.411882376475295,4.9999841012767625,7.070241458384199e-06,0.0,0.0,0.0,0.0,0.0,0.0
-2.410882176435287,4.999982825315816,7.637467285271275e-06,0.0,0.0,0.0,0.0,0.0,0.0
-2.409881976395279,4.999981454609793,8.246792944124485e-06,0.0,0.0,0.0,0.0,0.0,0.0
-2.408881776355271,4.999979982765048,8.901057737277587e-06,0.0,0.0,0.0,0.0,0.0,0.0
-2.407881576315263,4.999978403007041,9.603269965930297e-06,0.0,0.0,0.0,0.0,0.0,0.0
-2.406881376275255,4.999976708161382,1.0356615332703467e-05,0.0,0.0,0.0,0.0,0.0,0.0
-2.4058811762352468,4.999974890634173,1.1164465647754556e-05,0.0,0.0,0.0,0.0,0.0,0.0
-2.4048809761952388,4.99997294239166,1.2030387842900047e-05,0.0,0.0,0.0,0.0,0.0,0.0
-2.4038807761552308,4.999970854939177,1.2958153296853071e-05,0.0,0.0,0.0,0.0,0.0,0.0
-2.4028805761152228,4.999968619299382,1.3951747472707088e-05,0.0,0.0,0.0,0.0,0.0,0.0
-2.401880376075215,4.9999662259897795,1.5015379873198435e-05,0.0,0.0,0.0,0.0,0.0,0.0
-2.400880176035207,4.999963664999513,1.6153494312653058e-05,0.0,0.0,0.0,0.0,0.0,0.0
-2.399879975995199,4.999960925765446,1.737077950657685e-05,0.0,0.0,0.0,0.0,0.0,0.0
-2.398879775955191,4.999957997147516,1.8672179981820053e-05,0.0,0.0,0.0,0.0,0.0,0.0
-2.397879575915183,4.999954867403355,2.0062907304988222e-05,0.0,0.0,0.0,0.0,0.0,0.0
-2.396879375875175,4.9999515241622055,2.1548451627681448e-05,0.0,0.0,0.0,0.0,0.0,0.0
-2.395879175835167,4.9999479543981025,2.3134593549209622e-05,0.0,0.0,0.0,0.0,0.0,0.0
-2.394878975795159,4.99994414440235,2.482741629359973e-05,0.0,0.0,0.0,0.0,0.0,0.0
-2.393878775755151,4.999940079755284,2.6633318196234187e-05,0.0,0.0,0.0,0.0,0.0,0.0
-2.392878575715143,4.999935745297343,2.855902549871598e-05,0.0,0.0,0.0,0.0,0.0,0.0
-2.391878375675135,4.999931125099445,3.0611605445832983e-05,0.0,0.0,0.0,0.0,0.0,0.0
-2.390878175635127,4.99992620243269,3.279847967928955e-05,0.0,0.0,0.0,0.0,0.0,0.0
-2.389877975595119,4.999920959737397,3.512743792220719e-05,0.0,0.0,0.0,0.0,0.0,0.0
-2.388877775555111,4.999915378591494,3.7606651947677754e-05,0.0,0.0,0.0,0.0,0.0,0.0
-2.387877575515103,4.999909439678284,4.0244689822579324e-05,0.0,0.0,0.0,0.0,0.0,0.0
-2.386877375475095,4.999903122753588,4.305053041776525e-05,0.0,0.0,0.0,0.0,0.0,0.0
-2.385877175435087,4.999896406612316,4.603357817617799e-05,0.0,0.0,0.0,0.0,0.0,0.0
-2.384876975395079,4.9998892690544565,4.920367812687837e-05,0.0,0.0,0.0,0.0,0.0,0.0
-2.383876775355071,4.999881686850537,5.257113113462721e-05,0.0,0.0,0.0,0.0,0.0,0.0
-2.382876575315063,4.999873635706565,5.614670937234541e-05,0.0,0.0,0.0,0.0,0.0,0.0
-2.381876375275055,4.9998650902284885,5.9941672004068746e-05,0.0,0.0,0.0,0.0,0.0,0.0
-2.380876175235047,4.999856023886202,6.396778106408524e-05,0.0,0.0,0.0,0.0,0.0,0.0
-2.379875975195039,4.9998464089771275,6.823731751798778e-05,0.0,0.0,0.0,0.0,0.0,0.0
-2.378875775155031,4.999836216589417,7.276309749004934e-05,0.0,0.0,0.0,0.0,0.0,0.0
-2.377875575115023,4.999825416564788,7.755848864240325e-05,0.0,0.0,0.0,0.0,0.0,0.0
-2.376875375075015,4.999813977461064,8.263742668843449e-05,0.0,0.0,0.0,0.0,0.0,0.0
-2.375875175035007,4.999801866514414,8.801443202331319e-05,0.0,0.0,0.0,0.0,0.0,0.0
-2.374874974994999,4.999789049601373,9.370462645593625e-05,0.0,0.0,0.0,0.0,0.0,0.0
-2.373874774954991,4.999775491200655,9.972375002170924e-05,0.0,0.0,0.0,0.0,0.0,0.0
-2.372874574914983,4.9997611543548075,0.00010608817786125669,0.0,0.0,0.0,0.0,0.0,0.0
-2.371874374874975,4.999746000631751,0.00011281493714476043,0.0,0.0,0.0,0.0,0.0,0.0
-2.370874174834967,4.999729990086242,0.0001199217240224656,0.0,0.0,0.0,0.0,0.0,0.0
-2.369873974794959,4.999713081221305,0.0001274269205857653,0.0,0.0,0.0,0.0,0.0,0.0
-2.368873774754951,4.999695230949669,0.00013534961181858312,0.0,0.0,0.0,0.0,0.0,0.0
-2.367873574714943,4.999676394555253,0.0001437096025211322,0.0,0.0,0.0,0.0,0.0,0.0
-2.366873374674935,4.999656525654743,0.0001525274341886096,0.0,0.0,0.0,0.0,0.0,0.0
-2.365873174634927,4.999635576159289,0.0001618244018261569,0.0,0.0,0.0,0.0,0.0,0.0
-2.364872974594919,4.9996134962363845,0.0001716225706844506,0.0,0.0,0.0,0.0,0.0,0.0
-2.363872774554911,4.9995902342719285,0.00018194479290071757,0.0,0.0,0.0,0.0,0.0,0.0
-2.362872574514903,4.999565736832541,0.00019281472402794274,0.0,0.0,0.0,0.0,0.0,0.0
-2.361872374474895,4.9995399486281356,0.00020425683943877272,0.0,0.0,0.0,0.0,0.0,0.0
-2.360872174434887,4.9995128124748,0.0002162964505919981,0.0,0.0,0.0,0.0,0.0,0.0
-2.359871974394879,4.999484269257992,0.00022895972115042615,0.0,0.0,0.0,0.0,0.0,0.0
-2.358871774354871,4.99945425789609,0.00024227368293932062,0.0,0.0,0.0,0.0,0.0,0.0
-2.357871574314863,4.999422715304305,0.0002562662517370924,0.0,0.0,0.0,0.0,0.0,0.0
-2.356871374274855,4.99938957635897,0.00027096624289388993,0.0,0.0,0.0,0.0,0.0,0.0
-2.355871174234847,4.9993547738622235,0.0002864033867730952,0.0,0.0,0.0,0.0,0.0,0.0
-2.354870974194839,4.99931823850708,0.00030260834401450227,0.0,0.0,0.0,0.0,0.0,0.0
-2.353870774154831,4.999279898842893,0.0003196127206213334,0.0,0.0,0.0,0.0,0.0,0.0
-2.352870574114823,4.999239681241202,0.00033744908287398965,0.0,0.0,0.0,0.0,0.0,0.0
-2.351870374074815,4.9991975098619434,0.0003561509720771041,0.0,0.0,0.0,0.0,0.0,0.0
-2.350870174034807,4.999153306620012,0.00037575291915063384,0.0,0.0,0.0,0.0,0.0,0.0
-2.349869973994799,4.999106991152143,0.00039629045907498407,0.0,0.0,0.0,0.0,0.0,0.0
-2.348869773954791,4.999058480784085,0.0004178001452060743,0.0,0.0,0.0,0.0,0.0,0.0
-2.347869573914783,4.999007690498031,0.00044031956347794377,0.0,0.0,0.0,0.0,0.0,0.0
-2.346869373874775,4.9989545329002345,0.0004638873465156766,0.0,0.0,0.0,0.0,0.0,0.0
-2.345869173834767,4.99889891818876,0.0004885431876964928,0.0,0.0,0.0,0.0,0.0,0.0
-2.344868973794759,4.998840754121227,0.0005143278552096239,0.0,0.0,0.0,0.0,0.0,0.0
-2.343868773754751,4.998779945982398,0.0005412832061893365,0.0,0.0,0.0,0.0,0.0,0.0
-2.342868573714743,4.998716396551354,0.0005694522010337001,0.0,0.0,0.0,0.0,0.0,0.0
-2.341868373674735,4.998650006067774,0.0005988789181264908,0.0,0.0,0.0,0.0,0.0,0.0
-2.340868173634727,4.998580672196449,0.0006296085693499119,0.0,0.0,0.0,0.0,0.0,0.0
-2.339867973594719,4.998508289988802,0.0006616875169396704,0.0,0.0,0.0,0.0,0.0,0.0
-2.338867773554711,4.998432751841435,0.00069516329166977,0.0,0.0,0.0,0.0,0.0,0.0
-2.337867573514703,4.998353947459433,0.0007300846089147162,0.0,0.0,0.0,0.0,0.0,0.0
-2.336867373474695,4.998271763828219,0.0007665013809493059,0.0,0.0,0.0,0.0,0.0,0.0
-2.335867173434687,4.998186085243051,0.0008044647054106325,0.0,0.0,0.0,0.0,0.0,0.0
-2.334866973394679,4.998096793574986,0.0008440268360890773,0.0,0.0,0.0,0.0,0.0,0.0
-2.333866773354671,4.998003771550781,0.0008852419672052547,-1.7156717670010208e-06,-2.3982499367215387e-06,0.0,0.0,0.0,2.0
-2.332866573314663,4.9979069152856885,0.0009281631998906937,-3.839070291995642e-06,-5.0371274470907805e-06,-4.438320702207718e-06,-5.093831448279831e-06,-5.209725369140507e-06,5.0
-2.331866373274655,4.99780613755232,0.0009728291181403554,-6.4687371263737836e-06,-9.057132515794907e-06,-1.0166680308140057e-05,-1.1048220445820506e-05,-1.0412144887590765e-05,5.0
-2.330866173234647,4.997701360019254,0.001019276960480637,-9.0551090049038e-06,-1.3457021491065397e-05,-1.6590296887950404e-05,-1.836626884791675e-05,-1.8299262973790183e-05,5.0
-2.329865973194639,4.997592508281403,0.0010675392369326187,-1.1689468671050961e-05,-1.781427209201572e-05,-2.2394326898000754e-05,-2.5750936813633838e-05,-2.731972372999125e-05,5.0
-2.328865773154631,4.997479507390824,0.0011176497292458112,-1.4337102386420617e-05,-2.2169420089501465e-05,-2.8382281539363532e-05,-3.353502460726321e-05,-3.664744584822404e-05,5.0
-2.327865573114623,4.997362279953179,0.001169642124185017,-1.7033508169925825e-05,-2.6634147920484143e-05,-3.449692073642459e-05,-4.141677663459151e-05,-4.592217203457338e-05,5.0
-2.326865373074615,4.997240746446742,0.0012235506231754805,-1.9785282314181463e-05,-3.117649499888628e-05,-4.0670811933570374e-05,-4.93539978233654e-05,-5.5200705378777605e-05,5.0
-2.325865173034607,4.997114826869338,0.0012794102280945432,-2.2588762177726722e-05,-3.5793170273613136e-05,-4.6916499145474766e-05,-5.738505662011023e-05,-6.452465653899448e-05,5.0
-2.324864972994599,4.996984440893636,0.0013372565610901119,-2.5449909200978238e-05,-4.049862176517648e-05,-5.3258417168193345e-05,-6.55427318706766e-05,-7.394399694816976e-05,5.0
-2.323864772954591,4.9968495072911585,0.0013971254747523795,-2.8376963727369826e-05,-4.530707266687213e-05,-5.9715584293588475e-05,-7.384997699832884e-05,-8.347632427983783e-05,5.0
-2.322864572914583,4.996709943941269,0.0014590529706349123,-3.1377081108040634e-05,-5.023022791686432e-05,-6.630349470337563e-05,-8.232601712873636e-05,-9.314498894732013e-05,5.0
-2.321864372874575,4.996565668290043,0.0015230752986818356,-3.44563211147189e-05,-5.5278196108333384e-05,-7.303619242863334e-05,-9.099046069244476e-05,-0.00010297608551240956,5.0
-2.320864172834567,4.996416597602021,0.0015892289674434492,-3.76197247567098e-05,-6.0459264822432875e-05,-7.992496928073792e-05,-9.985786296994374e-05,-0.00011298612532562641,5.0
-2.319863972794559,4.996262648974762,0.0016575506588141402,-4.0871212481724566e-05,-6.57794820373217e-05,-8.697730392339828e-05,-0.00010893650184654617,-0.00012318287844187694,5.0
-2.318863772754551,4.996103739324012,0.0017280771274482095,-4.421383517326219e-05,-7.124328018469639e-05,-9.419824157039686e-05,-0.00011823146074190856,-0.0001335704839641289,5.0
-2.317863572714543,4.995939785480808,0.0018008451418311197,-4.765033835782271e-05,-7.685469457254091e-05,-0.00010159246755616398,-0.00012774786151146332,-0.00014415361873864243,5.0
-2.316863372674535,4.9957707043519015,0.0018758914469937675,-5.118366807416062e-05,-8.261830167745499e-05,-0.00010916567009738516,-0.00013749269292507744,-0.00015493963776934392,5.0
-2.315863172634527,4.995596413039901,0.0019532527071529256,-5.481720266899912e-05,-8.853955966529015e-05,-0.00011692492438331571,-0.000147475133892861,-0.00016593876213697923,5.0
-2.314862972594519,4.9954168289117735,0.002032965427526559,-5.855472097620027e-05,-9.462465610676567e-05,-0.00012487834978461198,-0.00015770583492130466,-0.000177162949660537,5.0
-2.313862772554511,4.995231869676183,0.002115065884949649,-6.240022345268004e-05,-0.00010088011960813405,-0.00013303446418790928,-0.00016819585356075213,-0.00018862442807917522,5.0
-2.312862572514503,4.9950414535089545,0.0021995900853298304,-6.635773390218482e-05,-0.00010731244314478541,-0.00014140161781280055,-0.00017895582986993794,-0.0002003346716206959,5.0
-2.311862372474495,4.994845499211317,0.0022865737401185676,-7.043116673445875e-05,-0.00011392786352861292,-0.00014998770238146646,-0.00018999564220622894,-0.00021230406145325708,5.0
-2.310862172434487,4.994643926361667,0.002376052242879633,-7.462428380055398e-05,-0.00012073231703101647,-0.00015880013130570279,-0.00020132446750823605,-0.00022454205207418396,5.0
-2.309861972394479,4.99443665543683,0.0024680606342501986,-7.894071860586645e-05,-0.0001277315104986468,-0.00016784597638779588,-0.00021295103617937613,-0.00023705754048004596,5.0
-2.308861772354471,4.994223607905689,0.0025626335562439592,-8.338402894384337e-05,-0.00013493102872107857,-0.00017713213714237928,-0.00022488389307547002,-0.0002498592024442828,5.0
-2.307861572314463,4.994004706311398,0.0026598052033062845,-8.795774586262662e-05,-0.00014233642144615484,-0.00018666546433855378,-0.0002371315623802301,-0.00026295568420312953,5.0
-2.306861372274455,4.993779874354608,0.0027596092760896604,-9.266540330636233e-05,-0.00014995324791014104,-0.0001964528137007039,-0.0002497025987196914,-0.0002763556435938906,5.0
-2.305861172234447,4.99354903697973,0.0028620789392325577,-9.751054767490257e-05,-0.00015778708395252088,-0.00020650104426714534,-0.0002626055603978326,-0.00029006769621634345,5.0
-2.304860972194439,4.993312120459368,0.0029672467812370605,-0.0001024967349860157,-0.0001658435099023796,-0.00021681699203074173,-0.0002758489578321978,-0.00030410033763607314,5.0
-2.303860772154431,4.993069052472213,0.003075144774442297,-0.00010762752501971483,-0.00017412809765292764,-0.00022740744678937367,-0.00028944121927998185,-0.00031846189404928515,5.0
-2.302860572114423,4.992819762173689,0.0031858042347784805,-0.00011290647892739878,-0.00018264640776780396,-0.000238279147008614,-0.0003033906914618717,-0.00033316052065143775,5.0
-2.301860372074415,4.992564180262136,0.003299255782501545,-0.00011833716219665956,-0.00019140399798857138,-0.0002494387929245754,-0.0003177056692836279,-0.00034820423762410856,5.0
-2.300860172034407,4.992302239044182,0.0034155293055469745,-0.00012392315102271426,-0.00020040643761989497,-0.0002608930684226174,-0.0003323944356491898,-0.00036360097868725196,5.0
-2.299859971994399,4.992033872502044,0.0035346539267504177,-0.00012966803835548038,-0.0002096593198885195,-0.0002726486596387575,-0.0003474652912584188,-0.00037935862754323244,5.0
-2.298859771954391,4.991759016363681,0.0036566579754623773,-0.00013557543623674706,-0.00021916826602220364,-0.00028471226142244853,-0.0003629265617363493,-0.0003954850277777718,5.0
-2.297859571914383,4.991477608174948,0.003781568963262856,-0.00014164897273991246,-0.00022893891859915056,-0.0002970905686813537,-0.000378786579822618,-0.00041198796456561103,5.0
-2.296859371874375,4.991189587371166,0.0039094135627341904,-0.00014789228383933265,-0.00023897692561175487,-0.00030979025516914986,-0.0003950536488999561,-0.00042887512626803005,5.0
-2.295859171834367,4.990894895344722,0.004040217587843262,-0.00015430900204726225,-0.00024928791925371335,-0.0003228179456135211,-0.0004117359984266094,-0.00044615405827858447,5.0
-2.294858971794359,4.990593475505713,0.004174005974633196,-0.00016090274428253254,-0.00025987749419037503,-0.00033618018776091445,-0.0004288417417614798,-0.00046383212065309826,5.0
-2.293858771754351,4.990285273334145,0.004310802761547158,-0.00016767710121552232,-0.0002707511892903012,-0.00034988342953040907,-0.0004463788438273595,-0.0004819164571086265,5.0
-2.292858571714343,4.989970236423825,0.004450631069427049,-0.00017463562956805548,-0.00028191447516131185,-0.0003639340040728502,-0.0004643551019044349,-0.0005004139781529051,5.0
-2.291858371674335,4.989648314519207,0.00459351308170924,-0.00018178184790597314,-0.00029337274806141465,-0.00037833812312211784,-0.0004827781391255492,-0.0005193313571136626,5.0
-2.290858171634327,4.989319459546711,0.004739470025450345,-0.0001891192356477884,-0.0003051313293568833,-0.00039310187725517137,-0.0005016554078153827,-0.000538675035495772,5.0
-2.289857971594319,4.988983625641716,0.0048885221536949875,-0.00019665123449027076,-0.0003171954689056972,-0.00040823124078283513,-0.000520994198848963,-0.00055845123342873,5.0
-2.288857771554311,4.9886407691721475,0.00504068872954936,-0.00020438125125070964,-0.00032957035053790654,-0.0004237320788824375,-0.0005408016533976878,-0.0005786659615117792,5.0
-2.287857571514303,4.988290848759329,0.005195988012249915,-0.00021231266118151975,-0.00034226109802056135,-0.00043961015498965,-0.0005610847742822857,-0.0005993250314975901,5.0
-2.286857371474295,4.987933825296802,0.00535443724549898,-0.0002204488110209094,-0.0003552727803252796,-0.0004558711370941725,-0.0005818504351897731,-0.0006204340644487877,5.0
-2.285857171434287,4.98756966196765,0.005516052648291843,-0.00022879302130270467,-0.00036861041548507436,-0.00047252060220273303,-0.000603105386918722,-0.0006419984959367139,5.0
-2.284856971394279,4.987198324260632,0.005680849408334433,-0.00023734858768800218,-0.0003822789727250167,-0.0004895640387170791,-0.0006248562604588483,-0.0006640235784265621,5.0
-2.283856771354271,4.986819779985009,0.005848841677958594,-0.00024611878126614057,-0.0003962833728380318,-0.0005070068467918203,-0.0006471095670921226,-0.0006865143812568378,5.0
-2.282856571314263,4.986433999283498,0.006020042572243754,-0.0002551068478968549,-0.00041062848695963517,-0.0005248543369144822,-0.0006698716959003293,-0.0007094757886901941,5.0
-2.281856371274255,4.986040954642551,0.006194464168925857,-0.0002643160067403896,-0.0004253191340023485,-0.0005431117270373255,-0.0006931489091651337,-0.0007329124965004337,5.0
-2.2808561712342468,4.985640620899107,0.006372117509656144,-0.0002737494481634432,-0.0004403600770709617,-0.0005617841386310187,-0.0007169473362103011,-0.0007568290075390266,5.0
-2.2798559711942388,4.9852329752431706,0.0065530126022542694,-0.0002834103312284796,-0.000455756019211992,-0.0005808765920488979,-0.0007412729662823639,-0.000781229626717768,5.0
-2.2788557711542308,4.984817997215905,0.006737158423745577,-0.0002933017809785471,-0.00047151159886048234,-0.0006003940015933664,-0.0007661316410873068,-0.0008061184558416929,5.0
-2.2778555711142228,4.984395668703287,0.006924562924118382,-0.000303426885720623,-0.00048763138533263823,-0.0006203411706578931,-0.0007915290475777884,-0.0008314993887048545,5.0
-2.2768553710742148,4.983965973925603,0.007115233030845118,-0.0003137886944869651,-0.0005041198746704121,-0.0006407227872723862,-0.0008174707115048545,-0.000857376106803345,5.0
-2.2758551710342068,4.983528899423175,0.007309174654256204,-0.00032439021481621405,-0.0005209814860746382,-0.000661543420305146,-0.000843961992112485,-0.0008837520759225627,5.0
-2.2748549709941988,4.983084434038729,0.0075063926938509565,-0.00033523441094685164,-0.0005382205590733674,-0.0006828075164777077,-0.0008710080781807107,-0.0009106305437319854,5.0
-2.2738547709541908,4.982632568896728,0.007706891045600503,-0.00034632420246072235,-0.000555841351473517,-0.0007045193982428411,-0.0008986139854415888,-0.0009380145383925262,5.0
-2.2728545709141827,4.98217329737997,0.007910672610277378,-0.0003576624633607905,-0.0005738480380507542,-0.0007266832624763175,-0.0009267845552311411,-0.0009659068680714388,5.0
-2.2718543708741747,4.981706615103752,0.008117739302838663,-0.0003692520215222673,-0.0005922447098573716,-0.0007493031798537901,-0.0009555244541222106,-0.0009943101211840417,5.0
-2.2708541708341667,4.981232519887874,0.008328092062900196,-0.0003810956584249929,-0.0006110353739792909,-0.0007723830947341657,-0.0009848381742198235,-0.0010232266671469613,5.0
-2.2698539707941587,4.980751011726862,0.008541730866353986,-0.00039319610906016607,-0.0006302239535544626,-0.0007959268253529511,-0.0010147300337921493,-0.0010526586574314692,5.0
-2.2688537707541507,4.980262092758714,0.008758654738177413,-0.0004055560619058656,-0.00064981428787374,-0.0008199380641402324,-0.001045204177947429,-0.0010826080267384048,5.0
-2.2678535707141427,4.979765767232489,0.00897886176646411,-0.00041817815888056924,-0.0006698101324158202,-0.0008444203780110656,-0.0010762645791355678,-0.0011130764941658085,5.0
-2.2668533706741347,4.9792620414748905,0.009202349117654414,-0.00043106499520775875,-0.0006902151587119228,-0.0008693772085221606,-0.001107915037336357,-0.001144065564294782,5.0
-2.2658531706341267,4.9787509238559124,0.009429113052883178,-0.0004442191191528806,-0.0007110329539851125,-0.0008948118718389215,-0.0011401591798800726,-0.001175576528168945,5.0
-2.2648529705941187,4.978232424753425,0.009659148945300126,-0.0004576430316219159,-0.0007322670205561217,-0.0009207275585037407,-0.001173000460919468,-0.0012076104641824351,5.0
-2.2638527705541107,4.977706556516504,0.00989245129816907,-0.0004713391856350728,-0.0007539207750467707,-0.0009471273330347914,-0.0012064421606281376,-0.0012401682389183311,5.0
-2.2628525705141027,4.977173333427271,0.01012901376353507,-0.00048530998570729884,-0.0007759975474402213,-0.0009740141334115728,-0.0012404873842359395,-0.001273250507993917,5.0
-2.2618523704740947,4.976632771660992,0.010368829161261391,-0.0004995577871783744,-0.0007985005800731605,-0.0010013907705183588,-0.0012751390610276476,-0.001306857716973112,5.0
-2.2608521704340867,4.976084889244341,0.010611889498280059,-0.0005140848955392883,-0.0008214330266390293,-0.0010292599276203504,-0.00131039994342878,-0.0013409901024022917,5.0
-2.2598519703940787,4.97552970601181,0.010858185987960952,-0.0005288935657992379,-0.0008447979512753053,-0.0010576241599415392,-0.0013462726062861382,-0.0013756476930161523,5.0
-2.2588517703540707,4.974967243560441,0.011107709069571392,-0.0005439860019303831,-0.0008685983277941381,-0.0010864858944005884,-0.0013827594464246938,-0.0014108303111477682,5.0
-2.2578515703140627,4.97439752520314,0.01136044842785712,-0.0005593643564170279,-0.0008928370390972159,-0.0011158474295441092,-0.00141986268253142,-0.0014465375743634946,5.0
-2.2568513702740547,4.973820575920949,0.011616393012813498,-0.000575030729924002,-0.0009175168767954558,-0.0011457109356981443,-0.001457584355384998,-0.0014827688973305347,5.0
-2.2558511702340467,4.973236422314656,0.011875531059730562,-0.0005909871710872423,-0.0009426405410346514,-0.0011760784553408493,-0.0014959263284215912,-0.0015195234939139096,5.0
-2.2548509701940387,4.972645092556133,0.012137850109592377,-0.0006072356764192739,-0.0009682106405116027,-0.0012069519036840427,-0.001534890288603938,-0.0015568003794910442,5.0
-2.2538507701540307,4.97204661633968,0.012403337029877483,-0.0006237781903144355,-0.000994229692653072,-0.0012383330694398667,-0.0015744777475454519,-0.001594598373466392,5.0
-2.2528505701140227,4.971441024833597,0.012671978035772224,-0.0006406166051338178,-0.0010207001239227942,-0.0012702236157417896,-0.0016146900428335202,-0.0016329161019654744,5.0
-2.2518503700740147,4.9708283506320825,0.012943758711763134,-0.0006577527613481473,-0.001047624270219884,-0.0013026250811867342,-0.001655528339496277,-0.0016717520006870135,5.0
-2.2508501700340067,4.970208627707478,0.013218664033533885,-0.0006751884477179576,-0.0010750043773347056,-0.001335538880966713,-0.0016969936315635163,-0.0017111043178928823,5.0
-2.2498499699939987,4.969581891362771,0.01349667839006673,-0.0006929254014938632,-0.0011028426014346305,-0.0013689663080631654,-0.00173908674368327,-0.0017509711175178063,5.0
-2.2488497699539907,4.968948178184269,0.013777785605824856,-0.0007109653086247535,-0.0011311410095607493,-0.0014029085344840519,-0.0017818083327689165,-0.0017913502823834193,5.0
-2.2478495699139827,4.9683075259943115,0.014061968962893131,-0.0007293098039675184,-0.001159901580126222,-0.0014373666125316073,-0.0018251588896653376,-0.0018322395175039527,5.0
-2.2468493698739747,4.967659973803908,0.014349211222966592,-0.00074796047149764,-0.0011891262034161834,-0.0014723414760963217,-0.0018691387408350767,-0.0018736363534731352,5.0
-2.2458491698339667,4.967005561765261,0.014639494649093901,-0.0007669188445249714,-0.0012188166820969494,-0.0015078339419793306,-0.0019137480500751962,-0.0019155381499236517,5.0
-2.2448489697939586,4.966344331124127,0.014932801027112027,-0.0007861864059227695,-0.0012489747317479456,-0.001543844711250369,-0.0019589868202820183,-0.001957942099051723,5.0
-2.2438487697539506,4.9656763241720885,0.015229111686735023,-0.0008057645883802595,-0.0012796019814328898,-0.0015803743706514254,-0.0020048548952837993,-0.0020008452292000906,5.0
-2.2428485697139426,4.965001584198829,0.015528407522289038,-0.0008256547746896426,-0.0013106999743273697,-0.0016174233940571946,-0.0020513519617610197,-0.002044244408493259,5.0
-2.2418483696739346,4.964320155444534,0.01583066901310414,-0.000845858298077559,-0.0013422701684181971,-0.0016549921440025884,-0.002098477551270837,-0.0020881363485191393,5.0
-2.2408481696339266,4.963632083052593,0.016135876243588747,-0.000866376442588976,-0.0013743139372864013,-0.0016930808732852842,-0.0021462310423871777,-0.0021325176080517743,5.0
-2.2398479695939186,4.962937413022769,0.016444008923019563,-0.0008872104435285126,-0.0014068325709809706,-0.0017316897266479862,-0.002194611662961881,-0.0021773845968103955,5.0
-2.2388477695539106,4.962236192165008,0.01675504640508106,-0.0009083614879608778,-0.0014398272769851922,-0.0017708187425414324,-0.0022436184925059863,-0.0022227335792508874,5.0
-2.2378475695139026,4.961528468054016,0.017068967707181505,-0.0009298307152686776,-0.0014732991812721826,-0.001810467854965362,-0.0022932504646844378,-0.0022685606783867007,5.0
-2.2368473694738946,4.960814288984752,0.01738575152956317,-0.0009516192177627543,-0.0015072493294416146,-0.001850636895381368,-0.002343506369912745,-0.002314861879637278,5.0
-2.2358471694338866,4.960093703928878,0.017705376274212495,-0.0009737280413377107,-0.001541678687925947,-0.0018913255946888504,-0.0023943848580406974,-0.0023616330347030565,5.0
-2.2348469693938786,4.959366762492251,0.018027820063557774,-0.0009961581861635054,-0.0015765881452520654,-0.0019325335852535214,-0.0024458844411064115,-0.002408869865466991,5.0
-2.2338467693538706,4.9586335148734175,0.01835306075892941,-0.0010189106074031046,-0.0016119785133430773,-0.0019742604029769355,-0.0024980034961435385,-0.002456567967923125,5.0
-2.2328465693138626,4.9578940118231225,0.018681075978746763,-0.0010419862159460804,-0.001647850528845107,-0.0020165054893956035,-0.00255074026802536,-0.0025047228161330435,5.0
-2.231846369273855,4.95714830460474,0.01901184311638608,-0.0010653858791487484,-0.0016842048544651964,-0.002059268193798942,-0.002604092872331414,-0.002553329766210999,5.0
-2.230846169233847,4.956396444955591,0.019345339357679195,-0.001089110421572698,-0.001721042080308403,-0.0021025477753566927,-0.0026580592982248293,-0.0026023840603380216,5.0
-2.229845969193839,4.9556384850490725,0.019681541698000467,-0.001113160625715316,-0.001758362725204914,-0.0021463434052482076,-0.002712637411331522,-0.002651880830804583,5.0
-2.228845769153831,4.95487447745754,0.02002042695890405,-0.0011375372327278785,-0.0017961672380209113,-0.002190654168787959,-0.002767824956615286,-0.0027018151040802776,5.0
-2.227845569113823,4.9541044751159395,0.020361971804286012,-0.0011622409431188139,-0.001834455998949846,-0.0022354790675435244,-0.002823619561245555,-0.0027521818049076542,5.0
-2.226845369073815,4.953328531286158,0.020706152756063644,-0.0011872724174416746,-0.0018732293207835964,-0.0022808170214441126,-0.0028800187374568168,-0.002802975760415881,5.0
-2.225845169033807,4.952546699522156,0.02105294620937632,-0.0012126322769690837,-0.0019124874501653024,-0.002326666870879132,-0.0029370198854004152,-0.002854191704248426,5.0
-2.224844968993799,4.951759033635911,0.021402328447326216,-0.0012383211043552325,-0.0019522305688274965,-0.0023730273787874374,-0.002994620295990492,-0.0029058242806974713,5.0
-2.223844768953791,4.95096558766426,0.02175427565528505,-0.0012643394442905628,-0.0019924587948204676,-0.002419897232738556,-0.0030528171537464194,-0.002957868048836546,5.0
-2.222844568913783,4.950166415836693,0.022108763934796424,-0.0012906878041528107,-0.0020331721837364594,-0.002467275047007629,-0.003111607539634032,-0.0030103174866418915,5.0
-2.221844368873775,4.949361572544178,0.022465769317101942,-0.0013173666546587995,-0.0020743707299354826,-0.002515159364645709,-0.003170988433907616,-0.003063166995092452,5.0
-2.220844168833767,4.948551112309053,0.022825267776311588,-0.0013443764305212551,-0.002116054367778216,-0.0025635486595469445,-0.0032309567189539737,-0.003116410902238216,5.0
-2.219843968793759,4.9477350897560175,0.023187235242230604,-0.001371717531114439,-0.002158222972870769,-0.0026124413385136434,-0.0032915091821390284,-0.003170043467226864,5.0
-2.218843768753751,4.9469135595842095,0.023551647612844027,-0.0013993903211517902,-0.0022008763633251703,-0.0026618357433197703,-0.003352642518656643,-0.0032240588842794428,5.0
-2.217843568713743,4.946086576540337,0.023918480766450055,-0.001427395131377912,-0.002244014301038221,-0.0027117301527727943,-0.0034143533343784535,-0.0032784512866068324,5.0
-2.216843368673735,4.945254195392823,0.02428771057342459,-0.001455732259276339,-0.0022876364929901765,-0.0027621227847732673,-0.0034766381487027894,-0.003333214750260182,5.0
-2.215843168633727,4.944416470906893,0.024659312907596112,-0.001484401969793611,-0.0023317425925634527,-0.002813011798370972,-0.0035394933974002103,-0.003388343297910204,5.0
-2.214842968593719,4.94357345782054,0.025033263657208253,-0.0015134044960791822,-0.0023763322008802756,-0.0028643952958159738,-0.0036029154354526014,-0.0034438309025518277,5.0
-2.213842768553711,4.942725210821297,0.025409538735450626,-0.0015427400402399285,-0.002421404868157194,-0.0029162713246025733,-0.0036669005398825712,-0.003499671491132577,5.0
-2.212842568513703,4.9418717845237845,0.025788114090544212,-0.0015724087741071748,-0.002466960095073306,-0.0029686378795037616,-0.003731444912569581,-0.0035558589481045314,5.0
-2.211842368473695,4.941013233447979,0.026168965715376098,-0.0016024108400135822,-0.002512997334148379,-0.0030214929045936103,-0.003796544683049218,-0.003612387118901209,5.0
-2.210842168433687,4.940149611998185,0.0265520696566868,-0.0016327463515767341,-0.0025595159911263364,-0.003074834295254781,-0.0038621959112919635,-0.0036692498133417462,5.0
-2.209841968393679,4.939280974442729,0.026937402023821645,-0.0016634153944859553,-0.0026065154263593343,-0.0031286599001683116,-0.003928394590457885,-0.003726440808965533,5.0
-2.208841768353671,4.938407374894366,0.02732493899706506,-0.001694418027288745,-0.0026539949561874302,-0.003182967523282757,-0.003995136649623869,-0.0037839538543009026,5.0
-2.207841568313663,4.937528867291438,0.027714656835581986,-0.0017257542821732257,-0.0027019538543089365,-0.003237754925759869,-0.004062417956480126,-0.0038417826720714703,5.0
-2.206841368273655,4.936645505379806,0.028106531884992007,-0.0017574241657432026,-0.002750391353136837,-0.003293019827894072,-0.004130234319993025,-0.0038999209623435675,5.0
-2.205841168233647,4.935757342695583,0.028500540584601223,-0.0017894276597827143,-0.0027993066451370207,-0.0033487599110031637,-0.004198581493031489,-0.003958362405617545,5.0
-2.204840968193639,4.934864432548682,0.02889665947431615,-0.001821764722007442,-0.002848698884144798,-0.003404972819288046,-0.00426745517495463,-0.004017100665865213,5.0
-2.203840768153631,4.9339668280072075,0.029294865201258687,-0.0018544352868008404,-0.002898567186656748,-0.003461656161659435,-0.004336851014158576,-0.004076129393514666,5.0
-2.202840568113623,4.93306458188265,0.029695134526095412,-0.0018874392659334557,-0.0029489106330958244,-0.0035188075135299873,-0.004406764610580808,-0.00413544222838294,5.0
-2.201840368073615,4.932157746715919,0.030097444329089385,-0.0019207765492645005,-0.0029997282690484082,-0.0035764244185706243,-0.004477191518160751,-0.004195032802556085,5.0
-2.200840168033607,4.931246374764134,0.03050177161587774,-0.0019544470054254073,-0.0030510191064728204,-0.0036345043904302504,-0.004548127247255723,-0.004254894743215373,5.0
-2.199839967993599,4.930330517988187,0.030908093522975372,-0.0019884504824855837,-0.0031027821248795252,-0.003693044914418418,-0.004619567267011651,-0.004315021675407717,5.0
-2.198839767953591,4.929410228040994,0.03131638732300135,-0.0020227868086011417,-0.0031550162724839586,-0.003752043449150993,-0.004691507007688398,-0.0043754072247578725,5.0
-2.197839567913583,4.928485556256417,0.03172663042962461,-0.0020574557926477757,-0.0032077204673333737,-0.003811497428158995,-0.004763941862939635,-0.004436045020119542,5.0
-2.196839367873575,4.927556553638822,0.032138800402227295,-0.0020924572248392508,-0.003260893598409594,-0.003871404261461308,-0.0048368671920476555,-0.004496928696162468,5.0
-2.195839167833567,4.926623270853207,0.03255287495028541,-0.0021277908773331498,-0.003314534526709682,-0.003931761337101903,-0.004910278322113413,-0.004558051895892463,5.0
-2.194838967793559,4.925685758215915,0.03296883193747109,-0.0021634565048255752,-0.003368642086306693,-0.003992566022652521,-0.004984170550202351,-0.004619408273101506,5.0
-2.193838767753551,4.924744065685881,0.03338664938548486,-0.002199453845136471,-0.003423215085392566,-0.0040538156666816705,-0.005058539145446478,-0.004680991494745412,5.0
-2.192838567713543,4.92379824285642,0.03380630547762668,-0.0022357826197870333,-0.003478252307305023,-0.00411550760019082,-0.005133379351103138,-0.004742795243246819,5.0
-2.191838367673535,4.922848338947544,0.03422777856212041,-0.0022724425345704595,-0.0035337525115399907,-0.004177639138018503,-0.0052086863865708636,-0.004804813218721871,5.0
-2.190838167633527,4.921894402798812,0.03465104715520673,-0.002309433280116937,-0.003589714434750687,-0.0042402075802129464,-0.0052844554493624825,-0.004867039141129402,5.0
-2.189837967593519,4.920936482862708,0.035076089944018805,-0.0023467545324534675,-0.0036461367917340563,-0.004303210213373575,-0.005360681717035652,-0.004929466752342094,5.0
-2.188837767553511,4.919974627198546,0.03550288578925463,-0.0023844059535586683,-0.003703018276404724,-0.00436664431196161,-0.0054373603490806615,-0.004992089818139569,5.0
-2.187837567513503,4.919008883466897,0.0359314137276572,-0.002422387191912442,-0.0037603575627562853,-0.004430507139579713,-0.00551448648876548,-0.005054902130124045,5.0
-2.186837367473495,4.918039298924512,0.03636165297431049,-0.0024606978830399666,-0.00381815330580921,-0.004494795950220529,-0.005592055264937693,-0.00511789750755967,5.0
-2.185837167433487,4.917065920419742,0.03679358292475679,-0.0024993376500492513,-0.0038764041425444064,-0.004559507989483787,-0.005670061793783144,-0.005181069799137166,5.0
-2.184836967393479,4.916088794388405,0.03722718315693749,-0.0025383061041612683,-0.003935108692821194,-0.004624640495761587,-0.005748501180541003,-0.005244412884665872,5.0
-2.183836767353471,4.915107966850079,0.037662433432956305,-0.002577602845231489,-0.003994265560278251,-0.004690190701391414,-0.0058273685211750244,-0.005307920676695555,5.0
-2.182836567313463,4.914123483404797,0.038099313700664765,-0.0026172274622616428,-0.004053873333216034,-0.004756155833776464,-0.0059066589040009014,-0.005371587122070671,5.0
-2.181836367273455,4.913135389230092,0.03853780409506777,-0.0026571795339004854,-0.004113930585459297,-0.00482253311647297,-0.005986367411269755,-0.005435406203419935,5.0
-2.180836167233447,4.912143729078379,0.038977884939548256,-0.0026974586289324237,-0.0041744358771982565,-0.004889319770244194,-0.006066489120707826,-0.0054993719405840085,5.0
-2.179835967193439,4.911148547274633,0.03941953674691325,-0.0027380643067530346,-0.00423538775580736,-0.004956513014081044,-0.006147019107012736,-0.005563478391984187,5.0
-2.178835767153431,4.910149887714356,0.03986274022026389,-0.0027789961178305944,-0.0042967847566406005,-0.005024110066189204,-0.006227952443306609,-0.005627719655934649,5.0
-2.177835567113423,4.909147793861812,0.040307476253695254,-0.0028202536041530704,-0.004358625403802834,-0.005092108144943024,-0.006309284202546683,-0.00569208987190075,5.0
-2.176835367073415,4.908142308748524,0.04075372593283564,-0.0028618362996601357,-0.004420908210896677,-0.0051605044698063715,-0.006391009458893903,-0.005756583221705385,5.0
-2.175835167033407,4.907133474972033,0.04120147053523538,-0.0029037437306600983,-0.004483631681744917,-0.005229296262220888,-0.006473123289040186,-0.0058211939306851345,5.0
-2.174834966993399,4.906121334694918,0.04165069153061681,-0.002945975416231837,-0.004546794311088678,-0.0052984807464621485,-0.006555620773495037,-0.005885916268797528,5.0
-2.173834766953391,4.905105929644072,0.04210137058099809,-0.0029885308686120556,-0.004610394585261796,-0.005368055150464372,-0.006638496997832168,-0.005950744551680311,5.0
-2.172834566913383,4.904087301110262,0.04255348954070345,-0.0030314095935683534,-0.004674430982842134,-0.005438016706614296,-0.006721747053896819,-0.006015673141663246,5.0
-2.171834366873375,4.903065489947942,0.04300703045627016,-0.003074611090758815,-0.004738901975280712,-0.005508362652515051,-0.006805366040974344,-0.006080696448732678,5.0
-2.170834166833367,4.902040536575337,0.04346197556626186,-0.0031181348540789164,-0.004803806027509724,-0.005579090231720737,-0.0068893490669207705,-0.00614580893144879,5.0
-2.169833966793359,4.90101248097479,0.043918307300995676,-0.00316198037199664,-0.004869141598530567,-0.005650196694442567,-0.0069736912492557495,-0.006211005097815279,5.0
-2.168833766753351,4.899981362693364,0.044376008282189974,-0.003206147127876769,-0.004934907141983119,-0.0057216792982273884,-0.007058387716218583,-0.006276279506101122,5.0
-2.167833566713343,4.89894722084367,0.044835061322534626,-0.0032506346002953374,-0.005001101106697461,-0.005793535308609419,-0.007143433607787729,-0.006341626765614039,5.0
-2.166833366673335,4.897910094104944,0.04529544942518774,-0.003295442263345162,-0.005067721937229236,-0.005865761999735995,-0.007228824076664359,-0.006407041537425272,5.0
-2.165833166633327,4.896870020724305,0.045757155783199846,-0.0033405695869333997,-0.005134768074379817,-0.005938356654968197,-0.007314554289220464,-0.0064725185350455496,5.0
-2.164832966593319,4.89582703851823,0.046220163778866556,-0.0033860160370719154,-0.00520223795570225,-0.006011316567457056,-0.00740061942641197,-0.006538052525052083,5.0
-2.163832766553311,4.8947811848741924,0.046684456983011234,-0.0034317810761611838,-0.005270130015993943,-0.006084639040696168,-0.007487014684657493,-0.0066036383276668695,5.0
-2.162832566513303,4.893732496752467,0.04715001915419927,-0.0034778641632683695,-0.005338442687776862,-0.006158321389051365,-0.00757373527668321,-0.00666927081728663,5.0
-2.161832366473295,4.892681010688087,0.04761683423788676,-0.0035242647543999696,-0.0054071744017658374,-0.006232360938268126,-0.007660776432334406,-0.006734944922965079,5.0
-2.160832166433287,4.891626762792948,0.048084886365505994,-0.0035709823027694266,-0.00547632358732547,-0.006306755025957301,-0.007748133399354357,-0.006800655628848405,5.0
-2.159831966393279,4.890569788758036,0.04855415985349271,-0.0036180162590598646,-0.005545888672915925,-0.006381501002059708,-0.007835801444131032,-0.006866397974565046,5.0
-2.158831766353271,4.889510123855796,0.049024639202258434,-0.003665366071682014,-0.005615868086527784,-0.00645659622929004,-0.007923775852412336,-0.006932167055571105,5.0
-2.157831566313263,4.888447802942621,0.04949630909511357,-0.0037130311870272868,-0.005686260256105966,-0.006532038083560537,-0.00801205192999041,-0.006997958023452848,5.0
-2.156831366273255,4.887382860461458,0.04996915439714478,-0.0037610110497158225,-0.005757063609962637,-0.006607823954384745,-0.008100625003355707,-0.007063766086187927,5.0
-2.1558311662332468,4.886315330444533,0.050443160154049094,-0.003809305102839275,-0.0058282765771788874,-0.006683951245261711,-0.00818949042032138,-0.007129586508366985,5.0
-2.1548309661932388,4.885245246516176,0.05091831159093087,-0.0038579127881980166,-0.005899897587994948,-0.0067604173740407995,-0.00827864355061872,-0.007195414611377429,5.0
-2.1538307661532308,4.884172641895754,0.05139459411106115,-0.003906833546532424,-0.005971925074188617,-0.006837219773267552,-0.00836807978646425,-0.0072612457735512555,5.0
-2.1528305661132228,4.883097549400687,0.05187199329460047,-0.003956066817747852,-0.006044357469441578,-0.006914355890510642,-0.008457794543099164,-0.007327075430278648,5.0
-2.1518303660732148,4.882020001449547,0.05235049489728794,-0.004005612041132935,-0.006117193209693276,-0.006991823188670321,-0.008547783259301852,-0.007392899074089257,5.0
-2.1508301660332068,4.880940030065217,0.05283008484909335,-0.004055468655570822,-0.006190430733482077,-0.007069619146268502,-0.008638041397874208,-0.0074587122547029325,5.0
-2.1498299659931988,4.879857666878114,0.05331074925283573,-0.004105636099743091,-0.006264068482273464,-0.0071477412577208976,-0.008728564446102531,-0.007524510579051698,5.0
-2.1488297659531908,4.8787729431294595,0.05379247438276576,-0.004156113812325932,-0.006338104900775015,-0.007226187033591414,-0.008819347916193739,-0.007590289711274612,5.0
-2.1478295659131827,4.877685889674576,0.05427524668311411,-0.0042069012321784985,-0.006412538437238143,-0.007304954000829196,-0.00891038734568778,-0.007656045372687227,5.0
-2.1468293658731747,4.876596536986232,0.05475905276660727,-0.004257997798523156,-0.006487367543746408,-0.007384039702988716,-0.009001678297847046,-0.00772177334172716,5.0
-2.1458291658331667,4.875504915157995,0.055243879412951745,-0.004309402951117504,-0.0065625906764905165,-0.0074634417004333185,-0.009093216362023558,-0.007787469453877228,5.0
-2.1448289657931587,4.874411053907633,0.055729713567291304,-0.004361116130418185,-0.006638206296030028,-0.00754315757052261,-0.009184997154004795,-0.007853129601567508,5.0
-2.1438287657531507,4.873314982580517,0.056216542338641935,-0.004413136777736377,-0.006714212867541899,-0.007623184907784216,-0.009277016316338978,-0.007918749734057573,5.0
-2.1428285657131427,4.872216730153075,0.05670435299830665,-0.004465464335385061,-0.006790608861056066,-0.007703521324070286,-0.009369269518640509,-0.007984325857300006,5.0
-2.1418283656731347,4.871116325236257,0.05719313297827653,-0.00451809824681815,-0.006867392751678332,-0.007784164448699322,-0.009461752457876354,-0.008049854033786217,5.0
-2.1408281656331267,4.870013796079053,0.057682869869623565,-0.004571037956761578,-0.006944563019800737,-0.007865111928583659,-0.009554460858633994,-0.008115330382375387,5.0
-2.1398279655931187,4.868909170572029,0.05817355142088745,-0.0046242829113365596,-0.00702211815129984,-0.007946361428343166,-0.00964739047337165,-0.008180751078107373,5.0
-2.1388277655531107,4.867802476250922,0.05866516553646232,-0.004677832558175143,-0.007100056637723108,-0.00802791063040553,-0.009740537082651195,-0.008246112352000142,5.0
-2.1378275655131027,4.866693740300251,0.059157700274984744,-0.004731686346528402,-0.0071783769764639325,-0.008109757235093662,-0.00983389649535455,-0.008311410490832402,5.0
-2.1368273654730947,4.86558298955698,0.05965114384772465,-0.004785843727367411,-0.007257077670925497,-0.008191898960700552,-0.009927464548883734,-0.008376641836911796,5.0
-2.1358271654330867,4.864470250514206,0.06014548461698023,-0.004840304153477354,-0.0073361572306740175,-0.008274333543552111,-0.010021237109345275,-0.008441802787829113,5.0
-2.1348269653930787,4.863355549324868,0.060640711094477925,-0.004895067079545076,-0.007415614171581751,-0.00835705873805837,-0.010115210071719255,-0.008506889796198906,5.0
-2.1338267653530707,4.86223891180548,0.06113681193977314,-0.00495013196224036,-0.007495447015960161,-0.008440072316753484,-0.010209379360013413,-0.008571899369386734,5.0
-2.1328265653130627,4.861120363439868,0.06163377595865341,-0.005005498260291361,-0.007575654292683826,-0.008523372070325037,-0.010303740927402714,-0.00863682806922343,5.0
-2.1318263652730547,4.859999929382911,0.06213159210154034,-0.005061165434554525,-0.007656234537305516,-0.008606955807633085,-0.01039829075635479,-0.008701672511706627,5.0
-2.1308261652330467,4.858877634464269,0.06263024946188922,-0.005117132948079367,-0.0077371862921629085,-0.008690821355719363,-0.01049302485874153,-0.008766429366689801,5.0
-2.1298259651930387,4.857753503192098,0.06312973727458605,-0.005173400266168591,-0.007818508106477589,-0.008774966559807255,-0.010587939275937331,-0.008831095357559169,5.0
-2.1288257651530307,4.856627559756747,0.0636300449143377,-0.005229966856433851,-0.007900198536446707,-0.008859389283292865,-0.01068303007890429,-0.008895667260898672,5.0
-2.1278255651130227,4.855499828034419,0.06413116189405936,-0.005286832188847664,-0.00798225614532796,-0.008944087407727813,-0.010778293368264762,-0.008960141906143434,5.0
-2.1268253650730147,4.854370331590818,0.06463307786325696,-0.005343995735791831,-0.008064679503518345,-0.009029058832794177,-0.010873725274361703,-0.009024516175221915,5.0
-2.1258251650330067,4.853239093684753,0.06513578260640605,-0.005401456972102757,-0.008147467188627232,-0.009114301476272083,-0.010969321957307142,-0.009088787002187208,5.0
-2.1248249649929987,4.852106137271722,0.0656392660413304,-0.005459215375114057,-0.00823061778554418,-0.009199813274000344,-0.011065079607019145,-0.009152951372837682,5.0
-2.1238247649529907,4.850971485007467,0.06614351821758045,-0.005517270424696812,-0.008314129886502042,-0.009285592179830696,-0.011160994443247715,-0.009217006324327504,5.0
-2.1228245649129827,4.849835159251508,0.06664852931481556,-0.005575621603297751,-0.008398002091135719,-0.009371636165575957,-0.011257062715589912,-0.009280948944767204,5.0
-2.1218243648729747,4.848697182070645,0.06715428964119252,-0.00563426839597568,-0.008482233006536909,-0.009457943220952503,-0.011353280703494574,-0.009344776372814834,5.0
-2.1208241648329667,4.84755757524246,0.06766078963176234,-0.005693210290436378,-0.008566821247305262,-0.009544511353517443,-0.011449644716256991,-0.009408485797258021,5.0
-2.1198239647929586,4.846416360258788,0.06816801984687754,-0.005752446777066189,-0.008651765435596174,-0.009631338588600774,-0.011546151093003849,-0.009472074456587336,5.0
-2.1188237647529506,4.8452735583291835,0.06867597097061325,-0.0058119773489644175,-0.008737064201165438,-0.009718422969232837,-0.011642796202668726,-0.009535539638561425,5.0
-2.1178235647129426,4.844129190384369,0.06918463380920115,-0.005871801501974687,-0.008822716181410914,-0.009805762556067237,-0.011739576443958498,-0.009598878679764302,5.0
-2.1168233646729346,4.842983277079679,0.06969399928947917,-0.005931918734715343,-0.008908720021411475,-0.009893355427299565,-0.011836488245310932,-0.009662088965155318,5.0
-2.1158231646329266,4.84183583879848,0.07020405845735768,-0.005992328548608886,-0.008995074373963134,-0.009981199678582022,-0.011933528064843827,-0.009725167927612266,5.0
-2.1148229645929186,4.840686895655597,0.07071480247630166,-0.0060530304479104605,-0.00908177789961251,-0.010069293422934125,-0.012030692390295845,-0.009788113047468062,5.0
-2.1138227645529106,4.839536467500701,0.07122622262582924,-0.006114023939735427,-0.009168829266687687,-0.01015763479064971,-0.012127977738959581,-0.009850921852041708,5.0
-2.1128225645129026,4.8383845739217035,0.0717383103000263,-0.006175308534085846,-0.009256227151326353,-0.010246221929200279,-0.01222538065760702,-0.009913591915163878,5.0
-2.1118223644728946,4.837231234248114,0.07225105700607805,-0.006236883743875888,-0.009343970237501244,-0.010335053003134875,-0.01232289772240769,-0.009976120856697778,5.0
-2.1108221644328866,4.8360764675543955,0.07276445436281527,-0.006298749084956055,-0.009432057217042848,-0.010424126193976589,-0.01242052553883993,-0.010038506342055891,5.0
-2.1098219643928786,4.834920292663279,0.07327849409927678,-0.006360904076136087,-0.009520486789659275,-0.010513439700115776,-0.012518260741595528,-0.010100746081713057,5.0
-2.1088217643528706,4.833762728149072,0.07379316805328714,-0.006423348239206469,-0.00960925766295324,-0.010602991736700106,-0.012616099994478058,-0.010162837830716533,5.0
-2.1078215643128626,4.832603792340931,0.07430846817004817,-0.006486081098958408,-0.00969836855243616,-0.010692780535521612,-0.012714039990295264,-0.010224779388193583,5.0
-2.1068213642728546,4.8314435033261125,0.07482438650074663,-0.0065491021832022244,-0.009787818181539147,-0.010782804344900683,-0.012812077450745793,-0.01028656859685707,5.0
-2.1058211642328466,4.8302818789531905,0.07534091520117528,-0.006612411022783938,-0.009877605281620993,-0.01087306142956727,-0.012910209126300504,-0.010348203342509563,5.0
-2.1048209641928386,4.829118936835253,0.07585804653036708,-0.00667600715160015,-0.009967728591973053,-0.010963550070539334,-0.013008431796078858,-0.010409681553546556,5.0
-2.1038207641528306,4.827954694353059,0.07637577284924395,-0.006739890106610926,-0.010058186859820949,-0.01105426856499861,-0.013106742267720505,-0.010471001200459075,5.0
-2.1028205641128226,4.826789168658163,0.07689408661927824,-0.006804059427850855,-0.010148978840323212,-0.011145215226163928,-0.013205137377252367,-0.010532160295336249,5.0
-2.1018203640728146,4.825622376676013,0.07741298040116554,-0.0068685146584380585,-0.010240103296566713,-0.011236388383162075,-0.013303613988951656,-0.010593156891368133,5.0
-2.1008201640328066,4.824454335109006,0.07793244685351065,-0.0069332553445811875,-0.010331558999559044,-0.011327786380896376,-0.013402168995204855,-0.01065398908234915,5.0
-2.0998199639927986,4.8232850604395,0.07845247873152465,-0.006998281035584516,-0.010423344728217848,-0.011419407579913235,-0.01350079931636317,-0.010714655002182567,5.0
-2.0988197639527906,4.822114568932805,0.07897306888573222,-0.007063591283850975,-0.010515459269357182,-0.011511250356266595,-0.013599501900594514,-0.01077515282438619,5.0
-2.0978195639127826,4.820942876640116,0.07949421026069081,-0.007129185644883296,-0.010607901417671012,-0.011603313101380597,-0.013698273723732298,-0.010835480761599575,5.0
-2.0968193638727746,4.819769999401417,0.08001589589372027,-0.007195063677283285,-0.010700669975713863,-0.011695594221910566,-0.013797111789121375,-0.01089563706509304,5.0
-2.0958191638327666,4.818595952848345,0.08053811891364336,-0.007261224942749267,-0.01079376375387897,-0.011788092139602456,-0.013896013127461188,-0.0109556200242786,5.0
-2.0948189637927586,4.817420752407015,0.08106087253953703,-0.007327669006071844,-0.010887181570373767,-0.011880805291150957,-0.013994974796646463,-0.011015427966223096,5.0
-2.0938187637527506,4.816244413300803,0.08158415007949721,-0.007394395435127998,-0.010980922251193109,-0.01197373212805634,-0.014093993881605543,-0.0110750592551636,5.0
-2.0928185637127426,4.8150669505531,0.08210794492941516,-0.007461403800873704,-0.011074984630090235,-0.012066871116480306,-0.014193067494136577,-0.011134512292025323,5.0
-2.0918183636727345,4.813888378990033,0.08263225057176768,-0.007528693677335092,-0.011169367548545665,-0.012160220737100888,-0.014292192772741777,-0.011193785513942007,5.0
-2.0908181636327265,4.812708713243143,0.08315706057442168,-0.007596264641598324,-0.01126406985573419,-0.012253779484966617,-0.014391366882459762,-0.011252877393779046,5.0
-2.0898179635927185,4.811527967752051,0.08368236858945301,-0.007664116273798248,-0.011359090408490074,-0.01234754586935003,-0.014490587014696323,-0.011311786439659292,5.0
-2.0888177635527105,4.810346156767077,0.08420816835198282,-0.007732248157105927,-0.0114544280712706,-0.012441518413600645,-0.01458985038705344,-0.011370511194491627,5.0
-2.0878175635127025,4.809163294351846,0.084734453679029,-0.007800659877715206,-0.011550081716118165,-0.0125356956549976,-0.014689154243156989,-0.011429050235502437,5.0
-2.0868173634726945,4.807979394385861,0.08526121846837326,-0.007869351024828322,-0.011646050222620887,-0.012630076144601892,-0.01478849585248298,-0.01148740217376986,5.0
-2.0858171634326865,4.8067944705670484,0.0857884566974465,-0.007938321190640713,-0.011742332477872052,-0.012724658447108498,-0.014887872510182532,-0.011545565653761023,5.0
-2.0848169633926785,4.805608536414281,0.08631616242222853,-0.008007569970325033,-0.011838927376428294,-0.012819441140698351,-0.014987281536905653,-0.011603539352872148,5.0
-2.0838167633526705,4.804421605269869,0.08684432977616421,-0.008077096962014575,-0.011935833820266794,-0.012914422816890236,-0.015086720278623908,-0.011661321980971643,5.0
-2.0828165633126625,4.803233690302028,0.08737295296909392,-0.008146901766785957,-0.012033050718741377,-0.01300960208039275,-0.015186186106451963,-0.011718912279946139,5.0
-2.0818163632726545,4.802044804507304,0.08790202628619825,-0.008216983988641376,-0.012130576988537818,-0.013104977548956351,-0.01528567641646827,-0.011776309023249637,5.0
-2.0808161632326465,4.800854960712983,0.08843154408695514,-0.008287343234490287,-0.012228411553628258,-0.01320054785322565,-0.01538518862953479,-0.011833511015455657,5.0
-2.0798159631926385,4.799664171579456,0.08896150080410971,-0.008357979114130696,-0.012326553345224908,-0.013296311636591831,-0.015484720191115972,-0.011890517091812566,5.0
-2.0788157631526305,4.798472449602549,0.08949189094265567,-0.008428891240230017,-0.012425001301733045,-0.013392267555045485,-0.015584268571097019,-0.011947326117802127,5.0
-2.0778155631126225,4.797279807115818,0.09002270907882613,-0.008500079228305604,-0.01252375436870341,-0.01348841427702983,-0.015683831263601518,-0.012003936988701301,5.0
-2.0768153630726145,4.796086256292815,0.09055394985909584,-0.008571542696704945,-0.01262281149878407,-0.013584750483294364,-0.015783405786808646,-0.012060348629147467,5.0
-2.0758151630326065,4.794891809149306,0.09108560799919307,-0.0086432812665856,-0.012722171651671731,-0.013681274866749001,-0.015882989682769893,-0.012116559992707042,5.0
-2.0748149629925985,4.793696477545456,0.0916176782831217,-0.008715294561894906,-0.01282183379406274,-0.013777986132318983,-0.015982580517225616,-0.012172570061447757,5.0
-2.0738147629525905,4.792500273187991,0.09215015556219269,-0.00878758220934946,-0.012921796899603571,-0.01387488299680024,-0.01608217587942131,-0.01222837784551449,5.0
-2.0728145629125825,4.791303207632301,0.09268303475406733,-0.00886014383841441,-0.013022059948841097,-0.013971964188715656,-0.0161817733819239,-0.012283982382708931,5.0
-2.0718143628725745,4.790105292284538,0.09321631084181035,-0.00893297908128257,-0.013122621929172521,-0.014069228448172037,-0.01628137066043796,-0.012339382738072986,5.0
-2.0708141628325665,4.788906538403666,0.09374997887295614,-0.009006087572853467,-0.013223481834795084,-0.014166674526717996,-0.016380965373622228,-0.012394578003476233,5.0
-2.0698139627925585,4.787706957103487,0.09428403395858612,-0.009079468950712167,-0.013324638666655562,-0.01426430118720264,-0.016480555202906113,-0.012449567297207236,5.0
-2.0688137627525505,4.7865065593546445,0.09481847127241891,-0.00915312285510807,-0.013426091432399631,-0.014362107203635295,-0.016580137852306772,-0.012504349763569018,5.0
-2.0678135627125425,4.785305355986593,0.09535328604991532,-0.009227048928933524,-0.013527839146320986,-0.014460091361046106,-0.016679711048246303,-0.012558924572478578,5.0
-2.0668133626725345,4.784103357689556,0.09588847358739645,-0.009301246817702419,-0.01362988082931048,-0.014558252455347758,-0.016779272539369616,-0.012613290919070597,5.0
-2.0658131626325265,4.782900575016454,0.09642402924117562,-0.009375716169528595,-0.013732215508804966,-0.014656589293198043,-0.016878820096362594,-0.012667448023305303,5.0
-2.0648129625925185,4.781697018384808,0.09695994842670615,-0.00945045663510425,-0.01383484221873619,-0.014755100691863652,-0.016978351511770975,-0.012721395129580575,5.0
-2.0638127625525104,4.780492698078636,0.09749622661774239,-0.009525467867678182,-0.01393775999947951,-0.014853785479084877,-0.01707786459981978,-0.012775131506348274,5.0
-2.0628125625125024,4.77928762425032,0.09803285934551616,-0.00960074952303393,-0.014040967897802528,-0.014952642492941436,-0.01717735719623332,-0.012828656445734755,5.0
-2.0618123624724944,4.778081806922447,0.09856984219792746,-0.009676301259467855,-0.014144464966813661,-0.01505167058171934,-0.017276827158055976,-0.01288196926316571,5.0
-2.0608121624324864,4.7768752559896495,0.09910717081874852,-0.00975212273776707,-0.014248250265910657,-0.015150868603778811,-0.017376272363473635,-0.012935069296995144,5.0
-2.0598119623924784,4.775667981220406,0.09964484090684235,-0.009828213621187217,-0.014352322860728859,-0.015250235427423256,-0.017475690711635825,-0.012987955908138655,5.0
-2.0588117623524704,4.774459992258834,0.10018284821539494,-0.00990457357543023,-0.01445668182308965,-0.015349769930769343,-0.01757508012247873,-0.013040628479710914,5.0
-2.0578115623124624,4.773251298626458,0.10072118855115904,-0.009981202268621864,-0.014561326230948609,-0.015449471001618134,-0.017674438536548848,-0.013093086416667342,5.0
-2.0568113622724544,4.772041909723949,0.10125985777371041,-0.010058099371289134,-0.014666255168343658,-0.015549337537327209,-0.017773763914827566,-0.013145329145449986,5.0
-2.0558111622324464,4.770831834832856,0.10179885179471615,-0.010135264556337667,-0.01477146772534315,-0.015649368444683974,-0.01787305423855655,-0.013197356113637608,5.0
-2.0548109621924384,4.769621083117301,0.10233816657721403,-0.010212697499028835,-0.01487696299799389,-0.015749562639779925,-0.017972307509063944,-0.013249166789599863,5.0
-2.0538107621524304,4.7684096636256585,0.10287779813490261,-0.010290397876956845,-0.01498274008826909,-0.015849919047886078,-0.018071521747591544,-0.013300760662155749,5.0
-2.0528105621124224,4.767197585292209,0.10341774253144058,-0.010368365370025678,-0.015088798104016301,-0.015950436603329433,-0.01817069499512282,-0.013352137240236116,5.0
-2.0518103620724144,4.765984856938761,0.1039579958797558,-0.010446599660425908,-0.015195136158905269,-0.01605111424937054,-0.01826982531221185,-0.013403296052550284,5.0
-2.0508101620324064,4.764771487276263,0.10449855434136392,-0.010525100432611437,-0.015301753372375913,-0.016151950938082197,-0.018368910778813273,-0.013454236647256862,5.0
-2.0498099619923984,4.763557484906374,0.10503941412569544,-0.010603867373276166,-0.015408648869586143,-0.016252945630229196,-0.01846794949411319,-0.013504958591638546,5.0
-2.0488097619523904,4.7623428583230165,0.1055805714894309,-0.010682900171330558,-0.015515821781359887,-0.016354097295149327,-0.018566939576361078,-0.013555461471781135,5.0
-2.0478095619123824,4.761127615913904,0.10612202273584437,-0.010762198517878175,-0.01562327124413503,-0.016455404910635397,-0.018665879162702678,-0.013605744892256418,5.0
-2.0468093618723744,4.759911765962041,0.10666376421415487,-0.010841762106192232,-0.015730996399911636,-0.016556867462818516,-0.018764766409014016,-0.013655808475809324,5.0
-2.0458091618323664,4.7586953166472,0.10720579231888547,-0.010921590631692074,-0.01583899639620011,-0.016658483946052537,-0.0188635994897364,-0.01370565186304889,5.0
-2.0448089617923584,4.757478276047374,0.10774810348923088,-0.011001683791919778,-0.015947270385969676,-0.016760253362799703,-0.018962376597712553,-0.013755274712143353,5.0
-2.0438087617523504,4.756260652140201,0.1082906942084323,-0.011082041286516749,-0.016055817527596997,-0.01686217472351757,-0.019061095944023804,-0.013804676698519196,5.0
-2.0428085617123424,4.755042452804371,0.10883356100316076,-0.011162662817200448,-0.016164636984815052,-0.016964247046547094,-0.01915975575782837,-0.013853857514564026,5.0
-2.0418083616723344,4.753823685821012,0.10937670044290816,-0.01124354808774125,-0.016273727926662238,-0.017066469358002066,-0.019258354286200798,-0.0139028168693335,5.0
-2.0408081616323264,4.752604358875048,0.10992010913938731,-0.011324696803939454,-0.016383089527431914,-0.017168840691659807,-0.019356889793972404,-0.01395155448826199,5.0
-2.0398079615923184,4.75138447955654,0.11046378374594043,-0.01140610867360247,-0.016492720966622146,-0.0172713600888531,-0.019455360563572943,-0.01400007011287712,5.0
-2.0388077615523104,4.750164055362016,0.1110077209569565,-0.011487783406522274,-0.01660262142888594,-0.017374026598363512,-0.01955376489487323,-0.014048363500518074,5.0
-2.0378075615123024,4.7489430936957655,0.11155191750729618,-0.01156972071445311,-0.01671279010398188,-0.01747683927631598,-0.019652101105029005,-0.014096434424057565,5.0
-2.0368073614722944,4.747721601871131,0.11209637017172684,-0.011651920311089454,-0.016823226186725132,-0.017579797186074702,-0.019750367528325652,-0.014144282671627513,5.0
-2.0358071614322863,4.746499587111774,0.11264107576436598,-0.011734381912044388,-0.016933928876939112,-0.017682899398140415,-0.019848562516024237,-0.014191908046348343,5.0
-2.0348069613922783,4.745277056552923,0.11318603113813272,-0.01181710523482817,-0.017044897379407415,-0.01778614499004886,-0.019946684436208315,-0.01423931036606176,5.0
-2.0338067613522703,4.74405401724261,0.11373123318420825,-0.011900089998827345,-0.01715613090382644,-0.01788953304627071,-0.02004473167363191,-0.014286489463067079,5.0
-2.0328065613122623,4.742830476142885,0.1142766788315045,-0.011983335925284142,-0.017267628664758537,-0.017993062658112718,-0.020142702629568507,-0.014333445183860998,5.0
-2.0318063612722543,4.741606440131009,0.11482236504613949,-0.012066842737276326,-0.017379389881585668,-0.018096732923620202,-0.020240595721660905,-0.014380177388880722,5.0
-2.0308061612322463,4.740381916000637,0.11536828883092101,-0.012150610159697465,-0.017491413778463666,-0.01820054294748082,-0.02033840938377219,-0.014426685952250506,5.0
-2.0298059611922383,4.739156910462977,0.11591444722483746,-0.012234637919237635,-0.017603699584277092,-0.0183044918409296,-0.020436142065837538,-0.014472970761531454,5.0
-2.0288057611522303,4.737931430147934,0.11646083730255466,-0.01231892574436457,-0.017716246532594643,-0.018408578721655335,-0.020533792233717124,-0.014519031717474623,5.0
-2.0278055611122223,4.736705481605226,0.11700745617391899,-0.012403473365305303,-0.01782905386162524,-0.018512802713708185,-0.020631358369049835,-0.014564868733777433,5.0
-2.0268053610722143,4.735479071305493,0.11755430098346736,-0.012488280514028205,-0.01794212081417461,-0.018617162947408575,-0.020728838969108137,-0.014610481736843211,5.0
-2.0258051610322063,4.734252205641383,0.11810136890994276,-0.012573346924225508,-0.018055446637602557,-0.018721658559257358,-0.020826232546653778,-0.014655870665544102,5.0
-2.0248049609921983,4.733024890928612,0.11864865716581587,-0.012658672331296241,-0.018169030583780752,-0.018826288691847166,-0.020923537629794566,-0.014701035470987134,5.0
-2.0238047609521903,4.731797133407015,0.11919616299681138,-0.01274425647232964,-0.018282871909051184,-0.01893105249377515,-0.021020752761842194,-0.014745976116283532,5.0
-2.0228045609121823,4.730568939241573,0.11974388368144095,-0.012830099086088904,-0.018396969874185064,-0.01903594911955675,-0.021117876501171026,-0.014790692576321223,5.0
-2.0218043608721743,4.729340314523428,0.12029181653054256,-0.012916199912995412,-0.018511323744342414,-0.019140977729540876,-0.021214907421078098,-0.014835184837540706,5.0
-2.0208041608321663,4.728111265270876,0.12083995888682461,-0.01300255869511321,-0.01862593278903208,-0.019246137489826176,-0.021311844109644047,-0.014879452897714002,5.0
-2.0198039607921583,4.726881797430346,0.12138830812441745,-0.013089175176133963,-0.01874079628207229,-0.01935142757217852,-0.021408685169595407,-0.014923496765727034,5.0
-2.0188037607521503,4.725651916877371,0.1219368616484312,-0.013176049101362067,-0.0188559135015517,-0.0194568471539497,-0.021505429218167872,-0.014967316461365154,5.0
-2.0178035607121423,4.724421629417537,0.12248561689452064,-0.013263180217700126,-0.01897128372979088,-0.019562395417997248,-0.02160207488697092,-0.015010912015102037,5.0
-2.0168033606721343,4.72319094078742,0.12303457132845583,-0.013350568273634617,-0.019086906253304146,-0.01966807155260539,-0.021698620821853525,-0.015054283467891817,5.0
-2.0158031606321263,4.721959856655518,0.12358372244570176,-0.013438213019221722,-0.019202780362761927,-0.019773874751407166,-0.0217950656827713,-0.015097430870964549,5.0
-2.0148029605921183,4.720728382623165,0.12413306777100447,-0.01352611420607334,-0.01931890535295324,-0.01987980421330756,-0.021891408143654773,-0.015140354285624897,5.0
-2.0138027605521103,4.7194965242254385,0.12468260485798477,-0.013614271587343173,-0.01943528052274868,-0.01998585914240773,-0.021987646892279063,-0.01518305378305417,5.0
-2.0128025605121023,4.718264286932057,0.12523233128873978,-0.013702684917712857,-0.019551905175063448,-0.02009203874793027,-0.022083780630134872,-0.015225529444115595,5.0
-2.0118023604720943,4.717031676148266,0.1257822446734512,-0.013791353953378133,-0.019668778616820842,-0.0201983422441455,-0.02217980807230078,-0.015267781359162862,5.0
-2.0108021604320863,4.715798697215712,0.12633234265000282,-0.013880278452035011,-0.01978590015891574,-0.020304768850298784,-0.022275727947316998,-0.015309809627851908,5.0
-2.0098019603920783,4.714565355413319,0.12688262288360286,-0.013969458172865767,-0.0199032691161782,-0.02041131779053862,-0.022371538997060306,-0.015351614358955882,5.0
-2.0088017603520703,4.713331655958138,0.12743308306641535,-0.014058892876524946,-0.020020884807337356,-0.020517988293845872,-0.022467239976620593,-0.015393195670183341,5.0
-2.0078015603120623,4.712097604006202,0.12798372091719776,-0.014148582325125229,-0.020138746554985258,-0.02062477959396384,-0.02256282965417859,-0.015434553687999576,5.0
-2.0068013602720542,4.710863204653367,0.12853453418094477,-0.01423852628222309,-0.020256853685540765,-0.02073169092932918,-0.022658306810885067,-0.015475688547451027,5.0
-2.0058011602320462,4.709628462936131,0.12908552062853895,-0.01432872451280429,-0.020375205529213562,-0.020838721543003706,-0.022753670240741358,-0.015516600391992812,5.0
-2.0048009601920382,4.708393383832464,0.12963667805640666,-0.014419176783269254,-0.020493801419968097,-0.020945870682607087,-0.022848918750481246,-0.01555728937331925,5.0
-2.0038007601520302,4.70715797226261,0.13018800428617966,-0.014509882861418145,-0.02061264069548764,-0.021053137600250422,-0.022944051159454297,-0.01559775565119741,5.0
-2.0028005601120222,4.705922233089879,0.13073949716436215,-0.014600842516435848,-0.020731722697138275,-0.02116052155247049,-0.023039066299510372,-0.01563799939330355,5.0
-2.0018003600720142,4.70468617112144,0.13129115456200194,-0.014692055518876639,-0.020851046769932945,-0.021268021800164977,-0.023133963014885614,-0.015678020775062418,5.0
-2.0008001600320062,4.703449791109087,0.1318429743743673,-0.014783521640648781,-0.020970612262495532,-0.02137563760852849,-0.02322874016208964,-0.015717819979489487,5.0
-1.9997999599919984,4.702213097749994,0.13239495452062752,-0.014875240654998892,-0.021090418527024975,-0.0214833682469894,-0.02332339660979413,-0.015757397197035842,5.0
-1.9987997599519904,4.700976095687473,0.13294709294353618,-0.014967212336496127,-0.021210464919259403,-0.021591212989147426,-0.02341793123872254,-0.01579675262543581,5.0
-1.9977995599119824,4.699738789511699,0.13349938760912047,-0.01505943646101634,-0.02133075079844043,-0.02169917111271219,-0.023512342941541222,-0.01583588646955732,5.0
-1.9967993598719744,4.698501183760435,0.13405183650637348,-0.015151912805726031,-0.021451275527277516,-0.02180724189944247,-0.023606630622751625,-0.015874798941254795,5.0
-1.9957991598319664,4.697263282919737,0.13460443764694863,-0.015244641149066318,-0.0215720384719125,-0.021915424635086413,-0.023700793198583828,-0.0159134902592246,5.0
-1.9947989597919584,4.696025091424658,0.1351571890648594,-0.015337621270736816,-0.021693039001884247,-0.022023718609322496,-0.02379482959689114,-0.01595196064886298,5.0
-1.9937987597519504,4.694786613659923,0.13571008881618188,-0.015430852951679579,-0.021814276490093626,-0.02213212311570142,-0.02388873875704586,-0.015990210342126426,5.0
-1.9927985597119424,4.693547853960605,0.13626313497876028,-0.015524335974063056,-0.02193575031276862,-0.02224063745158878,-0.023982519629836174,-0.01602823957739439,5.0
-1.9917983596719344,4.692308816612788,0.13681632565191737,-0.015618070121266155,-0.022057459849429768,-0.02234926091810872,-0.024076171177364106,-0.01606604859933433,5.0
-1.9907981596319264,4.691069505854212,0.13736965895616648,-0.01571205517786239,-0.02217940448285595,-0.02245799282008835,-0.024169692372944522,-0.016103637658768936,5.0
-1.9897979595919184,4.689829925874913,0.13792313303292936,-0.015806290929604297,-0.022301583599050528,-0.02256683246600314,-0.024263082201005155,-0.016141007012545686,5.0
-1.9887977595519104,4.688590080817857,0.13847674604425658,-0.01590077716340794,-0.022423996587207812,-0.022675779167923148,-0.024356339656987615,-0.01617815692340837,5.0
-1.9877975595119024,4.6873499747795515,0.13903049617255148,-0.015995513667337712,-0.022546642839679977,-0.022784832241460082,-0.02444946374724925,-0.01621508765987077,5.0
-1.9867973594718944,4.686109611810659,0.13958438162029912,-0.01609050023059143,-0.022669521751944494,-0.022893991005715358,-0.024542453488966116,-0.016251799496092397,5.0
-1.9857971594318864,4.684868995916598,0.1401384006097981,-0.01618573664348569,-0.022792632722571943,-0.023003254783228975,-0.024635307910036663,-0.01628829271175618,5.0
-1.9847969593918784,4.683628131058136,0.14069255138289685,-0.016281222697441543,-0.022915975153194303,-0.023112622899929228,-0.024728026048986308,-0.016324567591947982,5.0
-1.9837967593518704,4.6823870211519685,0.14124683220073422,-0.01637695818497059,-0.023039548448473862,-0.023222094685083378,-0.0248206069548729,-0.016360624427038208,5.0
-1.9827965593118624,4.681145670071305,0.1418012413434832,-0.016472942899661336,-0.02316335201607246,-0.023331669471249046,-0.024913049687192913,-0.016396463512565008,5.0
-1.9817963592718544,4.679904081646424,0.14235577711009947,-0.016569176636166014,-0.023287385266621448,-0.023441346594226593,-0.02500535331578842,-0.01643208514911947,5.0
-1.9807961592318464,4.678662259665247,0.14291043781807353,-0.016665659190187764,-0.02341164761369204,-0.023551125393012236,-0.025097516920754875,-0.016467489642232512,5.0
-1.9797959591918384,4.677420207873875,0.14346522180318624,-0.01676239035846819,-0.023536138473766212,-0.023661005209752037,-0.02518953959234957,-0.016502677302263437,5.0
-1.9787957591518304,4.676177929977151,0.14402012741926815,-0.016859369938775324,-0.0236608572662082,-0.023770985389696624,-0.0252814204309009,-0.01653764844429034,5.0
-1.9777955591118224,4.674935429639184,0.14457515303796298,-0.016956597729891977,-0.02378580341323639,-0.023881065281156712,-0.025373158546718164,-0.016572403388002036,5.0
-1.9767953590718144,4.673692710483882,0.14513029704849462,-0.017054073531604486,-0.023910976339895817,-0.023991244235459484,-0.02546475306000227,-0.016606942457591787,5.0
-1.9757951590318064,4.67244977609548,0.1456855578574366,-0.017151797144691793,-0.024036375474031122,-0.024101521606905606,-0.025556203100757055,-0.016641265981652602,5.0
-1.9747949589917984,4.671206630019047,0.14624093388848639,-0.017249768370914943,-0.02416200024625993,-0.024211896752726985,-0.025647507808701262,-0.016675374293074165,5.0
-1.9737947589517904,4.669963275760999,0.14679642358224199,-0.017347987013006855,-0.024287850089946765,-0.024322369033045306,-0.025738666333181236,-0.016709267728941442,5.0
-1.9727945589117823,4.668719716789598,0.14735202539598186,-0.01744645287466245,-0.02441392444117738,-0.02443293781083123,-0.02582967783308438,-0.016742946630434824,5.0
-1.9717943588717743,4.667475956535442,0.14790773780344896,-0.017545165760529096,-0.02454022273873344,-0.024543602451864214,-0.025920541476753264,-0.016776411342731924,5.0
-1.9707941588317663,4.6662319983919565,0.1484635592946373,-0.017644125476197273,-0.024666744424067695,-0.024654362324693098,-0.02601125644190044,-0.016809662214910998,5.0
-1.9697939587917583,4.664987845715871,0.14901948837558082,-0.017743331828191586,-0.02479348894127946,-0.024765216800597248,-0.026101821915524067,-0.016842699599855914,5.0
-1.9687937587517503,4.663743501827691,0.14957552356814707,-0.01784278462396186,-0.024920455737090442,-0.024876165253548344,-0.026192237093824074,-0.016875523854162702,5.0
-1.9677935587117423,4.662498970012167,0.1501316634098328,-0.017942483671874614,-0.02504764426082093,-0.024987207060172847,-0.026282501182119358,-0.016908135338047775,5.0
-1.9667933586717343,4.661254253518751,0.1506879064535635,-0.01804242878120455,-0.025175053964366197,-0.02509834159971491,-0.026372613394765453,-0.016940534415257606,5.0
-1.9657931586317263,4.660009355562054,0.15124425126749472,-0.01814261976212629,-0.025302684302173285,-0.025209568254,-0.026462572955073156,-0.016972721452980098,5.0
-1.9647929585917183,4.658764279322289,0.15180069643481772,-0.01824305642570623,-0.025430534731217983,-0.025320886407399053,-0.026552379095227844,-0.017004696821757467,5.0
-1.9637927585517103,4.657519027945716,0.15235724055356753,-0.01834373858389446,-0.025558604710982043,-0.025432295446793186,-0.026642031056209593,-0.017036460895400698,5.0
-1.9627925585117023,4.656273604545075,0.1529138822364332,-0.018444666049516754,-0.025686893703430493,-0.025543794761538837,-0.02673152808771404,-0.017068014050905505,5.0
-1.9617923584716943,4.6550280122000185,0.1534706201105728,-0.01854583863626673,-0.025815401172989434,-0.025655383743433603,-0.026820869448074176,-0.017099356668369915,5.0
-1.9607921584316863,4.653782253957532,0.15402745281742983,-0.018647256158697934,-0.025944126586523748,-0.025767061786682546,-0.026910054404182822,-0.01713048913091332,5.0
-1.9597919583916783,4.652536332832353,0.15458437901255198,-0.018748918432216006,-0.02607306941331501,-0.02587882828786486,-0.026999082231415873,-0.01716141182459704,5.0
-1.9587917583516703,4.651290251807388,0.1551413973654134,-0.018850825273070766,-0.026202229125039573,-0.02599068264590118,-0.02708795221355647,-0.017192125138346337,5.0
-1.9577915583116623,4.650044013834111,0.1556985065592404,-0.0189529764983485,-0.026331605195746885,-0.026102624262021406,-0.02717666364271993,-0.017222629463874026,5.0
-1.9567913582716543,4.648797621832971,0.15625570529083743,-0.01905537192596411,-0.02646119710183784,-0.02621465253973285,-0.027265215819279414,-0.01725292519560541,5.0
-1.9557911582316463,4.647551078693785,0.15681299227041823,-0.019158011374653144,-0.026591004322043178,-0.026326766884788997,-0.027353608051792544,-0.01728301273060468,5.0
-1.9547909581916383,4.646304387276127,0.15737036622143702,-0.019260894663964037,-0.026721026337402202,-0.02643896670515865,-0.027441839656928545,-0.017312892468502736,5.0
-1.9537907581516303,4.6450575504097165,0.15792782588042323,-0.01936402161425019,-0.026851262631241397,-0.026551251410995576,-0.027529909959396522,-0.017342564811426396,5.0
-1.9527905581116223,4.643810570894789,0.15848536999681884,-0.019467392046662053,-0.026981712689153378,-0.026663620414608624,-0.027617818291874256,-0.017372030163928916,5.0
-1.9517903580716143,4.64256345150248,0.1590429973328169,-0.019571005783139233,-0.02711237599897583,-0.026776073130432235,-0.02770556399493782,-0.01740128893292187,5.0
-1.9507901580316063,4.641316194975183,0.15960070666320347,-0.01967486264640253,-0.02724325205077053,-0.026888608974997463,-0.02779314641699194,-0.01743034152760831,5.0
-1.9497899579915983,4.6400688040269165,0.16015849677520025,-0.019778962459946033,-0.027374340336802677,-0.027001227366903392,-0.027880564914201218,-0.017459188359417194,5.0
-1.9487897579515903,4.638821281343678,0.1607163664683104,-0.01988330504802919,-0.027505640351520227,-0.02711392772678912,-0.027967818850421964,-0.017487829841939084,5.0
-1.9477895579115823,4.637573629583799,0.16127431455416505,-0.019987890235668868,-0.02763715159153333,-0.027226709477305922,-0.02805490759713464,-0.01751626639086299,5.0
-1.9467893578715743,4.636325851378286,0.1618323398563738,-0.020092717848631498,-0.02776887355559404,-0.02733957204309014,-0.02814183053337728,-0.017544498423914482,5.0
-1.9457891578315663,4.635077949331165,0.16239044121037455,-0.02019778771342521,-0.027900805744576172,-0.027452514850736406,-0.028228587045679352,-0.017572526360794892,5.0
-1.9447889577915582,4.633829926019807,0.16294861746328643,-0.020303099657292024,-0.028032947661455223,-0.0275655373287712,-0.02831517652799635,-0.017600350623121666,5.0
-1.9437887577515502,4.632581783995268,0.16350686747376406,-0.02040865350820012,-0.028165298811288587,-0.02767863890762692,-0.028401598381645063,-0.01762797163436984,5.0
-1.9427885577115422,4.631333525782604,0.16406519011185344,-0.020514449094836153,-0.028297858701195888,-0.0277918190196165,-0.028487852015239477,-0.017655389819814585,5.0
-1.9417883576715342,4.63008515388119,0.1646235842588488,-0.020620486246597618,-0.028430626840339528,-0.027905077098908167,-0.028573936844627276,-0.017682605606474746,5.0
-1.9407881576315262,4.628836670765034,0.16518204880715187,-0.02072676479358538,-0.02856360273990545,-0.02801841258150094,-0.028659852292826977,-0.017709619423057564,5.0
-1.9397879575915182,4.627588078883083,0.1657405826601323,-0.020833284566596298,-0.02869678591308411,-0.028131824905200355,-0.028745597789965598,-0.01773643169990427,5.0
-1.9387877575515102,4.626339380659519,0.166299184731989,-0.020940045397115865,-0.028830175875051694,-0.028245313509594635,-0.028831172773217048,-0.01776304286893677,5.0
-1.9377875575115022,4.625090578494061,0.16685785394761324,-0.021047047117311098,-0.028963772142951438,-0.028358877836031336,-0.028916576686740948,-0.01778945336360528,5.0
-1.9367873574714942,4.623841674762252,0.16741658924245306,-0.021154289560023472,-0.029097574235875445,-0.028472517327594392,-0.029001808981622128,-0.017815663618836932,5.0
-1.9357871574314862,4.622592671815747,0.1679753895623797,-0.021261772558761972,-0.029231581674846352,-0.028586231429081562,-0.029086869115810644,-0.01784167407098533,5.0
-1.9347869573914782,4.621343571982592,0.1685342538635552,-0.02136949594769641,-0.029365793982799676,-0.028700019586982248,-0.029171756554062345,-0.017867485157781117,5.0
-1.9337867573514702,4.620094377567503,0.16909318111230137,-0.02147745956165068,-0.02950021068456602,-0.02881388124945584,-0.02925647076788001,-0.01789309731828334,5.0
-1.9327865573114622,4.618845090852138,0.16965217028497123,-0.02158566323609639,-0.029634831306853796,-0.028927815866310335,-0.029341011235455104,-0.01791851099283192,5.0
-1.9317863572714542,4.617595714095363,0.17021122036782144,-0.02169410680714643,-0.029769655378232018,-0.02904182288898136,-0.029425377441609828,-0.017943726623000804,5.0
-1.9307861572314462,4.616346249533525,0.1707703303568871,-0.021802790111548863,-0.029904682429113417,-0.02915590177051181,-0.029509568877740127,-0.017968744651552276,5.0
-1.9297859571914382,4.6150966993807065,0.1713294992578588,-0.021911712986680813,-0.030039911991737795,-0.029270051965531407,-0.029593585041758807,-0.017993565522391917,5.0
-1.9287857571514302,4.6138470658289945,0.17188872608596115,-0.022020875270542577,-0.030175343600155596,-0.029384272930237234,-0.029677425438039425,-0.018018189680524623,5.0
-1.9277855571114222,4.612597351048729,0.17244800986583395,-0.0221302768017519,-0.0303109767902117,-0.029498564122374137,-0.029761089577360688,-0.018042617572011383,5.0
-1.9267853570714142,4.611347557188765,0.17300734963141517,-0.0222399174195383,-0.030446811099529514,-0.02961292500121576,-0.02984457697685136,-0.01806684964392693,5.0
-1.9257851570314062,4.610097686376721,0.17356674442582662,-0.022349796963737584,-0.030582846067495197,-0.029727355027545872,-0.029927887159935582,-0.01809088634431825,5.0
-1.9247849569913982,4.608847740719235,0.17412619330126183,-0.022459915274786458,-0.030719081235242057,-0.029841853663639985,-0.030011019656278892,-0.018114728122163932,5.0
-1.9237847569513902,4.6075977223022075,0.17468569531887584,-0.022570272193717263,-0.030855516145635368,-0.029956420373247424,-0.030093974001734546,-0.01813837542733424,5.0
-1.9227845569113822,4.606347633191057,0.17524524954867757,-0.022680867562152787,-0.030992150343257044,-0.030071054621573588,-0.030176749738290546,-0.01816182871055207,5.0
-1.9217843568713742,4.605097475430959,0.17580485506942478,-0.02279170122230122,-0.031128983374390816,-0.030185755875262576,-0.030259346414017018,-0.018185088423354655,5.0
-1.9207841568313662,4.603847251047094,0.17636451096851977,-0.022902773016951147,-0.0312660147870074,-0.03030052360238019,-0.03034176358301413,-0.018208155018056008,5.0
-1.9197839567913582,4.602596962044887,0.17692421634190897,-0.023014082789466657,-0.031403244130749824,-0.030415357272397123,-0.030424000805360448,-0.01823102894771016,5.0
-1.9187837567513504,4.601346610410251,0.17748397029398355,-0.02312563038378253,-0.03154067095691906,-0.030530256356172517,-0.030506057647061866,-0.018253710666075073,5.0
-1.9177835567113424,4.600096198109818,0.17804377193748122,-0.023237415644399434,-0.03167829481845953,-0.030645220325937642,-0.03058793368000088,-0.01827620062757727,5.0
-1.9167833566713344,4.5988457270911836,0.17860362039339112,-0.023349438416379223,-0.031816115269945114,-0.030760248655280095,-0.030669628481886414,-0.018298499287277246,5.0
-1.9157831566313264,4.597595199283131,0.17916351479085926,-0.023461698545340286,-0.03195413186756491,-0.03087534081912798,-0.03075114163620407,-0.018320607100835457,5.0
-1.9147829565913184,4.596344616595868,0.17972345426709585,-0.023574195877452884,-0.0320923441691094,-0.030990496293734526,-0.030832472732166792,-0.018342524524479015,5.0
-1.9137827565513104,4.5950939809212485,0.18028343796728385,-0.023686930259434608,-0.03223075173395648,-0.031105714556662854,-0.03091362136466606,-0.018364252014969062,5.0
-1.9127825565113024,4.593843294132998,0.18084346504448856,-0.023799901538545835,-0.03236935412305794,-0.031220995086771047,-0.03099458713422343,-0.018385790029568798,5.0
-1.9117823564712944,4.592592558086935,0.18140353465956846,-0.02391310956258513,-0.03250815089892567,-0.031336337364197296,-0.031075369646942554,-0.01840713902601209,5.0
-1.9107821564312863,4.591341774621187,0.1819636459810871,-0.024026554179884797,-0.03264714162561816,-0.0314517408703455,-0.031155968514461622,-0.018428299462472687,5.0
-1.9097819563912783,4.590090945556406,0.1825237981852258,-0.024140235239306376,-0.03278632586872715,-0.03156720508787089,-0.031236383353906296,-0.018449271797534156,5.0
-1.9087817563512703,4.588840072695974,0.1830839904556968,-0.024254152590236232,-0.03292570319536426,-0.031682729500665995,-0.031316613787842916,-0.01847005649016035,5.0
-1.9077815563112623,4.587589157826215,0.18364422198365837,-0.024368306082581014,-0.03306527317414773,-0.03179831359384669,-0.03139665944423232,-0.018490653999666373,5.0
-1.9067813562712543,4.5863382027165915,0.1842044919676296,-0.02448269556676335,-0.03320503537518931,-0.03191395685373866,-0.03147651995638394,-0.018511064785690354,5.0
-1.9057811562312463,4.58508720911991,0.18476479961340572,-0.02459732089371729,-0.03334498937008122,-0.03202965876786385,-0.03155619496291031,-0.018531289308165538,5.0
-1.9047809561912383,4.583836178772512,0.1853251441339751,-0.024712181914884095,-0.033485134731883165,-0.03214541882492726,-0.03163568410768217,-0.018551328027293187,5.0
-1.9037807561512303,4.582585113394467,0.185885524749436,-0.02482727848220773,-0.033625471035109544,-0.032261236514804,-0.031714987039783774,-0.018571181403515827,5.0
-1.9027805561112223,4.5813340146897605,0.18644594068691547,-0.024942610448130606,-0.03376599785571663,-0.032377111328526345,-0.03179410341346874,-0.018590849897491258,5.0
-1.9017803560712143,4.580082884346484,0.18700639118048765,-0.025058177665589168,-0.03390671477108986,-0.03249304275827118,-0.03187303288811622,-0.01861033397006688,5.0
-1.9007801560312063,4.578831724037011,0.1875668754710929,-0.02517397998800972,-0.03404762136003145,-0.03260903029734776,-0.03195177512818758,-0.018629634082254806,5.0
-1.8997799559911983,4.577580535418182,0.18812739280645893,-0.025290017269304035,-0.03418871720274772,-0.03272507344018519,-0.03203032980318338,-0.01864875069520725,5.0
-1.8987797559511903,4.576329320131479,0.1886879424410216,-0.025406289363865193,-0.03433000188083694,-0.03284117168232079,-0.03210869658760087,-0.018667684270192695,5.0
-1.8977795559111823,4.575078079803197,0.18924852363584696,-0.025522796126563337,-0.03447147497727697,-0.03295732452038806,-0.032186875160891824,-0.018686435268572367,5.0
-1.8967793558711743,4.573826816044624,0.1898091356585548,-0.02563953741274146,-0.03461313607641307,-0.033073531452105294,-0.03226486520742068,-0.01870500415177732,5.0
-1.8957791558311663,4.572575530452198,0.19036977778324216,-0.025756513078211304,-0.03475498476394601,-0.033189791976264024,-0.03234266641642332,-0.018723391381286012,5.0
-1.8947789557911583,4.571324224607685,0.19093044929040823,-0.02587372297924921,-0.034897020626919996,-0.03330610559271804,-0.03242027848196591,-0.018741597418602325,5.0
-1.8937787557511503,4.570072900078337,0.19149114946688114,-0.02599116697259205,-0.03503924325371093,-0.03342247180237225,-0.03249770110290448,-0.01875962272523415,5.0
-1.8927785557111423,4.568821558417056,0.19205187760574413,-0.02610884491543318,-0.03518165223401459,-0.03353889010717198,-0.032574933982844556,-0.01877746776267236,5.0
-1.8917783556711343,4.567570201162558,0.19261263300626344,-0.026226756665418394,-0.03532424715883513,-0.03365536001009238,-0.032651976830101376,-0.018795132992370303,5.0
-1.8907781556311263,4.566318829839523,0.1931734149738176,-0.026344902080642024,-0.035467027620473525,-0.033771881015128034,-0.03272882935766048,-0.018812618875723726,5.0
-1.8897779555911183,4.5650674459587615,0.19373422281982702,-0.026463281019642917,-0.035609993212516185,-0.03388845262728271,-0.0328054912831385,-0.018829925874051148,5.0
-1.8887777555511103,4.563816051017363,0.1942950558616844,-0.026581893341400577,-0.03575314352982361,-0.03400507435255934,-0.03288196232874441,-0.018847054448574662,5.0
-1.8877775555111023,4.56256464649885,0.19485591342268768,-0.02670073890533129,-0.0358964781685193,-0.034121745697950207,-0.03295824222124128,-0.018864005060401215,5.0
-1.8867773554710943,4.561313233873328,0.1954167948319719,-0.02681981757128435,-0.03603999672597852,-0.03423846617142723,-0.03303433069190808,-0.01888077817050421,5.0
-1.8857771554310863,4.560061814597637,0.19597769942444326,-0.026939129199538153,-0.03618369880081748,-0.034355235281932496,-0.03311022747650205,-0.018897374239705642,5.0
-1.8847769553910783,4.558810390115494,0.1965386265407133,-0.027058673650796606,-0.03632758399288242,-0.03447205253936896,-0.03318593231522143,-0.01891379372865857,5.0
-1.8837767553510703,4.557558961857645,0.19709957552703514,-0.02717845078618528,-0.036471651903238665,-0.034588917454591174,-0.033261444952668265,-0.018930037097829935,5.0
-1.8827765553110622,4.556307531242003,0.19766054573523945,-0.027298460467247807,-0.03661590213416026,-0.03470582953939646,-0.033336765137811926,-0.018946104807483898,5.0
-1.8817763552710542,4.555056099673791,0.19822153652267147,-0.02741870255594221,-0.03676033428911901,-0.034822788306515924,-0.03341189262395263,-0.0189619973176654,5.0
-1.8807761552310462,4.553804668545685,0.1987825472521292,-0.027539176914637416,-0.03690494797277448,-0.034939793269605966,-0.03348682716868552,-0.018977715088184296,5.0
-1.8797759551910382,4.552553239237947,0.19934357729180277,-0.027659883406109535,-0.037049742790963174,-0.03505684394323959,-0.033561568533864834,-0.018993258578599605,5.0
-1.8787757551510302,4.5513018131185685,0.199904626015214,-0.027780821893538525,-0.03719471835068857,-0.035173939842898176,-0.03363611648556868,-0.019008628248204297,5.0
-1.8777755551110222,4.550050391543398,0.20046569280115648,-0.027901992240504558,-0.03733987426011079,-0.035291080484963246,-0.03371047079406374,-0.01902382455601039,5.0
-1.8767753550710142,4.548798975856281,0.20102677703363767,-0.02802339431098472,-0.03748521012853657,-0.03540826538670839,-0.03378463123377076,-0.019038847960734344,5.0
-1.8757751550310062,4.547547567389185,0.2015878781018203,-0.02814502796934956,-0.03763072556640931,-0.035525494066291394,-0.033858597583229885,-0.01905369892078285,5.0
-1.8747749549909982,4.546296167462338,0.20214899539996592,-0.02826689308035974,-0.03777642018529922,-0.035642766042746486,-0.0339323696250666,-0.019068377894238885,5.0
-1.8737747549509902,4.545044777384347,0.2027101283273778,-0.02838898950916279,-0.03792229359789341,-0.03576008083597673,-0.03400594714595774,-0.019082885338848107,5.0
-1.8727745549109822,4.543793398452333,0.20327127628834624,-0.02851131712128972,-0.03806834541798634,-0.035877437966746493,-0.034079329936597985,-0.01909722171200561,5.0
-1.8717743548709742,4.542542031952052,0.20383243869209278,-0.02863387578265196,-0.03821457526047023,-0.03599483695667419,-0.03415251779166659,-0.019111387470742914,5.0
-1.8707741548309662,4.541290679158018,0.20439361495271655,-0.02875666535953812,-0.03836098274132552,-0.03611227732822502,-0.03422551050979428,-0.01912538307171533,5.0
-1.8697739547909582,4.540039341333626,0.2049548044891406,-0.028879685718610867,-0.038507567477611526,-0.03622975860470403,-0.03429830789353057,-0.01913920897118953,5.0
-1.8687737547509502,4.538788019731277,0.20551600672505882,-0.02900293672690384,-0.038654329087457126,-0.036347280310249,-0.03437090974931123,-0.019152865625031476,5.0
-1.8677735547109422,4.537536715592489,0.2060772210888842,-0.029126418251818616,-0.03880126719005158,-0.036464841969823795,-0.03444331588742619,-0.01916635348869462,5.0
-1.8667733546709342,4.536285430148019,0.20663844701369696,-0.02925013016112171,-0.038948381405635356,-0.03658244310921158,-0.03451552612198745,-0.019179673017208326,5.0
-1.8657731546309262,4.535034164617979,0.20719968393719462,-0.029374072322941737,-0.039095671355491315,-0.036700083255008425,-0.034587540270897645,-0.019192824665166655,5.0
-1.8647729545909182,4.533782920211951,0.20776093130164006,-0.02949824460576638,-0.03924313666193558,-0.03681776193461669,-0.03465935815581832,-0.01920580888671733,5.0
-1.8637727545509102,4.532531698129094,0.20832218855381338,-0.029622646878439643,-0.03939077694830887,-0.03693547867623882,-0.034730979602139035,-0.019218626135551004,5.0
-1.8627725545109022,4.531280499558267,0.20888345514496276,-0.029747279010159,-0.039538591838967733,-0.03705323300887115,-0.03480240443894634,-0.019231276864890796,5.0
-1.8617723544708942,4.530029325678129,0.20944473053075555,-0.029872140870472675,-0.03968658095927587,-0.03717102446229786,-0.03487363249899318,-0.019243761527482,5.0
-1.8607721544308862,4.528778177657252,0.21000601417123083,-0.029997232329276976,-0.03983474393559574,-0.03728885256708491,-0.0349446636186684,-0.019256080575582188,5.0
-1.8597719543908782,4.527527056654229,0.21056730553075242,-0.03012255325681353,-0.03998308039527987,-0.0374067168545743,-0.035015497637966686,-0.019268234460951363,5.0
-1.8587717543508702,4.526275963817778,0.21112860407796247,-0.030248103523666782,-0.0401315899666628,-0.037524616856878294,-0.03508613440045856,-0.01928022363484257,5.0
-1.8577715543108622,4.52502490028685,0.21168990928573467,-0.030373883000761378,-0.040280272279052565,-0.03764255210687377,-0.03515657375326077,-0.019292048547992515,5.0
-1.8567713542708542,4.523773867190728,0.2122512206311301,-0.030499891559359654,-0.040429126962722634,-0.03776052213819666,-0.03522681554700678,-0.01930370965061259,5.0
-1.8557711542308462,4.522522865649136,0.21281253759535124,-0.030626129071059143,-0.04057815364890371,-0.03787852648523658,-0.03529685963581762,-0.019315207392380063,5.0
-1.8547709541908382,4.5212718967723315,0.21337385966369848,-0.030752595407790167,-0.040727351969775866,-0.037996564683131485,-0.03536670587727295,-0.01932654222242948,5.0
-1.8537707541508301,4.5200209616612135,0.21393518632552605,-0.030879290441813364,-0.04087672155846042,-0.03811463626776238,-0.03543635413238215,-0.019337714589344284,5.0
-1.8527705541108221,4.518770061407415,0.21449651707419928,-0.031006214045717385,-0.04102626204901221,-0.03823274077574822,-0.03550580426555607,-0.019348724941148695,5.0
-1.8517703540708141,4.517519197093403,0.21505785140705147,-0.031133366092416574,-0.04117597307641174,-0.0383508777444409,-0.03557505614457859,-0.019359573725299777,5.0
-1.8507701540308061,4.516268369792575,0.2156191888253417,-0.03126074645514853,-0.04132585427655741,-0.038469046711920155,-0.03564410964057859,-0.01937026138867971,5.0
-1.8497699539907981,4.515017580569352,0.21618052883421404,-0.03138835500747204,-0.04147590528625803,-0.038587247216988835,-0.035712964628002206,-0.019380788377588325,5.0
-1.8487697539507901,4.513766830479274,0.21674187094265596,-0.03151619162326466,-0.04162612574322508,-0.03870547879916806,-0.03578162098458524,-0.019391155137735806,5.0
-1.8477695539107821,4.512516120569092,0.21730321466345723,-0.0316442561767206,-0.04177651528606527,-0.03882374099869247,-0.03585007859132577,-0.019401362114235498,5.0
-1.8467693538707741,4.511265451876859,0.21786455951317088,-0.03177254854234848,-0.04192707355427308,-0.0389420333565057,-0.03591833733245707,-0.01941140975159722,5.0
-1.8457691538307661,4.510014825432021,0.218425905012073,-0.031901068594969176,-0.04207780018822338,-0.03906035541425574,-0.03598639709542072,-0.019421298493720388,5.0
-1.8447689537907581,4.508764242255507,0.21898725068412367,-0.03202981620971355,-0.04222869482916402,-0.03917870671429048,-0.03605425777083989,-0.019431028783887656,5.0
-1.8437687537507501,4.507513703359815,0.21954859605692845,-0.032158791262020515,-0.04237975711920867,-0.039297086799653394,-0.036121919252493015,-0.01944060106475859,5.0
-1.842768553710742,4.5062632097490996,0.22010994066170014,-0.032287993627634695,-0.04253098670132952,-0.039415495214079166,-0.03618938143728749,-0.01945001577836356,5.0
-1.841768353670734,4.50501276241926,0.22067128403322148,-0.032417423182604384,-0.04268238321935016,-0.03953393150198951,-0.036256644225233774,-0.019459273366097877,5.0
-1.840768153630726,4.503762362358024,0.2212326257098069,-0.032547079803279366,-0.04283394631793839,-0.03965239520848889,-0.0363237075194196,-0.019468374268716053,5.0
-1.839767953590718,4.50251201054503,0.22179396523326705,-0.032676963366308966,-0.042985675642599176,-0.03977088587936057,-0.036390571225984394,-0.019477318926326273,5.0
-1.83876775355071,4.501261707951913,0.22235530214887184,-0.032807073748639747,-0.04313757083966768,-0.03988940306106248,-0.036457235254094146,-0.019486107778385078,5.0
-1.837767553510702,4.500011455542382,0.22291663600531428,-0.03293741082751349,-0.04328963155630221,-0.04000794630072333,-0.0365236995159162,-0.019494741263692175,5.0
-1.836767353470694,4.49876125427231,0.22347796635467523,-0.03306797448046506,-0.04344185744047729,-0.04012651514613869,-0.03658996392659447,-0.019503219820385453,5.0
-1.835767153430686,4.497511105089801,0.2240392927523887,-0.03319876458532037,-0.04359424814097682,-0.040245109145767254,-0.03665602840422483,-0.01951154388593619,5.0
-1.834766953390678,4.496261008935282,0.22460061475720686,-0.033329781020194196,-0.04374680330738721,-0.04036372784872702,-0.0367218928698307,-0.019519713897144384,5.0
-1.83376675335067,4.495010966741572,0.22516193193116618,-0.03346102366348813,-0.04389952259009055,-0.040482370804791605,-0.036787557247338794,-0.019527730290134274,5.0
-1.832766553310662,4.4937609794339615,0.22572324383955306,-0.03359249239388839,-0.044052405640257815,-0.040601037564386704,-0.0368530214635553,-0.019535593500350015,5.0
-1.831766353270654,4.492511047930291,0.22628455005087128,-0.0337241870903638,-0.04420545210984225,-0.040719727678586504,-0.036918285448142046,-0.019543303962551543,5.0
-1.830766153230646,4.491261173141027,0.22684585013680858,-0.033856107632163665,-0.04435866165157259,-0.040838440699110266,-0.036983349133593024,-0.019550862110810523,5.0
-1.829765953190638,4.490011355969328,0.22740714367220405,-0.033988253898815664,-0.044512033918946606,-0.04095717617831893,-0.037048212455211,-0.019558268378506556,5.0
-1.82876575315063,4.48876159731113,0.22796843023501606,-0.034120625770123675,-0.04466556856622425,-0.041075933669211626,-0.037112875351084484,-0.019565523198323363,5.0
-1.827765553110622,4.487511898055209,0.22852970940629036,-0.03425322312616578,-0.044819265248421315,-0.041194712725422605,-0.03717733776206476,-0.019572627002245303,5.0
-1.826765353070614,4.486262259083262,0.22909098077012877,-0.03438604584729216,-0.04497312362130296,-0.041313512901217916,-0.0372415996317433,-0.01957958022155391,5.0
-1.825765153030606,4.48501268126997,0.22965224391365782,-0.03451909381412289,-0.04512714334137701,-0.0414323337514923,-0.03730566090642899,-0.019586383286824546,5.0
-1.824764952990598,4.4837631654830705,0.23021349842699843,-0.03465236690754599,-0.04528132406588791,-0.04155117483176612,-0.037369521535126196,-0.019593036627923263,5.0
-1.82376475295059,4.482513712583429,0.2307747439032357,-0.03478586500871532,-0.045435665452810164,-0.0416700356981824,-0.037433181469512355,-0.019599540674003747,5.0
-1.822764552910582,4.481264323425105,0.2313359799383884,-0.03491958799904844,-0.045590167160842014,-0.04178891590750369,-0.03749664066391614,-0.01960589585350436,5.0
-1.821764352870574,4.480014998855422,0.23189720613138048,-0.03505353576022469,-0.04574482884939933,-0.04190781501710954,-0.0375598990752958,-0.019612102594145326,5.0
-1.820764152830566,4.478765739715031,0.2324584220840096,-0.035187708174183124,-0.04589965017860934,-0.04202673258499331,-0.0376229566632175,-0.019618161322926052,5.0
-1.819763952790558,4.477516546837979,0.23301962740092041,-0.03532210512312041,-0.04605463080930451,-0.04214566816975963,-0.03768581338983387,-0.01962407246612247,5.0
-1.81876375275055,4.476267421051776,0.233580821689575,-0.03545672648948898,-0.04620977040301648,-0.04226462133062168,-0.037748469219863044,-0.019629836449284566,5.0
-1.817763552710542,4.475018363177453,0.23414200456022508,-0.03559157215599498,-0.04636506862196998,-0.04238359162739848,-0.037810924120567295,-0.019635453697234,5.0
-1.816763352670534,4.473769374029634,0.23470317562588375,-0.03572664200559635,-0.04652052512907701,-0.04250257862051242,-0.037873178061732404,-0.019640924634061776,5.0
-1.815763152630526,4.472520454416593,0.23526433450229775,-0.03586193592150095,-0.046676139587930814,-0.042621581870986684,-0.0379352310156468,-0.01964624968312605,5.0
-1.814762952590518,4.471271605140318,0.23582548080792073,-0.035997453787164645,-0.04683191166280009,-0.04274060094044286,-0.03799708295708118,-0.01965142926705,5.0
-1.81376275255051,4.470022826996576,0.23638661416388582,-0.03613319548628943,-0.04698784101862318,-0.04285963539109842,-0.03805873386326784,-0.01965646380771982,5.0
-1.812762552510502,4.4687741207749685,0.2369477341939793,-0.0362691609028217,-0.0471439273210024,-0.042978684785764484,-0.038120183713880734,-0.019661353726282745,5.0
-1.811762352470494,4.467525487258994,0.23750884052461396,-0.03640534992095031,-0.04730017023619832,-0.04309774868784343,-0.03818143249101507,-0.019666099443145214,5.0
-1.810762152430486,4.466276927226109,0.23806993278480396,-0.03654176242510505,-0.04745656943112428,-0.04321682666132683,-0.0382424801791676,-0.019670701377971105,5.0
-1.809761952390478,4.465028441447783,0.2386310106061375,-0.036678398299954666,-0.047613124573340694,-0.04333591827079297,-0.03830332676521672,-0.019675159949679978,5.0
-1.80876175235047,4.463780030689562,0.23919207362275352,-0.03681525743040541,-0.047769835331049705,-0.043455023081405024,-0.03836397223840281,-0.019679475576445515,5.0
-1.807761552310462,4.46253169571112,0.23975312147131467,-0.03695233970159929,-0.047926701373089825,-0.04357414065890877,-0.03842441659030877,-0.019683648675693964,5.0
-1.806761352270454,4.461283437266322,0.2403141537909837,-0.037089644998912416,-0.048083722368930375,-0.04369327056963049,-0.03848465981484051,-0.01968767966410264,5.0
-1.805761152230446,4.460035256103272,0.24087517022339813,-0.037227173207953566,-0.04824089798866644,-0.04381241238047524,-0.03854470190820786,-0.019691568957598587,5.0
-1.8047609521904382,4.458787152964378,0.24143617041264645,-0.03736492421456256,-0.04839822790301347,-0.043931565658924594,-0.03860454286890537,-0.019695316971357194,5.0
-1.8037607521504302,4.457539128586399,0.24199715400524385,-0.037502897904808694,-0.048555711783302084,-0.044050729973034754,-0.038664182697693394,-0.01969892411980098,5.0
-1.8027605521104222,4.456291183700505,0.24255812065010862,-0.03764109416498937,-0.048713349301473176,-0.044169904891434915,-0.03872362139757921,-0.019702390816598404,5.0
-1.8017603520704142,4.455043319032324,0.24311906999853933,-0.03777951288162868,-0.04887114013007258,-0.0442890899833251,-0.038782858973798344,-0.019705717474662786,5.0
-1.8007601520304062,4.453795535302005,0.24368000170419088,-0.03791815394147587,-0.04902908394224626,-0.044408284818474635,-0.03884189543379602,-0.01970890450615127,5.0
-1.7997599519903982,4.452547833224258,0.24424091542305157,-0.03805701723150407,-0.049187180411735164,-0.04452748896722012,-0.03890073078720867,-0.019711952322463807,5.0
-1.7987597519503902,4.451300213508415,0.24480181081342078,-0.038196102638908935,-0.04934542921287059,-0.04464670200046394,-0.03895936504584579,-0.01971486133424233,5.0
-1.7977595519103822,4.450052676858481,0.24536268753588658,-0.03833541005110722,-0.04950383002056902,-0.044765923489672316,-0.03901779822367154,-0.019717631951369906,5.0
-1.7967593518703742,4.448805223973176,0.24592354525330345,-0.038474939355735656,-0.04966238251032742,-0.04488515300687376,-0.03907603033678691,-0.01972026458296996,5.0
-1.7957591518303662,4.447557855545997,0.24648438363077046,-0.03861469044064948,-0.04982108635821856,-0.045004390124657526,-0.03913406140341176,-0.019722759637405635,5.0
-1.7947589517903582,4.44631057226526,0.2470452023356098,-0.03875466319392132,-0.0499799412408862,-0.045123634416171746,-0.03919189144386704,-0.01972511752227912,5.0
-1.7937587517503502,4.445063374814146,0.24760600103734545,-0.03889485750383989,-0.05013894683554041,-0.04524288545512213,-0.03924952048055721,-0.019727338644431176,5.0
-1.7927585517103422,4.443816263870762,0.24816677940768128,-0.039035273258908855,-0.05029810281995299,-0.04536214281577021,-0.03930694853795279,-0.019729423409940584,5.0
-1.7917583516703341,4.442569240108175,0.2487275371204809,-0.03917591034784538,-0.050457408872452675,-0.04548140607293178,-0.03936417564257279,-0.01973137222412376,5.0
-1.7907581516303261,4.4413223041944665,0.24928827385174718,-0.039316768659579227,-0.05061686467192071,-0.04560067480197562,-0.03942120182296779,-0.019733185491534425,5.0
-1.7897579515903181,4.44007545679278,0.24984898927960106,-0.039457848083251354,-0.05077646989778636,-0.04571994857882176,-0.039478027109702656,-0.019734863615963293,5.0
-1.7887577515503101,4.438828698561363,0.25040968308426154,-0.0395991485082129,-0.050936224230022226,-0.04583922697994023,-0.0395346515353397,-0.019736407000437918,5.0
-1.7877575515103021,4.437582030153617,0.2509703549480264,-0.0397406698240239,-0.051096127349139916,-0.04595850958234955,-0.03959107513442184,-0.019737816047222453,5.0
-1.7867573514702941,4.43633545221814,0.2515310045552513,-0.039882411920452124,-0.051256178936185524,-0.046077795963615255,-0.03964729794345585,-0.019739091157817624,5.0
-1.7857571514302861,4.435088965398771,0.25209163159233144,-0.04002437468747207,-0.05141637867273535,-0.046197085701848745,-0.039703320000896006,-0.01974023273296075,5.0
-1.7847569513902781,4.433842570334638,0.2526522357476812,-0.04016655801526352,-0.051576726240891234,-0.04631637837570567,-0.03975914134712752,-0.01974124117262564,5.0
-1.7837567513502701,4.432596267660196,0.25321281671171564,-0.040308961794210646,-0.05173722132327642,-0.046435673564384765,-0.03981476202445033,-0.019742116876022814,5.0
-1.7827565513102621,4.431350058005278,0.2537733741768311,-0.04045158591490073,-0.05189786360303121,-0.04655497084762649,-0.03987018207706305,-0.01974286024159965,5.0
-1.7817563512702541,4.430103941995127,0.2543339078373874,-0.04059443026812308,-0.05205865276380863,-0.0466742698057119,-0.03992540155104691,-0.019743471667040522,5.0
-1.780756151230246,4.4288579202504526,0.25489441738968827,-0.04073749474486777,-0.05221958848977005,-0.046793570019461106,-0.03998042049434985,-0.019743951549267138,5.0
-1.779755951190238,4.427611993387457,0.2554549025319639,-0.04088077923632461,-0.05238067046558105,-0.046912871070232356,-0.04003523895677099,-0.019744300284438857,5.0
-1.77875575115023,4.426366162017891,0.2560153629643529,-0.041024283633881824,-0.05254189837640717,-0.04703217253992056,-0.040089856989944835,-0.01974451826795304,5.0
-1.777755551110222,4.425120426749085,0.256575798388883,-0.041168007829125046,-0.05270327190790964,-0.04715147401095632,-0.04014427464732593,-0.019744605894445506,5.0
-1.776755351070214,4.423874788183993,0.25713620850945557,-0.04131195171383613,-0.052864790746241286,-0.047270775066304685,-0.040198491984173565,-0.019744563557790973,5.0
-1.775755151030206,4.422629246921234,0.25769659303182646,-0.04145611517999185,-0.053026454578042316,-0.04739007528946405,-0.04025250905753649,-0.019744391651103668,5.0
-1.774754950990198,4.42138380355513,0.2582569516635894,-0.04160049811976294,-0.053188263090436144,-0.047509374264465026,-0.04030632592623795,-0.01974409056673783,5.0
-1.77375475095019,4.420138458675744,0.25881728411415894,-0.041745100425512674,-0.05335021597102536,-0.047628671575869294,-0.04035994265086066,-0.019743660696288315,5.0
-1.772754550910182,4.418893212868924,0.2593775900947531,-0.04188992198979599,-0.053512312907887674,-0.04774796680876882,-0.0404133592937321,-0.019743102430591335,5.0
-1.771754350870174,4.417648066716333,0.2599378693183768,-0.04203496270535807,-0.05367455358957177,-0.0478672595487844,-0.040466575918909745,-0.019742416159725124,5.0
-1.770754150830166,4.416403020795495,0.2604981214998054,-0.04218022246513326,-0.05383693770509334,-0.047986549382065036,-0.040519592592166545,-0.019741602273010667,5.0
-1.769753950790158,4.415158075679827,0.26105834635556835,-0.042325701162243906,-0.05399946494393095,-0.04810583589528674,-0.04057240938097655,-0.01974066115901251,5.0
-1.76875375075015,4.413913231938681,0.26161854360393283,-0.04247139868999915,-0.054162134996022175,-0.048225118675651615,-0.04062502635450048,-0.01973959320553959,5.0
-1.767753550710142,4.412668490137375,0.26217871296488754,-0.042617314941893795,-0.05432494755175965,-0.04834439731088693,-0.04067744358357161,-0.019738398799646065,5.0
-1.766753350670134,4.411423850837233,0.26273885416012704,-0.04276344981160711,-0.05448790230198712,-0.048463671389244234,-0.040729661140681696,-0.019737078327632235,5.0
-1.765753150630126,4.410179314595621,0.2632989669130361,-0.042909803193001576,-0.05465099893799539,-0.04858294049949833,-0.04078167909996691,-0.019735632175045446,5.0
-1.764752950590118,4.40893488196598,0.2638590509486741,-0.04305637498012186,-0.05481423715151876,-0.04870220423094668,-0.04083349753719424,-0.019734060726681067,5.0
-1.76375275055011,4.407690553497864,0.26441910599375895,-0.04320316506719359,-0.05497761663473084,-0.048821462173408214,-0.040885116529747426,-0.019732364366583467,5.0
-1.762752550510102,4.406446329736973,0.2649791317766528,-0.04335017334862216,-0.05514113708024095,-0.048940713917222795,-0.04093653615661361,-0.01973054347804705,5.0
-1.761752350470094,4.405202211225185,0.265539128027346,-0.04349739971899158,-0.055304798181090194,-0.049059959053250196,-0.040987756498369665,-0.019728598443617247,5.0
-1.760752150430086,4.403958198500597,0.26609909447744357,-0.04364484407306341,-0.055468599630747795,-0.04917919717286951,-0.041038777637168906,-0.019726529645091674,5.0
-1.759751950390078,4.402714292097549,0.266659030860148,-0.04379250630577546,-0.055632541123107254,-0.04929842786797821,-0.041089599656727656,-0.019724337463521154,5.0
-1.75875175035007,4.401470492546665,0.26721893691024684,-0.043940386312240724,-0.05579662235248268,-0.04941765073099153,-0.041140222642312235,-0.019722022279210865,5.0
-1.757751550310062,4.40022680037488,0.2677788123640972,-0.044088483987746306,-0.055960843013605155,-0.04953686535484172,-0.041190646680725695,-0.019719584471721542,5.0
-1.756751350270054,4.398983216105477,0.2683386569596107,-0.04423679922775218,-0.05612520280161901,-0.04965607133297727,-0.041240871860295,-0.01971702441987057,5.0
-1.755751150230046,4.397739740258115,0.26889847043624004,-0.04438533192789012,-0.05628970141207816,-0.04977526825936229,-0.041290898270857954,-0.019714342501733206,5.0
-1.754750950190038,4.396496373348862,0.269458252534965,-0.0445340819839626,-0.056454338540942575,-0.04989445572847591,-0.04134072600375069,-0.01971153909464385,5.0
-1.75375075015003,4.395253115890226,0.2700180029982774,-0.044683049291941675,-0.05661911388457478,-0.050013633335311516,-0.04139035515179471,-0.01970861457519722,5.0
-1.752750550110022,4.3940099683911855,0.2705777215701673,-0.04483223374796782,-0.05678402713973607,-0.05013280067537615,-0.04143978580928452,-0.019705569319249636,5.0
-1.751750350070014,4.39276693135722,0.2711374079961101,-0.04498163524834896,-0.05694907800358328,-0.05025195734468997,-0.041489018071975095,-0.01970240370192033,5.0
-1.750750150030006,4.39152400529034,0.27169706202305144,-0.04513125368955923,-0.05711426617366509,-0.05037110293978562,-0.041538052037069416,-0.01969911809759274,5.0
-1.749749949989998,4.390281190689116,0.27225668339939463,-0.0452810889682381,-0.05727959134791868,-0.05049023705770762,-0.04158688780320628,-0.019695712879915835,5.0
-1.74874974994999,4.389038488048708,0.2728162718749864,-0.0454311409811891,-0.05744505322466615,-0.05060935929601181,-0.04163552547044805,-0.01969218842180544,5.0
-1.747749549909982,4.387795897860895,0.273375827201104,-0.045581409625378884,-0.05761065150261132,-0.05072846925276492,-0.04168396514026863,-0.01968854509544567,5.0
-1.746749349869974,4.386553420614098,0.2739353491304413,-0.0457318947979362,-0.05777638588083624,-0.05084756652654393,-0.04173220691554149,-0.01968478327229027,5.0
-1.745749149829966,4.385311056793419,0.2744948374170967,-0.04588259639615073,-0.05794225605879777,-0.0509666507164356,-0.04178025090052765,-0.019680903323064075,5.0
-1.744748949789958,4.384068806880655,0.27505429181655805,-0.04603351431747223,-0.05810826173632445,-0.05108572142203606,-0.041828097200864,-0.01967690561776441,5.0
-1.74374874974995,4.382826671354339,0.27561371208569163,-0.0461846484595093,-0.058274402613613094,-0.0512047782434502,-0.04187574592355153,-0.01967279052566257,5.0
-1.742748549709942,4.381584650689755,0.27617309798272854,-0.046335998720028616,-0.058440678391225555,-0.05132382078129134,-0.04192319717694377,-0.019668558415305307,5.0
-1.741748349669934,4.3803427453589725,0.2767324492672515,-0.04648756499695376,-0.0586070887700854,-0.05144284863668077,-0.04197045107073526,-0.019664209654516332,5.0
-1.740748149629926,4.379100955830871,0.27729176570018227,-0.04663934718836421,-0.05877363345147482,-0.05156186141124729,-0.04201750771595006,-0.019659744610397812,5.0
-1.739747949589918,4.377859282571163,0.27785104704377,-0.04679134519249447,-0.05894031213703148,-0.05168085870712681,-0.04206436722493059,-0.019655163649331987,5.0
-1.73874774954991,4.376617726042424,0.2784102930615778,-0.04694355890773299,-0.05910712452874514,-0.05179984012696205,-0.042111029711326194,-0.019650467136982683,5.0
-1.737747549509902,4.3753762867041175,0.2789695035184713,-0.04709598823262126,-0.05927407032895476,-0.05191880527390203,-0.042157495290082135,-0.01964565543829691,5.0
-1.736747349469894,4.374134965012617,0.27952867818060584,-0.04724863306585284,-0.0594411492403454,-0.052037753751601905,-0.042203764077428575,-0.019640728917506563,5.0
-1.735747149429886,4.372893761421236,0.2800878168154155,-0.047401493306272365,-0.05960836096594496,-0.05215668516422249,-0.042249836190869555,-0.01963568793812996,5.0
-1.734746949389878,4.371652676380251,0.2806469191916004,-0.04755456885287462,-0.05977570520912128,-0.05227559911642998,-0.04229571174917212,-0.019630532862973542,5.0
-1.73374674934987,4.370411710336922,0.28120598507911576,-0.04770785960480371,-0.05994318167357912,-0.052394495213395696,-0.0423413908723557,-0.019625264054133604,5.0
-1.732746549309862,4.36917086373553,0.28176501424915973,-0.0478613654613519,-0.060110790063357115,-0.05251337306079575,-0.04238687368168128,-0.019619881872997933,5.0
-1.731746349269854,4.367930137017386,0.2823240064741636,-0.04801508632195888,-0.0602785300828248,-0.05263223226481077,-0.04243216029964093,-0.019614386680247585,5.0
-1.730746149229846,4.366689530620867,0.2828829615277799,-0.04816902208621088,-0.06044640143667976,-0.0527510724321258,-0.042477250849947266,-0.019608778835858633,5.0
-1.729745949189838,4.365449044981437,0.28344187918487124,-0.04832317265383954,-0.06061440382994463,-0.05286989316992986,-0.04252214545752311,-0.019603058699103906,5.0
-1.72874574914983,4.3642086805316715,0.2840007592215008,-0.04847753792472133,-0.060782536967964304,-0.052988694085915874,-0.04256684424849112,-0.01959722662855482,5.0
-1.727745549109822,4.362968437701284,0.28455960141492115,-0.048632117798876294,-0.06095080055640289,-0.05310747478828037,-0.042611347350163656,-0.01959128298208312,5.0
-1.726745349069814,4.361728316917147,0.2851184055435652,-0.048786912176467495,-0.06111919430124108,-0.05322623488572346,-0.04265565489103257,-0.019585228116862762,5.0
-1.725745149029806,4.360488318603322,0.285677171387035,-0.04894192095779984,-0.06128771790877316,-0.05334497398744835,-0.04269976700075915,-0.019579062389371696,5.0
-1.724744948989798,4.359248443181079,0.28623589872609373,-0.04909714404331947,-0.061456371085604325,-0.053463691703161585,-0.04274368381016426,-0.01957278615539374,5.0
-1.72374474894979,4.358008691068929,0.2867945873426547,-0.049252581333612745,-0.06162515353864791,-0.053582387643072646,-0.04278740545121845,-0.01956639977002045,5.0
-1.722744548909782,4.3567690626826385,0.2873532370197737,-0.049408232729405324,-0.061794064975122534,-0.05370106141789381,-0.04283093205703197,-0.0195599035876529,5.0
-1.721744348869774,4.355529558435263,0.28791184754163957,-0.04956409813156151,-0.061963105102549584,-0.05381971263884018,-0.04287426376184542,-0.0195532979620037,5.0
-1.720744148829766,4.354290178737169,0.2884704186935652,-0.04972017744108314,-0.06213227362875024,-0.05393834091762948,-0.04291740070101975,-0.01954658324609873,5.0
-1.719743948789758,4.353050923996058,0.2890289502619792,-0.04987647055910891,-0.06230157026184297,-0.05405694586648189,-0.04296034301102686,-0.019539759792279083,5.0
-1.7187437487497499,4.351811794616994,0.2895874420344182,-0.050032977386913445,-0.06247099471024079,-0.054175527098120006,-0.04300309082944013,-0.019532827952202916,5.0
-1.7177435487097419,4.350572791002426,0.290145893799518,-0.05018969782590644,-0.06264054668264868,-0.05429408422576879,-0.04304564429492494,-0.01952578807684737,5.0
-1.7167433486697339,4.349333913552215,0.2907043053470054,-0.05034663177763194,-0.06281022588806089,-0.0544126168631555,-0.0430880035472293,-0.01951864051651036,5.0
-1.7157431486297259,4.348095162663657,0.29126267646769105,-0.0505037791437672,-0.06298003203575821,-0.05453112462450929,-0.04313016872717461,-0.019511385620812484,5.0
-1.7147429485897179,4.346856538731507,0.2918210069534625,-0.05066113982612214,-0.06314996483530554,-0.054649607124561655,-0.043172139976646415,-0.019504023738698913,5.0
-1.7137427485497099,4.345618042148007,0.2923792965972745,-0.05081871372663833,-0.06332002399654932,-0.0547680639785459,-0.043213917438585304,-0.019496555218441174,5.0
-1.7127425485097019,4.344379673302903,0.29293754519314325,-0.05097650074738822,-0.06349020922961474,-0.054886494802197344,-0.043255501256977746,-0.01948898040763904,5.0
-1.7117423484696939,4.343141432583479,0.2934957525361379,-0.05113450079057426,-0.06366052024490335,-0.05500489921175303,-0.043296891576847,-0.019481299653222265,5.0
-1.7107421484296859,4.34190332037457,0.29405391842237405,-0.05129271375852806,-0.06383095675309046,-0.05512327682395178,-0.04333808854424431,-0.019473513301452527,5.0
-1.7097419483896779,4.340665337058591,0.29461204264900487,-0.0514511395537095,-0.06400151846512263,-0.055241627256034105,-0.043379092306239826,-0.019465621697925085,5.0
-1.7087417483496699,4.3394274830155615,0.2951701250142147,-0.051609778078705905,-0.06417220509221504,-0.055359950125742005,-0.043419903010913766,-0.01945762518757061,5.0
-1.7077415483096618,4.338189758623119,0.2957281653172117,-0.05176862923623129,-0.06434301634584914,-0.055478245051319125,-0.04346052080734772,-0.01944952411465701,5.0
-1.7067413482696538,4.33695216425655,0.2962861633582193,-0.05192769292912539,-0.06451395193776994,-0.05559651165151037,-0.04350094584561578,-0.019441318822791067,5.0
-1.7057411482296458,4.335714700288806,0.29684411893846924,-0.05208696906035278,-0.06468501157998367,-0.055714749545561985,-0.043541178276775755,-0.01943300965492023,5.0
-1.7047409481896378,4.334477367090527,0.29740203186019354,-0.052246457533002146,-0.06485619498475512,-0.05583295835322145,-0.04358121825286072,-0.019424596953334317,5.0
-1.7037407481496298,4.333240165030056,0.2979599019266167,-0.05240615825028539,-0.06502750186460547,-0.05595113769473743,-0.043621065926870345,-0.019416081059667224,5.0
-1.7027405481096218,4.332003094473468,0.29851772894194734,-0.05256607111553673,-0.06519893193230952,-0.05606928719085951,-0.04366072145276226,-0.01940746231489858,5.0
-1.7017403480696138,4.3307661557845805,0.29907551271137106,-0.05272619603221196,-0.06537048490089352,-0.05618740646283834,-0.043700184985443695,-0.019398741059355462,5.0
-1.7007401480296058,4.329529349324973,0.2996332530410416,-0.05288653290388756,-0.06554216048363248,-0.05630549513242534,-0.04373945668076299,-0.019389917632714016,5.0
-1.6997399479895978,4.32829267545401,0.3001909497380723,-0.05304708163425972,-0.06571395839404791,-0.05642355282187265,-0.04377853669550114,-0.01938099237400111,5.0
-1.6987397479495898,4.327056134528853,0.30074860261052866,-0.053207842127143704,-0.06588587834590531,-0.056541579153933076,-0.0438174251873636,-0.01937196562159598,5.0
-1.6977395479095818,4.325819726904479,0.3013062114674189,-0.05336881428647306,-0.06605792005321208,-0.05665957375186013,-0.04385612231497196,-0.019362837713231915,5.0
-1.6967393478695738,4.3245834529336955,0.3018637761186861,-0.0535299980162985,-0.06623008323021473,-0.0567775362394077,-0.04389462823785568,-0.01935360898599775,5.0
-1.6957391478295658,4.323347312967162,0.3024212963751992,-0.05369139322078739,-0.0664023675913968,-0.056895466240830084,-0.04393294311644397,-0.019344279776339585,5.0
-1.6947389477895578,4.3221113073533965,0.30297877204874457,-0.053852999804222736,-0.06657477285147649,-0.057013363380881914,-0.043971067112057755,-0.01933485042006239,5.0
-1.6937387477495498,4.320875436438797,0.3035362029520174,-0.05401481767100261,-0.06674729872540443,-0.05713122728481815,-0.04400900038690156,-0.019325321252331593,5.0
-1.6927385477095418,4.319639700567656,0.30409358889861327,-0.05417684672563903,-0.0669199449283611,-0.05724905757839393,-0.04404674310405546,-0.01931569260767466,5.0
-1.6917383476695338,4.318404100082169,0.30465092970301866,-0.05433908687275758,-0.067092711175755,-0.05736685388786453,-0.04408429542746737,-0.019305964819982785,5.0
-1.690738147629526,4.317168635322459,0.30520822518060275,-0.05450153801709637,-0.06726559718322009,-0.0574846158399854,-0.04412165752194493,-0.019296138222512423,5.0
-1.689737947589518,4.31593330662658,0.3057654751476095,-0.05466420006350532,-0.06743860266661375,-0.057602343062012076,-0.044158829553147934,-0.019286213147886932,5.0
-1.68873774754951,4.314698114330538,0.30632267942114805,-0.05482707291694551,-0.0676117273420144,-0.05772003518170006,-0.04419581168758037,-0.01927618992809817,5.0
-1.687737547509502,4.313463058768303,0.30687983781918526,-0.05499015648248834,-0.06778497092571957,-0.05783769182730496,-0.04423260409258285,-0.01926606889450811,5.0
-1.686737347469494,4.312228140271819,0.30743695016053685,-0.05515345066531499,-0.0679583331342436,-0.057955312627582474,-0.04426920693632506,-0.019255850377850516,5.0
-1.685737147429486,4.310993359171024,0.30799401626486034,-0.055316955370715536,-0.06813181368431567,-0.05807289721178832,-0.04430562038779807,-0.019245534708232495,5.0
-1.684736947389478,4.309758715793859,0.308551035952645,-0.05548067050408839,-0.06830541229287754,-0.058190445209678324,-0.04434184461680689,-0.019235122215136135,5.0
-1.68373674734947,4.3085242104662855,0.3091080090452052,-0.05564459597093956,-0.06847912867708156,-0.05830795625150832,-0.04437787979396302,-0.019224613227420143,5.0
-1.682736547309462,4.307289843512295,0.30966493536467293,-0.055808731676882065,-0.06865296255428875,-0.058425429968034424,-0.04441372609067711,-0.019214008073321527,5.0
-1.681736347269454,4.306055615253925,0.31022181473398985,-0.05597307752763515,-0.06882691364206663,-0.058542865990512775,-0.044449383679151556,-0.019203307080457144,5.0
-1.680736147229446,4.304821526011275,0.31077864697689933,-0.05613763342902388,-0.06900098165818724,-0.058660263950699884,-0.04448485273237329,-0.01919251057582543,5.0
-1.679735947189438,4.303587576102516,0.31133543191794055,-0.05630239928697837,-0.06917516632062538,-0.058777623480852546,-0.04452013342410662,-0.019181618885807966,5.0
-1.67873574714943,4.302353765843909,0.31189216938243997,-0.05646737500753317,-0.06934946734755633,-0.05889494421372791,-0.044555225928885965,-0.019170632336171195,5.0
-1.677735547109422,4.301120095549816,0.31244885919650495,-0.056632560496826766,-0.06952388445735426,-0.05901222578258351,-0.044590130422008864,-0.019159551252068002,5.0
-1.676735347069414,4.299886565532714,0.3130055011870172,-0.056797955661100914,-0.06969841736859003,-0.05912946782117758,-0.04462484707952888,-0.019148375958039414,5.0
-1.675735147029406,4.298653176103212,0.31356209518162576,-0.056963560406700135,-0.06987306580002958,-0.05924666996376879,-0.044659376078248665,-0.01913710677801623,5.0
-1.674734946989398,4.297419927570063,0.31411864100874093,-0.05712937464007109,-0.07004782947063191,-0.05936383184511661,-0.04469371759571295,-0.01912574403532067,5.0
-1.67373474694939,4.2961868202401785,0.31467513849752743,-0.057295398267762164,-0.07022270809954734,-0.0594809531004813,-0.04472787181020185,-0.019114288052668054,5.0
-1.672734546909382,4.294953854418645,0.31523158747789787,-0.05746163119642266,-0.07039770140611544,-0.05959803336562404,-0.044761838900723806,-0.019102739152168393,5.0
-1.671734346869374,4.293721030408733,0.3157879877805078,-0.057628073332802544,-0.07057280910986352,-0.0597150722768069,-0.044795619047008926,-0.0190910976553281,5.0
-1.670734146829366,4.292488348511917,0.3163443392367489,-0.05779472458375179,-0.07074803093050482,-0.059832069470793274,-0.04482921242950243,-0.019079363883051616,5.0
-1.669733946789358,4.291255809027886,0.3169006416787423,-0.0579615848562198,-0.07092336658793641,-0.05994902458484755,-0.04486261922935769,-0.019067538155643018,5.0
-1.66873374674935,4.290023412254562,0.31745689493933443,-0.05812865405725492,-0.07109881580223774,-0.06006593725673543,-0.0448958396284298,-0.01905562079280772,5.0
-1.667733546709342,4.288791158488105,0.31801309885208967,-0.058295932094004,-0.07127437829366878,-0.060182807124724146,-0.04492887380926903,-0.019043612113654105,5.0
-1.666733346669334,4.287559048022938,0.31856925325128566,-0.05846341887371168,-0.07145005378266815,-0.060299633827582334,-0.044961721955114144,-0.019031512436695087,5.0
-1.665733146629326,4.286327081151755,0.3191253579719068,-0.058631114303720144,-0.07162584198985157,-0.060416417004580183,-0.04499438424988613,-0.019019322079849837,5.0
-1.664732946589318,4.285095258165532,0.3196814128496394,-0.05879901829146824,-0.07180174263601007,-0.06053315629548961,-0.0450268608781817,-0.019007041360445367,5.0
-1.66373274654931,4.283863579353548,0.3202374177208657,-0.058967130744491406,-0.07197775544210827,-0.06064985134058438,-0.04505915202526696,-0.01899467059521818,5.0
-1.662732546509302,4.28263204500339,0.3207933724226584,-0.05913545157042073,-0.07215388012928262,-0.06076650178064003,-0.04509125787707096,-0.01898221010031587,5.0
-1.661732346469294,4.281400655400975,0.321349276792775,-0.059303980676982705,-0.07233011641883975,-0.06088310725693415,-0.04512317862017966,-0.018969660191298778,5.0
-1.660732146429286,4.280169410830554,0.3219051306696526,-0.05947271797199856,-0.0725064640322548,-0.060999667411246385,-0.04515491444182959,-0.018957021183141548,5.0
-1.659731946389278,4.278938311574735,0.3224609338924021,-0.05964166336338376,-0.07268292269116963,-0.061116181885858455,-0.045186465529901625,-0.01894429339023481,5.0
-1.65873174634927,4.277707357914483,0.3230166863008027,-0.05981081675914764,-0.0728594921173913,-0.06123265032355445,-0.04521783207291505,-0.01893147712638675,5.0
-1.657731546309262,4.276476550129146,0.323572387735297,-0.05998017806739258,-0.07303617203289037,-0.061349072367620716,-0.045249014260021314,-0.018918572704824724,5.0
-1.656731346269254,4.275245888496459,0.32412803803698487,-0.06014974719631368,-0.07321296215979907,-0.061465447661846064,-0.04528001228099812,-0.018905580438196852,5.0
-1.6557311462292459,4.2740153732925545,0.3246836370476184,-0.06031952405419821,-0.07338986222040986,-0.06158177585052181,-0.045310826326243406,-0.018892500638573655,5.0
-1.6547309461892379,4.272785004791984,0.3252391846095962,-0.06048950854942494,-0.07356687193717362,-0.06169805657844185,-0.04534145658676948,-0.018879333617449607,5.0
-1.6537307461492299,4.271554783267719,0.3257946805659588,-0.06065970059046374,-0.07374399103269809,-0.0618142894909028,-0.04537190325419713,-0.01886607968574475,5.0
-1.6527305461092219,4.270324708991169,0.326350124760382,-0.06083010008587493,-0.07392121922974632,-0.06193047423370409,-0.04540216652074985,-0.018852739153806336,5.0
-1.6517303460692139,4.269094782232192,0.32690551703717263,-0.061000706944308834,-0.07409855625123489,-0.062046610453148104,-0.04543224657924802,-0.018839312331410337,5.0
-1.6507301460292059,4.267865003259105,0.32746085724126217,-0.06117152107450507,-0.07427600182023243,-0.06216269779604007,-0.04546214362310318,-0.018825799527763056,5.0
-1.6497299459891979,4.266635372338694,0.32801614521820194,-0.061342542385292124,-0.07445355565995788,-0.06227873590968851,-0.04549185784631243,-0.018812201051502775,5.0
-1.6487297459491899,4.265405889736228,0.3285713808141577,-0.06151377078558673,-0.07463121749377906,-0.06239472444190494,-0.04552138944345277,-0.01879851721070122,5.0
-1.6477295459091819,4.2641765557154665,0.32912656387590455,-0.06168520618439338,-0.074808987045211,-0.0625106630410044,-0.04555073860967558,-0.018784748312865283,5.0
-1.6467293458691739,4.262947370538672,0.3296816942508212,-0.061856848490803654,-0.07498686403791434,-0.06262655135580526,-0.04557990554070105,-0.018770894664938503,5.0
-1.6457291458291659,4.26171833446662,0.330236771786885,-0.06202869761399578,-0.0751648481956938,-0.06274238903562954,-0.045608890432812736,-0.018756956573302695,5.0
-1.6447289457891578,4.260489447758611,0.3307917963326661,-0.062200753463233865,-0.07534293924249663,-0.06285817573030276,-0.045637693482852064,-0.01874293434377948,5.0
-1.6437287457491498,4.2592607106724785,0.33134676773732374,-0.06237301594786757,-0.0755211369024111,-0.06297391109015459,-0.04566631488821324,-0.018728828281631933,5.0
-1.6427285457091418,4.2580321234646,0.3319016858505992,-0.06254548497733135,-0.0756994408996649,-0.06308959476601828,-0.04569475484683751,-0.018714638691566077,5.0
-1.6417283456691338,4.256803686389911,0.33245655052281264,-0.06271816046114408,-0.07587785095862368,-0.0632052264092315,-0.04572301355720821,-0.01870036587773255,5.0
-1.6407281456291258,4.255575399701907,0.333011361604857,-0.06289104230890828,-0.07605636680378956,-0.06332080567163609,-0.04575109121834542,-0.018686010143728077,5.0
-1.6397279455891178,4.254347263652662,0.33356611894819294,-0.06306413043030973,-0.07623498815979964,-0.06343633220557834,-0.045778988029800835,-0.01867157179259712,5.0
-1.6387277455491098,4.253119278492835,0.3341208224048444,-0.06323742473511677,-0.07641371475142449,-0.06355180566390915,-0.0458067041916526,-0.018657051126833395,5.0
-1.6377275455091018,4.25189144447168,0.3346754718273943,-0.06341092513317989,-0.07659254630356666,-0.06366722569998416,-0.04583423990450015,-0.018642448448381484,5.0
-1.6367273454690938,4.250663761837059,0.335230067068979,-0.063584631534431,-0.07677148254125929,-0.063782591967664,-0.04586159536945928,-0.018627764058638314,5.0
-1.6357271454290858,4.249436230835446,0.3357846079832838,-0.06375854384888308,-0.07695052318966479,-0.06389790412131462,-0.04588877078815717,-0.01861299825845486,5.0
-1.6347269453890778,4.248208851711946,0.33633909442453963,-0.06393266198662947,-0.07712966797407321,-0.06401316181580713,-0.04591576636272729,-0.018598151348137564,5.0
-1.6337267453490698,4.2469816247102985,0.33689352624751706,-0.06410698585784341,-0.07730891661990086,-0.06412836470651824,-0.04594258229580459,-0.01858322362744994,5.0
-1.6327265453090618,4.245754550072891,0.3374479033075232,-0.06428151537277745,-0.07748826885268914,-0.06424351244933056,-0.04596921879052064,-0.01856821539561416,5.0
-1.6317263452690538,4.244527628040769,0.33800222546039727,-0.06445625044176294,-0.0776677243981029,-0.06435860470063258,-0.0459956760504987,-0.018553126951312525,5.0
-1.6307261452290458,4.2433008588536465,0.33855649256250653,-0.06463119097520949,-0.07784728298192925,-0.06447364111731908,-0.046021954279849134,-0.018537958592689058,5.0
-1.6297259451890378,4.242074242749918,0.3391107044707423,-0.06480633688360458,-0.07802694433007619,-0.06458862135679135,-0.046048053683164406,-0.018522710617351033,5.0
-1.6287257451490298,4.240847779966666,0.3396648610425168,-0.06498168807751283,-0.07820670816857127,-0.06470354507695734,-0.04607397446551456,-0.018507383322370473,5.0
-1.6277255451090218,4.239621470739675,0.34021896213575836,-0.06515724446757559,-0.07838657422356017,-0.06481841193623183,-0.04609971683244243,-0.018491977004285672,5.0
-1.6267253450690138,4.238395315303443,0.34077300760890916,-0.06533300596451044,-0.07856654222130563,-0.06493322159353694,-0.04612528098995915,-0.01847649195910274,5.0
-1.6257251450290058,4.237169313891189,0.3413269973209207,-0.06550897247911062,-0.07874661188818581,-0.06504797370830209,-0.04615066714453928,-0.018460928482297013,5.0
-1.6247249449889978,4.235943466734869,0.34188093113125145,-0.06568514392224464,-0.07892678295069346,-0.0651626679404644,-0.04617587550311657,-0.018445286868814654,5.0
-1.6237247449489898,4.234717774065183,0.34243480889986333,-0.0658615202048558,-0.07910705513543426,-0.06527730395046898,-0.04620090627307911,-0.01842956741307403,5.0
-1.6227245449089818,4.233492236111589,0.34298863048721817,-0.06603810123796137,-0.07928742816912565,-0.06539188139926891,-0.046225759662265005,-0.01841377040896721,5.0
-1.6217243448689738,4.232266853102311,0.3435423957542753,-0.06621488693265258,-0.07946790177859572,-0.06550639994832577,-0.04625043587895785,-0.01839789614986142,5.0
-1.6207241448289658,4.231041625264354,0.344096104562488,-0.06639187720009378,-0.07964847569078187,-0.06562085925960974,-0.046274935131882196,-0.01838194492860045,5.0
-1.6197239447889578,4.229816552823515,0.3446497567738015,-0.06656907195152213,-0.07982914963272965,-0.06573525899559993,-0.04629925763019929,-0.018365917037506126,5.0
-1.6187237447489498,4.228591636004391,0.34520335225064885,-0.06674647109824716,-0.08000992333159147,-0.06584959881928451,-0.046323403583502586,-0.01834981276837965,5.0
-1.6177235447089418,4.227366875030393,0.34575689085594885,-0.06692407455164998,-0.08019079651462525,-0.06596387839416093,-0.04634737320181325,-0.018333632412503,5.0
-1.6167233446689337,4.2261422701237565,0.3463103724531039,-0.06710188222318317,-0.08037176890919354,-0.06607809738423623,-0.04637116669557602,-0.018317376260640297,5.0
-1.6157231446289257,4.224917821505553,0.34686379690599606,-0.06727989402437004,-0.08055284024276187,-0.0661922554540272,-0.04639478427565474,-0.01830104460303916,5.0
-1.6147229445889177,4.223693529395698,0.34741716407898465,-0.06745810986680432,-0.0807340102428981,-0.06630635226856055,-0.0464182261533281,-0.01828463772943205,5.0
-1.6137227445489097,4.222469394012965,0.34797047383690377,-0.06763652966214972,-0.08091527863727081,-0.06642038749337334,-0.0464414925402854,-0.01826815592903755,5.0
-1.6127225445089017,4.221245415574995,0.3485237260450585,-0.06781515332213915,-0.08109664515364813,-0.06653436079451276,-0.04646458364862219,-0.018251599490561647,5.0
-1.6117223444688937,4.2200215942983075,0.34907692056922374,-0.06799398075857446,-0.08127810951989672,-0.06664827183853668,-0.04648749969083608,-0.01823496870219906,5.0
-1.6107221444288857,4.2187979303983045,0.3496300572756391,-0.0681730118833259,-0.08145967146398038,-0.06676212029251359,-0.04651024087982257,-0.018218263851634425,5.0
-1.6097219443888777,4.21757442408929,0.35018313603100737,-0.0683522466083317,-0.08164133071395911,-0.06687590582402293,-0.0465328074288708,-0.018201485226043604,5.0
-1.6087217443488697,4.2163510755844715,0.35073615670249103,-0.06853168484559745,-0.08182308699798763,-0.06698962810115518,-0.04655519955165939,-0.018184633112094832,5.0
-1.6077215443088617,4.215127885095973,0.3512891191577093,-0.06871132650719562,-0.08200494004431437,-0.06710328679251193,-0.046577417462252295,-0.018167707795949947,5.0
-1.6067213442688537,4.213904852834841,0.3518420232647337,-0.06889117150526526,-0.08218688958128043,-0.06721688156720612,-0.04659946137509471,-0.01815070956326561,5.0
-1.6057211442288457,4.212681979011057,0.3523948688920858,-0.06907121975201119,-0.08236893533731802,-0.06733041209486225,-0.0466213315050089,-0.018133638699194404,5.0
-1.6047209441888377,4.2114592638335395,0.35294765590873384,-0.06925147115970377,-0.08255107704094963,-0.06744387804561623,-0.046643028067190236,-0.018116495488386054,5.0
-1.6037207441488297,4.210236707510158,0.35350038418408747,-0.06943192564067809,-0.08273331442078659,-0.06755727909011579,-0.04666455127720296,-0.018099280214988484,5.0
-1.6027205441088217,4.209014310247737,0.3540530535879962,-0.06961258310733377,-0.0829156472055281,-0.06767061489952039,-0.046685901350976305,-0.01808199316264902,5.0
-1.6017203440688137,4.2077920722520625,0.35460566399074434,-0.06979344347213425,-0.08309807512395989,-0.06778388514550145,-0.04670707850480041,-0.018064634614515452,5.0
-1.6007201440288057,4.206569993727892,0.3551582152630467,-0.06997450664760632,-0.08328059790495322,-0.06789708950024241,-0.046728082955322436,-0.01804720485323718,5.0
-1.5997199439887977,4.205348074878957,0.3557107072760459,-0.07015577254633963,-0.08346321527746366,-0.06801022763643888,-0.046748914919542486,-0.018029704160966255,5.0
-1.5987197439487897,4.204126315907972,0.35626313990130654,-0.07033724108098607,-0.0836459269705297,-0.06812329922729861,-0.046769574614809774,-0.018012132819358487,5.0
-1.5977195439087817,4.20290471701664,0.3568155130108129,-0.07051891216425941,-0.08382873271327194,-0.06823630394654163,-0.04679006225881867,-0.017994491109574542,5.0
-1.5967193438687737,4.201683278405656,0.357367826476963,-0.0707007857089346,-0.08401163223489182,-0.0683492414684005,-0.04681037806960489,-0.017976779312280974,5.0
-1.5957191438287657,4.200462000274717,0.3579200801725653,-0.07088286162784738,-0.08419462526467038,-0.0684621114676202,-0.04683052226554163,-0.017958997707651306,5.0
-1.5947189437887577,4.199240882822521,0.35847227397083475,-0.07106513983389369,-0.0843777115319673,-0.0685749136194583,-0.04685049506533577,-0.01794114657536711,5.0
-1.5937187437487497,4.1980199262467774,0.35902440774538696,-0.07124762024002926,-0.08456089076621966,-0.06868764759968515,-0.046870296688024136,-0.01792322619461902,5.0
-1.5927185437087417,4.1967991307442105,0.3595764813702346,-0.07143030275926883,-0.08474416269694078,-0.06880031308458393,-0.046889927352969686,-0.017905236844107834,5.0
-1.5917183436687337,4.195578496510562,0.36012849471978353,-0.07161318730468604,-0.08492752705371938,-0.06891290975095067,-0.046909387279857884,-0.017887178802045538,5.0
-1.5907181436287257,4.194358023740599,0.36068044766882706,-0.07179627378941246,-0.0851109835662181,-0.06902543727609435,-0.04692867668869288,-0.017869052346156353,5.0
-1.5897179435887177,4.193137712628118,0.3612323400925437,-0.07197956212663757,-0.08529453196417297,-0.06913789533783737,-0.04694779579979416,-0.01785085775367785,5.0
-1.5887177435487096,4.191917563365949,0.3617841718664903,-0.07216305222960781,-0.08547817197739158,-0.06925028361451509,-0.046966744833792595,-0.017832595301361887,5.0
-1.5877175435087016,4.190697576145957,0.3623359428665999,-0.07234674401162632,-0.08566190333575287,-0.06936260178497655,-0.04698552401162718,-0.017814265265475786,5.0
-1.5867173434686936,4.189477751159055,0.3628876529691761,-0.07253063738605242,-0.0858457257692055,-0.06947484952858417,-0.0470041335545412,-0.017795867921803335,5.0
-1.5857171434286856,4.188258088595201,0.3634393020508901,-0.07271473226630128,-0.0860296390077671,-0.06958702652521419,-0.047022573684078986,-0.017777403545645807,5.0
-1.5847169433886776,4.187038588643405,0.3639908899887756,-0.07289902856584309,-0.08621364278152321,-0.06969913245525668,-0.047040844622082356,-0.017758872411823116,5.0
-1.5837167433486696,4.185819251491738,0.36454241666022524,-0.07308352619820292,-0.08639773682062636,-0.06981116699961579,-0.04705894659068712,-0.017740274794674774,5.0
-1.5827165433086616,4.184600077327329,0.36509388194298664,-0.07326822507696015,-0.08658192085529483,-0.06992312983970968,-0.0470768798123197,-0.017721610968061026,5.0
-1.5817163432686536,4.18338106633638,0.36564528571515914,-0.07345312511574799,-0.08676619461581218,-0.07003502065747119,-0.04709464450969385,-0.017702881205363882,5.0
-1.5807161432286456,4.182162218704163,0.3661966278551893,-0.07363822622825306,-0.08695055783252587,-0.07014683913534751,-0.04711224090580718,-0.01768408577948818,5.0
-1.5797159431886376,4.18094353461503,0.36674790824186815,-0.07382352832821501,-0.0871350102358465,-0.07025858495630073,-0.047129669223938006,-0.017665224962862654,5.0
-1.5787157431486296,4.179725014252417,0.3672991267543277,-0.07400903132942599,-0.08731955155624696,-0.07037025780380785,-0.04714692968764192,-0.017646299027441036,5.0
-1.5777155431086216,4.178506657798851,0.36785028327203695,-0.07419473514573055,-0.08750418152426145,-0.07048185736186119,-0.047164022520748666,-0.017627308244703058,5.0
-1.5767153430686138,4.177288465435957,0.36840137767479925,-0.07438063969102462,-0.08768889987048469,-0.0705933833149683,-0.047180947947358776,-0.01760825288565553,5.0
-1.5757151430286058,4.176070437344458,0.36895240984274924,-0.07456674487925578,-0.08787370632557095,-0.07070483534815249,-0.04719770619184054,-0.01758913322083346,5.0
-1.5747149429885978,4.17485257370419,0.36950337965635005,-0.07475305062442245,-0.08805860062023323,-0.07081621314695286,-0.047214297478826814,-0.017569949520301047,5.0
-1.5737147429485898,4.173634874694103,0.3700542869963908,-0.07493955684057377,-0.08824358248524267,-0.0709275163974248,-0.04723072203321182,-0.01755070205365281,5.0
-1.5727145429085818,4.1724173404922675,0.3706051317439828,-0.07512626344180898,-0.08842865165142741,-0.07103874478613983,-0.04724698008014799,-0.01753139109001453,5.0
-1.5717143428685738,4.171199971275888,0.37115591378055796,-0.07531317034227733,-0.08861380784967178,-0.07114989800018613,-0.047263071845043046,-0.017512016898044422,5.0
-1.5707141428285658,4.169982767221298,0.37170663298786644,-0.07550027745617771,-0.08879905081091596,-0.07126097572716884,-0.0472789975535569,-0.017492579745934118,5.0
-1.5697139427885578,4.168765728503979,0.3722572892479738,-0.07568758469775795,-0.0889843802661546,-0.07137197765520999,-0.04729475743159842,-0.017473079901409692,5.0
-1.5687137427485498,4.167548855298563,0.372807882443259,-0.07587509198131494,-0.08916979594643651,-0.07148290347294904,-0.0473103517053227,-0.017453517631732748,5.0
-1.5677135427085418,4.166332147778836,0.37335841245641305,-0.07606279922119391,-0.08935529758286363,-0.07159375286954295,-0.0473257806011278,-0.017433893203701412,5.0
-1.5667133426685338,4.1651156061177526,0.3739088791704354,-0.07625070633178861,-0.08954088490659054,-0.07170452553466662,-0.04734104434565204,-0.017414206883651362,5.0
-1.5657131426285258,4.1638992304874405,0.3744592824686327,-0.07643881322754034,-0.08972655764882327,-0.07181522115851295,-0.04735614316577073,-0.017394458937456787,5.0
-1.5647129425885178,4.1626830210592045,0.3750096222346178,-0.07662711982293824,-0.08991231554081919,-0.0719258394317931,-0.0473710772885935,-0.01737464963053146,5.0
-1.5637127425485098,4.16146697800354,0.3755598983523071,-0.07681562603251857,-0.09009815831388573,-0.07203638004573681,-0.047385846941461265,-0.017354779227829683,5.0
-1.5627125425085018,4.160251101490139,0.37611011070591827,-0.07700433177086467,-0.09028408569938005,-0.0721468426920926,-0.047400452351943345,-0.017334847993847314,5.0
-1.5617123424684938,4.159035391687894,0.37666025917997004,-0.07719323695260645,-0.09047009742870812,-0.07225722706312797,-0.04741489374783451,-0.017314856192622644,5.0
-1.5607121424284858,4.157819848764911,0.3772103436592792,-0.07738234149242024,-0.09065619323332401,-0.07236753285162963,-0.047429171357152196,-0.017294804087737467,5.0
-1.5597119423884778,4.156604472888514,0.3777603640289592,-0.07757164530502852,-0.09084237284472922,-0.07247775975090384,-0.047443285408133674,-0.017274691942317948,5.0
-1.5587117423484698,4.1553892642252555,0.3783103201744192,-0.07776114830519937,-0.09102863599447204,-0.0725879074547763,-0.04745723612923302,-0.017254520019035567,5.0
-1.5577115423084618,4.154174222940919,0.3788602119813613,-0.07795085040774645,-0.09121498241414688,-0.07269797565759269,-0.04747102374911852,-0.017234288580108077,5.0
-1.5567113422684538,4.152959349200531,0.3794100393357802,-0.07814075152752861,-0.0914014118353934,-0.07280796405421879,-0.04748464849666979,-0.017213997887300388,5.0
-1.5557111422284458,4.1517446431683664,0.3799598021239601,-0.07833085157944966,-0.09158792398989599,-0.07291787234004062,-0.047498110600974856,-0.017193648201925458,5.0
-1.5547109421884378,4.150530105007958,0.3805095002324738,-0.07852115047845774,-0.09177451860938274,-0.07302770021096433,-0.047511410291327424,-0.01717323978484517,5.0
-1.5537107421484297,4.149315734882098,0.38105913354818055,-0.07871164813954547,-0.0919611954256253,-0.07313744736341692,-0.04752454779722429,-0.017152772896471234,5.0
-1.5527105421084217,4.148101532952851,0.3816087019582251,-0.07890234447774928,-0.09214795417043765,-0.07324711349434594,-0.04753752334836229,-0.01713224779676601,5.0
-1.5517103420684137,4.146887499381558,0.3821582053500341,-0.0790932394081493,-0.09233479457567566,-0.07335669830121984,-0.04755033717463572,-0.017111664745243376,5.0
-1.5507101420284057,4.145673634328841,0.3827076436113158,-0.07928433284586897,-0.0925217163732364,-0.07346620148202818,-0.047562989506133725,-0.017091024000969592,5.0
-1.5497099419883977,4.144459937954614,0.3832570166300577,-0.07947562470607476,-0.09270871929505725,-0.07357562273528157,-0.047575480573137284,-0.01707032582256408,5.0
-1.5487097419483897,4.143246410418084,0.38380632429452344,-0.0796671149039758,-0.09289580307311543,-0.07368496176001178,-0.04758781060611682,-0.0170495704682003,5.0
-1.5477095419083817,4.142033051877758,0.38435556649325175,-0.0798588033548235,-0.09308296743942698,-0.0737942182557722,-0.04759997983572936,-0.01702875819560647,5.0
-1.5467093418683737,4.140819862491453,0.3849047431150533,-0.08005068997391125,-0.0932702121260464,-0.07390339192263747,-0.047611988492815845,-0.017007889262066426,5.0
-1.5457091418283657,4.139606842416294,0.3854538540490095,-0.08024277467657408,-0.0934575368650657,-0.07401248246120389,-0.047623836808398615,-0.016986963924420426,5.0
-1.5447089417883577,4.138393991808724,0.3860028991844684,-0.08043505737818843,-0.09364494138861372,-0.0741214895725894,-0.047635525013678744,-0.01696598243906592,5.0
-1.5437087417483497,4.13718131082451,0.38655187841104427,-0.08062753799417152,-0.09383242542885555,-0.07423041295843384,-0.04764705334003334,-0.01694494506195832,5.0
-1.5427085417083417,4.135968799618744,0.3871007916186135,-0.08082021643998112,-0.09401998871799148,-0.07433925232089866,-0.04765842201901304,-0.016923852048611767,5.0
-1.5417083416683337,4.134756458345847,0.38764963869731195,-0.08101309263111521,-0.09420763098825656,-0.07444800736266736,-0.047669631282339496,-0.016902703654099932,5.0
-1.5407081416283257,4.133544287159578,0.3881984195375331,-0.08120616648311152,-0.09439535197191978,-0.07455667778694536,-0.04768068136190265,-0.016881500133056747,5.0
-1.5397079415883177,4.1323322862130345,0.3887471340299249,-0.08139943791154733,-0.09458315140128351,-0.07466526329746014,-0.04769157248975855,-0.016860241739677234,5.0
-1.5387077415483097,4.131120455658656,0.3892957820653872,-0.08159290683203878,-0.09477102900868246,-0.07477376359846147,-0.047702304898126525,-0.01683892872771821,5.0
-1.5377075415083017,4.129908795648232,0.38984436353506824,-0.08178657316024057,-0.09495898452648316,-0.07488217839472107,-0.04771287881938672,-0.016817561350499038,5.0
-1.5367073414682937,4.128697306332901,0.3903928783303632,-0.08198043681184604,-0.09514701768708345,-0.07499050739153328,-0.04772329448607798,-0.016796139860902476,5.0
-1.5357071414282857,4.127485987863158,0.3909413263429091,-0.08217449770258584,-0.09533512822291114,-0.07509875029471438,-0.047733552130895106,-0.01677466451137534,5.0
-1.5347069413882777,4.126274840388854,0.39148970746458506,-0.08236875574822841,-0.09552331586642397,-0.07520690681060345,-0.0477436519866866,-0.016753135553929318,5.0
-1.5337067413482697,4.125063864059206,0.39203802158750656,-0.08256321086457898,-0.0957115803501086,-0.07531497664606188,-0.04775359428645226,-0.016731553240141753,5.0
-1.5327065413082617,4.123853059022796,0.3925862686040237,-0.08275786296747943,-0.09589992140647988,-0.0754229595084737,-0.0477633792633408,-0.01670991782115635,5.0
-1.5317063412682537,4.122642425427573,0.39313444840671957,-0.08295271197280804,-0.09608833876808039,-0.07553085510574574,-0.04777300715064765,-0.01668822954768399,5.0
-1.5307061412282457,4.121431963420864,0.39368256088840586,-0.08314775779647832,-0.09627683216747909,-0.07563866314630734,-0.047782478181812416,-0.01666648867000344,5.0
-1.5297059411882377,4.120221673149369,0.3942306059421214,-0.08334300035443952,-0.09646540133727158,-0.07574638333911089,-0.04779179259041691,-0.01664469543796222,5.0
-1.5287057411482297,4.119011554759172,0.39477858346112904,-0.08353843956267581,-0.0966540460100788,-0.07585401539363179,-0.04780095061018277,-0.016622850100977263,5.0
-1.5277055411082217,4.117801608395742,0.3953264933389131,-0.08373407533720582,-0.09684276591854675,-0.07596155901986847,-0.047809952474969206,-0.016600952908035756,5.0
-1.5267053410682137,4.116591834203935,0.39587433546917755,-0.08392990759408214,-0.09703156079534528,-0.0760690139283426,-0.04781879841877085,-0.01657900410769587,5.0
-1.5257051410282056,4.115382232328003,0.39642210974584313,-0.08412593624939109,-0.09722043037316794,-0.07617637983009903,-0.04782748867571554,-0.016557003948087498,5.0
-1.5247049409881976,4.114172802911596,0.39696981606304427,-0.08432216121925235,-0.0974093743847312,-0.0762836564367063,-0.04783602348006227,-0.016534952676913076,5.0
-1.5237047409481896,4.112963546097766,0.3975174543151294,-0.08451858241981838,-0.09759839256277375,-0.07639084346025637,-0.04784440306619893,-0.016512850541448347,5.0
-1.5227045409081816,4.111754462028971,0.39806502439665603,-0.08471519976727399,-0.09778748464005592,-0.07649794061336498,-0.0478526276686403,-0.01649069778854302,5.0
-1.5217043408681736,4.110545550847084,0.3986125262023905,-0.08491201317783606,-0.09797665034935903,-0.07660494760917168,-0.047860697522025916,-0.01646849466462162,5.0
-1.5207041408281656,4.10933681269339,0.3991599596273058,-0.08510902256775324,-0.09816588942348498,-0.07671186416134014,-0.04786861286111807,-0.016446241415684206,5.0
-1.5197039407881576,4.1081282477086,0.39970732456657987,-0.08530622785330502,-0.09835520159525532,-0.07681868998405818,-0.047876373920799555,-0.01642393828730707,5.0
-1.5187037407481496,4.106919856032852,0.4002546209155924,-0.08550362895080188,-0.0985445865975107,-0.07692542479203782,-0.04788398093607187,-0.016401585524643485,5.0
-1.5177035407081416,4.105711637805713,0.4008018485699249,-0.08570122577658479,-0.09873404416311071,-0.07703206830051572,-0.047891434142053046,-0.016379183372424444,5.0
-1.5167033406681336,4.104503593166188,0.40134900742535873,-0.08589901824702449,-0.09892357402493294,-0.07713862022525309,-0.047898733773975695,-0.01635673207495936,5.0
-1.5157031406281256,4.103295722252726,0.4018960973778722,-0.08609700627852145,-0.09911317591587228,-0.07724508028253592,-0.047905880067185,-0.016334231876136765,5.0
-1.5147029405881176,4.102088025203222,0.40244311832364116,-0.0862951897875051,-0.09930284956884067,-0.07735144818917523,-0.04791287325713669,-0.016311683019424972,5.0
-1.5137027405481096,4.100880502155023,0.4029900701590352,-0.08649356869043404,-0.09949259471676672,-0.07745772366250729,-0.0479197135793952,-0.016289085747872828,5.0
-1.5127025405081016,4.0996731532449395,0.4035369527806177,-0.08669214290379493,-0.09968241109259433,-0.07756390642039335,-0.047926401269631484,-0.01626644030411026,5.0
-1.5117023404680936,4.098465978609239,0.40408376608514357,-0.08689091234410262,-0.09987229842928318,-0.0776699961812205,-0.04793293656362133,-0.01624374693034905,5.0
-1.5107021404280856,4.097258978383662,0.4046305099695577,-0.08708987692789932,-0.10006225645980736,-0.07777599266390112,-0.04793931969724304,-0.016221005868383376,5.0
-1.5097019403880776,4.096052152703421,0.4051771843309942,-0.08728903657175485,-0.10025228491715552,-0.07788189558787367,-0.047945550906475995,-0.016198217359590508,5.0
-1.5087017403480696,4.094845501703208,0.4057237890667734,-0.08748839119226552,-0.10044238353432956,-0.07798770467310226,-0.047951630427398195,-0.01617538164493138,5.0
-1.5077015403080616,4.093639025517198,0.4062703240744018,-0.08768794070605421,-0.10063255204434488,-0.07809341964007724,-0.047957558496184646,-0.016152498964951204,5.0
-1.5067013402680536,4.092432724279056,0.40681678925156883,-0.08788768502976976,-0.1008227901802294,-0.07819904020981511,-0.04796333534910539,-0.016129569559780045,5.0
-1.5057011402280456,4.091226598121938,0.40736318449614656,-0.0880876240800868,-0.10101309767502323,-0.07830456610385889,-0.04796896122252356,-0.016106593669133414,5.0
-1.5047009401880376,4.0900206471784974,0.4079095097061872,-0.08828775777370519,-0.10120347426177802,-0.07840999704427791,-0.04797443635289343,-0.016083571532312827,5.0
-1.5037007401480296,4.088814871580893,0.4084557647799224,-0.08848808602734978,-0.1013939196735566,-0.07851533275366847,-0.047979760976758615,-0.016060503388206363,5.0
-1.5027005401080216,4.087609271460786,0.4090019496157595,-0.0886886087577699,-0.1015844336434323,-0.07862057295515337,-0.04798493533075011,-0.016037389475289168,5.0
-1.5017003400680136,4.08640384694935,0.4095480641122806,-0.0888893258817391,-0.10177501590448881,-0.0787257173723827,-0.04798995965158438,-0.01601423003162404,5.0
-1.5007001400280056,4.085198598177273,0.41009410816824104,-0.08909023731605464,-0.10196566618981913,-0.07883076572953326,-0.04799483417606152,-0.01599102529486189,5.0
-1.4996999399879976,4.08399352527476,0.4106400816825665,-0.08929134297753737,-0.10215638423252567,-0.07893571775130936,-0.047999559141063394,-0.015967775502242307,5.0
-1.4986997399479896,4.082788628371539,0.41118598455435174,-0.08949264278303104,-0.10234716976571923,-0.07904057316294236,-0.04800413478355171,-0.01594448089059404,5.0
-1.4976995399079815,4.081583907596862,0.4117318166828585,-0.08969413664940215,-0.10253802252251899,-0.07914533169019136,-0.048008561340566205,-0.015921141696335496,5.0
-1.4966993398679735,4.080379363079509,0.41227757796751313,-0.08989582449353961,-0.10272894223605168,-0.07924999305934285,-0.04801283904922282,-0.015897758155475245,5.0
-1.4956991398279655,4.079174994947797,0.41282326830790333,-0.09009770623235423,-0.10291992863945126,-0.07935455699721104,-0.04801696814671179,-0.015874330503612488,5.0
-1.4946989397879575,4.077970803329571,0.4133688876037781,-0.09029978178277862,-0.10311098146585854,-0.07945902323113793,-0.048020948870295926,-0.015850858975937566,5.0
-1.4936987397479495,4.076766788352221,0.4139144357550441,-0.09050205106176641,-0.10330210044842048,-0.07956339148899352,-0.04802478145730858,-0.015827343807232417,5.0
-1.4926985397079415,4.0755629501426744,0.4144599126617635,-0.09070451398629245,-0.10349328532029,-0.07966766149917574,-0.04802846614515217,-0.01580378523187107,5.0
-1.4916983396679335,4.074359288827405,0.41500531822415376,-0.09090717047335227,-0.10368453581462551,-0.07977183299061082,-0.04803200317129619,-0.015780183483820168,5.0
-1.4906981396279255,4.073155804532436,0.4155506523425815,-0.09111002043996143,-0.10387585166459021,-0.07987590569275309,-0.04803539277327535,-0.015756538796639307,5.0
-1.4896979395879175,4.07195249738334,0.4160959149175639,-0.09131306380315564,-0.10406723260335198,-0.0799798793355854,-0.04803863518868798,-0.01573285140348165,5.0
-1.4886977395479095,4.070749367505247,0.4166411058497651,-0.09151630047999018,-0.10425867836408276,-0.08008375364961898,-0.04804173065519418,-0.015709121537094344,5.0
-1.4876975395079015,4.06954641502284,0.4171862250399954,-0.09171973038753986,-0.10445018867995834,-0.08018752836589385,-0.048044679410514164,-0.015685349429819,5.0
-1.4866973394678935,4.068343640060367,0.41773127238920665,-0.09192335344289833,-0.10464176328415761,-0.08029120321597857,-0.04804748169242642,-0.015661535313592174,5.0
-1.4856971394278855,4.067141042741639,0.4182762477984926,-0.09212716956317797,-0.10483340190986247,-0.08039477793197053,-0.048050137738766,-0.015637679419945805,5.0
-1.4846969393878775,4.065938623190035,0.4188211511690865,-0.0923311786655098,-0.10502510429025735,-0.0804982522464962,-0.04805264778742302,-0.01561378198000774,5.0
-1.4836967393478695,4.064736381528506,0.4193659824023577,-0.09253538066704278,-0.10521687015852875,-0.08060162589271096,-0.04805501207634068,-0.015589843224502178,5.0
-1.4826965393078615,4.0635343178795775,0.41991074139981194,-0.09273977548494378,-0.1054086992478649,-0.08070489860429945,-0.0480572308435138,-0.015565863383750145,5.0
-1.4816963392678535,4.062332432365354,0.42045542806308905,-0.09294436303639726,-0.10560059129145552,-0.08080807011547561,-0.0480593043269871,-0.015541842687669992,5.0
-1.4806961392278455,4.061130725107524,0.4210000422939602,-0.09314914323860495,-0.1057925460224911,-0.08091114016098261,-0.04806123276485347,-0.01551778136577783,5.0
-1.4796959391878375,4.059929196227359,0.4215445839943272,-0.0933541160087856,-0.10598456317416298,-0.08101410847609329,-0.04806301639525252,-0.015493679647188051,5.0
-1.4786957391478295,4.058727845845725,0.42208905306622074,-0.09355928126417488,-0.10617664247966271,-0.08111697479661,-0.0480646554563688,-0.015469537760613751,5.0
-1.4776955391078215,4.05752667408308,0.4226334494117987,-0.09376463892202469,-0.1063687836721818,-0.08121973885886483,-0.048066150186430255,-0.015445355934367227,5.0
-1.4766953390678135,4.056325681059484,0.42317777293334474,-0.09397018889960321,-0.10656098648491123,-0.08132240039971955,-0.048067500823706616,-0.015421134396360421,5.0
-1.4756951390278055,4.055124866894596,0.423722023533267,-0.09417593111419459,-0.10675325065104131,-0.08142495915656602,-0.04806870760650778,-0.015396873374105408,5.0
-1.4746949389877975,4.053924231707686,0.42426620111409674,-0.09438186548309864,-0.10694557590376107,-0.08152741486732587,-0.04806977077318229,-0.015372573094714856,5.0
-1.4736947389477895,4.052723775617634,0.42481030557848654,-0.09458799192363067,-0.10713796197625829,-0.08162976727045104,-0.048070690562115756,-0.015348233784902465,5.0
-1.4726945389077815,4.051523498742936,0.4253543368292098,-0.09479431035312087,-0.10733040860171869,-0.08173201610492337,-0.048071467211729196,-0.015323855670983412,5.0
-1.4716943388677735,4.050323401201709,0.42589829476915864,-0.09500082068891468,-0.10752291551332611,-0.08183416111025522,-0.04807210096047771,-0.015299438978874844,5.0
-1.4706941388277655,4.0491234831116945,0.4264421793013423,-0.09520752284837185,-0.10771548244426168,-0.08193620202648905,-0.04807259204684874,-0.015274983934096265,5.0
-1.4696939387877574,4.047923744590262,0.42698599032888723,-0.0954144167488667,-0.10790810912770392,-0.08203813859419785,-0.04807294070936067,-0.01525049076177002,5.0
-1.4686937387477494,4.0467241857544165,0.4275297277550343,-0.09562150230778745,-0.10810079529682799,-0.082139970554485,-0.04807314718656116,-0.01522595968662168,5.0
-1.4676935387077414,4.045524806720798,0.42807339148313844,-0.09582877944253629,-0.10829354068480573,-0.08224169764898447,-0.04807321171702586,-0.015201390932980521,5.0
-1.4666933386677334,4.044325607605692,0.4286169814166661,-0.09603624807052874,-0.10848634502480484,-0.08234331961986056,-0.04807313453935663,-0.015176784724779888,5.0
-1.4656931386277254,4.043126588525024,0.4291604974591958,-0.09624390810919377,-0.10867920804998905,-0.08244483620980847,-0.048072915892180317,-0.015152141285557663,5.0
-1.4646929385877174,4.041927749594374,0.4297039395144149,-0.09645175947597319,-0.10887212949351757,-0.08254624716205393,-0.04807255601414708,-0.015127460838456654,5.0
-1.4636927385477096,4.040729090928974,0.43024730748611834,-0.09665980208832152,-0.10906510908854451,-0.08264755222035337,-0.04807205514392904,-0.015102743606224978,5.0
-1.4626925385077016,4.039530612643712,0.4307906012782084,-0.09686803586370572,-0.10925814656821906,-0.08274875112899402,-0.04807141352021873,-0.015077989811216502,5.0
-1.4616923384676936,4.03833231485314,0.4313338207946916,-0.09707646071960477,-0.1094512416656845,-0.0828498436327938,-0.048070631381727603,-0.015053199675391168,5.0
-1.4606921384276856,4.03713419767147,0.43187696593967845,-0.09728507657350952,-0.10964439411407845,-0.08295082947710145,-0.04806970896718477,-0.015028373420315473,5.0
-1.4596919383876776,4.035936261212588,0.43242003661738065,-0.09749388334292224,-0.10983760364653206,-0.08305170840779645,-0.048068646515335316,-0.015003511267162773,5.0
-1.4586917383476696,4.034738505590045,0.43296303273211006,-0.09770288094535648,-0.11003086999616987,-0.08315248017128918,-0.048067444264939044,-0.014978613436713705,5.0
-1.4576915383076616,4.033540930917073,0.43350595418827714,-0.09791206929833657,-0.11022419289610962,-0.08325314451452079,-0.04806610245476897,-0.014953680149356543,5.0
-1.4566913382676536,4.032343537306575,0.4340488008903885,-0.09812144831939751,-0.11041757207946142,-0.08335370118496331,-0.04806462132360998,-0.014928711625087581,5.0
-1.4556911382276456,4.03114632487114,0.4345915727430456,-0.09833101792608455,-0.11061100727932796,-0.0834541499306197,-0.048063001110257395,-0.014903708083511498,5.0
-1.4546909381876376,4.029949293723041,0.4351342696509427,-0.09854077803595267,-0.11080449822880356,-0.08355449050002355,-0.048061242053515446,-0.014878669743841702,5.0
-1.4536907381476296,4.028752443974234,0.4356768915188657,-0.09875072856656675,-0.11099804466097439,-0.0836547226422395,-0.04805934439219623,-0.014853596824900745,5.0
-1.4526905381076216,4.027555775736367,0.4362194382516891,-0.09896086943550081,-0.11119164630891794,-0.08375484610686312,-0.048057308365118005,-0.01482848954512063,5.0
-1.4516903380676136,4.02635928912078,0.4367619097543752,-0.0991712005603379,-0.11138530290570249,-0.08385486064402074,-0.048055134211104016,-0.014803348122543197,5.0
-1.4506901380276056,4.025162984238508,0.4373043059319708,-0.09938172185866959,-0.11157901418438686,-0.08395476600436953,-0.048052822168981074,-0.014778172774820476,5.0
-1.4496899379875976,4.023966861200286,0.43784662668960744,-0.09959243324809572,-0.11177277987801995,-0.08405456193909763,-0.04805037247757818,-0.014752963719215017,5.0
-1.4486897379475896,4.022770920116546,0.4383888719324978,-0.09980333464622433,-0.1119665997196409,-0.08415424819992406,-0.0480477853757254,-0.014727721172600301,5.0
-1.4476895379075816,4.021575161097427,0.43893104156593443,-0.10001442597067095,-0.11216047344227827,-0.08425382453909884,-0.04804506110225239,-0.014702445351461058,5.0
-1.4466893378675736,4.0203795842527725,0.4394731354952875,-0.10022570713905853,-0.11235440077894979,-0.0843532907094028,-0.048042199895987105,-0.014677136471893608,5.0
-1.4456891378275656,4.0191841896921385,0.4400151536260038,-0.10043717806901677,-0.11254838146266198,-0.08445264646414768,-0.04803920199575453,-0.014651794749606211,5.0
-1.4446889377875576,4.017988977524789,0.44055709586360425,-0.10064883867818232,-0.11274241522641026,-0.08455189155717634,-0.04803606764037547,-0.014626420399919448,5.0
-1.4436887377475496,4.016793947859707,0.44109896211368227,-0.10086068888419794,-0.11293650180317798,-0.08465102574286237,-0.0480327970686651,-0.014601013637766534,5.0
-1.4426885377075416,4.0155991008055905,0.44164075228190225,-0.10107272860471259,-0.11313064092593667,-0.0847500487761106,-0.04802939051943199,-0.01457557467769369,5.0
-1.4416883376675336,4.014404436470863,0.44218246627399804,-0.10128495775738079,-0.11332483232764562,-0.08484896041235683,-0.048025848231476646,-0.014550103733860478,5.0
-1.4406881376275256,4.013209954963668,0.4427241039957707,-0.10149737625986237,-0.11351907574125117,-0.0849477604075678,-0.0480221704435903,-0.014524601020040103,5.0
-1.4396879375875176,4.012015656391882,0.4432656653530878,-0.10170998402982238,-0.11371337089968707,-0.08504644851824139,-0.04801835739455376,-0.014499066749619836,5.0
-1.4386877375475096,4.01082154086311,0.4438071502518809,-0.10192278098493039,-0.11390771753587359,-0.08514502450140661,-0.048014409323136165,-0.014473501135601263,5.0
-1.4376875375075016,4.009627608484691,0.44434855859814487,-0.1021357670428605,-0.11410211538271764,-0.08524348811462355,-0.04801032646809373,-0.014447904390600664,5.0
-1.4366873374674936,4.008433859363704,0.44488989029793574,-0.10234894212129068,-0.11429656417311225,-0.08534183911598343,-0.04800610906816859,-0.014422276726849311,5.0
-1.4356871374274855,4.007240293606969,0.44543114525737026,-0.10256230613790299,-0.11449106363993657,-0.08544007726410896,-0.048001757362087595,-0.014396618356193842,5.0
-1.4346869373874775,4.006046911321053,0.4459723233826234,-0.10277585901038266,-0.11468561351605534,-0.0855382023181537,-0.04799727158856119,-0.014370929490096513,5.0
-1.4336867373474695,4.004853712612268,0.44651342457992754,-0.1029896006564182,-0.1148802135343188,-0.08563621403780287,-0.047992651986282116,-0.014345210339635563,5.0
-1.4326865373074615,4.0036606975866835,0.44705444875557104,-0.1032035309937008,-0.11507486342756222,-0.08573411218327258,-0.04798789879392427,-0.014319461115505467,5.0
-1.4316863372674535,4.0024678663501225,0.4475953958158977,-0.10341764993992439,-0.11526956292860588,-0.08583189651531073,-0.04798301225014168,-0.014293682028017323,5.0
-1.4306861372274455,4.00127521900817,0.44813626566730314,-0.10363195741278483,-0.11546431177025462,-0.08592956679519616,-0.04797799259356705,-0.014267873287099027,5.0
-1.4296859371874375,4.000082755666175,0.4486770582162369,-0.10384645332997994,-0.11565910968529783,-0.08602712278473941,-0.047972840062810905,-0.014242035102295676,5.0
-1.4286857371474295,3.9988904764292528,0.449217773369198,-0.1040611376092093,-0.11585395640650897,-0.08612456424628234,-0.04796755489646026,-0.014216167682769792,5.0
-1.4276855371074215,3.9976983814022913,0.44975841103273534,-0.10427601016817356,-0.11604885166664543,-0.08622189094269828,-0.047962137333077484,-0.014190271237301596,5.0
-1.4266853370674135,3.996506470689954,0.45029897111344663,-0.10449107092457431,-0.1162437951984482,-0.0863191026373921,-0.04795658761119924,-0.0141643459742893,5.0
-1.4256851370274055,3.9953147443966817,0.45083945351797566,-0.10470631979611379,-0.11643878673464172,-0.08641619909430005,-0.04795090596933522,-0.014138392101749345,5.0
-1.4246849369873975,3.9941232026266986,0.4513798581530117,-0.10492175670049457,-0.11663382600793352,-0.08651318007788991,-0.047945092645967045,-0.01411240982731667,5.0
-1.4236847369473895,3.9929318454840153,0.4519201849252885,-0.10513738155541924,-0.11682891275101413,-0.08661004535316096,-0.04793914787954723,-0.014086399358244956,5.0
-1.4226845369073815,3.99174067307243,0.4524604337415823,-0.10535319427859009,-0.1170240466965568,-0.08670679468564409,-0.04793307190849792,-0.014060360901406874,5.0
-1.4216843368673735,3.990549685495535,0.45300060450871044,-0.10556919478770874,-0.11721922757721716,-0.08680342784140167,-0.04792686497120979,-0.014034294663294323,5.0
-1.4206841368273655,3.989358882856718,0.45354069713353024,-0.10578538300047587,-0.11741445512563298,-0.08689994458702761,-0.047920527306040975,-0.014008200850018642,5.0
-1.4196839367873575,3.988168265259167,0.4540807115229365,-0.1060017588345909,-0.11760972907442396,-0.08699634468964729,-0.04791405915131585,-0.01398207966731085,5.0
-1.4186837367473495,3.98697783280587,0.4546206475838612,-0.10621832220775153,-0.11780504915619157,-0.08709262791691764,-0.04790746074532402,-0.01395593132052186,5.0
-1.4176835367073415,3.9857875855996223,0.45516050522327084,-0.10643507303765372,-0.11800041510351868,-0.08718879403702699,-0.047900732326319036,-0.013929756014622707,5.0
-1.4166833366673335,3.9845975237430262,0.45570028434816495,-0.10665201124199102,-0.11819582664896945,-0.08728484281869534,-0.047893874132517514,-0.013903553954204758,5.0
-1.4156831366273255,3.983407647338495,0.45623998486557504,-0.10686913673845459,-0.118391283525089,-0.08738077403117407,-0.04788688640209788,-0.013877325343479909,5.0
-1.4146829365873175,3.9822179564882556,0.456779606682562,-0.10708644944473251,-0.11858678546440307,-0.08747658744424588,-0.04787976937319927,-0.01385107038628081,5.0
-1.4136827365473095,3.981028451294352,0.4573191497062145,-0.10730394927850966,-0.11878233219941786,-0.08757228282822505,-0.04787252328392047,-0.01382478928606103,5.0
-1.4126825365073015,3.979839131858646,0.45785861384364784,-0.1075216361574675,-0.11897792346262011,-0.08766785995395719,-0.04786514837231889,-0.013798482245895345,5.0
-1.4116823364672935,3.9786499982828225,0.4583979990020005,-0.10773950999928343,-0.11917355898647618,-0.08776331859281919,-0.04785764487640928,-0.01377214946847983,5.0
-1.4106821364272855,3.9774610506683894,0.4589373050884339,-0.10795757072163066,-0.11936923850343228,-0.08785865851671938,-0.04785001303416296,-0.013745791156132147,5.0
-1.4096819363872775,3.9762722891166815,0.45947653201013006,-0.10817581824217803,-0.1195649617459144,-0.08795387949809737,-0.04784225308350646,-0.013719407510791716,5.0
-1.4086817363472695,3.975083713728861,0.4600156796742892,-0.10839425247858923,-0.11976072844632751,-0.08804898130992393,-0.047834365262320634,-0.013692998734019912,5.0
-1.4076815363072614,3.973895324605923,0.4605547479881279,-0.1086128733485229,-0.11995653833705584,-0.08814396372570123,-0.047826349808439576,-0.013666565027000291,5.0
-1.4066813362672534,3.9727071218486967,0.4610937368588777,-0.10883168076963212,-0.12015239115046246,-0.08823882651946247,-0.04781820695964956,-0.01364010659053876,5.0
-1.4056811362272454,3.971519105557846,0.461632646193783,-0.10905067465956408,-0.12034828661888888,-0.08833356946577203,-0.047809936953688015,-0.013613623625063827,5.0
-1.4046809361872374,3.970331275833874,0.46217147590009894,-0.10926985493595992,-0.12054422447465524,-0.08842819233972558,-0.0478015400282425,-0.013587116330626783,5.0
-1.4036807361472294,3.969143632777126,0.46271022588508953,-0.10948922151645403,-0.12074020445005972,-0.08852269491694977,-0.04779301642094967,-0.0135605849069019,5.0
-1.4026805361072214,3.9679561764877906,0.4632488960560255,-0.10970877431867426,-0.12093622627737856,-0.08861707697360238,-0.04778436636939434,-0.013534029553186683,5.0
-1.4016803360672134,3.966768907065903,0.4637874863201837,-0.10992851326024107,-0.12113228968886568,-0.08871133828637218,-0.04777559011110837,-0.013507450468402038,5.0
-1.4006801360272054,3.965581824611347,0.4643259965848438,-0.1101484382587677,-0.12132839441675265,-0.08880547863247899,-0.047766687883569886,-0.013480847851092546,5.0
-1.3996799359871974,3.96439492922386,0.46486442675728784,-0.11036854923185922,-0.12152454019324833,-0.08889949778967361,-0.047757659924201945,-0.013454221899426598,5.0
-1.3986797359471894,3.9632082210030326,0.4654027767447976,-0.11058884609711307,-0.1217207267505389,-0.08899339553623783,-0.047748506470372,-0.013427572811196716,5.0
-1.3976795359071814,3.962021700048315,0.46594104645465306,-0.110809328772118,-0.1219169538207874,-0.08908717165098441,-0.047739227759390615,-0.013400900783819695,5.0
-1.3966793358671734,3.9608353664590172,0.4664792357941319,-0.11102999717445419,-0.12211322113613385,-0.08918082591325699,-0.0477298240285106,-0.013374206014336858,5.0
-1.3956791358271654,3.9596492203343145,0.4670173446705062,-0.11125085122169279,-0.12230952842869482,-0.08927435810293013,-0.04772029551492615,-0.013347488699414278,5.0
-1.3946789357871574,3.9584632617732494,0.46755537299104233,-0.11147189083139573,-0.12250587543056332,-0.0893677680004093,-0.047710642455771814,-0.013320749035342996,5.0
-1.3936787357471494,3.957277490874736,0.46809332066299847,-0.11169311592111512,-0.1227022618738087,-0.08946105538663075,-0.047700865088121575,-0.013293987218039241,5.0
-1.3926785357071414,3.956091907737562,0.4686311875936244,-0.11191452640839353,-0.12289868749047651,-0.0895542200430617,-0.04769096364898793,-0.013267203443044662,5.0
-1.3916783356671334,3.9549065124603935,0.4691689736901587,-0.11213612221076302,-0.12309515201258836,-0.08964726175170018,-0.047680938375321065,-0.013240397905526556,5.0
-1.3906781356271254,3.9537213051417797,0.4697066788598292,-0.11235790324574546,-0.1232916551721416,-0.08974018029507498,-0.04767078950400778,-0.013213570800278069,5.0
-1.3896779355871174,3.9525362858801545,0.4702443030098504,-0.11257986943085185,-0.12348819670110946,-0.08983297545624576,-0.0476605172718707,-0.013186722321718417,5.0
-1.3886777355471094,3.9513514547738415,0.47078184604742174,-0.11280202068358217,-0.1236847763314404,-0.08992564701880287,-0.047650121915667316,-0.013159852663893105,5.0
-1.3876775355071014,3.9501668119210587,0.47131930787972826,-0.11302435692142493,-0.12388139379505858,-0.09001819476686743,-0.047639603672089074,-0.01313296202047414,5.0
-1.3866773354670934,3.948982357419921,0.47185668841393846,-0.11324687806185733,-0.12407804882386342,-0.0901106184850914,-0.04762896277776056,-0.01310605058476025,5.0
-1.3856771354270854,3.9477980913684463,0.4723939875572025,-0.11346958402234461,-0.12427474114972938,-0.09020291795865736,-0.047618199469238544,-0.013079118549677058,5.0
-1.3846769353870774,3.9466140138645565,0.47293120521665233,-0.11369247472033972,-0.12447147050450598,-0.09029509297327855,-0.04760731398301097,-0.013052166107777303,5.0
-1.3836767353470694,3.9454301250060855,0.4734683412993995,-0.11391555007328336,-0.12466823662001773,-0.090387143315199,-0.04759630655549638,-0.01302519345124104,5.0
-1.3826765353070614,3.944246424890782,0.47400539571253475,-0.11413880999860339,-0.12486503922806379,-0.09047906877119323,-0.047585177423042684,-0.01299820077187578,5.0
-1.3816763352670534,3.943062913616312,0.47454236836312697,-0.11436225441371478,-0.12506187806041785,-0.09057086912856631,-0.04757392682192646,-0.01297118826111672,5.0
-1.3806761352270454,3.9418795912802636,0.47507925915822213,-0.11458588323601927,-0.12525875284882834,-0.09066254417515396,-0.047562554988352025,-0.012944156110026922,5.0
-1.3796759351870374,3.9406964579801547,0.4756160680048412,-0.11480969638290492,-0.12545566332501792,-0.09075409369932237,-0.047551062158450515,-0.012917104509297443,5.0
-1.3786757351470293,3.939513513813433,0.4761527948099809,-0.11503369377174619,-0.12565260922068355,-0.09084551748996816,-0.04753944856827909,-0.01289003364924751,5.0
-1.3776755351070213,3.9383307588774823,0.4766894394806107,-0.11525787531990339,-0.1258495902674963,-0.09093681533651835,-0.04752771445381992,-0.012862943719824691,5.0
-1.3766753350670133,3.937148193269626,0.47722600192367254,-0.1154822409447222,-0.1260466061971011,-0.09102798702893007,-0.04751586005097928,-0.012835834910604988,5.0
-1.3756751350270053,3.9359658170871326,0.47776248204607974,-0.11570679056353397,-0.12624365674111687,-0.09111903235769113,-0.04750388559558688,-0.012808707410793058,5.0
-1.3746749349869973,3.9347836304272166,0.47829887975471624,-0.11593152409365504,-0.12644074163113628,-0.09120995111381916,-0.04749179132339473,-0.012781561409222285,5.0
-1.3736747349469893,3.933601633387047,0.4788351949564341,-0.11615644145238634,-0.12663786059872534,-0.091300743088862,-0.047479577470076285,-0.012754397094354896,5.0
-1.3726745349069813,3.9324198260637475,0.47937142755805345,-0.11638154255701351,-0.12683501337542388,-0.09139140807489754,-0.04746724427122565,-0.012727214654282108,5.0
-1.3716743348669733,3.9312382085544013,0.47990757746636026,-0.11660682732480646,-0.12703219969274487,-0.09148194586453368,-0.04745479196235668,-0.012700014276724238,5.0
-1.3706741348269653,3.9300567809560567,0.48044364458810607,-0.11683229567301871,-0.12722941928217443,-0.09157235625090791,-0.04744222077890188,-0.01267279614903077,5.0
-1.3696739347869573,3.9288755433657303,0.48097962883000533,-0.11705794751888764,-0.1274266718751716,-0.09166263902768756,-0.047429530956211836,-0.012645560458180485,5.0
-1.3686737347469493,3.9276944958804076,0.481515530098735,-0.1172837827796337,-0.12762395720316846,-0.09175279398906962,-0.04741672272955393,-0.012618307390781493,5.0
-1.3676735347069413,3.9265136385970516,0.4820513483009327,-0.11750980137246077,-0.1278212749975699,-0.09184282092978051,-0.04740379633411177,-0.012591037133071411,5.0
-1.3666733346669333,3.925332971612602,0.48258708334319456,-0.11773600321455505,-0.1280186249897532,-0.09193271964507603,-0.04739075200498412,-0.012563749870917318,5.0
-1.3656731346269253,3.924152495023981,0.48312273513207454,-0.11796238822308527,-0.12821600691106821,-0.09202248993074118,-0.04737758997718405,-0.012536445789815895,5.0
-1.3646729345869173,3.922972208928096,0.4836583035740823,-0.11818895631520242,-0.12841342049283705,-0.09211213158309019,-0.04736431048563794,-0.01250912507489347,5.0
-1.3636727345469093,3.921792113421843,0.48419378857568124,-0.11841570740803899,-0.12861086546635392,-0.09220164439896608,-0.047350913765184695,-0.01248178791090606,5.0
-1.3626725345069013,3.9206122086021087,0.4847291900432874,-0.11864264141870912,-0.12880834156288495,-0.09229102817574077,-0.047337400050574754,-0.01245443448223945,5.0
-1.3616723344668933,3.9194324945657755,0.4852645078832679,-0.11886975826430814,-0.12900584851366825,-0.09238028271131483,-0.04732376957646933,-0.01242706497290921,5.0
-1.3606721344268853,3.918252971409723,0.4857997420019377,-0.11909705786191215,-0.12920338604991338,-0.09246940780411739,-0.04731002257743926,-0.012399679566560748,5.0
-1.3596719343868773,3.917073639230831,0.4863348923055583,-0.11932454012857785,-0.1294009539028017,-0.0925584032531058,-0.04729615928796439,-0.012372278446469353,5.0
-1.3586717343468693,3.915894498125984,0.48686995870033656,-0.11955220498134207,-0.1295985518034856,-0.09264726885776575,-0.04728217994243242,-0.012344861795540223,5.0
-1.3576715343068613,3.9147155481920706,0.48740494109242144,-0.11978005233722147,-0.12979617948308853,-0.09273600441811072,-0.04726808477513816,-0.01231742979630848,5.0
-1.3566713342668533,3.9135367895259905,0.4879398393879027,-0.12000808211321222,-0.1299938366727052,-0.09282460973468218,-0.04725387402028256,-0.012289982630939235,5.0
-1.3556711342268453,3.912358222224654,0.4884746534928092,-0.12023629422628994,-0.1301915231034011,-0.0929130846085492,-0.047239547911971956,-0.012262520481227598,5.0
-1.3546709341868373,3.911179846384985,0.4890093833131058,-0.12046468859340882,-0.13038923850621223,-0.0930014288413083,-0.047225106684216964,-0.01223504352859871,5.0
-1.3536707341468293,3.9100016621039244,0.4895440287546914,-0.12069326513150182,-0.1305869826121451,-0.09308964223508336,-0.04721055057093179,-0.012207551954107746,5.0
-1.3526705341068213,3.9088236694784326,0.4900785897233976,-0.12092202375748008,-0.1307847551521767,-0.09317772459252524,-0.04719587980593324,-0.012180045938439979,5.0
-1.3516703340668133,3.9076458686054925,0.49061306612498595,-0.12115096438823254,-0.1309825558572539,-0.09326567571681187,-0.04718109462293993,-0.01215252566191077,5.0
-1.3506701340268052,3.906468259582109,0.4911474578651446,-0.1213800869406257,-0.13118038445829364,-0.09335349541164763,-0.047166195255571274,-0.012124991304465602,5.0
-1.3496699339867975,3.905290842505316,0.491681764849488,-0.12160939133150324,-0.13137824068618276,-0.09344118348126366,-0.04715118193734678,-0.012097443045680124,5.0
-1.3486697339467895,3.9041136174721753,0.4922159869835532,-0.12183887747768576,-0.13157612427177764,-0.09352873973041743,-0.04713605490168508,-0.012069881064760162,5.0
-1.3476695339067815,3.9029365845797805,0.4927501241727978,-0.12206854529597037,-0.13177403494590426,-0.09361616396439232,-0.047120814381903096,-0.012042305540541734,5.0
-1.3466693338667735,3.9017597439252607,0.49328417632259935,-0.12229839470313057,-0.13197197243935788,-0.09370345598899797,-0.04710546061121532,-0.012014716651491139,5.0
-1.3456691338267655,3.900583095605779,0.49381814333824947,-0.12252842561591534,-0.13216993648290293,-0.09379061561056949,-0.047089993822732684,-0.011987114575704897,5.0
-1.3446689337867574,3.89940663971854,0.49435202512495496,-0.12275863795104934,-0.1323679268072725,-0.09387764263596764,-0.047074414249462,-0.011959499490909856,5.0
-1.3436687337467494,3.898230376360788,0.49488582158783445,-0.12298903162523243,-0.132565943143169,-0.09396453687257848,-0.04705872212430502,-0.011931871574463205,5.0
-1.3426685337067414,3.897054305629814,0.495419532631915,-0.1232196065551393,-0.1327639852212633,-0.09405129812831335,-0.047042917680057576,-0.011904231003352505,5.0
-1.3416683336667334,3.8958784276229546,0.4959531581621315,-0.12345036265741917,-0.13296205277219478,-0.09413792621160837,-0.047027001149408845,-0.011876577954195755,5.0
-1.3406681336267254,3.8947027424375964,0.4964866980833237,-0.12368129984869554,-0.13316014552657146,-0.09422442093142455,-0.04701097276494045,-0.011848912603241408,5.0
-1.3396679335867174,3.8935272501711795,0.4970201523002331,-0.1239124180455655,-0.13335826321496935,-0.0943107820972475,-0.04699483275912579,-0.011821235126368434,5.0
-1.3386677335467094,3.8923519509211997,0.4975535207175023,-0.12414371716459992,-0.13355640556793263,-0.09439700951908708,-0.04697858136432904,-0.011793545699086354,5.0
-1.3376675335067014,3.8911768447852104,0.49808680323967175,-0.1243751971223425,-0.13375457231597343,-0.09448310300747727,-0.04696221881280445,-0.011765844496535288,5.0
-1.3366673334666934,3.8900019318608274,0.49861999977117866,-0.12460685783531016,-0.1339527631895719,-0.0945690623734762,-0.046945745336695696,-0.01173813169348607,5.0
-1.3356671334266854,3.888827212245731,0.49915311021635417,-0.12483869921999223,-0.13415097791917568,-0.09465488742866579,-0.04692916116803488,-0.011710407464340222,5.0
-1.3346669333866774,3.8876526860376703,0.4996861344794205,-0.1250707211928501,-0.13434921623520016,-0.09474057798515147,-0.04691246653874192,-0.01168267198313004,5.0
-1.3336667333466694,3.8864783533344656,0.5002190724644907,-0.12530292367031728,-0.13454747786802815,-0.09482613385556214,-0.046895661680623646,-0.01165492542351867,5.0
-1.3326665333066614,3.885304214234013,0.500751924075565,-0.1255353065687989,-0.13474576254800982,-0.09491155485304997,-0.046878746825373144,-0.011627167958800148,5.0
-1.3316663332666534,3.8841302688342862,0.5012846892165291,-0.12576786980467095,-0.13494407000546252,-0.09499684079129013,-0.0468617222045689,-0.011599399761899458,5.0
-1.3306661332266454,3.882956517233342,0.501817367791154,-0.12600061329428064,-0.13514239997067087,-0.0950819914844805,-0.046844588049674125,-0.011571621005372614,5.0
-1.3296659331866374,3.8817829595293234,0.5023499597030919,-0.12623353695394582,-0.1353407521738864,-0.0951670067473419,-0.04682734459203599,-0.011543831861406728,5.0
-1.3286657331466294,3.880609595820462,0.5028824648558751,-0.12646664069995459,-0.1355391263453275,-0.09525188639511732,-0.046809992062884775,-0.011516032501820034,5.0
-1.3276655331066214,3.8794364262050856,0.5034148831529138,-0.126699924448565,-0.13573752221517965,-0.09533663024357229,-0.046792530693333355,-0.011488223098061981,5.0
-1.3266653330666134,3.878263450781618,0.5039472144974957,-0.1269333881160049,-0.1359359395135948,-0.09542123810899429,-0.046774960714376146,-0.011460403821213275,5.0
-1.3256651330266054,3.877090669648586,0.504479458792782,-0.12716703161847143,-0.13613437797069158,-0.0955057098081927,-0.04675728235688857,-0.011432574841985971,5.0
-1.3246649329865974,3.8759180829046223,0.5050116159418077,-0.12740085487213085,-0.13633283731655527,-0.0955900451584987,-0.046739495851626296,-0.011404736330723494,5.0
-1.3236647329465894,3.874745690648472,0.505543685847478,-0.12763485779311823,-0.13653131728123746,-0.09567424397776479,-0.04672160142922447,-0.011376888457400714,5.0
-1.3226645329065814,3.873573492978993,0.5060756684125683,-0.12786904029753693,-0.1367298175947562,-0.09575830608436495,-0.04670359932019695,-0.011349031391624001,5.0
-1.3216643328665734,3.8724014899951644,0.5066075635397214,-0.12810340230145878,-0.13692833798709567,-0.09584223129719426,-0.04668548975493566,-0.011321165302631284,5.0
-1.3206641328265654,3.871229681796089,0.507139371131445,-0.1283379437209232,-0.13712687818820626,-0.09592601943566872,-0.046667272963709726,-0.011293290359292066,5.0
-1.3196639327865574,3.8700580684809966,0.5076710910901124,-0.12857266447193735,-0.13732543792800492,-0.09600967031972495,-0.046648949176664865,-0.011265406730107515,5.0
-1.3186637327465494,3.8688866501492525,0.508202723317958,-0.12880756447047548,-0.13752401693637364,-0.09609318376982005,-0.04663051862382252,-0.01123751458321045,5.0
-1.3176635327065414,3.867715426900357,0.5087342677170787,-0.1290426436324789,-0.13772261494316126,-0.09617655960693156,-0.04661198153507928,-0.01120961408636546,5.0
-1.3166633326665333,3.866544398833955,0.5092657241894286,-0.12927790187385543,-0.13792123167818204,-0.09625979765255692,-0.046593338140206025,-0.011181705406968863,5.0
-1.3156631326265253,3.865373566049837,0.5097970926368203,-0.1295133391104795,-0.13811986687121608,-0.09634289772871363,-0.046574588668847214,-0.01115378871204878,5.0
-1.3146629325865173,3.8642029286479476,0.5103283729609212,-0.12974895525819144,-0.1383185202520092,-0.09642585965793858,-0.04655573335052014,-0.011125864168265125,5.0
-1.3136627325465093,3.863032486728385,0.510859565063252,-0.1299847502327972,-0.13851719155027264,-0.09650868326328829,-0.04653677241461422,-0.011097931941909663,5.0
-1.3126625325065013,3.8618622403914107,0.5113906688451866,-0.1302207239500684,-0.13871588049568342,-0.0965913683683382,-0.046517706090390215,-0.01106999219890601,5.0
-1.3116623324664933,3.8606921897374504,0.5119216842079477,-0.13045687632574146,-0.13891458681788352,-0.09667391479718282,-0.04649853460697945,-0.011042045104809621,5.0
-1.3106621324264853,3.8595223348671017,0.5124526110526078,-0.13069320727551778,-0.13911331024648083,-0.09675632237443536,-0.0464792581933832,-0.011014090824807869,5.0
-1.3096619323864773,3.858352675881137,0.5129834492800837,-0.13092971671506334,-0.13931205051104784,-0.09683859092522734,-0.046459877078471754,-0.010986129523719948,5.0
-1.3086617323464693,3.8571832128805075,0.5135141987911395,-0.1311664045600082,-0.13951080734112276,-0.09692072027520873,-0.04644039149098389,-0.01095816136599697,5.0
-1.3076615323064613,3.856013945966351,0.51404485948638,-0.13140327072594646,-0.13970958046620865,-0.09700271025054717,-0.04642080165952583,-0.010930186515721882,5.0
-1.3066613322664533,3.854844875239994,0.5145754312662505,-0.13164031512843546,-0.13990836961577335,-0.09708456067792795,-0.04640110781257071,-0.01090220513660948,5.0
-1.3056611322264453,3.853676000802957,0.515105914031036,-0.13187753768299595,-0.14010717451924962,-0.09716627138455376,-0.04638131017845772,-0.0108742173920064,5.0
-1.3046609321864373,3.8525073227569586,0.5156363076808573,-0.13211493830511176,-0.14030599490603515,-0.09724784219814467,-0.046361408985391456,-0.010846223444891119,5.0
-1.3036607321464293,3.851338841203921,0.5161666121156707,-0.132352516910229,-0.1405048305054922,-0.09732927294693722,-0.04634140446144101,-0.010818223457873866,5.0
-1.3026605321064213,3.850170556245974,0.5166968272352639,-0.13259027341375637,-0.14070368104694747,-0.09741056345968477,-0.04632129683453921,-0.010790217593196648,5.0
-1.3016603320664133,3.84900246798546,0.5172269529392557,-0.13282820773106443,-0.14090254625969248,-0.09749171356565674,-0.046301086332481964,-0.0107622060127332,5.0
-1.3006601320264053,3.8478345765249395,0.5177569891270926,-0.1330663197774853,-0.14110142587298266,-0.0975727230946386,-0.04628077318292745,-0.010734188877988951,5.0
-1.2996599319863973,3.846666881967192,0.5182869356980475,-0.13330460946831227,-0.14130031961603776,-0.0976535918769315,-0.0462603576133952,-0.010706166350100967,5.0
-1.2986597319463893,3.8454993844152257,0.5188167925512168,-0.13354307671879978,-0.14149922721804187,-0.09773431974335177,-0.0462398398512656,-0.01067813858983794,5.0
-1.2976595319063813,3.844332083972277,0.5193465595855185,-0.1337817214441629,-0.14169814840814274,-0.0978149065252309,-0.04621922012377883,-0.010650105757600102,5.0
-1.2966593318663733,3.84316498074182,0.5198762366996904,-0.1340205435595772,-0.14189708291545258,-0.09789535205441513,-0.046198498658034326,-0.010622068013419216,5.0
-1.2956591318263653,3.841998074827567,0.5204058237922856,-0.13425954298017784,-0.14209603046904695,-0.0979756561632651,-0.04617767568098983,-0.01059402551695847,5.0
-1.2946589317863573,3.8408313663334748,0.5209353207616731,-0.1344987196210599,-0.14229499079796534,-0.09805581868465542,-0.04615675141946069,-0.010565978427512434,5.0
-1.2936587317463493,3.8396648553637487,0.5214647275060337,-0.13473807339727756,-0.14249396363121064,-0.09813583945197446,-0.046135726100119005,-0.010537926904007042,5.0
-1.2926585317063413,3.8384985420228475,0.5219940439233568,-0.13497760422384403,-0.1426929486977491,-0.09821571829912391,-0.04611459994949291,-0.010509871104999477,5.0
-1.2916583316663333,3.837332426415488,0.5225232699114406,-0.13521731201573142,-0.14289194572651057,-0.09829545506051876,-0.04609337319396587,-0.010481811188678152,5.0
-1.2906581316263253,3.836166508646649,0.5230524053678866,-0.13545719668786968,-0.1430909544463879,-0.09837504957108635,-0.04607204605977569,-0.010453747312862579,5.0
-1.2896579315863173,3.8350007888215756,0.5235814501900999,-0.1356972581551469,-0.143289974586237,-0.09845450166626657,-0.04605061877301385,-0.010425679635003364,5.0
-1.2886577315463092,3.8338352670457865,0.5241104042752851,-0.13593749633240906,-0.14348900587487706,-0.09853381118201143,-0.04602909155962484,-0.010397608312182118,5.0
-1.2876575315063012,3.8326699434250755,0.524639267520443,-0.13617791113445865,-0.14368804804108964,-0.09861297795478424,-0.04600746464540497,-0.010369533501111314,5.0
-1.2866573314662932,3.8315048180655165,0.525168039822369,-0.13641850247605583,-0.14388710081361933,-0.09869200182155996,-0.04598573825600213,-0.010341455358134322,5.0
-1.2856571314262852,3.8303398910734696,0.5256967210776514,-0.13665927027191693,-0.14408616392117324,-0.0987708826198241,-0.04596391261691454,-0.010313374039225226,5.0
-1.2846569313862772,3.8291751625555834,0.526225311182668,-0.13690021443671474,-0.14428523709242091,-0.09884962018757287,-0.045941987953490256,-0.010285289699988825,5.0
-1.2836567313462692,3.828010632618804,0.5267538100335826,-0.13714133488507776,-0.14448432005599418,-0.0989282143633127,-0.04591996449092617,-0.010257202495660495,5.0
-1.2826565313062612,3.826846301370374,0.5272822175263435,-0.1373826315315901,-0.1446834125404873,-0.09900666498605966,-0.04589784245426737,-0.010229112581106134,5.0
-1.2816563312662532,3.8256821689178437,0.5278105335566805,-0.1376241042907908,-0.1448825142744564,-0.0990849718953393,-0.045875622068406285,-0.010201020110822053,5.0
-1.2806561312262452,3.8245182353690694,0.5283387580201017,-0.13786575307717402,-0.14508162498641936,-0.0991631349311859,-0.045853303558081815,-0.01017292523893489,5.0
-1.2796559311862372,3.823354500832223,0.5288668908118922,-0.13810757780518826,-0.1452807444048563,-0.09924115393414261,-0.04583088714787876,-0.010144828119201546,5.0
-1.2786557311462292,3.8221909654157953,0.5293949318271095,-0.13834957838923626,-0.1454798722582089,-0.09931902874526066,-0.0458083730622268,-0.01011672890500907,5.0
-1.2776555311062212,3.8210276292285994,0.5299228809605816,-0.1385917547436743,-0.14567900827488006,-0.09939675920609897,-0.04578576152539972,-0.010088627749374541,5.0
-1.2766553310662132,3.8198644923797795,0.5304507381069055,-0.13883410678281238,-0.14587815218323474,-0.09947434515872414,-0.04576305276151484,-0.010060524804945039,5.0
-1.2756551310262052,3.8187015549788126,0.5309785031604419,-0.13907663442091325,-0.14607730371159863,-0.09955178644570933,-0.045740246994531907,-0.010032420223997467,5.0
-1.2746549309861972,3.817538817135513,0.5315061760153147,-0.13931933757219273,-0.14627646258825874,-0.09962908291013463,-0.045717344448252525,-0.010004314158438492,5.0
-1.2736547309461892,3.816376278960041,0.532033756565407,-0.13956221615081882,-0.14647562854146323,-0.09970623439558594,-0.045694345346319235,-0.009976206759804455,5.0
-1.2726545309061812,3.8152139405629044,0.5325612447043584,-0.13980527007091148,-0.14667480129942095,-0.0997832407461551,-0.045671249912214794,-0.009948098179261232,5.0
-1.2716543308661732,3.814051802054967,0.5330886403255618,-0.14004849924654236,-0.14687398059030168,-0.09986010180643894,-0.045648058369261245,-0.009919988567604152,5.0
-1.2706541308261652,3.8128898635474506,0.5336159433221624,-0.14029190359173443,-0.14707316614223565,-0.0999368174215393,-0.04562477094061937,-0.00989187807525789,5.0
-1.2696539307861572,3.8117281251519426,0.5341431535870521,-0.14053548302046148,-0.1472723576833136,-0.10001338743706245,-0.045601387849287536,-0.009863766852276317,5.0
-1.2686537307461492,3.8105665869804004,0.5346702710128689,-0.14077923744664816,-0.1474715549415866,-0.10008981169911849,-0.04557790931810118,-0.009835655048342449,5.0
-1.2676535307061412,3.8094052491451564,0.5351972954919921,-0.14102316678416912,-0.147670757645066,-0.10016609005432099,-0.04555433556973182,-0.00980754281276828,5.0
-1.2666533306661332,3.808244111758924,0.5357242269165411,-0.14126727094684877,-0.14786996552172302,-0.10024222234978665,-0.04553066682668636,-0.009779430294494684,5.0
-1.2656531306261252,3.8070831749348035,0.5362510651783714,-0.1415115498484613,-0.14806917829948887,-0.10031820843313471,-0.04550690331130627,-0.009751317642091296,5.0
-1.2646529305861172,3.8059224387862876,0.5367778101690714,-0.14175600340272992,-0.1482683957062548,-0.10039404815248656,-0.045483045245766664,-0.009723205003756381,5.0
-1.2636527305461092,3.804761903427264,0.5373044617799605,-0.14200063152332673,-0.14846761746987122,-0.10046974135646518,-0.045459092852075646,-0.009695092527316719,5.0
-1.2626525305061012,3.8036015689720264,0.5378310199020848,-0.14224543412387197,-0.14866684331814828,-0.10054528789419465,-0.04543504635207328,-0.009666980360227433,5.0
-1.2616523304660932,3.802441435535276,0.5383574844262149,-0.14249041111793406,-0.14886607297885507,-0.10062068761529981,-0.04541090596743099,-0.00963886864957195,5.0
-1.2606521304260851,3.801281503232127,0.5388838552428428,-0.14273556241902946,-0.14906530617972064,-0.10069594036990587,-0.045386671919650685,-0.009610757542061784,5.0
-1.2596519303860771,3.800121772178116,0.5394101322421784,-0.14298088794062128,-0.14926454264843225,-0.10077104600863733,-0.045362344430063734,-0.009582647184036435,5.0
-1.2586517303460691,3.798962242489205,0.5399363153141471,-0.14322638759612027,-0.1494637821126364,-0.10084600438261838,-0.045337923719830475,-0.009554537721463242,5.0
-1.2576515303060611,3.7978029142817884,0.5404624043483853,-0.14347206129888326,-0.1496630242999383,-0.10092081534347151,-0.045313410009939055,-0.009526429299937241,5.0
-1.2566513302660531,3.7966437876726964,0.540988399234239,-0.14371790896221373,-0.1498622689379017,-0.10099547874331778,-0.04528880352120491,-0.009498322064681028,5.0
-1.2556511302260451,3.7954848627792046,0.541514299860759,-0.14396393049936085,-0.15006151575404877,-0.10106999443477574,-0.04526410447426963,-0.009470216160544607,5.0
-1.2546509301860371,3.7943261397190375,0.5420401061166991,-0.1442101258235191,-0.15026076447585984,-0.10114436227096119,-0.0452393130896004,-0.009442111732005225,5.0
-1.2536507301460291,3.793167618610376,0.5425658178905115,-0.14445649484782866,-0.1504600148307736,-0.10121858210548658,-0.045214429587488926,-0.009414008923167249,5.0
-1.2526505301060211,3.7920092995718635,0.5430914350703444,-0.1447030374853738,-0.15065926654618636,-0.10129265379246036,-0.045189454188050704,-0.00938590787776197,5.0
-1.2516503300660131,3.790851182722609,0.5436169575440389,-0.14494975364918353,-0.15085851934945227,-0.10136657718648685,-0.045164387111224204,-0.009357808739147494,5.0
-1.2506501300260051,3.789693268182199,0.5441423851991254,-0.1451966432522309,-0.15105777296788328,-0.10144035214266521,-0.04513922857676993,-0.009329711650308532,5.0
-1.249649929985997,3.788535556070698,0.5446677179228192,-0.1454437062074324,-0.15125702712874864,-0.1015139785165892,-0.04511397880426962,-0.009301616753856256,5.0
-1.248649729945989,3.7873780465086577,0.5451929556020192,-0.14569094242764793,-0.15145628155927474,-0.10158745616434645,-0.04508863801312537,-0.009273524192028135,5.0
-1.247649529905981,3.786220739617125,0.5457180981233027,-0.14593835182568043,-0.1516555359866454,-0.10166078494251826,-0.0450632064225589,-0.009245434106687744,5.0
-1.246649329865973,3.785063635517645,0.5462431453729235,-0.146185934314275,-0.15185479013800113,-0.1017339647081784,-0.04503768425161039,-0.009217346639324601,5.0
-1.245649129825965,3.7839067343322674,0.5467680972368065,-0.14643368980611932,-0.15205404374043943,-0.10180699531889324,-0.04501207171913793,-0.009189261931053983,5.0
-1.244648929785957,3.7827500361835575,0.5472929536005464,-0.14668161821384254,-0.15225329652101433,-0.1018798766327207,-0.044986369043816456,-0.009161180122616741,5.0
-1.243648729745949,3.7815935411945976,0.5478177143494022,-0.14692971945001537,-0.15245254820673598,-0.1019526085082098,-0.044960576444136945,-0.009133101354379131,5.0
-1.242648529705941,3.7804372494889966,0.5483423793682952,-0.1471779934271494,-0.15265179852457125,-0.10202519080440021,-0.04493469413840552,-0.00910502576633259,5.0
-1.241648329665933,3.7792811611908963,0.5488669485418052,-0.1474264400576971,-0.15285104720144269,-0.10209762338082141,-0.04490872234474262,-0.009076953498093595,5.0
-1.240648129625925,3.7781252764249773,0.549391421754165,-0.1476750592540508,-0.15305029396422898,-0.10216990609749237,-0.044882661281082016,-0.009048884688903405,5.0
-1.239647929585917,3.776969595316467,0.5499157988892597,-0.14792385092854313,-0.15324953853976445,-0.10224203881492061,-0.04485651116516995,-0.00902081947762791,5.0
-1.238647729545909,3.775814117991145,0.5504400798306213,-0.14817281499344603,-0.15344878065483897,-0.10231402139410203,-0.04483027221456433,-0.008992758002757404,5.0
-1.237647529505901,3.774658844575352,0.5509642644614244,-0.1484219513609707,-0.1536480200361977,-0.10238585369651994,-0.044803944646633655,-0.008964700402406385,5.0
-1.236647329465893,3.7735037751959943,0.5514883526644846,-0.14867125994326671,-0.15384725641054103,-0.1024575355841443,-0.044777528678556264,-0.008936646814313332,5.0
-1.2356471294258853,3.7723489099805527,0.5520123443222527,-0.14892074065242236,-0.15404648950452404,-0.10252906691943163,-0.04475102452731935,-0.00890859737584051,5.0
-1.2346469293858773,3.7711942490570896,0.5525362393168117,-0.1491703934004638,-0.15424571904475695,-0.10260044756532397,-0.04472443240971813,-0.008880552223973751,5.0
-1.2336467293458693,3.770039792554255,0.5530600375298738,-0.1494202180993549,-0.15444494475780446,-0.10267167738524834,-0.04469775254235481,-0.008852511495322207,5.0
-1.2326465293058613,3.7688855406012944,0.5535837388427738,-0.14967021466099648,-0.15464416637018555,-0.10274275624311607,-0.0446709851416377,-0.008824475326118146,5.0
-1.2316463292658533,3.7677314933280566,0.5541073431364693,-0.14992038299722624,-0.1548433836083731,-0.10281368400332201,-0.044644130423780244,-0.008796443852216717,5.0
-1.2306461292258453,3.766577650865,0.5546308502915333,-0.15017072301981832,-0.15504259619879454,-0.1028844605307443,-0.0446171886048003,-0.00876841720909573,5.0
-1.2296459291858373,3.7654240133432024,0.5551542601881511,-0.15042123464048304,-0.15524180386783062,-0.10295508569074323,-0.044590159900518934,-0.008740395531855382,5.0
-1.2286457291458293,3.7642705808943644,0.5556775727061173,-0.15067191777086625,-0.15544100634181587,-0.10302555934916066,-0.044563044526559605,-0.00871237895521806,5.0
-1.2276455291058213,3.76311735365082,0.5562007877248313,-0.15092277232254891,-0.15564020334703804,-0.10309588137231952,-0.044535842698347115,-0.00868436761352807,5.0
-1.2266453290658133,3.7619643317455447,0.5567239051232923,-0.15117379820704693,-0.155839394609738,-0.10316605162702287,-0.044508554631106874,-0.008656361640751394,5.0
-1.2256451290258052,3.7608115153121604,0.557246924780096,-0.1514249953358109,-0.1560385798561098,-0.10323606998055357,-0.04448118053986369,-0.00862836117047544,5.0
-1.2246449289857972,3.7596589044849464,0.5577698465734306,-0.1516763636202253,-0.15623775881229987,-0.10330593630067315,-0.04445372063944096,-0.008600366335908782,5.0
-1.2236447289457892,3.7585064993988437,0.5582926703810724,-0.15192790297160833,-0.1564369312044073,-0.1033756504556213,-0.04442617514445964,-0.008572377269880901,5.0
-1.2226445289057812,3.7573543001894665,0.5588153960803814,-0.1521796133012113,-0.1566360967584833,-0.10344521231411508,-0.044398544269337224,-0.008544394104841915,5.0
-1.2216443288657732,3.756202306993108,0.5593380235482968,-0.1524314945202187,-0.1568352552005312,-0.10351462174534831,-0.0443708282282869,-0.00851641697286232,5.0
-1.2206441288257652,3.7550505199467485,0.5598605526613329,-0.1526835465397473,-0.1570344062565063,-0.1035838786189907,-0.04434302723531643,-0.00848844600563272,5.0
-1.2196439287857572,3.753898939188066,0.5603829832955752,-0.15293576927084598,-0.15723354965231504,-0.10365298280518712,-0.044315141504227176,-0.008460481334463518,5.0
-1.2186437287457492,3.7527475648554396,0.5609053153266749,-0.1531881626244954,-0.15743268511381547,-0.10372193417455686,-0.04428717124861314,-0.008432523090284689,5.0
-1.2176435287057412,3.7515963970879618,0.561427548629846,-0.15344072651160753,-0.15763181236681684,-0.10379073259819299,-0.04425911668185996,-0.008404571403645445,5.0
-1.2166433286657332,3.750445436025447,0.5619496830798599,-0.15369346084302515,-0.15783093113707902,-0.10385937794766138,-0.04423097801714391,-0.008376626404713977,5.0
-1.2156431286257252,3.7492946818084363,0.5624717185510406,-0.1539463655295213,-0.1580300411503125,-0.10392787009499999,-0.04420275546743072,-0.008348688223277143,5.0
-1.2146429285857172,3.7481441345782103,0.5629936549172605,-0.15419944048179948,-0.15822914213217842,-0.1039962089127182,-0.04417444924547484,-0.008320756988740182,5.0
-1.2136427285457092,3.746993794476795,0.5635154920519354,-0.15445268561049283,-0.1584282338082875,-0.10406439427379587,-0.044146059563818146,-0.008292832830126396,5.0
-1.2126425285057012,3.745843661646971,0.5640372298280211,-0.15470610082616343,-0.15862731590420084,-0.10413242605168249,-0.04411758663478903,-0.008264915876076862,5.0
-1.2116423284656932,3.7446937362322825,0.5645588681180072,-0.1549596860393024,-0.15882638814542868,-0.1042003041202965,-0.04408903067050129,-0.008237006254850096,5.0
-1.2106421284256852,3.7435440183770465,0.5650804067939129,-0.15521344116032948,-0.15902545025743095,-0.10426802835402457,-0.04406039188285319,-0.008209104094321773,5.0
-1.2096419283856772,3.7423945082263614,0.5656018457272821,-0.1554673660995921,-0.15922450196561624,-0.10433559862772038,-0.044031670483526214,-0.008181209521984357,5.0
-1.2086417283456692,3.7412452059261154,0.5661231847891798,-0.15572146076736557,-0.15942354299534217,-0.10440301481670425,-0.04400286668398423,-0.00815332266494683,5.0
-1.2076415283056612,3.7400961116229956,0.5666444238501851,-0.15597572507385235,-0.15962257307191505,-0.1044702767967618,-0.04397398069547222,-0.00812544364993432,5.0
-1.2066413282656532,3.7389472254645,0.5671655627803874,-0.15623015892918168,-0.159821591920589,-0.10453738444414358,-0.0439450127290153,-0.008097572603287787,5.0
-1.2056411282256452,3.7377985475989415,0.5676866014493814,-0.15648476224340915,-0.16002059926656637,-0.10460433763556376,-0.043915962995417605,-0.00806970965096368,5.0
-1.2046409281856372,3.7366500781754626,0.5682075397262621,-0.15673953492651638,-0.16021959483499698,-0.10467113624819963,-0.04388683170526119,-0.008041854918533596,5.0
-1.2036407281456292,3.735501817344041,0.5687283774796198,-0.15699447688841056,-0.16041857835097836,-0.10473778015969046,-0.043857619068905014,-0.008014008531183916,5.0
-1.2026405281056212,3.7343537652555017,0.5692491145775345,-0.1572495880389238,-0.1606175495395545,-0.10480426924813671,-0.04382832529648363,-0.00798617061371547,5.0
-1.2016403280656132,3.7332059220615244,0.5697697508875705,-0.15750486828781327,-0.1608165081257168,-0.1048706033920991,-0.04379895059790625,-0.007958341290543161,5.0
-1.2006401280256052,3.732058287914655,0.570290286276773,-0.1577603175447601,-0.16101545383440277,-0.10493678247059761,-0.04376949518285561,-0.007930520685695622,5.0
-1.1996399279855972,3.7309108629683156,0.5708107206116602,-0.15801593571936953,-0.16121438639049615,-0.10500280636311084,-0.04373995926078673,-0.007902708922814828,5.0
-1.1986397279455892,3.7297636473768114,0.5713310537582194,-0.15827172272117013,-0.16141330551882657,-0.10506867494957457,-0.04371034304092578,-0.007874906125155717,5.0
-1.1976395279055811,3.7286166412953454,0.5718512855819025,-0.1585276784596133,-0.1616122109441692,-0.10513438811038137,-0.04368064673226907,-0.007847112415585828,5.0
-1.1966393278655731,3.7274698448800248,0.5723714159476181,-0.1587838028440733,-0.16181110239124433,-0.1051999457263793,-0.04365087054358174,-0.007819327916584917,5.0
-1.1956391278255651,3.726323258287872,0.5728914447197281,-0.15904009578384654,-0.16200997958471722,-0.10526534767887093,-0.043621014683396714,-0.007791552750244541,5.0
-1.1946389277855571,3.7251768816768354,0.5734113717620423,-0.15929655718815106,-0.16220884224919774,-0.1053305938496126,-0.04359107936001337,-0.007763787038267692,5.0
-1.1936387277455491,3.724030715205801,0.5739311969378103,-0.15955318696612628,-0.16240769010923983,-0.10539568412081332,-0.04356106478149655,-0.007736030901968385,5.0
-1.1926385277055411,3.722884759034601,0.5744509201097183,-0.15980998502683227,-0.1626065228893413,-0.10546061837513344,-0.043530971155675176,-0.00770828446227123,5.0
-1.1916383276655331,3.7217390133240236,0.5749705411398826,-0.16006695127924983,-0.16280534031394356,-0.1055253964956844,-0.0435007986901412,-0.007680547839711061,5.0
-1.1906381276255251,3.7205934782358274,0.5754900598898443,-0.1603240856322798,-0.16300414210743142,-0.10559001836602702,-0.043470547592248346,-0.007652821154432479,5.0
-1.1896379275855171,3.7194481539327486,0.5760094762205619,-0.1605813879947422,-0.1632029279941321,-0.10565448387017065,-0.04344021806911082,-0.007625104526189438,5.0
-1.1886377275455091,3.7183030405785145,0.5765287899924074,-0.16083885827537642,-0.1634016976983156,-0.10571879289257229,-0.04340981032760214,-0.007597398074344824,5.0
-1.1876375275055011,3.7171581383378514,0.5770480010651589,-0.16109649638284076,-0.16360045094419395,-0.10578294531813547,-0.04337932457435394,-0.007569701917870013,5.0
-1.186637327465493,3.7160134473764996,0.5775671092979949,-0.1613543022257115,-0.16379918745592098,-0.10584694103220904,-0.04334876101575463,-0.007542016175344429,5.0
-1.185637127425485,3.714868967861223,0.5780861145494886,-0.1616122757124827,-0.16399790695759164,-0.10591077992058616,-0.04331811985794815,-0.007514340964955096,5.0
-1.184636927385477,3.7137246999598177,0.5786050166776024,-0.16187041675156613,-0.1641966091732421,-0.10597446186950353,-0.04328740130683281,-0.007486676404496172,5.0
-1.183636727345469,3.712580643841129,0.5791238155396795,-0.16212872525129007,-0.16439529382684903,-0.10603798676563973,-0.04325660556805987,-0.007459022611368495,5.0
-1.182636527305461,3.711436799675058,0.5796425109924406,-0.16238720111989977,-0.16459396064232942,-0.10610135449611464,-0.043225732847032336,-0.007431379702579134,5.0
-1.181636327265453,3.7102931676325777,0.5801611028919738,-0.16264584426555606,-0.16479260934353993,-0.10616456494848793,-0.04319478334890361,-0.007403747794740878,5.0
-1.180636127225445,3.70914974788574,0.580679591093733,-0.16290465459633563,-0.1649912396542768,-0.10622761801075811,-0.043163757278576194,-0.0073761270040717825,5.0
-1.179635927185437,3.7080065406076925,0.5811979754525272,-0.16316363202023043,-0.16518985129827507,-0.10629051357136139,-0.04313265484070041,-0.007348517446394673,5.0
-1.178635727145429,3.706863545972687,0.5817162558225152,-0.16342277644514677,-0.16538844399920843,-0.10635325151917037,-0.043101476239672976,-0.007320919237136629,5.0
-1.177635527105421,3.705720764156093,0.5822344320572006,-0.16368208777890558,-0.16558701748068894,-0.10641583174349321,-0.043070221679635756,-0.007293332491328531,5.0
-1.176635327065413,3.70457819533441,0.5827525040094235,-0.16394156592924153,-0.16578557146626613,-0.10647825413407198,-0.043038891364474384,-0.007265757323604503,5.0
-1.175635127025405,3.703435839685282,0.5832704715313541,-0.1642012108038025,-0.1659841056794271,-0.10654051858108189,-0.043007485497816814,-0.007238193848201427,5.0
-1.174634926985397,3.702293697387505,0.5837883344744865,-0.1644610223101493,-0.16618261984359547,-0.10660262497512972,-0.042976004283032075,-0.007210642178958411,5.0
-1.173634726945389,3.701151768621046,0.5843060926896303,-0.1647210003557555,-0.1663811136821318,-0.10666457320725295,-0.042944447923228754,-0.007183102429316258,5.0
-1.172634526905381,3.7000100535670497,0.5848237460269056,-0.16498114484800624,-0.16657958691833238,-0.10672636316891827,-0.042912816621253645,-0.007155574712316918,5.0
-1.171634326865373,3.698868552407857,0.5853412943357343,-0.16524145569419835,-0.16677803927542884,-0.10678799475202042,-0.04288111057969037,-0.007128059140602959,5.0
-1.170634126825365,3.6977272653270137,0.5858587374648347,-0.16550193280154002,-0.1669764704765884,-0.106849467848881,-0.04284933000085794,-0.007100555826417024,5.0
-1.169633926785357,3.6965861925092875,0.5863760752622135,-0.1657625760771499,-0.16717488024491245,-0.10691078235224699,-0.042817475086809165,-0.007073064881601231,5.0
-1.168633726745349,3.6954453341406786,0.5868933075751575,-0.16602338542805647,-0.1673732683034366,-0.1069719381552897,-0.04278554603932944,-0.007045586417596645,5.0
-1.167633526705341,3.694304690408434,0.5874104342502277,-0.16628436076119865,-0.16757163437513026,-0.10703293515160335,-0.042753543059935166,-0.007018120545442676,5.0
-1.166633326665333,3.6931642615010616,0.5879274551332514,-0.166545501983424,-0.16776997818289596,-0.10709377323520362,-0.04272146634987215,-0.0069906673757765105,5.0
-1.165633126625325,3.6920240476083444,0.5884443700693147,-0.16680680900148911,-0.16796829944956895,-0.10715445230052675,-0.042689316110114374,-0.006963227018832516,5.0
-1.164632926585317,3.6908840489213532,0.5889611789027557,-0.16706828172205895,-0.16816659789791666,-0.10721497224242772,-0.042657092541362275,-0.006935799584441634,5.0
-1.163632726545309,3.6897442656324615,0.5894778814771551,-0.16732992005170635,-0.16836487325063812,-0.10727533295617915,-0.04262479584404127,-0.00690838518203077,5.0
-1.162632526505301,3.68860469793536,0.5899944776353307,-0.16759172389691165,-0.16856312523036376,-0.10733553433746991,-0.04259242621830029,-0.006880983920622192,5.0
-1.161632326465293,3.6874653460250704,0.5905109672193277,-0.1678536931640617,-0.1687613535596543,-0.10739557628240343,-0.04255998386401016,-0.0068535959088328905,5.0
-1.160632126425285,3.68632621009796,0.5910273500704118,-0.16811582775945025,-0.1689595579610009,-0.10745545868749695,-0.04252746898076204,-0.006826221254873959,5.0
-1.159631926385277,3.6851872903517577,0.5915436260290616,-0.16837812758927714,-0.1691577381568243,-0.10751518144967954,-0.042494881767865936,-0.006798860066549937,5.0
-1.158631726345269,3.6840485869855666,0.5920597949349589,-0.1686405925596471,-0.16935589386947386,-0.10757474446629053,-0.04246222242434895,-0.006771512451258151,5.0
-1.157631526305261,3.682910100199881,0.5925758566269823,-0.16890322257657078,-0.1695540248212281,-0.10763414763507895,-0.04242949114895386,-0.006744178515988091,5.0
-1.156631326265253,3.6817718301966007,0.5930918109431988,-0.16916601754596286,-0.16975213073429296,-0.10769339085420095,-0.04239668814013727,-0.006716858367320698,5.0
-1.155631126225245,3.6806337771790454,0.5936076577208548,-0.16942897737364243,-0.16995021133080204,-0.10775247402221927,-0.04236381359606827,-0.006689552111427721,5.0
-1.154630926185237,3.679495941351973,0.5941233967963667,-0.169692101965332,-0.17014826633281566,-0.10781139703810103,-0.042330867714626456,-0.0066622598540710025,5.0
-1.153630726145229,3.6783583229215933,0.5946390280053153,-0.16995539122665754,-0.1703462954623204,-0.10787015980121668,-0.04229785069340053,-0.006634981700601793,5.0
-1.152630526105221,3.6772209220955836,0.5951545511824347,-0.1702188450631475,-0.1705442984412285,-0.10792876221133829,-0.04226476272968642,-0.006607717755960045,5.0
-1.151630326065213,3.6760837390831047,0.5956699661616046,-0.1704824633802327,-0.17074227499137712,-0.10798720416863787,-0.04223160402048574,-0.006580468124673696,5.0
-1.150630126025205,3.674946774094819,0.5961852727758413,-0.1707462460832456,-0.17094022483452803,-0.10804548557368614,-0.04219837476250387,-0.006553232910857943,5.0
-1.149629925985197,3.673810027342905,0.5967004708572894,-0.17101019307742005,-0.17113814769236677,-0.10810360632745081,-0.0421650751521485,-0.0065260122182145075,5.0
-1.148629725945189,3.672673499041073,0.597215560237212,-0.17127430426789061,-0.17133604328650218,-0.1081615663312947,-0.04213170538552759,-0.006498806150030887,5.0
-1.147629525905181,3.671537189404586,0.5977305407459822,-0.17153857955969223,-0.1715339113384656,-0.10821936548697461,-0.04209826565844781,-0.006471614809179601,5.0
-1.146629325865173,3.6704010986502715,0.5982454122130733,-0.17180301885775967,-0.1717317515697102,-0.10827700369663933,-0.04206475616641268,-0.0064444382981174225,5.0
-1.145629125825165,3.6692652269965413,0.5987601744670503,-0.1720676220669271,-0.17192956370161083,-0.10833448086282826,-0.04203117710462068,-0.006417276718884619,5.0
-1.144628925785157,3.6681295746634093,0.5992748273355607,-0.17233238909192747,-0.17212734745546263,-0.10839179688846941,-0.04199752866796361,-0.0063901301731041265,5.0
-1.143628725745149,3.6669941418725065,0.5997893706453239,-0.1725973198373921,-0.17232510255248082,-0.10844895167687794,-0.041963811051024556,-0.006362998761980793,5.0
-1.142628525705141,3.665858928847102,0.6003038042221223,-0.17286241420785048,-0.17252282871380004,-0.10850594513175461,-0.04193002444807621,-0.006335882586300549,5.0
-1.141628325665133,3.6647239358121166,0.6008181278907925,-0.17312767210772934,-0.17272052566047366,-0.10856277715718375,-0.0418961690530789,-0.006308781746429601,5.0
-1.140628125625125,3.6635891629941453,0.6013323414752137,-0.1733930934413523,-0.17291819311347267,-0.10861944765763143,-0.04186224505967862,-0.006281696342313585,5.0
-1.139627925585117,3.662454610621472,0.6018464447982996,-0.17365867811293945,-0.1731158307936857,-0.1086759565379443,-0.04182825266120532,-0.006254626473476748,5.0
-1.138627725545109,3.6613202789240904,0.6023604376819868,-0.17392442602660693,-0.17331343842191735,-0.10873230370334717,-0.041794192050670795,-0.006227572239021071,5.0
-1.137627525505101,3.6601861681337207,0.602874319947226,-0.17419033708636625,-0.17351101571888874,-0.10878848905944147,-0.041760063420766734,-0.00620053373762543,5.0
-1.136627325465093,3.65905227848383,0.6033880914139704,-0.17445641119612396,-0.17370856240523544,-0.10884451251220344,-0.041725866963862907,-0.006173511067544704,5.0
-1.135627125425085,3.65791861020965,0.6039017519011679,-0.174722648259681,-0.17390607820150786,-0.10890037396798245,-0.041691602872005,-0.006146504326608899,5.0
-1.134626925385077,3.656785163548198,0.6044153012267478,-0.1749890481807325,-0.17410356282816977,-0.10895607333349872,-0.041657271336912695,-0.006119513612222239,5.0
-1.133626725345069,3.655651938738294,0.6049287392076114,-0.1752556108628667,-0.17430101600559753,-0.10901161051584171,-0.04162287254997757,-0.006092539021362241,5.0
-1.132626525305061,3.654518936020582,0.6054420656596213,-0.17552233620956545,-0.1744984374540801,-0.10906698542246833,-0.04158840670226115,-0.006065580650578831,5.0
-1.131626325265053,3.653386155637549,0.6059552803975917,-0.1757892241242028,-0.1746958268938174,-0.10912219796120085,-0.04155387398449273,-0.006038638595993381,5.0
-1.130626125225045,3.652253597833547,0.6064683832352752,-0.17605627451004457,-0.17489318404491985,-0.10917724804022487,-0.041519274587067216,-0.00601171295329776,5.0
-1.129625925185037,3.651121262854811,0.6069813739853535,-0.17632348727024863,-0.17509050862740777,-0.10923213556808774,-0.041484608700043286,-0.005984803817753391,5.0
-1.128625725145029,3.6499891509494806,0.6074942524594258,-0.17659086230786342,-0.1752878003612101,-0.109286860453696,-0.04144987651314091,-0.005957911284190255,5.0
-1.127625525105021,3.6488572623676205,0.6080070184679974,-0.17685839952582813,-0.175485058966164,-0.10934142260631384,-0.041415078215739407,-0.005931035447005933,5.0
-1.126625325065013,3.6477255973612412,0.6085196718204682,-0.17712609882697183,-0.17568228416201354,-0.10939582193556084,-0.04138021399687516,-0.005904176400164579,5.0
-1.125625125025005,3.6465941561843223,0.609032212325122,-0.17739396011401343,-0.1758794756684096,-0.10945005835141013,-0.04134528404523948,-0.005877334237195925,5.0
-1.1246249249849969,3.645462939092831,0.6095446397891127,-0.17766198328956034,-0.1760766332049083,-0.10950413176418594,-0.04131028854917626,-0.005850509051194235,5.0
-1.1236247249449889,3.644331946344745,0.6100569540184552,-0.177930168256109,-0.17627375649097035,-0.10955804208456202,-0.04127522769667984,-0.005823700934817281,5.0
-1.1226245249049809,3.643201178200076,0.6105691548180111,-0.1781985149160437,-0.17647084524596052,-0.10961178922355892,-0.041240101675392674,-0.005796909980285286,5.0
-1.121624324864973,3.6420706349208887,0.6110812419914784,-0.178467023171636,-0.176667899189146,-0.10966537309254233,-0.04120491067260298,-0.005770136279379853,5.0
-1.120624124824965,3.640940316771326,0.6115932153413792,-0.17873569292504515,-0.17686491803969642,-0.10971879360322072,-0.04116965487524254,-0.005743379923442884,5.0
-1.119623924784957,3.6398102240176318,0.6121050746690455,-0.17900452407831605,-0.177061901516682,-0.1097720506676432,-0.04113433446988414,-0.005716641003375471,5.0
-1.118623724744949,3.638680356928171,0.6126168197746081,-0.17927351653338017,-0.1772588493390732,-0.10982514419819707,-0.0410989496427394,-0.005689919609636803,5.0
-1.117623524704941,3.637550715773456,0.6131284504569849,-0.17954267019205436,-0.1774557612257398,-0.1098780741076059,-0.041063500579656284,-0.005663215832243027,5.0
-1.116623324664933,3.6364213008261683,0.6136399665138655,-0.17981198495604037,-0.1776526368954496,-0.1099308403089271,-0.04102798746611661,-0.005636529760766102,5.0
-1.115623124624925,3.6352921123611823,0.614151367741701,-0.1800814607269245,-0.17784947606686768,-0.1099834427155496,-0.04099241048723373,-0.0056098614843326615,5.0
-1.114622924584917,3.63416315065559,0.6146626539356896,-0.18035109740617714,-0.17804627845855545,-0.1100358812411916,-0.04095676982774985,-0.00558321109162282,5.0
-1.113622724544909,3.633034415988724,0.6151738248897626,-0.18062089489515182,-0.17824304378896919,-0.11008815579989809,-0.04092106567203374,-0.005556578670868985,5.0
-1.112622524504901,3.6319059086421843,0.6156848803965727,-0.1808908530950855,-0.1784397717764598,-0.11014026630603878,-0.04088529820407807,-0.005529964309854668,5.0
-1.111622324464893,3.630777628899861,0.6161958202474802,-0.18116097190709723,-0.17863646213927123,-0.11019221267430519,-0.04084946760749683,-0.0055033680959132554,5.0
-1.110622124424885,3.6296495770479607,0.616706644232538,-0.18143125123218817,-0.17883311459553985,-0.11024399481970894,-0.04081357406552281,-0.0054767901159267695,5.0
-1.109621924384877,3.6285217533750296,0.617217352140479,-0.18170169097124084,-0.17902972886329266,-0.11029561265757838,-0.040777617761004935,-0.005450230456324614,5.0
-1.108621724344869,3.6273941581719815,0.6177279437587017,-0.18197229102501883,-0.17922630466044734,-0.11034706610355713,-0.040741598876405605,-0.005423689203082311,5.0
-1.107621524304861,3.626266791732124,0.6182384188732558,-0.18224305129416593,-0.1794228417048097,-0.11039835507360056,-0.040705517593798014,-0.005397166441720203,5.0
-1.106621324264853,3.6251396543511816,0.6187487772688282,-0.1825139716792061,-0.17961933971407426,-0.110449479483974,-0.04066937409486349,-0.005370662257302158,5.0
-1.105621124224845,3.6240127463273253,0.6192590187287288,-0.18278505208054247,-0.1798157984058217,-0.11050043925124986,-0.040633168560888715,-0.0053441767344342556,5.0
-1.104620924184837,3.6228860679611983,0.6197691430348748,-0.18305629239845683,-0.1800122174975186,-0.1105512342923049,-0.04059690117276293,-0.005317709957263425,5.0
-1.103620724144829,3.6217596195559425,0.620279149967778,-0.18332769253311013,-0.18020859670651615,-0.11060186452431799,-0.04056057211097526,-0.005291262009476121,5.0
-1.102620524104821,3.6206334014172272,0.6207890393065268,-0.18359925238454058,-0.18040493575004876,-0.11065232986476721,-0.04052418155561171,-0.005264832974296921,5.0
-1.101620324064813,3.619507413853276,0.6212988108287726,-0.18387097185266352,-0.18060123434523262,-0.11070263023142685,-0.04048772968635238,-0.005238422934487135,5.0
-1.100620124024805,3.618381657174894,0.6218084643107155,-0.18414285083727172,-0.1807974922090656,-0.1107527655423655,-0.04045121668246862,-0.0052120319723434234,5.0
-1.099619923984797,3.6172561316954965,0.6223179995270879,-0.18441488923803404,-0.18099370905842477,-0.11080273571594246,-0.04041464272282003,-0.005185660169696327,5.0
-1.098619723944789,3.6161308377311396,0.6228274162511365,-0.184687086954495,-0.181189884610066,-0.11085254067080551,-0.04037800798585157,-0.005159307607908845,5.0
-1.097619523904781,3.615005775600547,0.6233367142546102,-0.18495944388607435,-0.1813860185806224,-0.11090218032588774,-0.040341312649590406,-0.005132974367874969,5.0
-1.096619323864773,3.613880945625139,0.6238458933077422,-0.18523195993206693,-0.18158211068660324,-0.110951654600405,-0.04030455689164315,-0.005106660530018181,5.0
-1.095619123824765,3.6127563481290643,0.6243549531792337,-0.1855046349916419,-0.18177816064439253,-0.1110009634138528,-0.040267740889192626,-0.005080366174289958,5.0
-1.094618923784757,3.6116319834392274,0.6248638936362378,-0.18577746896384187,-0.18197416817024786,-0.11105010668600357,-0.04023086481899474,-0.005054091380168247,5.0
-1.093618723744749,3.6105078518853206,0.6253727144443416,-0.18605046174758283,-0.18217013298029888,-0.11109908433690345,-0.04019392885737544,-0.005027836226655903,5.0
-1.092618523704741,3.6093839537998544,0.6258814153675517,-0.18632361324165372,-0.18236605479054627,-0.11114789628686975,-0.04015693318022761,-0.005001600792279164,5.0
-1.091618323664733,3.6082602895181872,0.6263899961682742,-0.18659692334471503,-0.18256193331685988,-0.1111965424564873,-0.04011987796300762,-0.004975385155086022,5.0
-1.090618123624725,3.607136859378558,0.6268984566073019,-0.18687039195529992,-0.1827577682749785,-0.11124502276660625,-0.040082763380732495,-0.004949189392644655,5.0
-1.089617923584717,3.6060136637221185,0.6274067964437914,-0.18714401897181193,-0.18295355938050697,-0.11129333713833815,-0.040045589607976224,-0.004923013582041773,5.0
-1.088617723544709,3.604890702892962,0.6279150154352487,-0.18741780429252589,-0.18314930634891616,-0.11134148549305345,-0.04000835681886673,-0.004896857799880978,5.0
-1.087617523504701,3.6037679772381606,0.6284231133375119,-0.18769174781558648,-0.18334500889554053,-0.11138946775237789,-0.039971065187082405,-0.004870722122281114,5.0
-1.086617323464693,3.6026454871077918,0.6289310899047308,-0.18796584943900801,-0.18354066673557734,-0.11143728383818956,-0.03993371488584878,-0.004844606624874561,5.0
-1.085617123424685,3.601523232854978,0.6294389448893508,-0.1882401090606743,-0.183736279584085,-0.11148493367261579,-0.039896306087935055,-0.004818511382805535,5.0
-1.084616923384677,3.6004012148359177,0.6299466780420925,-0.18851452657833734,-0.18393184715598163,-0.11153241717802963,-0.039858838965650754,-0.004792436470728356,5.0
-1.083616723344669,3.599279433409917,0.6304542891119347,-0.18878910188961764,-0.1841273691660432,-0.11157973427704655,-0.039821313690842,-0.004766381962805697,5.0
-1.082616523304661,3.5981578889394257,0.6309617778460942,-0.18906383489200337,-0.184322845328903,-0.11162688489252148,-0.03978373043488828,-0.004740347932706803,5.0
-1.081616323264653,3.5970365817900722,0.6314691439900078,-0.18933872548284952,-0.18451827535904883,-0.111673868947545,-0.039746089368698626,-0.004714334453605697,5.0
-1.080616123224645,3.595915512330699,0.6319763872873129,-0.18961377355937814,-0.1847136589708228,-0.11172068636544011,-0.039708390662708086,-0.004688341598179367,5.0
-1.079615923184637,3.594794680933397,0.6324835074798255,-0.18988897901867696,-0.18490899587841847,-0.1117673370697587,-0.03967063448687408,-0.004662369438605918,5.0
-1.078615723144629,3.593674087973541,0.6329905043075243,-0.19016434175769964,-0.18510428579588029,-0.11181382098427818,-0.039632821010672684,-0.004636418046562719,5.0
-1.077615523104621,3.592553733829829,0.6334973775085283,-0.19043986167326488,-0.1852995284371014,-0.11186013803299805,-0.03959495040309493,-0.004610487493224491,5.0
-1.076615323064613,3.5914336188843157,0.634004126819076,-0.19071553866205604,-0.18549472351582233,-0.11190628814013594,-0.03955702283264293,-0.004584577849261431,5.0
-1.075615123024605,3.59031374352245,0.6345107519735068,-0.19099137262062055,-0.1856898707456291,-0.11195227123012443,-0.039519038467326136,-0.004558689184837259,5.0
-1.074614922984597,3.589194108133114,0.6350172527042391,-0.19126736344536968,-0.18588496983995192,-0.11199808722760711,-0.03948099747465742,-0.004532821569607251,5.0
-1.073614722944589,3.588074713108661,0.6355236287417503,-0.19154351103257763,-0.18608002051206318,-0.11204373605743514,-0.039442900021649255,-0.004506975072716291,5.0
-1.072614522904581,3.5869555588449535,0.6360298798145531,-0.1918198152783811,-0.1862750224750754,-0.11208921764466306,-0.039404746274809534,-0.004481149762796825,5.0
-1.071614322864573,3.5858366457414017,0.6365360056491787,-0.19209627607877958,-0.1864699754419409,-0.11213453191454571,-0.03936653640013797,-0.004455345707966878,5.0
-1.070614122824565,3.5847179742010025,0.6370420059701501,-0.1923728933296335,-0.18666487912544824,-0.11217967879253368,-0.039328270563121576,-0.0044295629758279555,5.0
-1.069613922784557,3.5835995446303817,0.637547880499964,-0.19264966692666524,-0.18685973323822175,-0.11222465820427005,-0.03928994892873092,-0.004403801633462988,5.0
-1.068613722744549,3.5824813574398315,0.6380536289590656,-0.19292659676545698,-0.1870545374927192,-0.11226947007558603,-0.039251571661415824,-0.004378061747434231,5.0
-1.067613522704541,3.581363413043354,0.6385592510658293,-0.19320368274145175,-0.18724929160122986,-0.11231411433249724,-0.03921313892510127,-0.0043523433837811204,5.0
-1.066613322664533,3.5802457118586997,0.6390647465365338,-0.19348092474995224,-0.1874439952758732,-0.11235859090119987,-0.039174650883183074,-0.004326646608018124,5.0
-1.065613122624525,3.5791282543074123,0.6395701150853399,-0.1937583226861205,-0.18763864822859666,-0.11240289970806626,-0.039136107698523694,-0.004300971485132555,5.0
-1.064612922584517,3.5780110408148698,0.6400753564242677,-0.1940358764449769,-0.18783325017117364,-0.11244704067964088,-0.039097509533447775,-0.004275318079582359,5.0
-1.063612722544509,3.576894071810326,0.6405804702631721,-0.19431358592140074,-0.18802780081520198,-0.1124910137426366,-0.03905885654973793,-0.004249686455293896,5.0
-1.062612522504501,3.5757773477269548,0.6410854563097209,-0.19459145101012873,-0.1882222998721018,-0.1125348188239301,-0.03902014890863018,-0.004224076675659652,5.0
-1.0616123224644929,3.5746608690018955,0.6415903142693692,-0.19486947160575546,-0.18841674705311354,-0.1125784558505578,-0.03898138677080957,-0.004198488803535969,5.0
-1.0606121224244849,3.5735446360762952,0.6420950438453357,-0.19514764760273193,-0.18861114206929597,-0.11262192474971155,-0.03894257029640553,-0.0041729229012407104,5.0
-1.0596119223844769,3.572428649395355,0.6425996447385792,-0.19542597889536584,-0.18880548463152422,-0.11266522544873415,-0.03890369964498735,-0.0041473790305509226,5.0
-1.0586117223444689,3.5713129094083755,0.6431041166477728,-0.19570446537782116,-0.18899977445048788,-0.11270835787511536,-0.03886477497555959,-0.004121857252700455,5.0
-1.0576115223044609,3.5701974165688006,0.6436084592692787,-0.19598310694411694,-0.18919401123668866,-0.11275132195648713,-0.038825796446557245,-0.004096357628377542,5.0
-1.0566113222644529,3.5690821713342675,0.6441126722971232,-0.1962619034881277,-0.18938819470043855,-0.11279411762061915,-0.03878676421584115,-0.004070880217722377,5.0
-1.0556111222244449,3.5679671741666517,0.644616755422972,-0.19654085490358256,-0.18958232455185775,-0.11283674479541453,-0.0387476784406931,-0.0040454250803246454,5.0
-1.0546109221844369,3.5668524255321143,0.6451207083361031,-0.19681996108406488,-0.18977640050087216,-0.11287920340890505,-0.03870853927781095,-0.004019992275221021,5.0
-1.0536107221444289,3.5657379259011517,0.6456245307233809,-0.19709922192301177,-0.1899704222572119,-0.11292149338924654,-0.03866934688330378,-0.0039945818608926355,5.0
-1.0526105221044209,3.5646236757486442,0.6461282222692313,-0.19737863731371366,-0.19016438953040798,-0.1129636146647142,-0.03863010141268691,-0.0039691938952625275,5.0
-1.0516103220644129,3.563509675553904,0.6466317826556118,-0.1976582071493142,-0.19035830202979168,-0.11300556716369786,-0.03859080302087682,-0.003943828435693034,5.0
-1.0506101220244048,3.562395925800727,0.6471352115619873,-0.19793793132280899,-0.19055215946449083,-0.11304735081469723,-0.03855145186218608,-0.003918485538983168,5.0
-1.0496099219843968,3.561282426977442,0.6476385086653019,-0.19821780972704617,-0.19074596154342838,-0.113088965546317,-0.03851204809031819,-0.0038931652613659606,5.0
-1.0486097219443888,3.560169179576962,0.6481416736399507,-0.1984978422547255,-0.1909397079753198,-0.11313041128726187,-0.03847259185836244,-0.0038678676585057648,5.0
-1.0476095219043808,3.559056184096837,0.648644706157752,-0.19877802879839757,-0.19113339846867078,-0.11317168796633155,-0.03843308331878841,-0.0038425927854955242,5.0
-1.0466093218643728,3.557943441039305,0.6491476058879198,-0.19905836925046416,-0.19132703273177473,-0.1132127955124159,-0.03839352262344094,-0.003817340696854017,5.0
-1.0456091218243648,3.556830950911347,0.649650372497033,-0.19933886350317745,-0.19152061047271074,-0.11325373385448975,-0.0383539099235345,-0.003792111446523041,5.0
-1.0446089217843568,3.555718714224737,0.65015300564901,-0.1996195114486395,-0.19171413139934115,-0.11329450292160777,-0.038314245369647844,-0.003766905087864599,5.0
-1.0436087217443488,3.554606731496099,0.6506555050050756,-0.199900312978802,-0.19190759521930847,-0.11333510264289906,-0.03827452911171838,-0.003741721673658011,5.0
-1.0426085217043408,3.5534950032469608,0.6511578702237342,-0.20018126798546554,-0.1921010016400334,-0.11337553294756213,-0.03823476129903663,-0.0037165612560970097,5.0
-1.0416083216643328,3.5523835300038105,0.6516601009607376,-0.2004623763602798,-0.19229435036871223,-0.1134157937648594,-0.038194942080240574,-0.0036914238867868073,5.0
-1.0406081216243248,3.551272312298151,0.6521621968690564,-0.20074363799474243,-0.19248764111231417,-0.11345588502411184,-0.038155071603309866,-0.0036663096167410905,5.0
-1.0396079215843168,3.5501613506665555,0.6526641575988482,-0.20102505278019994,-0.19268087357757924,-0.11349580665469372,-0.03811515001556006,-0.0036412184963790124,5.0
-1.0386077215443088,3.549050645650728,0.6531659827974278,-0.20130662060784582,-0.19287404747101497,-0.11353555858602665,-0.038075177463636777,-0.003616150575522121,5.0
-1.0376075215043008,3.5479401977975598,0.6536676721092332,-0.20158834136872036,-0.19306716249889364,-0.11357514074757413,-0.038035154093509646,-0.003591105903391267,5.0
-1.0366073214642928,3.546830007659187,0.6541692251757966,-0.20187021495371152,-0.19326021836725052,-0.1136145530688362,-0.03799508005046644,-0.0035660845286034637,5.0
-1.0356071214242848,3.5457200757930494,0.6546706416357111,-0.20215224125355313,-0.19345321478188052,-0.11365379547934322,-0.037954955479106864,-0.0035410864991687135,5.0
-1.0346069213842768,3.5446104027619527,0.6551719211245971,-0.20243442015882498,-0.1936461514483349,-0.11369286790865038,-0.03791478052333642,-0.0035161118624867757,5.0
-1.0336067213442688,3.543500989134126,0.6556730632750712,-0.20271675155995308,-0.19383902807191974,-0.11373177028633169,-0.03787455532636028,-0.0034911606653439237,5.0
-1.0326065213042608,3.5423918354832855,0.6561740677167109,-0.20299923534720846,-0.19403184435769177,-0.11377050254197417,-0.037834280030676855,-0.00346623295390961,5.0
-1.0316063212642528,3.541282942388695,0.6566749340760232,-0.20328187141070678,-0.19422460001045644,-0.11380906460517151,-0.0377939547780714,-0.0034413287737331613,5.0
-1.0306061212242448,3.5401743104352272,0.6571756619764075,-0.2035646596404086,-0.19441729473476446,-0.11384745640551834,-0.03775357970960968,-0.003416448169740372,5.0
-1.0296059211842368,3.5390659402134297,0.6576762510381231,-0.20384759992611842,-0.19460992823490908,-0.11388567787260385,-0.03771315496563131,-0.0033915911862300702,5.0
-1.0286057211442288,3.5379578323195844,0.658176700878254,-0.20413069215748472,-0.19480250021492285,-0.11392372893600566,-0.03767268068574322,-0.0033667578668706622,5.0
-1.0276055211042208,3.5368499873557764,0.6586770111106726,-0.20441393622399961,-0.19499501037857514,-0.11396160952528353,-0.037632157008812984,-0.003341948254696622,5.0
-1.0266053210642128,3.535742405929957,0.6591771813460044,-0.20469733201499785,-0.19518745842936805,-0.1139993195699726,-0.037591584072961835,-0.0033171623921049186,5.0
-1.0256051210242048,3.5346350886560094,0.6596772111915916,-0.20498087941965723,-0.19537984407053424,-0.11403685899957754,-0.037550962015558166,-0.003292400320851438,5.0
-1.0246049209841968,3.533528036153815,0.6601771002514567,-0.20526457832699777,-0.1955721670050333,-0.11407422774356533,-0.037510290973210306,-0.00326766208204732,5.0
-1.0236047209441888,3.5324212490493214,0.6606768481262654,-0.20554842862588182,-0.19576442693554885,-0.1141114257313594,-0.037469571081759655,-0.0032429477161552813,5.0
-1.0226045209041807,3.5313147279746118,0.6611764544132875,-0.2058324302050132,-0.19595662356448468,-0.1141484528923321,-0.037428802476273504,-0.0032182572629858735,5.0
-1.0216043208641727,3.5302084735679693,0.6616759187063607,-0.2061165829529371,-0.1961487565939622,-0.11418530915579857,-0.03738798529103796,-0.003193590761693734,5.0
-1.0206041208241647,3.529102486473951,0.6621752405958522,-0.20640088675803986,-0.19634082572581638,-0.1142219944510095,-0.037347119659550614,-0.0031689482507737438,5.0
-1.0196039207841567,3.5279967673434545,0.6626744196686182,-0.20668534150854823,-0.19653283066159288,-0.11425850870714431,-0.03730620571451316,-0.0031443297680571742,5.0
-1.0186037207441487,3.5268913168337916,0.6631734555079658,-0.2069699470925297,-0.19672477110254455,-0.1142948518533042,-0.037265243587824064,-0.00311973535070777,5.0
-1.0176035207041407,3.525786135608759,0.6636723476936129,-0.20725470339789134,-0.19691664674962753,-0.11433102381850492,-0.03722423341057094,-0.003095165035217809,5.0
-1.0166033206641327,3.52468122433871,0.6641710958016469,-0.20753961031238036,-0.1971084573034985,-0.11436702453166948,-0.037183175313023134,-0.00307061885740408,5.0
-1.0156031206241247,3.523576583700628,0.6646696994044854,-0.2078246677235831,-0.19730020246451038,-0.11440285392162126,-0.03714206942462379,-0.003046096852403858,5.0
-1.0146029205841167,3.5224722143782023,0.6651681580708344,-0.20810987551892515,-0.19749188193270895,-0.1144385119170761,-0.03710091587398222,-0.0030215990546707976,5.0
-1.0136027205441087,3.5213681170619,0.6656664713656463,-0.20839523358567075,-0.1976834954078297,-0.11447399844663535,-0.037059714788866056,-0.00299712549797081,5.0
-1.0126025205041007,3.520264292449044,0.6661646388500779,-0.20868074181092258,-0.1978750425892931,-0.11450931343877796,-0.03701846629619321,-0.0029726762153778744,5.0
-1.0116023204640927,3.5191607412438883,0.6666626600814484,-0.20896640008162165,-0.19806652317620166,-0.11454445682185313,-0.03697717052202387,-0.002948251239269797,5.0
-1.0106021204240847,3.5180574641576947,0.6671605346131947,-0.20925220828454685,-0.19825793686733598,-0.11457942852407248,-0.0369358275915524,-0.002923850601323952,5.0
-1.0096019203840767,3.5169544619088144,0.6676582619948295,-0.20953816630631478,-0.19844928336115095,-0.11461422847350208,-0.03689443762909909,-0.002899474332512949,5.0
-1.0086017203440687,3.515851735222762,0.6681558417718955,-0.2098242740333789,-0.19864056235577124,-0.11464885659805484,-0.03685300075810174,-0.002875122463100268,5.0
-1.007601520304061,3.5147492848322988,0.6686532734859232,-0.21011053135203048,-0.19883177354898826,-0.1146833128254824,-0.03681151710110746,-0.0028507950226358478,5.0
-1.006601320264053,3.513647111477513,0.6691505566743828,-0.21039693814839672,-0.1990229166382556,-0.114717597083367,-0.036769986779763966,-0.002826492039951608,5.0
-1.005601120224045,3.5125452159059,0.6696476908706419,-0.2106834943084423,-0.19921399132068515,-0.11475170929911338,-0.03672840991481108,-0.0028022135431569604,5.0
-1.004600920184037,3.511443598872446,0.6701446756039167,-0.2109701997179675,-0.199404997293043,-0.11478564939994049,-0.03668678662607198,-0.002777959559634225,5.0
-1.003600720144029,3.510342261139713,0.670641510399226,-0.21125705426260882,-0.19959593425174527,-0.11481941731287323,-0.03664511703244448,-0.0027537301160340338,5.0
-1.002600520104021,3.509241203477919,0.6711381947773458,-0.21154405782783878,-0.19978680189285392,-0.11485301296473377,-0.03660340125189208,-0.002729525238270671,5.0
-1.001600320064013,3.5081404266650273,0.67163472825476,-0.21183121029896534,-0.19997759991207276,-0.11488643628213326,-0.03656163940143505,-0.0027053449515173794,5.0
-1.000600120024005,3.507039931486832,0.6721311103436124,-0.21211851156113173,-0.2001683280047423,-0.11491968719146278,-0.036519831597141166,-0.0026811892802015933,5.0
-0.9995999199839969,3.5059397187370416,0.6726273405516603,-0.21240596149931668,-0.2003589858658367,-0.11495276561888541,-0.03647797795411677,-0.002657058248000153,5.0
-0.9985997199439889,3.5048397892173733,0.6731234183822209,-0.21269355999833345,-0.2005495731899582,-0.11498567149032612,-0.03643607858649733,-0.002632951877834432,5.0
-0.9975995199039809,3.503740143737637,0.6736193433341274,-0.2129813069428303,-0.20074008967133347,-0.11501840473146425,-0.036394133607438074,-0.0026088701918654616,5.0
-0.9965993198639729,3.5026407831158273,0.6741151149016739,-0.21326920221728998,-0.20093053500380856,-0.11505096526772313,-0.036352143129104515,-0.0025848132114889514,5.0
-0.9955991198239649,3.5015417081782148,0.674610732574568,-0.21355724570602988,-0.20112090888084447,-0.1150833530242621,-0.03631010726266286,-0.0025607809573303182,5.0
-0.9945989197839569,3.5004429197594376,0.6751061958378772,-0.21384543729320118,-0.20131121099551288,-0.11511556792596635,-0.03626802611827029,-0.002536773449239606,5.0
-0.9935987197439489,3.499344418702594,0.6756015041719793,-0.21413377686278948,-0.20150144104049073,-0.115147609897438,-0.036225899805065166,-0.0025127907062864065,5.0
-0.9925985197039409,3.4982462058593393,0.6760966570525087,-0.2144222642986141,-0.2016915987080564,-0.1151794788629866,-0.03618372843115715,-0.002488832746754695,5.0
-0.9915983196639329,3.4971482820899755,0.6765916539503048,-0.21471089948432825,-0.20188168369008422,-0.1152111747466195,-0.03614151210361715,-0.0024648995881376267,5.0
-0.9905981196239249,3.4960506482635543,0.677086494331357,-0.21499968230341857,-0.20207169567803998,-0.11524269747203213,-0.0360992509284672,-0.002440991247132286,5.0
-0.9895979195839169,3.494953305257967,0.6775811776567523,-0.21528861263920518,-0.20226163436297548,-0.11527404696259821,-0.0360569450106702,-0.002417107739634373,5.0
-0.9885977195439088,3.4938562539600504,0.6780757033826202,-0.21557769037484195,-0.20245149943552443,-0.11530522314136003,-0.0360145944541197,-0.002393249080732848,5.0
-0.9875975195039008,3.4927594952656786,0.6785700709600789,-0.21586691539331568,-0.2026412905858968,-0.11533622593101817,-0.03597219936162925,-0.0023694152847045158,5.0
-0.9865973194638928,3.491663030079869,0.6790642798351765,-0.21615628757744648,-0.20283100750387392,-0.1153670552539217,-0.035929759834922026,-0.0023456063650085577,5.0
-0.9855971194238848,3.49056685931688,0.6795583294488385,-0.21644580680988723,-0.20302064987880294,-0.11539771103205743,-0.03588727597461992,-0.0023218223342810164,5.0
-0.9845969193838768,3.4894709839003157,0.6800522192368104,-0.21673547297312423,-0.20321021739959252,-0.11542819318704017,-0.03584474788023304,-0.0022980632043292397,5.0
-0.9835967193438688,3.488375404763229,0.6805459486295983,-0.21702528594947623,-0.20339970975470623,-0.11545850164010164,-0.03580217565014853,-0.002274328986126236,5.0
-0.9825965193038608,3.4872801228482246,0.6810395170524136,-0.2173152456210952,-0.20358912663215842,-0.11548863631208048,-0.035759559381619704,-0.002250619689805001,5.0
-0.9815963192638528,3.4861851391075667,0.6815329239251131,-0.21760535186996546,-0.20377846771950822,-0.11551859712341116,-0.03571689917075487,-0.0022269353246527806,5.0
-0.9805961192238448,3.4850904545032835,0.6820261686621395,-0.21789560457790452,-0.2039677327038542,-0.1155483839941131,-0.035674195112506045,-0.0022032758991052904,5.0
-0.9795959191838368,3.483996070007279,0.6825192506724649,-0.21818600362656235,-0.20415692127182877,-0.11557799684378017,-0.03563144730065763,-0.002179641420740872,5.0
-0.9785957191438288,3.4829019866014375,0.683012169359526,-0.21847654889742119,-0.20434603310959215,-0.11560743559156894,-0.035588655827814814,-0.002156031896274598,5.0
-0.9775955191038208,3.4818082052777357,0.683504924121168,-0.21876724027179661,-0.20453506790282763,-0.11563670015618818,-0.03554582078539208,-0.002132447331552322,5.0
-0.9765953190638128,3.4807147270383547,0.683997514349579,-0.21905807763083598,-0.20472402533673498,-0.11566579045588699,-0.03550294226360139,-0.002108887731544671,5.0
-0.9755951190238048,3.4796215528957894,0.6844899394312322,-0.21934906085551995,-0.20491290509602497,-0.11569470640844373,-0.03546002035144041,-0.002085353100340982,5.0
-0.9745949189837968,3.478528683872966,0.6849821987468186,-0.21964018982666095,-0.20510170686491305,-0.11572344793115397,-0.03541705513668034,-0.002061843441143197,5.0
-0.9735947189437888,3.4774361210033518,0.6854742916711886,-0.2199314644249045,-0.20529043032711425,-0.11575201494081945,-0.03537404670585405,-0.002038358756259679,5.0
-0.9725945189037808,3.4763438653310748,0.685966217573284,-0.2202228845307284,-0.20547907516583616,-0.11578040735373567,-0.03533099514424368,-0.002014899047098986,5.0
-0.9715943188637728,3.475251917911038,0.6864579758160767,-0.22051445002444317,-0.20566764106377353,-0.11580862508568031,-0.0352879005358684,-0.001991464314163589,5.0
-0.9705941188237648,3.474160279809039,0.686949565756501,-0.2208061607861917,-0.20585612770310127,-0.11583666805190064,-0.035244762963471746,-0.001968054557043533,5.0
-0.9695939187837568,3.4730689521018863,0.6874409867453896,-0.22109801669594964,-0.2060445347654692,-0.11586453616710188,-0.035201582508509244,-0.0019446697744100571,5.0
-0.9685937187437488,3.471977935877522,0.6879322381274074,-0.22139001763352498,-0.2062328619319947,-0.11589222934543446,-0.03515835925113557,-0.0019213099640091398,5.0
-0.9675935187037408,3.4708872322351416,0.6884233192409829,-0.2216821634785586,-0.20642110888325677,-0.11591974750048148,-0.03511509327019163,-0.0018979751226549863,5.0
-0.9665933186637328,3.4697968422853176,0.6889142294182421,-0.22197445411052397,-0.2066092752992894,-0.11594709054524631,-0.03507178464319166,-0.00187466524622348,5.0
-0.9655931186237248,3.4687067671501204,0.6894049679849384,-0.22226688940872685,-0.20679736085957504,-0.11597425839213948,-0.035028433446310056,-0.00185138032964557,5.0
-0.9645929185837168,3.467617007963246,0.6898955342603864,-0.22255946925230663,-0.20698536524303804,-0.11600125095296623,-0.03498503975436821,-0.0018281203669006018,5.0
-0.9635927185437088,3.466527565870139,0.690385927557389,-0.22285219352023428,-0.20717328812803693,-0.11602806813891284,-0.03494160364082096,-0.0018048853510095903,5.0
-0.9625925185037008,3.4654384420281215,0.6908761471821703,-0.22314506209131474,-0.20736112919235916,-0.116054709860534,-0.03489812517774329,-0.0017816752740284537,5.0
-0.9615923184636928,3.464349637606521,0.6913661924343011,-0.22343807484418496,-0.2075488881132127,-0.11608117602773892,-0.034854604435816526,-0.0017584901270411698,5.0
-0.9605921184236847,3.4632611537867968,0.6918560626066306,-0.22373123165731512,-0.20773656456721978,-0.11610746654977835,-0.03481104148431465,-0.0017353299001529156,5.0
-0.9595919183836767,3.462172991762673,0.6923457569852132,-0.22402453240900852,-0.20792415823040963,-0.11613358133523043,-0.034767436391090374,-0.0017121945824831067,5.0
-0.9585917183436687,3.4610851527402695,0.6928352748492339,-0.2243179769774011,-0.208111668778211,-0.1161595202919873,-0.03472378922256112,-0.0016890841621584262,5.0
-0.9575915183036607,3.4599976379382333,0.6933246154709365,-0.2246115652404621,-0.2082990958854451,-0.11618528332724097,-0.03468010004369483,-0.0016659986263057804,5.0
-0.9565913182636527,3.4589104485878734,0.6938137781155485,-0.22490529707599394,-0.20848643922631824,-0.11621087034746937,-0.03463636891799572,-0.0016429379610452093,5.0
-0.9555911182236447,3.457823585933294,0.694302762041207,-0.22519917236163212,-0.20867369847441417,-0.11623628125842189,-0.034592595907489754,-0.0016199021514827394,5.0
-0.9545909181836367,3.4567370512315327,0.6947915664988809,-0.22549319097484508,-0.2088608733026863,-0.11626151596510496,-0.0345487810727102,-0.0015968911817031974,5.0
-0.9535907181436287,3.4556508457526958,0.6952801907322972,-0.2257873527929351,-0.2090479633834509,-0.11628657437176808,-0.03450492447268288,-0.0015739050347629649,5.0
-0.9525905181036207,3.454564970780096,0.695768633977863,-0.22608165769303729,-0.20923496838837805,-0.11631145638188833,-0.03446102616491131,-0.0015509436926827028,5.0
-0.9515903180636127,3.4534794276103935,0.696256895464587,-0.22637610555212065,-0.20942188798848488,-0.1163361618981561,-0.03441708620536183,-0.0015280071364399963,5.0
-0.9505901180236047,3.4523942175537363,0.6967449744140026,-0.22667069624698705,-0.2096087218541268,-0.1163606908224598,-0.03437310464844841,-0.0015050953459619853,5.0
-0.9495899179835967,3.4513093419338987,0.6972328700400868,-0.22696542965427188,-0.20979546965499,-0.1163850430558707,-0.03432908154701751,-0.0014822083001179308,5.0
-0.9485897179435887,3.450224802088428,0.6977205815491836,-0.22726030565044447,-0.20998213106008282,-0.11640921849862791,-0.0342850169523327,-0.0014593459767117377,5.0
-0.9475895179035807,3.4491405993687865,0.6982081081399204,-0.2275553241118072,-0.21016870573772775,-0.1164332170501225,-0.034240910914059154,-0.0014365083524744563,5.0
-0.9465893178635727,3.448056735140496,0.6986954490031292,-0.22785048491449628,-0.21035519335555306,-0.11645703860888229,-0.03419676348024809,-0.0014136954030566971,5.0
-0.9455891178235647,3.446973210783284,0.6991826033217641,-0.22814578793448148,-0.21054159358048405,-0.11648068307255559,-0.03415257469732095,-0.001390907103021046,5.0
-0.9445889177835567,3.4458900276912336,0.699669570270819,-0.2284412330475662,-0.21072790607873512,-0.1165041503378957,-0.03410834461005362,-0.0013681434258344112,5.0
-0.9435887177435487,3.444807187272927,0.7001563490172446,-0.2287368201293874,-0.21091413051580013,-0.11652744030074452,-0.034064073261560336,-0.0013454043438603494,5.0
-0.9425885177035407,3.443724690951598,0.7006429387198643,-0.22903254905541573,-0.2111002665564442,-0.11655055285601643,-0.03401976069327757,-0.001322689828351348,5.0
-0.9415883176635327,3.442642540165284,0.7011293385292916,-0.22932841970095524,-0.21128631386469476,-0.11657348789768172,-0.03397540694494782,-0.0012999998494410611,5.0
-0.9405881176235247,3.441560736366973,0.7016155475878422,-0.2296244319411442,-0.21147227210383268,-0.1165962453187504,-0.033931012054603166,-0.001277334376136527,5.0
-0.9395879175835167,3.440479281024761,0.702101565029451,-0.22992058565095386,-0.21165814093638255,-0.11661882501125466,-0.033886576058548765,-0.0012546933763103365,5.0
-0.9385877175435087,3.439398175622004,0.7025873899795846,-0.23021688070518953,-0.21184392002410404,-0.11664122686623278,-0.03384209899134621,-0.0012320768166927908,5.0
-0.9375875175035007,3.4383174216574712,0.7030730215551546,-0.23051331697848956,-0.21202960902798254,-0.11666345077371156,-0.033797580885796784,-0.0012094846628639996,5.0
-0.9365873174634927,3.437237020645506,0.7035584588644308,-0.23080989434532626,-0.2122152076082191,-0.11668549662268932,-0.033753021772924524,-0.0011869168792459713,5.0
-0.9355871174234847,3.436156974116176,0.7040437010069516,-0.23110661268000524,-0.21240071542422154,-0.11670736430111833,-0.0337084216819593,-0.0011643734290946704,5.0
-0.9345869173834767,3.435077283615439,0.704528747073437,-0.2314034718566652,-0.21258613213459446,-0.11672905369588744,-0.03366378064031951,-0.001141854274492038,5.0
-0.9335867173434687,3.433997950705296,0.7050135961456971,-0.2317004717492785,-0.21277145739712947,-0.1167505646928041,-0.033619098673595,-0.0011193593763380056,5.0
-0.9325865173034606,3.432918976963956,0.7054982472965449,-0.2319976122316506,-0.21295669086879526,-0.11677189717657664,-0.033574375805529584,-0.0010968886943424777,5.0
-0.9315863172634526,3.4318403639859936,0.7059826995897028,-0.23229489317741972,-0.21314183220572747,-0.11679305103079604,-0.03352961205800354,-0.0010744421870173047,5.0
-0.9305861172234446,3.4307621133825146,0.7064669520797141,-0.23259231446005732,-0.21332688106321893,-0.11681402613791807,-0.03348480745101609,-0.0010520198116682118,5.0
-0.9295859171834366,3.4296842267813177,0.7069510038118496,-0.23288987595286748,-0.2135118370957088,-0.1168348223792445,-0.0334399620026676,-0.0010296215243867418,5.0
-0.9285857171434286,3.4286067058270597,0.7074348538220145,-0.23318757752898678,-0.2136966999567723,-0.11685543963490443,-0.03339507572914167,-0.0010072472800421537,5.0
-0.9275855171034206,3.4275295521814213,0.7079185011366587,-0.2334854190613844,-0.2138814692991106,-0.11687587778383624,-0.03335014864468736,-0.000984897032273359,5.0
-0.9265853170634126,3.426452767523272,0.7084019447726809,-0.2337834004228614,-0.2140661447745398,-0.11689613670376788,-0.03330518076160098,-0.0009625707334807722,5.0
-0.9255851170234046,3.4253763535488386,0.7088851837373354,-0.23408152148605113,-0.2142507260339805,-0.1169162162711985,-0.033260172090207936,-0.0009402683348182213,5.0
-0.9245849169833966,3.424300311971874,0.7093682170281357,-0.2343797821234182,-0.2144352127274464,-0.11693611636137866,-0.033215122638844505,-0.0009179897861848148,5.0
-0.9235847169433886,3.423224644523825,0.7098510436327637,-0.23467818220725906,-0.2146196045040333,-0.11695583684829132,-0.033170032413839395,-0.0008957350362168284,5.0
-0.9225845169033806,3.422149352954005,0.7103336625289706,-0.23497672160970076,-0.2148039010119086,-0.11697537760463211,-0.03312490141949526,-0.0008735040322795816,5.0
-0.9215843168633726,3.421074439029762,0.7108160726844802,-0.2352754002027012,-0.21498810189829917,-0.1169947385017896,-0.03307972965807018,-0.0008512967204593167,5.0
-0.9205841168233646,3.4199999045366525,0.7112982730568976,-0.23557421785804847,-0.21517220680948046,-0.11701391940982549,-0.033034517129758856,-0.0008291130455550796,5.0
-0.9195839167833566,3.4189257512786146,0.7117802625936049,-0.2358731744473607,-0.21535621539076474,-0.11703292019745433,-0.032989263832673886,-0.0008069529510706139,5.0
-0.9185837167433486,3.41785198107814,0.7122620402316705,-0.23617226984208523,-0.2155401272864895,-0.11705174073202368,-0.032943969762826986,-0.0007848163792062589,5.0
-0.9175835167033406,3.416778595776449,0.7127436048977459,-0.23647150391349867,-0.21572394214000534,-0.11707038087949338,-0.03289863491410986,-0.0007627032708508839,5.0
-0.9165833166633326,3.4157055972336665,0.71322495550797,-0.2367708765327059,-0.2159076595936646,-0.11708884050441516,-0.032853259278275204,-0.0007406135655737999,5.0
-0.9155831166233246,3.4146329873289973,0.713706090967871,-0.2370703875706393,-0.21609127928880828,-0.11710711946991179,-0.032807842844917605,-0.0007185472016167293,5.0
-0.9145829165833166,3.4135607679609024,0.714187010172264,-0.23737003689805897,-0.21627480086575504,-0.11712521763765633,-0.032762385601454336,-0.0006965041158857819,5.0
-0.9135827165433086,3.412488941047276,0.7146677120051547,-0.23766982438555112,-0.2164582239637874,-0.11714313486785088,-0.03271688753310596,-0.0006744842439434622,5.0
-0.9125825165033006,3.4114175085256244,0.7151481953396367,-0.23796974990352807,-0.21664154822114032,-0.11716087101920573,-0.03267134862287706,-0.0006524875200006917,5.0
-0.9115823164632926,3.4103464723532446,0.7156284590377923,-0.2382698133222269,-0.21682477327498778,-0.11717842594891748,-0.032625768851536736,-0.000630513876908889,5.0
-0.9105821164232846,3.4092758345074015,0.7161085019505918,-0.23857001451170945,-0.21700789876143084,-0.11719579951264802,-0.03258014819759914,-0.0006085632461520913,5.0
-0.9095819163832766,3.40820559698551,0.7165883229177935,-0.23887035334186038,-0.21719092431548334,-0.11721299156450248,-0.03253448663730388,-0.0005866355578390773,5.0
-0.9085817163432686,3.4071357618053133,0.717067920767839,-0.23917082968238743,-0.21737384957106012,-0.11723000195700761,-0.03248878414459636,-0.0005647307406955843,5.0
-0.9075815163032606,3.4060663310050643,0.717547294317754,-0.2394714434028191,-0.2175566741609627,-0.11724683054108945,-0.032443040691108135,-0.0005428487220565459,5.0
-0.9065813162632526,3.4049973066437063,0.718026442373047,-0.23977219437250516,-0.21773939771686646,-0.11726347716605158,-0.032397256246137235,-0.0005209894278584023,5.0
-0.9055811162232446,3.403928690801055,0.7185053637276038,-0.24007308246061368,-0.2179220198693065,-0.11727994167955234,-0.03235143077662816,-0.0004991527826314568,5.0
-0.9045809161832365,3.402860485577979,0.7189840571635874,-0.24037410753613153,-0.2181045402476646,-0.11729622392758281,-0.03230556424715235,-0.0004773387094923099,5.0
-0.9035807161432285,3.401792693096583,0.7194625214513356,-0.2406752694678623,-0.2182869584801547,-0.11731232375444388,-0.032259656619888145,-0.00045554713013635275,5.0
-0.9025805161032205,3.40072531550039,0.7199407553492561,-0.2409765681244248,-0.2184692741938091,-0.11732824100272354,-0.032213707854600926,-0.0004337779648303247,5.0
-0.9015803160632125,3.399658354954523,0.7204187576037248,-0.2412780033742522,-0.21865148701446405,-0.11734397551327408,-0.03216771790862321,-0.00041203113240496886,5.0
-0.9005801160232045,3.398591813645888,0.720896526948983,-0.24157957508559036,-0.2188335965667458,-0.11735952712518875,-0.03212168673683476,-0.0003903065502477681,5.0
-0.8995799159831965,3.3975256937833564,0.7213740621070313,-0.24188128312649573,-0.2190156024740555,-0.11737489567577881,-0.03207561429164253,-0.0003686041342957539,5.0
-0.8985797159431885,3.3964599975979493,0.72185136178753,-0.24218312736483455,-0.21919750435855487,-0.11739008100055008,-0.032029500522960844,-0.0003469237990284388,5.0
-0.8975795159031805,3.3953947273430183,0.7223284246876929,-0.24248510766828077,-0.21937930184115126,-0.1174050829331796,-0.031983345378191363,-0.0003252654574608154,5.0
-0.8965793158631725,3.39432988529443,0.7228052494921829,-0.24278722390431332,-0.2195609945414822,-0.11741990130549154,-0.03193714880220312,-0.0003036290211364968,5.0
-0.8955791158231645,3.393265473750747,0.7232818348730123,-0.24308947594021557,-0.21974258207790076,-0.11743453594743392,-0.031890910737312636,-0.00028201440012095235,5.0
-0.8945789157831565,3.3922014950334125,0.7237581794894359,-0.24339186364307258,-0.21992406406745987,-0.11744898668705456,-0.03184463112326398,-0.0002604215029948567,5.0
-0.8935787157431485,3.39113795148693,0.724234281987847,-0.24369438687976852,-0.22010544012589683,-0.11746325335047703,-0.03179830989720883,-0.0002388502368475653,5.0
-0.8925785157031405,3.3900748454790484,0.7247101410016783,-0.24399704551698573,-0.2202867098676178,-0.11747733576187654,-0.03175194699368673,-0.00021730050727074271,5.0
-0.8915783156631325,3.389012179400941,0.7251857551512926,-0.24429983942120062,-0.22046787290568115,-0.11749123374345559,-0.03170554234460513,-0.0001957722183521025,5.0
-0.8905781156231245,3.3879499556673878,0.7256611230438849,-0.24460276845868237,-0.22064892885178236,-0.11750494711541974,-0.031659095879219695,-0.00017426527266932023,5.0
-0.8895779155831165,3.386888176716957,0.7261362432733766,-0.24490583249548983,-0.2208298773162372,-0.11751847569595285,-0.03161260752411457,-0.00015277957128407454,5.0
-0.8885777155431085,3.3858268450121844,0.7266111144203143,-0.245209031397469,-0.2210107179079655,-0.11753181930119296,-0.0315660772031828,-0.0001313150137362529,5.0
-0.8875775155031005,3.3847659630397544,0.7270857350517652,-0.24551236503024992,-0.22119145023447423,-0.11754497774520699,-0.031519504837606606,-0.00010987149803833954,5.0
-0.8865773154630925,3.3837055333106765,0.7275601037212177,-0.2458158332592441,-0.2213720739018415,-0.11755795083996638,-0.0314728903458381,-8.844892066995028e-05,5.0
-0.8855771154230845,3.3826455583604664,0.7280342189684775,-0.2461194359496408,-0.22155258851469875,-0.11757073839532203,-0.03142623364357966,-6.704717657258897e-05,5.0
-0.8845769153830765,3.381586040749323,0.7285080793195694,-0.24642317296640404,-0.22173299367621413,-0.11758334021897922,-0.031379534643764834,-4.5666159144554224e-05,5.0
-0.8835767153430685,3.3805269830623046,0.7289816832866309,-0.24672704417426908,-0.22191328898807502,-0.11759575611647263,-0.03133279325653903,-2.4305760236073874e-05,5.0
-0.8825765153030605,3.3794683879095033,0.729455029367817,-0.24703104943773893,-0.22209347405047067,-0.11760798589114115,-0.03128600938924051,-2.9658701446254334e-06,5.0
-0.8815763152630525,3.3784102579262227,0.729928116047198,-0.2473351886210804,-0.22227354846207426,-0.11762002934410243,-0.031239182946381422,1.835362238950774e-05,5.0
-0.8805761152230445,3.377352595773149,0.7304009417946606,-0.2476394615883203,-0.22245351182002526,-0.11763188627422799,-0.031192313829629018,3.965283018747562e-05,5.0
-0.8795759151830365,3.3762954041365254,0.7308735050658092,-0.24794386820324146,-0.22263336371991146,-0.11764355647811746,-0.031145401937787056,6.093186763585189e-05,5.0
-0.8785757151430285,3.37523868572832,0.7313458043018675,-0.24824840832937828,-0.22281310375575067,-0.11765503975007327,-0.03109844716677726,8.219085069039425e-05,5.0
-0.8775755151030205,3.374182443286398,0.7318178379295829,-0.24855308183001232,-0.2229927315199721,-0.11766633588207512,-0.03105144940962106,0.00010342989687955592,5.0
-0.8765753150630125,3.373126679574691,0.7322896043611266,-0.2488578885681678,-0.22317224660339793,-0.1176774446637545,-0.031004408556421507,0.00012464912530773078,5.0
-0.8755751150230044,3.3720713973833605,0.732761101994002,-0.24916282840660667,-0.22335164859522483,-0.11768836588236882,-0.030957324494345226,0.0001458486566582199,5.0
-0.8745749149829964,3.371016599528966,0.7332323292109479,-0.2494679012078236,-0.22353093708300506,-0.11769909932277633,-0.030910197107604915,0.00016702861319594243,5.0
-0.8735747149429884,3.369962288854626,0.7337032843798434,-0.24977310683404083,-0.2237101116526259,-0.11770964476740967,-0.030863026277441686,0.00018818911876981718,5.0
-0.8725745149029804,3.36890846823018,0.7341739658536182,-0.2500784451472026,-0.22388917188829197,-0.11772000199625103,-0.03081581188210789,0.00020933029881489387,5.0
-0.8715743148629724,3.3678551405523502,0.7346443719701576,-0.2503839160089696,-0.2240681173725056,-0.1177301707868057,-0.030768553796850156,0.00023045228035414156,5.0
-0.8705741148229644,3.366802308744895,0.7351145010522152,-0.2506895192807131,-0.22424694768604572,-0.11774015091407693,-0.03072125189389261,0.0002515551919999281,5.0
-0.8695739147829564,3.365749975758767,0.7355843514073197,-0.2509952548235087,-0.22442566240794956,-0.11774994215053984,-0.030673906042420405,0.00027263916395516144,5.0
-0.8685737147429484,3.3646981445722663,0.7360539213276905,-0.25130112249813075,-0.22460426111549167,-0.11775954426611583,-0.030626516108563633,0.0002937043280140955,5.0
-0.8675735147029404,3.3636468181911883,0.7365232090901489,-0.2516071221650446,-0.2247827433841639,-0.117768957028147,-0.030579081955381344,0.0003147508175627785,5.0
-0.8665733146629324,3.3625959996489745,0.7369922129560312,-0.2519132536844005,-0.22496110878765468,-0.11777818020137037,-0.03053160344284616,0.0003357787675791388,5.0
-0.8655731146229244,3.3615456920068585,0.7374609311711071,-0.2522195169160261,-0.2251393568978284,-0.11778721354789216,-0.030484080427828908,0.00035678831463268755,5.0
-0.8645729145829164,3.3604958983540048,0.7379293619654966,-0.25252591171942007,-0.22531748728470494,-0.11779605682716238,-0.030436512764083927,0.00037777959688384873,5.0
-0.8635727145429084,3.3594466218076526,0.7383975035535867,-0.25283243795374316,-0.2254954995164382,-0.11780470979594918,-0.03038890030223443,0.0003987527540828812,5.0
-0.8625725145029004,3.35839786551325,0.7388653541339553,-0.2531390954778115,-0.2256733931592953,-0.11781317220831335,-0.03034124288975852,0.0004197079275683783,5.0
-0.8615723144628924,3.35734963264459,0.7393329118892917,-0.2534458841500872,-0.22585116777763445,-0.11782144381558292,-0.030293540370975446,0.0004406452602653585,5.0
-0.8605721144228844,3.3563019264039395,0.7398001749863208,-0.2537528038286711,-0.22602882293388396,-0.11782952436632786,-0.03024579258703228,0.00046156489668290086,5.0
-0.8595719143828764,3.355254750022166,0.7402671415757295,-0.254059854371293,-0.22620635818851995,-0.11783741360633473,-0.03019799937589113,0.00048246698291134755,5.0
-0.8585717143428684,3.354208106758863,0.7407338097920937,-0.25436703563530333,-0.2263837731000448,-0.11784511127858159,-0.030150160572316665,0.0005033516666190462,5.0
-0.8575715143028604,3.3531619999024667,0.7412001777538103,-0.25467434747766327,-0.22656106722496486,-0.11785261712321304,-0.03010227600786431,0.0005242190970485905,5.0
-0.8565713142628524,3.3521164327703765,0.7416662435630265,-0.2549817897549353,-0.22673824011776772,-0.1178599308775152,-0.030054345510868632,0.0005450694250126009,5.0
-0.8555711142228444,3.351071408709063,0.7421320053055764,-0.25528936232327265,-0.2269152913308998,-0.11786705227589066,-0.03000636890643254,0.0005659028028889766,5.0
-0.8545709141828364,3.350026931094178,0.7425974610509157,-0.25559706503840957,-0.2270922204147439,-0.11787398104983454,-0.029958346016416844,0.0005867193846156431,5.0
-0.8535707141428284,3.348983003330657,0.743062608852062,-0.25590489775564984,-0.22726902691759582,-0.11788071692790922,-0.02991027665943039,0.0006075193256847644,5.0
-0.8525705141028204,3.347939628852821,0.7435274467455335,-0.25621286032985613,-0.2274457103856413,-0.11788725963572044,-0.029862160650820726,0.0006283027831364185,5.0
-0.8515703140628124,3.3468968111244686,0.7439919727512962,-0.25652095261543856,-0.2276222703629332,-0.1178936088958932,-0.029813997802665516,0.0006490699155517024,5.0
-0.8505701140228044,3.345854553638967,0.7444561848727076,-0.25682917446634224,-0.22779870639136687,-0.1178997644280475,-0.029765787923764254,0.0006698208830452538,5.0
-0.8495699139827964,3.344812859919338,0.7449200810964662,-0.25713752573603543,-0.22797501801065792,-0.11790572594877496,-0.029717530819631004,0.000690555847257211,5.0
-0.8485697139427884,3.343771733518336,0.7453836593925639,-0.25744600627749664,-0.22815120475831707,-0.11791149317161498,-0.029669226292487378,0.000711274971344532,5.0
-0.8475695139027803,3.342731178018526,0.7458469177142395,-0.2577546159432021,-0.22832726616962687,-0.11791706580703178,-0.029620874141256567,0.0007319784199717274,5.0
-0.8465693138627723,3.3416911970323486,0.7463098539979387,-0.25806335458511115,-0.22850320177761677,-0.11792244356239104,-0.029572474161557755,0.0007526663593009242,5.0
-0.8455691138227643,3.34065179420219,0.7467724661632709,-0.25837222205465366,-0.22867901111303968,-0.11792762614193743,-0.029524026145701505,0.0007733389569813065,5.0
-0.8445689137827563,3.339612973200435,0.7472347521129759,-0.25868121820271417,-0.22885469370434652,-0.11793261324677179,-0.029475529882685647,0.0007939963821378724,5.0
-0.8435687137427483,3.3385747377295227,0.7476967097328902,-0.2589903428796183,-0.22903024907766176,-0.11793740457482915,-0.029426985158192153,0.0008146388053595117,5.0
-0.8425685137027403,3.3375370915219906,0.7481583368919176,-0.2592995959351172,-0.2292056767567587,-0.11794199982085711,-0.029378391754584673,0.0008352663986863869,5.0
-0.8415683136627323,3.336500038340516,0.7486196314420012,-0.2596089772183707,-0.22938097626303383,-0.11794639867639362,-0.029329749450906814,0.000855879335596583,5.0
-0.8405681136227243,3.3354635819779497,0.7490805912181046,-0.25991848657793254,-0.229556147115482,-0.11795060082974614,-0.02928105802288153,0.0008764777909920481,5.0
-0.8395679135827163,3.334427726257342,0.749541214038188,-0.26022812386173283,-0.2297311888306708,-0.11795460596597097,-0.029232317242911046,0.0008970619411837584,5.0
-0.8385677135427083,3.3333924750319635,0.7500014977031971,-0.26053788891706087,-0.229906100922715,-0.11795841376685236,-0.0291835268800779,0.0009176319638761484,5.0
-0.8375675135027008,3.3323578321853193,0.7504614399970492,-0.26084778159054745,-0.23008088290325077,-0.11796202391088273,-0.02913468670014681,0.000938188038150722,5.0
-0.8365673134626928,3.3313238016311537,0.7509210386866277,-0.26115780172814707,-0.23025553428140993,-0.11796543607324288,-0.02908579646556752,0.0009587303444488917,5.0
-0.8355671134226847,3.3302903873134486,0.751380291521777,-0.26146794917511806,-0.23043005456379353,-0.1179686499257826,-0.029036855935478497,0.0009792590645539766,5.0
-0.8345669133826767,3.329257593206416,0.7518391962353044,-0.2617782237760042,-0.2306044432544461,-0.1179716651370022,-0.028987864865711855,0.000999774381572393,5.0
-0.8335667133426687,3.328225423314482,0.752297750542985,-0.26208862537461397,-0.23077869985482843,-0.11797448137203383,-0.028938823008799026,0.0010202764799139643,5.0
-0.8325665133026607,3.327193881672259,0.7527559521435713,-0.26239915381400103,-0.23095282386379232,-0.11797709829262387,-0.028889730113977736,0.001040765545271369,5.0
-0.8315663132626527,3.326162972344517,0.7532137987188073,-0.26270980893644236,-0.23112681477755287,-0.11797951555711551,-0.02884058592719984,0.0010612417645987197,5.0
-0.8305661132226447,3.3251326994261388,0.7536712879334471,-0.2630205905834168,-0.2313006720896624,-0.11798173282043187,-0.0287913901911404,0.0010817053260892071,5.0
-0.8295659131826367,3.3241030670420737,0.754128417435279,-0.26333149859558325,-0.23147439529098293,-0.11798374973405987,-0.028742142645207896,0.0011021564191518317,5.0
-0.8285657131426287,3.3230740793472773,0.7545851848551538,-0.26364253281275696,-0.23164798386965982,-0.11798556594603452,-0.02869284302555554,0.0011225952343872046,5.0
-0.8275655131026207,3.3220457405266437,0.7550415878070166,-0.2639536930738868,-0.23182143731109403,-0.1179871811009236,-0.028643491065093785,0.0011430219635623893,5.0
-0.8265653130626127,3.3210180547949304,0.7554976238879471,-0.26426497921703046,-0.23199475509791526,-0.11798859483981355,-0.028594086493504096,0.001163436799584725,5.0
-0.8255651130226047,3.319991026396672,0.7559532906782033,-0.26457639107933045,-0.23216793670995434,-0.11798980680029522,-0.028544629037253973,0.0011838399364747156,5.0
-0.8245649129825967,3.318964659606084,0.7564085857412692,-0.2648879284969881,-0.23234098162421601,-0.11799081661645078,-0.028495118419613247,0.0012042315693378612,5.0
-0.8235647129425887,3.3179389587269585,0.7568635066239104,-0.2651995913052375,-0.2325138893148514,-0.11799162391884135,-0.028445554360671668,0.0012246118943354668,5.0
-0.8225645129025807,3.3169139280925486,0.7573180508562342,-0.2655113793383188,-0.23268665925312995,-0.11799222833449499,-0.02839593657735788,0.001244981108654423,5.0
-0.8215643128625727,3.315889572065443,0.7577722159517547,-0.26582329242945074,-0.23285929090741178,-0.11799262948689551,-0.028346264783459692,0.0012653394104758882,5.0
-0.8205641128225647,3.3148658950374292,0.758225999407465,-0.2661353304108027,-0.23303178374312025,-0.11799282699597242,-0.028296538689645864,0.0012856869989429128,5.0
-0.8195639127825567,3.313842901429348,0.758679398703915,-0.2664474931134657,-0.2332041372227146,-0.1179928204780911,-0.02824675800348933,0.0013060240741269444,5.0
-0.8185637127425487,3.3128205956909347,0.7591324113052942,-0.26675978036742193,-0.23337635080565983,-0.11799260954604401,-0.028196922429491674,0.0013263508369932065,5.0
-0.8175635127025407,3.311798982300654,0.7595850346595232,-0.267072192001516,-0.2335484239484013,-0.11799219380904283,-0.028147031669109424,0.0013466674893649563,5.0
-0.8165633126625327,3.3107780657655166,0.7600372661983481,-0.2673847278434224,-0.23372035610433514,-0.11799157287271113,-0.02809708542078168,0.001366974233886564,5.0
-0.8155631126225247,3.3097578506208882,0.760489103337444,-0.2676973877196141,-0.23389214672378056,-0.11799074633907816,-0.028047083379959304,0.0013872712739854496,5.0
-0.8145629125825167,3.308738341430289,0.7609405434765255,-0.26801017145533057,-0.23406379525395202,-0.11798971380657385,-0.02799702523913586,0.0014075588138327995,5.0
-0.8135627125425087,3.3077195427851755,0.7613915839994602,-0.26832307887454354,-0.23423530113893068,-0.11798847487002385,-0.02794691068788002,0.0014278370583030921,5.0
-0.8125625125025007,3.3067014593047173,0.7618422222743927,-0.2686361097999227,-0.2344066638196364,-0.11798702912064621,-0.027896739412869624,0.0014481062129323983,5.0
-0.8115623124624927,3.305684095635554,0.7622924556538752,-0.26894926405280156,-0.23457788273379973,-0.117985376146049,-0.027846511097927674,0.0014683664838754224,5.0
-0.8105621124224847,3.3046674564515452,0.7627422814750029,-0.26926254145314116,-0.23474895731593365,-0.11798351553022857,-0.02779622542405974,0.001488618077861313,5.0
-0.8095619123824767,3.3036515464535054,0.7631916970595581,-0.26957594181949285,-0.23491988699730573,-0.1179814468535692,-0.027745882069493324,0.0015088612021481739,5.0
-0.8085617123424687,3.302636370368926,0.7636406997141625,-0.26988946496896193,-0.23509067120590918,-0.11797916969284357,-0.027695480709718938,0.001529096064476302,5.0
-0.8075615123024606,3.301621932951684,0.7640892867304352,-0.27020311071716874,-0.23526130936643597,-0.11797668362121458,-0.02764502101753311,0.0015493228730201266,5.0
-0.8065613122624526,3.300608238981739,0.7645374553851582,-0.27051687887820935,-0.2354318009002481,-0.11797398820823764,-0.02759450266308304,0.0015695418363387934,5.0
-0.8055611122224446,3.299595293264814,0.7649852029404517,-0.27083076926461574,-0.23560214522534992,-0.11797108301986531,-0.027543925313913416,0.0015897531633254523,5.0
-0.8045609121824366,3.2985831006320634,0.7654325266439553,-0.27114478168731504,-0.23577234175635992,-0.11796796761845146,-0.027493288635014834,0.0016099570631551764,5.0
-0.8035607121424286,3.297571665939729,0.7658794237290172,-0.27145891595558774,-0.2359423899044836,-0.1179646415627584,-0.027442592288874534,0.0016301537452315263,5.0
-0.8025605121024206,3.296560994068779,0.7663258914148926,-0.2717731718770249,-0.2361122890774852,-0.11796110440796363,-0.027391835935528786,0.0016503434191317173,5.0
-0.8015603120624126,3.2955510899245315,0.7667719269069487,-0.27208754925748435,-0.23628203867965994,-0.11795735570566891,-0.0273410192326175,0.0016705262945504117,5.0
-0.8005601120224046,3.29454195843627,0.7672175273968784,-0.2724020479010472,-0.2364516381118077,-0.1179533950039103,-0.027290141835440845,0.0016907025812421185,5.0
-0.7995599119823966,3.293533604556835,0.7676626900629236,-0.27271666760997126,-0.23662108677120422,-0.11794922184716934,-0.02723920339701782,0.0017108724889621392,5.0
-0.7985597119423886,3.2925260332622073,0.7681074120701061,-0.2730314081846454,-0.2367903840515752,-0.11794483577638562,-0.02718820356814718,0.0017310362274061222,5.0
-0.7975595119023806,3.2915192495510763,0.7685516905704651,-0.27334626942354273,-0.2369595293430686,-0.11794023632897106,-0.027137141997470242,0.0017511940061481722,5.0
-0.7965593118623726,3.290513258444386,0.7689955227033076,-0.27366125112317174,-0.23712852203222767,-0.11793542303882518,-0.02708601833153605,0.0017713460345774945,5.0
-0.7955591118223646,3.289508064984876,0.7694389055954642,-0.2739763530780278,-0.23729736150196526,-0.11793039543635193,-0.027034832214868628,0.001791492521833587,5.0
-0.7945589117823566,3.288503674236594,0.7698818363615536,-0.2742915750805428,-0.23746604713153607,-0.11792515304847782,-0.02698358329003654,0.0018116336767399703,5.0
-0.7935587117423486,3.2875000912844072,0.77032431210426,-0.2746069169210347,-0.2376345782965123,-0.11791969539867227,-0.026932271197724667,0.0018317697077364472,5.0
-0.7925585117023406,3.2864973212334845,0.7707663299146137,-0.274922378387655,-0.23780295436875556,-0.11791402200696818,-0.02688089557680823,0.001851900822809859,5.0
-0.7915583116623326,3.285495369208771,0.7712078868722857,-0.2752379592663364,-0.2379711747163928,-0.11790813238998538,-0.026829456064429245,0.0018720272294233586,5.0
-0.7905581116223246,3.2844942403544417,0.7716489800458904,-0.27555365934073905,-0.23813923870379047,-0.1179020260609546,-0.026777952296075193,0.0018921491344441837,5.0
-0.7895579115823166,3.283493939833342,0.7720896064932948,-0.2758694783921952,-0.23830714569152905,-0.11789570252974371,-0.02672638390566008,0.0019122667440699343,5.0
-0.7885577115423086,3.282494472826407,0.7725297632619403,-0.27618541619965425,-0.23847489503637856,-0.11788916130288539,-0.026674750525608002,0.0019323802637533304,5.0
-0.7875575115023006,3.281495844532071,0.7729694473891744,-0.27650147253962587,-0.23864248609127436,-0.1178824018836063,-0.02662305178693901,0.0019524898981254785,5.0
-0.7865573114622926,3.2804980601656535,0.7734086559025872,-0.27681764718612234,-0.2388099182052926,-0.11787542377185826,-0.02657128731935744,0.001972595850917598,5.0
-0.7855571114222846,3.279501124958733,0.7738473858203653,-0.2771339399105993,-0.23897719072362664,-0.11786822646435076,-0.026519456751342686,0.0019926983248812363,5.0
-0.7845569113822766,3.2785050441584986,0.7742856341516469,-0.27745035048189776,-0.23914430298756392,-0.11786080945458577,-0.026467559710242613,0.002012797521706995,5.0
-0.7835567113422686,3.2775098230270916,0.7747233978968923,-0.2777668786661819,-0.2393112543344628,-0.11785317223289367,-0.026415595822369183,0.002032893641941699,5.0
-0.7825565113022606,3.2765154668409235,0.7751606740482627,-0.27808352422687915,-0.23947804409773063,-0.11784531428647135,-0.02636356471309699,0.0020529868849041024,5.0
-0.7815563112622526,3.2755219808899794,0.7755974595900081,-0.27840028692461666,-0.23964467160680075,-0.11783723509942227,-0.026311466006963977,0.0020730774485990156,5.0
-0.7805561112222446,3.2745293704771044,0.7760337514988668,-0.2787171665171585,-0.23981113618711175,-0.11782893415279794,-0.026259299327774953,0.0020931655296299637,5.0
-0.7795559111822365,3.2735376409172714,0.776469546744472,-0.279034162759341,-0.23997743716008577,-0.11782041092464175,-0.026207064298707606,0.0021132513231103393,5.0
-0.7785557111422285,3.272546797536832,0.7769048422897705,-0.27935127540300797,-0.24014357384310867,-0.11781166489003449,-0.026154760542421173,0.002133335022573057,5.0
-0.7775555111022205,3.2715568456727477,0.7773396350914531,-0.27966850419694433,-0.24030954554950978,-0.11780269552114186,-0.026102387681167634,0.0021534168198787023,5.0
-0.7765553110622125,3.2705677906718087,0.7777739221003892,-0.27998584888680883,-0.24047535158854214,-0.11779350228726364,-0.026049945336905606,0.0021734969051222194,5.0
-0.7755551110222045,3.269579637889832,0.7782077002620778,-0.28030330921506635,-0.2406409912653641,-0.11778408465488564,-0.025997433131416902,0.002193575466538102,5.0
-0.7745549109821965,3.268592392690837,0.7786409665171045,-0.2806208849209193,-0.24080646388102073,-0.11777444208773281,-0.02594485068642561,0.002213652690404137,5.0
-0.7735547109421885,3.267606060446214,0.779073717801612,-0.2809385757402365,-0.24097176873242687,-0.11776457404682475,-0.025892197623720012,0.0022337287609436956,5.0
-0.7725545109021805,3.266620646533866,0.7795059510477754,-0.28125638140548437,-0.2411369051123495,-0.11775447999053336,-0.025839473565276983,0.0022538038602265944,5.0
-0.7715543108621725,3.2656361563373375,0.7799376631842929,-0.28157430164565406,-0.2413018723093923,-0.11774415937464258,-0.025786678133389283,0.0022738781680685253,5.0
-0.7705541108221645,3.2646525952449235,0.780368851136884,-0.2818923361861892,-0.24146666960797938,-0.11773361165240999,-0.02573381095079526,0.0022939518619290943,5.0
-0.7695539107821565,3.263669968648765,0.7807995118287975,-0.28221048474891325,-0.24163129628834093,-0.11772283627463075,-0.025680871640811523,0.0023140251168084743,5.0
-0.7685537107421485,3.2626882819439187,0.7812296421813294,-0.2825287470519546,-0.24179575162649972,-0.11771183268970382,-0.025627859827468034,0.0023340981051426977,5.0
-0.7675535107021405,3.2617075405274205,0.7816592391143522,-0.2828471228096725,-0.24196003489425666,-0.11770060034370002,-0.025574775135646023,0.002354170996697599,5.0
-0.7665533106621325,3.260727749797323,0.7820882995468537,-0.28316561173258126,-0.24212414535917995,-0.11768913868043247,-0.02552161719121865,0.0023742439584614502,5.0
-0.7655531106221245,3.2597489151517185,0.7825168203974842,-0.2834842135272729,-0.2422880822845926,-0.11767744714152922,-0.02546838562119408,0.0023943171545362752,5.0
-0.7645529105821165,3.2587710419877465,0.7829447985851137,-0.283802927896341,-0.24245184492956207,-0.11766552516650824,-0.025415080053861585,0.002414390746027942,5.0
-0.7635527105421085,3.257794135700583,0.7833722310294007,-0.2841217545383023,-0.24261543254889073,-0.11765337219285447,-0.025361700118939942,0.0024344648909349793,5.0
-0.7625525105021005,3.256818201682412,0.7837991146513704,-0.28444069314751863,-0.24277884439310737,-0.11764098765609916,-0.025308245447728805,0.00245453974403621,5.0
-0.7615523104620925,3.255843245321386,0.7842254463739988,-0.28475974341411636,-0.24294207970845855,-0.11762837098990155,-0.025254715673262425,0.002474615456777192,5.0
-0.7605521104220845,3.254869272000558,0.7846512231228102,-0.2850789050239081,-0.2431051377369029,-0.11761552162613281,-0.025201110430466207,0.002494692177155532,5.0
-0.7595519103820765,3.2538962870968113,0.7850764418264821,-0.28539817765831044,-0.2432680177161043,-0.1176024389949624,-0.025147429356315698,0.00251477004960508,5.0
-0.7585517103420685,3.252924295979764,0.7855010994174618,-0.2857175609942642,-0.24343071887942835,-0.1175891225249464,-0.02509367208999838,0.0025348492148790746,5.0
-0.7575515103020605,3.2519533040106623,0.7859251928325879,-0.2860370547041516,-0.2435932404559377,-0.11757557164311855,-0.02503983827307771,0.002554929809932243,5.0
-0.7565513102620525,3.250983316541255,0.7863487190137245,-0.2863566584557148,-0.24375558167039038,-0.11756178577508364,-0.024985927549660045,0.002575011967801944,5.0
-0.7555511102220445,3.250014338912656,0.7867716749084014,-0.2866763719119725,-0.24391774174323833,-0.11754776434511272,-0.024931939566563793,0.0025950958174883187,5.0
-0.7545509101820365,3.2490463764541886,0.7871940574704659,-0.28699619473113713,-0.24407971989062696,-0.11753350677624144,-0.02487787397349114,0.002615181483833607,5.0
-0.7535507101420285,3.248079434482219,0.7876158636607413,-0.28731612656653105,-0.24424151532439645,-0.11751901249036982,-0.024823730423202343,0.002635269087400536,5.0
-0.7525505101020205,3.247113518298971,0.7880370904476921,-0.28763616706650164,-0.24440312725208407,-0.11750428090836534,-0.02476950857169223,0.0026553587443500053,5.0
-0.7515503100620124,3.2461486331913303,0.7884577348081014,-0.2879563158743386,-0.24456455487692802,-0.11748931145016761,-0.02471520807836921,0.0026754505663179294,5.0
-0.7505501100220044,3.245184784429633,0.7888777937277537,-0.28827657262818723,-0.24472579739787192,-0.1174741035348959,-0.024660828606236567,0.0026955446602914697,5.0
-0.7495499099819964,3.24422197726644,0.7892972642021248,-0.2885969369609648,-0.24488685400957158,-0.11745865658095872,-0.024606369822076056,0.002715641128484581,5.0
-0.7485497099419884,3.2432602169353038,0.7897161432370806,-0.2889174085002747,-0.24504772390240237,-0.11744297000616587,-0.024551831396633732,0.0027357400682129834,5.0
-0.7475495099019804,3.2422995086495154,0.7901344278495837,-0.28923798686832125,-0.2452084062624684,-0.117427043227843,-0.02449721300480802,0.0027558415717686183,5.0
-0.7465493098619724,3.2413398576008454,0.7905521150684051,-0.2895586716818239,-0.245368900271613,-0.11741087566294817,-0.02444251432583987,0.002775945726293652,5.0
-0.7455491098219644,3.240381268958268,0.790969201934844,-0.28987946255193114,-0.24552920510743043,-0.11739446672819097,-0.02438773504350499,0.0027960526136540645,5.0
-0.7445489097819564,3.2394237478666787,0.7913856855034559,-0.29020035908413566,-0.24568931994327994,-0.11737781584015403,-0.02433287484630826,0.0028161623103129577,5.0
-0.7435487097419484,3.2384672994455994,0.7918015628427812,-0.29052136087818786,-0.24584924394830027,-0.11736092241541658,-0.024277933427679827,0.0028362748872035578,5.0
-0.7425485097019404,3.2375119287878698,0.7922168310360875,-0.2908424675280108,-0.24600897628742657,-0.1173437858706805,-0.02422291048617342,0.0028563904096020674,5.0
-0.7415483096619324,3.2365576409583365,0.7926314871821121,-0.2911636786216141,-0.2461685161214086,-0.11732640562289876,-0.024167805725666312,0.002876508937000356,5.0
-0.7405481096219244,3.2356044409925273,0.7930455283958121,-0.29148499374100856,-0.2463278626068301,-0.11730878108940566,-0.024112618855561097,0.002896630522978644,5.0
-0.7395479095819164,3.2346523338953173,0.7934589518091187,-0.29180641246212136,-0.2464870148961308,-0.11729091168805003,-0.024057349590989183,0.0029167552150782313,5.0
-0.7385477095419084,3.2337013246395916,0.7938717545716969,-0.2921279343547109,-0.24664597213762932,-0.11727279683733001,-0.024001997653015868,0.002936883054674309,5.0
-0.7375475095019004,3.2327514181648933,0.7942839338517101,-0.2924495589822823,-0.24680473347554815,-0.11725443595653036,-0.023946562768847015,0.0029570140768489894,5.0
-0.7365473094618924,3.231802619376072,0.7946954868365885,-0.29277128590200335,-0.2469632980500401,-0.11723582846586168,-0.02389104467203713,0.0029771483102645916,5.0
-0.7355471094218844,3.2308549331419196,0.7951064107337995,-0.2930931146646203,-0.2471216649972172,-0.11721697378660234,-0.023835443102698785,0.002997285777037336,5.0
-0.7345469093818764,3.2299083642938067,0.7955167027716247,-0.29341504481437575,-0.24727983344918056,-0.11719787134124193,-0.02377975780771347,0.0030174264926114474,5.0
-0.7335467093418684,3.2289629176243104,0.7959263601999366,-0.2937370758889248,-0.2474378025340524,-0.11717852055362683,-0.023723988540943403,0.0030375704656337927,5.0
-0.7325465093018604,3.2280185978858382,0.7963353802909819,-0.2940592074192542,-0.24759557137601076,-0.11715892084910845,-0.023668135063444663,0.003057717697829191,5.0
-0.7315463092618524,3.2270754097892502,0.7967437603401621,-0.29438143892960067,-0.24775313909532398,-0.11713907165469255,-0.023612197143681173,0.003077868183876389,5.0
-0.7305461092218444,3.2261333580024765,0.7971514976668203,-0.2947037699373699,-0.24791050480838972,-0.1171189723991914,-0.02355617455773961,0.003098021911284888,5.0
-0.7295459091818364,3.2251924471491353,0.7975585896150265,-0.2950261999530585,-0.24806766762777413,-0.11709862251337741,-0.023500067089545162,0.0031181788602727086,5.0
-0.7285457091418284,3.2242526818071453,0.7979650335543663,-0.295348728480174,-0.2482246266622539,-0.11707802143013864,-0.02344387453107784,0.0031383390036450963,5.0
-0.7275455091018204,3.2233140665073434,0.798370826880727,-0.2956713550151577,-0.24838138101685964,-0.1170571685846362,-0.023387596682589513,0.0031585023066743913,5.0
-0.7265453090618124,3.2223766057320997,0.7987759670170878,-0.295994079047308,-0.24853792979292152,-0.11703606341446371,-0.02333123335282122,0.0031786687269810777,5.0
-0.7255451090218044,3.221440303913931,0.7991804514143062,-0.2963169000587062,-0.24869427208811773,-0.11701470535980832,-0.023274784359221076,0.0031988382144161665,5.0
-0.7245449089817964,3.220505165434123,0.7995842775519043,-0.29663981752414,-0.24885040699652375,-0.11699309386361292,-0.023218249528162028,0.0032190107109449665,5.0
-0.7235447089417884,3.219571194621348,0.7999874429388559,-0.29696283091103265,-0.2490063336086642,-0.1169712283717408,-0.023161628695160048,0.003239186150532404,5.0
-0.7225445089017803,3.2186383957502906,0.8003899451143687,-0.2972859396793706,-0.2491620510115675,-0.11694910833314162,-0.02310492170509213,0.0032593644590299562,5.0
-0.7215443088617723,3.2177067730402773,0.8007917816486684,-0.2976091432816338,-0.24931755828882188,-0.11692673320001862,-0.023048128412414097,0.003279545554064327,5.0
-0.7205441088217643,3.2167763306539126,0.8011929501437735,-0.297932441162727,-0.24947285452063372,-0.11690410242799737,-0.02299124868137819,0.0032997293449279603,5.0
-0.7195439087817563,3.2158470726957185,0.8015934482342745,-0.2982558327599127,-0.2496279387838878,-0.11688121547629629,-0.02293428238625018,0.0033199157324714907,5.0
-0.7185437087417483,3.2149190032107824,0.801993273588103,-0.2985793175027464,-0.2497828101522102,-0.11685807180789785,-0.022877229411525906,0.0033401046089982867,5.0
-0.7175435087017403,3.213992126183413,0.8023924239073008,-0.2989028948130131,-0.24993746769603387,-0.11683467088972169,-0.022820089652147196,0.003360295858161164,5.0
-0.7165433086617323,3.2130664455358056,0.8027908969287809,-0.2992265641046649,-0.2500919104826646,-0.11681101219279823,-0.02276286301371673,0.003380489354861374,5.0
-0.7155431086217243,3.2121419651267202,0.8031886904250871,-0.29955032478376314,-0.25024613757635183,-0.11678709519244436,-0.022705549412712137,0.003400684965150014,5.0
-0.7145429085817163,3.2112186887501624,0.8035858022051428,-0.29987417624841867,-0.25040014803835914,-0.11676291936843876,-0.022648148776698775,0.0034208825461319358,5.0
-0.7135427085417083,3.2102966201340855,0.8039822301149958,-0.30019811788873774,-0.2505539409270385,-0.11673848420519935,-0.022590661044541282,0.0034410819458722593,5.0
-0.7125425085017003,3.2093757629390987,0.8043779720385593,-0.30052214908676805,-0.25070751529790647,-0.11671378919196121,-0.022533086166613724,0.0034612830033057,5.0
-0.7115423084616923,3.208456120757193,0.8047730258983383,-0.30084626921644797,-0.25086087020372294,-0.11668883382295511,-0.02247542410500805,0.0034814855481486865,5.0
-0.7105421084216843,3.2075376971104794,0.8051673896561544,-0.30117047764355753,-0.2510140046945711,-0.11666361759758695,-0.02241767483374078,0.003501689400814498,5.0
-0.7095419083816763,3.2066204954499433,0.8055610613138594,-0.301494773725672,-0.251166917817941,-0.11663814002061776,-0.022359838338957914,0.0035218943723314645,5.0
-0.7085417083416683,3.2057045191542173,0.805954038914037,-0.3018191568121186,-0.25131960861881475,-0.11661240060234418,-0.022301914619137574,0.0035421002642643667,5.0
-0.7075415083016603,3.2047897715283686,0.8063463205407014,-0.30214362624393437,-0.25147207613975386,-0.11658639885877937,-0.022243903685290577,0.003562306868639179,5.0
-0.7065413082616523,3.203876255802709,0.8067379043199784,-0.30246818135382764,-0.2516243194209889,-0.11656013431183386,-0.022185805561158425,0.0035825139678712,5.0
-0.7055411082216443,3.202963975131619,0.8071287884207795,-0.3027928214661433,-0.2517763375005122,-0.11653360648949769,-0.0221276202834089,0.0036027213346967865,5.0
-0.7045409081816363,3.2020529325923976,0.8075189710554664,-0.30311754589682843,-0.25192812941417153,-0.1165068149260215,-0.022069347901828865,0.0036229287321086754,5.0
-0.7035407081416283,3.201143131184132,0.8079084504804968,-0.30344235395340274,-0.252079694195767,-0.1164797591620983,-0.022010988479514073,0.003643135913295132,5.0
-0.7025405081016203,3.2002345738265885,0.8082972249970649,-0.3037672449349309,-0.25223103087714993,-0.11645243874504482,-0.02195254209305603,0.003663342621582938,5.0
-0.7015403080616123,3.19932726335913,0.808685292951724,-0.30409221813199905,-0.2523821384883242,-0.11642485322898334,-0.0218940088327256,0.0036835485903844007,5.0
-0.7005401080216043,3.1984212025396497,0.8090726527369981,-0.3044172728266933,-0.25253301605754935,-0.11639700217502227,-0.021835388802653143,0.0037037535431484357,5.0
-0.6995399079815963,3.1975163940435456,0.8094593027919775,-0.3047424082925817,-0.25268366261144604,-0.11636888515143717,-0.021776682121005083,0.003723957193315862,5.0
-0.6985397079415883,3.196612840462705,0.8098452416029006,-0.3050676237947007,-0.25283407717510425,-0.11634050173385065,-0.02171788892015686,0.003744159244279003,5.0
-0.6975395079015803,3.1957105443045273,0.8102304677037188,-0.3053929185895425,-0.25298425877219255,-0.11631185150541216,-0.021659009346861734,0.003764359389345682,5.0
-0.6965393078615723,3.194809507990968,0.8106149796766493,-0.3057182919250474,-0.25313420642507056,-0.1162829340569768,-0.021600043562415766,0.0037845573117077603,5.0
-0.6955391078215643,3.1939097338576197,0.8109987761527064,-0.30604374304060117,-0.2532839191549038,-0.11625374898728327,-0.021540991742818403,0.0038047526844142854,5.0
-0.6945389077815562,3.1930112241528144,0.81138185581222,-0.30636927116703194,-0.2534333959817793,-0.11622429590313113,-0.0214818540789286,0.003824945170349344,5.0
-0.6935387077415482,3.1921139810367642,0.8117642173853336,-0.3066948755266145,-0.2535826359248241,-0.1161945744195566,-0.02142263077661641,0.003845134422214711,5.0
-0.6925385077015402,3.19121800658073,0.8121458596524872,-0.3070205553330757,-0.2537316380023259,-0.11616458416000752,-0.021363322056909946,0.003865320082517404,5.0
-0.6915383076615322,3.1903233027662226,0.8125267814448779,-0.3073463097916059,-0.25388040123185573,-0.11613432475651665,-0.021303928156137106,0.00388550178356222,5.0
-0.6905381076215242,3.1894298714842395,0.8129069816449062,-0.3076721380988711,-0.2540289246303921,-0.11610379584987408,-0.021244449326062564,0.0039056791474493483,5.0
-0.6895379075815162,3.1885377145345357,0.8132864591866005,-0.3079980394430328,-0.2541772072144479,-0.11607299708979772,-0.021184885834019302,0.0039258517860771315,5.0
-0.6885377075415082,3.187646833624929,0.8136652130560186,-0.30832401300376777,-0.25432524800019835,-0.11604192813510221,-0.021125237963034716,0.003946019301150086,5.0
-0.6875375075015002,3.1867572303706435,0.8140432422916347,-0.30865005795229483,-0.2544730460036114,-0.11601058865386588,-0.021065506011951302,0.003966181284192229,5.0
-0.6865373074614922,3.185868906293685,0.8144205459847011,-0.3089761734514045,-0.2546206002405802,-0.11597897832359651,-0.021005690295541477,0.003986337316565781,5.0
-0.6855371074214842,3.18498186282226,0.8147971232795889,-0.3093023586554917,-0.25476790972705626,-0.11594709683139402,-0.02094579114461655,0.004006486969495342,5.0
-0.6845369073814762,3.1840961012902302,0.8151729733741121,-0.30962861271059416,-0.25491497347918574,-0.11591494387411212,-0.02088580890612968,0.004026629804097583,5.0
-0.6835367073414682,3.1832116229366063,0.8155480955198208,-0.3099549347544343,-0.25506179051344596,-0.11588251915851662,-0.020825743943272704,0.004046765371416512,5.0
-0.6825365073014602,3.1823284289050795,0.8159224890222795,-0.3102813239164646,-0.25520835984678486,-0.11584982240144234,-0.020765596635566486,0.004066893212464391,5.0
-0.6815363072614522,3.181446520243598,0.8162961532413177,-0.31060777931791766,-0.255354680496761,-0.11581685332994703,-0.02070536737894492,0.0040870128582683645,5.0
-0.6805361072214442,3.180565897903981,0.8166690875912611,-0.3109343000718616,-0.2555007514816866,-0.11578361168146263,-0.020645056585832294,0.004107123829922847,5.0
-0.6795359071814362,3.179686562741574,0.8170412915411356,-0.31126088528325807,-0.25564657182077,-0.11575009720394447,-0.020584664685213836,0.004127225638647664,5.0
-0.6785357071414282,3.1788085155149512,0.8174127646148478,-0.31158753404902423,-0.2557921405342608,-0.11571630965601619,-0.020524192122699438,0.004147317785852018,5.0
-0.6775355071014202,3.177931756885653,0.8177835063913453,-0.3119142454581009,-0.2559374566435958,-0.11568224880711335,-0.02046363936058038,0.004167399763204371,5.0
-0.6765353070614122,3.1770562874179733,0.818153516504745,-0.3122410185915234,-0.2560825191715473,-0.11564791443762305,-0.02040300687787886,0.004187471052708185,5.0
-0.6755351070214042,3.176182107578786,0.8185227946444467,-0.3125678525224981,-0.25622732714237106,-0.1156133063390206,-0.02034229517039036,0.004207531126783596,5.0
-0.6745349069813962,3.1753092177374214,0.8188913405552082,-0.3128947463164804,-0.25637187958195595,-0.11557842431400232,-0.020281504750718483,0.004227579448355018,5.0
-0.6735347069413882,3.174437618165578,0.8192591540372083,-0.3132216990312612,-0.2565161755179757,-0.11554326817661621,-0.020220636148302506,0.004247615470944725,5.0
-0.6725345069013802,3.1735673090372876,0.8196262349460763,-0.31354870971705406,-0.2566602139800393,-0.11550783775238767,-0.0201596899094372,0.004267638638772363,5.0
-0.6715343068613722,3.1726982904289227,0.8199925831928987,-0.3138757774165887,-0.2568039939998452,-0.11547213287844268,-0.020098666597285077,0.0042876483868604645,5.0
-0.6705341068213642,3.1718305623192466,0.8203581987441971,-0.31420290116520844,-0.2569475146113348,-0.11543615340362659,-0.020037566791880745,0.004307644141145917,5.0
-0.6695339067813562,3.1709641245895153,0.8207230816218847,-0.31453007999097043,-0.25709077485084536,-0.11539989918861933,-0.019976391090127454,0.004327625318597361,5.0
-0.6685337067413482,3.1700989770236188,0.8210872319031917,-0.31485731291475255,-0.25723377375726614,-0.11536337010604636,-0.019915140105785715,0.004347591327338586,5.0
-0.6675335067013402,3.1692351193082726,0.8214506497205669,-0.3151845989503628,-0.2573765103721941,-0.11532656604058623,-0.019853814469453886,0.004367541566777829,5.0
-0.6665333066613321,3.1683725510332557,0.8218133352615555,-0.315511937104654,-0.2575189837400899,-0.11528948688907362,-0.019792414828540644,0.0043874754277429505,5.0
-0.6655331066213241,3.1675112716916916,0.822175288768642,-0.31583932637764117,-0.2576611929084337,-0.11525213256059769,-0.019730941847229226,0.004407392292622506,5.0
-0.6645329065813161,3.166651280680377,0.8225365105390761,-0.3161667657626246,-0.25780313692788254,-0.11521450297659686,-0.019669396206433657,0.004427291535512635,5.0
-0.6635327065413081,3.1657925773001594,0.822897000924668,-0.31649425424631655,-0.2579448148524278,-0.1151765980709491,-0.019607778603746503,0.004447172522369757,5.0
-0.6625325065013001,3.1649351607563587,0.8232567603315556,-0.31682179080897155,-0.25808622573955137,-0.11513841779005678,-0.019546089753378373,0.004467034611168972,5.0
-0.6615323064612921,3.1640790301592348,0.8236157892199464,-0.3171493744245213,-0.25822736865038415,-0.11509996209292844,-0.019484330386089193,0.004486877152068178,5.0
-0.6605321064212841,3.163224184524502,0.8239740881038358,-0.31747700406071283,-0.25836824264986175,-0.11506123095125426,-0.019422501249110907,0.004506699487577764,5.0
-0.6595319063812761,3.162370622773887,0.8243316575506967,-0.31780467867925244,-0.25850884680688385,-0.11502222434947863,-0.019360603106061993,0.004526500952735935,5.0
-0.6585317063412681,3.16151834373574,0.8246884981811398,-0.3181323972359491,-0.25864918019446836,-0.11498294228486584,-0.019298636736853343,0.004546280875289412,5.0
-0.6575315063012601,3.1606673461456807,0.8250446106685548,-0.31846015868086813,-0.2587892418899099,-0.11494338476756262,-0.01923660293758589,0.004566038575879626,5.0
-0.6565313062612521,3.1598176286472968,0.8253999957387198,-0.3187879619584824,-0.25892903097493536,-0.11490355182065487,-0.019174502520439746,0.004585773368234142,5.0
-0.6555311062212441,3.1589691897928844,0.825754654169389,-0.3191158060078314,-0.2590685465358595,-0.11486344348021961,-0.019112336313554988,0.004605484559363389,5.0
-0.6545309061812361,3.158122028044237,0.8261085867898516,-0.3194436897626819,-0.25920778766373986,-0.11482305979537195,-0.01905010516090392,0.004625171449762428,5.0
-0.6535307061412281,3.1572761417734694,0.8264617944804666,-0.31977161215169103,-0.25934675345453073,-0.1147824008283064,-0.018987809922155076,0.004644833333617763,5.0
-0.6525305061012201,3.156431529263894,0.8268142781721747,-0.32009957209857687,-0.2594854430092374,-0.11474146665433398,-0.018925451472528863,0.00466446949901909,5.0
-0.6515303060612121,3.155588188710937,0.8271660388459837,-0.3204275685222872,-0.2596238554340678,-0.11470025736191312,-0.01886303070264487,0.0046840792281757715,5.0
-0.6505301060212041,3.1547461182230947,0.8275170775324286,-0.32075560033717526,-0.25976198984058463,-0.11465877305267608,-0.018800548518360927,0.004703661797638052,5.0
-0.6495299059811961,3.153905315822935,0.8278673953110096,-0.32108366645317654,-0.2598998453458552,-0.11461701384144965,-0.018738005840603984,0.004723216478522737,5.0
-0.6485297059411881,3.1530657794481374,0.8282169933096046,-0.32141176577599,-0.26003742107260147,-0.11457497985627048,-0.01867540360519281,0.004742742536743346,5.0
-0.6475295059011801,3.152227506952576,0.8285658727038621,-0.3217398972072608,-0.2601747161493472,-0.11453267123839544,-0.018612742762652706,0.00476223923324446,5.0
-0.6465293058611721,3.1513904961074393,0.8289140347165643,-0.32206805964476704,-0.260311729710564,-0.11449008814230655,-0.018550024278022104,0.0047817058242402575,5.0
-0.6455291058211641,3.1505547446023914,0.8292614806169772,-0.3223962519826079,-0.2604484608968175,-0.11444723073570988,-0.018487249130651376,0.004801141561456969,5.0
-0.6445289057811561,3.149720250046769,0.8296082117201695,-0.3227244731113955,-0.2605849088549096,-0.11440409919952985,-0.01842441831399377,0.004820545692379178,5.0
-0.6435287057411481,3.1488870099708177,0.8299542293863167,-0.32305272191844897,-0.2607210727380207,-0.11436069372789806,-0.01836153283538868,0.0048399174604997625,5.0
-0.6425285057011401,3.148055021826965,0.8302995350199803,-0.3233809972879905,-0.26085695170584916,-0.11431701452813595,-0.018298593715837308,0.004859256105573343,5.0
-0.6415283056611321,3.1472242829911248,0.8306441300693679,-0.3237092981013433,-0.26099254492474927,-0.1142730618207328,-0.01823560198977081,0.004878560863873019,5.0
-0.640528105621124,3.1463947907640426,0.8309880160255739,-0.32403762323713187,-0.261127851567867,-0.11422883583931813,-0.018172558704811142,0.004897830968450294,5.0
-0.639527905581116,3.145566542372667,0.8313311944218011,-0.3243659715714852,-0.2612628708152743,-0.11418433683062865,-0.018109464921524702,0.004917065649397934,5.0
-0.638527705541108,3.144739534971561,0.8316736668325609,-0.32469434197824,-0.2613976018541001,-0.11413956505446976,-0.018046321713168785,0.0049362641341156215,5.0
-0.6375275055011,3.1439137656443368,0.8320154348728587,-0.32502273332914694,-0.26153204387866036,-0.11409452078367195,-0.01798313016543124,0.0049554256475782535,5.0
-0.636527305461092,3.1430892314051313,0.8323565001973593,-0.32535114449407765,-0.26166619609058406,-0.11404920430404142,-0.017919891376163264,0.0049745494126065765,5.0
-0.635527105421084,3.1422659292000996,0.8326968644995368,-0.32567957434123346,-0.2618000576989386,-0.11400361591430604,-0.0178566064551056,0.004993634650140088,5.0
-0.634526905381076,3.141443855908943,0.8330365295108075,-0.32600802173735605,-0.26193362792035174,-0.11395775592605552,-0.01779327652360833,0.0050126805795119534,5.0
-0.633526705341068,3.1406230083464646,0.8333754969996474,-0.3263364855479369,-0.26206690597913057,-0.11391162466367653,-0.017729902714344308,0.005031686418725717,5.0
-0.63252650530106,3.1398033832641454,0.8337137687706944,-0.32666496463743017,-0.2621998911073782,-0.11386522246428274,-0.017666486171016616,0.00505065138473365,5.0
-0.631526305261052,3.1389849773517504,0.8340513466638371,-0.3269934578694649,-0.26233258254510766,-0.11381854967763923,-0.017603028048060004,0.005069574693716477,5.0
-0.630526105221044,3.138167787238954,0.8343882325532898,-0.3273219641070589,-0.26246497954035336,-0.11377160666608305,-0.017539529510336757,0.005088455561364388,5.0
-0.629525905181036,3.1373518094969897,0.834724428346654,-0.32765048221283294,-0.26259708134927884,-0.1137243938044372,-0.017475991732826913,0.005107293203158958,5.0
-0.628525705141028,3.13653704064032,0.8350599359839691,-0.3279790110492228,-0.26272888723628146,-0.1136769114799208,-0.01741241590031327,0.005126086834655875,5.0
-0.62752550510102,3.1357234771283244,0.8353947574367502,-0.3283075494786964,-0.26286039647409487,-0.11362916009205393,-0.017348803207061322,0.00514483567176824,5.0
-0.626525305061012,3.1349111153670055,0.8357288947070154,-0.32863609636396557,-0.2629916083438879,-0.1135811400525577,-0.017285154856494223,0.005163538931050238,5.0
-0.625525105021004,3.134099951710714,0.8360623498263072,-0.3289646505682024,-0.2631225221353597,-0.11353285178524966,-0.01722147206086323,0.005182195829980916,5.0
-0.624524904980996,3.1332899824638876,0.8363951248546982,-0.329293210955252,-0.26325313714683246,-0.11348429572593462,-0.017157756040913602,0.005200805587247901,5.0
-0.623524704940988,3.132481203882802,0.8367272218797948,-0.3296217763898459,-0.26338345268534014,-0.11343547232229055,-0.017094008025546396,0.005219367423030812,5.0
-0.62252450490098,3.1316736121773396,0.8370586430157289,-0.32995034573781645,-0.2635134680667145,-0.11338638203375086,-0.017030229251476285,0.00523788055928419,5.0
-0.621524304860972,3.130867203512763,0.8373893904021456,-0.3302789178663069,-0.2636431826156663,-0.1133370253313809,-0.01696642096288563,0.005256344220019631,5.0
-0.620524104820964,3.130061974011504,0.8377194662031828,-0.33060749164398434,-0.263772595665865,-0.11328740269775188,-0.016902584411075082,0.005274757631587046,5.0
-0.619523904780956,3.1292579197549566,0.8380488726064489,-0.3309360659412491,-0.26390170656001316,-0.11323751462680906,-0.016838720854111016,0.005293120022954707,5.0
-0.618523704740948,3.128455036785281,0.8383776118219943,-0.3312646396304448,-0.26403051464991817,-0.11318736162373705,-0.01677483155646994,0.005311430625987935,5.0
-0.61752350470094,3.12765332110721,0.8387056860812778,-0.3315932115860649,-0.26415901929656016,-0.11313694420482025,-0.016710917788680165,0.005329688675726194,5.0
-0.616523304660932,3.1268527686898637,0.8390330976361328,-0.33192178068495987,-0.26428721987015563,-0.11308626289730028,-0.016646980826961023,0.00534789341065837,5.0
-0.615523104620924,3.1260533754685618,0.8393598487577306,-0.3322503458065414,-0.2644151157502189,-0.11303531823922887,-0.016583021952859912,0.005366044072996038,5.0
-0.614522904580916,3.1252551373466413,0.8396859417355423,-0.332578905832985,-0.26454270632561777,-0.11298411077931766,-0.016519042452887305,0.005384139908944505,5.0
-0.613522704540908,3.1244580501972736,0.8400113788763033,-0.33290745964943164,-0.2646699909946271,-0.1129326410767845,-0.016455043618150138,0.0054021801689713884,5.0
-0.6125225045009,3.1236621098652804,0.8403361625029699,-0.33323600614418575,-0.26479696916497797,-0.11288090970119592,-0.016391026743983753,0.005420164108072618,5.0
-0.611522304460892,3.1228673121689448,0.8406602949536893,-0.33356454420891335,-0.2649236402539027,-0.11282891723230708,-0.016326993129582634,0.00543809098603554,5.0
-0.610522104420884,3.122073652901823,0.8409837785807619,-0.33389307273883445,-0.2650500036881765,-0.11277666425989781,-0.016262944077630296,0.005455960067698985,5.0
-0.6095219043808764,3.1212811278345494,0.8413066157496099,-0.33422159063291557,-0.2651760589041548,-0.11272415138360635,-0.016198880893928486,0.005473770623210126,5.0
-0.6085217043408684,3.1204897327166283,0.8416288088377487,-0.3345500967940602,-0.26530180534780784,-0.11267137921275976,-0.016134804887026028,0.005491521928277884,5.0
-0.6075215043008604,3.1196994632782293,0.8419503602337666,-0.33487859012929416,-0.26542724247475,-0.11261834836620213,-0.016070717367847577,0.005509213264422755,5.0
-0.6065213042608524,3.118910315231965,0.842271272336302,-0.33520706954994867,-0.2655523697502659,-0.11256505947211937,-0.016006619649322488,0.00552684391922278,5.0
-0.6055211042208444,3.118122284274662,0.8425915475530311,-0.33553553397184277,-0.26567718664933265,-0.11251151316786258,-0.015942513046014115,0.005544413186555562,5.0
-0.6045209041808364,3.117335366089118,0.8429111882996643,-0.3358639823154595,-0.26580169265663856,-0.11245771009976854,-0.0158783988737498,0.0055619203668361445,5.0
-0.6035207041408284,3.1165495563458485,0.8432301969989431,-0.33619241350612095,-0.2659258872665969,-0.11240365092297774,-0.01581427844925173,0.005579364767250502,5.0
-0.6025205041008204,3.115764850704818,0.8435485760796514,-0.3365208264741592,-0.266049769983357,-0.11234933630125156,-0.015750153089769077,0.005596745701984634,5.0
-0.6015203040608124,3.114981244817155,0.8438663279756322,-0.33684922015508423,-0.26617334032081136,-0.11229476690678612,-0.01568602411271152,0.005614062492448877,5.0
-0.6005201040208044,3.1141987343268545,0.8441834551248123,-0.3371775934897474,-0.26629659780259807,-0.11223994342002547,-0.015621892835284524,0.005631314467497512,5.0
-0.5995199039807964,3.1134173148724558,0.844499959968241,-0.3375059454245025,-0.26641954196210016,-0.11218486652947272,-0.01555776057412645,0.005648500963643334,5.0
-0.5985197039407884,3.1126369820887096,0.844815844949135,-0.3378342749113623,-0.26654217234244115,-0.11212953693150005,-0.015493628644948028,0.005665621325267164,5.0
-0.5975195039007803,3.1118577316082208,0.845131112511938,-0.3381625809081519,-0.266664488496477,-0.11207395533015689,-0.015429498362174141,0.005682674904822069,5.0
-0.5965193038607723,3.111079559063072,0.8454457651013887,-0.3384908623786568,-0.2667864899867833,-0.1120181224369777,-0.01536537103858834,0.005699661063032227,5.0
-0.5955191038207643,3.1103024600864226,0.8457598051616044,-0.33881911829276895,-0.26690817638564057,-0.11196203897078816,-0.01530124798498028,0.005716579169086291,5.0
-0.5945189037807563,3.109526430314091,0.8460732351351744,-0.3391473476266274,-0.2670295472750143,-0.11190570565751058,-0.015237130509796243,0.005733428600825078,5.0
-0.5935187037407483,3.1087514653861064,0.8463860574622696,-0.3394755493627555,-0.26715060224653264,-0.11184912322996916,-0.01517301991879315,0.005750208744923601,5.0
-0.5925185037007403,3.1079775609482403,0.8466982745797639,-0.33980372249019336,-0.26727134090145926,-0.1117922924276937,-0.015108917514696098,0.005766918997067128,5.0
-0.5915183036607323,3.1072047126535125,0.8470098889203724,-0.34013186600462586,-0.26739176285066385,-0.11173521399672394,-0.015044824596859704,0.005783558762121368,5.0
-0.5905181036207243,3.106432916163668,0.847320902911801,-0.34045997890850677,-0.26751186771458857,-0.11167788868941275,-0.014980742460933512,0.005800127454296581,5.0
-0.5895179035807163,3.105662167150629,0.8476313189759155,-0.3407880602111798,-0.2676316551232111,-0.11162031726422976,-0.01491667239853166,0.005816624497305556,5.0
-0.5885177035407083,3.104892461297918,0.8479411395279239,-0.3411161089289914,-0.26775112471600504,-0.11156250048556461,-0.014852615696906941,0.005833049324515342,5.0
-0.5875175035007003,3.104123794302055,0.8482503669755764,-0.3414441240854041,-0.2678702761418958,-0.1115044391235308,-0.014788573638629534,0.005849401379092727,5.0
-0.5865173034606923,3.1033561618739203,0.8485590037183794,-0.34177210471110064,-0.26798910905921425,-0.11144613395376912,-0.014724547501270543,0.005865680114143286,5.0
-0.5855171034206843,3.1025895597400925,0.8488670521468328,-0.34210004984408726,-0.26810762313564707,-0.11138758575725215,-0.014660538557090578,0.005881884992844078,5.0
-0.5845169033806763,3.1018239836441523,0.849174514641676,-0.3424279585297901,-0.26822581804818363,-0.11132879532008888,-0.01459654807273351,0.005898015488569815,5.0
-0.5835167033406683,3.101059429347958,0.8494813935731588,-0.3427558298211478,-0.2683436934830601,-0.11126976343333018,-0.014532577308925581,0.0059140710850125126,5.0
-0.5825165033006603,3.100295892632887,0.8497876913003273,-0.34308366277869856,-0.26846124913570013,-0.1112104908927751,-0.014468627520180088,0.0059300512762945614,5.0
-0.5815163032606523,3.0995333693010467,0.85009341017033,-0.3434114564706649,-0.26857848471065376,-0.11115097849877785,-0.014404699954507693,0.005945955567075224,5.0
-0.5805161032206443,3.098771855176451,0.8503985525177399,-0.34373920997303115,-0.2686953999215324,-0.11109122705605608,-0.014340795853132665,0.00596178347265048,5.0
-0.5795159031806363,3.098011346106167,0.8507031206638979,-0.34406692236961767,-0.26881199449094145,-0.11103123737350021,-0.014276916450214979,0.005977534519046222,5.0
-0.5785157031406283,3.0972518379614233,0.8510071169162732,-0.34439459275214906,-0.2689282681504103,-0.110971010263984,-0.01421306297257868,0.005993208243104802,5.0
-0.5775155031006203,3.096493326638689,0.8513105435678453,-0.34472222022032084,-0.2690442206403198,-0.11091054654417658,-0.014149236639446401,0.006008804192564913,5.0
-0.5765153030606123,3.0957358080607187,0.8516134028965059,-0.34504980388185674,-0.26915985170982687,-0.11084984703435594,-0.014085438662180339,0.006024321926134776,5.0
-0.5755151030206043,3.0949792781775582,0.8519156971644763,-0.34537734285256516,-0.2692751611167875,-0.1107889125582242,-0.014021670244029647,0.00603976101355872,5.0
-0.5745149029805963,3.0942237329675195,0.8522174286177482,-0.3457048362563903,-0.26939014862767635,-0.11072774394272426,-0.013957932579884471,0.006055121035677073,5.0
-0.5735147029405883,3.0934691684381233,0.8525185994855458,-0.34603228322545615,-0.2695048140175048,-0.1106663420178586,-0.013894226856036728,0.006070401584479441,5.0
-0.5725145029005803,3.092715580626999,0.8528192119798029,-0.3463596829001096,-0.26961915706973677,-0.11060470761650977,-0.013830554249947615,0.0060856022631513955,5.0
-0.5715143028605723,3.0919629656027587,0.8531192682946648,-0.3466870344289561,-0.26973317757620213,-0.11054284157426306,-0.013766915930022059,0.006100722686114613,5.0
-0.5705141028205643,3.091211319465829,0.8534187706060089,-0.34701433696889256,-0.2698468753370085,-0.11048074472923128,-0.013703313055390116,0.006115762479060452,5.0
-0.5695139027805562,3.09046063834925,0.8537177210709828,-0.3473415896851343,-0.2699602501604506,-0.1104184179218815,-0.013639746775695424,0.006130721278977074,5.0
-0.5685137027405482,3.0897109184194425,0.8540161218275673,-0.3476687917512378,-0.27007330186291834,-0.11035586199486426,-0.013576218230890749,0.0061455987341701495,5.0
-0.5675135027005402,3.0889621558769322,0.8543139749941557,-0.34799594234912123,-0.2701860302688031,-0.11029307779284526,-0.01351272855104068,0.0061603945042771864,5.0
-0.5665133026605322,3.0882143469570487,0.8546112826691575,-0.3483230406690767,-0.2702984352104022,-0.1102300661623394,-0.013449278856131555,0.006175108260275549,5.0
-0.5655131026205242,3.087467487930581,0.8549080469306161,-0.3486500859097813,-0.27041051652782144,-0.11016682795154689,-0.013385870255888657,0.00618973968448423,5.0
-0.5645129025805162,3.0867215751044013,0.8552042698358506,-0.3489770772783029,-0.27052227406887713,-0.11010336401019287,-0.01332250384960063,0.006204288470559504,5.0
-0.5635127025405082,3.085976604822056,0.8554999534211198,-0.349304013990101,-0.2706337076889956,-0.11003967518936883,-0.013259180725951317,0.0062187543234844414,5.0
-0.5625125025005002,3.08523257346432,0.8557950997012999,-0.3496308952690255,-0.27074481725111255,-0.10997576234137725,-0.01319590196285884,0.006233136959552475,5.0
-0.5615123024604922,3.084489477449717,0.8560897106695863,-0.3499577203473081,-0.27085560262557046,-0.10991162631957851,-0.013132668627322087,0.006247436106345002,5.0
-0.5605121024204842,3.0837473132350057,0.8563837882972137,-0.3502844884655523,-0.27096606369001475,-0.10984726797824144,-0.013069481775274554,0.006261651502703223,5.0
-0.5595119023804762,3.083006077315632,0.8566773345331974,-0.3506111988727188,-0.27107620032928986,-0.10978268817239609,-0.01300634245144552,0.00627578289869425,5.0
-0.5585117023404682,3.082265766226149,0.8569703513040896,-0.3509378508261071,-0.2711860124353334,-0.1097178877576894,-0.012943251689228576,0.00628983005557159,5.0
-0.5575115023004602,3.081526376540603,0.857262840513759,-0.35126444359133185,-0.2712954999070702,-0.10965286759024452,-0.012880210510557544,0.00630379274573012,5.0
-0.5565113022604522,3.080787904872887,0.8575548040431862,-0.3515909764422976,-0.2714046626503043,-0.10958762852652211,-0.012817219925789599,0.00631767075265567,5.0
-0.5555111022204442,3.08005034787706,0.8578462437502837,-0.3519174486611692,-0.2715135005776127,-0.10952217142318599,-0.012754280933595874,0.0063314638708693504,5.0
-0.5545109021804362,3.079313702247638,0.8581371614697231,-0.35224385953833676,-0.27162201360823574,-0.10945649713697062,-0.012691394520859094,0.006345171905866667,5.0
-0.5535107021404282,3.0785779647198503,0.8584275590127909,-0.3525702083723803,-0.2717302016679688,-0.10939060652455235,-0.012628561662578594,0.006358794674051629,5.0
-0.5525105021004202,3.077843132069866,0.8587174381672603,-0.3528964944700286,-0.2718380646890535,-0.109324500442424,-0.012565783321782466,0.0063723320026659366,5.0
-0.5515103020604122,3.0771092011149883,0.8590068006972762,-0.3532227171461154,-0.2719456026100675,-0.10925817974677213,-0.012503060449446806,0.006385783729713377,5.0
-0.5505101020204042,3.0763761687138245,0.8592956483432599,-0.35354887572353266,-0.27205281537581444,-0.10919164529335758,-0.012440393984422057,0.006399149703879526,5.0
-0.5495099019803962,3.075644031766416,0.8595839828218328,-0.35387496953318,-0.2721597029372147,-0.10912489793739966,-0.012377784853366347,0.006412429784446998,5.0
-0.5485097019403882,3.07491278721435,0.8598718058257538,-0.354200997913912,-0.27226626525119496,-0.10905793853346293,-0.012315233970685725,0.0064256238412062384,5.0
-0.5475095019003802,3.0741824320408355,0.8601591190238764,-0.3545269602124817,-0.2723725022805778,-0.10899076793534761,-0.012252742238481351,0.006438731754362097,5.0
-0.5465093018603722,3.073452963270755,0.8604459240611184,-0.3548528557834823,-0.2724784139939721,-0.10892338699598327,-0.01219031054650338,0.006451753414436284,5.0
-0.5455091018203642,3.0727243779706854,0.86073222255845,-0.35517868398928404,-0.27258400036566277,-0.10885579656732534,-0.012127939772111622,0.006464688722165799,5.0
-0.5445089017803562,3.071996673248898,0.8610180161128961,-0.35550444419997046,-0.2726892613755012,-0.10878799750025517,-0.012065630780242781,0.006477537588397598,5.0
-0.5435087017403482,3.071269846255324,0.8613033062975558,-0.35583013579327155,-0.2727941970087957,-0.1087199906444836,-0.012003384423384243,0.006490299933979564,5.0
-0.5425085017003402,3.070543894181505,0.8615880946616311,-0.3561557581544937,-0.27289880725620236,-0.1086517768484569,-0.011941201541554246,0.006502975689647881,5.0
-0.5415083016603321,3.0698188142605063,0.8618723827304777,-0.3564813106764474,-0.2730030921136161,-0.10858335695926691,-0.01187908296228846,0.0065155647959110495,5.0
-0.5405081016203241,3.0690946037668176,0.8621561720056642,-0.3568067927593733,-0.2731070515820635,-0.10851473182256366,-0.011817029500632726,0.0065280672029306595,5.0
-0.5395079015803161,3.068371260016221,0.8624394639650462,-0.3571322038108669,-0.2732106856675936,-0.10844590228247146,-0.011755041959141952,0.006540482870399035,5.0
-0.5385077015403081,3.067648780365642,0.8627222600628565,-0.35745754324579715,-0.27331399438117193,-0.10837686918150821,-0.011693121127884986,0.0065528117674138985,5.0
-0.5375075015003001,3.0669271622129752,0.8630045617298037,-0.35778281048622856,-0.27341697773857343,-0.10830763336050789,-0.011631267784455434,0.006565053872350299,5.0
-0.5365073014602921,3.066206402996889,0.8632863703731857,-0.35810800496133716,-0.2735196357602775,-0.10823819565854577,-0.011569482693988208,0.00657720917272979,5.0
-0.5355071014202841,3.065486500196609,0.8635676873770176,-0.35843312610732697,-0.2736219684713619,-0.10816855691286732,-0.011507766609181753,0.006589277665087132,5.0
-0.5345069013802761,3.064767451331683,0.8638485141021657,-0.3587581733673429,-0.2737239759014,-0.10809871795881978,-0.011446120270325837,0.006601259354834634,5.0
-0.5335067013402681,3.064049253961723,0.8641288518864997,-0.35908314619138415,-0.2738256580843567,-0.10802867962978686,-0.011384544405334675,0.006613154256124236,5.0
-0.5325065013002601,3.063331905686132,0.8644087020450484,-0.3594080440362146,-0.273927015058487,-0.1079584427571267,-0.011323039729785428,0.006624962391707562,5.0
-0.5315063012602521,3.0626154041438087,0.8646880658701724,-0.35973286636527196,-0.2740280468662331,-0.10788800817011217,-0.01126160694696174,0.006636683792793979,5.0
-0.5305061012202441,3.0618997470128377,0.8649669446317442,-0.3600576126485757,-0.27412875355412636,-0.10781737669587506,-0.011200246747902468,0.006648318498906905,5.0
-0.5295059011802361,3.0611849320101614,0.8652453395773384,-0.36038228236263464,-0.27422913517268627,-0.10774654915935224,-0.011138959811455098,0.006659866557738423,5.0
-0.5285057011402281,3.060470956891235,0.8655232519324308,-0.3607068749903516,-0.27432919177632364,-0.10767552638323537,-0.011077746804334099,0.006671328025002456,5.0
-0.5275055011002201,3.0597578194496693,0.8658006829006081,-0.36103139002092877,-0.27442892342324343,-0.10760430918792295,-0.01101660838118374,0.0066827029642865035,5.0
-0.5265053010602121,3.0590455175168527,0.8660776336637842,-0.36135582694977053,-0.2745283301753488,-0.10753289839147569,-0.010955545184645499,0.0066939914469021766,5.0
-0.5255051010202041,3.0583340489615662,0.8663541053824253,-0.3616801852783868,-0.27462741209814656,-0.1074612948095738,-0.010894557845429764,0.006705193551734621,5.0
-0.5245049009801961,3.057623411689578,0.8666300991957846,-0.36200446451429474,-0.2747261692606548,-0.10738949925547799,-0.010833646982391745,0.006716309365091003,5.0
-0.5235047009401881,3.05691360364323,0.8669056162221424,-0.36232866417091997,-0.2748246017353105,-0.10731751253999221,-0.010772813202611442,0.00672733898054812,5.0
-0.5225045009001801,3.0562046228010087,0.8671806575590545,-0.36265278376749654,-0.27492270959787884,-0.10724533547142949,-0.010712057101477547,0.006738282498799352,5.0
-0.5215043008601721,3.055496467177108,0.8674552242836072,-0.3629768228289681,-0.27502049292736447,-0.10717296885558017,-0.010651379262775127,0.006749140027500999,5.0
-0.5205041008201641,3.054789134820979,0.8677293174526781,-0.3633007808858869,-0.275117951805924,-0.10710041349568286,-0.010590780258776942,0.006759911681118217,5.0
-0.5195039007801561,3.054082623816868,0.8680029381032027,-0.3636246574743136,-0.27521508631877906,-0.10702767019239749,-0.010530260650338307,0.006770597580770614,5.0
-0.5185037007401481,3.05337693228335,0.8682760872524462,-0.3639484521357143,-0.27531189655413174,-0.10695473974378054,-0.010469820986995181,0.006781197854077567,5.0
-0.5175035007001401,3.052672058372845,0.8685487658982847,-0.364272164416862,-0.2754083826030814,-0.10688162294526375,-0.010409461807065689,0.006791712635003581,5.0
-0.5165033006601321,3.0519680002711347,0.8688209750194857,-0.3645957938697325,-0.27550454455954254,-0.1068083205896337,-0.010349183637754514,0.006802142063703566,5.0
-0.515503100620124,3.051264756196865,0.8690927155759961,-0.36491934005140525,-0.2756003825201639,-0.10673483346701446,-0.010288986995260398,0.006812486286368289,5.0
-0.514502900580116,3.050562324401044,0.8693639885092345,-0.36524280252395985,-0.2756958965842511,-0.10666116236485235,-0.010228872384886331,0.006822745455070125,5.0
-0.513502700540108,3.049860703166533,0.8696347947423859,-0.3655661808543757,-0.2757910868536873,-0.10658730806790254,-0.010168840301152468,0.006832919727609053,5.0
-0.5125025005001,3.0491598908075304,0.8699051351807009,-0.36588947461443055,-0.2758859534328588,-0.10651327135821785,-0.010108891227911565,0.006843009267359236,5.0
-0.511502300460092,3.048459885669052,0.8701750107118007,-0.36621268338059915,-0.2759804964285807,-0.10643905301513976,-0.010049025638466767,0.006853014243116083,5.0
-0.510502100420084,3.0477606861264044,0.8704444222059785,-0.3665358067339525,-0.27607471595002336,-0.10636465381529092,-0.009989243995691763,0.006862934828943973,5.0
-0.509501900380076,3.0470622905846545,0.8707133705165099,-0.36685884426005744,-0.2761686121086417,-0.10629007453257008,-0.009929546752152971,0.006872771204024756,5.0
-0.508501700340068,3.046364697478094,0.8709818564799643,-0.36718179554887603,-0.27626218501810645,-0.10621531593814837,-0.009869934350233736,0.006882523552507123,5.0
-0.50750150030006,3.0456679052697044,0.8712498809165143,-0.3675046601946668,-0.276355434794235,-0.10614037880046791,-0.009810407222260452,0.006892192063356825,5.0
-0.506501300260052,3.0449719124506136,0.8715174446302528,-0.3678274377958846,-0.27644836155492586,-0.10606526388524147,-0.009750965790630341,0.00690177693020803,5.0
-0.505501100220044,3.0442767175395558,0.8717845484095054,-0.36815012795508295,-0.2765409654200939,-0.10598997195545468,-0.009691610467940927,0.0069112783512157,5.0
-0.504500900180036,3.0435823190823235,0.8720511930271501,-0.3684727302788153,-0.2766332465116066,-0.10591450377136885,-0.009632341657120971,0.006920696528909134,5.0
-0.503500700140028,3.042888715651222,0.8723173792409329,-0.368795244377538,-0.27672520495322284,-0.1058388600905262,-0.009573159751562737,0.006930031670046851,5.0
-0.50250050010002,3.0421959058445216,0.8725831077937882,-0.36911766986551364,-0.276816840870533,-0.10576304166775596,-0.009514065135255574,0.006939283985472729,5.0
-0.501500300060012,3.041503888285909,0.8728483794141549,-0.3694400063607151,-0.27690815439090055,-0.10568704925518263,-0.009455058182920558,0.006948453689973586,5.0
-0.500500100020004,3.0408126616239404,0.8731131948162957,-0.3697622534847307,-0.2769991456434047,-0.1056108836022348,-0.009396139260146196,0.006957541002138233,5.0
-0.499499899979996,3.040122224531492,0.8733775547006183,-0.3700844108626701,-0.2770898147587862,-0.10553454545565603,-0.00933730872352503,0.006966546144218024,5.0
-0.498499699939988,3.0394325757052107,0.8736414597539907,-0.37040647812307037,-0.2771801618693926,-0.10545803555951656,-0.009278566920790989,0.006975469341989018,5.0
-0.49749949989998,3.0387437138649718,0.8739049106500604,-0.3707284548978047,-0.2772701871091263,-0.10538135465522647,-0.009219914190957475,0.006984310824615795,5.0
-0.496499299859972,3.0380556377533288,0.8741679080495711,-0.3710503408219897,-0.2773598906133945,-0.10530450348155,-0.009161350864455966,0.0069930708245169605,5.0
-0.495499099819964,3.0373683461349716,0.874430452600679,-0.37137213553389564,-0.27744927251905976,-0.10522748277462095,-0.009102877263275135,0.007001749577232441,5.0
-0.494498899779956,3.0366818377961877,0.8746925449392686,-0.37169383867485767,-0.27753833296439273,-0.10515029326795922,-0.009044493701100284,0.0070103473212925465,5.0
-0.493498699739948,3.035996111544319,0.8749541856892629,-0.3720154498891864,-0.2776270720890255,-0.10507293569248836,-0.008986200483453109,0.007018864298088879,5.0
-0.49249849969994,3.0353111662072285,0.8752153754629393,-0.3723369688240813,-0.2777154900339079,-0.10499541077655396,-0.00892799790783159,0.007027300751747188,5.0
-0.49149829965993197,3.034627000632765,0.8754761148612374,-0.37265839512954385,-0.2778035869412634,-0.1049177192459432,-0.008869886263849944,0.007035656929002049,5.0
-0.49049809961992397,3.033943613688233,0.87573640447407,-0.37297972845829425,-0.277891362954549,-0.1048398618239053,-0.008811865833378648,0.007043933079073645,5.0
-0.48949789957991596,3.033261004259869,0.8759962448806247,-0.37330096846568606,-0.2779788182184137,-0.1047618392311724,-0.008753936890684214,0.0070521294535464294,5.0
-0.48849769953990796,3.032579171252314,0.8762556366496718,-0.37362211480962376,-0.2780659528786607,-0.10468365218598191,-0.008696099702568905,0.007060246306249927,5.0
-0.48749749949989996,3.0318981135880994,0.8765145803398646,-0.37394316715048254,-0.2781527670822096,-0.10460530140409872,-0.008638354528510053,0.007068283893141494,5.0
-0.48649729945989195,3.031217830207132,0.8767730765000382,-0.37426412515102686,-0.27823926097706075,-0.10452678759883909,-0.008580701620799177,0.0070762424721912374,5.0
-0.48549709941988395,3.0305383200661833,0.8770311256695069,-0.37458498847633204,-0.27832543471226107,-0.10444811148109434,-0.008523141224680512,0.007084122303269012,5.0
-0.48449689937987594,3.029859582138385,0.8772887283783581,-0.3749057567937078,-0.27841128843787055,-0.10436927375935592,-0.008465673578489107,0.007091923648033549,5.0
-0.48349669933986794,3.029181615412731,0.8775458851477399,-0.37522642977261966,-0.2784968223049298,-0.1042902751397401,-0.008408298913788314,0.007099646769823745,5.0
-0.48249649929985994,3.0285044188935806,0.8778025964901521,-0.37554700708461564,-0.2785820364654312,-0.10421111632601403,-0.008351017455506607,0.007107291933552092,5.0
-0.48149629925985193,3.0278279916001694,0.8780588629097305,-0.375867488403252,-0.2786669310722884,-0.10413179801962233,-0.008293829422073712,0.0071148594056003175,5.0
-0.48049609921984393,3.0271523325661294,0.8783146849025278,-0.3761878734040214,-0.27875150627930884,-0.10405232091971342,-0.008236735025555926,0.007122349453717171,5.0
-0.4794958991798359,3.026477440839008,0.87857006295679,-0.3765081617642807,-0.2788357622411672,-0.10397268572316647,-0.008179734471790571,0.007129762346918412,5.0
-0.4784956991398279,3.0258033154797963,0.8788249975532332,-0.3768283531631827,-0.2789196991133798,-0.10389289312461934,-0.008122827960519552,0.00713709835538905,5.0
-0.4774954990998199,3.0251299555624658,0.8790794891653136,-0.3771484472816067,-0.2790033170522809,-0.10381294381649635,-0.00806601568552191,0.0071443577503877325,5.0
-0.4764952990598119,3.0244573601735065,0.8793335382594955,-0.37746844380209116,-0.27908661621499864,-0.10373283848903597,-0.008009297834745388,0.007151540804153358,5.0
-0.4754950990198039,3.0237855284114743,0.8795871452955142,-0.3777883424087693,-0.27916959675943454,-0.10365257783031989,-0.007952674590436911,0.007158647789813896,5.0
-0.4744948989797959,3.0231144593865427,0.8798403107266375,-0.3781081427873039,-0.279252258844242,-0.10357216252630148,-0.007896146129271878,0.007165678981297435,5.0
-0.4734946989397879,3.022444152220065,0.8800930349999216,-0.37842784462482526,-0.2793346026288069,-0.10349159326083418,-0.007839712622482344,0.0071726346532453855,5.0
-0.4724944988997799,3.0217746060441404,0.8803453185564616,-0.3787474476098679,-0.27941662827322916,-0.10341087071570122,-0.007783374235983951,0.007179515080927929,5.0
-0.4714942988597719,3.021105820001184,0.8805971618316442,-0.37906695143231167,-0.27949833593830553,-0.10332999557064426,-0.007727131130501578,0.007186320540161591,5.0
-0.4704940988197639,3.020437793243509,0.880848565255389,-0.37938635578332275,-0.27957972578551304,-0.10324896850339324,-0.007670983461693692,0.007193051307229078,5.0
-0.4694938987797559,3.0197705249329108,0.88109952925239,-0.3797056603552958,-0.2796607979769933,-0.10316779018969517,-0.007614931380275335,0.007199707658801215,5.0
-0.4684936987397479,3.019104014240264,0.8813500542423534,-0.3800248648417978,-0.2797415526755393,-0.10308646130334409,-0.007558975032139749,0.007206289871861063,5.0
-0.4674934986997399,3.01843826034512,0.881600140640228,-0.3803439689375124,-0.2798219900445808,-0.10300498251621015,-0.0075031145584785715,0.007212798223630188,5.0
-0.4664932986597319,3.0177732624353144,0.8818497888564364,-0.380662972338188,-0.279902110248173,-0.10292335449826953,-0.007447350095900567,0.007219232991497056,5.0
-0.4654930986197239,3.017109019706582,0.8820989992970976,-0.38098187474058487,-0.27998191345098444,-0.10284157791763343,-0.007391681776548879,0.007225594452947491,5.0
-0.4644928985797159,3.0164455313621774,0.8823477723642491,-0.3813006758424237,-0.28006139981828704,-0.10275965344057805,-0.007336109728216823,0.0072318828854973,5.0
-0.46349269853970787,3.015782796612504,0.8825961084560612,-0.38161937534233575,-0.28014056951594535,-0.10267758173157336,-0.007280634074462011,0.007238098566626927,5.0
-0.46249249849969987,3.0151208146747512,0.8828440079670509,-0.38193797293981685,-0.2802194227104097,-0.10259536345331323,-0.007225254934719092,0.007244241773718205,5.0
-0.46149229845969186,3.014459584772532,0.8830914712882892,-0.38225646833517823,-0.28029795956870657,-0.10251299926674391,-0.0071699724244107576,0.007250312783993063,5.0
-0.46049209841968386,3.0137991061355383,0.8833384988076041,-0.3825748612295013,-0.280376180258432,-0.10243048983109332,-0.007114786655057233,0.007256311874454304,5.0
-0.45949189837967586,3.0131393779991935,0.8835850909097822,-0.38289315132459284,-0.2804540849477451,-0.10234783580389996,-0.007059697734384131,0.007262239321828334,5.0
-0.45849169833966785,3.0124803996043195,0.8838312479767627,-0.38321133832294374,-0.2805316738053632,-0.10226503784104204,-0.007004705766428656,0.007268095402509917,5.0
-0.45749149829965985,3.0118221701968038,0.8840769703878288,-0.3835294219276846,-0.2806089470005558,-0.10218209659676547,-0.006949810851644163,0.007273880392508766,5.0
-0.45649129825965185,3.0111646890272805,0.884322258519797,-0.38384740184254645,-0.28068590470314136,-0.10209901272371283,-0.006895013087003052,0.007279594567398152,5.0
-0.45549109821964384,3.010507955350815,0.8845671127471993,-0.3841652777718214,-0.28076254708348464,-0.10201578687295142,-0.006840312566098,0.007285238202265311,5.0
-0.45449089817963584,3.009851968426594,0.8848115334424628,-0.38448304942032424,-0.2808388743124923,-0.10193241969400103,-0.006785709379241482,0.007290811571663772,5.0
-0.45349069813962783,3.0091967275176263,0.8850555209760829,-0.3848007164933553,-0.2809148865616123,-0.10184891183486214,-0.006731203613563605,0.007296314949567488,5.0
-0.45249049809961983,3.008542231890448,0.8852990757167957,-0.3851182786966635,-0.2809905840028306,-0.10176526394204286,-0.006676795353108253,0.007301748609326736,5.0
-0.4514902980596118,3.0078884808148345,0.8855421980317472,-0.38543573573641376,-0.281065966808673,-0.1016814766605866,-0.006622484678927551,0.0073071128236258465,5.0
-0.4504900980196038,3.0072354735635205,0.8857848882866532,-0.3857530873191519,-0.2811410351522029,-0.10159755063409887,-0.006568271669174577,0.007312407864442619,5.0
-0.4494898979795958,3.0065832094119256,0.8860271468459596,-0.38607033315177247,-0.28121578920702256,-0.10151348650477397,-0.006514156399194357,0.007317634003009534,5.0
-0.4484896979395878,3.005931687637888,0.8862689740729983,-0.38638747294148873,-0.2812902291472739,-0.1014292849134216,-0.006460138941613218,0.007322791509776554,5.0
-0.4474894978995798,3.005280907521405,0.8865103703301385,-0.38670450639579984,-0.28136435514763974,-0.10134494649949244,-0.006406219366426335,0.007327880654375585,5.0
-0.4464892978595718,3.0046308683443765,0.8867513359789322,-0.3870214332224644,-0.2814381673833461,-0.1012604719011045,-0.006352397741083678,0.007332901705586646,5.0
-0.4454890978195638,3.0039815693903598,0.8869918713802601,-0.3873382531294709,-0.28151166603016436,-0.1011758617550682,-0.006298674130574099,0.007337854931305533,5.0
-0.4444888977795558,3.003333009944329,0.8872319768944715,-0.3876549658250113,-0.28158485126441485,-0.10109111669691168,-0.006245048597507882,0.007342740598513091,5.0
-0.4434886977395478,3.0026851892924395,0.8874716528815179,-0.3879715710174551,-0.2816577232629693,-0.10100623736090551,-0.00619152120219751,0.007347558973245962,5.0
-0.4424884976995398,3.002038106721799,0.887710899701089,-0.3882880684153244,-0.2817302822032556,-0.10092122438008724,-0.006138092002736749,0.007352310320568881,5.0
-0.4414882976595318,3.0013917615202503,0.8879497177127388,-0.3886044577272687,-0.28180252826326113,-0.10083607838628499,-0.006084761055078019,0.007356994904548389,5.0
-0.4404880976195238,3.0007461529761486,0.888188107276011,-0.3889207386620438,-0.2818744616215383,-0.100750800010142,-0.006031528413108152,0.007361612988228021,5.0
-0.4394878975795158,3.0001012803781584,0.8884260687505617,-0.38923691092848967,-0.2819460824572096,-0.10066538988113952,-0.005978394128722437,0.007366164833604868,5.0
-0.4384876975395078,2.9994571430150456,0.8886636024962767,-0.3895529742355076,-0.2820173909499718,-0.10057984862761979,-0.005925358251897006,0.007370650701607472,5.0
-0.4374874974994998,2.998813740175482,0.8889007088733871,-0.38986892829204267,-0.2820883872801037,-0.10049417687680896,-0.005872420830759613,0.007375070852075123,5.0
-0.4364872974594918,2.9981710711478544,0.889137388242577,-0.3901847728070617,-0.28215907162847004,-0.10040837525483903,-0.005819581911658702,0.007379425543738364,5.0
-0.43548709741948377,2.997529135220076,0.8893736409650972,-0.39050050748953774,-0.28222944417653006,-0.1003224443867701,-0.005766841539230969,0.00738371503420088,5.0
-0.43448689737947577,2.9968879316794084,0.8896094674028635,-0.3908161320484305,-0.28229950510634233,-0.10023638489661156,-0.005714199756467157,0.007387939579922516,5.0
-0.43348669733946776,2.996247459812287,0.8898448679185618,-0.391131646192671,-0.28236925460057316,-0.10015019740734335,-0.0056616566047764045,0.007392099436203576,5.0
-0.43248649729945976,2.9956077189041497,0.8900798428757438,-0.39144704963114507,-0.282438692842503,-0.1000638825409368,-0.005609212124048905,0.007396194857170267,5.0
-0.43148629725945176,2.9949687082392757,0.8903143926389244,-0.3917623420726799,-0.28250782001603514,-0.099977440918375,-0.005556866352717045,0.007400226095761309,5.0
-0.43048609721944375,2.9943304271006257,0.8905485175736689,-0.3920775232260282,-0.28257663630570173,-0.09989087315967259,-0.005504619327814962,0.007404193403715602,5.0
-0.42948589717943575,2.99369287476969,0.8907822180466864,-0.3923925927998556,-0.28264514189667356,-0.09980417988389557,-0.00545247108503662,0.00740809703156105,5.0
-0.42848569713942775,2.9930560505263384,0.8910154944259115,-0.39270755050272893,-0.2827133369747671,-0.09971736170918047,-0.005400421658792301,0.007411937228604366,5.0
-0.42748549709941974,2.992419953648682,0.8912483470805885,-0.39302239604310274,-0.28278122172645304,-0.09963041925275277,-0.005348471082263631,0.00741571424292195,5.0
-0.42648529705941174,2.9917845834129295,0.8914807763813515,-0.39333712912931035,-0.2828487963388664,-0.09954335313094621,-0.005296619387457107,0.0074194283213517495,5.0
-0.42548509701940374,2.991149939093258,0.8917127827002982,-0.3936517494695514,-0.28291606099981287,-0.09945616395921988,-0.005244866605256125,0.007423079709486041,5.0
-0.42448489697939573,2.9905160199616843,0.8919443664110688,-0.39396625677188435,-0.28298301589777974,-0.09936885235217646,-0.0051932127654716375,0.007426668651665215,5.0
-0.42348469693938773,2.9898828252879426,0.89217552788891,-0.3942806507442157,-0.28304966122194425,-0.09928141892357935,-0.005141657896891274,0.00743019539097242,5.0
-0.4224844968993797,2.9892503543393634,0.8924062675107508,-0.3945949310942925,-0.28311599716218255,-0.0991938642863694,-0.005090202027327141,0.0074336601692290664,5.0
-0.4214842968593717,2.9886186063807596,0.8926365856552642,-0.39490909752969616,-0.28318202390908004,-0.09910618905268179,-0.005038845183662163,0.007437063226991253,5.0
-0.4204840968193637,2.987987580674321,0.8928664827029296,-0.39522314975783307,-0.28324774165394007,-0.09901839383386177,-0.004987587391895075,0.007440404803546904,5.0
-0.4194838967793557,2.9873572764795036,0.8930959590360951,-0.39553708748592986,-0.28331315058879375,-0.09893047924048058,-0.004936428677184049,0.007443685136913801,5.0
-0.4184836967393477,2.9867276930529316,0.8933250150390354,-0.39585091042102694,-0.2833782509064092,-0.09884244588235075,-0.004885369063889044,0.007446904463838315,5.0
-0.4174834966993397,2.9860988296482995,0.8935536510980072,-0.39616461826997473,-0.28344304280030297,-0.0987542943685411,-0.004834408575612704,0.007450063019794938,5.0
-0.4164832966593317,2.985470685516281,0.8937818676013011,-0.3964782107394269,-0.28350752646474775,-0.09866602530739157,-0.004783547235240072,0.007453161038986473,5.0
-0.4154830966193237,2.9848432599044386,0.8940096649392938,-0.39679168753583854,-0.2835717020947839,-0.0985776393065271,-0.004732785064977011,0.007456198754344919,5.0
-0.4144828965793157,2.9842165520571386,0.8942370435044955,-0.3971050483654615,-0.2836355698862286,-0.09848913697287157,-0.004682122086387338,0.007459176397533056,5.0
-0.4134826965393077,2.9835905612154723,0.8944640036915986,-0.3974182929343419,-0.2836991300356863,-0.09840051891266174,-0.0046315583204287495,0.007462094198946635,5.0
-0.4124824964992997,2.9829652866171785,0.8946905458975168,-0.3977314209483172,-0.2837623827405584,-0.09831178573145967,-0.004581093787487493,0.007464952387717207,5.0
-0.4114822964592917,2.982340727496569,0.8949166705214329,-0.3980444321130161,-0.28382532819905465,-0.09822293803416632,-0.004530728507411893,0.007467751191715534,5.0
-0.4104820964192837,2.98171688308446,0.8951423779648333,-0.39835732613385455,-0.2838879666102011,-0.09813397642503327,-0.004480462499544656,0.007470490837555553,5.0
-0.4094818963792757,2.981093752608105,0.895367668631549,-0.39867010271603665,-0.2839502981738519,-0.09804490150767516,-0.0044302957827540655,0.007473171550598913,5.0
-0.4084816963392677,2.9804713352911336,0.8955925429277901,-0.3989827615645541,-0.28401232309069957,-0.09795571388508145,-0.0043802283754639975,0.007475793554960006,5.0
-0.40748149629925967,2.979849630353489,0.8958170012621784,-0.39929530238418504,-0.28407404156228383,-0.09786641415962755,-0.004330260295682853,0.00747835707351153,5.0
-0.40648129625925167,2.979228637011377,0.8960410440457813,-0.39960772487949603,-0.2841354537910031,-0.09777700293308611,-0.004280391561031391,0.00748086232789051,5.0
-0.40548109621924366,2.978608354477209,0.8962646716921401,-0.3999200287548417,-0.2841965599801241,-0.09768748080663757,-0.004230622188769486,0.007483309538504773,5.0
-0.40448089617923566,2.9779887819595534,0.896487884617297,-0.40023221371436696,-0.2842573603337922,-0.09759784838088066,-0.004180952195821845,0.0074856989245398785,5.0
-0.40348069613922766,2.9773699186630895,0.8967106832398254,-0.4005442794620074,-0.2843178550570409,-0.09750810625584219,-0.004131381598802664,0.007488030703966459,5.0
-0.40248049609921965,2.976751763788564,0.8969330679808499,-0.4008562257014926,-0.2843780443558026,-0.0974182550309869,-0.004081910414039305,0.007490305093547955,5.0
-0.40148029605921165,2.9761343165327494,0.8971550392640699,-0.4011680521363478,-0.2844379284369187,-0.09732829530522678,-0.004032538657594973,0.007492522308848753,5.0
-0.40048009601920365,2.9755175760884076,0.8973765975157844,-0.4014797584698974,-0.2844975075081489,-0.0972382276769305,-0.00398326634529042,0.007494682564242648,5.0
-0.39947989597919564,2.974901541644254,0.8975977431649059,-0.401791344405267,-0.28455678177818194,-0.09714805274393143,-0.003934093492724651,0.007496786072921683,5.0
-0.39847969593918764,2.9742862123849245,0.8978184766429828,-0.4021028096453878,-0.28461575145664525,-0.09705777110353668,-0.0038850201152947823,0.007498833046905311,5.0
-0.39747949589917964,2.9736715874909474,0.8980387983842131,-0.40241415389300006,-0.2846744167541142,-0.09696738335253491,-0.0038360462282149323,0.007500823697049825,5.0
-0.39647929585917163,2.973057666138715,0.8982587088254593,-0.40272537685065674,-0.2847327778821229,-0.09687689008720429,-0.0037871718465342335,0.007502758233058122,5.0
-0.39547909581916363,2.972444447500459,0.8984782084062654,-0.4030364782207285,-0.28479083505317315,-0.0967862919033198,-0.0037383969851539525,0.007504636863489742,5.0
-0.3944788957791556,2.9718319307442296,0.8986972975688641,-0.4033474577054087,-0.2848485884807445,-0.09669558939616094,-0.0036897216588437907,0.007506459795771159,5.0
-0.3934786957391476,2.9712201150338746,0.8989159767581878,-0.40365831500671745,-0.2849060383793035,-0.09660478316051788,-0.0036411458822573203,0.007508227236206277,5.0
-0.3924784956991396,2.9706089995290217,0.8991342464218821,-0.40396904982650716,-0.2849631849643136,-0.09651387379069876,-0.003592669669946608,0.007509939389987241,5.0
-0.3914782956591316,2.969998583385064,0.8993521070103099,-0.40427966186646835,-0.2850200284522442,-0.09642286188053577,-0.003544293036376057,0.007511596461205356,5.0
-0.3904780956191236,2.9693888657531473,0.899569558976559,-0.404590150828135,-0.2850765690605797,-0.0963317480233913,-0.0034960159959354547,0.007513198652862296,5.0
-0.3894778955791156,2.968779845780157,0.8997866027764468,-0.4049005164128909,-0.28513280700782984,-0.09624053281216355,-0.0034478385629522317,0.007514746166881477,5.0
-0.3884776955391076,2.9681715226087118,0.9000032388685272,-0.40521075832197595,-0.28518874251353776,-0.09614921683929242,-0.003399760751703051,0.007516239204119564,5.0
-0.3874774954990996,2.967563895377155,0.9002194677140893,-0.4055208762564919,-0.28524437579828904,-0.09605780069676409,-0.0033517825764245914,0.007517677964378159,5.0
-0.3864772954590916,2.966956963219551,0.900435289777163,-0.4058308699174095,-0.28529970708372127,-0.09596628497611683,-0.003303904051323661,0.007519062646415685,5.0
-0.3854770954190836,2.9663507252656816,0.9006507055245175,-0.40614073900557596,-0.2853547365925329,-0.09587467026844532,-0.00325612519058661,0.0075203934479593365,5.0
-0.3844768953790756,2.9657451806410444,0.9008657154256636,-0.4064504832217208,-0.28540946454849114,-0.09578295716440491,-0.0032084460083880956,0.007521670565717189,5.0
-0.3834766953390676,2.9651403284668554,0.9010803199528482,-0.4067601022664638,-0.28546389117644116,-0.09569114625421611,-0.0031608665188991394,0.007522894195390388,5.0
-0.38247649529906,2.964536167860047,0.9012945195810548,-0.40706959584032226,-0.28551801670231464,-0.09559923812766867,-0.0031133867362946005,0.0075240645316854956,5.0
-0.381476295259052,2.9639326979332763,0.9015083147880003,-0.40737896364371884,-0.2855718413531381,-0.09550723337412498,-0.0030660066747599727,0.0075251817683268905,5.0
-0.380476095219044,2.9633299177949293,0.9017217060541293,-0.40768820537698897,-0.28562536535704075,-0.09541513258252374,-0.003018726348497597,0.007526246098069237,5.0
-0.379475895179036,2.962727826549128,0.9019346938626099,-0.407997320740389,-0.2856785889432632,-0.09532293634138324,-0.0029715457717322956,0.007527257712710063,5.0
-0.378475695139028,2.962126423295738,0.902147278699327,-0.40830630943410423,-0.28573151234216543,-0.09523064523880419,-0.0029244649587164026,0.007528216803102363,5.0
-0.37747549509902,2.961525707130382,0.9023594610528743,-0.4086151711582573,-0.2857841357852342,-0.0951382598624727,-0.0028774839237342654,0.007529123559167272,5.0
-0.376475295059012,2.960925677144448,0.902571241414549,-0.40892390561291586,-0.2858364595050917,-0.09504578079966274,-0.002830602681106169,0.007529978169906774,5.0
-0.375475095019004,2.9603263324251037,0.9027826202783409,-0.4092325124981016,-0.28588848373550213,-0.09495320863723858,-0.002783821245191751,0.007530780823416433,5.0
-0.374474894978996,2.9597276720553105,0.9029935981409233,-0.40954099151379914,-0.28594020871138026,-0.09486054396165665,-0.002737139630392879,0.007531531706898185,5.0
-0.373474694938988,2.959129695113842,0.9032041755016429,-0.40984934235996373,-0.285991634668798,-0.0947677873589677,-0.002690557851156076,0.0075322310066730834,5.0
-0.37247449489898,2.958532400675296,0.9034143528625099,-0.4101575647365313,-0.2860427618449923,-0.09467493941481839,-0.002644075921974401,0.0075328789081941325,5.0
-0.371474294858972,2.9579357878101167,0.9036241307281843,-0.4104656583434262,-0.2860935904783718,-0.09458200071445283,-0.002597693857388901,0.007533475596059059,5.0
-0.370474094818964,2.9573398555846113,0.903833509605964,-0.41077362288057073,-0.28614412080852425,-0.09448897184271363,-0.0025514116719895733,0.0075340212540231195,5.0
-0.369473894778956,2.9567446030609736,0.9040424900057735,-0.4110814580478949,-0.28619435307622354,-0.0943958533840435,-0.002505229380415894,0.007534516065011859,5.0
-0.368473694738948,2.956150029297303,0.9042510724401481,-0.41138916354534427,-0.28624428752343567,-0.09430264592248551,-0.0024591469973569346,0.0075349602111338815,5.0
-0.36747349469894,2.9555561333476277,0.9044592574242201,-0.4116967390728903,-0.28629392439332585,-0.09420935004168426,-0.0024131645375510525,0.0075353538736935705,5.0
-0.36647329465893197,2.9549629142619294,0.9046670454757042,-0.4120041843305387,-0.28634326393026494,-0.09411596632488597,-0.002367282015785143,0.007535697233203784,5.0
-0.36547309461892397,2.954370371086166,0.9048744371148817,-0.4123114990183403,-0.28639230637983615,-0.09402249535493933,-0.00232149944689355,0.0075359904693985446,5.0
-0.36447289457891596,2.9537785028623,0.9050814328645832,-0.41261868283639846,-0.2864410519888402,-0.09392893771429506,-0.002275816845756566,0.007536233761245609,5.0
-0.36347269453890796,2.9531873086283222,0.9052880332501753,-0.4129257354848807,-0.2864895010053029,-0.09383529398500635,-0.002230234227298571,0.007536427286959093,5.0
-0.36247249449889996,2.9525967874182806,0.9054942387995393,-0.41323265666402703,-0.2865376536784794,-0.09374156474872822,-0.002184751606485827,0.007536571224011935,5.0
-0.36147229445889195,2.952006938262309,0.9057000500430559,-0.4135394460741594,-0.2865855102588613,-0.09364775058671743,-0.0021393689983239214,0.007536665749148387,5.0
-0.36047209441888395,2.9514177601866556,0.905905467513587,-0.413846103415692,-0.2866330709981815,-0.09355385207983179,-0.0020940864178548607,0.00753671103839639,5.0
-0.35947189437887594,2.950829252213712,0.9061104917464556,-0.4141526283891413,-0.28668033614942035,-0.09345986980852945,-0.0020489038801538937,0.007536707267079902,5.0
-0.35847169433886794,2.9502414133620456,0.9063151232794279,-0.41445902069513413,-0.28672730596681006,-0.09336580435286797,-0.0020038214003259827,0.0075366546098311156,5.0
-0.35747149429885994,2.94965424264643,0.9065193626526937,-0.414765280034419,-0.2867739807058411,-0.09327165629250335,-0.001958838993501991,0.0075365532406026885,5.0
-0.35647129425885193,2.949067739077875,0.9067232104088468,-0.41507140610787546,-0.2868203606232666,-0.09317742620668877,-0.0019139566748345718,0.007536403332679788,5.0
-0.35547109421884393,2.9484819016636634,0.9069266670928623,-0.41537739861652373,-0.28686644597710675,-0.0930831146742731,-0.0018691744594938192,0.007536205058692111,5.0
-0.3544708941788359,2.9478967294073817,0.90712973325208,-0.41568325726153477,-0.28691223702665514,-0.09298872227369977,-0.0018244923626626085,0.00753595859062581,5.0
-0.3534706941388279,2.9473122213089544,0.907332409436179,-0.4159889817442394,-0.286957734032482,-0.09289424958300457,-0.0017799103995316764,0.007535664099835314,5.0
-0.3524704940988199,2.94672837636468,0.9075346961971592,-0.4162945717661391,-0.2870029372564395,-0.09279969717981429,-0.0017354285852945182,0.0075353217570550655,5.0
-0.3514702940588119,2.9461451935672636,0.9077365940893177,-0.41660002702891585,-0.28704784696166596,-0.09270506564134455,-0.0016910469351419865,0.007534931732411153,5.0
-0.3504700940188039,2.945562671905854,0.9079381036692277,-0.41690534723444067,-0.28709246341258965,-0.09261035554439771,-0.0016467654642566953,0.00753449419543283,5.0
-0.3494698939787959,2.94498081036608,0.9081392254957166,-0.417210532084785,-0.28713678687493377,-0.09251556746536076,-0.0016025841878072062,0.007534009315063946,5.0
-0.3484696939387879,2.9443996079300874,0.9083399601298413,-0.4175155812822292,-0.28718081761571934,-0.09242070198020269,-0.0015585031209419968,0.007533477259674262,5.0
-0.3474694938987799,2.9438190635765746,0.9085403081348682,-0.4178204945292736,-0.28722455590326995,-0.09232575966447248,-0.0015145222787832078,0.007532898197070687,5.0
-0.3464692938587719,2.9432391762808323,0.9087402700762464,-0.4181252715286477,-0.28726800200721536,-0.09223074109329615,-0.001470641676420248,0.007532272294508366,5.0
-0.3454690938187639,2.9426599450147797,0.9089398465215872,-0.41842991198332036,-0.28731115619849457,-0.09213564684137394,-0.0014268613289031911,0.007531599718701675,5.0
-0.3444688937787559,2.942081368747003,0.9091390380406393,-0.41873441559650865,-0.28735401874935923,-0.09204047748297753,-0.001383181251236023,0.007530880635835053,5.0
-0.3434686937387479,2.9415034464427956,0.9093378452052648,-0.4190387820716889,-0.2873965899333777,-0.09194523359194727,-0.00133960145836966,0.007530115211573835,5.0
-0.3424684936987399,2.9409261770641963,0.9095362685894135,-0.41934301111260514,-0.28743887002543683,-0.09184991574168878,-0.0012961219651949061,0.007529303611074815,5.0
-0.3414682936587319,2.940349559570029,0.9097343087691018,-0.4196471024232799,-0.2874808593017467,-0.09175452450516985,-0.0012527427865351624,0.007528445998996792,5.0
-0.3404680936187239,2.9397735929159405,0.909931966322386,-0.41995105570802443,-0.2875225580398424,-0.09165906045491716,-0.0012094639371390801,0.007527542539510999,5.0
-0.3394678935787159,2.9391982760544457,0.9101292418293364,-0.42025487067144607,-0.2875639665185865,-0.09156352416301276,-0.001166285431673028,0.007526593396311303,5.0
-0.33846769353870787,2.9386236079349612,0.9103261358720166,-0.4205585470184597,-0.2876050850181724,-0.09146791620109052,-0.0011232072847134715,0.007525598732624399,5.0
-0.33746749349869987,2.9380495875038526,0.9105226490344535,-0.4208620844542969,-0.28764591382012644,-0.0913722371403325,-0.0010802295107391804,0.007524558711219799,5.0
-0.33646729345869186,2.9374762137044703,0.9107187819026148,-0.42116548268451565,-0.2876864532073102,-0.09127648755146506,-0.0010373521241233599,0.007523473494419755,5.0
-0.33546709341868386,2.936903485477193,0.9109145350643841,-0.42146874141501045,-0.2877267034639233,-0.09118066800475545,-0.0009945751391256823,0.007522343244109021,5.0
-0.33446689337867586,2.9363314017594697,0.9111099091095338,-0.4217718603520202,-0.2877666648755043,-0.09108477907000721,-0.0009518985698842172,0.007521168121744449,5.0
-0.33346669333866785,2.935759961485859,0.9113049046296999,-0.4220748392021385,-0.2878063377289337,-0.09098882131655665,-0.0009093224304072569,0.007519948288364531,5.0
-0.33246649329865985,2.935189163588072,0.9114995222183575,-0.42237767767232404,-0.2878457223124355,-0.0908927953132685,-0.0008668467345650416,0.007518683904598775,5.0
-0.33146629325865185,2.9346190069950144,0.9116937624707929,-0.422680375469908,-0.28788481891557827,-0.09079670162853147,-0.0008244714960814354,0.007517375130676906,5.0
-0.33046609321864384,2.9340494906328294,0.9118876259840807,-0.42298293230260503,-0.2879236278292775,-0.09070054083025433,-0.000782196728525548,0.007516022126438022,5.0
-0.32946589317863584,2.9334806134249383,0.9120811133570543,-0.4232853478785217,-0.2879621493457969,-0.09060431348586127,-0.000740022445303217,0.007514625051339565,5.0
-0.32846569313862783,2.932912374292083,0.9122742251902827,-0.42358762190616567,-0.28800038375874903,-0.0905080201622873,-0.0006979486596484876,0.007513184064466131,5.0
-0.32746549309861983,2.932344772152369,0.9124669620860427,-0.4238897540944553,-0.2880383313630974,-0.09041166142597397,-0.0006559753846150304,0.007511699324538239,5.0
-0.3264652930586118,2.9317778059213087,0.9126593246482941,-0.4241917441527287,-0.2880759924551571,-0.09031523784286442,-0.0006141026330674757,0.007510170989920868,5.0
-0.3254650930186038,2.931211474511862,0.9128513134826515,-0.4244935917907522,-0.2881133673325951,-0.0902187499783988,-0.0005723304176727519,0.00750859921863192,5.0
-0.3244648929785958,2.930645776834481,0.9130429291963605,-0.42479529671872956,-0.28815045629443253,-0.09012219839750941,-0.0005306587508913422,0.0075069841683505275,5.0
-0.3234646929385878,2.9300807117971504,0.9132341723982691,-0.425096858647311,-0.2881872596410436,-0.09002558366461583,-0.0004890876449685155,0.0075053259964252324,5.0
-0.3224644928985798,2.929516278305434,0.913425043698804,-0.42539827728760277,-0.2882237776741574,-0.08992890634361997,-0.00044761711192555675,0.007503624859882025,5.0
-0.3214642928585718,2.9289524752625127,0.913615543709942,-0.42569955235117457,-0.2882600106968583,-0.08983216699790095,-0.000406247163550938,0.0075018809154322776,5.0
-0.3204640928185638,2.928389301569233,0.9138056730451831,-0.4260006835500695,-0.28829595901358573,-0.08973536619031021,-0.00036497781139147484,0.007500094319480498,5.0
-0.3194638927785558,2.927826756124144,0.9139954323195278,-0.42630167059681134,-0.28833162293013415,-0.0896385044831661,-0.00032380906674347754,0.007498265228131976,5.0
-0.3184636927385478,2.927264837823545,0.9141848221494467,-0.4266025132044149,-0.28836700275365396,-0.08954158243824874,-0.0002827409406438833,0.007496393797200313,5.0
-0.3174634926985398,2.926703545561525,0.9143738431528563,-0.4269032110863933,-0.288402098792651,-0.08944460061679475,-0.000241773443861376,0.007494480182214793,5.0
-0.3164632926585318,2.926142878230009,0.9145624959490928,-0.427203763956767,-0.2884369113569867,-0.08934755957949192,-0.00020090658688751584,0.007492524538427632,5.0
-0.3154630926185238,2.925582834718799,0.9147507811588843,-0.42750417153007175,-0.28847144075787706,-0.08925045988647377,-0.00016014037992788307,0.007490527020821082,5.0
-0.3144628925785158,2.925023413915614,0.9149386994043258,-0.4278044335213674,-0.28850568730789317,-0.08915330209731404,-0.00011947483289319296,0.007488487784114426,5.0
-0.3134626925385078,2.924464614706139,0.9151262513088524,-0.42810454964624595,-0.2885396513209602,-0.0890560867710213,-7.890995539042377e-05,0.007486406982770811,5.0
-0.3124624924984998,2.923906435974061,0.9153134374972133,-0.42840451962083975,-0.288573333112357,-0.08895881446603313,-3.84457567139895e-05,0.007484284771004012,5.0
-0.3114622924584918,2.9233488766011173,0.9155002585954453,-0.4287043431618295,-0.2886067329987151,-0.08886148574021065,1.917754163092028e-06,0.007482121302784957,5.0
-0.31046209241848377,2.9227919354671354,0.9156867152308469,-0.4290040199864527,-0.28863985129801806,-0.08876410115083289,4.218056859801035e-05,0.007479916731848256,5.0
-0.30946189237847577,2.9222356114500756,0.9158728080319527,-0.429303549812511,-0.28867268832960075,-0.088666661254591,8.234267828695333e-05,0.007477671211698468,5.0
-0.30846169233846776,2.9216799034260736,0.916058537628506,-0.4296029323583786,-0.2887052444141481,-0.08856916660758236,0.00012240407527385345,0.007475384895616345,5.0
-0.30746149229845976,2.921124810269483,0.9162439046514331,-0.4299021673430095,-0.28873751987369334,-0.0884716177653049,0.0001623647519591321,0.007473057936664897,5.0
-0.30646129225845176,2.9205703308529167,0.916428909732819,-0.43020125448594626,-0.28876951503161813,-0.08837401528265117,0.0002022247011083895,0.007470690487695352,5.0
-0.30546109221844375,2.9200164640472908,0.9166135535058804,-0.4305001935073266,-0.2888012302126497,-0.08827635971390259,0.00024198391586107294,0.007468282701352961,5.0
-0.30446089217843575,2.919463208721865,0.9167978366049387,-0.43079898412789175,-0.2888326657428607,-0.08817865161272329,0.0002816423897391058,0.0074658347300827245,5.0
-0.30346069213842775,2.9189105637442854,0.9169817596653967,-0.4310976260689931,-0.28886382194966637,-0.08808089153215413,0.0003212001166554487,0.007463346726134911,5.0
-0.30246049209841974,2.918358527980626,0.9171653233237106,-0.4313961190526008,-0.2888946991618241,-0.08798308002460684,0.0003606570909226434,0.007460818841570563,5.0
-0.30146029205841174,2.9178071002954296,0.9173485282173667,-0.4316944628013104,-0.2889252977094305,-0.08788521764185783,0.000400013307261282,0.007458251228266785,5.0
-0.30046009201840373,2.917256279551751,0.9175313749848538,-0.4319926570383499,-0.2889556179239203,-0.08778730493504212,0.00043926876080847035,0.007455644037921949,5.0
-0.29945989197839573,2.916706064611197,0.9177138642656394,-0.43229070148758725,-0.2889856601380643,-0.0876893424546473,0.00047842344712619426,0.007452997422060809,5.0
-0.29845969193838773,2.9161564543339673,0.9178959967001438,-0.4325885958735378,-0.2890154246859667,-0.08759133075050718,0.000517477362209648,0.00745031153203941,5.0
-0.2974594918983797,2.9156074475788967,0.9180777729297135,-0.4328863399213706,-0.28904491190306353,-0.08749327037179581,0.0005564305024955378,0.007447586519049964,5.0
-0.2964592918583717,2.915059043203495,0.9182591935965991,-0.4331839333569158,-0.28907412212612005,-0.08739516186702116,0.0005952828648702377,0.00744482253412555,5.0
-0.2954590918183637,2.9145112400639883,0.9184402593439295,-0.4334813759066719,-0.28910305569322914,-0.0872970057840189,0.0006340344466779927,0.007442019728144743,5.0
-0.2944588917783557,2.9139640370153606,0.9186209708156836,-0.43377866729781206,-0.2891317129438073,-0.08719880266994605,0.0006726852457289768,0.007439178251836091,5.0
-0.2934586917383477,2.913417432911391,0.9188013286566697,-0.4340758072581902,-0.28916009421859384,-0.08710055307127484,0.0007112352603073273,0.00743629825578248,5.0
-0.2924584916983397,2.9128714266046973,0.9189813335124996,-0.43437279551634866,-0.2891881998596466,-0.08700225753378625,0.0007496844891790818,0.007433379890425391,5.0
-0.2914582916583317,2.9123260169467735,0.9191609860295626,-0.43466963180152485,-0.289216030210341,-0.0869039166025638,0.0007880329316000906,0.007430423306069061,5.0
-0.2904580916183237,2.911781202788031,0.9193402868550034,-0.43496631584365664,-0.28924358561536545,-0.08680553082198708,0.0008262805873238047,0.007427428652884492,5.0
-0.2894578915783157,2.911236982977839,0.919519236636695,-0.43526284737338966,-0.2892708664207197,-0.08670710073572552,0.0008644274566090288,0.007424396080913384,5.0
-0.2884576915383077,2.910693356364561,0.9196978360232171,-0.43555922612208275,-0.28929787297371107,-0.08660862688673161,0.0009024735402275635,0.007421325740071926,5.0
-0.2874574914982997,2.9101503217955957,0.9198760856638313,-0.4358554518218151,-0.28932460562295187,-0.0865101098172351,0.0009404188394718245,0.007418217780154516,5.0
-0.2864572914582917,2.909607878117418,0.9200539862084556,-0.436151524205392,-0.28935106471835564,-0.08641155006873608,0.0009782633561623332,0.007415072350837322,5.0
-0.2854570914182837,2.9090660241756137,0.9202315383076425,-0.43644744300635097,-0.28937725061113506,-0.0863129481819987,0.0010160070926551424,0.007411889601681805,5.0
-0.2844568913782757,2.908524758814921,0.9204087426125537,-0.43674320795896676,-0.2894031636537968,-0.08621430469704473,0.0010536500518491983,0.007408669682138033,5.0
-0.2834566913382677,2.9079840808792685,0.9205855997749398,-0.4370388187982594,-0.2894288042001401,-0.08611562015314722,0.001091192237193592,0.00740541274154802,5.0
-0.28245649129825967,2.907443989211813,0.9207621104471112,-0.43733427525999746,-0.28945417260525125,-0.08601689508882367,0.001128633652694763,0.00740211892914885,5.0
-0.28145629125825167,2.906904482654976,0.9209382752819206,-0.4376295770807058,-0.2894792692255019,-0.08591813004182997,0.0011659743029235868,0.0073987883940757285,5.0
-0.28045609121824366,2.906365560050484,0.9211140949327361,-0.43792472399766996,-0.28950409441854386,-0.0858193255491535,0.0012032141930223843,0.007395421285364974,5.0
-0.27945589117823566,2.9058272202394044,0.9212895700534195,-0.438219715748942,-0.2895286485433066,-0.08572048214700702,0.001240353328711853,0.007392017751956874,5.0
-0.27845569113822766,2.9052894620621825,0.9214647012983038,-0.43851455207334666,-0.2895529319599924,-0.08562160037082193,0.0012773917162979022,0.007388577942698416,5.0
-0.27745549109821965,2.90475228435868,0.9216394893221688,-0.4388092327104853,-0.2895769450300727,-0.08552268075524176,0.0013143293626784063,0.007385102006345972,5.0
-0.27645529105821165,2.90421568596821,0.9218139347802216,-0.4391037574007431,-0.2896006881162846,-0.08542372383411576,0.0013511662753498469,0.00738159009156785,5.0
-0.27545509101820365,2.903679665729574,0.9219880383280706,-0.4393981258852927,-0.2896241615826267,-0.08532473014049238,0.0013879024624138968,0.007378042346946774,5.0
-0.27445489097819564,2.9031442224811,0.9221618006217057,-0.4396923379060995,-0.28964736579435413,-0.08522570020661259,0.0014245379325838906,0.007374458920982221,5.0
-0.27345469093818764,2.902609355060675,0.9223352223174746,-0.4399863932059279,-0.28967030111797565,-0.0851266345639036,0.001461072695191204,0.007370839962092749,5.0
-0.27245449089817964,2.902075062305784,0.9225083040720617,-0.4402802915283446,-0.2896929679212482,-0.0850275337429722,0.0014975067601915588,0.007367185618618132,5.0
-0.27145429085817163,2.9015413430535446,0.9226810465424655,-0.440574032617725,-0.28971536657317337,-0.08492839827359822,0.001533840138171185,0.0073634960388214744,5.0
-0.27045409081816363,2.9010081961407406,0.9228534503859795,-0.44086761621925724,-0.28973749744399235,-0.08482922868472814,0.0015700728403529498,0.007359771370891193,5.0
-0.2694538907781556,2.9004756204038595,0.9230255162601652,-0.4411610420789466,-0.28975936090518206,-0.08473002550446844,0.0016062048786023519,0.007356011762942944,5.0
-0.2684536907381476,2.899943614679127,0.9231972448228369,-0.44145430994362134,-0.2897809573294507,-0.08463078926007934,0.0016422362654334379,0.007352217363021451,5.0
-0.2674534906981396,2.8994121778025397,0.923368636732036,-0.4417474195609355,-0.28980228709073164,-0.0845315204779679,0.0016781670140145995,0.007348388319102196,5.0
-0.2664532906581316,2.8988813086099006,0.9235396926460113,-0.4420403706793747,-0.289823350564181,-0.08443221968368195,0.0017139971381743178,0.007344524779093131,5.0
-0.2654530906181236,2.8983510059368536,0.9237104132231994,-0.4423331630482612,-0.2898441481261711,-0.08433288740190345,0.001749726652406759,0.0073406268908361855,5.0
-0.2644528905781156,2.8978212686189164,0.9238807991222019,-0.44262579641775607,-0.2898646801542866,-0.08423352415644177,0.0017853555718772853,0.007336694802108761,5.0
-0.2634526905381076,2.8972920954915145,0.9240508510017656,-0.44291827053886457,-0.2898849470273188,-0.08413413047022764,0.0018208839124278847,0.007332728660625122,5.0
-0.2624524904980996,2.8967634853900135,0.9242205695207625,-0.44321058516344103,-0.28990494912526193,-0.08403470686530651,0.0018563116905825103,0.007328728614037724,5.0
-0.2614522904580916,2.896235437149754,0.9243899553381687,-0.4435027400441917,-0.28992468682930705,-0.08393525386283193,0.001891638923552297,0.007324694809938421,5.0
-0.2604520904180836,2.8957079496060834,0.9245590091130436,-0.4437947349346793,-0.2899441605218373,-0.08383577198305946,0.0019268656292406755,0.0073206273958596295,5.0
-0.2594518903780756,2.8951810215943863,0.9247277315045124,-0.44408656958932724,-0.2899633705864231,-0.08373626174533998,0.0019619918262484114,0.007316526519275414,5.0
-0.2584516903380676,2.894654651950121,0.9248961231717443,-0.44437824376342244,-0.28998231740781644,-0.08363672366811342,0.0019970175338785176,0.0073123923276024565,5.0
-0.2574514902980596,2.8941288395088476,0.9250641847739322,-0.44466975721312074,-0.29000100137194645,-0.08353715826890248,0.0020319427721411038,0.007308224968200998,5.0
-0.2564512902580516,2.893603583106261,0.9252319169702753,-0.44496110969544855,-0.2900194228659128,-0.08343756606430582,0.002066767561758063,0.00730402458837564,5.0
-0.2554510902180436,2.8930788815782225,0.9253993204199582,-0.44525230096830803,-0.290037582277982,-0.08333794756999224,0.0021014919241677454,0.007299791335376183,5.0
-0.25445089017803557,2.8925547337607913,0.9255663957821323,-0.44554333079048053,-0.2900554799975804,-0.08323830330069397,0.002136115881529463,0.007295525356398253,5.0
-0.25345069013802757,2.8920311384902546,0.9257331437158963,-0.4458341989216283,-0.2900731164152898,-0.08313863377020046,0.0021706394567279066,0.007291226798583965,5.0
-0.25245049009801956,2.891508094603159,0.9258995648802784,-0.44612490512230063,-0.29009049192284203,-0.08303893949135224,0.0022050626733774955,0.007286895809022473,5.0
-0.25145029005801156,2.890985600936341,0.9260656599342153,-0.44641544915393533,-0.2901076069131121,-0.08293922097603433,0.002239385555826577,0.007282532534750435,5.0
-0.25045009001800356,2.8904636563269546,0.926231429536536,-0.4467058307788612,-0.29012446178011386,-0.08283947873517017,0.0022736081291615784,0.007278137122752436,5.0
-0.24944988997799555,2.889942259612504,0.926396874345943,-0.4469960497603041,-0.2901410569189942,-0.0827397132787154,0.002307730419211022,0.007273709719961356,5.0
-0.24844968993798755,2.8894214096308724,0.9265619950209928,-0.44728610586238676,-0.29015739272602664,-0.08263992511565142,0.0023417524525494453,0.007269250473258588,5.0
-0.24744948989797955,2.8889011052203504,0.9267267922200794,-0.44757599885013366,-0.290173469598606,-0.08254011475397949,0.002375674256501227,0.007264759529474326,5.0
-0.24644928985797154,2.888381345219666,0.9268912666014146,-0.4478657284894738,-0.290189287935243,-0.08244028270071437,0.0024094958591443444,0.007260237035387661,5.0
-0.24544908981796354,2.887862128468013,0.9270554188230125,-0.44815529454724284,-0.29020484813555764,-0.08234042946187821,0.002443217289313962,0.007255683137726684,5.0
-0.24444888977795554,2.8873434538050793,0.9272192495426691,-0.4484446967911862,-0.2902201506002732,-0.08224055554249428,0.002476838576605976,0.007251097983168497,5.0
-0.24344868973794753,2.8868253200710745,0.9273827594179482,-0.4487339349899628,-0.2902351957312117,-0.08214066144658125,0.00251035975138046,0.007246481718339205,5.0
-0.24244848969793953,2.8863077261067605,0.9275459491061622,-0.4490230089131457,-0.2902499839312864,-0.08204074767714667,0.0025437808447649744,0.007241834489813768,5.0
-0.24144828965793153,2.885790670753475,0.9277088192643537,-0.4493119183312262,-0.29026451560449623,-0.08194081473618116,0.0025771018886578114,0.007237156444115901,5.0
-0.24044808961792352,2.885274152853163,0.9278713705492814,-0.4496006630156157,-0.2902787911559196,-0.08184086312465233,0.0026103229157311172,0.00723244772771779,5.0
-0.23944788957791552,2.8847581712484005,0.9280336036174012,-0.4498892427386483,-0.2902928109917091,-0.08174089334249882,0.002643443959433943,0.007227708487039863,5.0
-0.23844768953790751,2.8842427247824243,0.9281955191248514,-0.45017765727358283,-0.2903065755190839,-0.08164090588862417,0.0026764650539951775,0.007222938868450446,5.0
-0.2374474894978995,2.8837278122991563,0.928357117727434,-0.45046590639460615,-0.29032008514632496,-0.08154090126089124,0.002709386234426394,0.0072181390182653685,5.0
-0.2364472894578915,2.883213432643232,0.9285184000806,-0.4507539898768333,-0.2903333402827678,-0.0814408799561158,0.0027422075365245865,0.007213309082747521,5.0
-0.2354470894178835,2.882699584660024,0.928679366839434,-0.45104190749631223,-0.2903463413387965,-0.08134084247006113,0.0027749289968748117,0.007208449208106359,5.0
-0.2344468893778755,2.8821862671956695,0.9288400186586359,-0.451329659030024,-0.29035908872583804,-0.08124078929743185,0.0028075506528527786,0.007203559540497376,5.0
-0.2334466893378675,2.881673479097097,0.9290003561925064,-0.4516172442558858,-0.29037158285635467,-0.08114072093186829,0.0028400725426272716,0.007198640226021473,5.0
-0.2324464892978595,2.881161219212049,0.9291603800949311,-0.4519046629527508,-0.29038382414383856,-0.08104063786594046,0.0028724947051625084,0.007193691410724307,5.0
-0.2314462892578515,2.8806494863891086,0.9293200910193665,-0.45219191490041377,-0.2903958130028048,-0.08094054059114263,0.0029048171802204324,0.007188713240595618,5.0
-0.23044608921784349,2.8801382794777237,0.9294794896188208,-0.45247899987960943,-0.2904075498487855,-0.08084042959788727,0.0029370400083628696,0.007183705861568456,5.0
-0.22944588917783548,2.879627597328232,0.9296385765458438,-0.45276591767201585,-0.29041903509832234,-0.08074030537549959,0.0029691632309535986,0.007178669419518377,5.0
-0.22844568913782748,2.8791174387918836,0.9297973524525097,-0.4530526680602561,-0.2904302691689613,-0.0806401684122119,0.003001186890160363,0.007173604060262626,5.0
-0.22744548909781948,2.8786078027208695,0.9299558179903982,-0.45333925082789867,-0.2904412524792451,-0.08054001919515769,0.003033111028956739,0.007168509929559215,5.0
-0.22644528905781147,2.878098687968339,0.9301139738105866,-0.4536256657594607,-0.29045198544870693,-0.08043985821036645,0.0030649356911239523,0.007163387173105994,5.0
-0.22544508901780347,2.8775900933884277,0.9302718205636324,-0.4539119126404081,-0.290462468497864,-0.08033968594275785,0.003096660921252564,0.0071582359365396885,5.0
-0.22444488897779546,2.8770820178362806,0.9304293588995564,-0.4541979912571578,-0.2904727020482109,-0.08023950287613639,0.003128286764744131,0.007153056365434869,5.0
-0.22344468893778746,2.8765744601680723,0.9305865894678322,-0.45448390139707817,-0.29048268652221193,-0.0801393094931856,0.003159813267812694,0.0071478486053028496,5.0
-0.22244448889777946,2.876067419241032,0.9307435129173706,-0.4547696428484917,-0.29049242234329625,-0.08003910627546303,0.0031912404774862278,0.007142612801590628,5.0
-0.22144428885777145,2.875560893913465,0.9309001298965057,-0.45505521540067456,-0.29050190993584946,-0.07993889370339459,0.00322256844160799,0.007137349099679699,5.0
-0.22044408881776345,2.8750548830447764,0.9310564410529808,-0.4553406188438594,-0.29051114972520775,-0.07983867225626916,0.0032537972088377927,0.0071320576448849135,5.0
-0.21944388877775545,2.874549385495491,0.9312124470339355,-0.45562585296923497,-0.2905201421376506,-0.07973844241223337,0.0032849268286531384,0.007126738582453172,5.0
-0.21844368873774744,2.8740444001272767,0.9313681484858919,-0.4559109175689487,-0.2905288876003946,-0.0796382046482863,0.0033159573513503217,0.0071213920575622265,5.0
-0.21744348869773944,2.873539925802964,0.9315235460547412,-0.45619581243610574,-0.29053738654158545,-0.07953795944027417,0.0033468888280454336,0.00711601821531934,5.0
-0.21644328865773144,2.8730359613865706,0.931678640385731,-0.45648053736477184,-0.29054563939029227,-0.07943770726288504,0.0033777213106752687,0.007110617200759974,5.0
-0.21544308861772343,2.872532505743319,0.931833432123452,-0.4567650921499735,-0.29055364657650085,-0.07933744858964398,0.003408454851998132,0.007105189158846391,5.0
-0.21444288857771543,2.872029557739658,0.9319879219118247,-0.457049476587697,-0.2905614085311048,-0.07923718389290736,0.003439089505594577,0.007099734234466225,5.0
-0.21344268853770743,2.871527116243286,0.9321421103940877,-0.45733369047489275,-0.29056892568590104,-0.07913691364385837,0.0034696253258680743,0.007094252572431068,5.0
-0.21244248849769942,2.871025180123167,0.9322959982127845,-0.4576177336094731,-0.29057619847358146,-0.0790366383125016,0.0035000623680455935,0.007088744317474999,5.0
-0.21144228845769142,2.8705237482495543,0.9324495860097516,-0.4579016057903137,-0.29058322732772646,-0.07893635836765803,0.003530400688178075,0.007083209614253045,5.0
-0.21044208841768342,2.8700228194940074,0.9326028744261055,-0.4581853068172549,-0.29059001268279744,-0.07883607427696025,0.0035606403431408334,0.00707764860733965,5.0
-0.2094418883776754,2.8695223927294147,0.932755864102231,-0.45846883649110076,-0.29059655497413023,-0.07873578650684734,0.0035907813906338863,0.007072061441227104,5.0
-0.2084416883376674,2.8690224668300095,0.9329085556777696,-0.4587521946136212,-0.290602854637928,-0.07863549552256013,0.003620823889182193,0.007066448260323933,5.0
-0.2074414882976594,2.868523040671391,0.9330609497916075,-0.45903538098755087,-0.2906089121112539,-0.0785352017881361,0.0036507678981358167,0.00706080920895326,5.0
-0.2064412882576514,2.8680241131305424,0.9332130470818641,-0.4593183954165904,-0.2906147278320241,-0.07843490576640487,0.0036806134776699983,0.0070551444313511485,5.0
-0.2054410882176434,2.8675256830858515,0.9333648481858802,-0.45960123770540723,-0.29062030223900154,-0.07833460791898333,0.0037103606887851845,0.007049454071664934,5.0
-0.2044408881776354,2.867027749417127,0.933516353740206,-0.45988390765963444,-0.2906256357717873,-0.07823430870627092,0.0037400095933069304,0.007043738273951468,5.0
-0.2034406881376274,2.866530311005615,0.9336675643805925,-0.46016640508587203,-0.29063072887081454,-0.07813400858744486,0.0037695602538857557,0.007037997182175395,5.0
-0.2024404880976194,2.866033366734023,0.9338184807419764,-0.4604487297916862,-0.29063558197734096,-0.07803370802045563,0.003799012733996906,0.0070322309402073915,5.0
-0.20144028805761138,2.8655369154865307,0.9339691034584738,-0.46073088158561026,-0.29064019553344184,-0.07793340746202233,0.00382836709794007,0.0070264396918223605,5.0
-0.20044008801760338,2.8650409561488113,0.934119433163365,-0.4610128602771449,-0.2906445699820031,-0.07783310736762823,0.003857623410838998,0.007020623580697627,5.0
-0.19943988797759538,2.8645454876080487,0.9342694704890874,-0.4612946656767571,-0.2906487057667137,-0.07773280819151615,0.0038867817386410547,0.007014782750411108,5.0
-0.19843968793758737,2.8640505087529533,0.9344192160672222,-0.461576297595881,-0.29065260333205806,-0.07763251038668395,0.003915842148116651,0.007008917344439387,5.0
-0.19743948789757937,2.8635560184737794,0.9345686705284867,-0.46185775584691696,-0.29065626312331005,-0.07753221440488027,0.003944804706858696,0.007003027506155915,5.0
-0.19643928785757137,2.8630620156623423,0.9347178345027212,-0.46213904024323216,-0.29065968558652505,-0.0774319206966001,0.003973669483281884,0.006997113378829026,5.0
-0.19543908781756336,2.8625684992120335,0.9348667086188831,-0.4624201505991601,-0.2906628711685322,-0.07733162971108057,0.004002436546621986,0.006991175105620084,5.0
-0.19443888777755536,2.8620754680178386,0.9350152935050317,-0.46270108673000027,-0.2906658203169283,-0.07723134189629631,0.004031105966935016,0.0069852128295814575,5.0
-0.19343868773754735,2.8615829209763506,0.9351635897883235,-0.46298184845201906,-0.2906685334800699,-0.07713105769895579,0.004059677815096364,0.0069792266936546405,5.0
-0.19243848769753935,2.8610908569857885,0.9353115980949969,-0.4632624355824462,-0.2906710111070658,-0.07703077756449643,0.004088152162799811,0.006973216840668165,5.0
-0.19143828765753135,2.86059927494601,0.9354593190503699,-0.4635428479394783,-0.29067325364777047,-0.07693050193708117,0.004116529082556552,0.006967183413335707,5.0
-0.19043808761752334,2.8601081737585297,0.9356067532788241,-0.4638230853422764,-0.2906752615527769,-0.07683023125959397,0.004144808647694094,0.006961126554254016,5.0
-0.18943788757751534,2.8596175523265326,0.9357539014037982,-0.4641031476109655,-0.29067703527340777,-0.07672996597363566,0.0041729909323551025,0.006955046405900856,5.0
-0.18843768753750734,2.859127409554889,0.9359007640477797,-0.46438303456663393,-0.29067857526171,-0.07662970651952027,0.0042010760114961606,0.006948943110632996,5.0
-0.18743748749749933,2.8586377443501685,0.9360473418322942,-0.46466274603133356,-0.29067988197044653,-0.07652945333627094,0.004229063960886513,0.006942816810684122,5.0
-0.18643728745749133,2.8581485556206556,0.9361936353778986,-0.46494228182807906,-0.2906809558530892,-0.07642920686161588,0.004256954857106708,0.00693666764816276,5.0
-0.18543708741748333,2.8576598422763646,0.9363396453041681,-0.46522164178084596,-0.29068179736381133,-0.07632896753198463,0.004284748777547178,0.006930495765050183,5.0
-0.18443688737747532,2.8571716032290517,0.9364853722296946,-0.46550082571457163,-0.2906824069574806,-0.07622873578250433,0.004312445800406774,0.006924301303198294,5.0
-0.18343668733746732,2.8566838373922296,0.9366308167720704,-0.4657798334551535,-0.29068278508965145,-0.0761285120469956,0.004340046004691219,0.0069180844043275095,5.0
-0.18243648729745932,2.8561965436811807,0.936775979547887,-0.46605866482944985,-0.29068293221655855,-0.07602829675796947,0.004367549470211541,0.0069118452100246554,5.0
-0.1814362872574513,2.8557097210129734,0.9369208611727191,-0.4663373196652759,-0.29068284879510814,-0.07592809034662283,0.00439495627758237,0.00690558386174076,5.0
-0.1804360872174433,2.8552233683064694,0.9370654622611244,-0.4666157977914061,-0.2906825352828718,-0.07582789324283559,0.0044222665082202465,0.006899300500788959,5.0
-0.1794358871774353,2.854737484482343,0.9372097834266319,-0.46689409903757156,-0.29068199213807844,-0.07572770587516657,0.004449480244341835,0.006892995268342273,5.0
-0.1784356871374273,2.8542520684630905,0.9373538252817322,-0.4671722232344592,-0.29068121981960765,-0.07562752867085033,0.004476597568962087,0.00688666830543149,5.0
-0.1774354870974193,2.8537671191730416,0.9374975884378725,-0.46745017021371205,-0.29068021878698214,-0.07552736205579343,0.004503618565892377,0.0068803197529429365,5.0
-0.1764352870574113,2.8532826355383762,0.937641073505449,-0.4677279398079261,-0.29067898950035936,-0.075427206454571,0.004530543319738529,0.006873949751616303,5.0
-0.1754350870174033,2.8527986164871333,0.9377842810937977,-0.46800553185065125,-0.29067753242052585,-0.07532706229042363,0.004557371915898806,0.006867558442042442,5.0
-0.1744348869773953,2.8523150609492225,0.9379272118111883,-0.46828294617638877,-0.2906758480088888,-0.07522692998525357,0.004584104440561886,0.0068611459646611495,5.0
-0.17343468693738728,2.851831967856438,0.9380698662648164,-0.46856018262059135,-0.29067393672746905,-0.07512680995962193,0.004610740980704714,0.006854712459758962,5.0
-0.17243448689737928,2.851349336142469,0.9382122450607956,-0.46883724101966057,-0.29067179903889345,-0.07502670263274497,0.004637281624090352,0.006848258067466925,5.0
-0.17143428685737128,2.850867164742911,0.938354348804152,-0.46911412121094714,-0.29066943540638834,-0.07492660842249121,0.0046637264592657626,0.006841782927758344,5.0
-0.17043408681736327,2.8503854525952774,0.9384961780988171,-0.4693908230327488,-0.29066684629377104,-0.07482652774537824,0.004690075575559511,0.0068352871804465845,5.0
-0.16943388677735527,2.8499041986390106,0.9386377335476196,-0.46966734632430884,-0.2906640321654431,-0.07472646101656936,0.004716329063079473,0.006828770965182796,5.0
-0.16843368673734727,2.849423401815493,0.9387790157522791,-0.46994369092581534,-0.29066099348638325,-0.07462640864987082,0.00474248701271046,0.006822234421453689,5.0
-0.16743348669733926,2.848943061068057,0.9389200253134004,-0.4702198566783999,-0.2906577307221397,-0.0745263710577287,0.004768549516111767,0.006815677688579294,5.0
-0.16643328665733126,2.848463175341996,0.9390607628304658,-0.4704958434241356,-0.29065424433882253,-0.07442634865122588,0.004794516665714728,0.00680910090571068,5.0
-0.16543308661732326,2.8479837435845727,0.9392012289018311,-0.4707716510060359,-0.2906505348030973,-0.07432634184007933,0.004820388554720212,0.006802504211827728,5.0
-0.16443288657731525,2.847504764745034,0.9393414241247158,-0.47104727926805384,-0.29064660258217684,-0.07422635103263696,0.0048461652770960045,0.006795887745736856,5.0
-0.16343268653730725,2.8470262377746147,0.9394813490951994,-0.4713227280550791,-0.29064244814381407,-0.07412637663587499,0.004871846927574244,0.006789251646068754,5.0
-0.16243248649729924,2.8465481616265538,0.9396210044082154,-0.4715979972129382,-0.2906380719562949,-0.07402641905539514,0.0048974336016487175,0.006782596051276119,5.0
-0.16143228645729124,2.846070535256097,0.9397603906575425,-0.47187308658839144,-0.29063347448843085,-0.07392647869542196,0.004922925395572183,0.006775921099631416,5.0
-0.16043208641728324,2.845593357620511,0.9398995084358021,-0.47214799602913193,-0.2906286562095516,-0.07382655595879989,0.004948322406353622,0.00676922692922457,5.0
-0.15943188637727523,2.845116627679092,0.940038358334452,-0.4724227253837846,-0.290623617589498,-0.0737266512469911,0.004973624731755414,0.006762513677960739,5.0
-0.15843168633726723,2.8446403443931727,0.9401769409437776,-0.4726972745019033,-0.2906183590986148,-0.07362676496007245,0.004998832470290538,0.006755781483558026,5.0
-0.15743148629725923,2.8441645067261345,0.9403152568528921,-0.47297164323397006,-0.2906128812077426,-0.07352689749673326,0.005023945721219649,0.006749030483545208,5.0
-0.15643128625725122,2.843689113643412,0.9404533066497246,-0.47324583143139304,-0.29060718438821126,-0.07342704925427274,0.005048964584548196,0.006742260815259487,5.0
-0.15543108621724322,2.8432141641125037,0.9405910909210198,-0.4735198389465049,-0.2906012691118332,-0.07332722062859755,0.005073889161023429,0.006735472615844207,5.0
-0.15443088617723566,2.8427396571029813,0.9407286102523302,-0.47379366563256087,-0.29059513585089414,-0.07322741201421928,0.005098719552131402,0.006728666022246605,5.0
-0.15343068613722766,2.8422655915864956,0.9408658652280109,-0.47406731134373714,-0.29058878507814806,-0.07312762380425238,0.005123455860093942,0.006721841171215532,5.0
-0.15243048609721965,2.841791966536786,0.9410028564312152,-0.4743407759351283,-0.29058221726680816,-0.0730278563904116,0.0051480981878655385,0.006714998199299206,5.0
-0.15143028605721165,2.8413187809296874,0.9411395844438907,-0.47461405926274775,-0.2905754328905417,-0.07292811016301008,0.0051726466391302526,0.0067081372428429474,5.0
-0.15043008601720365,2.840846033743138,0.9412760498467726,-0.4748871611835229,-0.2905684324234603,-0.07282838551095679,0.005197101318298534,0.006701258437986936,5.0
-0.14942988597719564,2.8403737239571885,0.9414122532193795,-0.4751600815552949,-0.29056121634011445,-0.07272868282175464,0.005221462330504017,0.006694361920663924,5.0
-0.14842968593718764,2.839901850554006,0.941548195140009,-0.4754328202368163,-0.29055378511548563,-0.07262900248149826,0.0052457297816003055,0.006687447826597015,5.0
-0.14742948589717964,2.8394304125178844,0.9416838761857337,-0.4757053770877494,-0.2905461392249791,-0.07252934487487196,0.005269903778157687,0.006680516291297423,5.0
-0.14642928585717163,2.8389594088352497,0.9418192969323944,-0.4759777519686639,-0.29053827914441716,-0.07242971038514787,0.0052939844274598425,0.006673567450062199,5.0
-0.14542908581716363,2.838488838494667,0.9419544579545994,-0.4762499447410342,-0.29053020535003105,-0.07233009939418376,0.0053179718375004825,0.006666601437972015,5.0
-0.14442888577715562,2.838018700486847,0.9420893598257173,-0.47652195526724,-0.2905219183184552,-0.07223051228242128,0.0053418661169799975,0.006659618389888942,5.0
-0.14342868573714762,2.8375489938046536,0.9422240031178732,-0.476793783410561,-0.29051341852671864,-0.07213094942888416,0.005365667375302053,0.006652618440454209,5.0
-0.14242848569713962,2.8370797174431086,0.9423583884019455,-0.4770654290351771,-0.2905047064522385,-0.07203141121117619,0.005389375722570119,0.006645601724085975,5.0
-0.1414282856571316,2.8366108703994004,0.9424925162475609,-0.4773368920061647,-0.29049578257281305,-0.07193189800547971,0.00541299126958404,0.006638568374977132,5.0
-0.1404280856171236,2.8361424516728877,0.9426263872230926,-0.4776081721894955,-0.29048664736661367,-0.07183241018655363,0.00543651412783647,0.006631518527093054,5.0
-0.1394278855771156,2.835674460265106,0.9427600018956529,-0.47787926945203535,-0.2904773013121798,-0.0717329481277321,0.005459944409509433,0.006624452314169469,5.0
-0.1384276855371076,2.835206895179773,0.9428933608310928,-0.4781501836615394,-0.29046774488840904,-0.07163351220092246,0.005483282227470665,0.0066173698697101725,5.0
-0.1374274854970996,2.834739755422796,0.943026464593996,-0.47842091468665193,-0.2904579785745519,-0.07153410277660409,0.005506527695270063,0.0066102713269848784,5.0
-0.1364272854570916,2.834273040002277,0.9431593137476773,-0.4786914623969035,-0.29044800285020456,-0.0714347202238266,0.005529680927136046,0.0066031568190270335,5.0
-0.1354270854170836,2.833806747928516,0.9432919088541767,-0.4789618266627094,-0.2904378181953012,-0.07133536491020855,0.005552742037971913,0.006596026478631643,5.0
-0.1344268853770756,2.8333408782140173,0.9434242504742586,-0.47923200735536625,-0.29042742509010766,-0.07123603720193582,0.005575711143352174,0.006588880438353073,5.0
-0.13342668533706759,2.832875429873495,0.9435563391674074,-0.4795020043470498,-0.2904168240152134,-0.07113673746376042,0.005598588359518793,0.006581718830502914,5.0
-0.13242648529705958,2.8324104019238785,0.9436881754918236,-0.47977181751081455,-0.29040601545152617,-0.07103746605899912,0.005621373803377548,0.006574541787147839,5.0
-0.13142628525705158,2.8319457933843153,0.9438197600044212,-0.480041446720589,-0.29039499988026307,-0.07093822334953194,0.0056440675924941865,0.0065673494401074315,5.0
-0.13042608521704357,2.8314816032761785,0.9439510932608259,-0.4803108918511749,-0.290383777782945,-0.0708390096958013,0.005666669845090678,0.006560141920952055,5.0
-0.12942588517703557,2.8310178306230687,0.944082175815368,-0.4805801527782437,-0.29037234964138864,-0.07073982545681044,0.00568918068004138,0.00655291936100071,5.0
-0.12842568513702757,2.830554474450819,0.9442130082210854,-0.4808492293783349,-0.29036071593770063,-0.07064067099012254,0.0057116002168692385,0.006545681891318948,5.0
-0.12742548509701956,2.8300915337874994,0.9443435910297171,-0.481118121528854,-0.2903488771542697,-0.07054154665185954,0.005733928575741921,0.0065384296427167385,5.0
-0.12642528505701156,2.8296290076634234,0.9444739247916998,-0.48138682910806974,-0.29033683377376085,-0.07044245279670101,0.005756165877467941,0.006531162745746395,5.0
-0.12542508501700356,2.8291668951111477,0.9446040100561693,-0.48165535199511084,-0.29032458627910623,-0.07034338977788315,0.0057783122434927146,0.006523881330700416,5.0
-0.12442488497699555,2.8287051951654787,0.944733847370953,-0.48192369006996544,-0.29031213515350096,-0.07024435794719806,0.0058003677958946825,0.006516585527609492,5.0
-0.12342468493698755,2.8282439068634773,0.9448634372825706,-0.48219184321347625,-0.29029948088039464,-0.07014535765499251,0.005822332657381356,0.006509275466240388,5.0
-0.12242448489697955,2.8277830292444595,0.9449927803362297,-0.4824598113073399,-0.2902866239434848,-0.0700463892501672,0.00584420695128535,0.006501951276093879,5.0
-0.12142428485697154,2.827322561350001,0.9451218770758271,-0.48272759423410494,-0.2902735648267105,-0.06994745308017605,0.005865990801560393,0.006494613086402725,5.0
-0.12042408481696354,2.8268625022239418,0.9452507280439417,-0.48299519187716655,-0.29026030401424496,-0.06984854949102524,0.00588768433277731,0.006487261026129609,5.0
-0.11942388477695554,2.82640285091239,0.9453793337818357,-0.48326260412076655,-0.290246841990489,-0.06974967882727252,0.005909287670120009,0.006479895223965108,5.0
-0.11842368473694753,2.825943606463722,0.9455076948294506,-0.4835298308499907,-0.29023317924006403,-0.06965084143202663,0.0059308009393814285,0.006472515808325696,5.0
-0.11742348469693953,2.8254847679285864,0.9456358117254077,-0.4837968719507651,-0.29021931624780645,-0.06955203764694663,0.005952224266959514,0.006465122907351749,5.0
-0.11642328465693152,2.8250263343599107,0.945763685007003,-0.4840637273098536,-0.2902052534987591,-0.06945326781224102,0.005973557779853084,0.0064577166489055,5.0
-0.11542308461692352,2.824568304812899,0.945891315210208,-0.48433039681485623,-0.29019099147816574,-0.06935453226666768,0.0059948016056577515,0.006450297160569106,5.0
-0.11442288457691552,2.8241106783450385,0.9460187028696659,-0.48459688035420584,-0.2901765306714639,-0.06925583134753294,0.006015955872561832,0.006442864569642648,5.0
-0.11342268453690751,2.8236534540160987,0.9461458485186912,-0.4848631778171665,-0.290161871564279,-0.06915716539069147,0.006037020709342209,0.006435419003142212,5.0
-0.11242248449689951,2.8231966308881358,0.9462727526892678,-0.48512928909382974,-0.29014701464241655,-0.06905853473054553,0.006057996245360184,0.006427960587797899,5.0
-0.11142228445689151,2.822740208025497,0.9463994159120461,-0.48539521407511077,-0.2901319603918561,-0.0689599397000447,0.006078882610557313,0.00642048945005191,5.0
-0.1104220844168835,2.822284184494819,0.9465258387163448,-0.4856609526527501,-0.29011670929874483,-0.06886138063068574,0.006099679935451256,0.006413005716056646,5.0
-0.1094218843768755,2.821828559365033,0.9466520216301448,-0.48592650471930704,-0.2901012618493905,-0.06876285785251203,0.006120388351131564,0.006405509511672773,5.0
-0.1084216843368675,2.8213733317073633,0.9467779651800918,-0.4861918701681574,-0.290085618530255,-0.06866437169411352,0.006141007989255486,0.006398000962467347,5.0
-0.10742148429685949,2.8209185005953348,0.9469036698914938,-0.48645704889349267,-0.2900697798279479,-0.06856592248262643,0.006161538982043777,0.006390480193711911,5.0
-0.10642128425685149,2.8204640651047694,0.947029136288318,-0.4867220407903161,-0.2900537462292204,-0.06846751054373314,0.006181981462276463,0.006382947330380664,5.0
-0.10542108421684349,2.820010024313791,0.9471543648931937,-0.48698684575444057,-0.29003751822095786,-0.06836913620166206,0.006202335563288581,0.006375402497148559,5.0
-0.10442088417683548,2.8195563773028254,0.947279356227407,-0.48725146368248456,-0.2900210962901737,-0.06827079977918757,0.006222601418965963,0.006367845818389509,5.0
-0.10342068413682748,2.819103123154603,0.9474041108109019,-0.487515894471871,-0.2900044809240033,-0.06817250159763001,0.0062427791637409856,0.006360277418174534,5.0
-0.10242048409681948,2.8186502609541604,0.9475286291622786,-0.4877801380208242,-0.2899876726096973,-0.06807424197685559,0.006262868932588274,0.0063526974202699725,5.0
-0.10142028405681147,2.8181977897888397,0.9476529117987933,-0.48804419422836665,-0.2899706718346151,-0.0679760212352766,0.006282870861020447,0.006345105948135658,5.0
-0.10042008401680347,2.8177457087482924,0.9477769592363581,-0.4883080629943162,-0.2899534790862184,-0.06787783968985145,0.006302785085083798,0.0063375031249231426,5.0
-0.09941988397679546,2.8172940169244787,0.9479007719895369,-0.4885717442192846,-0.2899360948520652,-0.06777969765608476,0.006322611741354025,0.00632988907347393,5.0
-0.09841968393678746,2.8168427134116696,0.9480243505715502,-0.48883523780467325,-0.28991851961980314,-0.06768159544802765,0.006342350966931921,0.006322263916317732,5.0
-0.09741948389677946,2.816391797306447,0.9481476954942683,-0.4890985436526705,-0.28990075387716313,-0.06758353337827783,0.006362002899439063,0.006314627775670721,5.0
-0.09641928385677145,2.815941267707704,0.9482708072682146,-0.48936166166625056,-0.2898827981119535,-0.06748551175798,0.006381567677013492,0.006306980773433781,5.0
-0.09541908381676345,2.815491123716649,0.948393686402565,-0.4896245917491682,-0.2898646528120528,-0.06738753089682602,0.006401045438305366,0.0062993230311908215,5.0
-0.09441888377675545,2.815041364436803,0.9485163334051459,-0.4898873338059578,-0.2898463184654047,-0.06728959110305537,0.006420436322472663,0.006291654670207094,5.0
-0.09341868373674744,2.814591988974,0.9486387487824338,-0.4901498877419309,-0.2898277955600107,-0.06719169268345551,0.0064397404691767905,0.006283975811427475,5.0
-0.09241848369673944,2.81414299643639,0.9487609330395571,-0.4904122534631715,-0.2898090845839245,-0.06709383594336231,0.0064589580185782924,0.006276286575474832,5.0
-0.09141828365673144,2.8136943859344394,0.948882886680294,-0.4906744308765349,-0.2897901860252463,-0.06699602118666056,0.006478089111332483,0.006268587082648373,5.0
-0.09041808361672343,2.813246156580927,0.9490046102070709,-0.4909364198896441,-0.2897711003721151,-0.06689824871578434,0.00649713388858506,0.006260877452921991,5.0
-0.08941788357671543,2.8127983074909495,0.9491261041209662,-0.4911982204108873,-0.2897518281127044,-0.06680051883171775,0.006516092491967797,0.006253157805942678,5.0
-0.08841768353670743,2.812350837781919,0.9492473689217078,-0.4914598323494151,-0.2897323697352144,-0.06670283183399538,0.006534965063594124,0.00624542826102889,5.0
-0.08741748349669942,2.8119037465735626,0.949368405107671,-0.49172125561513697,-0.2897127257278672,-0.0666051880207029,0.006553751746054815,0.0062376889371689856,5.0
-0.08641728345669142,2.8114570329879243,0.9494892131758829,-0.4919824901187197,-0.2896928965789001,-0.0665075876884779,0.006572452682413558,0.0062299399530196115,5.0
-0.08541708341668341,2.8110106961493635,0.9496097936220202,-0.49224353577158386,-0.28967288277655984,-0.06641003113251052,0.0065910680162026315,0.0062221814269042145,5.0
-0.08441688337667541,2.8105647351845553,0.9497301469404077,-0.4925043924859006,-0.2896526848090958,-0.06631251864654403,0.0066095978914184825,0.006214413476811432,5.0
-0.08341668333666741,2.8101191492224906,0.9498502736240215,-0.49276506017458943,-0.2896323031647556,-0.06621505052287595,0.006628042452517396,0.006206636220393643,5.0
-0.0824164832966594,2.8096739373944737,0.9499701741644876,-0.49302553875131505,-0.28961173833177745,-0.06611762705235853,0.006646401844411097,0.006198849774965395,5.0
-0.0814162832566514,2.8092290988341246,0.950089849052082,-0.4932858281304847,-0.28959099079838524,-0.06602024852439987,0.006664676212462351,0.0061910542575019595,5.0
-0.0804160832166434,2.8087846326773778,0.9502092987757312,-0.4935459282272448,-0.28957006105278216,-0.06592291522696461,0.006682865702480596,0.006183249784637826,5.0
-0.0794158831766354,2.8083405380624797,0.9503285238230139,-0.4938058389574789,-0.28954894958314475,-0.06582562744657501,0.00670097046071757,0.006175436472665264,5.0
-0.07841568313662739,2.8078968141299914,0.9504475246801587,-0.49406556023780407,-0.2895276568776178,-0.06572838546831195,0.006718990633862888,0.006167614437532872,5.0
-0.07741548309661939,2.807453460022783,0.9505663018320474,-0.494325091985568,-0.2895061834243069,-0.06563118957581573,0.006736926369039714,0.006159783794844153,5.0
-0.07641528305661138,2.807010474886039,0.9506848557622128,-0.49458443411884717,-0.2894845297112748,-0.06553404005128735,0.006754777813800356,0.006151944659856129,5.0
-0.07541508301660338,2.8065678578672526,0.9508031869528434,-0.4948435865564437,-0.2894626962265342,-0.06543693717548955,0.006772545116121878,0.0061440971474779425,5.0
-0.07441488297659538,2.806125608116226,0.9509212958847774,-0.4951025492178807,-0.2894406834580416,-0.06533988122774775,0.006790228424401737,0.006136241372269453,5.0
-0.07341468293658737,2.8056837247850708,0.9510391830375103,-0.4953613220234016,-0.2894184918936927,-0.06524287248595148,0.006807827887453377,0.0061283774484399145,5.0
-0.07241448289657937,2.8052422070282046,0.9511568488891905,-0.4956199048939661,-0.2893961220213162,-0.06514591122655528,0.00682534365450189,0.006120505489846622,5.0
-0.07141428285657136,2.804801054002352,0.9512742939166225,-0.4958782977512476,-0.2893735743286679,-0.06504899772458017,0.006842775875179602,0.006112625609993592,5.0
-0.07041408281656336,2.8043602648665407,0.9513915185952688,-0.49613650051763036,-0.28935084930342536,-0.06495213225361486,0.00686012469952175,0.006104737922030252,5.0
-0.06941388277655536,2.803919838782102,0.9515085233992474,-0.4963945131162066,-0.28932794743318196,-0.06485531508581688,0.006877390277962077,0.006096842538750146,5.0
-0.06841368273654735,2.803479774912671,0.9516253088013341,-0.49665233547077364,-0.28930486920544163,-0.06475854649191416,0.006894572761328479,0.006088939572589682,5.0
-0.06741348269653935,2.8030400724241815,0.9517418752729652,-0.49690996750583133,-0.2892816151076129,-0.06466182674120624,0.006911672300838651,0.006081029135626859,5.0
-0.06641328265653135,2.8026007304848664,0.9518582232842356,-0.4971674091465773,-0.28925818562700345,-0.06456515610156563,0.006928689048095705,0.006073111339580038,5.0
-0.06541308261652334,2.802161748265256,0.9519743533039028,-0.4974246603189072,-0.28923458125081497,-0.06446853483943953,0.0069456231550838595,0.006065186295806724,5.0
-0.06441288257651534,2.8017231249381758,0.9520902657993843,-0.4976817209494093,-0.28921080246613723,-0.06437196321985093,0.006962474774164064,0.006057254115302357,5.0
-0.06341268253650734,2.801284859678746,0.9522059612367604,-0.4979385909653625,-0.28918684975994224,-0.06427544150640031,0.00697924405806967,0.006049314908699134,5.0
-0.06241248249649933,2.8008469516643775,0.9523214400807785,-0.4981952702947334,-0.2891627236190796,-0.06417896996126725,0.00699593115990208,0.006041368786264826,5.0
-0.06141228245649133,2.800409400074772,0.9524367027948472,-0.4984517588661734,-0.2891384245302705,-0.06408254884521168,0.007012536233126411,0.006033415857901657,5.0
-0.060412082416483326,2.7999722040919193,0.9525517498410447,-0.49870805660901624,-0.28911395298010284,-0.06398617841757598,0.0070290594315671915,0.00602545623314513,5.0
-0.05941188237647532,2.799535362900095,0.9526665816801164,-0.4989641634532741,-0.28908930945502515,-0.0638898589362862,0.007045500909404028,0.006017490021162941,5.0
-0.05841168233646732,2.799098875685859,0.9527811987714744,-0.499220079329635,-0.2890644944413415,-0.0637935906578539,0.0070618608211672875,0.006009517330753864,5.0
-0.057411482296459315,2.7986627416380525,0.9528956015732032,-0.4994758041694609,-0.28903950842520676,-0.06369737383737775,0.007078139321733791,0.006001538270346695,5.0
-0.05641128225645131,2.7982269599477974,0.9530097905420595,-0.49973133790478413,-0.2890143518926206,-0.06360120872854559,0.007094336566322529,0.005993552947999158,5.0
-0.05541108221644331,2.797791529808492,0.9531237661334697,-0.4999866804683028,-0.28898902532942167,-0.06350509558363551,0.007110452710490334,0.005985561471396858,5.0
-0.054410882176435305,2.7973564504158097,0.953237528801537,-0.5002418317933814,-0.2889635292212839,-0.06340903465351845,0.007126487910127625,0.005977563947852277,5.0
-0.0534106821364273,2.7969217209676973,0.9533510789990399,-0.5004967918140458,-0.2889378640537108,-0.06331302618765959,0.007142442321454118,0.005969560484303738,5.0
-0.0524104820964193,2.7964873406643713,0.9534644171774344,-0.5007515604649792,-0.2889120303120288,-0.0632170704341201,0.007158316101014549,0.005961551187314418,5.0
-0.051410282056411294,2.7960533087083155,0.9535775437868548,-0.5010061376815228,-0.2888860284813845,-0.06312116763955947,0.007174109405674433,0.005953536163071391,5.0
-0.05041008201640329,2.7956196243042792,0.9536904592761144,-0.5012605233996684,-0.2888598590467366,-0.063025318049237,0.007189822392615783,0.005945515517384641,5.0
-0.04940988197639529,2.7951862866592743,0.9538031640927102,-0.5015147175560599,-0.28883352249285416,-0.06292952190701392,0.0072054552193328986,0.005937489355686148,5.0
-0.04840968193638728,2.7947532949825717,0.953915658682822,-0.5017687200879871,-0.2888070193043085,-0.06283377945535545,0.007221008043628085,0.005929457783028917,5.0
-0.04740948189637928,2.7943206484857006,0.9540279434913143,-0.5020225309333843,-0.28878034996547003,-0.06273809093533267,0.007236481023607493,0.005921420904086145,5.0
-0.046409281856371276,2.793888346382443,0.9541400189617388,-0.5022761500308284,-0.2887535149605027,-0.06264245658662466,0.0072518743176768485,0.0059133788231502575,5.0
-0.04540908181636327,2.7934563878888343,0.9542518855363347,-0.502529577319533,-0.2887265147733584,-0.06254687664752046,0.007267188084537226,0.005905331644132084,5.0
-0.04440888177635527,2.793024772223156,0.9543635436560317,-0.5027828127393482,-0.2886993498877727,-0.062451351354921275,0.007282422483180889,0.005897279470559954,5.0
-0.043408681736347265,2.7925934986059366,0.9544749937604529,-0.5030358562307576,-0.2886720207872593,-0.062355880944342676,0.0072975776728870885,0.005889222405578915,5.0
-0.04240848169633926,2.792162566259947,0.9545862362879124,-0.5032887077348738,-0.288644527955106,-0.062260465649916524,0.007312653813217892,0.005881160551949884,5.0
-0.04140828165633126,2.7917319744101965,0.9546972716754207,-0.5035413671934362,-0.2886168718743689,-0.06216510570439326,0.007327651064014025,0.005873094012048851,5.0
-0.040408081616323255,2.7913017222839316,0.9548081003586869,-0.5037938345488097,-0.28858905302786847,-0.06206980133914429,0.0073425695853906806,0.0058650228878660985,5.0
-0.03940788157631525,2.790871809110632,0.9549187227721175,-0.5040461097439796,-0.2885610718981828,-0.06197455278416393,0.007357409537733404,0.005856947281005408,5.0
-0.03840768153630725,2.7904422341220063,0.9550291393488207,-0.5042981927225495,-0.28853292896764526,-0.06187936026807183,0.0073721710816939175,0.0058488672926833305,5.0
-0.037407481496299244,2.7900129965519906,0.9551393505206078,-0.5045500834287386,-0.28850462471833815,-0.06178422401811538,0.007386854378186044,0.005840783023728459,5.0
-0.03640728145629124,2.789584095636745,0.9552493567179954,-0.5048017818073808,-0.2884761596320885,-0.06168914426017178,0.007401459588381591,0.0058326945745806975,5.0
-0.03540708141628324,2.7891555306146483,0.9553591583702055,-0.5050532878039166,-0.2884475341904624,-0.06159412121875061,0.007415986873706187,0.005824602045290568,5.0
-0.03440688137627523,2.7887273007262956,0.9554687559051699,-0.5053046013643958,-0.2884187488747619,-0.061499155116996,0.007430436395835243,0.005816505535518508,5.0
-0.03340668133626723,2.7882994052144965,0.9555781497495316,-0.5055557224354718,-0.2883898041660188,-0.06140424617668941,0.007444808316689882,0.005808405144534231,5.0
-0.032406481296259226,2.787871843324268,0.9556873403286456,-0.5058066509643991,-0.2883607005449909,-0.06130939461825145,0.00745910279843284,0.0058003009712160715,5.0
-0.03140628125625122,2.7874446143028355,0.9557963280665829,-0.5060573868990315,-0.28833143849215725,-0.06121460066074497,0.0074733200034644365,0.005792193114050347,5.0
-0.03040608121624322,2.7870177173996247,0.9559051133861313,-0.5063079301878181,-0.2883020184877131,-0.06111986452187718,0.00748746009441852,0.005784081671130746,5.0
-0.029405881176235216,2.7865911518662614,0.9560136967087968,-0.5065582807798006,-0.28827244101156585,-0.061025186418002204,0.00750152323415844,0.005775966740157741,5.0
-0.028405681136227212,2.786164916956565,0.9561220784548076,-0.5068084386246112,-0.2882427065433299,-0.06093056656412368,0.007515509585773047,0.005767848418437988,5.0
-0.02740548109621921,2.7857390119265473,0.9562302590431164,-0.5070584036724692,-0.28821281556232276,-0.06083600517389726,0.0075294193125726655,0.00575972680288378,5.0
-0.026405281056211205,2.7853134360344076,0.9563382388913998,-0.5073081758741783,-0.28818276854756036,-0.06074150245963321,0.007543252578085119,0.005751601990012479,5.0
-0.0254050810162032,2.7848881885405277,0.956446018416063,-0.5075577551811234,-0.28815256597775235,-0.060647058632299106,0.007557009546051741,0.00574347407594601,5.0
-0.024404880976195198,2.78446326870747,0.9565535980322423,-0.5078071415452687,-0.28812220833129754,-0.060552673901522254,0.007570690380423402,0.0057353431564103035,5.0
-0.023404680936187194,2.7840386757999736,0.956660978153805,-0.508056334919155,-0.2880916960862805,-0.06045834847559264,0.0075842952453566035,0.0057272093267348775,5.0
-0.02240448089617919,2.7836144090849473,0.9567681591933537,-0.5083053352558954,-0.2880610297204656,-0.0603640825614653,0.00759782430520949,0.0057190726818522695,5.0
-0.021404280856171187,2.78319046783147,0.9568751415622279,-0.5085541425091737,-0.28803020971129367,-0.06026987636476322,0.007611277724537952,0.005710933316297636,5.0
-0.020404080816163184,2.782766851310783,0.9569819256705066,-0.5088027566332411,-0.2879992365358778,-0.06017573008978003,0.007624655668091719,0.005702791324208255,5.0
-0.01940388077615518,2.7823435587962884,0.95708851192701,-0.5090511775829144,-0.28796811067099815,-0.06008164393948271,0.007637958300810444,0.005694646799323135,5.0
-0.018403680736147177,2.781920589563543,0.9571949007393036,-0.5092994053135719,-0.2879368325930988,-0.05998761811551443,0.007651185787819831,0.005686499834982556,5.0
-0.017403480696139173,2.7814979428902564,0.9573010925136972,-0.5095474397811509,-0.2879054027782824,-0.05989365281819727,0.007664338294427766,0.005678350524127713,5.0
-0.01640328065613117,2.7810756180562843,0.9574070876552507,-0.5097952809421467,-0.28787382170230663,-0.05979974824653507,0.007677415986120485,0.005670198959300311,5.0
-0.015403080616123166,2.780653614343626,0.9575128865677754,-0.5100429287536068,-0.2878420898405798,-0.059705904598216286,0.007690419028558694,0.005662045232642188,5.0
-0.014402880576115162,2.78023193103642,0.9576184896538361,-0.5102903831731309,-0.2878102076681569,-0.05961212206961689,0.007703347587573769,0.005653889435894986,5.0
-0.013402680536107159,2.7798105674209395,0.9577238973147525,-0.510537644158866,-0.2877781756597347,-0.05951840085580313,0.007716201829163967,0.0056457316603998,5.0
-0.012402480496099155,2.7793895227855883,0.9578291099506046,-0.510784711669506,-0.2877459942896487,-0.05942474115053453,0.007728981919490579,0.0056375719970968635,5.0
-0.011402280456091152,2.7789687964208944,0.9579341279602328,-0.5110315856642866,-0.28771366403186843,-0.05933114314626683,0.007741688024874191,0.00562941053652524,5.0
-0.010402080416083148,2.7785483876195096,0.958038951741241,-0.5112782661029841,-0.28768118535999315,-0.059237607034154975,0.007754320311790898,0.005621247368822533,5.0
-0.009401880376075145,2.778128295676202,0.9581435816899986,-0.5115247529459119,-0.2876485587472483,-0.059144133004055785,0.007766878946868581,0.005613082583724621,5.0
-0.008401680336067141,2.7777085198878515,0.9582480182016448,-0.5117710461539183,-0.2876157846664816,-0.05905072124453147,0.007779364096883131,0.005604916270565398,5.0
-0.0074014802960591375,2.777289059553447,0.9583522616700904,-0.512017145688384,-0.2875828635901584,-0.05895737194285212,0.007791775928754763,0.005596748518276519,5.0
-0.006401280256051134,2.7768699139740822,0.9584563124880187,-0.5122630515112182,-0.28754979599035824,-0.0588640852849991,0.007804114609544297,0.005588579415387194,5.0
-0.00540108021604313,2.776451082452948,0.9585601710468901,-0.5125087635848572,-0.28751658233877087,-0.05877086145566788,0.00781638030644946,0.005580409050023953,5.0
-0.004400880176035127,2.7760325642953303,0.9586638377369437,-0.5127542818722612,-0.28748322310669205,-0.05867770063827126,0.007828573186801233,0.005572237509910462,5.0
-0.0034006801360271233,2.775614358808607,0.9587673129472017,-0.512999606336912,-0.2874497187650203,-0.058584603014942394,0.007840693418060176,0.005564064882367346,5.0
-0.0024004800960191197,2.7751964653022383,0.9588705970654687,-0.5132447369428088,-0.2874160697842521,-0.058491568766537855,0.00785274116781278,0.005555891254312005,5.0
-0.0014002800560111162,2.7747788830877687,0.9589736904783381,-0.5134896736544682,-0.28738227663447913,-0.058398598072640875,0.007864716603767868,0.005547716712258488,5.0
-0.0004000800160031126,2.7743616114788163,0.9590765935711923,-0.513734416436919,-0.28734833978538354,-0.05830569111156441,0.007876619893752957,0.005539541342317332,5.0
0.000600120024004891,2.7739446497910722,0.959179306728206,-0.5139789652557012,-0.28731425970623503,-0.058212848060354296,0.007888451205710686,0.005531365230195471,5.0
0.0016003200640128945,2.7735279973422924,0.9592818303323496,-0.5142233200768629,-0.2872800368658866,-0.05812006909479257,0.007900210707695214,0.0055231884611961,5.0
0.002600520104020898,2.773111653452297,0.9593841647653902,-0.5144674808669565,-0.28724567173277044,-0.05802735438940043,0.00791189856786867,0.005515011120218585,5.0
0.0036007201440289016,2.772695617442961,0.9594863104078974,-0.5147114475930384,-0.28721116477489517,-0.0579347041174417,0.007923514954497599,0.005506833291758399,5.0
0.004600920184036905,2.7722798886382134,0.9595882676392435,-0.5149552202226647,-0.2871765164598417,-0.05784211845092595,0.007935060035949466,0.005498655059907052,5.0
0.005601120224044909,2.7718644663640313,0.9596900368376073,-0.5151987987238887,-0.2871417272547599,-0.05774959756061178,0.007946533980689088,0.005490476508352052,5.0
0.006601320264052912,2.7714493499484334,0.9597916183799764,-0.5154421830652588,-0.28710679762636393,-0.05765714161601006,0.00795793695727516,0.005482297720376845,5.0
0.007601520304060916,2.7710345387214783,0.9598930126421493,-0.5156853732158164,-0.28707172804093023,-0.05756475078538735,0.007969269134356789,0.005474118778860823,5.0
0.00860172034406892,2.770620032015256,0.9599942199987413,-0.5159283691450918,-0.28703651896429316,-0.05747242523576903,0.007980530680670008,0.005465939766279308,5.0
0.009601920384076923,2.770205829163885,0.9600952408231835,-0.5161711708231018,-0.2870011708618409,-0.0573801651329427,0.00799172176503432,0.0054577607647035365,5.0
0.010602120424084926,2.769791929503508,0.9601960754877289,-0.5164137782203494,-0.28696568419851315,-0.05728797064146162,0.008002842556349298,0.005449581855800713,5.0
0.01160232046409293,2.7693783323722854,0.9602967243634526,-0.5166561913078189,-0.28693005943879674,-0.05719584192464794,0.008013893223591143,0.005441403120834039,5.0
0.012602520504100934,2.7689650371103918,0.9603971878202572,-0.5168984100569745,-0.2868942970467231,-0.057103779144596106,0.008024873935809303,0.00543322464066275,5.0
0.013602720544108937,2.76855204306001,0.9604974662268735,-0.5171404344397564,-0.2868583974858634,-0.057011782462176294,0.00803578486212308,0.005425046495742188,5.0
0.01460292058411694,2.768139349565327,0.9605975599508649,-0.5173822644285799,-0.28682236121932664,-0.056919852037037755,0.008046626171718276,0.005416868766123877,5.0
0.015603120624124944,2.767726955972529,0.9606974693586298,-0.5176238999963326,-0.28678618870975575,-0.056827988027612374,0.008057398033843867,0.0054086915314556306,5.0
0.016603320664132948,2.7673148616297945,0.9607971948154042,-0.5178653411163711,-0.286749880419324,-0.05673619059111787,0.00806810061780862,0.005400514870981633,5.0
0.01760352070414095,2.7669030658872917,0.9608967366852645,-0.5181065877625181,-0.28671343680973155,-0.0566444598835614,0.008078734092977827,0.005392338863542564,5.0
0.018603720744148955,2.7664915680971727,0.9609960953311334,-0.5183476399090622,-0.286676858342203,-0.05655279605974311,0.008089298628769994,0.005384163587575741,5.0
0.01960392078415696,2.7660803676135672,0.9610952711147775,-0.5185884975307529,-0.2866401454774833,-0.056461199273259356,0.008099794394653564,0.005375989121115246,5.0
0.020604120824164962,2.7656694637925807,0.9611942643968154,-0.5188291606027997,-0.2866032986758349,-0.05636966967650648,0.008110221560143658,0.0053678155417921005,5.0
0.021604320864172966,2.7652588559922853,0.9612930755367181,-0.5190696291008683,-0.28656631839703434,-0.05627820742068411,0.008120580294798816,0.005359642926834426,5.0
0.02260452090418097,2.764848543572718,0.9613917048928117,-0.51930990300108,-0.2865292051003696,-0.05618681265579885,0.008130870768217807,0.005351471353067649,5.0
0.023604720944188973,2.7644385258958737,0.9614901528222819,-0.5195499822800074,-0.28649195924463605,-0.056095485530667705,0.008141093150036412,0.0053433008969146715,5.0
0.024604920984196976,2.7640288023257007,0.9615884196811777,-0.5197898669146733,-0.2864545812881343,-0.05600422619292162,0.008151247609924209,0.0053351316343961145,5.0
0.02560512102420498,2.7636193722280957,0.9616865058244106,-0.5200295568825468,-0.28641707168866615,-0.055913034789009025,0.008161334317581415,0.005326963641130497,5.0
0.026605321064212983,2.7632102349708987,0.9617844116057631,-0.5202690521615431,-0.2863794309035323,-0.055821911464199576,0.008171353442735741,0.005318796992334508,5.0
0.027605521104220987,2.762801389923889,0.9618821373778866,-0.5205083527300183,-0.2863416593895287,-0.05573085636258759,0.008181305155139238,0.005310631762823252,5.0
0.02860572114422899,2.762392836458776,0.9619796834923077,-0.52074745856677,-0.2863037576029441,-0.055639869627095655,0.00819118962456518,0.0053024680270105,5.0
0.029605921184236994,2.7619845739492,0.9620770502994311,-0.5209863696510322,-0.2862657259995566,-0.05554895139947832,0.008201007020804995,0.005294305858908976,5.0
0.030606121224244998,2.7615766017707224,0.9621742381485405,-0.5212250859624744,-0.2862275650346307,-0.05545810182032566,0.008210757513665134,0.005286145332130631,5.0
0.031606321264253,2.7611689193008218,0.9622712473878051,-0.5214636074811996,-0.28618927516291454,-0.05536732102906683,0.008220441272964039,0.005277986519886961,5.0
0.032606521304261005,2.7607615259188907,0.9623680783642793,-0.5217019341877401,-0.2861508568386371,-0.055276609163973894,0.008230058468529096,0.005269829494989306,5.0
0.03360672134426901,2.7603544210062276,0.9624647314239085,-0.5219400660630573,-0.28611231051550484,-0.05518596636216537,0.008239609270193574,0.0052616743298491845,5.0
0.03460692138427701,2.759947603946033,0.9625612069115299,-0.5221780030885381,-0.2860736366466991,-0.05509539275960988,0.008249093847793654,0.005253521096478633,5.0
0.035607121424285015,2.759541074123405,0.9626575051708781,-0.5224157452459928,-0.28603483568487353,-0.05500488849112992,0.00825851237116544,0.0052453698664905665,5.0
0.03660732146429302,2.759134830925333,0.9627536265445861,-0.5226532925176529,-0.2859959080821507,-0.054914453690405415,0.008267865010141942,0.005237220711099101,5.0
0.03760752150430102,2.7587288737406923,0.9628495713741896,-0.5228906448861681,-0.2859568542901194,-0.05482408848997755,0.008277151934550133,0.005229073701119954,5.0
0.038607721544309026,2.7583232019602395,0.9629453400001302,-0.523127802334605,-0.2859176747598323,-0.0547337930212524,0.008286373314208024,0.005220928906970832,5.0
0.03960792158431703,2.7579178149766075,0.9630409327617578,-0.5233647648464451,-0.285878369941803,-0.054643567414504685,0.008295529318921762,0.00521278639867184,5.0
0.04060812162432503,2.7575127121842997,0.9631363499973347,-0.5236015324055805,-0.28583894028600304,-0.05455341179888148,0.008304620118482682,0.0052046462458458604,5.0
0.04160832166433304,2.7571078929796844,0.963231592044039,-0.5238381049963144,-0.2857993862418595,-0.05446332630240601,0.008313645882664476,0.005196508517719008,5.0
0.04260852170434104,2.7567033567609913,0.9633266592379647,-0.5240744826033555,-0.28575970825825187,-0.054373311051981205,0.00832260678122026,0.00518837328312103,5.0
0.043608721744349044,2.7562991029283044,0.9634215519141295,-0.5243106652118197,-0.28571990678351045,-0.05428336617339375,0.008331502983879796,0.005180240610485779,5.0
0.04460892178435705,2.7558951308835566,0.9635162704064747,-0.5245466528072236,-0.28567998226541197,-0.05419349179131762,0.008340334660346614,0.005172110567851655,5.0
0.04560912182436505,2.7554914400305255,0.9636108150478708,-0.5247824453754862,-0.28563993515117914,-0.05410368802931797,0.008349101980295247,0.005163983222862085,5.0
0.046609321864373054,2.7550880297748286,0.963705186170117,-0.5250180429029241,-0.2855997658874758,-0.0540139550098548,0.008357805113368396,0.005155858642765998,5.0
0.04760952190438106,2.754684899523916,0.9637993841039492,-0.5252534453762496,-0.28555947492040634,-0.05392429285428692,0.008366444229174175,0.0051477368944183085,5.0
0.04860972194438906,2.754282048687066,0.9638934091790392,-0.5254886527825704,-0.2855190626955124,-0.05383470168287563,0.008375019497283389,0.0051396180442804425,5.0
0.049609921984397065,2.7538794766753814,0.9639872617239991,-0.5257236651093838,-0.2854785296577695,-0.05374518161478839,0.00838353108722674,0.005131502158420809,5.0
0.05061012202440507,2.753477182901782,0.9640809420663864,-0.5259584823445788,-0.2854378762515859,-0.05365573276810297,0.008391979168492145,0.005123389302515362,5.0
0.05161032206441307,2.7530751667809987,0.964174450532704,-0.5261931044764305,-0.2853971029207994,-0.053566355259810954,0.008400363910522011,0.0051152795418481205,5.0
0.052610522104421076,2.752673427729573,0.9642677874484062,-0.5264275314935993,-0.2853562101086749,-0.053477049205821775,0.00840868548271055,0.005107172941311695,5.0
0.05361072214442908,2.752271965165844,0.9643609531379008,-0.5266617633851288,-0.2853151982579024,-0.05338781472096644,0.00841694405440115,0.005099069565407879,5.0
0.05461092218443708,2.751870778509951,0.964453947924551,-0.5268958001404435,-0.2852740678105942,-0.05329865191900144,0.008425139794883714,0.005090969478248207,5.0
0.055611122224445086,2.7514698671838222,0.9645467721306805,-0.5271296417493462,-0.2852328192082828,-0.05320956091261249,0.008433272873392026,0.0050828727435545265,5.0
0.05661132226445309,2.751069230611172,0.9646394260775768,-0.5273632882020176,-0.2851914528919186,-0.05312054181341849,0.008441343459101176,0.005074779424659604,5.0
0.057611522304461094,2.7506688682174945,0.9647319100854926,-0.5275967394890109,-0.2851499693018666,-0.05303159473197523,0.008449351721124893,0.00506668958450768,5.0
0.0586117223444691,2.7502687794300593,0.9648242244736507,-0.5278299956012531,-0.2851083688779054,-0.05294271977777955,0.008457297828513052,0.005058603285655118,5.0
0.0596119223844771,2.7498689636779052,0.9649163695602462,-0.528063056530041,-0.2850666520592249,-0.052853917059272906,0.00846518195024909,0.005050520590271007,5.0
0.060612122424485104,2.7494694203918355,0.96500834566245,-0.5282959222670393,-0.28502481928442247,-0.052765186683845354,0.008473004255247446,0.0050424415601377955,5.0
0.06161232246449311,2.7490701490044134,0.9651001530964136,-0.5285285928042797,-0.284982870991503,-0.052676528757839534,0.008480764912351087,0.00503436625665193,5.0
0.06261252250450111,2.748671148949954,0.965191792177268,-0.5287610681341561,-0.2849408076178745,-0.05258794338655437,0.008488464090328964,0.005026294740824499,5.0
0.06361272254450911,2.7482724196645205,0.9652832632191325,-0.5289933482494258,-0.2848986296003472,-0.05249943067424911,0.00849610195787356,0.0050182270732818885,5.0
0.06461292258451712,2.747873960585919,0.9653745665351128,-0.529225433143205,-0.2848563373751309,-0.0524109907241471,0.00850367868359843,0.005010163314266461,5.0
0.06561312262452512,2.747475771153694,0.9654657024373089,-0.5294573228089687,-0.2848139313778335,-0.05232262363843988,0.008511194436035733,0.0050021035236372385,5.0
0.06661332266453313,2.7470778508091196,0.9655566712368135,-0.5296890172405465,-0.2847714120434576,-0.052234329518290865,0.008518649383633817,0.004994047760870568,5.0
0.06761352270454113,2.7466801989951977,0.9656474732437202,-0.5299205164321228,-0.2847287798063998,-0.052146108463839436,0.008526043694754811,0.004985996085060841,5.0
0.06861372274454913,2.7462828151566514,0.9657381087671219,-0.5301518203782327,-0.2846860351004479,-0.05205796057420468,0.008533377537672237,0.004977948554921175,5.0
0.06961392278455714,2.745885698739918,0.9658285781151178,-0.5303829290737614,-0.2846431783587785,-0.051969885947489504,0.008540651080568607,0.0049699052287841446,5.0
0.07061412282456514,2.745488849193146,0.9659188815948149,-0.5306138425139416,-0.2846002100139554,-0.051881884680784376,0.00854786449153308,0.004961866164602488,5.0
0.07161432286457314,2.745092265966189,0.9660090195123303,-0.5308445606943519,-0.284557130497928,-0.05179395687017137,0.008555017938559173,0.004953831419949871,5.0
0.0726145229045807,2.7446959485106,0.9660989921727966,-0.5310750836109145,-0.2845139402420286,-0.05170610261072806,0.008562111589542365,0.004945801052021613,5.0
0.0736147229445887,2.744299896279624,0.9661887998803637,-0.5313054112598936,-0.2844706396769707,-0.05161832199653152,0.00856914561227785,0.004937775117635438,5.0
0.07461492298459671,2.7439041087281963,0.966278442938202,-0.5315355436378922,-0.2844272292328469,-0.05153061512066202,0.008576120174458222,0.004929753673232207,5.0
0.07561512302460471,2.7435085853129353,0.9663679216485064,-0.5317654807418528,-0.2843837093391277,-0.05144298207520729,0.008583035443671222,0.00492173677487674,5.0
0.07661532306461272,2.7431133254921356,0.9664572363124991,-0.5319952225690514,-0.28434008042465825,-0.051355422951266265,0.008589891587397445,0.004913724478258517,5.0
0.07761552310462072,2.7427183287257653,0.966546387230432,-0.5322247691170997,-0.2842963429176571,-0.05126793783895308,0.008596688773008154,0.004905716838692529,5.0
0.07861572314462872,2.742323594475459,0.9666353747015917,-0.5324541203839407,-0.28425249724571555,-0.051180526827401034,0.008603427167763092,0.00489771391112005,5.0
0.07961592318463673,2.741929122204513,0.9667241990243003,-0.532683276367848,-0.2842085438357934,-0.0510931900047665,0.008610106938808221,0.004889715750109431,5.0
0.08061612322464473,2.7415349113778786,0.9668128604959205,-0.5329122370674221,-0.2841644831142192,-0.05100592745823287,0.00861672825317355,0.004881722409856902,5.0
0.08161632326465273,2.741140961462159,0.9669013594128586,-0.5331410024815914,-0.28412031550668776,-0.05091873927401456,0.00862329127777101,0.004873733944187394,5.0
0.08261652330466074,2.740747271925601,0.9669896960705667,-0.533369572609607,-0.2840760414382574,-0.050831625537360994,0.008629796179392262,0.0048657504065553825,5.0
0.08361672334466874,2.7403538422380915,0.9670778707635473,-0.533597947451044,-0.2840316613333502,-0.05074458633256047,0.00863624312470662,0.004857771850045693,5.0
0.08461692338467675,2.7399606718711524,0.9671658837853546,-0.5338261270057971,-0.2839871756157485,-0.0506576217429442,0.008642632280258895,0.004849798327374343,5.0
0.08561712342468475,2.7395677602979345,0.9672537354286005,-0.5340541112740802,-0.2839425847085937,-0.05057073185089016,0.00864896381246732,0.0048418298908893985,5.0
0.08661732346469275,2.7391751069932115,0.967341425984953,-0.5342819002564234,-0.2838978890343849,-0.05048391673782718,0.00865523788762147,0.0048338665925718215,5.0
0.08761752350470076,2.738782711433375,0.9674289557451455,-0.534509493953673,-0.28385308901497697,-0.05039717648423887,0.008661454671880188,0.004825908484036331,5.0
0.08861772354470876,2.73839057309643,0.9675163249989761,-0.5347368923669872,-0.28380818507157884,-0.050310511169667615,0.008667614331269542,0.004817955616532266,5.0
0.08961792358471676,2.7379986914619883,0.9676035340353107,-0.5349640954978371,-0.28376317762475173,-0.05022392087271843,0.00867371703168083,0.0048100080409444815,5.0
0.09061812362472477,2.7376070660112632,0.9676905831420889,-0.5351911033480016,-0.2837180670944084,-0.05013740567106307,0.008679762938868546,0.0048020658077942155,5.0
0.09161832366473277,2.7372156962270653,0.9677774726063235,-0.535417915919569,-0.2836728538998102,-0.05005096564144389,0.008685752218448396,0.004794128967239986,5.0
0.09261852370474077,2.7368245815937957,0.9678642027141059,-0.5356445332149323,-0.28362753845956606,-0.04996460085967781,0.008691685035895295,0.00478619756907846,5.0
0.09361872374474878,2.7364337215974412,0.9679507737506103,-0.53587095523679,-0.2835821211916318,-0.04987831140066045,0.008697561556541443,0.004778271662745407,5.0
0.09461892378475678,2.7360431157255687,0.9680371860000945,-0.5360971819881418,-0.2835366025133075,-0.04979209733836984,0.00870338194557438,0.004770351297316566,5.0
0.09561912382476478,2.735652763467321,0.9681234397459041,-0.5363232134722886,-0.28349098284123575,-0.04970595874587064,0.00870914636803501,0.004762436521508558,5.0
0.09661932386477279,2.7352626643134093,0.9682095352704754,-0.5365490496928298,-0.2834452625914014,-0.04961989569531794,0.008714854988815742,0.004754527383679846,5.0
0.09761952390478079,2.7348728177561097,0.9682954728553402,-0.5367746906536625,-0.2833994421791291,-0.0495339082579613,0.008720507972658586,0.004746623931831643,5.0
0.0986197239447888,2.7344832232892564,0.9683812527811264,-0.5370001363589787,-0.28335352201908226,-0.04944799650414875,0.00872610548415326,0.0047387262136088385,5.0
0.0996199239847968,2.734093880408237,0.968466875327562,-0.5372253868132643,-0.2833075025252613,-0.04936216050333066,0.00873164768773535,0.004730834276300959,5.0
0.1006201240248048,2.733704788609989,0.9685523407734798,-0.5374504420212973,-0.2832613841110027,-0.049276400324063795,0.008737134747684457,0.004722948166843099,5.0
0.1016203240648128,2.733315947392989,0.9686376493968198,-0.5376753019881462,-0.28321516718897705,-0.049190716034015265,0.008742566828122357,0.004715067931816886,5.0
0.10262052410482081,2.732927356257255,0.9687228014746296,-0.5378999667191668,-0.2831688521711878,-0.04910510769996644,0.008747944093011184,0.004707193617451417,5.0
0.10362072414482881,2.7325390147043347,0.968807797283072,-0.5381244362200027,-0.2831224394689704,-0.049019575387816955,0.008753266706151654,0.004699325269624258,5.0
0.10462092418483682,2.7321509222373024,0.9688926370974256,-0.5383487104965827,-0.28307592949299015,-0.048934119162588816,0.008758534831181289,0.004691462933862386,5.0
0.10562112422484482,2.731763078360755,0.9689773211920883,-0.5385727895551186,-0.28302932265324166,-0.04884873908843004,0.008763748631572624,0.004683606655343184,5.0
0.10662132426485282,2.7313754825808045,0.969061849840581,-0.5387966734021041,-0.28298261935904706,-0.048763435228618965,0.008768908270631506,0.004675756478895412,5.0
0.10762152430486083,2.730988134405074,0.9691462233155489,-0.5390203620443137,-0.28293582001905476,-0.048678207645567885,0.008774013911495284,0.004667912449000199,5.0
0.10862172434486883,2.7306010333426913,0.9692304418887681,-0.5392438554887996,-0.28288892504123814,-0.04859305640082729,0.008779065717131194,0.004660074609792037,5.0
0.10962192438487683,2.7302141789042853,0.9693145058311451,-0.5394671537428918,-0.28284193483289494,-0.04850798155508971,0.008784063850334587,0.004652243005059781,5.0
0.11062212442488484,2.7298275706019797,0.9693984154127218,-0.5396902568141944,-0.2827948498006447,-0.04842298316819359,0.00878900847372724,0.004644417678247642,5.0
0.11162232446489284,2.729441207949387,0.9694821709026789,-0.5399131647105858,-0.28274767035042897,-0.04833806129912741,0.008793899749755722,0.004636598672456198,5.0
0.11262252450490084,2.729055090461604,0.9695657725693386,-0.5401358774402164,-0.2827003968875091,-0.04825321600603355,0.008798737840689722,0.004628786030443407,5.0
0.11362272454490885,2.7286692176552068,0.9696492206801669,-0.540358395011507,-0.2826530298164656,-0.048168447346212125,0.008803522908620411,0.004620979794625642,5.0
0.11462292458491685,2.728283589048245,0.9697325155017775,-0.5405807174331464,-0.28260556954119664,-0.048083755376125144,0.008808255115458827,0.004613180007078687,5.0
0.11562312462492486,2.727898204160237,0.9698156572999359,-0.5408028447140921,-0.2825580164649176,-0.04799914015140037,0.008812934622934268,0.004605386709538795,5.0
0.11662332466493286,2.7275130625121635,0.9698986463395599,-0.5410247768635658,-0.28251037099015863,-0.04791460172683516,0.00881756159259269,0.004597599943403701,5.0
0.11762352470494086,2.7271281636264635,0.9699814828847255,-0.5412465138910547,-0.28246263351876516,-0.04783014015640057,0.008822136185795148,0.00458981974973367,5.0
0.11862372474494887,2.7267435070270287,0.9700641671986684,-0.5414680558063079,-0.28241480445189543,-0.04774575549324526,0.008826658563716212,0.004582046169252532,5.0
0.11962392478495687,2.726359092239199,0.9701466995437878,-0.5416894026193353,-0.28236688419002015,-0.04766144778969924,0.008831128887342424,0.0045742792423487276,5.0
0.12062412482496487,2.7259749187897553,0.9702290801816484,-0.5419105543404064,-0.2823188731329213,-0.04757721709727804,0.008835547317470785,0.004566519009076367,5.0
0.12162432486497288,2.725590986206916,0.9703113093729848,-0.5421315109800487,-0.28227077167969106,-0.04749306346668651,0.008839914014707248,0.004558765509156292,5.0
0.12262452490498088,2.725207294020332,0.9703933873777042,-0.5423522725490459,-0.2822225802287308,-0.04740898694782279,0.008844229139465178,0.004551018781977117,5.0
0.12362472494498888,2.7248238417610793,0.9704753144548893,-0.542572839058437,-0.28217429917775017,-0.04732498758978216,0.008848492851963907,0.0045432788665963056,5.0
0.12462492498499689,2.724440628961656,0.9705570908628011,-0.5427932105195137,-0.28212592892376537,-0.04724106544086101,0.008852705312227208,0.004535545801741242,5.0
0.1256251250250049,2.7240576551559768,0.9706387168588824,-0.5430133869438201,-0.2820774698630999,-0.047157220548560856,0.008856866680081912,0.004527819625810303,5.0
0.1266253250650129,2.723674919879367,0.9707201926997606,-0.5432333683431513,-0.28202892239138194,-0.047073452959592026,0.008860977115156439,0.004520100376873942,5.0
0.1276255251050209,2.723292422668557,0.9708015186412529,-0.5434531547295506,-0.28198028690354393,-0.046989762719877724,0.00886503677687935,0.004512388092675745,5.0
0.1286257251450289,2.722910163061679,0.9708826949383637,-0.5436727461153085,-0.28193156379382167,-0.046906149874557844,0.008869045824477938,0.004504682810633532,5.0
0.1296259251850369,2.722528140598261,0.9709637218452949,-0.5438921425129618,-0.28188275345575403,-0.046822614467992955,0.008873004416976868,0.00449698456784044,5.0
0.1306261252250449,2.7221463548192206,0.971044599615443,-0.5441113439352923,-0.28183385628218094,-0.046739156543768125,0.008876912713196749,0.004489293401066035,5.0
0.1316263252650529,2.721764805266861,0.9711253285014066,-0.5443303503953246,-0.28178487266524355,-0.04665577614469686,0.008880770871752814,0.004481609346757391,5.0
0.13262652530506092,2.7213834914848647,0.9712059087549854,-0.5445491619063249,-0.2817358029963824,-0.046572473312824866,0.008884579051053531,0.004473932441040195,5.0
0.13362672534506892,2.72100241301829,0.9712863406271864,-0.5447677784817998,-0.28168664766633755,-0.04648924808943415,0.00888833740929928,0.004466262719719845,5.0
0.13462692538507692,2.7206215694135656,0.9713666243682264,-0.5449862001354946,-0.2816374070651473,-0.04640610051504665,0.008892046104481046,0.004458600218282567,5.0
0.13562712542508493,2.7202409602184843,0.9714467602275327,-0.5452044268813923,-0.2815880815821471,-0.04632303062942823,0.008895705294379054,0.004450944971896517,5.0
0.13662732546509293,2.719860584982198,0.9715267484537479,-0.5454224587337115,-0.281538671605969,-0.04624003847159254,0.008899315136561548,0.004443297015412892,5.0
0.13762752550510093,2.719480443255214,0.9716065892947349,-0.5456402957069062,-0.2814891775245417,-0.046157124079804907,0.00890287578838345,0.004435656383367067,5.0
0.13862772554510894,2.7191005345893893,0.9716862829975756,-0.5458579378156628,-0.2814395997250882,-0.04607428749158603,0.008906387406985137,0.004428023109979705,5.0
0.13962792558511694,2.7187208585379254,0.9717658298085776,-0.5460753850749007,-0.28138993859412625,-0.04599152874371598,0.00890985014929117,0.004420397229157871,5.0
0.14062812562512494,2.7183414146553635,0.9718452299732742,-0.5462926374997685,-0.2813401945174671,-0.045908847872238014,0.008913264172009034,0.004412778774496168,5.0
0.14162832566513295,2.7179622024975774,0.9719244837364297,-0.5465096951056447,-0.28129036788021505,-0.04582624491246237,0.008916629631627954,0.0044051677792778755,5.0
0.14262852570514095,2.717583221621772,0.9720035913420416,-0.546726557908136,-0.2812404590667668,-0.045743719898970164,0.008919946684417677,0.004397564276476083,5.0
0.14362872574514896,2.7172044715864763,0.9720825530333433,-0.5469432259230744,-0.28119046846081036,-0.0456612728656171,0.008923215486427263,0.004389968298754824,5.0
0.14462892578515696,2.7168259519515385,0.9721613690528077,-0.547159699166519,-0.28114039644532496,-0.04557890384553742,0.008926436193483914,0.004382379878470204,5.0
0.14562912582516496,2.7164476622781204,0.9722400396421488,-0.5473759776547508,-0.2810902434025797,-0.04549661287114756,0.008929608961191783,0.004374799047671548,5.0
0.14662932586517297,2.7160696021286945,0.9723185650423262,-0.5475920614042742,-0.28104000971413357,-0.04541439997415018,0.008932733944930858,0.004367225838102562,5.0
0.14762952590518097,2.715691771067035,0.972396945493547,-0.5478079504318153,-0.2809896957608346,-0.04533226518553771,0.00893581129985579,0.004359660281202466,5.0
0.14862972594518897,2.7153141686582187,0.9724751812352699,-0.5480236447543188,-0.2809393019228191,-0.0452502085355963,0.008938841180894781,0.004352102408107139,5.0
0.14962992598519698,2.714936794468615,0.9725532725062068,-0.548239144388949,-0.280888828579511,-0.04516823005390966,0.008941823742748448,0.004344552249650283,5.0
0.15063012602520498,2.7145596480658822,0.9726312195443265,-0.5484544493530877,-0.28083827610962203,-0.045086329769362665,0.008944759139888762,0.004337009836364581,5.0
0.15163032606521298,2.714182729018963,0.9727090225868563,-0.5486695596643315,-0.2807876448911502,-0.04500450771014522,0.008947647526557934,0.004329475198482855,5.0
0.152630526105221,2.7138060368980814,0.9727866818702868,-0.5488844753404934,-0.2807369353013796,-0.04492276390375606,0.00895048905676734,0.004321948365939227,5.0
0.153630726145229,2.7134295712747334,0.9728641976303741,-0.549099196399599,-0.28068614771687983,-0.04484109837700645,0.008953283884296502,0.004314429368370277,5.0
0.154630926185237,2.713053331721686,0.9729415701021431,-0.5493137228598861,-0.28063528251350583,-0.044759511156023946,0.008956032162691974,0.004306918235116204,5.0
0.155631126225245,2.7126773178129704,0.9730187995198878,-0.5495280547398044,-0.280584340066397,-0.044678002266256206,0.008958734045266354,0.004299414995222016,5.0
0.156631326265253,2.7123015291238786,0.9730958861171768,-0.5497421920580124,-0.2805333207499767,-0.044596571732474645,0.008961389685097252,0.004291919677438674,5.0
0.157631526305261,2.711925965230955,0.9731728301268576,-0.5499561348333777,-0.280482224937952,-0.04451521957877824,0.008963999235026299,0.004284432310224281,5.0
0.158631726345269,2.7115506257119963,0.9732496317810552,-0.5501698830849753,-0.2804310530033132,-0.0444339458285972,0.008966562847658127,0.004276952921745254,5.0
0.159631926385277,2.711175510146043,0.9733262913111767,-0.5503834368320861,-0.28037980531833295,-0.04435275050469669,0.00896908067535941,0.004269481539877499,5.0
0.16063212642528502,2.7108006181133764,0.9734028089479163,-0.5505967960941961,-0.2803284822545666,-0.044271633629180546,0.008971552870257879,0.004262018192207594,5.0
0.16163232646529302,2.7104259491955127,0.9734791849212545,-0.5508099608909949,-0.2802770841828505,-0.044190595223494986,0.008973979584241384,0.0042545629060339605,5.0
0.16263252650530102,2.7100515029751984,0.9735554194604645,-0.5510229312423748,-0.2802256114733034,-0.04410963530843237,0.008976360968956909,0.0042471157083680405,5.0
0.16363272654530903,2.7096772790364048,0.973631512794112,-0.5512357071684295,-0.28017406449532445,-0.04402875390413474,0.008978697175809697,0.004239676625935499,5.0
0.16463292658531703,2.709303276964326,0.973707465150059,-0.5514482886894525,-0.2801224436175935,-0.043947951030097625,0.0089809883559623,0.004232245685177393,5.0
0.16563312662532503,2.70892949634537,0.9737832767554684,-0.5516606758259367,-0.2800707492080708,-0.04386722670517368,0.008983234660333685,0.004224822912251369,5.0
0.16663332666533304,2.7085559367671572,0.9738589478368026,-0.5518728685985728,-0.2800189816339964,-0.043786580947576315,0.008985436239598334,0.004217408333032854,5.0
0.16763352670534104,2.7081825978185132,0.9739344786198315,-0.5520848670282482,-0.27996714126188993,-0.04370601377488338,0.008987593244185375,0.004210001973116233,5.0
0.16863372674534904,2.707809479089466,0.9740098693296303,-0.5522966711360456,-0.27991522845755,-0.0436255252040408,0.008989705824277695,0.004202603857816049,5.0
0.16963392678535705,2.70743658017124,0.974085120190586,-0.5525082809432426,-0.2798632435860546,-0.04354511525136625,0.008991774129811088,0.00419521401216819,5.0
0.17063412682536505,2.7070639006562507,0.9741602314263982,-0.5527196964713099,-0.27981118701175994,-0.04346478393255277,0.008993798310473432,0.004187832460931105,5.0
0.17163432686537305,2.7066914401381013,0.9742352032600815,-0.5529309177419095,-0.2797590590983004,-0.04338453126267232,0.008995778515703818,0.004180459228586948,5.0
0.17263452690538106,2.7063191982115766,0.974310035913971,-0.5531419447768966,-0.279706860208589,-0.043304357256179565,0.008997714894691781,0.004173094339342837,5.0
0.17363472694538906,2.7059471744726404,0.9743847296097208,-0.5533527775983136,-0.2796545907048159,-0.04322426192691527,0.00899960759637643,0.004165737817132003,5.0
0.17463492698539707,2.7055753685184283,0.9744592845683099,-0.5535634162283938,-0.2796022509484489,-0.043144245288110054,0.009001456769445694,0.004158389685615001,5.0
0.17563512702540507,2.705203779947244,0.974533701010044,-0.5537738606895575,-0.2795498413002332,-0.04306430735238795,0.009003262562335522,0.004151049968180917,5.0
0.17663532706541307,2.704832408358555,0.9746079791545579,-0.5539841110044117,-0.27949736212019083,-0.042984448131769985,0.00900502512322911,0.00414371868794857,5.0
0.17763552710542108,2.7044612533529873,0.9746821192208185,-0.5541941671957485,-0.27944481376762076,-0.042904667637677654,0.009006744600056137,0.004136395867767706,5.0
0.17863572714542908,2.70409031453232,0.9747561214271266,-0.5544040292865452,-0.2793921966010983,-0.04282496588093665,0.009008421140492015,0.004129081530220188,5.0
0.17963592718543708,2.703719591499483,0.9748299859911219,-0.5546136972999626,-0.27933951097847587,-0.0427453428717804,0.009010054891957177,0.004121775697621239,5.0
0.1806361272254451,2.70334908385855,0.9749037131297824,-0.5548231712593433,-0.2792867572568811,-0.042665798619853375,0.009011646001616292,0.004114478392020581,5.0
0.1816363272654531,2.7029787912147345,0.9749773030594284,-0.5550324511882112,-0.2792339357927186,-0.04258633313421499,0.009013194616377587,0.004107189635203688,5.0
0.1826365273054611,2.702608713174385,0.9750507559957278,-0.5552415371102709,-0.27918104694166807,-0.04250694642334283,0.00901470088289214,0.004099909448692979,5.0
0.1836367273454691,2.7022388493449814,0.9751240721536931,-0.5554504290494064,-0.27912809105868536,-0.04242763849513639,0.009016164947553165,0.004092637853748999,5.0
0.1846369273854771,2.7018691993351296,0.9751972517476906,-0.555659127029679,-0.27907506849800173,-0.04234840935692044,0.009017586956495323,0.004085374871371645,5.0
0.1856371274254851,2.7014997627545556,0.975270294991437,-0.5558676310753282,-0.27902197961312447,-0.04226925901544863,0.009018967055594103,0.004078120522301363,5.0
0.1866373274654931,2.701130539214104,0.9753432020980061,-0.5560759412107689,-0.27896882475683565,-0.042190187476906935,0.00902030539046507,0.004070874827020344,5.0
0.1876375275055011,2.7007615283257302,0.9754159732798297,-0.5562840574605913,-0.27891560428119255,-0.0421111947469171,0.009021602106463297,0.004063637805753751,5.0
0.18863772754550912,2.7003927297024983,0.975488608748699,-0.5564919798495602,-0.27886231853752813,-0.04203228083054021,0.009022857348682686,0.004056409478470908,5.0
0.18963792758551712,2.7000241429585743,0.9755611087157722,-0.5566997084026137,-0.2788089678764503,-0.04195344573228016,0.009024071261955344,0.004049189864886508,5.0
0.19063812762552512,2.699655767709224,0.9756334733915684,-0.5569072431448605,-0.27875555264784163,-0.041874689456086946,0.00902524399085093,0.004041978984461793,5.0
0.19163832766553313,2.699287603570806,0.9757057029859799,-0.5571145841015828,-0.27870207320086027,-0.04179601200536041,0.009026375679676086,0.004034776856405789,5.0
0.19263852770554113,2.698919650160769,0.975777797708268,-0.5573217312982311,-0.2786485298839389,-0.041717413382953365,0.009027466472473817,0.004027583499676498,5.0
0.19363872774554913,2.6985519070976465,0.9758497577670681,-0.5575286847604262,-0.278594923044785,-0.04163889359117524,0.009028516513022906,0.0040203989329820914,5.0
0.19463892778555714,2.6981843740010523,0.9759215833703916,-0.5577354445139564,-0.2785412530303812,-0.041560452631795426,0.009029525944837328,0.004013223174782123,5.0
0.19563912782556514,2.697817050491677,0.9759932747256285,-0.5579420105847779,-0.27848752018698525,-0.041482090506046725,0.009030494911165685,0.00400605624328873,5.0
0.19663932786557314,2.6974499361912816,0.9760648320395517,-0.5581483829990136,-0.27843372486012946,-0.04140380721462873,0.009031423554990661,0.003998898156467835,5.0
0.19763952790558115,2.6970830307226947,0.9761362555183151,-0.5583545617829511,-0.27837986739462084,-0.04132560275771115,0.00903231201902843,0.003991748932040347,5.0
0.19863972794558915,2.6967163337098086,0.9762075453674616,-0.5585605469630425,-0.2783259481345416,-0.041247477134937365,0.009033160445728152,0.00398460858748335,5.0
0.19963992798559715,2.696349844777571,0.9762787017919217,-0.5587663385659041,-0.27827196742324906,-0.04116943034542765,0.009033968977271442,0.003977477140031336,5.0
0.20064012802560516,2.6959835635519864,0.9763497249960175,-0.5589719366183148,-0.2782179256033753,-0.04109146238778265,0.009034737755571846,0.003970354606677369,5.0
0.20164032806561316,2.695617489660107,0.9764206151834648,-0.5591773411472146,-0.27816382301682757,-0.04101357326008656,0.009035466922274301,0.003963241004174288,5.0
0.20264052810562116,2.6952516227300305,0.9764913725573764,-0.5593825521797055,-0.2781096600047882,-0.040935762959910735,0.009036156618754667,0.00395613634903592,5.0
0.20364072814562917,2.6948859623908956,0.9765619973202635,-0.5595875697430471,-0.2780554369077144,-0.04085803148431675,0.009036806986119191,0.003949040657538254,5.0
0.20464092818563717,2.6945205082728765,0.976632489674039,-0.5597923938646615,-0.27800115406533926,-0.040780378829860055,0.009037418165204097,0.003941953945720652,5.0
0.20564112822564518,2.6941552600071805,0.9767028498200198,-0.5599970245721261,-0.27794681181667086,-0.04070280499259296,0.009037990296575012,0.003934876229387037,5.0
0.20664132826565318,2.693790217226041,0.9767730779589284,-0.5602014618931762,-0.27789241049999286,-0.04062530996806814,0.009038523520526604,0.003927807524107094,5.0
0.20764152830566118,2.693425379562717,0.9768431742908973,-0.5604057058557048,-0.2778379504528647,-0.040547893751341865,0.00903901797708207,0.003920747845217453,5.0
0.2086417283456692,2.693060746651485,0.9769131390154676,-0.560609756487759,-0.27778343201212136,-0.040470556336977305,0.00903947380599271,0.003913697207822897,5.0
0.2096419283856772,2.6926963181276364,0.9769829723315978,-0.5608136138175416,-0.27772885551387383,-0.04039329771904784,0.009039891146737452,0.003906655626797532,5.0
0.2106421284256852,2.692332093627474,0.9770526744376606,-0.5610172778734085,-0.277674221293509,-0.040316117891140334,0.009040270138522462,0.00389962311678597,5.0
0.2116423284656932,2.691968072788307,0.977122245531447,-0.5612207486838691,-0.27761952968569,-0.040239016846358285,0.009040610920280705,0.0038925996922045468,5.0
0.2126425285057012,2.6916042552484454,0.9771916858101701,-0.5614240262775845,-0.27756478102435633,-0.04016199457732521,0.009040913630671556,0.0038855853672424847,5.0
0.2136427285457092,2.6912406406471976,0.9772609954704656,-0.5616271106833677,-0.2775099756427241,-0.040085051076187816,0.00904117840808038,0.003878580155863076,5.0
0.2146429285857172,2.6908772286248666,0.9773301747083954,-0.561830001930181,-0.2774551138732859,-0.04000818633461923,0.009041405390618129,0.0038715840718048784,5.0
0.2156431286257252,2.6905140188227445,0.9773992237194504,-0.562032700047138,-0.27740019604781163,-0.039931400343822226,0.009041594716120982,0.0038645971285828835,5.0
0.21664332866573321,2.690151010883109,0.9774681426985521,-0.5622352050635011,-0.2773452224973479,-0.039854693094532524,0.009041746522149941,0.0038576193394897124,5.0
0.21764352870574122,2.6897882044492176,0.9775369318400543,-0.5624375170086787,-0.27729019355221907,-0.039778064577021814,0.009041860945990495,0.0038506507175967842,5.0
0.21864372874574922,2.6894255991653067,0.9776055913377476,-0.5626396359122287,-0.2772351095420269,-0.039701514781101066,0.009041938124652236,0.0038436912757554846,5.0
0.21964392878575723,2.6890631946765846,0.9776741213848592,-0.5628415618038538,-0.2771799707956505,-0.03962504369612369,0.009041978194868497,0.0038367410265983393,5.0
0.22064412882576523,2.6887009906292287,0.9777425221740583,-0.5630432947134041,-0.27712477764124793,-0.03954865131098878,0.009041981293096052,0.0038297999825402246,5.0
0.22164432886577323,2.688338986670382,0.9778107938974561,-0.5632448346708728,-0.27706953040625487,-0.039472337614144065,0.009041947555514749,0.003822868155779507,5.0
0.22264452890578124,2.687977182448147,0.977878936746608,-0.5634461817063976,-0.2770142294173857,-0.03939610259358922,0.009041877118027189,0.003815945558299214,5.0
0.22364472894578924,2.687615577611583,0.9779469509125184,-0.5636473358502607,-0.2769588750006338,-0.03931994623687902,0.009041770116258415,0.003809032201868218,5.0
0.22464492898579724,2.6872541718107024,0.978014836585641,-0.5638482971328855,-0.27690346748127154,-0.03924386853112634,0.009041626685555604,0.0038021280980423916,5.0
0.22564512902580525,2.6868929646964657,0.9780825939558824,-0.5640490655848388,-0.276848007183851,-0.03916786946300547,0.009041446960987775,0.0037952332581657946,5.0
0.22664532906581325,2.686531955920778,0.978150223212603,-0.5642496412368261,-0.27679249443220344,-0.039091949018754936,0.009041231077345451,0.0037883476933717897,5.0
0.22764552910582125,2.686171145136486,0.9782177245446209,-0.5644500241196955,-0.2767369295494407,-0.03901610718418088,0.009040979169140432,0.003781471414584253,5.0
0.22864572914582926,2.6858105319973715,0.9782850981402117,-0.5646502142644331,-0.27668131285795433,-0.03894034394466,0.009040691370605454,0.0037746044325187096,5.0
0.22964592918583726,2.6854501161581497,0.978352344187115,-0.5648502117021645,-0.2766256446794168,-0.03886465928514264,0.009040367815693966,0.003767746757683487,5.0
0.23064612922584526,2.685089897274463,0.9784194628725343,-0.5650500164641538,-0.27656992533478186,-0.03878905319015595,0.009040008638079853,0.0037608984003808907,5.0
0.23164632926585327,2.6847298750028794,0.9784864543831382,-0.5652496285818015,-0.2765141551442844,-0.038713525643806784,0.009039613971157177,0.003754059370708335,5.0
0.23264652930586127,2.6843700490008886,0.9785533189050641,-0.5654490480866454,-0.2764583344274406,-0.03863807662978479,0.009039183948039932,0.0037472296785595184,5.0
0.23364672934586928,2.6840104189268956,0.9786200566239213,-0.5656482750103591,-0.27640246350304937,-0.038562706131365566,0.009038718701561815,0.003740409333625551,5.0
0.23464692938587728,2.6836509844402183,0.9786866677247913,-0.565847309384751,-0.27634654268919145,-0.03848741413141358,0.00903821836427597,0.0037335983453961074,5.0
0.23564712942588528,2.6832917452010845,0.9787531523922318,-0.5660461512417647,-0.27629057230323073,-0.038412200612385136,0.00903768306845478,0.003726796723160579,5.0
0.23664732946589329,2.682932700870626,0.978819510810278,-0.5662448006134766,-0.2762345526618134,-0.03833706555633145,0.009037112946089658,0.00372000447600922,5.0
0.2376475295059013,2.682573851110877,0.978885743162446,-0.5664432575320977,-0.2761784840808706,-0.03826200894490171,0.009036508128890841,0.0037132216128342994,5.0
0.2386477295459093,2.6822151955847686,0.9789518496317338,-0.5666415220299706,-0.27612236687561664,-0.038187030759345895,0.009035868748287162,0.0037064481423312013,5.0
0.2396479295859173,2.681856733956124,0.9790178304006242,-0.566839594139569,-0.27606620136054977,-0.038112130980517814,0.009035194935425855,0.0036996840729995855,5.0
0.2406481296259253,2.681498465889658,0.9790836856510874,-0.5670374738934989,-0.2760099878494537,-0.03803730958887811,0.009034486821172397,0.0036929294131445396,5.0
0.2416483296659333,2.6811403910509704,0.9791494155645818,-0.5672351613244966,-0.27595372665539725,-0.03796256656449714,0.009033744536110321,0.0036861841708776973,5.0
0.2426485297059413,2.6807825091065434,0.9792150203220584,-0.5674326564654272,-0.2758974180907345,-0.03788790188705793,0.00903296821054103,0.003679448354118353,5.0
0.2436487297459493,2.6804248197237373,0.9792805001039613,-0.5676299593492858,-0.2758410624671056,-0.037813315535859184,0.009032157974483607,0.0036727219705946033,5.0
0.24464892978595731,2.680067322570786,0.9793458550902305,-0.5678270700091957,-0.27578466009543723,-0.03773880748981801,0.009031313957674689,0.0036660050278444745,5.0
0.24564912982596532,2.679710017316795,0.9794110854603045,-0.5680239884784071,-0.2757282112859434,-0.03766437772747306,0.009030436289568308,0.003659297533217039,5.0
0.24664932986597332,2.679352903631737,0.9794761913931225,-0.568220714790299,-0.2756717163481248,-0.03759002622698725,0.009029525099335765,0.0036525994938735556,5.0
0.24764952990598132,2.678995981186447,0.9795411730671262,-0.5684172489783753,-0.2756151755907705,-0.037515752966150645,0.00902858051586545,0.0036459109167885657,5.0
0.24864972994598933,2.6786392496526203,0.9796060306602618,-0.5686135910762667,-0.27555858932195765,-0.037441557922383496,0.00902760266776276,0.0036392318087510363,5.0
0.24964992998599733,2.678282708702808,0.9796707643499821,-0.568809741117729,-0.2755019578490524,-0.03736744107273888,0.009026591683349933,0.003632562176365441,5.0
0.25065013002600534,2.677926358010412,0.9797353743132503,-0.5690056991366423,-0.27544528147871006,-0.03729340239390571,0.009025547690665959,0.003625902026052915,5.0
0.25165033006601334,2.677570197249683,0.9797998607265405,-0.5692014651670109,-0.2753885605168758,-0.037219441862211496,0.009024470817466447,0.0036192513640523134,5.0
0.25265053010602134,2.677214226095718,0.9798642237658399,-0.5693970392429626,-0.2753317952687849,-0.03714555945362515,0.009023361191223546,0.0036126101964213684,5.0
0.25365073014602935,2.676858444224453,0.9799284636066525,-0.5695924213987473,-0.27527498603896344,-0.037071755143759905,0.00902221893912581,0.003605978529037754,5.0
0.25465093018603735,2.6765028513126614,0.9799925804239988,-0.5697876116687381,-0.275218133131229,-0.036998028907876054,0.009021044188078161,0.0035993563676002286,5.0
0.25565113022604535,2.6761474470379514,0.9800565743924212,-0.5699826100874292,-0.27516123684869087,-0.03692438072088368,0.009019837064701755,0.003592743717629704,5.0
0.25665133026605336,2.6757922310787614,0.9801204456859826,-0.5701774166894353,-0.27510429749375087,-0.036850810557345584,0.00901859769533395,0.003586140584470359,5.0
0.25765153030606136,2.675437203114355,0.980184194478271,-0.5703720315094923,-0.27504731536810323,-0.03677731839147987,0.009017326206028195,0.0035795469732907348,5.0
0.25865173034606936,2.6750823628248197,0.9802478209424,-0.5705664545824549,-0.2749902907727357,-0.036703904197162886,0.009016022722553993,0.0035729628890848295,5.0
0.25965193038607737,2.6747277098910613,0.9803113252510136,-0.5707606859432978,-0.2749332240079306,-0.03663056794793187,0.009014687370396837,0.0035663883366731804,5.0
0.26065213042608537,2.6743732439948023,0.9803747075762846,-0.5709547256271139,-0.27487611537326406,-0.03655730961698769,0.009013320274758154,0.003559823320703957,5.0
0.2616523304660934,2.674018964818576,0.9804379680899199,-0.5711485736691153,-0.2748189651676075,-0.036484129177197615,0.009011921560555258,0.0035532678456540526,5.0
0.2626525305061014,2.673664872045725,0.98050110696316,-0.5713422301046291,-0.2747617736891281,-0.03641102660109798,0.009010491352421296,0.003546721915830143,5.0
0.2636527305461094,2.673310965360397,0.9805641243667835,-0.571535694969102,-0.27470454123528865,-0.03633800186089691,0.00900902977470529,0.003540185535369816,5.0
0.2646529305861174,2.6729572444475407,0.9806270204711063,-0.5717289682980955,-0.27464726810284973,-0.036265054928477015,0.009007536951472037,0.003533658708242623,5.0
0.2656531306261254,2.672603708992903,0.9806897954459876,-0.5719220501272875,-0.2745899545878686,-0.03619218577539803,0.009006013006502105,0.003527141438251142,5.0
0.2666533306661334,2.6722503586830246,0.9807524494608278,-0.572114940492471,-0.2745326009857007,-0.03611939437289956,0.00900445806329183,0.00352063372903207,5.0
0.2676535307061414,2.671897193205237,0.9808149826845733,-0.5723076394295533,-0.2744752075909993,-0.03604668069190363,0.009002872245053303,0.003514135584057295,5.0
0.2686537307461494,2.6715442122476607,0.9808773952857172,-0.5725001469745569,-0.2744177746977177,-0.035974044703017447,0.009001255674714376,0.0035076470066349526,5.0
0.2696539307861574,2.671191415499198,0.9809396874323028,-0.572692463163617,-0.2743603025991089,-0.03590148637653603,0.008999608474918664,0.0035011679999105067,5.0
0.2706541308261654,2.6708388026495324,0.9810018592919234,-0.5728845880329825,-0.2743027915877256,-0.03582900568244464,0.008997930768025556,0.0034946985668678075,5.0
0.2716543308661734,2.670486373389125,0.9810639110317257,-0.573076521619014,-0.2742452419554219,-0.035756602590421606,0.008996222676110246,0.0034882387103301587,5.0
0.2726545309061814,2.670134127409209,0.9811258428184116,-0.573268263958186,-0.27418765399335343,-0.035684277069840835,0.008994484320963753,0.003481788432961372,5.0
0.2736547309461894,2.669782064401789,0.9811876548182406,-0.5734598150870829,-0.27413002799197794,-0.03561202908977442,0.008992715824092922,0.0034753477372668168,5.0
0.2746549309861974,2.669430184059635,0.9812493471970303,-0.5736511750424007,-0.2740723642410561,-0.035539858618995175,0.008990917306720489,0.0034689166255944827,5.0
0.2756551310262054,2.669078486076281,0.981310920120161,-0.5738423438609457,-0.27401466302965183,-0.03546776562597925,0.008989088889785085,0.003462495100136009,5.0
0.27665533106621343,2.668726970146021,0.9813723737525737,-0.574033321579634,-0.27395692464613325,-0.03539575007890868,0.008987230693941348,0.003456083162927775,5.0
0.27765553110622143,2.6683756359639044,0.9814337082587761,-0.5742241082354922,-0.27389914937817345,-0.035323811945673876,0.008985342839559922,0.003449680815851924,5.0
0.27865573114622944,2.668024483225734,0.9814949238028418,-0.5744147038656549,-0.27384133751275086,-0.03525195119387621,0.008983425446727552,0.0034432880606374,5.0
0.27965593118623744,2.6676735116280628,0.981556020548415,-0.5746051085073663,-0.2737834893361499,-0.03518016779083049,0.008981478635247116,0.003436904898860996,5.0
0.28065613122624544,2.66732272086819,0.9816169986587076,-0.5747953221979772,-0.2737256051339616,-0.03510846170356752,0.008979502524637688,0.0034305313319483895,5.0
0.28165633126625345,2.666972110644157,0.9816778582965063,-0.5749853449749471,-0.27366768519108453,-0.03503683289883649,0.008977497234134662,0.0034241673611751827,5.0
0.28265653130626145,2.666621680654745,0.9817385996241718,-0.5751751768758425,-0.2736097297917253,-0.03496528134310759,0.008975462882689798,0.003417812987667936,5.0
0.28365673134626945,2.6662714305994717,0.9817992228036407,-0.575364817938336,-0.2735517392193994,-0.034893807002574426,0.008973399588971307,0.0034114682124051754,5.0
0.28465693138627746,2.665921360178587,0.9818597279964286,-0.5755542682002072,-0.27349371375693154,-0.034822409843156425,0.008971307471363956,0.0034051330362184534,5.0
0.28565713142628546,2.665571469093072,0.9819201153636302,-0.5757435276993403,-0.2734356536864566,-0.03475108983050137,0.008969186647969148,0.0033988074597933442,5.0
0.28665733146629346,2.6652217570446326,0.9819803850659217,-0.5759325964737246,-0.27337755928941987,-0.034679846929987726,0.008967037236605028,0.0033924914836704774,5.0
0.28765753150630147,2.6648722237356983,0.9820405372635661,-0.5761214745614559,-0.2733194308465793,-0.03460868110672732,0.008964859354806617,0.0033861851082465718,5.0
0.28865773154630947,2.664522868869419,0.9821005721164071,-0.5763101620007317,-0.27326126863800343,-0.03453759232556734,0.008962653119825878,0.003379888333775416,5.0
0.2896579315863175,2.664173692149659,0.9821604897838807,-0.5764986588298557,-0.2732030729430752,-0.03446658055109314,0.008960418648631886,0.0033736011603689112,5.0
0.2906581316263255,2.6638246932809984,0.9822202904250089,-0.5766869650872343,-0.2731448440404901,-0.034395645747630404,0.008958156057910905,0.0033673235879980615,5.0
0.2916583316663335,2.6634758719687257,0.9822799741984054,-0.5768750808113757,-0.2730865822082583,-0.03432478787924756,0.008955865464066529,0.003361055616493992,5.0
0.2926585317063415,2.6631272279188365,0.9823395412622771,-0.577063006040892,-0.2730282877237053,-0.03425400690975821,0.008953546983219837,0.003354797245548946,5.0
0.2936587317463495,2.6627787608380302,0.9823989917744258,-0.5772507408144963,-0.27296996086347186,-0.03418330280272342,0.008951200731209504,0.00334854847471729,5.0
0.2946589317863575,2.662430470433706,0.9824583258922489,-0.5774382851710042,-0.27291160190351527,-0.034112675521454076,0.008948826823591952,0.0033423093034165114,5.0
0.2956591318263655,2.6620823564139604,0.9825175437727421,-0.5776256391493324,-0.27285321111911054,-0.034042125029013326,0.008946425375641508,0.0033360797309282056,5.0
0.2966593318663735,2.6617344184875846,0.9825766455725007,-0.5778128027884977,-0.27279478878484986,-0.03397165128821868,0.008943996502350525,0.003329859756399074,5.0
0.2976595319063815,2.66138665636406,0.9826356314477218,-0.5779997761276177,-0.2727363351746451,-0.03390125426164453,0.008941540318429567,0.003323649378841903,5.0
0.2986597319463895,2.661039069753555,0.9826945015542067,-0.5781865592059102,-0.27267785056172655,-0.03383093391162435,0.008939056938307556,0.0033174485971365617,5.0
0.2996599319863975,2.6606916583669236,0.9827532560473612,-0.5783731520626921,-0.2726193352186453,-0.033760690200253046,0.008936546476131943,0.0033112574100309694,5.0
0.30066013202640507,2.660344421915701,0.9828118950821975,-0.57855955473738,-0.2725607894172732,-0.033690523089389135,0.008934009045768857,0.003305075816142081,5.0
0.3016603320664131,2.6599973601121003,0.9828704188133357,-0.5787457672694882,-0.27250221342880354,-0.033620432540657094,0.008931444760803327,0.003298903813956871,5.0
0.3026605321064211,2.659650472669009,0.9829288273950083,-0.57893178969863,-0.2724436075237526,-0.03355041851544958,0.008928853734539404,0.003292741401833288,5.0
0.3036607321464291,2.6593037592999873,0.9829871209810574,-0.5791176220645169,-0.27238497197195927,-0.033480480974929706,0.008926236080000398,0.0032865885780012294,5.0
0.3046609321864371,2.658957219719265,0.9830452997249416,-0.5793032644069569,-0.2723263070425868,-0.03341061988003321,0.00892359190992901,0.0032804453405635074,5.0
0.3056611322264451,2.658610853641737,0.983103363779731,-0.5794887167658562,-0.2722676130041232,-0.03334083519147076,0.008920921336787551,0.0032743116874968115,5.0
0.3066613322664531,2.658264660782961,0.9831613132981158,-0.5796739791812171,-0.272208890124382,-0.0332711268697301,0.008918224472758132,0.0032681876166526613,5.0
0.3076615323064611,2.6579186408591537,0.9832191484324028,-0.5798590516931383,-0.27215013867050236,-0.03320149487507824,0.008915501429742883,0.003262073125758367,5.0
0.3086617323464691,2.6575727935871893,0.9832768693345209,-0.5800439343418148,-0.27209135890895136,-0.033131939167563705,0.008912752319364104,0.0032559682124179636,5.0
0.3096619323864771,2.6572271186845957,0.9833344761560203,-0.580228627167537,-0.27203255110552366,-0.0330624597070187,0.008909977252964522,0.0032498728741131864,5.0
0.3106621324264851,2.656881615869552,0.9833919690480738,-0.5804131302106902,-0.2719737155253424,-0.03299305645306125,0.008907176341607478,0.003243787108204387,5.0
0.3116623324664931,2.6565362848608824,0.9834493481614811,-0.5805974435117554,-0.27191485243286073,-0.032923729365097354,0.008904349696077153,0.0032377109119315016,5.0
0.3126625325065011,2.656191125378059,0.983506613646668,-0.5807815671113069,-0.2718559620918609,-0.032854478402323105,0.008901497426878754,0.0032316442824149518,5.0
0.3136627325465091,2.6558461371411926,0.9835637656536895,-0.5809655010500137,-0.2717970447654576,-0.032785303523726904,0.00889861964423878,0.003225587216656607,5.0
0.3146629325865171,2.655501319871035,0.98362080433223,-0.5811492453686391,-0.27173810071609644,-0.03271620468809153,0.008895716458105211,0.003219539711540701,5.0
0.3156631326265251,2.655156673288973,0.9836777298316054,-0.5813328001080388,-0.27167913020555606,-0.032647181853996274,0.00889278797814776,0.0032135017638347573,5.0
0.3166633326665331,2.654812197117025,0.9837345423007663,-0.5815161653091623,-0.27162013349494857,-0.032578234979818974,0.008889834313758106,0.003207473370190526,5.0
0.31766353270654113,2.6544678910778408,0.983791241888297,-0.5816993410130512,-0.27156111084471996,-0.032509364023738156,0.008886855574050096,0.003201454527144871,5.0
0.31866373274654913,2.654123754894696,0.9838478287424189,-0.58188232726084,-0.2715020625146519,-0.032440568943735135,0.008883851867860016,0.003195445231120724,5.0
0.31966393278655714,2.65377978829149,0.9839043030109931,-0.5820651240937549,-0.27144298876386186,-0.03237184969759608,0.008880823303746812,0.003189445478427936,5.0
0.32066413282656514,2.6534359909927447,0.9839606648415189,-0.5822477315531133,-0.27138388985080353,-0.032303206242914016,0.008877769989992339,0.003183455265264247,5.0
0.32166433286657314,2.6530923627235983,0.984016914381137,-0.5824301496803248,-0.2713247660332688,-0.03223463853709093,0.008874692034601608,0.0031774745877161583,5.0
0.32266453290658115,2.6527489032098055,0.9840730517766323,-0.5826123785168896,-0.27126561756838785,-0.03216614653733975,0.008871589545303078,0.0031715034417598336,5.0
0.32366473294658915,2.652405612177734,0.9841290771744335,-0.582794418104399,-0.27120644471263,-0.03209773020068646,0.00886846262954885,0.0031655418232620046,5.0
0.32466493298659715,2.65206248935436,0.9841849907206158,-0.5829762684845337,-0.2711472477218046,-0.03202938948397206,0.008865311394514932,0.0031595897279808466,5.0
0.32566513302660516,2.6517195344672664,0.984240792560901,-0.583157929699065,-0.2710880268510621,-0.03196112434385454,0.008862135947101522,0.00315364715156686,5.0
0.32666533306661316,2.65137674724464,0.9842964828406626,-0.5833394017898532,-0.2710287823548942,-0.031892934736810964,0.008858936393933259,0.003147714089563771,5.0
0.32766553310662117,2.6510341274152687,0.9843520617049238,-0.5835206847988491,-0.27096951448713613,-0.03182482061913937,0.0088557128413595,0.0031417905374094,5.0
0.32866573314662917,2.6506916747085403,0.9844075292983598,-0.5837017787680918,-0.270910223500966,-0.03175678194696075,0.008852465395454564,0.0031358764904365595,5.0
0.3296659331866372,2.650349388854435,0.9844628857652995,-0.5838826837397091,-0.2708509096489061,-0.03168881867622109,0.008849194162018034,0.003129971943873902,5.0
0.3306661332266452,2.6500072695835284,0.9845181312497282,-0.5840633997559169,-0.27079157318282443,-0.03162093076269325,0.008845899246575011,0.003124076892846791,5.0
0.3316663332666532,2.649665316626984,0.9845732658952886,-0.5842439268590203,-0.2707322143539346,-0.03155311816197892,0.008842580754376397,0.00311819133237817,5.0
0.3326665333066612,2.6493235297165523,0.9846282898452816,-0.5844242650914113,-0.27067283341279713,-0.03148538082951059,0.008839238790399167,0.0031123152573894254,5.0
0.3336667333466692,2.64898190858457,0.9846832032426688,-0.5846044144955698,-0.27061343060932097,-0.031417718720553434,0.008835873459346647,0.0031064486627012246,5.0
0.3346669333866772,2.6486404529639533,0.9847380062300721,-0.5847843751140618,-0.2705540061927624,-0.03135013179020718,0.00883248486564878,0.0031005915430343646,5.0
0.3356671334266852,2.6482991625881986,0.9847926989497789,-0.584964146989542,-0.27049456041172865,-0.03128261999340823,0.008829073113462468,0.0030947438930106715,5.0
0.3366673334666932,2.6479580371913776,0.9848472815437386,-0.5851437301647502,-0.27043509351417633,-0.031215183284931197,0.008825638306671811,0.003088905707153773,5.0
0.3376675335067012,2.6476170765081353,0.9849017541535692,-0.5853231246825129,-0.27037560574741343,-0.031147821619391072,0.008822180548888425,0.0030830769798899918,5.0
0.3386677335467092,2.6472762802736867,0.984956116920557,-0.5855023305857436,-0.2703160973581008,-0.031080534951245038,0.008818699943451719,0.003077257705549154,5.0
0.3396679335867172,2.646935648223817,0.9850103699856544,-0.5856813479174401,-0.2702565685922515,-0.031013323234794235,0.008815196593429183,0.0030714478783654335,5.0
0.3406681336267252,2.646595180094874,0.9850645134894876,-0.5858601767206856,-0.2701970196952326,-0.030946186424185677,0.008811670601616726,0.003065647492478187,5.0
0.3416683336667332,2.6462548756237694,0.9851185475723536,-0.5860388170386498,-0.2701374509117663,-0.030879124473414125,0.00880812207053894,0.003059856541932765,5.0
0.3426685337067412,2.645914734547974,0.985172472374225,-0.5862172689145861,-0.2700778624859304,-0.0308121373363239,0.008804551102449409,0.003054075020681324,5.0
0.3436687337467492,2.6455747566055154,0.9852262880347479,-0.586395532391834,-0.2700182546611593,-0.030745224966610637,0.008800957799331014,0.0030483029225836537,5.0
0.3446689337867572,2.6452349415349774,0.985279994693246,-0.5865736075138146,-0.2699586276802445,-0.030678387317823158,0.008797342262896236,0.0030425402414079946,5.0
0.34566913382676523,2.644895289075493,0.9853335924887214,-0.5867514943240355,-0.26989898178533617,-0.030611624343365305,0.008793704594587476,0.003036786970831826,5.0
0.34666933386677323,2.644555798966746,0.9853870815598555,-0.5869291928660872,-0.26983931721794363,-0.030544935996497647,0.008790044895577347,0.0030310431044426973,5.0
0.34766953390678124,2.644216470948967,0.9854404620450116,-0.5871067031836432,-0.2697796342189364,-0.03047832223033932,0.008786363266769022,0.0030253086357390053,5.0
0.34866973394678924,2.643877304762929,0.9854937340822352,-0.5872840253204614,-0.26971993302854524,-0.03041178299786982,0.00878265980879652,0.0030195835581308113,5.0
0.34966993398679724,2.643538300149948,0.9855468978092573,-0.587461159320381,-0.26966021388636247,-0.03034531825193066,0.008778934622025008,0.003013867864940603,5.0
0.35067013402680525,2.6431994568518773,0.9855999533634917,-0.5876381052273262,-0.26960047703134377,-0.030278927945227265,0.00877518780655117,0.0030081615494041355,5.0
0.35167033406681325,2.6428607746111066,0.9856529008820439,-0.5878148630853015,-0.26954072270180834,-0.030212612030330613,0.008771419462203492,0.00300246460467116,5.0
0.35267053410682125,2.6425222531705588,0.9857057405017028,-0.5879914329383945,-0.2694809511354402,-0.03014637045967898,0.008767629688542576,0.0029967770238062416,5.0
0.35367073414682926,2.6421838922736876,0.9857584723589518,-0.5881678148307751,-0.26942116256928883,-0.030080203185579697,0.008763818584861497,0.00299109879978952,5.0
0.35467093418683726,2.6418456916644755,0.9858110965899625,-0.5883440088066944,-0.2693613572397703,-0.030014110160210813,0.008759986250186095,0.002985429925517471,5.0
0.35567113422684526,2.6415076510874296,0.9858636133306015,-0.5885200149104851,-0.26930153538266827,-0.02994809133562292,0.008756132783275326,0.0029797703938037098,5.0
0.35667133426685327,2.6411697702875805,0.9859160227164286,-0.5886958331865603,-0.26924169723313446,-0.02988214666374066,0.008752258282621592,0.0029741201973797304,5.0
0.35767153430686127,2.6408320490104797,0.9859683248826998,-0.5888714636794156,-0.26918184302569037,-0.029816276096364554,0.00874836284645108,0.00296847932889569,5.0
0.3586717343468693,2.6404944870021967,0.9860205199643695,-0.5890469064336262,-0.2691219729942273,-0.029750479585172625,0.008744446572724072,0.0029628477809211322,5.0
0.3596719343868773,2.640157084009316,0.986072608096088,-0.5892221614938483,-0.2690620873720082,-0.029684757081722052,0.008740509559135292,0.0029572255459457695,5.0
0.3606721344268853,2.639819839778936,0.9861245894122078,-0.5893972289048174,-0.26900218639166745,-0.029619108537450815,0.008736551903114256,0.0029516126163802426,5.0
0.3616723344668933,2.6394827540586636,0.9861764640467825,-0.5895721087113502,-0.26894227028521295,-0.02955353390367941,0.008732573701825605,0.0029460089845568405,5.0
0.3626725345069013,2.639145826596615,0.9862282321335681,-0.5897468009583428,-0.2688823392840265,-0.029488033131612426,0.008728575052169433,0.0029404146427302576,5.0
0.3636727345469093,2.638809057141411,0.9862798938060252,-0.5899213056907705,-0.2688223936188646,-0.02942260617234015,0.00872455605078166,0.002934829583078333,5.0
0.3646729345869173,2.6384724454421753,0.9863314491973193,-0.5900956229536882,-0.26876243351985996,-0.029357252976840175,0.00872051679403435,0.002929253797702788,5.0
0.3656731346269253,2.638135991248533,0.9863828984403243,-0.5902697527922298,-0.26870245921652136,-0.029291973495979118,0.008716457378036056,0.0029236872786299536,5.0
0.3666733346669333,2.6377996943106066,0.9864342416676212,-0.5904436952516083,-0.2686424709377359,-0.02922676768051412,0.008712377898632181,0.0029181300178115115,5.0
0.3676735347069413,2.6374635543790124,0.9864854790115013,-0.5906174503771151,-0.2685824689117692,-0.02916163548109449,0.008708278451405342,0.002912582007125204,5.0
0.3686737347469493,2.6371275712048616,0.9865366106039677,-0.59079101821412,-0.2685224533662663,-0.029096576848263143,0.008704159131675694,0.0029070432383755556,5.0
0.3696739347869573,2.636791744539755,0.986587636576735,-0.5909643988080712,-0.26846242452825314,-0.029031591732458364,0.008700020034501313,0.0029015137032946153,5.0
0.3706741348269653,2.6364560741357823,0.9866385570612316,-0.5911375922044951,-0.2684023826241369,-0.028966680084015234,0.008695861254678548,0.002895993393542656,5.0
0.3716743348669733,2.6361205597455175,0.9866893721886016,-0.5913105984489954,-0.26834232787970713,-0.02890184185316719,0.008691682886742332,0.002890482300708855,5.0
0.3726745349069813,2.635785201122019,0.9867400820897057,-0.5914834175872529,-0.2682822605201367,-0.028837076990047637,0.008687485024966581,0.0028849804163120656,5.0
0.37367473494698933,2.6354499980188244,0.9867906868951234,-0.5916560496650283,-0.2682221807699834,-0.02877238544469145,0.008683267763364599,0.0028794877318014823,5.0
0.37467493498699733,2.6351149501899513,0.9868411867351514,-0.5918284947281566,-0.26816208885318976,-0.028707767167036356,0.008679031195689359,0.002874004238557344,5.0
0.37567513502700534,2.634780057389892,0.986891581739808,-0.5920007528225509,-0.26810198499308474,-0.028643222106924646,0.008674775415433917,0.002868529927891625,5.0
0.37667533506701334,2.6344453193736137,0.9869418720388341,-0.5921728239942022,-0.2680418694123848,-0.028578750214104574,0.008670500515831774,0.0028630647910487662,5.0
0.37767553510702134,2.634110735896554,0.9869920577616917,-0.5923447082891764,-0.267981742333194,-0.028514351438231843,0.008666206589857206,0.0028576088192063015,5.0
0.37867573514702935,2.6337763067146183,0.9870421390375697,-0.5925164057536164,-0.2679216039770061,-0.028450025728871096,0.00866189373022569,0.002852162003475616,5.0
0.37967593518703735,2.63344203158418,0.9870921159953815,-0.5926879164337421,-0.26786145456470456,-0.028385773035497424,0.00865756202939425,0.0028467243349025733,5.0
0.38067613522704535,2.6331079102620762,0.9871419887637681,-0.5928592403758485,-0.2678012943165641,-0.028321593307497766,0.008653211579561821,0.0028412958044682383,5.0
0.38167633526705336,2.632773942505606,0.9871917574710986,-0.5930303776263068,-0.2677411234522516,-0.02825748649417235,0.008648842472669655,0.002835876403089538,5.0
0.38267653530706136,2.632440128072527,0.9872414222454722,-0.593201328231565,-0.2676809421908269,-0.0281934525447363,0.008644454800401694,0.0028304661216199405,5.0
0.38367673534706936,2.632106466721055,0.9872909832147183,-0.5933720922381451,-0.2676207507507437,-0.02812949140832085,0.008640048654184908,0.002825064950850114,5.0
0.38467693538707737,2.63177295820986,0.9873404405063991,-0.5935426696926447,-0.2675605493498506,-0.02806560303397484,0.008635624125189714,0.0028196728815086058,5.0
0.38567713542708537,2.6314396022980637,0.9873897942478093,-0.5937130606417377,-0.2675003382053923,-0.028001787370666185,0.00863118130433036,0.002814289904262499,5.0
0.3866773354670934,2.6311063987452403,0.9874390445659808,-0.5938832651321713,-0.26744011753401,-0.027938044367283237,0.00862672028226527,0.0028089160097180656,5.0
0.3876775355071014,2.63077334731141,0.9874881915876781,-0.5940532832107692,-0.267379887551743,-0.027874373972636195,0.008622241149397455,0.0028035511884214382,5.0
0.3886777355471094,2.6304404477570387,0.9875372354394062,-0.5942231149244289,-0.2673196484740297,-0.027810776135458494,0.008617743995874942,0.0027981954308592804,5.0
0.3896779355871174,2.630107699843037,0.9875861762474069,-0.594392760320123,-0.26725940051570796,-0.027747250804408128,0.008613228911591116,0.0027928487274594153,5.0
0.3906781356271254,2.629775103330756,0.9876350141376609,-0.5945622194448987,-0.2671991438910166,-0.02768379792806913,0.008608695986185107,0.0027875110685914874,5.0
0.3916783356671334,2.6294426579819854,0.9876837492358908,-0.5947314923458761,-0.2671388788135958,-0.027620417454952764,0.008604145309042209,0.002782182444567581,5.0
0.3926785357071414,2.6291103635589512,0.9877323816675626,-0.5949005790702506,-0.2670786054964892,-0.027557109333499002,0.008599576969294257,0.002776862845642895,5.0
0.3936787357471494,2.6287782198243144,0.9877809115578832,-0.595069479665291,-0.2670183241521434,-0.027493873512077834,0.008594991055820041,0.002771552262016364,5.0
0.3946789357871574,2.628446226541169,0.9878293390318067,-0.5952381941783415,-0.2669580349924104,-0.027430709938990546,0.008590387657245705,0.002766250683831316,5.0
0.3956791358271654,2.6281143834730383,0.9878776642140299,-0.5954067226568175,-0.2668977382285473,-0.02736761856247109,0.008585766861945142,0.0027609581011760792,5.0
0.3966793358671734,2.6277826903838744,0.9879258872289984,-0.5955750651482097,-0.2668374340712182,-0.027304599330687383,0.008581128758040365,0.0027556745040846005,5.0
0.3976795359071814,2.627451147038053,0.9879740082009069,-0.5957432217000816,-0.26677712273049475,-0.02724165219174259,0.008576473433401942,0.0027503998825371147,5.0
0.3986797359471894,2.627119753200375,0.9880220272536968,-0.59591119236007,-0.26671680441585693,-0.0271787770936764,0.008571800975649397,0.002745134226460729,5.0
0.3996799359871974,2.6267885086360625,0.9880699445110626,-0.5960789771758847,-0.26665647933619496,-0.02711597398446642,0.008567111472151615,0.002739877525730056,5.0
0.4006801360272054,2.626457413110756,0.9881177600964492,-0.5962465761953092,-0.2665961476998092,-0.02705324281202926,0.00856240501002726,0.00273462977016784,5.0
0.40168033606721343,2.6261264663905153,0.9881654741330537,-0.5964139894661991,-0.26653580971441165,-0.026990583524221918,0.008557681676145155,0.0027293909495455645,5.0
0.40268053610722143,2.625795668241813,0.9882130867438287,-0.596581217036483,-0.26647546558712715,-0.026927996068843062,0.008552941557124723,0.0027241610535840583,5.0
0.40368073614722944,2.6254650184315347,0.9882605980514797,-0.5967482589541626,-0.2664151155244932,-0.026865480393634185,0.008548184739336398,0.0027189400719541145,5.0
0.40468093618723744,2.6251345167269773,0.9883080081784713,-0.5969151152673121,-0.2663547597324634,-0.026803036446280862,0.008543411308902028,0.0027137279942770764,5.0
0.40568113622724544,2.624804162895846,0.9883553172470235,-0.5970817860240781,-0.2662943984164055,-0.026740664174413984,0.0085386213516953,0.00270852481012546,5.0
0.40668133626725345,2.6244739567062534,0.9884025253791159,-0.597248271272679,-0.26623403178110433,-0.026678363525610985,0.008533814953342116,0.002703330509023521,5.0
0.40768153630726145,2.624143897926716,0.9884496326964869,-0.5974145710614055,-0.26617366003076215,-0.026616134447397046,0.008528992199221081,0.0026981450804478783,5.0
0.40868173634726945,2.623813986326153,0.9884966393206355,-0.5975806854386215,-0.26611328336899986,-0.026553976887246304,0.008524153174463893,0.0026929685138280994,5.0
0.40968193638727746,2.6234842216738827,0.9885435453728233,-0.5977466144527627,-0.2660529019988577,-0.026491890792582986,0.008519297963955733,0.0026878007985472897,5.0
0.41068213642728546,2.6231546037396236,0.9885903509740744,-0.597912358152335,-0.26599251612279623,-0.02642987611078264,0.00851442665233573,0.0026826419239426576,5.0
0.41168233646729346,2.6228251322934897,0.9886370562451776,-0.5980779165859182,-0.26593212594269783,-0.026367932789173307,0.008509539323997357,0.002677491879306116,5.0
0.41268253650730147,2.622495807105988,0.9886836613066874,-0.598243289802163,-0.2658717316598672,-0.026306060775036673,0.008504636063088865,0.0026723506538848447,5.0
0.41368273654730947,2.6221666279480202,0.9887301662789211,-0.5984084778497917,-0.2658113334750322,-0.026244260015609176,0.008499716953513736,0.002667218236881897,5.0
0.4146829365873175,2.6218375945908767,0.9887765712819684,-0.598573480777598,-0.26575093158834545,-0.026182530458083227,0.008494782078931047,0.002662094617456734,5.0
0.4156831366273255,2.6215087068062353,0.9888228764356839,-0.5987382986344478,-0.2656905261993849,-0.02612087204960832,0.008489831522755972,0.002656979784725823,5.0
0.4166833366673335,2.621179964366162,0.9888690818596921,-0.5989029314692779,-0.26563011750715504,-0.02605928473729212,0.008484865368160188,0.0026518737277631886,5.0
0.4176835367073415,2.6208513670431057,0.9889151876733893,-0.5990673793310961,-0.2655697057100873,-0.025997768468201583,0.00847988369807226,0.0026467764356009906,5.0
0.4186837367473495,2.6205229146098983,0.9889611939959425,-0.5992316422689822,-0.2655092910060424,-0.025936323189364154,0.008474886595178168,0.0026416878972300604,5.0
0.4196839367873575,2.62019460683975,0.9890071009462913,-0.599395720332087,-0.2654488735923097,-0.025874948847768676,0.008469874141921647,0.0026366081016004745,5.0
0.4206841368273655,2.619866443506252,0.9890529086431491,-0.5995596135696318,-0.2653884536656091,-0.025813645390366718,0.008464846420504686,0.0026315370376220923,5.0
0.4216843368673735,2.619538424383371,0.989098617205005,-0.5997233220309103,-0.26532803142209227,-0.025752412764073456,0.008459803512887927,0.0026264746941651296,5.0
0.4226845369073815,2.619210549245448,0.9891442267501229,-0.5998868457652853,-0.2652676070573427,-0.025691250915768894,0.00845474550079107,0.0026214210600606666,5.0
0.4236847369473895,2.618882817867196,0.9891897373965437,-0.6000501848221917,-0.2652071807663775,-0.025630159792298827,0.008449672465693395,0.002616376124101221,5.0
0.4246849369873975,2.618555230023698,0.9892351492620864,-0.6002133392511357,-0.2651467527436483,-0.025569139340475923,0.008444584488834155,0.002611339875041295,5.0
0.4256851370274055,2.618227785490408,0.9892804624643483,-0.6003763091016928,-0.2650863231830418,-0.02550818950708081,0.008439481651213016,0.002606312301597887,5.0
0.4266853370674135,2.617900484043145,0.9893256771207072,-0.6005390944235101,-0.2650258922778811,-0.02544731023886304,0.008434364033590483,0.002601293392451038,5.0
0.4276855371074215,2.617573325458092,0.9893707933483205,-0.6007016952663055,-0.2649654602209268,-0.02538650148254221,0.00842923171648838,0.002596283136244353,5.0
0.4286857371474295,2.6172463095117977,0.9894158112641301,-0.6008641116798672,-0.2649050272043773,-0.025325763184808878,0.008424084780190267,0.0025912815215855377,5.0
0.4296859371874375,2.6169194359811696,0.9894607309848584,-0.6010263437140534,-0.2648445934198711,-0.02526509529232567,0.008418923304741843,0.002586288537046905,5.0
0.43068613722744553,2.6165927046434745,0.9895055526270135,-0.6011883914187945,-0.2647841590584866,-0.025204497751728314,0.008413747369951494,0.002581304171165922,5.0
0.43168633726745353,2.616266115276338,0.9895502763068866,-0.6013502548440897,-0.2647237243107433,-0.025143970509626426,0.008408557055390621,0.0025763284124457075,5.0
0.43268653730746154,2.6159396676577393,0.9895949021405561,-0.6015119340400092,-0.26466328936660327,-0.02508351351260472,0.008403352440394172,0.0025713612493555335,5.0
0.43368673734746954,2.6156133615660124,0.989639430243887,-0.6016734290566936,-0.26460285441547177,-0.02502312670722393,0.008398133604061046,0.0025664026703313765,5.0
0.43468693738747755,2.615287196779843,0.9896838607325327,-0.6018347399443541,-0.2645424196461983,-0.02496281004002173,0.008392900625254529,0.00256145266377638,5.0
0.43568713742748555,2.6149611730782656,0.9897281937219335,-0.601995866753272,-0.26448198524707767,-0.024902563457513675,0.008387653582602775,0.002556511218061376,5.0
0.43668733746749355,2.6146352902406638,0.9897724293273222,-0.6021568095337981,-0.26442155140585083,-0.024842386906194325,0.008382392554499222,0.002551578321525384,5.0
0.43768753750750156,2.6143095480467675,0.9898165676637204,-0.6023175683363553,-0.26436111830970593,-0.024782280332538,0.008377117619103069,0.0025466539624761256,5.0
0.43868773754750956,2.61398394627665,0.9898606088459426,-0.602478143211434,-0.26430068614527963,-0.02472224368299976,0.008371828854339687,0.0025417381291904725,5.0
0.43968793758751756,2.613658484710728,0.9899045529885953,-0.6026385342095967,-0.2642402550986574,-0.02466227690401644,0.008366526337901092,0.0025368308099149666,5.0
0.44068813762752557,2.613333163129758,0.9899484002060791,-0.6027987413814758,-0.26417982535537504,-0.024602379942007452,0.00836121014724638,0.002531931992866312,5.0
0.44168833766753357,2.6130079813148366,0.9899921506125889,-0.602958764777774,-0.26411939710041993,-0.02454255274337581,0.008355880359602197,0.0025270416662318395,5.0
0.4426885377075416,2.6126829390473962,0.9900358043221164,-0.6031186044492628,-0.2640589705182309,-0.024482795254508898,0.00835053705196318,0.002522159818170006,5.0
0.4436887377475496,2.612358036109207,0.9900793614484469,-0.6032782604467846,-0.2639985457927002,-0.02442310742177947,0.008345180301092384,0.0025172864368108484,5.0
0.4446889377875576,2.61203327228237,0.9901228221051671,-0.6034377328212527,-0.2639381231071747,-0.024363489191546583,0.008339810183521784,0.0025124215102564863,5.0
0.4456891378275656,2.6117086473493183,0.9901661864056591,-0.6035970216236489,-0.26387770264445587,-0.024303940510156292,0.008334426775552675,0.0025075650265815675,5.0
0.4466893378675736,2.611384161092817,0.9902094544631052,-0.6037561269050261,-0.26381728458680137,-0.024244461323942715,0.008329030153256136,0.00250271697383374,5.0
0.4476895379075816,2.6110598132959573,0.9902526263904889,-0.6039150487165066,-0.2637568691159261,-0.024185051579228813,0.008323620392473492,0.0024978773400341063,5.0
0.4486897379475896,2.6107356037421585,0.990295702300594,-0.6040737871092832,-0.2636964564130031,-0.024125711222327276,0.008318197568816741,0.0024930461131776986,5.0
0.4496899379875976,2.6104115322151635,0.9903386823060064,-0.604232342134618,-0.2636360466586641,-0.02406644019954136,0.008312761757669011,0.0024882232812339007,5.0
0.4506901380276056,2.6100875984990393,0.9903815665191148,-0.6043907138438431,-0.2635756400330008,-0.02400723845716575,0.008307313034185016,0.00248340883214695,5.0
0.4516903380676136,2.609763802378172,0.990424355052113,-0.604548902288361,-0.2635152367155666,-0.02394810594148739,0.008301851473291516,0.0024786027538363535,5.0
0.4526905381076216,2.609440143637269,0.9904670480169984,-0.604706907519644,-0.2634548368853763,-0.023889042598786294,0.008296377149687768,0.002473805034197351,5.0
0.4536907381476296,2.609116622061355,0.9905096455255756,-0.6048647295892342,-0.2633944407209078,-0.023830048375336393,0.008290890137845959,0.0024690156611013436,5.0
0.4546909381876376,2.6087932374357714,0.9905521476894543,-0.6050223685487436,-0.26333404840010316,-0.023771123217406327,0.008285390512011673,0.0024642346223963537,5.0
0.4556911382276456,2.6084699895461725,0.9905945546200531,-0.6051798244498541,-0.2632736601003692,-0.023712267071260274,0.008279878346204344,0.002459461905907435,5.0
0.4566913382676536,2.6081468781785255,0.9906368664285982,-0.605337097344318,-0.2632132759985785,-0.02365347988315872,0.008274353714217678,0.0024546974994371236,5.0
0.4576915383076616,2.6078239031191086,0.990679083226126,-0.6054941872839573,-0.26315289627107097,-0.023594761599359266,0.008268816689620161,0.0024499413907658743,5.0
0.45869173834766963,2.60750106415451,0.9907212051234827,-0.6056510943206632,-0.26309252109365383,-0.02353611216611742,0.008263267345755445,0.002445193567652454,5.0
0.45969193838767763,2.607178361071624,0.9907632322313256,-0.605807818506398,-0.26303215064160385,-0.023477531529687415,0.008257705755742833,0.0024404540178344005,5.0
0.46069213842768564,2.606855793657651,0.9908051646601236,-0.6059643598931932,-0.2629717850896668,-0.023419019636322865,0.008252131992477735,0.0024357227290284253,5.0
0.46169233846769364,2.6065333617000954,0.9908470025201604,-0.6061207185331514,-0.26291142461206,-0.023360576432277617,0.008246546128632109,0.0024309996889308304,5.0
0.46269253850770165,2.6062110649867645,0.9908887459215314,-0.6062768944784435,-0.26285106938247227,-0.023302201863806472,0.008240948236654897,0.0024262848852179345,5.0
0.46369273854770965,2.605888903305766,0.9909303949741481,-0.6064328877813114,-0.26279071957406464,-0.023243895877165976,0.008235338388772497,0.0024215783055464555,5.0
0.46469293858771765,2.6055668764455064,0.9909719497877368,-0.6065886984940669,-0.2627303753594725,-0.02318565841861511,0.008229716656989183,0.002416879937553937,5.0
0.46569313862772566,2.605244984194689,0.9910134104718408,-0.6067443266690921,-0.26267003691080604,-0.02312748943441608,0.008224083113087607,0.002412189768859165,5.0
0.46669333866773366,2.6049232263423145,0.9910547771358201,-0.6068997723588386,-0.2626097043996504,-0.023069388870834963,0.00821843782862919,0.002407507787062538,5.0
0.46769353870774166,2.604601602677676,0.9910960498888536,-0.6070550356158282,-0.26254937799706757,-0.0230113566741425,0.008212780874954605,0.0024028339797464823,5.0
0.46869373874774967,2.604280112990358,0.9911372288399389,-0.6072101164926529,-0.2624890578735974,-0.0229533927906148,0.008207112323184223,0.002398168334475844,5.0
0.46969393878775767,2.6039587570702385,0.9911783140978937,-0.607365015041975,-0.2624287441992583,-0.02289549716653397,0.008201432244218558,0.0023935108387982845,5.0
0.4706941388277657,2.6036375347074827,0.9912193057713553,-0.6075197313165273,-0.262368437143548,-0.022837669748188905,0.008195740708738707,0.0023888614802446578,5.0
0.4716943388677737,2.6033164456925437,0.9912602039687843,-0.6076742653691116,-0.26230813687544474,-0.022779910481875967,0.0081900377872068,0.002384220246329398,5.0
0.4726945389077817,2.6029954898161605,0.991301008798463,-0.6078286172526012,-0.26224784356340824,-0.022722219313899627,0.008184323549866446,0.0023795871245509232,5.0
0.4736947389477897,2.6026746668693557,0.9913417203684968,-0.6079827870199387,-0.2621875573753805,-0.0226645961905732,0.008178598066743188,0.002374962102391969,5.0
0.4746949389877977,2.6023539766434345,0.9913823387868151,-0.6081367747241374,-0.26212727847878714,-0.022607041058219486,0.008172861407644932,0.002370345167320006,5.0
0.4756951390278057,2.602033418929984,0.9914228641611729,-0.6082905804182811,-0.2620670070405376,-0.022549553863171437,0.008167113642162436,0.0023657363067875977,5.0
0.4766953390678137,2.6017129935208696,0.9914632965991502,-0.6084442041555236,-0.26200674322702733,-0.02249213455177277,0.008161354839669682,0.002361135508232761,5.0
0.4776955391078217,2.6013927002082347,0.9915036362081544,-0.6085976459890886,-0.26194648720413727,-0.02243478307037874,0.008155585069324373,0.002356542759079341,5.0
0.4786957391478297,2.6010725387844986,0.9915438830954203,-0.6087509059722712,-0.26188623913723624,-0.0223774993653567,0.00814980440006838,0.00235195804673737,5.0
0.4796959391878377,2.6007525090423553,0.9915840373680103,-0.6089039841584365,-0.26182599919118077,-0.022320283383086736,0.008144012900628156,0.0023473813586034524,5.0
0.4806961392278457,2.6004326107747717,0.9916240991328159,-0.6090568806010197,-0.2617657675303164,-0.022263135069962303,0.00813821063951519,0.002342812682061078,5.0
0.4816963392678537,2.600112843774985,0.9916640684965594,-0.6092095953535277,-0.26170554431847914,-0.022206054372390954,0.00813239768502647,0.0023382520044810274,5.0
0.4826965393078617,2.599793207836505,0.9917039455657934,-0.6093621284695369,-0.26164532971899596,-0.022149041236794814,0.008126574105244888,0.0023336993132216646,5.0
0.4836967393478697,2.599473702753106,0.9917437304469016,-0.6095144800026944,-0.2615851238946857,-0.02209209560961126,0.008120739968039681,0.00232915459562934,5.0
0.4846969393878777,2.5991543283188325,0.9917834232461001,-0.6096666500067176,-0.2615249270078595,-0.02203521743729358,0.008114895341066896,0.0023246178390386963,5.0
0.4856971394278857,2.598835084327991,0.9918230240694391,-0.6098186385353958,-0.2614647392203234,-0.021978406666311533,0.00810904029176982,0.0023200890307730547,5.0
0.48669733946789373,2.598515970575153,0.9918625330228017,-0.6099704456425881,-0.26140456069337764,-0.021921663243151906,0.00810317488737943,0.0023155681581447135,5.0
0.48769753950790173,2.598196986855153,0.9919019502119062,-0.610122071382225,-0.2613443915878183,-0.021864987114319175,0.008097299194914802,0.0023110552084553175,5.0
0.48869773954790974,2.5978781329630833,0.9919412757423056,-0.6102735158083075,-0.2612842320639382,-0.02180837822633603,0.008091413281183565,0.002306550168996163,5.0
0.48969793958791774,2.597559408694298,0.9919805097193899,-0.6104247789749067,-0.2612240822815275,-0.021751836525744046,0.0080855172127823,0.002302053027048554,5.0
0.49069813962792574,2.597240813844406,0.9920196522483861,-0.6105758609361654,-0.2611639423998754,-0.021695361959104185,0.008079611056097018,0.0022975637698841086,5.0
0.49169833966793375,2.5969223482092736,0.99205870343436,-0.6107267617462981,-0.2611038125777702,-0.021638954472997435,0.00807369487730358,0.002293082384765101,5.0
0.49269853970794175,2.5966040115850215,0.9920976633822141,-0.6108774814595885,-0.26104369297350116,-0.02158261401402525,0.008067768742368125,0.0022886088589447857,5.0
0.49369873974794976,2.5962858037680236,0.9921365321966907,-0.6110280201303924,-0.2609835837448583,-0.021526340528810268,0.008061832717047484,0.002284143179667707,5.0
0.49469893978795776,2.5959677245549035,0.9921753099823745,-0.6111783778131364,-0.26092348504913415,-0.02147013396399675,0.00805588686688962,0.002279685334170034,5.0
0.49569913982796576,2.595649773742536,0.9922139968436884,-0.6113285545623184,-0.2608633970431249,-0.021413994266251204,0.00804993125723408,0.0022752353096798556,5.0
0.49669933986797377,2.595331951128044,0.9922525928848974,-0.6114785504325068,-0.2608033198831302,-0.021357921382262876,0.008043965953212374,0.0022707930934175126,5.0
0.49769953990798177,2.5950142565087977,0.9922910982101112,-0.6116283654783422,-0.2607432537249554,-0.021301915258744357,0.00803799101974843,0.0022663586725958865,5.0
0.4986997399479898,2.594696689682412,0.9923295129232793,-0.6117779997545354,-0.26068319872391155,-0.021245975842432072,0.008032006521558988,0.002261932034420731,5.0
0.4996999399879978,2.5943792504467464,0.9923678371281975,-0.6119274533158691,-0.2606231550348168,-0.021190103080086873,0.008026012523154043,0.0022575131660909423,5.0
0.5007001400280058,2.5940619385999026,0.9924060709285062,-0.612076726217196,-0.26056312281199684,-0.021134296918494465,0.008020009088837253,0.0022531020547988997,5.0
0.5017003400680138,2.593744753940224,0.9924442144276906,-0.6122258185134424,-0.26050310220928696,-0.02107855730446611,0.00801399628270636,0.002248698687730748,5.0
0.5027005401080218,2.5934276962662937,0.9924822677290818,-0.6123747302596031,-0.26044309338003124,-0.021022884184838952,0.0080079741686536,0.002244303052066677,5.0
0.5037007401480298,2.5931107653769323,0.9925202309358577,-0.6125234615107457,-0.26038309647708485,-0.020967277506476655,0.008001942810366125,0.002239915134981252,5.0
0.5047009401880378,2.592793961071197,0.992558104151045,-0.6126720123220096,-0.2603231116528146,-0.02091173721626997,0.007995902271326384,0.0022355349236436828,5.0
0.5057011402280458,2.592477283148382,0.992595887477517,-0.6128203827486044,-0.2602631390590994,-0.020856263261137094,0.007989852614812566,0.00223116240521811,5.0
0.5067013402680538,2.5921607314080144,0.9926335810179979,-0.6129685728458106,-0.26020317884733185,-0.020800855588024282,0.007983793903898969,0.0022267975668639026,5.0
0.5077015403080618,2.5918443056498544,0.9926711848750606,-0.613116582668982,-0.2601432311684187,-0.020745514143906428,0.007977726201456422,0.002222440395735919,5.0
0.5087017403480698,2.5915280056738927,0.9927086991511282,-0.613264412273541,-0.26008329617278186,-0.020690238875787463,0.00797164957015267,0.002218090878984826,5.0
0.5097019403880778,2.591211831280351,0.9927461239484762,-0.6134120617149837,-0.26002337401035935,-0.02063502973070091,0.007965564072452788,0.002213749003757348,5.0
0.5107021404280858,2.590895782269679,0.9927834593692296,-0.6135595310488761,-0.25996346483060623,-0.02057988665571042,0.007959469770619551,0.0022094147571965718,5.0
0.5117023404680938,2.590579858442553,0.9928207055153695,-0.613706820330855,-0.25990356878249554,-0.020524809597910205,0.007953366726713842,0.002205088126442171,5.0
0.5127025405081018,2.590264059599877,0.9928578624887275,-0.6138539296166298,-0.2598436860145188,-0.02046979850442566,0.007947255002595022,0.002200769098630752,5.0
0.5137027405481098,2.589948385542778,0.9928949303909901,-0.6140008589619791,-0.25978381667468764,-0.020414853322413745,0.007941134659921321,0.0021964576608960373,5.0
0.5147029405881178,2.5896328360726057,0.9929319093236989,-0.6141476084227542,-0.2597239609105342,-0.02035997399906358,0.007935005760150216,0.002192153800369211,5.0
0.5157031406281258,2.5893174109909323,0.9929687993882499,-0.6142941780548763,-0.2596641188691117,-0.02030516048159693,0.007928868364538794,0.0021878575041791313,5.0
0.5167033406681338,2.589002110099552,0.9930056006858965,-0.6144405679143379,-0.25960429069699636,-0.020250412717268747,0.007922722534144147,0.0021835687594526326,5.0
0.5177035407081418,2.588686933200477,0.9930423133177468,-0.6145867780572025,-0.259544476540287,-0.020195730653367598,0.007916568329823705,0.0021792875533147554,5.0
0.5187037407481498,2.5883718800959366,0.9930789373847682,-0.6147328085396033,-0.2594846765446072,-0.020141114237216304,0.007910405812235614,0.0021750138728890145,5.0
0.5197039407881578,2.5880569505883786,0.9931154729877845,-0.6148786594177448,-0.2594248908551051,-0.020086563416172338,0.007904235041839083,0.0021707477052976634,5.0
0.5207041408281659,2.587742144480466,0.9931519202274803,-0.6150243307479016,-0.2593651196164554,-0.020032078137628466,0.007898056078894758,0.0021664890376619384,5.0
0.5217043408681739,2.5874274615750745,0.9931882792043977,-0.6151698225864185,-0.2593053629728588,-0.019977658349013157,0.007891868983465038,0.0021622378571023206,5.0
0.5227045409081819,2.5871129016752943,0.9932245500189395,-0.6153151349897106,-0.2592456210680443,-0.019923303997791218,0.007885673815414435,0.002157994150738779,5.0
0.5237047409481899,2.586798464584428,0.9932607327713696,-0.615460268014262,-0.25918589404526926,-0.01986901503146422,0.007879470634409906,0.0021537579056910166,5.0
0.5247049409881979,2.586484150105987,0.9932968275618119,-0.6156052217166276,-0.25912618204732046,-0.01981479139757114,0.00787325949992116,0.002149529109078735,5.0
0.5257051410282059,2.586169958043693,0.9933328344902542,-0.6157499961534312,-0.25906648521651493,-0.019760633043688865,0.007867040471221026,0.0021453077480218523,5.0
0.5267053410682139,2.585855888201476,0.9933687536565458,-0.6158945913813656,-0.25900680369470125,-0.01970653991743274,0.007860813607385723,0.00214109380964076,5.0
0.5277055411082219,2.5855419403834734,0.9934045851603986,-0.6160390074571918,-0.2589471376232597,-0.01965251196645713,0.007854578967295203,0.002136887281056585,5.0
0.5287057411482294,2.5852281143940283,0.9934403291013902,-0.6161832444377414,-0.25888748714310383,-0.019598549138456038,0.007848336609633449,0.0021326881493914074,5.0
0.5297059411882374,2.584914410037688,0.9934759855789611,-0.6163273023799127,-0.25882785239468076,-0.019544651381163586,0.007842086592888738,0.002128496401768492,5.0
0.5307061412282454,2.584600827119204,0.9935115546924174,-0.6164711813406722,-0.2587682335179722,-0.019490818642354697,0.007835828975353966,0.002124312025312539,5.0
0.5317063412682534,2.58428736544353,0.9935470365409313,-0.616614881377054,-0.25870863065249555,-0.019437050869845707,0.007829563815126903,0.0021201350071499035,5.0
0.5327065413082614,2.5839740248158214,0.9935824312235421,-0.6167584025461598,-0.25864904393730465,-0.019383348011494887,0.007823291170110488,0.002115965334408866,5.0
0.5337067413482695,2.5836608050414354,0.9936177388391537,-0.6169017449051568,-0.25858947351099076,-0.019329710015203144,0.00781701109801307,0.0021118029942198235,5.0
0.5347069413882775,2.583347705925926,0.9936529594865403,-0.6170449085112808,-0.25852991951168297,-0.019276136828914662,0.007810723656348689,0.0021076479737155533,5.0
0.5357071414282855,2.5830347272750473,0.9936880932643434,-0.6171878934218307,-0.25847038207704987,-0.019222628400617472,0.007804428902437302,0.002103500260031432,5.0
0.5367073414682935,2.5827218688947515,0.9937231402710726,-0.6173306996941722,-0.2584108613442996,-0.019169184678344216,0.007798126893405036,0.00209935984030567,5.0
0.5377075415083015,2.5824091305911856,0.993758100605107,-0.6174733273857356,-0.2583513574501809,-0.01911580561017276,0.0077918176861843744,0.0020952267016795265,5.0
0.5387077415483095,2.582096512170692,0.9937929743646963,-0.617615776554014,-0.2582918705309842,-0.01906249114422699,0.007785501337514421,0.0020911008312975636,5.0
0.5397079415883175,2.5817840134398073,0.9938277616479624,-0.6177580472565666,-0.258232400722543,-0.019009241228677434,0.0077791779039411086,0.0020869822163078608,5.0
0.5407081416283255,2.581471634205264,0.9938624625528948,-0.617900139551012,-0.2581729481602332,-0.01895605581174205,0.007772847441817338,0.0020828708438622484,5.0
0.5417083416683335,2.5811593742739847,0.9938970771773576,-0.6180420534950334,-0.2581135129789757,-0.018902934841687005,0.007766510007303228,0.002078766701116537,5.0
0.5427085417083415,2.580847233453085,0.9939316056190861,-0.6181837891463738,-0.25805409531323587,-0.018849878266827397,0.007760165656366251,0.002074669775230745,5.0
0.5437087417483495,2.580535211549871,0.9939660479756891,-0.6183253465628374,-0.2579946952970255,-0.01879688603552816,0.007753814444781403,0.002070580053369326,5.0
0.5447089417883575,2.5802233083718384,0.9940004043446488,-0.6184667258022877,-0.2579353130639031,-0.01874395809620484,0.0077474564281313305,0.002066497522701396,5.0
0.5457091418283655,2.5799115237266728,0.9940346748233201,-0.6186079269226458,-0.25787594874697434,-0.018691094397324456,0.007741091661806503,0.002062422170400971,5.0
0.5467093418683735,2.579599857422247,0.9940688595089362,-0.6187489499818926,-0.25781660247889443,-0.018638294887406422,0.007734720201005338,0.0020583539836472042,5.0
0.5477095419083815,2.579288309266624,0.994102958498602,-0.618889795038063,-0.25775727439186724,-0.01858555951502339,0.007728342100734257,0.0020542929496245995,5.0
0.5487097419483895,2.5789768790680507,0.9941369718893001,-0.6190304621492493,-0.25769796461764727,-0.018532888228802297,0.00772195741580783,0.0020502390555232485,5.0
0.5497099419883975,2.578665566634963,0.9941708997778876,-0.6191709513735972,-0.25763867328754037,-0.018480280977425267,0.007715566200848846,0.002046192288539092,5.0
0.5507101420284055,2.5783543717759807,0.994204742261101,-0.6193112627693064,-0.2575794005324043,-0.01842773770963069,0.007709168510288383,0.002042152635874131,5.0
0.5517103420684135,2.5780432942999094,0.9942384994355522,-0.6194513963946269,-0.2575201464826498,-0.018375258374214234,0.007702764398365816,0.0020381200847366656,5.0
0.5527105421084215,2.5777323340157383,0.9942721713977315,-0.6195913523078599,-0.2574609112682415,-0.018322842920029954,0.007696353919128895,0.0020340946223415405,5.0
0.5537107421484295,2.577421490732641,0.9943057582440089,-0.6197311305673558,-0.25740169501869886,-0.0182704912959914,0.007689937126433753,0.002030076235910394,5.0
0.5547109421884375,2.577110764259974,0.9943392600706326,-0.6198707312315118,-0.2573424978630971,-0.01821820345107284,0.007683514073944912,0.0020260649126719005,5.0
0.5557111422284455,2.5768001544072776,0.9943726769737293,-0.6200101543587709,-0.25728331993006776,-0.018165979334310422,0.007677084815135254,0.0020220606398620197,5.0
0.5567113422684535,2.576489660984273,0.9944060090493084,-0.6201494000076213,-0.2572241613478006,-0.018113818894803454,0.0076706494032859965,0.002018063404724257,5.0
0.5577115423084615,2.576179283800864,0.9944392563932574,-0.6202884682365922,-0.2571650222440431,-0.0180617220817157,0.007664207891486648,0.002014073194509914,5.0
0.5587117423484695,2.5758690226671352,0.9944724191013471,-0.6204273591042542,-0.2571059027461028,-0.018009688844276728,0.00765776033263492,0.002010089996478332,5.0
0.5597119423884775,2.5755588773933535,0.9945054972692285,-0.620566072669216,-0.2570468029808471,-0.01795771913178337,0.007651306779436646,0.0020061137978972013,5.0
0.5607121424284855,2.5752488477899655,0.9945384909924356,-0.6207046089901237,-0.25698772307470463,-0.017905812893601183,0.007644847284405655,0.002002144586042785,5.0
0.5617123424684936,2.5749389336675996,0.9945714003663843,-0.6208429681256552,-0.25692866315366686,-0.017853970079165886,0.007638381899863686,0.0019981823482002102,5.0
0.5627125425085016,2.574629134837064,0.9946042254863744,-0.6209811501345226,-0.2568696233432879,-0.01780219063798507,0.007631910677940173,0.001994227071663768,5.0
0.5637127425485096,2.574319451109347,0.9946369664475889,-0.6211191550754679,-0.25681060376868675,-0.017750474519639705,0.007625433670572163,0.0019902787437371854,5.0
0.5647129425885176,2.5740098822956154,0.9946696233450967,-0.6212569830072591,-0.25675160455454726,-0.017698821673785926,0.0076189509295040295,0.0019863373517339214,5.0
0.5657131426285256,2.5737004282072187,0.9947021962738489,-0.6213946339886892,-0.2566926258251194,-0.017647232050156763,0.00761246250628732,0.0019824028829774584,5.0
0.5667133426685336,2.573391088655685,0.9947346853286837,-0.6215321080785734,-0.2566336677042211,-0.017595705598564035,0.007605968452280495,0.0019784753248016304,5.0
0.5677135427085416,2.5730818634527233,0.9947670906043248,-0.6216694053357456,-0.2565747303152381,-0.017544242268900265,0.00759946881864865,0.0019745546645509268,5.0
0.5687137427485496,2.5727727524102217,0.9947994121953806,-0.6218065258190553,-0.2565158137811255,-0.017492842011140545,0.007592963656363259,0.001970640889580819,5.0
0.5697139427885576,2.5724637553402485,0.9948316501963477,-0.6219434695873655,-0.2564569182244093,-0.017441504775344795,0.007586453016201851,0.001966733987258087,5.0
0.5707141428285656,2.5721548720550533,0.9948638047016092,-0.6220802366995485,-0.2563980437671868,-0.01739023051165976,0.0075799369487476705,0.001962833944961178,5.0
0.5717143428685736,2.571846102367066,0.9948958758054361,-0.6222168272144833,-0.25633919053112836,-0.017339019170321317,0.007573415504389344,0.0019589407500805477,5.0
0.5727145429085816,2.5715374460888976,0.9949278636019877,-0.6223532411910504,-0.2562803586374777,-0.01728787070165675,0.007566888733320449,0.0019550543900190335,5.0
0.5737147429485896,2.57122890303334,0.9949597681853102,-0.6224894786881303,-0.25622154820705423,-0.017236785056087233,0.007560356685539133,0.0019511748521922143,5.0
0.5747149429885976,2.570920473013368,0.9949915896493415,-0.6226255397645981,-0.25616275936025334,-0.017185762184130253,0.007553819410847671,0.0019473021240288243,5.0
0.5757151430286056,2.570612155842138,0.9950233280879066,-0.6227614244793198,-0.25610399221704755,-0.017134802036402223,0.0075472769588519825,0.0019434361929711213,5.0
0.5767153430686136,2.570303951332989,0.9950549835947221,-0.6228971328911488,-0.25604524689698877,-0.01708390456362126,0.007540729378961153,0.001939577046475319,5.0
0.5777155431086216,2.5699958592994445,0.9950865562633937,-0.6230326650589197,-0.2559865235192083,-0.01703306971660992,0.007534176720386894,0.0019357246720119968,5.0
0.5787157431486296,2.569687879555212,0.995118046187419,-0.6231680210414456,-0.25592782220241894,-0.016982297446298138,0.00752761903214298,0.0019318790570665547,5.0
0.5797159431886376,2.5693800119141836,0.9951494534601854,-0.6233032008975123,-0.25586914306491604,-0.016931587703726308,0.007521056363044679,0.00192804018913968,5.0
0.5807161432286456,2.5690722561904384,0.995180778174974,-0.6234382046858747,-0.25581048622457947,-0.016880940440048363,0.007514488761708176,0.0019242080557477998,5.0
0.5817163432686536,2.5687646121982426,0.9952120204249566,-0.623573032465249,-0.255751851798874,-0.016830355606535032,0.007507916276549835,0.0019203826444235807,5.0
0.5827165433086616,2.5684570797520494,0.9952431803031978,-0.6237076842943093,-0.2556932399048511,-0.016779833154577296,0.0075013389557856015,0.0019165639427164223,5.0
0.5837167433486696,2.5681496586665014,0.9952742579026558,-0.6238421602316819,-0.2556346506591513,-0.016729373035689867,0.007494756847430273,0.0019127519381930034,5.0
0.5847169433886776,2.567842348756432,0.9953052533161819,-0.6239764603359393,-0.25557608417800454,-0.016678975201514828,0.0074881699992967515,0.001908946618437812,5.0
0.5857171434286856,2.567535149836866,0.9953361666365214,-0.6241105846655934,-0.25551754057723214,-0.016628639603825483,0.007481578458995253,0.0019051479710537104,5.0
0.5867173434686936,2.5672280617230205,0.9953669979563129,-0.6242445332790896,-0.2554590199722487,-0.01657836619453024,0.0074749822739325214,0.0019013559836625262,5.0
0.5877175435087016,2.566921084230309,0.9953977473680918,-0.6243783062348014,-0.2554005224780636,-0.016528154925676716,0.007468381491311019,0.0018975706439056657,5.0
0.5887177435487096,2.5666142171743402,0.9954284149642868,-0.6245119035910217,-0.25534204820928275,-0.016478005749455918,0.007461776158127977,0.0018937919394447272,5.0
0.5897179435887177,2.56630746037092,0.9954590008372235,-0.6246453254059572,-0.25528359728010996,-0.016427918618206694,0.007455166321174528,0.0018900198579621722,5.0
0.5907181436287257,2.5660008136360553,0.9954895050791224,-0.6247785717377194,-0.2552251698043492,-0.016377893484420245,0.007448552027034773,0.001886254387161985,5.0
0.5917183436687337,2.565694276785953,0.9955199277821002,-0.6249116426443198,-0.2551667658954067,-0.016327930300744857,0.007441933322084771,0.0018824955147703987,5.0
0.5927185437087417,2.5653878496370246,0.9955502690381712,-0.625044538183659,-0.2551083856662921,-0.016278029019990755,0.0074353102524915265,0.0018787432285366213,5.0
0.5937187437487497,2.565081532005886,0.9955805289392479,-0.6251772584135208,-0.2550500292296211,-0.016228189595135216,0.007428682864211945,0.0018749975162335782,5.0
0.5947189437887577,2.5647753237093625,0.9956107075771388,-0.625309803391562,-0.25499169669761784,-0.01617841197932775,0.007422051202991748,0.001871258365658724,5.0
0.5957191438287657,2.564469224564489,0.9956408050435505,-0.6254421731753049,-0.2549333881821159,-0.01612869612589555,0.007415415314364343,0.0018675257646348603,5.0
0.5967193438687737,2.564163234388513,0.9956708214300887,-0.6255743678221279,-0.25487510379456163,-0.01607904198834911,0.007408775243649644,0.0018637997010109693,5.0
0.5977195439087817,2.563857352998896,0.9957007568282581,-0.6257063873892558,-0.25481684364601564,-0.01602944952038807,0.007402131035952858,0.0018600801626631079,5.0
0.5987197439487897,2.5635515802133204,0.9957306113294611,-0.6258382319337488,-0.2547586078471555,-0.015979918675907246,0.007395482736163256,0.0018563671374953173,5.0
0.5997199439887977,2.5632459158496874,0.9957603850250024,-0.6259699015124957,-0.25470039650827864,-0.0159304494090028,0.00738883038895292,0.0018526606134405808,5.0
0.6007201440288057,2.5629403597261224,0.9957900780060835,-0.6261013961821997,-0.2546422097393042,-0.015881041673978743,0.00738217403877538,0.0018489605784618164,5.0
0.6017203440688137,2.562634911660977,0.9958196903638101,-0.6262327159993706,-0.254584047649776,-0.015831695425353596,0.007375513729864275,0.0018452670205528837,5.0
0.6027205441088217,2.562329571472834,0.9958492221891847,-0.6263638610203113,-0.25452591034886496,-0.015782410617867223,0.007368849506231954,0.0018415799277396684,5.0
0.6037207441488297,2.5620243389805095,0.9958786735731143,-0.626494831301108,-0.2544677979453723,-0.01573318720648807,0.0073621814116680475,0.00183789928808117,5.0
0.6047209441888377,2.5617192140030567,0.9959080446064054,-0.6266256268976167,-0.25440971054773226,-0.01568402514642043,0.007355509489737962,0.0018342250896706545,5.0
0.6057211442288457,2.5614141963597694,0.9959373353797673,-0.6267562478654519,-0.25435164826401485,-0.015634924393112114,0.007348833783781377,0.0018305573206368387,5.0
0.6067213442688537,2.5611092858701854,0.9959665459838124,-0.626886694259974,-0.2542936112019301,-0.015585884902262332,0.0073421543369107,0.0018268959691451218,5.0
0.6077215443088617,2.560804482354093,0.9959956765090543,-0.6270169661362736,-0.2542355994688291,-0.015536906629829761,0.007335471192009427,0.0018232410233988605,5.0
0.6087217443488697,2.5604997856315324,0.9960247270459108,-0.6271470635491618,-0.2541776131717098,-0.01548798953204103,0.007328784391730548,0.0018195924716406955,5.0
0.6097219443888777,2.5601951955228004,0.9960536976847039,-0.6272769865531534,-0.25411965241721896,-0.015439133565399304,0.0073220939784948424,0.0018159503021539247,5.0
0.6107221444288857,2.5598907118484564,0.9960825885156579,-0.6274067352024519,-0.25406171731165594,-0.015390338686693246,0.0073153999944891475,0.0018123145032639249,5.0
0.6117223444688937,2.559586334429325,0.9961113996289029,-0.6275363095509369,-0.25400380796097727,-0.015341604853006303,0.00730870248166464,0.0018086850633396209,5.0
0.6127225445089017,2.559282063086503,0.9961401311144732,-0.6276657096521462,-0.2539459244707991,-0.01529293202172616,0.007302001481734977,0.0018050619707950183,5.0
0.6137227445489097,2.5589778976413644,0.996168783062307,-0.6277949355592619,-0.25388806694640254,-0.0152443201505546,0.007295297036174513,0.001801445214090795,5.0
0.6147229445889177,2.5586738379155625,0.9961973555622509,-0.6279239873250918,-0.25383023549273714,-0.015195769197517682,0.007288589186216334,0.0017978347817359075,5.0
0.6157231446289257,2.5583698837310394,0.9962258487040548,-0.6280528650020533,-0.2537724302144249,-0.015147279120976126,0.0072818779728504035,0.001794230662289305,5.0
0.6167233446689337,2.5580660349100284,0.9962542625773764,-0.628181568642156,-0.2537146512157654,-0.015098849879636151,0.007275163436821578,0.0017906328443616976,5.0
0.6177235447089418,2.5577622912750617,0.9962825972717784,-0.6283100982969841,-0.25365689860074014,-0.015050481432560504,0.007268445618627607,0.0017870413166173485,5.0
0.6187237447489498,2.557458652648976,0.996310852876733,-0.6284384540176771,-0.25359917247301694,-0.01500217373917997,0.0072617245585170674,0.0017834560677759592,5.0
0.6197239447889578,2.55715511885492,0.996339029481618,-0.6285666358549095,-0.25354147293595536,-0.014953926759305129,0.007255000296487282,0.0017798770866146278,5.0
0.6207241448289658,2.556851689716356,0.9963671271757202,-0.6286946438588729,-0.2534838000926116,-0.014905740453138529,0.007248272872282199,0.0017763043619698265,5.0
0.6217243448689738,2.5565483650570733,0.9963951460482339,-0.6288224780792554,-0.25342615404574387,-0.014857614781287179,0.00724154232539023,0.0017727378827395062,5.0
0.6227245449089818,2.5562451447011902,0.9964230861882618,-0.6289501385652181,-0.2533685348978172,-0.014809549704775393,0.007234808695042018,0.0017691776378852093,5.0
0.6237247449489898,2.5559420284731633,0.9964509476848181,-0.629077625365378,-0.25331094275101085,-0.014761545185058107,0.0072280720202082364,0.0017656236164343136,5.0
0.6247249449889978,2.555639016197794,0.9964787306268235,-0.6292049385277809,-0.25325337770722184,-0.014713601184034477,0.007221332339597243,0.0017620758074822942,5.0
0.6257251450290058,2.555336107700236,0.996506435103111,-0.6293320780998818,-0.25319583986807287,-0.014665717664061934,0.0072145896916528205,0.0017585342001951248,5.0
0.6267253450690138,2.555033302806004,0.9965340612024212,-0.6294590441285202,-0.2531383293349177,-0.014617894587970545,0.007207844114551805,0.0017549987838116822,5.0
0.6277255451090218,2.5547306013409803,0.9965616090134083,-0.6295858366598961,-0.253080846208848,-0.014570131919077979,0.007201095646201652,0.0017514695476462856,5.0
0.6287257451490298,2.554428003131425,0.9965890786246367,-0.6297124557395446,-0.25302339059069967,-0.014522429621204678,0.007194344324238027,0.0017479464810912773,5.0
0.6297259451890378,2.554125508003983,0.9966164701245823,-0.6298389014123118,-0.2529659625810604,-0.014474787658689597,0.007187590186022334,0.0017444295736197078,5.0
0.6307261452290458,2.5538231157856948,0.9966437836016326,-0.6299651737223254,-0.2529085622802764,-0.014427205996406312,0.007180833268639187,0.0017409188147880998,5.0
0.6317263452690538,2.553520826304003,0.9966710191440891,-0.6300912727129715,-0.25285118978845955,-0.014379684599779629,0.0071740736088939,0.0017374141942392979,5.0
0.6327265453090618,2.5532186393867624,0.9966981768401639,-0.630217198426864,-0.2527938452054959,-0.01433222343480258,0.007167311243309887,0.0017339157017054027,5.0
0.6337267453490698,2.552916554862251,0.996725256777985,-0.6303429509058167,-0.2527365286310532,-0.014284822468053907,0.007160546208126072,0.0017304233270108026,5.0
0.6347269453890778,2.55261457255918,0.9967522590455927,-0.6304685301908151,-0.2526792401645889,-0.014237481666716033,0.0071537785392942034,0.001726937060075274,5.0
0.6357271454290858,2.5523126923067005,0.996779183730941,-0.6305939363219837,-0.2526219799053585,-0.014190200998593484,0.0071470082724762116,0.001723456890917198,5.0
0.6367273454690938,2.5520109139344185,0.9968060309219007,-0.6307191693385588,-0.25256474795242523,-0.014142980432131856,0.007140235443041494,0.0017199828096568523,5.0
0.6377275455091018,2.551709237272403,0.9968328007062564,-0.6308442292788531,-0.25250754440466777,-0.014095819936437198,0.007133460086064143,0.0017165148065198174,5.0
0.6387277455491098,2.5514076621511985,0.9968594931717089,-0.6309691161802254,-0.25245036936079096,-0.014048719481295975,0.007126682236320187,0.0017130528718404577,5.0
0.6397279455891178,2.551106188401836,0.9968861084058754,-0.6310938300790462,-0.2523932229193341,-0.0140016790371955,0.007119901928284806,0.0017095969960655441,5.0
0.6407281456291258,2.5508048158558436,0.9969126464962892,-0.6312183710106635,-0.25233610517868194,-0.01395469857534491,0.007113119196129485,0.0017061471697579242,5.0
0.6417283456691338,2.5505035443452613,0.996939107530401,-0.6313427390093681,-0.25227901623707427,-0.013907778067696667,0.00710633407371916,0.0017027033836003404,5.0
0.6427285457091418,2.55020237370265,0.9969654915955798,-0.631466934108356,-0.25222195619261695,-0.013860917486968626,0.007099546594609306,0.0016992656283993238,5.0
0.6437287457491498,2.5499013037611054,0.9969917987791124,-0.6315909563396942,-0.25216492514329275,-0.013814116806666586,0.007092756792043075,0.001695833895089228,5.0
0.6447289457891578,2.5496003343542735,0.9970180291682045,-0.6317148057342798,-0.2521079231869722,-0.013767376001107466,0.007085964698948321,0.0016924081747363273,5.0
0.6457291458291659,2.5492994653163596,0.9970441828499809,-0.6318384823218026,-0.2520509504214257,-0.013720695045443085,0.007079170347934633,0.00168898845854306,5.0
0.6467293458691739,2.5489986964821467,0.9970702599114872,-0.6319619861307053,-0.2519940069443355,-0.013674073915684383,0.007072373771290383,0.0016855747378523706,5.0
0.6477295459091819,2.5486980276870055,0.9970962604396882,-0.632085317188142,-0.2519370928533075,-0.013627512588726381,0.007065575000979709,0.0016821670041521715,5.0
0.6487297459491899,2.5483974587669116,0.9971221845214701,-0.6322084755199364,-0.25188020824588453,-0.013581011042373636,0.007058774068639465,0.0016787652490799167,5.0
0.6497299459891979,2.5480969895584584,0.9971480322436419,-0.6323314611505395,-0.2518233532195593,-0.013534569255366355,0.0070519710055762085,0.0016753694644272854,5.0
0.6507301460292059,2.5477966198988744,0.9971738036929335,-0.6324542741029862,-0.25176652787178805,-0.013488187207407088,0.007045165842763141,0.0016719796421450345,5.0
0.6517303460692139,2.547496349626037,0.9971994989559985,-0.6325769143988488,-0.25170973230000393,-0.01344186487918806,0.007038358610837018,0.0016685957743478744,5.0
0.6527305461092219,2.54719617857849,0.9972251181194125,-0.6326993820581908,-0.25165296660163156,-0.013395602252419167,0.007031549340095014,0.0016652178533195497,5.0
0.6537307461492299,2.5468961065954567,0.9972506612696774,-0.6328216770995226,-0.2515962308741023,-0.013349399309856572,0.0070247380604916854,0.001661845871518031,5.0
0.6547309461892379,2.546596133516861,0.9972761284932181,-0.6329437995397508,-0.2515395252148687,-0.013303256035331978,0.0070179248016358055,0.0016584798215808015,5.0
0.6557311462292459,2.5462962591833427,0.9973015198763869,-0.6330657493941294,-0.25148284972142065,-0.01325717241378251,0.007011109592787272,0.0016551196963303096,5.0
0.6567313462692539,2.545996483436272,0.9973268355054605,-0.6331875266762098,-0.25142620449130065,-0.013211148431281326,0.0070042924628539085,0.0016517654887795105,5.0
0.6577315463092619,2.545696806117773,0.9973520754666428,-0.6333091313977882,-0.25136958962212125,-0.013165184075068868,0.00699747344038835,0.001648417192137566,5.0
0.6587317463492699,2.5453972270707377,0.9973772398460674,-0.6334305635688549,-0.2513130052115816,-0.01311927933358485,0.006990652553584916,0.0016450747998156643,5.0
0.6597319463892779,2.5450977461388473,0.9974023287297924,-0.6335518231975379,-0.25125645135748487,-0.013073434196500878,0.006983829830276414,0.001641738305432995,5.0
0.6607321464292859,2.5447983631665902,0.9974273422038086,-0.6336729102900499,-0.25119992815775655,-0.013027648654753761,0.006977005297930996,0.001638407702822842,5.0
0.6617323464692939,2.5444990779992813,0.997452280354035,-0.6337938248506298,-0.25114343571046205,-0.01298192270057962,0.006970178983648977,0.00163508298603878,5.0
0.6627325465093019,2.544199890483083,0.997477143266323,-0.6339145668814877,-0.2510869741138267,-0.012936256327548657,0.006963350914159704,0.001631764149361072,5.0
0.6637327465493099,2.543900800465026,0.9975019310264532,-0.6340351363827436,-0.25103054346625486,-0.012890649530600625,0.00695652111581838,0.001628451187303179,5.0
0.6647329465893179,2.5436018077930296,0.9975266437201393,-0.6341555333523677,-0.25097414386634903,-0.012845102306081106,0.006949689614602911,0.0016251440946183787,5.0
0.6657331466293259,2.543302912315922,0.99755128143303,-0.6342757577861213,-0.25091777541293203,-0.012799614651778495,0.006942856436110761,0.0016218428663065869,5.0
0.6667333466693339,2.5430041138834647,0.9975758442507058,-0.6343958096774914,-0.25086143820506673,-0.012754186566961725,0.006936021605555804,0.0016185474976212642,5.0
0.6677335467093419,2.5427054123463724,0.997600332258685,-0.6345156890176282,-0.2508051323420786,-0.012708818052418764,0.006929185147765223,0.0016152579840764982,5.0
0.6687337467493499,2.542406807556339,0.9976247455424189,-0.6346353957952778,-0.25074885792357665,-0.012663509110495847,0.006922347087176348,0.0016119743214542213,5.0
0.6697339467893579,2.5421082993660566,0.9976490841872977,-0.6347549299967179,-0.2506926150494778,-0.012618259745137597,0.006915507447833612,0.0016086965058115838,5.0
0.6707341468293659,2.5418098876292445,0.9976733482786498,-0.6348742916056898,-0.25063640382002933,-0.012573069961927781,0.006908666253385412,0.0016054245334884622,5.0
0.6717343468693739,2.541511572200669,0.9976975379017416,-0.6349934806033259,-0.25058022433583305,-0.012527939768130946,0.006901823527081087,0.0016021584011151207,5.0
0.672734546909382,2.5412133529361687,0.9977216531417794,-0.6351124969680825,-0.2505240766978694,-0.01248286917273477,0.00689497929176785,0.001598898105620035,5.0
0.67373474694939,2.540915229692683,0.9977456940839124,-0.635231340675665,-0.2504679610075236,-0.01243785818649335,0.006888133569887745,0.0015956436442378134,5.0
0.674734946989398,2.540617202328276,0.9977696608132308,-0.6353500116989546,-0.2504118773666106,-0.01239290682197118,0.006881286383474697,0.0015923950145173373,5.0
0.675735147029406,2.5403192707021613,0.9977935534147677,-0.6354685100079349,-0.250355825877402,-0.012348015093587994,0.006874437754151526,0.0015891522143300257,5.0
0.676735347069414,2.5400214346747307,0.9978173719735016,-0.6355868355696129,-0.2502998066426531,-0.012303183017664377,0.00686758770312702,0.0015859152418782278,5.0
0.677735547109422,2.5397236941075825,0.9978411165743556,-0.6357049883479424,-0.25024381976563054,-0.01225841061246831,0.0068607362511930135,0.0015826840957038157,5.0
0.67873574714943,2.5394260488635463,0.9978647873022007,-0.6358229683037441,-0.2501878653501405,-0.01221369789826243,0.006853883418721527,0.0015794587746968765,5.0
0.679735947189438,2.5391284988067135,0.9978883842418563,-0.6359407753946248,-0.2501319435005585,-0.01216904489735222,0.006847029225661954,0.0015762392781045933,5.0
0.680736147229446,2.538831043802466,0.9979119074780899,-0.6360584095748937,-0.25007605432185853,-0.012124451634135013,0.00684017369153825,0.0015730256055402833,5.0
0.681736347269454,2.5385336837175068,0.9979353570956214,-0.63617587079548,-0.25002019791964397,-0.01207991813514981,0.006833316835446222,0.0015698177569925685,5.0
0.682736547309462,2.5382364184198867,0.9979587331791222,-0.636293159003846,-0.2499643744001787,-0.012035444429128,0.00682645867605078,0.0015666157328347147,5.0
0.68373674734947,2.537939247779038,0.9979820358132155,-0.6364102741438994,-0.2499085838704184,-0.011991030547044888,0.006819599231583341,0.0015634195338341157,5.0
0.684736947389478,2.5376421716658046,0.9980052650824828,-0.6365272161559073,-0.24985282643804452,-0.011946676522172187,0.006812738519839229,0.0015602291611619414,5.0
0.685737147429486,2.537345189952475,0.9980284210714584,-0.6366439849764014,-0.2497971022114962,-0.011902382390131208,0.0068058765581750875,0.0015570446164029379,5.0
0.686737347469494,2.53704830251281,0.9980515038646366,-0.6367605805380904,-0.2497414113000055,-0.011858148188947091,0.006799013363506442,0.0015538659015653631,5.0
0.687737547509502,2.5367515092220825,0.9980745135464718,-0.6368770027697634,-0.2496857538136323,-0.011813973959103791,0.006792148952305282,0.001550693019091122,5.0
0.68873774754951,2.5364548099571054,0.9980974502013763,-0.6369932515961966,-0.24963012986329855,-0.011769859743599983,0.006785283340597682,0.0015475259718660177,5.0
0.689737947589518,2.5361582045962674,0.9981203139137285,-0.6371093269380557,-0.2495745395608266,-0.011725805588005858,0.006778416543961526,0.0015443647632301658,5.0
0.690738147629526,2.535861693019568,0.998143104767868,-0.6372252287117957,-0.24951898301897518,-0.011681811540520814,0.006771548577524261,0.0015412093969885505,5.0
0.691738347669534,2.5355652751086515,0.9981658228481027,-0.6373409568295646,-0.24946346035147798,-0.011637877652031932,0.006764679455960798,0.0015380598774217707,5.0
0.692738547709542,2.5352689507468433,0.9981884682387069,-0.6374565111990997,-0.2494079716730823,-0.011594003976173373,0.006757809193491442,0.001534916209296905,5.0
0.69373874774955,2.534972719819187,0.9982110410239244,-0.6375718917236227,-0.24935251709958875,-0.01155019056938678,0.006750937803879868,0.0015317783978785156,5.0
0.694738947789558,2.53467658221248,0.998233541287971,-0.6376870983017362,-0.24929709674789116,-0.011506437490982409,0.0067440653004312515,0.0015286464489398667,5.0
0.695739147829566,2.5343805378153115,0.9982559691150348,-0.6378021308273191,-0.24924171073601967,-0.011462744803201207,0.006737191695990466,0.0015255203687742286,5.0
0.696739347869574,2.5340845865181008,0.9982783245892798,-0.6379169891894126,-0.24918635918318024,-0.011419112571277758,0.006730317002940305,0.0015224001642063388,5.0
0.697739547909582,2.5337887282131346,0.9983006077948456,-0.6380316732721147,-0.24913104220979962,-0.011375540863504136,0.0067234412331999074,0.001519285842604036,5.0
0.69873974794959,2.533492962794609,0.9983228188158525,-0.6381461829544677,-0.24907575993756886,-0.011332029751294628,0.006716564398223229,0.0015161774118900406,5.0
0.699739947989598,2.5331972901586646,0.9983449577364009,-0.6382605181103423,-0.2490205124894873,-0.01128857930925127,0.006709686508997579,0.0015130748805538476,5.0
0.700740148029606,2.5329017102034324,0.9983670246405751,-0.6383746786083254,-0.24896529998990882,-0.011245189615230418,0.006702807576042337,0.001509978257663807,5.0
0.701740348069614,2.5326062228290716,0.998389019612445,-0.6384886643116009,-0.2489101225645882,-0.011201860750410015,0.006695927609407723,0.001506887552879287,5.0
0.702740548109622,2.5323108279378115,0.9984109427360662,-0.6386024750778325,-0.24885498034072864,-0.01115859279935782,0.006689046618673708,0.0015038027764630543,5.0
0.7037407481496301,2.532015525433994,0.9984327940954865,-0.6387161107590419,-0.2487998734470294,-0.011115385850100525,0.006682164612949036,0.0015007239392937244,5.0
0.7047409481896381,2.5317203152241174,0.9984545737747448,-0.6388295712014886,-0.24874480201373567,-0.011072239994193671,0.006675281600870366,0.0014976510528783803,5.0
0.7057411482296461,2.531425197216877,0.9984762818578754,-0.6389428562455437,-0.24868976617268831,-0.01102915532679244,0.00666839759060153,0.0014945841293653233,5.0
0.7067413482696541,2.5311301713232126,0.9984979184289083,-0.6390559657255658,-0.24863476605737472,-0.010986131946723345,0.0066615125898329495,0.0014915231815569561,5.0
0.7077415483096621,2.53083523745635,0.9985194835718749,-0.6391688994697754,-0.24857980180298136,-0.010943169956556701,0.006654626605781174,0.001488468222922776,5.0
0.7087417483496701,2.530540395531847,0.9985409773708079,-0.6392816573001225,-0.24852487354644626,-0.010900269462679963,0.006647739645188522,0.001485419267612528,5.0
0.7097419483896781,2.530245645467641,0.9985623999097443,-0.6393942390321581,-0.24846998142651228,-0.010857430575371882,0.006640851714322927,0.0014823763304694587,5.0
0.7107421484296861,2.5299509871840926,0.9985837512727301,-0.6395066444749019,-0.24841512558378273,-0.010814653408877547,0.006633962818977892,0.001479339427043692,5.0
0.7117423484696941,2.529656420604034,0.9986050315438187,-0.6396188734307077,-0.2483603061607768,-0.010771938081484118,0.006627072964472604,0.0014763085736057614,5.0
0.7127425485097021,2.5293619456528167,0.9986262408070805,-0.6397309256951275,-0.2483055233019858,-0.010729284715597474,0.006620182155652196,0.0014732837871601985,5.0
0.7137427485497101,2.529067562258359,0.9986473791465987,-0.6398428010567753,-0.24825077715393187,-0.010686693437819623,0.006613290396888209,0.0014702650854592559,5.0
0.7147429485897181,2.528773270351193,0.9986684466464771,-0.6399544992971857,-0.24819606786522472,-0.010644164379026875,0.006606397692079142,0.0014672524870167902,5.0
0.7157431486297261,2.5284790698645176,0.9986894433908401,-0.6400660201906758,-0.24814139558662282,-0.01060169767444878,0.00659950404465127,0.0014642460111221767,5.0
0.7167433486697341,2.528184960734244,0.9987103694638391,-0.6401773635042014,-0.24808676047109327,-0.010559293463747914,0.006592609457559533,0.0014612456778543513,5.0
0.7177435487097421,2.527890942899049,0.9987312249496519,-0.6402885289972128,-0.24803216267387343,-0.01051695189110033,0.0065857139332886885,0.0014582515080959764,5.0
0.7187437487497501,2.527597016300423,0.9987520099324882,-0.6403995164215097,-0.24797760235253308,-0.010474673105276713,0.006578817473854617,0.0014552635235476831,5.0
0.7197439487897581,2.527303180882726,0.9987727244965936,-0.6405103255210943,-0.24792307966703844,-0.010432457259724345,0.006571920080805811,0.0014522817467423998,5.0
0.7207441488297661,2.5270094365932345,0.9987933687262511,-0.6406209560320215,-0.24786859477981618,-0.010390304512649755,0.006565021755225073,0.0014493062010597758,5.0
0.7217443488697741,2.5267157833821963,0.998813942705785,-0.640731407682249,-0.2478141478558188,-0.010348215027101999,0.006558122497731381,0.0014463369107406798,5.0
0.7227445489097821,2.5264222212028837,0.9988344465195657,-0.6408416801914845,-0.2477597390625912,-0.010306188971056701,0.006551222308481975,0.0014433739009017813,5.0
0.7237447489497901,2.526128750011645,0.9988548802520113,-0.6409517732710334,-0.24770536857033795,-0.010264226517500677,0.00654432118717469,0.0014404171975501965,5.0
0.7247449489897981,2.5258353697679614,0.998875243987594,-0.6410616866236435,-0.2476510365519923,-0.010222327844517244,0.006537419133050445,0.0014374668275982181,5.0
0.7257451490298061,2.5255420804344975,0.9988955378108414,-0.6411714199433474,-0.24759674318328484,-0.010180493135372079,0.006530516144895991,0.001434522818878113,5.0
0.7267453490698141,2.525248881977162,0.9989157618063413,-0.6412809729153053,-0.2475424886428138,-0.010138722578599789,0.0065236122210468594,0.0014315852001569437,5.0
0.7277455491098221,2.524955774365156,0.9989359160587462,-0.6413903452156452,-0.24748827311211685,-0.010097016368090957,0.006516707359390557,0.0014286540011514979,5.0
0.7287457491498301,2.524662757571034,0.9989560006527755,-0.6414995365113024,-0.24743409677574374,-0.010055374703179803,0.0065098015573699895,0.0014257292525431983,5.0
0.7297459491898382,2.5243698315707586,0.9989760156732234,-0.641608546459856,-0.24737995982132838,-0.010013797788732322,0.006502894811987097,0.0014228109859931051,5.0
0.7307461492298462,2.5240769963437573,0.9989959612049588,-0.6417173747093666,-0.2473258624396645,-0.009972285835235035,0.0064959871198067825,0.0014198992341569244,5.0
0.7317463492698542,2.5237842518729794,0.9990158373329324,-0.6418260208982107,-0.2472718048247804,-0.009930839058884127,0.0064890784769610745,0.0014169940307000879,5.0
0.7327465493098622,2.523491598144955,0.9990356441421794,-0.6419344846549139,-0.24721778717401507,-0.009889457681675111,0.006482168879153515,0.001414095410312795,5.0
0.7337467493498702,2.523199035149849,0.9990553817178257,-0.6420427655979839,-0.24716380968809548,-0.009848141931492872,0.006475258321663851,0.001411203408725138,5.0
0.7347469493898782,2.5229065628815244,0.9990750501450917,-0.6421508633357417,-0.2471098725712153,-0.009806892042202161,0.006468346799352976,0.0014083180627221898,5.0
0.7357471494298862,2.522614181337598,0.9990946495092955,-0.6422587774661498,-0.2470559760311131,-0.009765708253738495,0.006461434306668105,0.0014054394101591036,5.0
0.7367473494698942,2.5223218905195015,0.9991141798958604,-0.6423665075766433,-0.24700212027915328,-0.0097245908121994,0.0064545208376482945,0.0014025674899762312,5.0
0.7377475495099022,2.5220296904325368,0.9991336413903182,-0.6424740532439561,-0.24694830553040692,-0.00968353996993588,0.006447606385930216,0.0013997023422142366,5.0
0.7387477495499102,2.5217375810859415,0.9991530340783155,-0.6425814140339488,-0.24689453200373415,-0.009642555985644322,0.006440690944754198,0.0013968440080291504,5.0
0.7397479495899182,2.521445562492945,0.9991723580456163,-0.6426885895014319,-0.24684079992186636,-0.009601639124458609,0.0064337745069705955,0.001393992529707454,5.0
0.7407481496299262,2.52115363467083,0.9991916133781089,-0.6427955791899923,-0.24678710951149038,-0.009560789658042386,0.006426857065046414,0.0013911479506810934,5.0
0.7417483496699342,2.5208617976409937,0.9992108001618101,-0.6429023826318163,-0.24673346100333357,-0.00952000786468164,0.00641993861107229,0.0013883103155424852,5.0
0.7427485497099422,2.5205700514290066,0.9992299184828727,-0.6430089993475118,-0.2466798546322498,-0.009479294029377422,0.006413019136769746,0.0013854796700594305,5.0
0.7437487497499502,2.520278396064676,0.9992489684275897,-0.6431154288459301,-0.24662629063730487,-0.009438648443938668,0.006406098633498721,0.0013826560611900026,5.0
0.7447489497899582,2.5199868315821057,0.9992679500823988,-0.6432216706239876,-0.24657276926186522,-0.009398071407075104,0.006399177092265508,0.0013798395370973918,5.0
0.7457491498299662,2.5196953580197583,0.9992868635338892,-0.6433277241664855,-0.24651929075368578,-0.009357563224490224,0.006392254503730974,0.0013770301471646472,5.0
0.7467493498699742,2.519403975420517,0.9993057088688083,-0.6434335889459282,-0.24646585536499954,-0.009317124208974278,0.006385330858219083,0.0013742279420093629,5.0
0.7477495499099822,2.519112683831746,0.999324486174065,-0.6435392644223445,-0.2464124633526066,-0.009276754680497287,0.00637840614572581,0.001371432973498226,5.0
0.7487497499499902,2.518821483305354,0.9993431955367388,-0.6436447500431047,-0.24635911497796673,-0.009236454966301908,0.006371480355928344,0.0013686452947615506,5.0
0.7497499499899982,2.518530373897856,0.999361837044085,-0.6437500452427379,-0.24630581050729008,-0.00919622540099627,0.006364553478194658,0.0013658649602076422,5.0
0.7507501500300062,2.518239355670436,0.9993804107835383,-0.6438551494427494,-0.2462525502116297,-0.009156066326646648,0.006357625501593439,0.0013630920255370417,5.0
0.7517503500700142,2.517948428689006,0.9993989168427209,-0.6439600620514377,-0.24619933436697533,-0.009115978092869941,0.006350696414904335,0.0013603265477567148,5.0
0.7527505501100222,2.5176575930242717,0.9994173553094525,-0.6440647824637129,-0.24614616325434727,-0.00907596105692595,0.006343766206628634,0.0013575685851940046,5.0
0.7537507501500302,2.5173668487517946,0.9994357262717508,-0.6441693100609096,-0.24609303715989145,-0.009036015583809348,0.006336834865000193,0.0013548181975105425,5.0
0.7547509501900382,2.5170761959520513,0.9994540298178414,-0.6442736442106055,-0.24603995637497444,-0.00899614204634134,0.006329902377996867,0.0013520754457159413,5.0
0.7557511502300458,2.5167856347104984,0.9994722660361647,-0.6443777842664361,-0.24598692119628066,-0.008956340825260986,0.006322968733352206,0.0013493403921813211,5.0
0.7567513502700538,2.516495165117633,0.999490435015382,-0.6444817295679123,-0.24593393192590865,-0.008916612309316093,0.006316033918567599,0.0013466131006527166,5.0
0.7577515503100618,2.516204787269056,0.9995085368443821,-0.6445854794402321,-0.2458809888714689,-0.008876956895353614,0.006309097920924749,0.001343893636264242,5.0
0.7587517503500698,2.515914501265532,0.9995265716122907,-0.6446890331941036,-0.24582809234618314,-0.00883737498840965,0.006302160727498574,0.0013411820655511034,5.0
0.7597519503900778,2.515624307213055,0.9995445394084748,-0.6447923901255539,-0.2457752426689817,-0.008797867001798725,0.006295222325170476,0.0013384784564623863,5.0
0.7607521504300858,2.515334205222904,0.9995624403225504,-0.6448955495157499,-0.2457224401646042,-0.008758433357202645,0.006288282700642023,0.0013357828783736258,5.0
0.7617523504700938,2.5150441954117095,0.9995802744443926,-0.6449985106308134,-0.24566968516369947,-0.008719074484758517,0.006281341840448994,0.0013330954020991568,5.0
0.7627525505101018,2.5147542779015106,0.9995980418641403,-0.6451012727216391,-0.24561697800292615,-0.008679790823146199,0.006274399730975871,0.001330416099904233,5.0
0.7637527505501098,2.514464452819818,0.9996157426722038,-0.6452038350237108,-0.24556431902505382,-0.008640582819674891,0.0062674563584707,0.00132774504551688,5.0
0.7647529505901178,2.5141747202996743,0.9996333769592771,-0.6453061967569211,-0.24551170857906504,-0.008601450930368983,0.006260511709060387,0.0013250823141395093,5.0
0.7657531506301258,2.5138850804797133,0.9996509448163395,-0.6454083571253896,-0.24545914702025767,-0.008562395620052992,0.00625356576876639,0.001322427982460253,5.0
0.7667533506701338,2.51359553350422,0.9996684463346683,-0.6455103153172819,-0.245406634710347,-0.008523417362435509,0.00624661852352084,0.0013197821286640254,5.0
0.7677535507101418,2.513306079523189,0.9996858816058448,-0.6456120705046314,-0.24535417201756915,-0.008484516640192289,0.0062396699591830765,0.0013171448324432666,5.0
0.7687537507501498,2.513016718692386,0.9997032507217621,-0.6457136218431593,-0.24530175931678436,-0.008445693945048226,0.006232720061556571,0.0013145161750084098,5.0
0.7697539507901578,2.512727451173403,0.9997205537746353,-0.6458149684720974,-0.24524939698958134,-0.008406949777858257,0.006225768816406339,0.0013118962390980169,5.0
0.7707541508301659,2.5124382771337173,0.9997377908570096,-0.6459161095140116,-0.2451970854243803,-0.008368284648687066,0.006218816209476685,0.0013092851089885817,5.0
0.7717543508701739,2.512149196746748,0.9997549620617682,-0.646017044074626,-0.2451448250165385,-0.008329699076887659,0.006211862226509495,0.0013066828705039942,5.0
0.7727545509101819,2.511860210191916,0.999772067482141,-0.6461177712426509,-0.24509261616845437,-0.008291193591178565,0.006204906853262883,0.0013040896110247128,5.0
0.7737547509501899,2.511571317654694,0.9997891072117138,-0.6462182900896077,-0.24504045928967244,-0.008252768729719738,0.006197950075530249,0.0013015054194964618,5.0
0.7747549509901979,2.5112825193266683,0.9998060813444362,-0.6463185996696592,-0.2449883547969881,-0.00821442504018718,0.006190991879159817,0.00129893038643863,5.0
0.7757551510302059,2.5109938154055875,0.9998229899746349,-0.6464186990194398,-0.2449363031145533,-0.008176163079845932,0.006184032250074589,0.0012963646039522542,5.0
0.7767553510702139,2.510705206095422,0.9998398331970163,-0.6465185871578871,-0.24488430467398153,-0.00813798341562166,0.006177071174292739,0.0012938081657276265,5.0
0.7777555511102219,2.510416691606411,0.9998566111066833,-0.646618263086077,-0.24483235991445337,-0.008099886624170629,0.006170108637948441,0.001291261167051464,5.0
0.7787557511502299,2.5101282721551215,0.999873323799136,-0.6467177257870594,-0.24478046928282154,-0.008061873291948034,0.006163144627313153,0.0012887237048136808,5.0
0.7797559511902379,2.509839947964495,0.9998899713702881,-0.6468169742256947,-0.24472863323371633,-0.008023944015274705,0.006156179128817261,0.0012861958775137014,5.0
0.7807561512302459,2.509551719263897,0.999906553916476,-0.6469160073484966,-0.2446768522296515,-0.00798609940040194,0.006149212129072272,0.0012836777852663235,5.0
0.7817563512702539,2.5092635862891726,0.9999230715344644,-0.6470148240834718,-0.2446251267411284,-0.007948340063574559,0.006142243614893342,0.0012811695298071389,5.0
0.7827565513102619,2.5089755492826877,0.9999395243214607,-0.6471134233399655,-0.24457345724674207,-0.007910666631092092,0.006135273573322311,0.0012786712144974629,5.0
0.7837567513502699,2.5086876084933816,0.9999559123751219,-0.6472118040085103,-0.2445218442332855,-0.007873079739367959,0.006128301991651116,0.0012761829443288096,5.0
0.7847569513902779,2.508399764176812,0.9999722357935668,-0.6473099649606724,-0.24447028819585434,-0.007835580034986704,0.006121328857445682,0.0012737048259268229,5.0
0.7857571514302859,2.5081120165951996,0.9999884946753853,-0.6474079050489079,-0.24441878963795155,-0.0077981681747590825,0.006114354158570211,0.0012712369675547419,5.0
0.7867573514702939,2.5078243660174744,1.0000046891196488,-0.6475056231064142,-0.2443673490715909,-0.007760844825775062,0.006107377883211918,0.0012687794791163224,5.0
0.7877575515103019,2.507536812719315,1.0000208192259197,-0.6476031179469911,-0.24431596701740074,-0.007723610665454572,0.006100400019906194,0.0012663324721582565,5.0
0.7887577515503099,2.5072493569831944,1.0000368850942638,-0.6477003883649002,-0.24426464400472783,-0.007686466381595976,0.006093420557562181,0.001263896059871987,5.0
0.7897579515903179,2.5069619990984178,1.00005288682526,-0.6477974331347289,-0.24421338057173905,-0.007649412672422271,0.006086439485488774,0.0012614703570950339,5.0
0.7907581516303259,2.5066747393611615,1.0000688245200111,-0.6478942510112601,-0.24416217726552503,-0.007612450246624789,0.0060794567934210585,0.0012590554803117166,5.0
0.7917583516703339,2.5063875780745133,1.0000846982801563,-0.6479908407293403,-0.2441110346422001,-0.007575579823404515,0.006072472471547115,0.0012566515476532902,5.0
0.7927585517103419,2.5061005155485057,1.0001005082078773,-0.6480872010037555,-0.24405995326700472,-0.007538802132510874,0.0060654865105352895,0.001254258678897524,5.0
0.7937587517503499,2.505813552100153,1.0001162544059157,-0.6481833305291088,-0.24400893371440527,-0.007502117914277874,0.006058498901561843,0.001251876995467648,5.0
0.7947589517903579,2.505526688053484,1.0001319369775787,-0.6482792279797016,-0.24395797656819357,-0.007465527919657609,0.0060515096363389954,0.0012495066204306967,5.0
0.7957591518303659,2.5052399237395746,1.0001475560267559,-0.6483748920094197,-0.24390708242158565,-0.007429032910251113,0.0060445187071433756,0.0012471476784952382,5.0
0.7967593518703739,2.5049532594965758,1.000163111657925,-0.6484703212516221,-0.24385625187732046,-0.0073926336583364114,0.006037526106844849,0.001244800296008448,5.0
0.797759551910382,2.5046666956697448,1.0001786039761678,-0.6485655143190342,-0.2438054855477561,-0.007356330946893611,0.00603053182893576,0.0012424646009525603,5.0
0.79875975195039,2.50438023261147,1.0001940330871784,-0.6486604698036472,-0.24375478405496648,-0.007320125569627278,0.0060235358675605226,0.0012401407229406627,5.0
0.799759951990398,2.504093870681299,1.0002093990972767,-0.6487551862766182,-0.24370414803083662,-0.007284018330985743,0.006016538217545605,0.0012378287932118162,5.0
0.800760152030406,2.503807610245959,1.000224702113422,-0.6488496622881775,-0.24365357811715627,-0.007248010046177398,0.006009538874429871,0.0012355289446254712,5.0
0.801760352070414,2.503521451679381,1.00023994224322,-0.6489438963675371,-0.24360307496571298,-0.007212101541183931,0.0060025378344952295,0.0012332413116552573,5.0
0.802760552110422,2.5032353953627164,1.000255119594939,-0.6490378870228104,-0.2435526392383845,-0.007176293652770467,0.005995535094797738,0.001230966030382049,5.0
0.80376075215043,2.50294944168436,1.0002702342775192,-0.6491316327409286,-0.24350227160722865,-0.00714058722849242,0.005988530653198968,0.0012287032384863293,5.0
0.804760952190438,2.5026635910399606,1.0002852864005864,-0.6492251319875687,-0.24345197275457334,-0.007104983126699085,0.005981524508397754,0.0012264530752398545,5.0
0.805761152230446,2.502377843832439,1.0003002760744648,-0.6493183832070814,-0.24340174337310366,-0.007069482216534081,0.005974516659962182,0.0012242156814965444,5.0
0.806761352270454,2.5020922004719997,1.0003152034101872,-0.6494113848224271,-0.24335158416594913,-0.00703408537793229,0.005967507108361982,0.0012219911996827167,5.0
0.807761552310462,2.501806661376138,1.0003300685195078,-0.6495041352351163,-0.2433014958467687,-0.006998793501613373,0.005960495855001196,0.0012197797737865529,5.0
0.80876175235047,2.501521226969651,1.0003448715149166,-0.6495966328251556,-0.24325147913983403,-0.006963607489071911,0.005953482902251119,0.0012175815493468067,5.0
0.809761952390478,2.501235897684642,1.0003596125096479,-0.649688875950998,-0.24320153478011153,-0.00692852825256393,0.005946468253483559,0.001215396673440764,5.0
0.810762152430486,2.500950673960525,1.0003742916176983,-0.6497808629494999,-0.24315166351334272,-0.006893556715089953,0.00593945191310433,0.001213225294671478,5.0
0.811762352470494,2.500665556244025,1.0003889089538345,-0.6498725921358847,-0.24310186609612336,-0.0068586938103743405,0.0059324338865870485,0.001211067563154185,5.0
0.812762552510502,2.5003805449891794,1.0004034646336077,-0.6499640618037084,-0.24305214329597932,-0.006823940482841054,0.005925414180507134,0.001208923630502003,5.0
0.81376275255051,2.500095640657331,1.0004179587733677,-0.6500552702248346,-0.24300249589144263,-0.006789297687585587,0.005918392802576093,0.0012067936498108157,5.0
0.814762952590518,2.4998108437171287,1.0004323914902724,-0.6501462156494147,-0.24295292467212384,-0.006754766390343251,0.005911369761675993,0.0012046777756433804,5.0
0.815763152630526,2.4995261546445127,1.0004467629023037,-0.6502368963058733,-0.24290343043878376,-0.006720347567453609,0.005904345067894181,0.0012025761640126651,5.0
0.816763352670534,2.4992415739227107,1.000461073128278,-0.6503273104009005,-0.24285401400340237,-0.006686042205821124,0.005897318732558111,0.0012004889723643676,5.0
0.817763552710542,2.4989571020422208,1.0004753222878624,-0.6504174561194492,-0.24280467618924623,-0.006651851302871851,0.0058902907682705,0.0011984163595586815,5.0
0.81876375275055,2.498672739500799,1.0004895105015827,-0.6505073316247406,-0.24275541783093307,-0.0066177758665061925,0.005883261188944553,0.0011963584858512245,5.0
0.819763952790558,2.498388486803441,1.0005036378908418,-0.6505969350582754,-0.24270623977449515,-0.006583816915047786,0.005876230009839352,0.0011943155128731496,5.0
0.820764152830566,2.498104344462364,1.000517704577927,-0.6506862645398489,-0.24265714287743892,-0.006549975477188371,0.005869197247595378,0.0011922876036105086,5.0
0.821764352870574,2.4978203129969807,1.0005317106860274,-0.6507753181675798,-0.24260812800880494,-0.006516252591928679,0.005862162920270225,0.0011902749223827577,5.0
0.822764552910582,2.4975363929338767,1.0005456563392467,-0.6508640940179351,-0.24255919604922144,-0.006482649308515106,0.005855127047374308,0.0011882776348204895,5.0
0.82376475295059,2.497252584806783,1.0005595416626138,-0.650952590145772,-0.2425103478909599,-0.006449166686372532,0.005848089649906787,0.0011862959078423217,5.0
0.824764952990598,2.4969688891565447,1.0005733667820957,-0.6510408045843807,-0.24246158443798507,-0.0064158057950328235,0.005841050750391473,0.0011843299096310027,5.0
0.825765153030606,2.4966853065310883,1.000587131824615,-0.6511287353455364,-0.2424129066060033,-0.006382567714059366,0.005834010372912839,0.0011823798096086973,5.0
0.826765353070614,2.4964018374853865,1.0006008369180555,-0.6512163804195554,-0.2423643153225087,-0.006349453532967342,0.005826968543152034,0.0011804457784114631,5.0
0.827765553110622,2.4961184825814193,1.000614482191284,-0.6513037377753637,-0.24231581152682655,-0.006316464351139944,0.005819925288422964,0.0011785279878629028,5.0
0.8287657531506301,2.4958352423881345,1.0006280677741555,-0.6513908053605665,-0.24226739617015278,-0.006283601277740221,0.005812880637708352,0.0011766266109470508,5.0
0.8297659531906381,2.4955521174814015,1.0006415937975313,-0.6514775811015301,-0.2422190702155928,-0.006250865431618932,0.00580583462169578,0.0011747418217803866,5.0
0.8307661532306461,2.495269108443966,1.0006550603932913,-0.6515640629034675,-0.24217083463819547,-0.006218257941218047,0.005798787272813694,0.0011728737955831305,5.0
0.8317663532706541,2.494986215865403,1.0006684676943427,-0.6516502486505324,-0.24212269042498563,-0.006185779944470002,0.005791738625267393,0.001171022708649653,5.0
0.8327665533106621,2.49470344034206,1.0006818158346389,-0.651736136205923,-0.2420746385749931,-0.006153432588692833,0.005784688715074923,0.0011691887383181848,5.0
0.8337667533506701,2.4944207824770066,1.0006951049491886,-0.6518217234119876,-0.24202668009927808,-0.006121217030480996,0.0057776375801028386,0.0011673720629396288,5.0
0.8347669533906781,2.4941382428799734,1.00070833517407,-0.6519070080903442,-0.24197881602095483,-0.006089134435591924,0.00577058526010194,0.0011655728618456794,5.0
0.8357671534306861,2.4938558221672933,1.0007215066464423,-0.651991988042003,-0.24193104737521157,-0.0060571859788284155,0.005763531796742801,0.0011637913153161124,5.0
0.8367673534706941,2.493573520961839,1.000734619504562,-0.6520766610474981,-0.24188337520932654,-0.006025372843916718,0.005756477233651199,0.0011620276045453237,5.0
0.8377675535107021,2.4932913398929535,1.0007476738877903,-0.6521610248670268,-0.24183580058268225,-0.005993696223380392,0.0057494216164433384,0.0011602819116080822,5.0
0.8387677535507101,2.4930092795963836,1.00076066993661,-0.6522450772405948,-0.2417883245667754,-0.0059621573184100145,0.005742364992760858,0.0011585544194245114,5.0
0.8397679535907181,2.4927273407142083,1.0007736077926361,-0.6523288158881743,-0.24174094824522424,-0.005930757338728526,0.005735307412305703,0.0011568453117244,5.0
0.8407681536307261,2.492445523894762,1.0007864875986303,-0.652412238509862,-0.24169367271377173,-0.00589949750245253,0.005728248926874688,0.0011551547730106588,5.0
0.8417683536707341,2.492163829792558,1.00079930949851,-0.6524953427860518,-0.24164649908028646,-0.005868379035949281,0.005721189590393838,0.0011534829885221484,5.0
0.8427685537107421,2.4918822590682077,1.0008120736373618,-0.6525781263776099,-0.24159942846475835,-0.00583740317368961,0.0057141294589524005,0.0011518301441956922,5.0
0.8437687537507501,2.491600812388337,1.0008247801614565,-0.6526605869260608,-0.24155246199929337,-0.005806571158096655,0.005707068590836631,0.0011501964266274688,5.0
0.8447689537907581,2.4913194904254996,1.0008374292182594,-0.6527427220537817,-0.24150560082810302,-0.005775884239390461,0.005700007046563184,0.0011485820230336217,5.0
0.8457691538307661,2.491038293858089,1.0008500209564384,-0.6528245293642,-0.24145884610748977,-0.005745343675428536,0.005692944888912178,0.001146987121210221,5.0
0.8467693538707741,2.490757223370246,1.0008625555258848,-0.6529060064420038,-0.24141219900583105,-0.005714950731542319,0.005685882182959914,0.001145411909492585,5.0
0.8477695539107821,2.490476279651762,1.000875033077715,-0.6529871508533567,-0.24136566070355683,-0.0056847066803696125,0.005678818996111156,0.0011438565767138518,5.0
0.8487697539507901,2.4901954633979826,1.0008874537642898,-0.6530679601461222,-0.24131923239312694,-0.005654612801683047,0.00567175539813104,0.0011423213121629823,5.0
0.8497699539907981,2.4899147753097086,1.000899817739222,-0.6531484318500949,-0.24127291527900083,-0.00562467038221457,0.005664691461176548,0.0011408063055421008,5.0
0.8507701540308061,2.4896342160930907,1.000912125157391,-0.653228563477239,-0.2412267105776072,-0.005594880715476098,0.005657627259827441,0.001139311746923205,5.0
0.8517703540708141,2.489353786459523,1.0009243761749491,-0.653308352521934,-0.2411806195173067,-0.0055652451015762204,0.005650562871116795,0.0011378378267042873,5.0
0.8527705541108221,2.489073487125535,1.000936570949337,-0.6533877964612319,-0.24113464333835352,-0.005535764847033155,0.005643498374560997,0.0011363847355648742,5.0
0.8537707541508301,2.4887933188126787,1.0009487096392926,-0.6534668927551149,-0.2410887832928513,-0.005506441264583937,0.005636433852189188,0.0011349526644209714,5.0
0.8547709541908382,2.488513282247415,1.000960792404864,-0.6535456388467681,-0.24104304064470647,-0.005477275672989852,0.0056293693885722034,0.001133541804379486,5.0
0.8557711542308462,2.488233378160997,1.0009728194074177,-0.6536240321628534,-0.2409974166695762,-0.0054482693968383,0.005622305070850863,0.001132152346692081,5.0
0.8567713542708542,2.4879536072893487,1.0009847908096488,-0.6537020701137953,-0.2409519126548144,-0.005419423766340988,0.005615240988763757,0.001130784482708562,5.0
0.8577715543108622,2.4876739703729434,1.0009967067755943,-0.6537797500940712,-0.24090652989941194,-0.005390740117128677,0.005608177234674314,0.0011294384038297303,5.0
0.8587717543508702,2.487394468156677,1.0010085674706406,-0.6538570694825121,-0.24086126971393435,-0.005362219790042408,0.005601113903597304,0.001128114301459762,5.0
0.8597719543908782,2.4871151013897417,1.001020373061534,-0.6539340256426056,-0.24081613342045463,-0.005333864130921375,0.005594051093224594,0.001126812366958137,5.0
0.8607721544308862,2.486835870825495,1.0010321237163897,-0.6540106159228116,-0.2407711223524827,-0.005305674490387488,0.005586988903950272,0.0011255327915911406,5.0
0.8617723544708942,2.4865567772213266,1.0010438196047047,-0.6540868376568808,-0.2407262378548903,-0.00527765222362669,0.005579927438895032,0.0011242757664829354,5.0
0.8627725545109022,2.4862778213385215,1.001055460897362,-0.6541626881641832,-0.24068148128383285,-0.005249798690167031,0.005572866803929858,0.0011230414825662723,5.0
0.8637727545509102,2.485999003942126,1.0010670477666441,-0.6542381647500407,-0.2406368540066657,-0.005222115253653789,0.005565807107698874,0.0011218301305327583,5.0
0.8647729545909182,2.4857203258008016,1.0010785803862394,-0.6543132647060694,-0.24059235740185855,-0.005194603281621536,0.005558748461641492,0.0011206419007828616,5.0
0.8657731546309262,2.485441787686687,1.0010900589312521,-0.6543879853105267,-0.24054799285890396,-0.0051672641452631925,0.005551690980013736,0.0011194769833755718,5.0
0.8667733546709342,2.485163390375251,1.0011014835782082,-0.6544623238286651,-0.24050376177822239,-0.005140099219196404,0.005544634779908733,0.0011183355679777194,5.0
0.8677735547109422,2.484885134645143,1.0011128545050672,-0.6545362775130944,-0.2404596655710645,-0.005113109881227041,0.005537579981276364,0.001117217843813058,5.0
0.8687737547509502,2.4846070212780473,1.0011241718912283,-0.6546098436041465,-0.24041570565940645,-0.005086297512110212,0.005530526706942019,0.0011161239996110622,5.0
0.8697739547909582,2.4843290510585274,1.0011354359175388,-0.6546830193302524,-0.24037188347584562,-0.005059663495308583,0.0055234750826245686,0.0011150542235555466,5.0
0.8707741548309662,2.484051224773874,1.0011466467662995,-0.6547558019083185,-0.24032820046348755,-0.005033209216748246,0.0055164252369533096,0.0011140087032330546,5.0
0.8717743548709742,2.4837735432139487,1.001157804621274,-0.6548281885441136,-0.24028465807583227,-0.0050069360645723475,0.005509377301484069,0.00111298762558106,5.0
0.8727745549109822,2.483496007171023,1.001168909667695,-0.654900176432662,-0.24024125777665573,-0.0049808454288923715,0.005502331410714319,0.0011119911768360498,5.0
0.8737747549509902,2.4832186174396216,1.0011799620922723,-0.6549717627586397,-0.24019800103988692,-0.004954938701537288,0.005495287702097383,0.0011110195424814694,5.0
0.8747749549909982,2.4829413748163582,1.0011909620831958,-0.6550429446967772,-0.24015488934948015,-0.0049292172758007005,0.005488246316055558,0.0011100729071955551,5.0
0.8757751550310062,2.4826642800997716,1.0012019098301446,-0.6551137194122684,-0.24011192419928612,-0.0049036825461860395,0.005481207395992373,0.0011091514547991324,5.0
0.8767753550710142,2.4823873340901588,1.0012128055242937,-0.6551840840611861,-0.24006910709291637,-0.004878335908149928,0.0054741710883037375,0.0011082553682033537,5.0
0.8777755551110222,2.4821105375894095,1.0012236493583146,-0.6552540357908991,-0.24002643954360528,-0.00485317875784382,0.005467137542388076,0.0011073848293574223,5.0
0.8787757551510302,2.4818338914008327,1.0012344415263863,-0.655323571740498,-0.2399839230740677,-0.004828212491854072,0.005460106910655435,0.0011065400191963364,5.0
0.8797759551910382,2.481557396328991,1.0012451822241972,-0.6553926890412252,-0.2399415592163532,-0.004803438506940547,0.005453079348535507,0.0011057211175886524,5.0
0.8807761552310462,2.4812810531795213,1.0012558716489495,-0.655461384816906,-0.23989934951169528,-0.004778858199773779,0.00544605501448456,0.0011049283032843569,5.0
0.8817763552710542,2.4810048627589665,1.0012665099993674,-0.6555296561843914,-0.23985729551035903,-0.004754472966671027,0.005439034069991315,0.0011041617538628155,5.0
0.8827765553110622,2.480728825874597,1.0012770974756942,-0.655597500253998,-0.2398153987714827,-0.004730284203331057,0.005432016679581651,0.0011034216456808394,5.0
0.8837767553510703,2.4804529433342335,1.0012876342797035,-0.6556649141299568,-0.239773660862917,-0.004706293304568021,0.0054250030108222505,0.0011027081538209297,5.0
0.8847769553910783,2.480177215946069,1.001298120614698,-0.6557318949108644,-0.23973208336106008,-0.0046825016640444405,0.005417993234323062,0.0011020214520396849,5.0
0.8857771554310863,2.479901644518489,1.0013085566855136,-0.655798439690138,-0.23969066785068935,-0.004658910674003447,0.005410987523738607,0.0011013617127164298,5.0
0.8867773554710943,2.4796262298598917,1.001318942698525,-0.6558645455564757,-0.23964941592478992,-0.004635521725000318,0.0054039860557682125,0.0011007291068021018,5.0
0.8877775555111023,2.479350972778504,1.0013292788616424,-0.6559302095943176,-0.23960832918437844,-0.004612336205633524,0.005396989010154952,0.001100123803768394,5.0
0.8887777555511103,2.479075874082201,1.0013395653843178,-0.6559954288843123,-0.23956740923832354,-0.004589355502275512,0.005389996569683469,0.0010995459715571695,5.0
0.8897779555911183,2.4788009345783206,1.001349802477548,-0.6560602005037881,-0.23952665770316536,-0.004566580998803126,0.0053830089201766075,0.001098995776530263,5.0
0.8907781556311263,2.47852615507348,1.0013599903538737,-0.6561245215272216,-0.2394860762029276,-0.004544014076327928,0.0053760262504908025,0.0010984733834195652,5.0
0.8917783556711343,2.478251536373389,1.0013701292273793,-0.6561883890267156,-0.23944566636892925,-0.004521656112926579,0.005369048752510303,0.0010979789552775475,5.0
0.8927785557111423,2.477977079282664,1.0013802193136987,-0.6562518000724752,-0.23940542983959232,-0.004499508483371302,0.005362076621140171,0.0010975126534281978,5.0
0.8937787557511503,2.4777027846046424,1.0013902608300096,-0.6563147517332886,-0.23936536826024593,-0.004477572558860587,0.005355110054298053,0.001097074637418388,5.0
0.8947789557911583,2.4774286531411946,1.001400253995039,-0.6563772410770083,-0.23932548328292713,-0.004455849706750353,0.005348149252904708,0.0010966650649696858,5.0
0.8957791558311663,2.477154685692535,1.0014101990290587,-0.6564392651710362,-0.23928577656617897,-0.0044343412902856025,0.005341194420873312,0.0010962840919307144,5.0
0.8967793558711743,2.476880883057034,1.0014200961538886,-0.656500821082809,-0.23924624977484632,-0.004413048668332771,0.005334245765097514,0.0010959318722299804,5.0
0.8977795559111823,2.4766072460310316,1.0014299455928937,-0.6565619058802865,-0.23920690457986696,-0.004391973195112803,0.005327303495438248,0.001095608557829296,5.0
0.8987797559511903,2.4763337754086465,1.0014397475709815,-0.6566225166324395,-0.23916774265806096,-0.004371116219935166,0.005320367824709336,0.0010953142986777694,5.0
0.8997799559911983,2.4760604719815875,1.001449502314605,-0.6566826504097406,-0.23912876569191702,-0.004350479086932948,0.005313438968661782,0.0010950492426663831,5.0
0.9007801560312063,2.475787336538966,1.0014592100517556,-0.6567423042846546,-0.23908997536937568,-0.004330063134799043,0.005306517145966849,0.0010948135355832557,5.0
0.9017803560712143,2.475514369867105,1.0014688710119612,-0.6568014753321314,-0.23905137338361093,-0.004309869696523703,0.005299602578197916,0.0010946073210695063,5.0
0.9027805561112223,2.4752415727493515,1.001478485426289,-0.6568601606300968,-0.23901296143280665,-0.004289900099133516,0.005292695489811019,0.0010944307405758365,5.0
0.9037807561512303,2.4749689459658866,1.001488053527337,-0.6569183572599476,-0.23897474121993448,-0.004270155663431907,0.005285796108124198,0.0010942839333198228,5.0
0.9047809561912383,2.474696490293539,1.0014975755492321,-0.6569760623070422,-0.2389367144525252,-0.004250637703741321,0.00527890466329556,0.0010941670362439046,5.0
0.9057811562312463,2.474424206505595,1.0015070517276259,-0.6570332728611932,-0.2388988828424398,-0.004231347527647268,0.005272021388300115,0.0010940801839742008,5.0
0.9067813562712543,2.474152095371612,1.0015164822996925,-0.6570899860171627,-0.2388612481056389,-0.004212286435744243,0.005265146518905415,0.0010940235087800532,5.0
0.9077815563112623,2.473880157657231,1.0015258675041214,-0.6571461988751507,-0.23882381196194763,-0.004193455721383704,0.005258280293645868,0.0010939971405344085,5.0
0.9087817563512703,2.473608394123991,1.001535207581115,-0.6572019085412901,-0.2387865761348206,-0.004174856670424181,0.005251422953795913,0.0010940012066750387,5.0
0.9097819563912783,2.47333680552914,1.0015445027723824,-0.6572571121281333,-0.23874954235110343,-0.004156490560983799,0.005244574743341928,0.001094035832166583,5.0
0.9107821564312863,2.473065392625454,1.0015537533211316,-0.6573118067551432,-0.23871271234079255,-0.004138358663195107,0.005237735908952893,0.0010941011394634656,5.0
0.9117823564712944,2.47279415616105,1.0015629594720685,-0.6573659895491818,-0.23867608783679414,-0.004120462238962472,0.005230906699949916,0.0010941972484737822,5.0
0.9127825565113024,2.472523096879203,1.001572121471385,-0.6574196576449953,-0.23863967057467947,-0.004102802541722091,0.005224087368274508,0.001094324276523979,5.0
0.9137827565513104,2.4722522155181657,1.0015812395667578,-0.657472808185699,-0.23860346229244017,-0.004085380816204789,0.005217278168455684,0.0010944823383245979,5.0
0.9147829565913184,2.4719815128109834,1.0015903140073361,-0.6575254383232595,-0.23856746473024087,-0.00406819829820171,0.005210479357575886,0.0010946715459369144,5.0
0.9157831566313264,2.471710989485318,1.0015993450437384,-0.6575775452189767,-0.23853167963017058,-0.004051256214332916,0.0052036911952357415,0.0010948920087405494,5.0
0.9167833566713344,2.4714406462632654,1.0016083329280419,-0.6576291260439605,-0.23849610873599306,-0.0040345557818191055,0.005196913943517661,0.0010951438334021015,5.0
0.9177835567113424,2.47117048386118,1.0016172779137769,-0.6576801779796062,-0.23846075379289505,-0.0040180982082565295,0.005190147866948297,0.0010954271238447738,5.0
0.9187837567513504,2.4709005029894975,1.001626180255916,-0.6577306982180678,-0.23842561654723354,-0.004001884691395185,0.005183393232459867,0.0010957419812190428,5.0
0.9197839567913584,2.4706307043525606,1.0016350402108662,-0.657780683962728,-0.23839069874628233,-0.003985916418920408,0.005176650309350371,0.0010960885038743774,5.0
0.9207841568313664,2.4703610886484464,1.0016438580364604,-0.6578301324286643,-0.23835600213797706,-0.003970194568237958,0.005169919369242713,0.0010964667873320088,5.0
0.9217843568713744,2.470091656568793,1.0016526339919474,-0.6578790408431135,-0.2383215284706594,-0.003954720306262702,0.0051632006860427284,0.0010968769242587833,5.0
0.9227845569113824,2.469822408798631,1.0016613683379803,-0.6579274064459301,-0.23828727949282,-0.00393949478921093,0.005156494535896141,0.001097319004442082,5.0
0.9237847569513904,2.4695533460162147,1.00167006133661,-0.6579752264900427,-0.23825325695284183,-0.003924519162396494,0.005149801197144483,0.0010977931147658974,5.0
0.9247849569913984,2.469284468892855,1.0016787132512703,-0.6580224982419067,-0.23821946259874077,-0.003909794560030798,0.005143120950280002,0.001098299339187992,5.0
0.9257851570314064,2.469015778092755,1.0016873243467725,-0.6580692189819531,-0.23818589817790803,-0.0038953221050266815,0.005136454077899525,0.0010988377587181869,5.0
0.9267853570714144,2.4687472742728493,1.0016958948892873,-0.6581153860050312,-0.23815256543685057,-0.0038811029088063774,0.005129800864657334,0.0010994084513977875,5.0
0.9277855571114224,2.4684789580826414,1.001704425146338,-0.6581609966208471,-0.23811946612093043,-0.0038671380711135903,0.005123161597217061,0.0011000114922801734,5.0
0.9287857571514304,2.4682108301640437,1.0017129153867876,-0.6582060481544011,-0.23808660197410622,-0.0038534286798296916,0.005116536564202689,0.0011006469534125156,5.0
0.9297859571914384,2.467942891151225,1.0017213658808282,-0.6582505379464169,-0.23805397473867249,-0.0038399758107942185,0.005109926056148561,0.0011013149038187064,5.0
0.9307861572314464,2.4676751416704548,1.0017297768999631,-0.6582944633537655,-0.23802158615499905,-0.003826780527629641,0.005103330365448518,0.0011020154094834476,5.0
0.9317863572714544,2.4674075823399484,1.0017381487169994,-0.6583378217498868,-0.23798943796127103,-0.0038138438815705678,0.00509674978630411,0.0011027485333374833,5.0
0.9327865573114624,2.467140213769721,1.0017464816060333,-0.658380610525204,-0.2379575318932291,-0.003801166911297431,0.0050901846146720105,0.0011035143352440663,5.0
0.9337867573514704,2.4668730365614397,1.001754775842434,-0.6584228270875329,-0.23792586968390877,-0.003788750642774645,0.005083635148210525,0.0011043128719866113,5.0
0.9347869573914784,2.4666060513082764,1.0017630317028348,-0.6584644688624851,-0.23789445306338114,-0.00377659608909329,0.005077101686225371,0.0011051441972575267,5.0
0.9357871574314864,2.4663392585947674,1.0017712494651148,-0.6585055332938683,-0.23786328375849367,-0.003764704250318465,0.0050705845296145635,0.0011060083616482518,5.0
0.9367873574714944,2.4660726589966733,1.0017794294083842,-0.6585460178440773,-0.23783236349261141,-0.0037530761133414293,0.005064083980812645,0.0011069054126404962,5.0
0.9377875575115024,2.4658062530808404,1.0017875718129736,-0.6585859199944796,-0.23780169398535805,-0.003741712651736269,0.005057600343734099,0.0011078353945987171,5.0
0.9387877575515104,2.4655400414050694,1.0017956769604164,-0.6586252372457979,-0.23777127695235944,-0.0037306148256214633,0.005051133923716124,0.0011087983487637356,5.0
0.9397879575915185,2.465274024517979,1.0018037451334332,-0.6586639671184821,-0.23774111410498602,-0.0037197835815262026,0.0050446850274606615,0.0011097943132476252,5.0
0.9407881576315265,2.4650082029588796,1.0018117766159156,-0.6587021071530793,-0.23771120715009708,-0.0037092198522615852,0.005038253962975804,0.0011108233230297557,5.0
0.9417883576715345,2.4647425772576446,1.0018197716929145,-0.6587396549105934,-0.23768155778978584,-0.0036989245567967273,0.005031841039516564,0.0011118854099540863,5.0
0.9427885577115425,2.4644771479345886,1.0018277306506185,-0.6587766079728403,-0.23765216772112543,-0.003688898600139703,0.005025446567525051,0.0011129806027275959,5.0
0.9437887577515505,2.464211915500346,1.0018356537763409,-0.6588129639427955,-0.2376230386359158,-0.0036791428732234526,0.005019070858570066,0.0011141089269199665,5.0
0.9447889577915585,2.463946880455752,1.001843541358503,-0.6588487204449367,-0.23759417222043258,-0.0036696582527967108,0.005012714225286173,0.0011152704049644567,5.0
0.9457891578315665,2.4636820432917275,1.001851393686615,-0.6588838751255786,-0.23756557015517688,-0.0036604456013198316,0.005006376981312252,0.001116465056159933,5.0
0.9467893578715745,2.463417404489168,1.0018592110512625,-0.6589184256531969,-0.23753723411462555,-0.0036515057668657174,0.005000059441229522,0.0011176928966740943,5.0
0.9477895579115825,2.4631529645188346,1.0018669937440856,-0.658952369718753,-0.23750916576698453,-0.0036428395830256713,0.0049937619204991944,0.0011189539395478742,5.0
0.9487897579515905,2.462888723841245,1.0018747420577632,-0.6589857050360033,-0.237481366773943,-0.0036344478688202977,0.004987484735399633,0.0011202481947010488,5.0
0.9497899579915985,2.4626246829065725,1.0018824562859936,-0.6590184293418094,-0.23745383879042886,-0.003626331428615486,0.004981228202963161,0.0011215756689389293,5.0
0.9507901580316065,2.462360842154545,1.0018901367234796,-0.6590505403964318,-0.2374265834643667,-0.003618491052043325,0.004974992640912483,0.0011229363659602863,5.0
0.9517903580716145,2.462097202014349,1.0018977836659075,-0.6590820359838256,-0.23739960243643693,-0.003610927513928178,0.004968778367596745,0.0011243302863663445,5.0
0.9527905581116225,2.4618337629045324,1.001905397409929,-0.6591129139119223,-0.23737289733983702,-0.0036036415742177236,0.0049625857019273524,0.0011257574276709774,5.0
0.9537907581516305,2.4615705252329176,1.0019129782531433,-0.6591431720129047,-0.23734646980004503,-0.0035966339779190146,0.004956414963313472,0.0011272177843119498,5.0
0.9547909581916385,2.461307489396511,1.0019205264940774,-0.6591728081434789,-0.2373203214345844,-0.003589905455039627,0.0049502664715972465,0.0011287113476633353,5.0
0.9557911582316465,2.461044655781418,1.0019280424321697,-0.6592018201851335,-0.23729445385279294,-0.003583456720533757,0.004944140546988946,0.0011302381060490046,5.0
0.9567913582716545,2.4607820247627625,1.0019355263677456,-0.6592302060443922,-0.2372688686555905,-0.0035772884742532956,0.004938037510001752,0.001131798044757193,5.0
0.9577915583116625,2.460519596704609,1.001942978602003,-0.6592579636530611,-0.23724356743525218,-0.003571401400903948,0.004931957681386506,0.0011333911460561258,5.0
0.9587917583516705,2.460257371959884,1.0019503994369916,-0.6592850909684662,-0.23721855177518303,-0.0035657961700062022,0.004925901382066328,0.0011350173892107516,5.0
0.9597919583916785,2.459995350870308,1.0019577891755909,-0.6593115859736837,-0.2371938232496938,-0.003560473435861333,0.004919868933071076,0.0011366767505004264,5.0
0.9607921584316865,2.4597335337663244,1.001965148121493,-0.659337446677762,-0.23716938342378066,-0.0035554338375222536,0.004913860655471792,0.00113836920323773,5.0
0.9617923584716945,2.459471920967033,1.0019724765791806,-0.6593626711159362,-0.23714523385290737,-0.0035506779987692573,0.0049078768703151214,0.0011400947177881843,5.0
0.9627925585117025,2.459210512780129,1.001979774853911,-0.6593872573498359,-0.23712137608278974,-0.003546206528090588,0.004901917898557719,0.0011418532615910387,5.0
0.9637927585517105,2.4589493095018433,1.0019870432516884,-0.6594112034676829,-0.23709781164918198,-0.0035420200186677877,0.004895984061000669,0.0011436447991810027,5.0
0.9647929585917185,2.4586883114168843,1.0019942820792511,-0.6594345075844823,-0.23707454207766818,-0.003538119048365874,0.004890075678223987,0.0011454692922109524,5.0
0.9657931586317265,2.458427518798387,1.0020014916440452,-0.6594571678422061,-0.23705156888345352,-0.003534504179728134,0.004884193070521208,0.0011473266994755434,5.0
0.9667933586717345,2.4581669319078623,1.0020086722542085,-0.6594791824099688,-0.23702889357116114,-0.003531175959975745,0.004878336557834055,0.0011492169769357593,5.0
0.9677935587117426,2.45790655099515,1.0020158242185477,-0.659500549484193,-0.23700651763462993,-0.003528134921011902,0.004872506459687288,0.0011511400777443758,5.0
0.9687937587517506,2.4576463762983747,1.0020229478465157,-0.6595212672887711,-0.2369844425567164,-0.003525381579430586,0.00486670309512371,0.0011530959522722745,5.0
0.9697939587917586,2.4573864080439076,1.002030043448195,-0.6595413340752155,-0.23696266980909952,-0.0035229164365298935,0.004860926782639377,0.0011550845481356378,5.0
0.9707941588317666,2.457126646446325,1.002037111334272,-0.6595607481228016,-0.2369412008520881,-0.0035207399783297893,0.004855177840119027,0.0011571058102239765,5.0
0.9717943588717746,2.456867091708377,1.002044151816021,-0.6595795077387074,-0.23692003713443194,-0.003518852675594319,0.004849456584771799,0.0011591596807289865,5.0
0.9727945589117826,2.456607744020955,1.0020511652052777,-0.6595976112581375,-0.23689918009313554,-0.003517254983858201,0.004843763333067185,0.0011612460991741842,5.0
0.9737947589517906,2.4563486035630664,1.0020581518144223,-0.6596150570444465,-0.236878631153276,-0.0035159473434577216,0.004838098400671351,0.0011633650024453382,5.0
0.9747949589917986,2.4560896705018043,1.0020651119563546,-0.6596318434892477,-0.2368583917278227,-0.0035149301795658794,0.004832462102383688,0.0011655163248215999,5.0
0.9757951590318066,2.45583094499233,1.0020720459444787,-0.6596479690125245,-0.2368384632174621,-0.003514203902231775,0.00482685475207387,0.0011676999980074557,5.0
0.9767953590718146,2.4555724271778514,1.002078954092675,-0.6596634320627218,-0.2368188470104248,-0.00351376890642398,0.004821276662619191,0.0011699159511653241,5.0
0.9777955591118226,2.45531411718961,1.0020858367152796,-0.6596782311168379,-0.23679954448231508,-0.00351362557207814,0.004815728145842345,0.0011721641109488448,5.0
0.9787957591518306,2.4550560151468623,1.0020926941270696,-0.6596923646805078,-0.23678055699594733,-0.0035137742641484773,0.004810209512449678,0.0011744444015368487,5.0
0.9797959591918386,2.4547981211568763,1.0020995266432333,-0.6597058312880753,-0.2367618859011812,-0.0035142153326631633,0.0048047210719698395,0.0011767567446679767,5.0
0.9807961592318466,2.4545404353149194,1.002106334579354,-0.6597186295026624,-0.23674353253476382,-0.0035149491127837236,0.004799263132692951,0.001179101059675875,5.0
0.9817963592718546,2.4542829577042564,1.002113118251385,-0.6597307579162279,-0.23672549822017458,-0.003515975924868013,0.004793836001610313,0.0011814772635250438,5.0
0.9827965593118626,2.454025688396146,1.0021198779756317,-0.6597422151496197,-0.23670778426747305,-0.003517296074536999,0.0047884399843545755,0.0011838852708471962,5.0
0.9837967593518702,2.453768627449846,1.0021266140687293,-0.6597529998526209,-0.23669039197315045,-0.0035189098527452067,0.00478307538514049,0.0011863249939781824,5.0
0.9847969593918782,2.4535117749126134,1.0021333268476196,-0.6597631107039864,-0.2366733226199856,-0.003520817535854688,0.004777742506706254,0.0011887963429954586,5.0
0.9857971594318862,2.4532551308197132,1.00214001662953,-0.6597725464114735,-0.23665657747690322,-0.0035230193857124547,0.0047724416502553935,0.0011912992257560235,5.0
0.9867973594718942,2.4529986951944283,1.002146683731954,-0.6597813057118661,-0.23664015779883718,-0.003525515649731334,0.00476717311539933,0.0011938335479348616,5.0
0.9877975595119022,2.452742468048071,1.0021533284726278,-0.6597893873709915,-0.23662406482659631,-0.0035283065609741635,0.004761937200100516,0.0011963992130638213,5.0
0.9887977595519102,2.45248644938,1.0021599511695096,-0.6597967901837292,-0.23660829978673498,-0.0035313923382412366,0.004756734200616275,0.001198996122570913,5.0
0.9897979595919182,2.452230639177635,1.0021665521407594,-0.6598035129740143,-0.2365928638914263,-0.0035347731861608985,0.004751564411443262,0.0012016241758200296,5.0
0.9907981596319262,2.4519750374164793,1.0021731317047162,-0.6598095545948331,-0.23657775833834022,-0.003538449295283224,0.004746428125262647,0.0012042832701510432,5.0
0.9917983596719342,2.451719644060142,1.0021796901798778,-0.6598149139282123,-0.23656298431052378,-0.0035424208421767534,0.004741325632885978,0.0012069733009202454,5.0
0.9927985597119422,2.4514644590603636,1.0021862278848785,-0.6598195898852002,-0.23654854297628672,-0.0035466879895281007,0.0047362572232017685,0.0012096941615411256,5.0
0.9937987597519502,2.4512094823570436,1.0021927451384702,-0.6598235814058462,-0.23653443548909026,-0.0035512508862444612,0.004731223183122844,0.001212445743525464,5.0
0.9947989597919582,2.4509547138782715,1.0021992422594987,-0.6598268874591663,-0.23652066298743887,-0.003556109667558868,0.004726223797534378,0.0012152279365247193,5.0
0.9957991598319662,2.450700153540358,1.0022057195668843,-0.659829507043108,-0.23650722659477694,-0.0035612644551381565,0.004721259349242762,0.0012180406283716512,5.0
0.9967993598719742,2.450445801247872,1.0022121773796018,-0.6598314391845087,-0.23649412741938833,-0.0035667153571934903,0.004716330118925217,0.0012208837051222224,5.0
0.9977995599119822,2.450191656893677,1.0022186160166575,-0.6598326829390432,-0.23648136655430074,-0.00357246246859349,0.0047114363850802015,0.0012237570510977003,5.0
0.9987997599519902,2.4499377203589714,1.002225035797071,-0.6598332373911697,-0.2364689450771924,-0.003578505870979736,0.004706578423978633,0.0012266605489269639,5.0
0.9997999599919982,2.44968399151333,1.0022314370398522,-0.6598331016540696,-0.23645686405030403,-0.0035848456328846554,0.004701756509615897,0.0012295940795889661,5.0
1.0008001600320062,2.449430470214748,1.0022378200639819,-0.6598322748695777,-0.23644512452035346,-0.0035914818098517565,0.004696970913664708,0.0012325575224553338,5.0
1.0018003600720142,2.449177156309689,1.0022441851883925,-0.6598307562081102,-0.23643372751845398,-0.0035984144445579823,0.004692221905428776,0.0012355507553331664,5.0
1.0028005601120222,2.4489240496331313,1.0022505327319458,-0.6598285448685852,-0.23642267406003772,-0.003605643566938288,0.0046875097517973426,0.0012385736545078498,5.0
1.0038007601520302,2.448671150008621,1.0022568630134134,-0.659825640078338,-0.23641196514478144,-0.003613169194312173,0.004682834717200577,0.0012416260947860388,5.0
1.0048009601920382,2.448418457248322,1.0022631763514585,-0.6598220410930314,-0.23640160175653596,-0.0036209913315122942,0.004678197063565797,0.0012447079495386747,5.0
1.0058011602320462,2.448165971153073,1.0022694730646122,-0.6598177471965594,-0.23639158486326123,-0.0036291099710148624,0.004673597050274605,0.0012478190907440367,5.0
1.0068013602720542,2.447913691512443,1.002275753471257,-0.6598127577009449,-0.23638191541696196,-0.003637525093071914,0.00466903493412086,0.0012509593890308321,5.0
1.0078015603120623,2.4476616181047897,1.0022820178896061,-0.6598070719462362,-0.23637259435363062,-0.0036462366658453356,0.0046645109692695684,0.0012541287137212969,5.0
1.0088017603520703,2.447409750697321,1.0022882666376838,-0.6598006893003929,-0.23636362259319071,-0.003655244645542532,0.004660025407216623,0.0012573269328742733,5.0
1.0098019603920783,2.4471580890461575,1.0022945000333052,-0.6597936091591706,-0.23635500103944587,-0.0036645489765537134,0.004655578496749464,0.0012605539133282778,5.0
1.0108021604320863,2.446906632896395,1.0023007183940578,-0.6597858309459975,-0.23634673058003175,-0.003674149591590703,0.004651170483908604,0.001263809520744467,5.0
1.0118023604720943,2.4466553819821715,1.0023069220372836,-0.6597773541118503,-0.23633881208637209,-0.0036840464118271725,0.00464680161195009,0.0012670936196496,5.0
1.0128025605121023,2.446404336026735,1.0023131112800563,-0.6597681781351207,-0.2363312464136377,-0.003694239347040247,0.004642472121308855,0.0012704060734788632,5.0
1.0138027605521103,2.446153494742513,1.0023192864391675,-0.6597583025214803,-0.23632403440070932,-0.003704728295753497,0.00463818224956295,0.0012737467446186123,5.0
1.0148029605921183,2.445902857831182,1.0023254478311037,-0.6597477268037396,-0.23631717687014464,-0.0037155131453810606,0.0046339322313987364,0.0012771154944490127,5.0
1.0158031606321263,2.4456524249837415,1.0023315957720293,-0.659736450541703,-0.23631067462814803,-0.003726593772372997,0.004629722298576926,0.0012805121833864952,5.0
1.0168033606721343,2.4454021958805883,1.00233773057777,-0.6597244733220193,-0.23630452846454408,-0.0037379700423617506,0.0046255526798995835,0.0012839366709261036,5.0
1.0178035607121423,2.4451521701915913,1.0023438525637907,-0.6597117947580274,-0.23629873915275446,-0.003749641810309663,0.004621423601177987,0.0012873888156836393,5.0
1.0188037607521503,2.44490234757617,1.0023499620451812,-0.6596984144895971,-0.23629330744977886,-0.003761608920657427,0.004617335285201424,0.0012908684754376308,5.0
1.0198039607921583,2.44465272768337,1.0023560593366365,-0.6596843321829693,-0.23628823409617883,-0.0037738712074734874,0.004613287951706914,0.0012943755071711507,5.0
1.0208041608321663,2.444403310151947,1.0023621447524385,-0.6596695475305864,-0.23628351981606538,-0.003786428494604257,0.00460928181734979,0.0012979097671133198,5.0
1.0218043608721743,2.4441540946104463,1.00236821860644,-0.6596540602509251,-0.23627916531708937,-0.0037992805958251925,0.004605317095675217,0.0013014711107806661,5.0
1.0228045609121823,2.443905080677284,1.0023742812120469,-0.6596378700883178,-0.23627517129043593,-0.003812427314992539,0.004601393997090587,0.001305059393018228,5.0
1.0238047609521903,2.4436562679608342,1.0023803328821996,-0.6596209768127798,-0.2362715384108222,-0.0038258684461958095,0.004597512728838843,0.0013086744680403822,5.0
1.0248049609921983,2.443407656059513,1.0023863739293581,-0.6596033802198228,-0.23626826733649786,-0.0038396037739108126,0.0045936734949726605,0.0013123161894714197,5.0
1.0258051610322063,2.443159244561864,1.0023924046654842,-0.6595850801302723,-0.2362653587092493,-0.0038536330731533644,0.004589876496329552,0.001315984410385857,5.0
1.0268053610722143,2.442911033046647,1.0023984254020242,-0.6595660763900768,-0.23626281315440675,-0.0038679561096333815,0.004586121930507821,0.0013196789833484182,5.0
1.0278055611122223,2.4426630210829257,1.002404436449893,-0.6595463688701171,-0.23626063128085537,-0.003882572639909564,0.004582409991843426,0.001323399760453775,5.0
1.0288057611522303,2.4424152082301602,1.0024104381194578,-0.6595259574660087,-0.2362588136810483,-0.0038974824115444286,0.004578740871387702,0.0013271465933659098,5.0
1.0298059611922383,2.4421675940382963,1.0024164307205221,-0.6595048420979027,-0.2362573609310242,-0.003912685163259708,0.004575114756885937,0.0013309193333572173,5.0
1.0308061612322463,2.441920178047857,1.0024224145623104,-0.6594830227102848,-0.23625627359042684,-0.00392818062509212,0.004571531832756864,0.001334717831347241,5.0
1.0318063612722543,2.441672959790037,1.0024283899534507,-0.6594604992717696,-0.23625555220252828,-0.003943968518549327,0.004567992280072953,0.0013385419379410939,5.0
1.0328065613122623,2.4414259387867965,1.0024343572019618,-0.6594372717748913,-0.23625519729425498,-0.00396004855676623,0.004564496276541566,0.0013423915034675017,5.0
1.0338067613522703,2.441179114550957,1.0024403166152351,-0.6594133402358904,-0.23625520937621702,-0.003976420444661414,0.004561043996486949,0.0013462663780165124,5.0
1.0348069613922783,2.4409324865862954,1.0024462685000202,-0.659388704694503,-0.2362555889427397,-0.003993083879093709,0.004557635610833091,0.0013501664114768585,5.0
1.0358071614322863,2.440686054387642,1.0024522131624125,-0.6593633652137402,-0.23625633647189986,-0.004010038549018896,0.004554271287087364,0.0013540914535728867,5.0
1.0368073614722944,2.44043981744098,1.0024581509078339,-0.6593373218796695,-0.2362574524255619,-0.004027284135646515,0.004550951189325003,0.0013580413539011917,5.0
1.0378075615123024,2.4401937752235408,1.0024640820410233,-0.6593105748011916,-0.23625893724942085,-0.004044820312596648,0.004547675478174407,0.0013620159619668107,5.0
1.0388077615523104,2.439947927203907,1.0024700068660184,-0.6592831241098144,-0.23626079137304393,-0.004062646746056732,0.00454444431080321,0.0013660151272190386,5.0
1.0398079615923184,2.4397022728421094,1.0024759256861442,-0.6592549699594255,-0.23626301520991858,-0.0040807630949383925,0.004541257840905146,0.0013700386990868662,5.0
1.0408081616323264,2.439456811589731,1.0024818388039967,-0.6592261125260612,-0.23626560915750064,-0.004099169011034152,0.004538116218687724,0.001374086527013997,5.0
1.0418083616723344,2.439211542890006,1.0024877465214321,-0.6591965520076745,-0.23626857359726716,-0.004117864139174048,0.004535019590860689,0.001378158460493496,5.0
1.0428085617123424,2.4389664661779245,1.0024936491395502,-0.6591662886238974,-0.23627190889477012,-0.004136848117382153,0.004531968100625168,0.0013822543491019896,5.0
1.0438087617523504,2.4387215808803338,1.0024995469586842,-0.6591353226158063,-0.2362756153996946,-0.0041561205770329155,0.0045289618876636515,0.0013863740425334534,5.0
1.0448089617923584,2.4384768864160438,1.0025054402783848,-0.6591036542456793,-0.2362796934459178,-0.00417568114300741,0.0045260010881306555,0.0013905173906326325,5.0
1.0458091618323664,2.4382323821959293,1.0025113293974108,-0.6590712837967557,-0.2362841433515726,-0.004195529433849301,0.00452308583464418,0.0013946842434279755,5.0
1.0468093618723744,2.4379880676230385,1.002517214613711,-0.6590382115729896,-0.2362889654191113,-0.004215665061920557,0.0045202162562778155,0.0013988744511642002,5.0
1.0478095619123824,2.437743942092694,1.0025230962244192,-0.6590044378988068,-0.23629415993537425,-0.004236087633557052,0.004517392478553643,0.0014030878643344284,5.0
1.0488097619523904,2.437500004992602,1.0025289745258343,-0.6589699631188529,-0.23629972717165876,-0.004256796749223748,0.004514614623435764,0.0014073243337118634,5.0
1.0498099619923984,2.437256255702959,1.002534849813414,-0.6589347875977449,-0.2363056673837927,-0.0042777920036696825,0.004511882809324566,0.0014115837103810844,5.0
1.0508101620324064,2.4370126935965577,1.0025407223817613,-0.6588989117198181,-0.23631198081220878,-0.004299072986082617,0.004509197151051688,0.0014158658457688786,5.0
1.0518103620724144,2.4367693180388947,1.0025465925246115,-0.6588623358888719,-0.23631866768202123,-0.004320639280243315,0.004506557759875588,0.0014201705916746987,5.0
1.0528105621124224,2.4365261283882798,1.0025524605348222,-0.6588250605279146,-0.23632572820310563,-0.004342490464679592,0.004503964743477825,0.0014244978003005886,5.0
1.0538107621524304,2.436283123995944,1.0025583267043627,-0.6587870860789047,-0.2363331625701815,-0.0043646261128198775,0.004501418205960002,0.0014288473242808053,5.0
1.0548109621924384,2.436040304206148,1.0025641913243006,-0.6587484130024908,-0.23634097096289466,-0.004387045793146445,0.004498918247841274,0.0014332190167109223,5.0
1.0558111622324464,2.435797668356292,1.0025700546847949,-0.6587090417777518,-0.23634915354590477,-0.0044097490693483414,0.004496464966056566,0.0014376127311765137,5.0
1.0568113622724544,2.435555215777026,1.002575917075082,-0.6586689729019329,-0.23635771046897303,-0.004432735500473767,0.004494058453955362,0.0014420283217814805,5.0
1.0578115623124624,2.4353129457923592,1.002581778783467,-0.6586282068901815,-0.236366641867053,-0.0044560046410821305,0.004491698801301121,0.001446465643175855,5.0
1.0588117623524704,2.435070857719771,1.0025876400973133,-0.6585867442752815,-0.2363759478603834,-0.004479556041395642,0.004489386094271287,0.001450924550583245,5.0
1.0598119623924784,2.4348289508703216,1.0025935013030323,-0.6585445856073849,-0.23638562855458187,-0.004503389247450511,0.004487120415457868,0.0014554048998278257,5.0
1.0608121624324864,2.434587224548764,1.0025993626860754,-0.658501731453745,-0.2363956840407428,-0.004527503801247683,0.004484901843868615,0.0014599065473609204,5.0
1.0618123624724944,2.4343456780536545,1.0026052245309227,-0.6584581823984434,-0.23640611439553577,-0.004551899240903064,0.004482730454928759,0.0014644293502871569,5.0
1.0628125625125024,2.4341043106774647,1.0026110871210738,-0.6584139390421191,-0.23641691968130527,-0.00457657510079733,0.0044806063204832864,0.0014689731663901952,5.0
1.0638127625525104,2.4338631217066937,1.0026169507390406,-0.6583690020016965,-0.23642809994617459,-0.004601530911725262,0.0044785295087997916,0.00147353785415805,5.0
1.0648129625925185,2.4336221104219815,1.0026228156663362,-0.6583233719101093,-0.23643965522414925,-0.004626766201044569,0.004476500084571821,0.0014781232728080065,5.0
1.0658131626325265,2.433381276098219,1.0026286821834678,-0.6582770494160273,-0.2364515855352239,-0.004652280492824315,0.004474518108922813,0.0014827292823111095,5.0
1.0668133626725345,2.4331406180046646,1.002634550569927,-0.6582300351835766,-0.23646389088549027,-0.0046780733079926674,0.004472583639410464,0.0014873557434162612,5.0
1.0678135627125425,2.432900135405053,1.0026404211041833,-0.6581823298920643,-0.23647657126724683,-0.004704144164484377,0.004470696730031653,0.0014920025176738774,5.0
1.0688137627525505,2.4326598275577114,1.002646294063674,-0.6581339342356967,-0.23648962665911052,-0.004730492577387583,0.004468857431227889,0.0014966694674591883,5.0
1.0698139627925585,2.432419693715671,1.0026521697247985,-0.6580848489233023,-0.23650305702613078,-0.00475711805909013,0.00446706578989117,0.0015013564559951335,5.0
1.0708141628325665,2.432179733126782,1.0026580483629088,-0.6580350746780472,-0.2365168623199035,-0.004784020119425434,0.004465321849370374,0.0015060633473748055,5.0
1.0718143628725745,2.431939945033827,1.0026639302523024,-0.657984612237154,-0.2365310424786883,-0.004811198265817772,0.004463625649478114,0.0015107900065835643,5.0
1.0728145629125825,2.431700328674634,1.0026698156662164,-0.6579334623516205,-0.23654559742752693,-0.004838652003427089,0.0044619772264980215,0.0015155362995207405,5.0
1.0738147629525905,2.4314608832821913,1.0026757048768193,-0.6578816257859312,-0.2365605270783626,-0.0048663808352932434,0.004460376613192512,0.0015203020930209445,5.0
1.0748149629925985,2.431221608084761,1.0026815981552044,-0.6578291033177762,-0.236575831330162,-0.004894384262479753,0.004458823838810995,0.001525087254875016,5.0
1.0758151630326065,2.430982502305994,1.0026874957713818,-0.6577758957377615,-0.2365915100690375,-0.004922661784216931,0.004457318929098484,0.001529891653850567,5.0
1.0768153630726145,2.430743565165043,1.002693397994275,-0.6577220038491252,-0.2366075631683726,-0.004951212898044591,0.004455861906304684,0.0015347151597122036,5.0
1.0778155631126225,2.4305047958766766,1.0026993050917121,-0.6576674284674479,-0.23662399048894658,-0.004980037099954121,0.004454452789193418,0.0015395576432412816,5.0
1.0788157631526305,2.430266193651397,1.002705217330419,-0.6576121704203638,-0.23664079187906226,-0.0050091338845300575,0.004453091593052549,0.001544418976255398,5.0
1.0798159631926385,2.430027757695551,1.0027111349760172,-0.6575562305472723,-0.2366579671746751,-0.005038502745091095,0.004451778329704248,0.0015492990316274648,5.0
1.0808161632326465,2.4297894872114454,1.0027170582930127,-0.6574996096990483,-0.23667551619952207,-0.005068143173830563,0.004450513007515665,0.0015541976833044352,5.0
1.0818163632726545,2.429551381397461,1.0027229875447965,-0.6574423087377493,-0.23669343876525423,-0.005098054661956335,0.004449295631409996,0.001559114806325668,5.0
1.0828165633126625,2.429313439448171,1.0027289229936331,-0.6573843285363266,-0.2367117346715684,-0.0051282366998301404,0.004448126202877945,0.0015640502768409679,5.0
1.0838167633526705,2.4290756605544486,1.00273486490066,-0.6573256699783312,-0.2367304037063408,-0.005158688777106398,0.004447004719989511,0.0015690039721282638,5.0
1.0848169633926785,2.4288380439035877,1.002740813525879,-0.6572663339576231,-0.2367494456457633,-0.005189410382870458,0.004445931177406165,0.001573975770610919,5.0
1.0858171634326865,2.428600588679415,1.002746769128155,-0.657206321378076,-0.23676886025447855,-0.005220401005776205,0.004444905566393399,0.0015789655518747532,5.0
1.0868173634726945,2.428363294062403,1.0027527319652079,-0.6571456331532851,-0.23678864728571755,-0.005251660134183154,0.004443927874833627,0.0015839731966846707,5.0
1.0878175635127025,2.428126159229788,1.0027587022936093,-0.657084270206272,-0.2368088064814385,-0.00528318725629302,0.004442998087239354,0.0015889985870010041,5.0
1.0888177635527105,2.4278891833556817,1.0027646803687789,-0.6570222334691918,-0.2368293375724667,-0.005314981860285604,0.00444211618476682,0.0015940416059955287,5.0
1.0898179635927185,2.4276523656111846,1.0027706664449791,-0.6569595238830346,-0.23685024027863397,-0.0053470434344541845,0.004441282145229835,0.0015991021380670886,5.0
1.0908181636327265,2.4274157051645036,1.0027766607753115,-0.6568961423973345,-0.23687151430892195,-0.005379371467340251,0.0044404959431140496,0.0016041800688570075,5.0
1.0918183636727345,2.4271792011810636,1.002782663611713,-0.6568320899698703,-0.23689315936160382,-0.0054119654478677085,0.004439757549591464,0.001609275285264094,5.0
1.0928185637127426,2.426942852823622,1.0027886752049504,-0.6567673675663701,-0.23691517512438806,-0.005444824865476475,0.0044390669325353104,0.0016143876754593795,5.0
1.0938187637527506,2.4267066592523814,1.0027946958046208,-0.6567019761602166,-0.23693756127456417,-0.00547794921025544,0.004438424056535216,0.0016195171289005053,5.0
1.0948189637927586,2.426470619625107,1.002800725659143,-0.6566359167321492,-0.23696031747914667,-0.005511337973074864,0.004437828882912655,0.0016246635363458856,5.0
1.0958191638327666,2.426234733097235,1.002806765015757,-0.6565691902699663,-0.23698344339502272,-0.005544990645718174,0.004437281369736724,0.0016298267898684432,5.0
1.0968193638727746,2.425998998821989,1.0028128141205215,-0.6565017977682297,-0.2370069386690989,-0.005578906721013094,0.004436781471840185,0.0016350067828691552,5.0
1.0978195639127826,2.4257634159504935,1.0028188732183096,-0.656433740227967,-0.23703080293844964,-0.005613085692962189,0.004436329140835821,0.0016402034100902346,5.0
1.0988197639527906,2.4255279836318846,1.0028249425528057,-0.6563650186563743,-0.237055035830466,-0.005647527056872814,0.0044359243251330385,0.0016454165676280449,5.0
1.0998199639927986,2.4252927010134235,1.0028310223665033,-0.6562956340665189,-0.23707963696300569,-0.005682230309486401,0.004435566969954766,0.0016506461529457084,5.0
1.1008201640328066,2.4250575672406103,1.0028371129007028,-0.6562255874770407,-0.23710460594454275,-0.00571719494910709,0.004435257017354615,0.0016558920648854544,5.0
1.1018203640728146,2.4248225814572946,1.002843214395508,-0.6561548799118582,-0.23712994237432,-0.005752420475729724,0.004434994406234346,0.0016611542036806355,5.0
1.1028205641128226,2.4245877428057887,1.002849327089825,-0.6560835123998666,-0.2371556458424997,-0.0057879063911672425,0.004434779072361505,0.0016664324709674873,5.0
1.1038207641528306,2.4243530504269777,1.0028554512213592,-0.6560114859746448,-0.23718171593031698,-0.005823652199177331,0.004434610948387407,0.0016717267697966107,5.0
1.1048209641928386,2.424118503460432,1.0028615870266142,-0.6559388016741547,-0.23720815221023203,-0.005859657405588521,0.004434489963865292,0.0016770370046441396,5.0
1.1058211642328466,2.4238841010445173,1.0028677347408887,-0.6558654605404467,-0.23723495424608512,-0.005895921518425524,0.0044344160452687974,0.0016823630814226595,5.0
1.1068213642728546,2.4236498423165065,1.0028738945982751,-0.6557914636193616,-0.2372621215932495,-0.005932444048033882,0.00443438911601063,0.001687704907491858,5.0
1.1078215643128626,2.4234157264126885,1.0028800668316593,-0.6557168119602343,-0.23728965379878691,-0.005969224507203993,0.004434409096461459,0.0016930623916688598,5.0
1.1088217643528706,2.4231817524684796,1.0028862516727184,-0.6556415066155977,-0.23731755040160407,-0.006006262411294421,0.004434475903969104,0.0016984354442383506,5.0
1.1098219643928786,2.422947919618532,1.0028924493519178,-0.6555655486408862,-0.2373458109326061,-0.0060435572783544295,0.004434589452877874,0.0017038239769623493,5.0
1.1108221644328866,2.422714226996844,1.0028986600985126,-0.6554889390941403,-0.23737443491485502,-0.006081108629245916,0.004434749654548193,0.0017092279030898106,5.0
1.1118223644728946,2.422480673736867,1.002904884140546,-0.655411679035712,-0.23740342186372534,-0.006118915987764553,0.004434956417376383,0.0017146471373658528,5.0
1.1128225645129026,2.422247258971614,1.0029111217048465,-0.6553337695279673,-0.2374327712870618,-0.006156978880760164,0.00443520964681473,0.0017200815960408016,5.0
1.1138227645529106,2.4220139818337687,1.0029173730170309,-0.6552552116349954,-0.23746248268533637,-0.006195296838256431,0.00443550924539166,0.0017255311968789172,5.0
1.1148229645929186,2.421780841455792,1.0029236383014994,-0.6551760064223112,-0.2374925555518065,-0.006233869393569827,0.004435855112732233,0.0017309958591668817,5.0
1.1158231646329266,2.4215478369700296,1.002929917781439,-0.6550961549565644,-0.23752298937267322,-0.006272696083427803,0.00443624714557875,0.0017364755037220412,5.0
1.1168233646729346,2.421314967508816,1.0029362116788214,-0.6550156583052462,-0.23755378362723933,-0.006311776448086132,0.004436685237811596,0.0017419700529003289,5.0
1.1178235647129426,2.421082232204582,1.0029425202144016,-0.6549345175363948,-0.23758493778806858,-0.006351110031445525,0.0044371692804702646,0.0017474794306039756,5.0
1.1188237647529506,2.4208496301899594,1.002948843607722,-0.6548527337183065,-0.23761645132114453,-0.006390696381167471,0.0044376991617745614,0.0017530035622889606,5.0
1.1198239647929586,2.4206171605978866,1.0029551820771083,-0.6547703079192435,-0.2376483236860294,-0.006430535048789228,0.004438274767146002,0.0017585423749721541,5.0
1.1208241648329667,2.42038482256171,1.0029615358396717,-0.6546872412071444,-0.23768055433602417,-0.006470625589838021,0.004438895979229385,0.0017640957972382652,5.0
1.1218243648729747,2.420152615215291,1.0029679051113105,-0.654603534649333,-0.23771314271832697,-0.006510967563944414,0.004439562677914534,0.0017696637592464952,5.0
1.1228245649129827,2.4199205376931046,1.0029742901067074,-0.6545191893122322,-0.23774608827419397,-0.006551560534954848,0.004440274740358189,0.0017752461927369252,5.0
1.1238247649529907,2.419688589130345,1.0029806910393333,-0.6544342062610737,-0.23777939043909818,-0.0065924040710433306,0.004441032041006101,0.0017808430310366692,5.0
1.1248249649929987,2.4194567686630237,1.0029871081214483,-0.6543485865596133,-0.23781304864288977,-0.006633497744822265,0.004441834451615272,0.0017864542090657769,5.0
1.1258251650330067,2.419225075428074,1.0029935415641003,-0.6542623312698427,-0.23784706230995598,-0.006674841133452364,0.004442681841276331,0.0017920796633428514,5.0
1.1268253650730147,2.4189935085634486,1.0029999915771286,-0.6541754414517073,-0.23788143085938085,-0.006716433818751735,0.004443574076436091,0.001797719331990431,5.0
1.1278255651130227,2.4187620672082186,1.003006458369163,-0.6540879181628185,-0.23791615370510474,-0.006758275387304083,0.00444451102092021,0.0018033731547401075,5.0
1.1288257651530307,2.4185307505026734,1.003012942147628,-0.6539997624581739,-0.23795123025608503,-0.006800365430565967,0.004445492535956035,0.0018090410729373944,5.0
1.1298259651930387,2.418299557588418,1.0030194431187416,-0.6539109753898742,-0.23798665991645543,-0.006842703544973137,0.004446518480195569,0.001814723029546348,5.0
1.1308261652330467,2.4180684876084686,1.00302596148752,-0.6538215580068425,-0.23802244208568557,-0.006885289332045981,0.004447588709738568,0.0018204189691539139,5.0
1.1318263652730547,2.4178375397073513,1.0030324974577778,-0.653731511354544,-0.2380585761587406,-0.006928122398493975,0.004448703078155788,0.0018261288379740658,5.0
1.1328265653130627,2.4176067130311965,1.0030390512321286,-0.653640836474709,-0.23809506152624108,-0.006971202356319187,0.004449861436512329,0.0018318525838516373,5.0
1.1338267653530707,2.4173760067278325,1.0030456230119909,-0.6535495344050546,-0.23813189757462175,-0.007014528822918896,0.00445106363339111,0.0018375901562659386,5.0
1.1348269653930787,2.41714541994688,1.003052212997588,-0.6534576061790105,-0.23816908368629142,-0.007058101421187144,0.0044523095149164625,0.001843341506334106,5.0
1.1358271654330867,2.4169149518398463,1.0030588213879508,-0.6533650528254408,-0.23820661923979064,-0.00710191977961528,0.0044535989247778286,0.0018491065868141876,5.0
1.1368273654730947,2.4166846015602146,1.0030654483809187,-0.6532718753683752,-0.23824450360995172,-0.0071459835323916055,0.004454931704253561,0.0018548853521080239,5.0
1.1378275655131027,2.416454368263537,1.0030720941731484,-0.6531780748267352,-0.23828273616805606,-0.0071902923194999595,0.004456307692234873,0.0018606777582638376,5.0
1.1388277655531107,2.4162242511075247,1.0030787589601091,-0.6530836522140631,-0.23832131628199282,-0.007234845786817179,0.004457726725249816,0.0018664837629785728,5.0
1.1398279655931187,2.4159942492521376,1.00308544293609,-0.6529886085382541,-0.2383602433164166,-0.0072796435862096725,0.004459188637487394,0.0018723033256000158,5.0
1.1408281656331267,2.4157643618596705,1.0030921462942042,-0.6528929448012896,-0.23839951663290465,-0.007324685375628891,0.004460693260821767,0.001878136407128632,5.0
1.1418283656731347,2.4155345880948436,1.0030988692263878,-0.65279666199897,-0.23843913559011426,-0.007369970819205705,0.004462240424836513,0.0018839829702191866,5.0
1.1428285657131427,2.4153049271248865,1.0031056119234085,-0.6526997611206513,-0.23847909954393914,-0.007415499587343714,0.004463829956848995,0.0018898429791821072,5.0
1.1438287657531507,2.4150753781196266,1.003112374574863,-0.6526022431489819,-0.23851940784766584,-0.007461271356811526,0.004465461681934809,0.0018957163999845728,5.0
1.1448289657931587,2.4148459402515705,1.0031191573691873,-0.6525041090596428,-0.2385600598521294,-0.007507285810833886,0.004467135422952285,0.0019016032002514166,5.0
1.1458291658331667,2.4146166126959896,1.0031259604936573,-0.6524053598210882,-0.23860105490586936,-0.0075535426391817855,0.004468851000567058,0.0019075033492657292,5.0
1.1468293658731747,2.4143873946310017,1.00313278413439,-0.6523059963942868,-0.23864239235528334,-0.007600041538261269,0.004470608233276719,0.001913416817969241,5.0
1.1478295659131827,2.4141582852376535,1.0031396284763523,-0.6522060197324675,-0.23868407154478263,-0.007646782211201359,0.0044724069374355024,0.001919343578962455,5.0
1.1488297659531908,2.4139292837000013,1.0031464937033614,-0.6521054307808652,-0.23872609181694532,-0.007693764367940642,0.004474246927279036,0.0019252836065045418,5.0
1.1498299659931988,2.413700389205188,1.0031533799980927,-0.6520042304764687,-0.2387684525126697,-0.007740987725312819,0.004476128014949141,0.0019312368765129905,5.0
1.1508301660332068,2.413471600943526,1.003160287542081,-0.6519024197477702,-0.23881115297132677,-0.00778845200713106,0.004478050010518665,0.0019372033665630152,5.0
1.1518303660732148,2.413242918108571,1.0031672165157257,-0.6517999995145176,-0.23885419253091247,-0.00783615694427125,0.004480012722016383,0.001943183055886739,5.0
1.1528305661132228,2.4130143398972,1.003174167098295,-0.6516969706874693,-0.23889757052819902,-0.007884102274753918,0.004482015955451937,0.0019491759253721405,5.0
1.1538307661532308,2.4127858655096857,1.0031811394679317,-0.6515933341681467,-0.2389412862988853,-0.007932287743825176,0.004484059514840725,0.001955181957561713,5.0
1.1548309661932388,2.4125574941497714,1.0031881338016568,-0.651489090848595,-0.23898533917774756,-0.007980713104036245,0.0044861432022289495,0.001961201136650961,5.0
1.1558311662332468,2.412329225024745,1.0031951502753749,-0.6513842416111421,-0.23902972849878837,-0.008029378115321947,0.004488266817718578,0.0019672334484866173,5.0
1.1568313662732548,2.412101057345508,1.003202189063878,-0.6512787873281605,-0.239074453595385,-0.008078282545077928,0.004490430159492351,0.0019732788805646175,5.0
1.1578315663132628,2.411872990326651,1.0032092503408525,-0.6511727288618303,-0.23911951380043756,-0.008127426168236689,0.004492633023838817,0.0019793374220278574,5.0
1.1588317663532708,2.41164502318652,1.0032163342788816,-0.6510660670639061,-0.23916490844651578,-0.008176808767342326,0.004494875205177359,0.0019854090636637527,5.0
1.1598319663932788,2.4114171551472854,1.003223441049452,-0.6509588027754857,-0.2392106368660062,-0.008226430132624061,0.004497156496083268,0.0019914937979015166,5.0
1.1608321664332868,2.4111893854350117,1.0032305708229585,-0.6508509368267801,-0.23925669839125643,-0.00827629006206856,0.004499476687312723,0.001997591618809231,5.0
1.1618323664732948,2.410961713279723,1.0032377237687096,-0.6507424700368851,-0.23930309235472022,-0.008326388361490989,0.004501835567827853,0.0020037025220906723,5.0
1.1628325665133028,2.410734137915468,1.0032449000549324,-0.6506334032135582,-0.2393498180891014,-0.008376724844604833,0.004504232924821715,0.0020098265050819647,5.0
1.1638327665533108,2.410506658580383,1.0032520998487775,-0.6505237371529942,-0.2393968749274967,-0.008427299333090402,0.004506668543743348,0.002015963566747943,5.0
1.1648329665933188,2.410279274516758,1.0032593233163258,-0.6504134726396058,-0.23944426220353737,-0.008478111656662058,0.004509142208322686,0.002022113707678344,5.0
1.1658331666333268,2.4100519849710955,1.0032665706225925,-0.6503026104458042,-0.23949197925153048,-0.008529161653134276,0.0045116537005955425,0.002028276930083747,5.0
1.1668333666733348,2.409824789194175,1.0032738419315317,-0.6501911513317841,-0.23954002540659908,-0.00858044916848634,0.004514202800928492,0.002034453237791278,5.0
1.1678335667133428,2.4095976864411077,1.003281137406045,-0.6500790960453096,-0.23958840000482065,-0.008631974056925739,0.004516789288043779,0.0020406426362401617,5.0
1.1688337667533508,2.409370675971399,1.0032884572079839,-0.6499664453215038,-0.2396371023833661,-0.008683736180950358,0.0045194129390441215,0.0020468451324770058,5.0
1.1698339667933588,2.409143757049003,1.003295801498158,-0.6498531998826409,-0.23968613188063653,-0.008735735411409318,0.004522073529437504,0.0020530607351508514,5.0
1.1708341668333668,2.4089169289423813,1.0033031704363382,-0.6497393604379373,-0.2397354878363984,-0.008787971627562565,0.004524770833161877,0.0020592894545080616,5.0
1.1718343668733748,2.4086901909245557,1.0033105641812647,-0.6496249276833499,-0.2397851695919203,-0.008840444717139137,0.0045275046226098715,0.0020655313023869664,5.0
1.1728345669133828,2.4084635422731626,1.0033179828906507,-0.6495099023013734,-0.2398351764901049,-0.008893154576394068,0.004530274668653351,0.002071786292212327,5.0
1.1738347669533908,2.408236982270505,1.0033254267211875,-0.6493942849608434,-0.2398855078756234,-0.008946101110164098,0.004533080740668005,0.002078054438989548,5.0
1.1748349669933988,2.4080105102036047,1.0033328958285528,-0.6492780763167392,-0.23993616309504645,-0.008999284231922072,0.0045359226065577575,0.00208433575929874,5.0
1.1758351670334068,2.4077841253642522,1.0033403903674163,-0.6491612770099886,-0.23998714149697414,-0.009052703863829926,0.004538800032779156,0.002090630271288514,5.0
1.1768353670734149,2.4075578270490556,1.0033479104914425,-0.6490438876672789,-0.24003844243216702,-0.009106359936790482,0.004541712784365664,0.0020969379946696397,5.0
1.1778355671134229,2.407331614559487,1.0033554563532996,-0.648925908900867,-0.24009006525367327,-0.009160252390497888,0.0045446606249518505,0.0021032589507084345,5.0
1.1788357671534309,2.4071054872019304,1.003363028104664,-0.6488073413083927,-0.2401420093169557,-0.009214381173486748,0.004547643316797465,0.0021095931622199964,5.0
1.1798359671934389,2.4068794442877266,1.003370625896225,-0.6486881854726964,-0.24019427398001772,-0.00926874624317996,0.004550660620811442,0.0021159406535612353,5.0
1.1808361672334469,2.406653485133217,1.0033782498776929,-0.6485684419616374,-0.24024685860352848,-0.009323347565935256,0.004553712296575806,0.002122301450623708,5.0
1.1818363672734549,2.406427609059787,1.0033859001978045,-0.6484481113279166,-0.2402997625509458,-0.009378185117090373,0.0045567981023694045,0.0021286755808262894,5.0
1.1828365673134629,2.4062018153939073,1.0033935770043254,-0.6483271941088992,-0.24035298518863818,-0.009433258881006993,0.004559917795191556,0.00213506307310757,5.0
1.1838367673534709,2.4059761034671725,1.0034012804440617,-0.6482056908264433,-0.2404065258860062,-0.009488568851113441,0.0045630711307855665,0.0021414639579181503,5.0
1.1848369673934789,2.4057504726163437,1.003409010662862,-0.6480836019867287,-0.24046038401560135,-0.009544115029945883,0.004566257863662097,0.0021478782672126953,5.0
1.1858371674334869,2.4055249221833837,1.0034167678056225,-0.6479609280800883,-0.24051455895324522,-0.00959989742918839,0.004569477747122435,0.0021543060344418664,5.0
1.1868373674734949,2.4052994515154946,1.0034245520162963,-0.647837669580845,-0.24056905007814547,-0.009655916069711648,0.00457273053328155,0.0021607472945439844,5.0
1.187837567513503,2.405074059965152,1.0034323634378965,-0.6477138269471476,-0.24062385677301198,-0.009712170981610454,0.004576015973091061,0.0021672020839365973,5.0
1.188837767553511,2.4048487468901416,1.0034402022125037,-0.6475894006208117,-0.24067897842417083,-0.009768662204239786,0.004579333816361984,0.002173670440507791,5.0
1.189837967593519,2.40462351165359,1.0034480684812703,-0.6474643910271627,-0.24073441442167728,-0.009825389786249725,0.004582683811787403,0.002180152403607409,5.0
1.190838167633527,2.404398353623998,1.0034559623844277,-0.647338798574882,-0.2407901641594275,-0.009882353785619007,0.004586065706964873,0.0021866480140380466,5.0
1.191838367673535,2.4041732721752695,1.0034638840612922,-0.6472126236558542,-0.24084622703526795,-0.009939554269687357,0.004589479248418713,0.002193157314045869,5.0
1.192838567713543,2.40394826668674,1.0034718336502695,-0.6470858666450197,-0.24090260245110473,-0.009996991315186552,0.004592924181622097,0.0021996803473113002,5.0
1.193838767753551,2.4037233365432087,1.0034798112888614,-0.6469585279002256,-0.24095928981301007,-0.01005466500827018,0.00459640025101894,0.00220621715893951,5.0
1.194838967793559,2.4034984811349602,1.0034878171136736,-0.6468306077620863,-0.24101628853132923,-0.010112575444542167,0.0045999072000456245,0.0022127677954507756,5.0
1.195839167833567,2.4032736998577953,1.0034958512604162,-0.6467021065538393,-0.2410735980207833,-0.010170722729084083,0.004603444771152509,0.0022193323047706524,5.0
1.196839367873575,2.4030489921130482,1.003503913863915,-0.6465730245812088,-0.2411312177005731,-0.0102291069764812,0.004607012705825201,0.002225910736219992,5.0
1.197839567913583,2.402824357307617,1.0035120050581152,-0.6464433621322694,-0.2411891469944804,-0.010287728310847228,0.004610610744605673,0.0022325031405048146,5.0
1.198839767953591,2.40259979485398,1.003520124976087,-0.6463131194773136,-0.2412473853309676,-0.010346586865847936,0.004614238627113129,0.0022391095697060384,5.0
1.199839967993599,2.4023753041702176,1.0035282737500308,-0.6461822968687242,-0.24130593214327614,-0.010405682784723494,0.00461789609206465,0.0022457300772690363,5.0
1.200840168033607,2.4021508846800343,1.003536451511285,-0.6460508945408427,-0.24136478686952276,-0.010465016220309596,0.004621582877295586,0.0022523647179930792,5.0
1.201840368073615,2.4019265358127746,1.003544658390329,-0.6459189127098486,-0.24142394895279634,-0.010524587335057446,0.004625298719779763,0.0022590135480205914,5.0
1.202840568113623,2.401702257003438,1.003552894516792,-0.6457863515736348,-0.24148341784124924,-0.010584396301052469,0.004629043355649412,0.0022656766248263247,5.0
1.203840768153631,2.401478047692697,1.0035611600194563,-0.6456532113116922,-0.24154319298819213,-0.010644443300031916,0.004632816520214849,0.00227235400720634,5.0
1.204840968193639,2.401253907326912,1.0035694550262642,-0.6455194920849882,-0.2416032738521823,-0.010704728523401152,0.0046366179479839205,0.0022790457552668893,5.0
1.205841168233647,2.4010298353581425,1.0035777796643222,-0.645385194035858,-0.24166365989711436,-0.010765252172248932,0.004640447372681199,0.002285751930413163,5.0
1.206841368273655,2.40080583124416,1.0035861340599095,-0.6452503172878906,-0.24172435059230662,-0.010826014457361446,0.004644304527266853,0.0022924725953378956,5.0
1.207841568313663,2.4005818944484587,1.0035945183384805,-0.6451148619458216,-0.24178534541258748,-0.010887015599235246,0.0046481891439553065,0.002299207814009865,5.0
1.208841768353671,2.4003580244402647,1.0036029326246727,-0.6449788280954268,-0.24184664383837973,-0.010948255828089004,0.004652100954233613,0.0023059576516622545,5.0
1.209841968393679,2.4001342206945435,1.0036113770423112,-0.6448422158034209,-0.24190824535578231,-0.011009735383874182,0.004656039688879526,0.0023127221747809164,5.0
1.210842168433687,2.39991048269201,1.003619851714414,-0.6447050251173558,-0.24197014945665266,-0.011071454516284532,0.0046600050779792915,0.002319501451092513,5.0
1.211842368473695,2.399686809919131,1.0036283567631985,-0.6445672560655231,-0.24203235563868516,-0.011133413484764541,0.004663996850945163,0.002326295549552537,5.0
1.212842568513703,2.39946320186813,1.0036368923100867,-0.6444289086568608,-0.24209486340548847,-0.011195612558516775,0.00466801473653259,0.0023331045403332243,5.0
1.213842768553711,2.399239658036994,1.00364545847571,-0.6442899828808589,-0.24215767226666293,-0.011258052016508157,0.004672058462857102,0.002339928494811387,5.0
1.214842968593719,2.399016177929472,1.003654055379915,-0.6441504787074699,-0.24222078173787356,-0.01132073214747514,0.004676127757410909,0.0023467674855561053,5.0
1.215843168633727,2.3987927610550788,1.0036626831417685,-0.644010396087024,-0.24228419134092355,-0.01138365324992789,0.004680222347079195,0.002353621586316386,5.0
1.216843368673735,2.3985694069290915,1.0036713418795655,-0.6438697349501431,-0.24234790060382508,-0.011446815632153332,0.004684341958156044,0.00236049087200865,5.0
1.217843568713743,2.398346115072553,1.0036800317108303,-0.6437284952076584,-0.24241190906086904,-0.01151021961221726,0.004688486316360086,0.0023673754187041964,5.0
1.218843768753751,2.3981228850122647,1.0036887527523255,-0.6435866767505327,-0.2424762162526921,-0.011573865517965354,0.004692655146849791,0.0023742753036165285,5.0
1.219843968793759,2.397899716280786,1.0036975051200554,-0.6434442794497838,-0.2425408217263432,-0.011637753687023264,0.004696848174238422,0.0023811906050886403,5.0
1.220844168833767,2.3976766084164294,1.0037062889292707,-0.6433013031564092,-0.2426057250353476,-0.011701884466795619,0.004701065122608677,0.0023881214025801866,5.0
1.221844368873775,2.3974535609632524,1.0037151042944763,-0.6431577477013154,-0.24267092573976926,-0.011766258214464198,0.0047053057155269406,0.0023950677766545856,5.0
1.222844568913783,2.3972305734710524,1.0037239513294334,-0.6430136128952494,-0.24273642340627205,-0.011830875296985,0.004709569676057223,0.0024020298089660833,5.0
1.223844768953791,2.3970076454953575,1.003732830147167,-0.6428688985287314,-0.24280221760817897,-0.011895736091084467,0.004713856726774714,0.002409007582246671,5.0
1.224844968993799,2.3967847765974177,1.0037417408599698,-0.6427236043719909,-0.24286830792552896,-0.011960840983254652,0.004718166589779027,0.0024160011802930254,5.0
1.225845169033807,2.3965619663441937,1.0037506835794083,-0.642577730174907,-0.24293469394513365,-0.012026190369747588,0.004722498986707036,0.0024230106879533533,5.0
1.226845369073815,2.3963392143083464,1.0037596584163269,-0.6424312756669479,-0.24300137526063034,-0.012091784656568745,0.004726853638745338,0.0024300361911141427,5.0
1.227845569113823,2.3961165200682233,1.003768665480851,-0.6422842405571149,-0.2430683514725348,-0.012157624259469499,0.004731230266642388,0.0024370777766869064,5.0
1.228845769153831,2.395893883207843,1.0037777048823981,-0.6421366245338885,-0.24313562218829157,-0.012223709603938837,0.004735628590720201,0.002444135532594852,5.0
1.229845969193839,2.395671303316885,1.0037867767296753,-0.6419884272651768,-0.2432031870223227,-0.012290041125194084,0.004740048330885717,0.002451209547759498,5.0
1.230846169233847,2.3954487799906694,1.0037958811306895,-0.6418396483982672,-0.24327104559607515,-0.012356619268170959,0.004744489206641764,0.002458299912087276,5.0
1.231846369273855,2.3952263128301396,1.0038050181927498,-0.6416902875597778,-0.24333919753806577,-0.012423444487512583,0.004748950937097634,0.0024654067164560354,5.0
1.232846569313863,2.395003901441848,1.0038141880224725,-0.6415403443556151,-0.24340764248392452,-0.012490517247557847,0.004753433240979223,0.0024725300527015555,5.0
1.233846769353871,2.3947815454379326,1.0038233907257874,-0.6413898183709309,-0.24347638007643735,-0.012557838022328946,0.00475793583663886,0.002479670013604017,5.0
1.234846969393879,2.3945592444361,1.00383262640794,-0.6412387091700827,-0.2435454099655853,-0.01262540729551803,0.00476245844206468,0.0024868266928744424,5.0
1.235847169433887,2.3943369980596008,1.0038418951734978,-0.6410870162965967,-0.24361473180858317,-0.012693225560473182,0.004767000774889587,0.002494000185141088,5.0
1.236847369473895,2.39411480593721,1.0038511971263533,-0.6409347392731335,-0.24368434526991573,-0.012761293320183588,0.004771562552399838,0.0025011905859358423,5.0
1.237847569513903,2.3938926677032017,1.0038605323697332,-0.6407818776014536,-0.24375425002137385,-0.01282961108726406,0.004776143491543197,0.0025083979916805748,5.0
1.238847769553911,2.3936705829973266,1.003869901006196,-0.6406284307623888,-0.24382444574208617,-0.01289817938393872,0.004780743308936684,0.0025156224996734705,5.0
1.239847969593919,2.393448551464785,1.0038793031376407,-0.6404743982158129,-0.24389493211855087,-0.012966998742024014,0.004785361720873881,0.0025228642080753916,5.0
1.240848169633927,2.3932265727562,1.003888738865311,-0.6403197794006155,-0.24396570884466592,-0.013036069702911122,0.004789998443331892,0.00253012321589616,5.0
1.241848369673935,2.3930046465275923,1.0038982082897985,-0.6401645737346786,-0.244036775621756,-0.013105392817547476,0.004794653191977777,0.002537399622980896,5.0
1.242848569713943,2.39278277244035,1.0039077115110477,-0.6400087806148564,-0.24410813215859953,-0.013174968646417888,0.004799325682174657,0.002544693529996318,5.0
1.243848769753951,2.3925609501611995,1.003917248628358,-0.6398523994169523,-0.24417977817145262,-0.013244797759524814,0.004804015628987323,0.002552005038417038,5.0
1.244848969793959,2.392339179362176,1.003926819740392,-0.6396954294957055,-0.24425171338407192,-0.013314880736368124,0.004808722747187466,0.0025593342505118868,5.0
1.245849169833967,2.392117459720592,1.003936424945176,-0.6395378701847731,-0.24432393752773576,-0.013385218165924117,0.004813446751258453,0.0025666812693302173,5.0
1.246849369873975,2.391895790919005,1.003946064340104,-0.6393797207967182,-0.24439645034126303,-0.013455810646624041,0.004818187355399653,0.0025740461986882316,5.0
1.247849569913983,2.391674172645185,1.0039557380219428,-0.6392209806229974,-0.24446925157103097,-0.01352665878633206,0.0048229442735303555,0.0025814291431553,5.0
1.248849769953991,2.3914526045920805,1.0039654460868366,-0.6390616489339536,-0.24454234097099092,-0.013597763202322529,0.004827717219293249,0.002588830208040326,5.0
1.249849969993999,2.3912310864577835,1.003975188630308,-0.6389017249788079,-0.24461571830268308,-0.013669124521256786,0.004832505906057456,0.002596249499378099,5.0
1.2508501700340071,2.3910096179454943,1.0039849657472646,-0.6387412079856545,-0.24468938333524792,-0.013740743379159318,0.004837310046921138,0.0026036871239156975,5.0
1.2518503700740151,2.390788198763486,1.0039947775319986,-0.6385800971614572,-0.24476333584543739,-0.013812620421393572,0.0048421293547136575,0.0026111431890988757,5.0
1.2528505701140231,2.390566828625065,1.0040046240781952,-0.6384183916920503,-0.24483757561762418,-0.013884756302637066,0.004846963541997284,0.002618617803058522,5.0
1.2538507701540311,2.3903455072485364,1.0040145054789307,-0.6382560907421362,-0.244912102443809,-0.013957151686856054,0.004851812321068494,0.002626111074597117,5.0
1.2548509701940391,2.3901242343571614,1.0040244218266785,-0.6380931934552906,-0.24498691612362594,-0.014029807247279804,0.004856675403958767,0.0026336231131752247,5.0
1.2558511702340471,2.3899030096791205,1.0040343732133117,-0.6379296989539652,-0.24506201646434678,-0.014102723666374259,0.004861552502435009,0.00264115402889801,5.0
1.2568513702740551,2.389681832947473,1.0040443597301056,-0.6377656063394955,-0.2451374032808834,-0.01417590163581533,0.004866443327999491,0.00264870393250185,5.0
1.2578515703140631,2.389460703900116,1.0040543814677412,-0.6376009146921081,-0.24521307639578888,-0.014249341856461721,0.004871347591889385,0.002656272935340898,5.0
1.2588517703540711,2.389239622279741,1.004064438516306,-0.6374356230709294,-0.2452890356392552,-0.014323045038327244,0.004876265005075764,0.0026638611493737486,5.0
1.2598519703940791,2.389018587833792,1.0040745309652992,-0.6372697305140007,-0.24536528084911227,-0.014397011900552934,0.004881195278262261,0.002671468687150128,5.0
1.2608521704340871,2.388797600314426,1.0040846589036312,-0.6371032360382876,-0.24544181187082298,-0.014471243171378528,0.004886138121883217,0.002679095661797631,5.0
1.2618523704740952,2.3885766594784643,1.0040948224196276,-0.636936138639697,-0.24551862855747705,-0.01454573958811363,0.00489109324610142,0.0026867421870085044,5.0
1.2628525705141032,2.388355765087351,1.0041050216010303,-0.6367684372930941,-0.2455957307697844,-0.014620501897108597,0.004896060360805383,0.002694408377026495,5.0
1.2638527705541112,2.388134916907106,1.0041152565350013,-0.6366001309523206,-0.24567311837606567,-0.0146955308537249,0.00490103917560618,0.0027020943466337303,5.0
1.2648529705941192,2.387914114708283,1.0041255273081207,-0.6364312185502132,-0.24575079125224156,-0.01477082722230522,0.0049060293998338545,0.0027098002111376677,5.0
1.2658531706341272,2.3876933582659188,1.0041358340063906,-0.6362616989986273,-0.24582874928182044,-0.014846391776143183,0.004911030742533314,0.0027175260863580766,5.0
1.2668533706741352,2.387472647359488,1.0041461767152398,-0.6360915711884586,-0.2459069923558851,-0.014922225297452862,0.004916042912459865,0.0027252720886141,5.0
1.2678535707141432,2.387251981772859,1.004156555519517,-0.6359208339896685,-0.2459855203730771,-0.014998328577337846,0.0049210656180742485,0.0027330383347113655,5.0
1.2688537707541512,2.3870313612942407,1.0041669705034995,-0.6357494862513097,-0.24606433323957969,-0.015074702415759988,0.004926098567537245,0.002740824941929145,5.0
1.2698539707941592,2.3868107857161376,1.0041774217508894,-0.635577526801554,-0.246143430869099,-0.015151347621508068,0.004931141468703831,0.002748632028007599,5.0
1.2708541708341672,2.386590254835298,1.0041879093448163,-0.6354049544477212,-0.24622281318284545,-0.015228265012165917,0.004936194029116907,0.0027564597111350577,5.0
1.2718543708741752,2.3863697684526683,1.0041984333678389,-0.6352317679763102,-0.24630248010951045,-0.015305455414080524,0.004941255956000513,0.0027643081099353903,5.0
1.2728545709141832,2.386149326373339,1.004208993901942,-0.6350579661530293,-0.24638243158524453,-0.01538291966232969,0.00494632695625268,0.0027721773434553664,5.0
1.2738547709541912,2.3859289284064964,1.0042195910285407,-0.6348835477228305,-0.24646266755363197,-0.015460658600689603,0.004951406736437773,0.0027800675311521993,5.0
1.2748549709941992,2.3857085743653705,1.0042302248284773,-0.6347085114099442,-0.24654318796566554,-0.015538673081602153,0.004956495002778424,0.002787978792881058,5.0
1.2758551710342072,2.3854882640671846,1.0042408953820239,-0.6345328559179141,-0.2466239927797183,-0.01561696396614195,0.004961591461146975,0.0027959112488826674,5.0
1.2768553710742152,2.3852679973331017,1.0042516027688775,-0.6343565799296328,-0.24670508196151433,-0.015695532123983242,0.004966695817056492,0.0028038650197709943,5.0
1.2778555711142232,2.3850477739881732,1.004262347068166,-0.6341796821073842,-0.24678645548409947,-0.015774378433366664,0.004971807775651339,0.002811840226520972,5.0
1.2788557711542312,2.384827593861285,1.0042731283584427,-0.6340021610928791,-0.246868113327808,-0.015853503781065714,0.0049769270416972705,0.002819836990456297,5.0
1.2798559711942392,2.384607456785106,1.0042839467176872,-0.6338240155072956,-0.24695005548022955,-0.015932909062353166,0.004982053319571063,0.0028278554332372948,5.0
1.2808561712342472,2.3843873625960312,1.0042948022233062,-0.633645243951325,-0.2470322819361749,-0.01601259518096739,0.004987186313249742,0.0028358956768488592,5.0
1.2818563712742552,2.384167311134131,1.0043056949521274,-0.6334658450052083,-0.2471147926976385,-0.016092563049078325,0.004992325726299264,0.0028439578435884142,5.0
1.2828565713142632,2.3839473022430937,1.0043166249804039,-0.6332858172287849,-0.24719758777376197,-0.016172813587253504,0.004997471261862842,0.00285204205605402,5.0
1.2838567713542712,2.383727335770172,1.004327592383809,-0.6331051591615356,-0.24728066718079392,-0.016253347724424078,0.005002622622648702,0.002860148437132448,5.0
1.2848569713942792,2.3835074115661268,1.004338597237436,-0.6329238693226286,-0.24736403094204992,-0.016334166397850493,0.005007779510917454,0.00286827710998739,5.0
1.2858571714342872,2.3832875294851705,1.0043496396157985,-0.6327419462109658,-0.24744767908787052,-0.016415270553088303,0.0050129416284689825,0.0028764281980477105,5.0
1.2868573714742952,2.383067689384913,1.0043607195928232,-0.6325593883052317,-0.24753161165557805,-0.01649666114395376,0.0050181086766288375,0.0028846018249957636,5.0
1.2878575715143032,2.3828478911263034,1.0043718372418546,-0.6323761940639406,-0.24761582868943147,-0.016578339132489506,0.005023280356234159,0.0028927981147557663,5.0
1.2888577715543112,2.3826281345735727,1.0043829926356476,-0.6321923619254874,-0.24770033024058047,-0.01666030548893013,0.00502845636761917,0.002901017191482235,5.0
1.2898579715943193,2.3824084195941757,1.0043941858463674,-0.6320078903081966,-0.24778511636701803,-0.016742561191667733,0.005033636410600116,0.0029092591795484846,5.0
1.2908581716343273,2.3821887460587354,1.0044054169455872,-0.6318227776103745,-0.2478701871335319,-0.01682510722721754,0.005038820184459819,0.002917524203535246,5.0
1.2918583716743353,2.3819691138409826,1.0044166860042858,-0.6316370222103621,-0.24795554261165434,-0.01690794459018341,0.005044007387931671,0.0029258123882192426,5.0
1.2928585717143433,2.3817495228176986,1.0044279930928446,-0.6314506224665848,-0.2480411828796096,-0.016991074283223502,0.005049197719183156,0.0029341238585619245,5.0
1.2938587717543513,2.3815299728686545,1.0044393382810444,-0.6312635767176091,-0.24812710802226334,-0.017074497317015904,0.005054390875798937,0.0029424587396982347,5.0
1.2948589717943593,2.381310463876554,1.0044507216380645,-0.6310758832821945,-0.24821331813106653,-0.017158214710224277,0.005059586554763385,0.0029508171569254233,5.0
1.2958591718343673,2.3810909957269724,1.0044621432324765,-0.630887540459349,-0.2482998133040002,-0.01724222748946367,0.0050647844524426364,0.0029591992356919356,5.0
1.2968593718743753,2.3808715683082946,1.0044736031322445,-0.6306985465283849,-0.2483865936455199,-0.0173265366892663,0.005069984264566165,0.0029676051015864024,5.0
1.2978595719143833,2.3806521815116586,1.0044851014047214,-0.6305088997489748,-0.24847365926649662,-0.01741114335204759,0.0050751856862078495,0.002976034880326663,5.0
1.2988597719543913,2.380432835230891,1.004496638116643,-0.6303185983612076,-0.24856101028415753,-0.017496048528072156,0.00508038841176652,0.0029844886977488717,5.0
1.2998599719943993,2.3802135293624485,1.0045082133341279,-0.6301276405856471,-0.2486486468220258,-0.017581253275419956,0.005085592134946012,0.002992966679796651,5.0
1.3008601720344073,2.3799942638053544,1.0045198271226725,-0.6299360246233876,-0.24873656900985802,-0.017666758659952715,0.005090796548734687,0.003001468952510357,5.0
1.3018603720744153,2.3797750384611374,1.0045314795471474,-0.6297437486561145,-0.24882477698358157,-0.017752565755280336,0.005096001345384464,0.0030099956420163716,5.0
1.3028605721144233,2.37955585323377,1.0045431706717944,-0.6295508108461603,-0.24891327088522985,-0.01783867564272761,0.00510120621638933,0.0030185468745165156,5.0
1.3038607721544313,2.379336708029605,1.0045549005602241,-0.6293572093365684,-0.24900205086287724,-0.01792508941130101,0.005106410852463314,0.0030271227762775185,5.0
1.3048609721944393,2.3791176027573133,1.004566669275408,-0.6291629422511461,-0.24909111707057047,-0.018011808157655764,0.0051116149435179266,0.003035723473620565,5.0
1.3058611722344473,2.37889853732782,1.0045784768796788,-0.6289680076945307,-0.24918046966826204,-0.018098832986063226,0.005116818178639106,0.0030443490929109142,5.0
1.3068613722744553,2.3786795116542407,1.0045903234347242,-0.628772403752247,-0.24927010882174,-0.018186165008378274,0.005122020246063601,0.003052999760547656,5.0
1.3078615723144633,2.378460525651819,1.0046022090015838,-0.6285761284907678,-0.2493600347025569,-0.01827380534400711,0.005127220833154872,0.003061675602953489,5.0
1.3088617723544713,2.3782415792378626,1.0046141336406456,-0.6283791799575774,-0.2494502474879589,-0.018361755119875357,0.005132419626378386,0.0030703767465646444,5.0
1.3098619723944793,2.3780226723316775,1.0046260974116392,-0.6281815561812303,-0.2495407473608111,-0.01845001547039633,0.005137616311276402,0.003079103317820847,5.0
1.3108621724344873,2.377803804854504,1.0046381003736335,-0.6279832551714134,-0.24963153450952424,-0.018538587537439685,0.005142810572442224,0.003087855443155467,5.0
1.3118623724744953,2.3775849767294517,1.0046501425850338,-0.6277842749190109,-0.24972260912797808,-0.018627472470300374,0.005148002093493926,0.0030966332489856794,5.0
1.3128625725145033,2.3773661878814365,1.0046622241035725,-0.627584613396162,-0.24981397141544526,-0.018716671425667894,0.005153190557047471,0.0031054368617027695,5.0
1.3138627725545113,2.37714743823711,1.0046743449863085,-0.6273842685563263,-0.24990562157651242,-0.018806185567595984,0.00515837564468931,0.0031142664076625683,5.0
1.3148629725945193,2.376928727724801,1.004686505289622,-0.6271832383343471,-0.24999755982100166,-0.018896016067472553,0.005163557036948489,0.0031231220131759958,5.0
1.3158631726345273,2.3767100562744443,1.0046987050692078,-0.6269815206465118,-0.25008978636388923,-0.0189861641039901,0.005168734413268092,0.0031320038044997047,5.0
1.3168633726745353,2.376491423817517,1.0047109443800726,-0.6267791133906165,-0.2501823014252241,-0.0190766308631165,0.005173907451976215,0.0031409119078268473,5.0
1.3178635727145434,2.376272830286973,1.0047232232765282,-0.6265760144460294,-0.25027510523004404,-0.019167417538066146,0.005179075830256324,0.0031498464492780123,5.0
1.3188637727545514,2.3760542756171747,1.0047355418121868,-0.6263722216737522,-0.2503681980082934,-0.019258525329271692,0.0051842392241171036,0.0031588075548922485,5.0
1.3198639727945594,2.3758357597438273,1.004747900039955,-0.6261677329164862,-0.25046157999473523,-0.019349955444355995,0.005189397308361698,0.0031677953506182716,5.0
1.3208641728345674,2.375617282603914,1.0047602980120316,-0.6259625459986937,-0.25055525142886625,-0.019441709098104824,0.0051945497565564335,0.003176809962305766,5.0
1.3218643728745754,2.3753988441356273,1.004772735779897,-0.6257566587266623,-0.25064921255482825,-0.01953378751243973,0.005199696240998928,0.0031858515156969135,5.0
1.3228645729145834,2.375180444278303,1.004785213394311,-0.6255500688885686,-0.25074346362131933,-0.01962619191639165,0.005204836432685694,0.0031949201364179815,5.0
1.3238647729545914,2.374962082972352,1.004797730905306,-0.625342774254541,-0.25083800488150365,-0.019718923546074997,0.005209970001279117,0.0032040159499711713,5.0
1.3248649729945985,2.374743760159196,1.0048102883621812,-0.6251347725767247,-0.25093283659291954,-0.01981198364466212,0.005215096615073922,0.003213139081726551,5.0
1.3258651730346065,2.3745254757811973,1.0048228858134962,-0.6249260615893443,-0.25102795901738767,-0.01990537346235847,0.0052202159409630265,0.0032222896569142185,5.0
1.3268653730746145,2.3743072297815955,1.0048355233070634,-0.6247166390087676,-0.25112337242091626,-0.019999094256378278,0.005225327644402859,0.0032314678006165995,5.0
1.3278655731146225,2.3740890221044353,1.004848200889944,-0.6245065025335682,-0.25121907707360663,-0.020093147290920793,0.0052304313893780695,0.0032406736377609538,5.0
1.3288657731546305,2.373870852694504,1.0048609186084396,-0.6242956498445913,-0.2513150732495569,-0.020187533837147213,0.005235526838365712,0.003249907293112077,5.0
1.3298659731946385,2.373652721497261,1.0048736765080855,-0.6240840786050135,-0.2514113612267638,-0.02028225517315804,0.005240613652298815,0.003259168891265139,5.0
1.3308661732346465,2.3734346284587726,1.0048864746336452,-0.6238717864604096,-0.25150794128702575,-0.020377312583971262,0.005245691490529442,0.0032684585566387873,5.0
1.3318663732746545,2.373216573525644,1.0048993130291013,-0.6236587710388128,-0.25160481371584154,-0.020472707361501058,0.00525076001079111,0.003277776413468424,5.0
1.3328665733146625,2.372998556644952,1.0049121917376476,-0.6234450299507788,-0.25170197880230977,-0.02056844080453718,0.0052558188691607015,0.003287122585799687,5.0
1.3338667733546705,2.372780577764176,1.004925110801686,-0.6232305607894485,-0.25179943683902767,-0.020664514218725005,0.005260867720019779,0.003296497197482143,5.0
1.3348669733946785,2.3725626368311357,1.0049380702628132,-0.6230153611306102,-0.25189718812198636,-0.02076092891654631,0.005265906216015324,0.0033059003721631966,5.0
1.3358671734346865,2.372344733793918,1.0049510701618158,-0.6227994285327618,-0.2519952329504674,-0.020857686217300726,0.005270934008019911,0.003315332233282219,5.0
1.3368673734746945,2.372126868600814,1.0049641105386622,-0.6225827605371728,-0.25209357162693735,-0.02095478744708792,0.0052759507450913295,0.003324792904064896,5.0
1.3378675735147025,2.3719090412002504,1.0049771914324943,-0.6223653546679461,-0.2521922044569404,-0.021052233938790434,0.005280956074431629,0.0033342825075178208,5.0
1.3388677735547105,2.371691251540724,1.004990312881618,-0.6221472084320786,-0.25229113174899065,-0.021150027032057393,0.005285949641345581,0.0033438011664232584,5.0
1.3398679735947185,2.3714734995707323,1.0050034749234948,-0.6219283193195247,-0.2523903538144639,-0.02124816807328899,0.005290931089198601,0.003353349003334258,5.0
1.3408681736347265,2.3712557852387075,1.0050166775947336,-0.6217086848032527,-0.25248987096748615,-0.021346658415621493,0.005295900059374085,0.0033629261405698527,5.0
1.3418683736747345,2.37103810849295,1.0050299209310818,-0.6214883023393101,-0.252589683524824,-0.0214454994189134,0.005300856191230196,0.0033725327002105954,5.0
1.3428685737147426,2.3708204692815635,1.0050432049674165,-0.6212671693668789,-0.2526897918057713,-0.021544692449732093,0.0053057991220560674,0.0033821688040943138,5.0
1.3438687737547506,2.3706028675523854,1.005056529737733,-0.6210452833083389,-0.2527901961320355,-0.02164423888134145,0.005310728487027493,0.0033918345738120884,5.0
1.3448689737947586,2.370385303252922,1.0050698952751371,-0.6208226415693241,-0.25289089682762417,-0.021744140093690315,0.005315643919161974,0.0034015301307044965,5.0
1.3458691738347666,2.3701677763302813,1.0050833016118368,-0.6205992415387828,-0.2529918942187282,-0.021844397473401684,0.005320545049273298,0.0034112555958580727,5.0
1.3468693738747746,2.3699502867311075,1.0050967487791276,-0.620375080589035,-0.2530931886336062,-0.02194501241376281,0.0053254315059255005,0.0034210110901020203,5.0
1.3478695739147826,2.369732834401515,1.0051102368073872,-0.6201501560758302,-0.25319478040246624,-0.022045986314716156,0.0053303029153863,0.0034307967340051976,5.0
1.3488697739547906,2.3695154192870205,1.0051237657260632,-0.6199244653384036,-0.25329666985734695,-0.02214732058285127,0.005335158901579938,0.003440612647873306,5.0
1.3498699739947986,2.36929804133248,1.005137335563663,-0.6196980056995346,-0.25339885733199835,-0.02224901663139747,0.005339999086039533,0.003450458951746305,5.0
1.3508701740348066,2.3690807004820194,1.0051509463477437,-0.6194707744655996,-0.25350134316176,-0.022351075880217376,0.005344823087858817,0.0034603357653961637,5.0
1.3518703740748146,2.3688633966789716,1.0051645981048996,-0.61924276892663,-0.25360412768344004,-0.02245349975580151,0.005349630523643374,0.0034702432083247407,5.0
1.3528705741148226,2.3686461298658092,1.0051782908607527,-0.6190139863563651,-0.25370721123519213,-0.02255628969126364,0.005354421007461302,0.0034801813997619568,5.0
1.3538707741548306,2.3684288999840795,1.0051920246399442,-0.6187844240123066,-0.2538105941563917,-0.022659447126337086,0.005359194150793354,0.0034901504586642247,5.0
1.3548709741948386,2.3682117069743396,1.0052057994661185,-0.6185540791357711,-0.2539142767875108,-0.022762973507371997,0.005363949562482516,0.003500150503713083,5.0
1.3558711742348466,2.3679945507760896,1.0052196153619148,-0.6183229489519437,-0.254018259469993,-0.02286687028733346,0.005368686848683051,0.003510181653314059,5.0
1.3568713742748546,2.3677774313277093,1.0052334723489547,-0.6180910306699278,-0.2541225425461257,-0.02297113892580066,0.005373405612809035,0.003520244025595797,5.0
1.3578715743148626,2.367560348566391,1.0052473704478322,-0.6178583214827985,-0.2542271263589142,-0.02307578088896687,0.005378105455482342,0.0035303377384093876,5.0
1.3588717743548706,2.367343302428076,1.0052613096780991,-0.6176248185676503,-0.2543320112519513,-0.02318079764964042,0.005382785974480051,0.0035404629093279145,5.0
1.3598719743948786,2.3671262928473893,1.0052752900582564,-0.6173905190856479,-0.2544371975692895,-0.02328619068724674,0.005387446764681399,0.0035506196556462284,5.0
1.3608721744348866,2.366909319757575,1.00528931160574,-0.6171554201820744,-0.2545426856553098,-0.023391961487831136,0.005392087418014185,0.003560808094380959,5.0
1.3618723744748946,2.366692383090429,1.0053033743369109,-0.6169195189863769,-0.2546484758545912,-0.02349811154406262,0.005396707523400646,0.003571028342270726,5.0
1.3628725745149026,2.3664754827762406,1.0053174782670402,-0.6166828126122159,-0.254754568511778,-0.023604642355238757,0.005401306666702807,0.0035812805157765127,5.0
1.3638727745549106,2.3662586187437213,1.0053316234102987,-0.6164452981575089,-0.2548609639714485,-0.02371155542729137,0.0054058844306673305,0.00359156473108233,5.0
1.3648729745949186,2.3660417909199434,1.0053458097797454,-0.6162069727044764,-0.25496766257797976,-0.02381885227279327,0.00541044039486988,0.003601881104096002,5.0
1.3658731746349266,2.365824999230276,1.0053600373873124,-0.6159678333196855,-0.2550746646754146,-0.02392653441096592,0.005414974135658917,0.0036122297504501944,5.0
1.3668733746749346,2.36560824359832,1.0053743062437945,-0.6157278770540914,-0.25518197060732617,-0.024034603367688,0.005419485226099067,0.0036226107855036,5.0
1.3678735747149426,2.365391523945846,1.005388616358836,-0.61548710094308,-0.2552895807166819,-0.024143060675505,0.00542397323591393,0.0036330243243423163,5.0
1.3688737747549506,2.3651748401927266,1.0054029677409164,-0.6152455020065095,-0.2553974953457067,-0.02425190787363975,0.005428437731428429,0.0036434704817813915,5.0
1.3698739747949586,2.3649581922568754,1.0054173603973409,-0.6150030772487486,-0.2555057148357474,-0.02436114650800387,0.005432878275510658,0.0036539493723665713,5.0
1.3708741748349667,2.3647415800541833,1.0054317943342235,-0.6147598236587144,-0.2556142395271324,-0.024470778131210128,0.005437294427513223,0.0036644611103761543,5.0
1.3718743748749747,2.364525003498454,1.0054462695564774,-0.6145157382099131,-0.2557230697590354,-0.024580804302585888,0.005441685743214169,0.0036750058098230644,5.0
1.3728745749149827,2.3643084625013397,1.0054607860677993,-0.6142708178604729,-0.25583220586933453,-0.024691226588187284,0.005446051774757345,0.0036855835844570328,5.0
1.3738747749549907,2.3640919569722803,1.0054753438706572,-0.6140250595531803,-0.25594164819447357,-0.024802046560814486,0.005450392070592335,0.0036961945477669285,5.0
1.3748749749949987,2.3638754868184377,1.0054899429662782,-0.6137784602155155,-0.2560513970693214,-0.02491326580002779,0.005454706175413971,0.0037068388129832762,5.0
1.3758751750350067,2.363659051944634,1.005504583354632,-0.6135310167596829,-0.2561614528270305,-0.02502488589216461,0.005458993630101293,0.003717516493080829,5.0
1.3768753750750147,2.3634426522532883,1.0055192650344214,-0.6132827260826442,-0.2562718157988954,-0.025136908430357447,0.005463253971656095,0.00372822770078131,5.0
1.3778755751150227,2.3632262876443537,1.0055339880030638,-0.6130335850661492,-0.2563824863142119,-0.02524933501455273,0.0054674867331410285,0.003738972548556283,5.0
1.3788757751550307,2.363009958015254,1.0055487522566833,-0.612783590576764,-0.2564934647001319,-0.025362167251530534,0.005471691443617211,0.0037497511486300934,5.0
1.3798759751950387,2.3627936632608235,1.0055635577900914,-0.6125327394659001,-0.25660475128152327,-0.025475406754925115,0.005475867628081451,0.0037605636129829363,5.0
1.3808761752350467,2.362577403273242,1.0055784045967757,-0.6122810285698399,-0.25671634638082336,-0.025589055145246314,0.005480014807402961,0.0037714100533540198,5.0
1.3818763752750547,2.3623611779419744,1.0055932926688862,-0.6120284547097633,-0.25682825031789674,-0.025703114049902033,0.0054841324982596975,0.0037822905812448307,5.0
1.3828765753150627,2.362144987153708,1.0056082219972193,-0.6117750146917721,-0.2569404634098902,-0.025817585103221245,0.005488220213074218,0.0037932053079224506,5.0
1.3838767753550707,2.3619288307922894,1.0056231925712056,-0.6115207053069114,-0.2570529859710866,-0.0259324699464779,0.00549227745994915,0.003804154344422976,5.0
1.3848769753950787,2.3617127087386645,1.0056382043788936,-0.6112655233311942,-0.2571658183127614,-0.026047770227915892,0.005496303742602185,0.0038151378015549883,5.0
1.3858771754350867,2.361496620870816,1.0056532574069366,-0.6110094655256191,-0.25727896074303475,-0.026163487602774503,0.005500298560300692,0.0038261557899030695,5.0
1.3868773754750947,2.361280567063704,1.0056683516405778,-0.6107525286361899,-0.257392413566726,-0.026279623733314817,0.005504261407795862,0.003837208419831386,5.0
1.3878775755151027,2.361064547189202,1.0056834870636324,-0.6104947093939346,-0.2575061770852068,-0.026396180288846934,0.005508191775256485,0.003848295801487329,5.0
1.3888777755551107,2.3608485611160366,1.0056986636584793,-0.6102360045149212,-0.25762025159625485,-0.02651315894575788,0.005512089148202312,0.0038594180448051785,5.0
1.3898779755951187,2.3606326087097287,1.0057138814060387,-0.6099764107002729,-0.2577346373939045,-0.026630561387540195,0.005515953007436951,0.003870575259509787,5.0
1.3908781756351267,2.360416689832531,1.0057291402857629,-0.6097159246361821,-0.257849334768301,-0.026748389304821398,0.005519782828980418,0.0038817675551203017,5.0
1.3918783756751347,2.360200804343367,1.0057444402756155,-0.6094545429939219,-0.25796434400555035,-0.026866644395394098,0.005523578084001199,0.003892995040953874,5.0
1.3928785757151427,2.359984952097772,1.0057597813520605,-0.6091922624298588,-0.2580796653875717,-0.026985328364246868,0.005527338238747978,0.0039042578261293927,5.0
1.3938787757551507,2.359769132947834,1.0057751634900445,-0.6089290795854615,-0.2581952991919485,-0.027104442923595713,0.0055310627544809254,0.003915556019571228,5.0
1.3948789757951587,2.3595533467421315,1.005790586662981,-0.6086649910873098,-0.2583112456917785,-0.027223989792916316,0.005534751087402591,0.003926889730012954,5.0
1.3958791758351667,2.3593375933256753,1.0058060508427356,-0.6083999935471018,-0.2584275051555246,-0.027343970698976875,0.005538402688588394,0.003938259066001039,5.0
1.3968793758751747,2.359121872539848,1.0058215559996053,-0.6081340835616593,-0.2585440778468645,-0.027464387375871584,0.005542017003916669,0.003949664135898523,5.0
1.3978795759151827,2.3589061842223464,1.0058371021023111,-0.607867257712932,-0.25866096402454064,-0.027585241565054874,0.005545593473998337,0.003961105047888671,5.0
1.3988797759551908,2.35869052820712,1.0058526891179733,-0.6075995125680018,-0.25877816394220954,-0.02770653501537609,0.005549131534106171,0.003972581909978586,5.0
1.3998799759951988,2.358474904324314,1.0058683170120974,-0.6073308446790839,-0.25889567784829043,-0.02782826948311487,0.005552630614103654,0.00398409483000274,5.0
1.4008801760352068,2.3582593124002096,1.0058839857485595,-0.6070612505835269,-0.2590135059858142,-0.027950446732017162,0.005556090138373374,0.0039956439156265105,5.0
1.4018803760752148,2.3580437522571667,1.0058996952895878,-0.6067907268038107,-0.25913164859227106,-0.028073068533331712,0.005559509525745047,0.004007229274349587,5.0
1.4028805761152228,2.3578282237135633,1.005915445595744,-0.6065192698475473,-0.25925010589945946,-0.028196136665847176,0.005562888189423161,0.004018851013509381,5.0
1.4038807761552308,2.3576127265837385,1.0059312366259094,-0.6062468762074746,-0.259368878133333,-0.028319652915929715,0.005566225536914092,0.004030509240284285,5.0
1.4048809761952388,2.3573972606779336,1.005947068337265,-0.605973542361453,-0.2594879655138479,-0.028443619077561304,0.005569520969952904,0.004042204061696907,5.0
1.4058811762352468,2.3571818258022352,1.0059629406852744,-0.6056992647724568,-0.2596073682548095,-0.02856803695237826,0.005572773884429603,0.004053935584617161,5.0
1.4068813762752548,2.356966421758517,1.0059788536236678,-0.6054240398885704,-0.2597270865637195,-0.028692908349710628,0.005575983670315101,0.004065703915765321,5.0
1.4078815763152628,2.356751048344381,1.005994807104421,-0.6051478641429754,-0.2598471206416206,-0.02881823508662176,0.005579149711586557,0.004077509161714889,5.0
1.4088817763552708,2.3565357053531018,1.0060108010777415,-0.6048707339539433,-0.2599674706829441,-0.02894401898794861,0.005582271386152442,0.0040893514288954345,5.0
1.4098819763952788,2.356320392573567,1.0060268354920465,-0.6045926457248213,-0.26008813687535365,-0.029070261886342347,0.0055853480657770405,0.004101230823595269,5.0
1.4108821764352868,2.3561051097902217,1.0060429102939477,-0.6043135958440228,-0.26020911939959096,-0.029196965622309473,0.005588379116004559,0.004113147451963993,5.0
1.4118823764752948,2.3558898567830093,1.00605902542823,-0.6040335806850098,-0.2603304184293194,-0.029324132044253406,0.0055913638960827005,0.00412510142001492,5.0
1.4128825765153028,2.355674633327316,1.0060751808378352,-0.6037525966062798,-0.2604520341309689,-0.0294517630085165,0.005594301758885779,0.004137092833627378,5.0
1.4138827765553108,2.3554594391939125,1.0060913764638422,-0.603470639951348,-0.2605739666635792,-0.029579860379422604,0.0055971920508374046,0.004149121798548833,5.0
1.4148829765953188,2.3552442741488973,1.00610761224545,-0.6031877070487305,-0.2606962161786422,-0.02970842602931968,0.005600034111832636,0.0041611884203969106,5.0
1.4158831766353268,2.3550291379536397,1.0061238881199546,-0.6029037942119234,-0.2608187828199455,-0.029837461838623285,0.005602827275159604,0.00417329280466121,5.0
1.4168833766753348,2.354814030364721,1.0061402040227339,-0.6026188977393837,-0.26094166672341357,-0.029966969695860126,0.005605570867420634,0.004185435056704979,5.0
1.4178835767153428,2.354598951133881,1.0061565598872266,-0.6023330139145069,-0.2610648680169497,-0.03009695149771216,0.005608264208452919,0.004197615281766631,5.0
1.4188837767553508,2.3543839000079583,1.0061729556449142,-0.602046139005605,-0.2611883868202769,-0.030227409149061003,0.005610906611248569,0.004209833584961099,5.0
1.4198839767953588,2.354168876728833,1.0061893912252982,-0.6017582692658822,-0.26131222324477776,-0.03035834456303278,0.005613497381874131,0.004222090071280977,5.0
1.4208841768353668,2.353953881033373,1.0062058665558846,-0.6014694009334072,-0.2614363773933346,-0.030489759661043205,0.005616035819389593,0.004234384845597497,5.0
1.4218843768753748,2.353738912653373,1.006222381562161,-0.6011795302310909,-0.26156084936016843,-0.030621656372843285,0.005618521215766811,0.004246718012661325,5.0
1.4228845769153828,2.353523971315499,1.006238936167579,-0.6008886533666551,-0.2616856392306772,-0.030754036636565008,0.005620952855807339,0.00425908967710316,5.0
1.4238847769553908,2.3533090567412316,1.006255530293532,-0.600596766532606,-0.261810747081274,-0.03088690239876767,0.0056233300170596915,0.004271499943434162,5.0
1.4248849769953988,2.353094168646808,1.006272163859335,-0.6003038659062025,-0.2619361729792235,-0.031020255614484415,0.005625651969735995,0.004283948916046133,5.0
1.4258851770354068,2.3528793067431653,1.0062888367822092,-0.6000099476494277,-0.26206191698247916,-0.031154098247269113,0.00562791797662803,0.0042964366992115375,5.0
1.4268853770754149,2.3526644707358835,1.006305548977254,-0.5997150079089527,-0.2621879791395172,-0.03128843226924358,0.005630127293022616,0.004308963397083279,5.0
1.4278855771154229,2.3524496603251275,1.0063223003574318,-0.5994190428161067,-0.2623143594891732,-0.03142325966114512,0.005632279166616429,0.004321529113694314,5.0
1.4288857771554309,2.3522348752055886,1.006339090833546,-0.5991220484868417,-0.262441058060475,-0.03155858241237431,0.005634372837430083,0.004334133952957019,5.0
1.4298859771954389,2.352020115066428,1.0063559203142196,-0.5988240210216964,-0.2625680748724759,-0.03169440252104322,0.005636407537721609,0.00434677801866234,5.0
1.4308861772354469,2.3518053795912204,1.0063727887058749,-0.5985249565057603,-0.26269540993408735,-0.03183072199402386,0.005638382491899203,0.004359461414478729,5.0
1.4318863772754549,2.3515906684578924,1.0063896959127132,-0.5982248510086359,-0.26282306324390947,-0.031967542846996905,0.0056402969164333246,0.004372184243950858,5.0
1.4328865773154629,2.3513759813386685,1.0064066418366915,-0.5979237005843988,-0.2629510347900619,-0.032104867104500764,0.005642150019768016,0.004384946610498101,5.0
1.4338867773554709,2.351161317900009,1.0064236263775046,-0.5976215012715607,-0.26307932455001326,-0.032242696799980965,0.005643941002231608,0.004397748617412792,5.0
1.4348869773954789,2.3509466778025536,1.0064406494325595,-0.5973182490930274,-0.26320793249040997,-0.03238103397583978,0.005645669055946587,0.004410590367858249,5.0
1.4358871774354869,2.3507320607010636,1.0064577108969603,-0.5970139400560555,-0.2633368585669023,-0.03251988068348611,0.0056473333647387184,0.004423471964866568,5.0
1.4368873774754949,2.3505174662443604,1.00647481066348,-0.5967085701522127,-0.2634661027239723,-0.03265923898338577,0.005648933104045459,0.004436393511336164,5.0
1.437887577515503,2.3503028940752695,1.0064919486225439,-0.5964021353573326,-0.26359566489475755,-0.032799110945111974,0.005650467440823553,0.0044493551100291155,5.0
1.438887777555511,2.3500883438305595,1.006509124662204,-0.5960946316314699,-0.2637255450008763,-0.03293949864739609,0.005651935533455808,0.004462356863568201,5.0
1.439887977595519,2.349873815140883,1.0065263386681207,-0.595786054918857,-0.26385574295224995,-0.033080404178178764,0.005653336531657072,0.004475398874433773,5.0
1.440888177635527,2.3496593076307146,1.0065435905235385,-0.5954764011478533,-0.2639862586469244,-0.03322182963466117,0.005654669576379369,0.004488481244960274,5.0
1.441888377675535,2.349444820918295,1.0065608801092651,-0.5951656662309034,-0.26411709197089106,-0.03336377712335679,0.005655933799716207,0.004501604077332642,5.0
1.442888577715543,2.3492303546155684,1.00657820730365,-0.5948538460644847,-0.2642482427979061,-0.03350624876014311,0.00565712832480603,0.004514767473582352,5.0
1.443888777755551,2.349015908328122,1.0065955719825601,-0.5945409365290605,-0.2643797109893075,-0.03364924667031396,0.005658252265734704,0.0045279715355832735,5.0
1.444888977795559,2.348801481655126,1.0066129740193606,-0.594226933489029,-0.26451149639383276,-0.03379277298863193,0.0056593047274371925,0.004541216365047208,5.0
1.445889177835567,2.34858707418927,1.006630413284889,-0.593911832792672,-0.26464359884743227,-0.0339368298593811,0.005660284805598298,0.00455450206351924,5.0
1.446889377875575,2.3483726855167055,1.006647889647437,-0.5935956302721059,-0.2647760181730853,-0.03408141943642007,0.005661191586552462,0.0045678287323728224,5.0
1.447889577915583,2.3481583152169807,1.0066654029727227,-0.5932783217432257,-0.26490875418061033,-0.03422654388323517,0.005662024147182611,0.004581196472804524,5.0
1.448889777955591,2.34794396286298,1.006682953123874,-0.5929599030056539,-0.26504180666647714,-0.034372205372994166,0.005662781554818029,0.004594605385828593,5.0
1.449889977995599,2.3477296280208613,1.006700539961399,-0.5926403698426853,-0.2651751754136144,-0.03451840608859993,0.005663462867131256,0.0046080555722712285,5.0
1.450890178035607,2.347515310249992,1.0067181633431717,-0.5923197180212333,-0.26530886019121963,-0.03466514822274479,0.005664067132034012,0.004621547132764607,5.0
1.451890378075615,2.347301009102888,1.0067358231244012,-0.5919979432917727,-0.26544286075456325,-0.03481243397796474,0.005664593387572062,0.004635080167740576,5.0
1.452890578115623,2.3470867241251487,1.006753519157614,-0.5916750413882843,-0.2655771768447943,-0.03496026556669424,0.005665040661819067,0.0046486547774241905,5.0
1.453890778155631,2.3468724548553945,1.0067712512926275,-0.5913510080281972,-0.26571180818874224,-0.035108645211321086,0.005665407972769366,0.004662271061826828,5.0
1.454890978195639,2.3466582008252006,1.0067890193765303,-0.5910258389123305,-0.2658467544987189,-0.03525757514424179,0.005665694328229739,0.004675929120739191,5.0
1.455891178235647,2.346443961559033,1.0068068232536536,-0.5906995297248341,-0.2659820154723169,-0.035407057607916896,0.005665898725709994,0.004689629053723884,5.0
1.456891378275655,2.346229736574185,1.0068246627655548,-0.5903720761331311,-0.2661175907922078,-0.03555709485492705,0.0056660201523125375,0.0047033709601078345,5.0
1.457891578315663,2.346015525380709,1.0068425377509895,-0.5900434737878562,-0.26625348012593797,-0.03570768914802891,0.0056660575846207714,0.0047171549389743534,5.0
1.458891778355671,2.345801327481355,1.006860448045889,-0.5897137183227934,-0.2663896831257213,-0.03585884276021154,0.005666009988586349,0.004730981089154942,5.0
1.459891978395679,2.3455871423715005,1.006878393483335,-0.5893828053548171,-0.2665261994282324,-0.03601055797475318,0.005665876319415306,0.004744849509220815,5.0
1.460892178435687,2.3453729695390844,1.0068963738935404,-0.5890507304838283,-0.26666302865439573,-0.0361628370852781,0.0056656555214529775,0.004758760297474134,5.0
1.461892378475695,2.3451588084645425,1.0069143891038206,-0.5887174892926899,-0.266800170409174,-0.03631568239581388,0.005665346528067765,0.004772713551938948,5.0
1.462892578515703,2.3449446586207383,1.0069324389385728,-0.5883830773471665,-0.2669376242813544,-0.036469096220848866,0.005664948261533696,0.004786709370351888,5.0
1.463892778555711,2.3447305194728956,1.0069505232192482,-0.5880474901958572,-0.26707538984333223,-0.03662308088539003,0.005664459632911698,0.0048007478501524885,5.0
1.464892978595719,2.344516390478531,1.0069686417643322,-0.5877107233701312,-0.26721346665089235,-0.03677763872502105,0.005663879541929688,0.004814829088473293,5.0
1.465893178635727,2.344302271087385,1.0069867943893158,-0.5873727723840622,-0.2673518542429903,-0.03693277208596065,0.005663206876861387,0.004828953182129589,5.0
1.466893378675735,2.344088160741353,1.0070049809066741,-0.5870336327343622,-0.2674905521415284,-0.037088483325121276,0.00566244051440384,0.004843120227608923,5.0
1.467893578715743,2.343874058874416,1.0070232011258395,-0.5866932999003134,-0.2676295598511321,-0.037244774810168066,0.005661579319553633,0.004857330321060243,5.0
1.468893778755751,2.3436599649125722,1.0070414548531799,-0.5863517693437026,-0.26776887685892325,-0.037401648919578014,0.005660622145481858,0.004871583558282778,5.0
1.469893978795759,2.3434458782737666,1.007059741891968,-0.5860090365087502,-0.2679085026342901,-0.037559108042699484,0.005659567833407662,0.004885880034714588,5.0
1.470894178835767,2.3432317983678193,1.007078062042361,-0.5856650968220427,-0.26804843662865707,-0.037717154579812125,0.0056584152124705255,0.004900219845420841,5.0
1.471894378875775,2.343017724596357,1.0070964151013735,-0.5853199456924625,-0.2681886782752499,-0.037875790942186696,0.005657163099601108,0.004914603085081712,5.0
1.472894578915783,2.3428036563527392,1.007114800862852,-0.5849735785111194,-0.2683292269888609,-0.03803501955214566,0.005655810299390778,0.004929029847980044,5.0
1.473894778955791,2.342589593021991,1.007133219117448,-0.5846259906512765,-0.26847008216560897,-0.038194842843123675,0.0056543556039596685,0.004943500227988604,5.0
1.474894978995799,2.3423755339807277,1.007151669652594,-0.5842771774682817,-0.2686112431826999,-0.038355263259728545,0.00565279779282337,0.004958014318557089,5.0
1.475895179035807,2.342161478597084,1.007170152252474,-0.5839271342994937,-0.26875270939818174,-0.03851628325780236,0.005651135632758166,0.004972572212698764,5.0
1.476895379075815,2.3419474262306426,1.007188666698001,-0.5835758564642102,-0.26889448015069967,-0.03867790530448299,0.005649367877664784,0.0049871740029767435,5.0
1.477895579115823,2.341733376232359,1.0072072127667877,-0.5832233392635945,-0.2690365547592473,-0.03884013187826579,0.005647493268430744,0.0050018197814900136,5.0
1.478895779155831,2.3415193279444915,1.0072257902331205,-0.5828695779806022,-0.26917893252291536,-0.03900296546906566,0.005645510532791157,0.005016509639859048,5.0
1.479895979195839,2.341305280700527,1.00724439886793,-0.5825145678799039,-0.26932161272063754,-0.039166408578279195,0.005643418385187965,0.005031243669211079,5.0
1.480896179235847,2.3410912338251055,1.007263038438768,-0.5821583042078133,-0.26946459461093475,-0.03933046371884728,0.005641215526627789,0.005046021960165034,5.0
1.481896379275855,2.340877186633947,1.007281708709776,-0.5818007821922093,-0.26960787743165493,-0.03949513341531786,0.005638900644538078,0.005060844602816106,5.0
1.482896579315863,2.340663138433777,1.0073004094416584,-0.581441997042462,-0.2697514603997124,-0.03966042020390907,0.005636472412621799,0.005075711686719978,5.0
1.483896779355871,2.3404490885222544,1.0073191403916557,-0.5810819439493515,-0.2698953427108218,-0.03982632663257243,0.005633929490710418,0.005090623300876618,5.0
1.484896979395879,2.340235036187892,1.0073379013135138,-0.5807206180849943,-0.2700395235392312,-0.039992855261056476,0.005631270524615395,0.005105579533713752,5.0
1.485897179435887,2.340020980709984,1.0073566919574573,-0.5803580146027634,-0.2701840020374514,-0.040160008660970636,0.005628494145977937,0.005120580473069914,5.0
1.486897379475895,2.339806921358529,1.007375512070158,-0.5799941286372081,-0.27032877733598204,-0.0403277894158492,0.005625598972117132,0.0051356262061771135,5.0
1.487897579515903,2.3395928573941553,1.0073943613947105,-0.5796289553039767,-0.2704738485430368,-0.04049620012121577,0.005622583605876452,0.005150716819643107,5.0
1.488897779555911,2.3393787880680423,1.0074132396705968,-0.5792624896997353,-0.2706192147442618,-0.040665243384647685,0.005619446635468447,0.00516585239943322,5.0
1.489897979595919,2.3391647126218458,1.0074321466336615,-0.5788947269020857,-0.2707648750024552,-0.04083492182584103,0.005616186634317837,0.005181033030851779,5.0
1.490898179635927,2.3389506302876204,1.0074510820160794,-0.5785256619694849,-0.27091082835728025,-0.04100523807667546,0.0056128021609027565,0.005196258798523122,5.0
1.491898379675935,2.3387365402877403,1.0074700455463261,-0.5781552899411642,-0.2710570738249781,-0.04117619478127976,0.005609291758594297,0.005211529786372132,5.0
1.492898579715943,2.3385224418348223,1.0074890369491467,-0.5777836058370432,-0.2712036103980747,-0.04134779459609715,0.005605653955494223,0.005226846077604353,5.0
1.493898779755951,2.338308334131648,1.007508055945527,-0.5774106046576492,-0.2713504370450869,-0.04152004018995116,0.0056018872642708585,0.005242207754685579,5.0
1.494898979795959,2.338094216371086,1.007527102252661,-0.5770362813840301,-0.2714975527102238,-0.04169293424411155,0.005597990181993158,0.0052576148993210585,5.0
1.495899179835967,2.337880087736009,1.0075461755839223,-0.5766606309776721,-0.2716449563130856,-0.04186647945236065,0.005593961189962868,0.005273067592434128,5.0
1.496899379875975,2.337665947399219,1.0075652756488267,-0.5762836483804109,-0.2717926467483579,-0.0420406785210596,0.005589798753544851,0.0052885659141444115,5.0
1.497899579915983,2.337451794523362,1.0075844021530092,-0.5759053285143485,-0.27194062288550536,-0.042215534169215224,0.005585501321995442,0.005304109943745458,5.0
1.498899779955991,2.3372376282608527,1.0076035547981848,-0.5755256662817628,-0.2720888835684583,-0.04239104912854664,0.005581067328288871,0.005319699759681896,5.0
1.499899979995999,2.3370234477537903,1.0076227332821215,-0.5751446565650217,-0.2722374276152989,-0.042567226143552524,0.005576495188941712,0.005335335439526022,5.0
1.5009001800360071,2.3368092521338784,1.0076419372986058,-0.5747622942264936,-0.27238625381794246,-0.04274406797157831,0.00557178330383532,0.005351017059953847,5.0
1.5019003800760151,2.336595040522342,1.007661166537411,-0.5743785741084574,-0.27253536094181546,-0.04292157738288362,0.005566930056036269,0.00536674469672058,5.0
1.5029005801160231,2.3363808120298457,1.0076804206842636,-0.5739934910330126,-0.27268474772552964,-0.04309975716070996,0.005561933811614677,0.005382518424635536,5.0
1.5039007801560311,2.33616656575641,1.0076996994208114,-0.5736070398019877,-0.2728344128805536,-0.04327861010134859,0.005556792919460535,0.005398338317536441,5.0
1.5049009801960391,2.335952300791331,1.0077190024245917,-0.573219215196849,-0.2729843550908791,-0.043458139014208474,0.005551505711097785,0.005414204448263136,5.0
1.5059011802360471,2.3357380162130923,1.007738329368997,-0.5728300119786066,-0.2731345730126852,-0.04363834672188452,0.005546070500496385,0.005430116888630626,5.0
1.5069013802760551,2.3355237110892832,1.00775767992324,-0.5724394248877214,-0.27328506527399793,-0.04381923606022599,0.005540485583882145,0.0054460757094015435,5.0
1.5079015803160631,2.335309384476511,1.0077770537523238,-0.57204744864401,-0.273435830474346,-0.044000809878404976,0.005534749239544346,0.005462080980257925,5.0
1.5089017803560711,2.335095035420319,1.0077964505170058,-0.5716540779465501,-0.27358686718441316,-0.04418307103898509,0.005528859727641155,0.005478132769772316,5.0
1.5099019803960791,2.3348806629550967,1.0078158698737658,-0.571259307473583,-0.2737381739456863,-0.04436602241799034,0.005522815290002721,0.0054942311453781475,5.0
1.5109021804360871,2.3346662661039947,1.0078353114747693,-0.5708631318824161,-0.2738897492700997,-0.04454966690497398,0.0055166141499320386,0.005510376173339465,5.0
1.5119023804760952,2.334451843878838,1.0078547749678348,-0.5704655458093254,-0.2740415916396756,-0.04473400740308774,0.005510254512003471,0.005526567918719923,5.0
1.5129025805161032,2.3342373952800357,1.0078742599964008,-0.5700665438694569,-0.2741936995061608,-0.044919046829150995,0.005503734561858856,0.00554280644535101,5.0
1.5139027805561112,2.334022919296493,1.0078937661994911,-0.5696661206567244,-0.2743460712906583,-0.04510478811372013,0.005497052466001294,0.005559091815799531,5.0
1.5149029805961192,2.3338084149055227,1.00791329321168,-0.5692642707437113,-0.27449870538325644,-0.04529123420115797,0.00549020637158648,0.005575424091334294,5.0
1.5159031806361272,2.333593881072755,1.007932840663057,-0.568860988681565,-0.27465160014265194,-0.045478388049703194,0.005483194406211554,0.005591803331892011,5.0
1.5169033806761352,2.333379316752045,1.0079524081791924,-0.5684562689998961,-0.27480475389577047,-0.04566625263154013,0.005476014677701502,0.005608229596042371,5.0
1.5179035807161432,2.333164720885383,1.0079719953811048,-0.568050106206673,-0.27495816493738173,-0.045854830932868275,0.005468665273892981,0.005624702940952287,5.0
1.5189037807561512,2.332950092402803,1.007991601885223,-0.5676424947881181,-0.2751118315297116,-0.046044125953972205,0.005461144262415653,0.005641223422349279,5.0
1.5199039807961592,2.332735430222287,1.0080112273033526,-0.5672334292085986,-0.2752657519020479,-0.04623414070929113,0.005453449690470855,0.005657791094483942,5.0
1.5209041808361672,2.332520733249673,1.0080308712426416,-0.5668229039105237,-0.27541992425034434,-0.046424878227488954,0.005445579584607702,0.005674406010091602,5.0
1.5219043808761752,2.332306000378562,1.008050533305543,-0.5664109133142293,-0.27557434673681763,-0.046616341551523874,0.005437531950496479,0.005691068220352944,5.0
1.5229045809161832,2.3320912304902204,1.0080702130897843,-0.5659974518178769,-0.27572901748954187,-0.04680853373871843,0.00542930477269938,0.005707777774853796,5.0
1.5239047809561912,2.3318764224534863,1.0080899101883232,-0.565582513797334,-0.2758839346020371,-0.047001457860829134,0.005420896014438491,0.005724534721543864,5.0
1.5249049809961992,2.3316615751246723,1.0081096241893235,-0.5651660936060696,-0.2760390961328542,-0.04719511700411643,0.00541230361736099,0.005741339106694555,5.0
1.5259051810362072,2.331446687347468,1.0081293546761085,-0.5647481855750364,-0.2761945001051547,-0.04738951426941428,0.005403525501301584,0.005758190974855722,5.0
1.5269053810762152,2.3312317579528425,1.008149101227133,-0.5643287840125571,-0.27635014450628603,-0.04758465277219997,0.00539455956404207,0.00577509036881144,5.0
1.5279055811162232,2.3310167857589463,1.0081688634159445,-0.5639078832042123,-0.27650602728735185,-0.047780535642663664,0.0053854036810680505,0.0057920373295347076,5.0
1.5289057811562312,2.330801769571009,1.008188640811147,-0.5634854774127195,-0.27666214636277847,-0.04797716602577788,0.005376055705322731,0.005809031896141065,5.0
1.5299059811962392,2.330586708181243,1.0082084329763652,-0.5630615608778178,-0.27681849960987476,-0.04817454708136693,0.005366513466957764,0.005826074105841086,5.0
1.5309061812362472,2.3303716003687405,1.00822823947021,-0.5626361278161485,-0.27697508486838823,-0.048372681984176005,0.005356774773081108,0.005843163993891807,5.0
1.5319063812762552,2.3301564448993743,1.0082480598462353,-0.5622091724211327,-0.2771318999400569,-0.04857157392394032,0.005346837407501877,0.005860301593546948,5.0
1.5329065813162632,2.329941240525692,1.0082678936529115,-0.5617806888628525,-0.2772889425881542,-0.04877122610545398,0.005336699130472141,0.005877486936006004,5.0
1.5339067813562712,2.329725985986815,1.0082877404335793,-0.5613506712879256,-0.27744621053703056,-0.048971641748638495,0.005326357678425602,0.005894720050362109,5.0
1.5349069813962792,2.329510680008336,1.0083075997264204,-0.5609191138193832,-0.2776037014716493,-0.0491728240886115,0.005315810763713179,0.005912000963548687,5.0
1.5359071814362872,2.329295321302214,1.008327471064412,-0.5604860105565418,-0.2777614130371166,-0.04937477637575437,0.00530505607433538,0.0059293297002848576,5.0
1.5369073814762952,2.3290799085666674,1.0083473539752965,-0.5600513555748788,-0.27791934283820796,-0.049577501875780576,0.005294091273671536,0.00594670628301954,5.0
1.5379075815163032,2.328864440486073,1.0083672479815393,-0.5596151429259023,-0.278077488438887,-0.049781003869802734,0.005282914000205708,0.0059641307318742814,5.0
1.5389077815563112,2.328648915730857,1.0083871526002932,-0.5591773666370223,-0.27823584736182194,-0.04998528565440004,0.005271521867249395,0.005981603064584756,5.0
1.5399079815963193,2.3284333329573883,1.008407067343359,-0.5587380207114198,-0.27839441708789325,-0.0501903505416849,0.005259912462660818,0.0059991232964408435,5.0
1.5409081816363273,2.3282176908078718,1.0084269917171453,-0.5582970991279127,-0.2785531950556989,-0.05039620185936923,0.005248083348560977,0.0060166914402254015,5.0
1.5419083816763353,2.328001987910241,1.0084469252226311,-0.5578545958408248,-0.2787121786610517,-0.050602842950830326,0.005236032061046189,0.0060343075061515825,5.0
1.5429085817163433,2.327786222878051,1.0084668673553276,-0.5574105047798469,-0.2788713652564731,-0.05081027717517629,0.0052237561098972115,0.006051971501798634,5.0
1.5439087817563513,2.3275703943103663,1.008486817605236,-0.5569648198499029,-0.2790307521506795,-0.05101850790731082,0.0052112529782849136,0.006069683432046305,5.0
1.5449089817963593,2.327354500791654,1.0085067754568098,-0.5565175349310097,-0.2791903366080644,-0.0512275385379976,0.005198520122472385,0.00608744329900771,5.0
1.5459091818363673,2.3271385408916734,1.0085267403889115,-0.5560686438781371,-0.2793501158481732,-0.051437372473923756,0.0051855549715135,0.006105251101960573,5.0
1.5469093818763753,2.3269225131653655,1.0085467118747755,-0.5556181405210687,-0.2795100870451741,-0.05164801313776323,0.005172354926947874,0.006123106837276998,5.0
1.5479095819163833,2.326706416152741,1.008566689381963,-0.5551660186642551,-0.2796702473273206,-0.051859463968238775,0.005158917362492067,0.006141010498351496,5.0
1.5489097819563913,2.326490248378771,1.0085866723723231,-0.5547122720866723,-0.2798305937764107,-0.05207172842018403,0.005145239623727195,0.006158962075527435,5.0
1.5499099819963993,2.3262740083532734,1.008606660301952,-0.5542568945416741,-0.27999112342723775,-0.05228480996460407,0.005131319027782724,0.006176961556021714,5.0
1.5509101820364073,2.3260576945708,1.0086266526211443,-0.5537998797568443,-0.280151833267037,-0.05249871208873564,0.005117152863016478,0.006195008923847755,5.0
1.5519103820764153,2.3258413055105245,1.0086466487743588,-0.553341221433847,-0.2803127202349243,-0.052713438296106405,0.005102738388690784,0.006213104159736681,5.0
1.5529105821164233,2.325624839636129,1.0086666482001698,-0.5528809132482752,-0.28047378122133015,-0.052928992106593305,0.0050880728346446745,0.006231247241056621,5.0
1.5539107821564313,2.3254082953956887,1.0086866503312255,-0.5524189488494974,-0.28063501306742605,-0.053145377056480085,0.005073153400962197,0.006249438141730219,5.0
1.5549109821964393,2.325191671221559,1.0087066545942025,-0.5519553218605031,-0.2807964125645448,-0.05336259669851358,0.005057977257636678,0.006267676832150156,5.0
1.5559111822364473,2.3249749655302576,1.0087266604097618,-0.5514900258777453,-0.28095797645359544,-0.053580654601959286,0.0050425415442308975,0.006285963279092717,5.0
1.5569113822764553,2.324758176722351,1.0087466671925074,-0.5510230544709827,-0.2811197014244696,-0.05379955435265561,0.00502684336953318,0.006304297445629351,5.0
1.5579115823164633,2.3245413031823356,1.0087666743509358,-0.5505544011831167,-0.28128158411544313,-0.05401929955306721,0.005010879811209252,0.0063226792910361165,5.0
1.5589117823564713,2.3243243432785228,1.008786681287395,-0.5500840595300327,-0.2814436211125697,-0.05423989382233707,0.004994647915449913,0.0063411087707010835,5.0
1.5599119823964793,2.3241072953629187,1.0088066873980355,-0.5496120230004309,-0.28160580894906795,-0.05446134079633719,0.004978144696614347,0.006359585836029421,5.0
1.5609121824364873,2.3238901577711077,1.0088266920727664,-0.5491382850556632,-0.2817681441047027,-0.05468364412771835,0.0049613671368690685,0.006378110434346385,5.0
1.5619123824764953,2.323672928822131,1.0088466946952086,-0.5486628391295627,-0.28193062300515737,-0.05490680748595821,0.004944312185822509,0.006396682508797908,5.0
1.5629125825165033,2.323455606818367,1.008866694642646,-0.5481856786282728,-0.28209324202140074,-0.055130834557408206,0.0049269767601550505,0.0064153019982489115,5.0
1.5639127825565113,2.3232381900454127,1.0088866912859813,-0.5477067969300752,-0.2822559974690467,-0.05535572904533893,0.004909357743244488,0.006433968837179154,5.0
1.5649129825965193,2.3230206767719577,1.0089066839896859,-0.5472261873852122,-0.28241888560770534,-0.05558149466998409,0.004891451984786893,0.006452682955576609,5.0
1.5659131826365273,2.3228030652496643,1.008926672111753,-0.5467438433157106,-0.2825819026403283,-0.05580813516858281,0.0048732563004127505,0.0064714442788283,5.0
1.5669133826765353,2.322585353713041,1.0089466550036512,-0.5462597580152028,-0.2827450447125463,-0.056035654295420366,0.004854767471298387,0.006490252727608573,5.0
1.5679135827165434,2.322367540379321,1.0089666320102757,-0.5457739247487413,-0.28290830791199884,-0.056264055821867186,0.004835982243772513,0.006509108217764611,5.0
1.5689137827565514,2.322149623448335,1.0089866024698992,-0.5452863367526178,-0.2830716882676569,-0.056493343536416156,0.004816897328917865,0.006528010660199296,5.0
1.5699139827965594,2.321931601102386,1.0090065657141207,-0.5447969872341722,-0.2832351817491367,-0.05672352124471805,0.004797509402167827,0.006546959960751182,5.0
1.5709141828365674,2.3217134715061163,1.0090265210678242,-0.5443058693716056,-0.2833987842660079,-0.0569545927696152,0.004777815102898081,0.006565956020071638,5.0
1.5719143828765754,2.321495232806387,1.0090464678491207,-0.5438129763137854,-0.28356249166709174,-0.05718656195117285,0.004757811034013033,0.006584998733499009,5.0
1.5729145829165834,2.321276883132141,1.0090664053693048,-0.5433183011800529,-0.28372629973975344,-0.05741943264670898,0.004737493761527111,0.006604087990929755,5.0
1.5739147829565914,2.321058420594274,1.0090863329328046,-0.5428218370600235,-0.2838902042091847,-0.05765320873082163,0.004716859814140699,0.006623223676686513,5.0
1.5749149829965994,2.3208398432855044,1.0091062498371282,-0.5423235770133877,-0.28405420073767895,-0.057887894095414234,0.004695905682810779,0.006642405669382897,5.0
1.5759151830366074,2.320621149280236,1.0091261553728206,-0.5418235140697065,-0.28421828492389906,-0.0581234926497185,0.004674627820316067,0.006661633841785131,5.0
1.5769153830766154,2.320402336634427,1.0091460488234074,-0.5413216412282075,-0.28438245230213527,-0.05836000832031507,0.004653022640816674,0.006680908060670306,5.0
1.5779155831166234,2.3201834033854496,1.0091659294653483,-0.5408179514575743,-0.28454669834155655,-0.058597445051151865,0.004631086519408171,0.0067002281866812025,5.0
1.5789157831566314,2.319964347551958,1.0091857965679856,-0.5403124376957354,-0.28471101844545144,-0.058835806803559466,0.004608815791669932,0.006719594074177626,5.0
1.5799159831966394,2.319745167133746,1.0092056493934938,-0.53980509284965,-0.28487540795046257,-0.05907509755626417,0.0045862067532077555,0.006739005571084187,5.0
1.5809161832366474,2.31952586011161,1.009225487196829,-0.5392959097950893,-0.2850398621258111,-0.05931532130539849,0.004563255659190668,0.006758462518734392,5.0
1.5819163832766554,2.3193064244472072,1.0092453092256755,-0.5387848813764163,-0.28520437617251226,-0.05955648206450821,0.004539958723881705,0.006777964751710958,5.0
1.5829165833166634,2.3190868580829136,1.0092651147203993,-0.5382720004063628,-0.2853689452225832,-0.05979858386455723,0.004516312120162832,0.006797512097682359,5.0
1.5839167833566714,2.3188671589416794,1.009284902913992,-0.5377572596658019,-0.28553356433824134,-0.0600416307539289,0.0044923119790536824,0.006817104377235391,5.0
1.5849169833966794,2.3186473249268897,1.0093046730320212,-0.5372406519035173,-0.28569822851109306,-0.06028562679842422,0.004467954389224163,0.006836741403703729,5.0
1.5859171834366874,2.318427353922213,1.0093244242925752,-0.5367221698359708,-0.2858629326613141,-0.060530576081256955,0.004443235396500784,0.0068564229829924045,5.0
1.5869173834766954,2.318207243791458,1.0093441559062144,-0.5362018061470655,-0.2860276716368205,-0.06077648270304522,0.004418151003366735,0.006876148913398064,5.0
1.5879175835167034,2.3179869923784246,1.0093638670759149,-0.5356795534879069,-0.2861924402124303,-0.061023350781799685,0.004392697168455481,0.00689591898542497,5.0
1.5889177835567114,2.3177665975067576,1.0093835569970149,-0.5351554044765586,-0.2863572330890154,-0.06127118445290795,0.004366869806037838,0.006915732981596555,5.0
1.5899179835967194,2.3175460569797957,1.0094032248571634,-0.5346293516977962,-0.2865220448926439,-0.06151998786911518,0.004340664785502505,0.0069355906762625305,5.0
1.5909181836367274,2.317325368580418,1.0094228698362604,-0.5341013877028575,-0.28668687017371314,-0.06176976520050104,0.004314077930829963,0.006955491835401424,5.0
1.5919183836767354,2.3171045300708975,1.0094424911064062,-0.5335715050091885,-0.2868517034060733,-0.06202052063445232,0.004287105020059488,0.006975436216418367,5.0
1.5929185837167434,2.3168835391927436,1.009462087831843,-0.5330396961001868,-0.28701653898613966,-0.062272258375631474,0.004259741784749421,0.0069954235679381,5.0
1.5939187837567514,2.3166623936665522,1.0094816591689002,-0.532505953424941,-0.28718137123199655,-0.06252498264594082,0.004231983909430443,0.007015453629593094,5.0
1.5949189837967594,2.3164410911918485,1.009501204265933,-0.5319702693979663,-0.28734619438248965,-0.0627786976844823,0.00420382703105177,0.0070355261318066345,5.0
1.5959191838367675,2.3162196294469317,1.009520722263268,-0.5314326363989353,-0.2875110025963096,-0.0630334077475125,0.004175266738420241,0.0070556407955706755,5.0
1.5969193838767755,2.315998006088721,1.0095402122931458,-0.5308930467724076,-0.2876757899510634,-0.06328911710839298,0.004146298571632173,0.007075797332218571,5.0
1.5979195839167835,2.3157762187525943,1.0095596734796584,-0.5303514928275528,-0.2878405504423372,-0.06354583005753564,0.004116918021497838,0.007095995443192302,5.0
1.5989197839567915,2.3155542650522305,1.0095791049386893,-0.5298079668378718,-0.28800527798274705,-0.06380355090234281,0.004087120528958524,0.007116234819804262,5.0
1.5999199839967995,2.3153321425794515,1.0095985057778556,-0.5292624610409119,-0.28816996640097975,-0.06406228396714223,0.0040569014844959745,0.007136515142993265,5.0
1.6009201840368075,2.3151098489040605,1.009617875096446,-0.5287149676379793,-0.28833460944082195,-0.06432203359311653,0.004026256227534193,0.007156836083074932,5.0
1.6019203840768155,2.314887381573679,1.0096372119853558,-0.5281654787938467,-0.288499200760179,-0.06458280413822699,0.003995180045833434,0.007177197299485957,5.0
1.6029205841168235,2.314664738113585,1.009656515527025,-0.5276139866364569,-0.2886637339300818,-0.06484459997713157,0.003963668174876298,0.007197598440522434,5.0
1.6039207841568315,2.314441916026549,1.0096757847953797,-0.5270604832566224,-0.2888282024336844,-0.065107425501097,0.003931715797245801,0.007218039143071889,5.0
1.6049209841968395,2.314218912792667,1.0096950188557616,-0.526504960707719,-0.2889925996652464,-0.06537128511790449,0.0038993180419952616,0.007238519032338896,5.0
1.6059211842368475,2.3139957258691943,1.0097142167648647,-0.5259474110053765,-0.28915691892910783,-0.06563618325174915,0.0038664699840099304,0.0072590377215642505,5.0
1.6069213842768555,2.3137723526903797,1.009733377570673,-0.5253878261271644,-0.28932115343864945,-0.06590212434313301,0.0038331666433602174,0.007279594811737308,5.0
1.6079215843168635,2.313548790667291,1.0097525003123893,-0.5248261980122713,-0.2894852963152422,-0.06616911284875085,0.003799402984646349,0.007300189891301521,5.0
1.6089217843568715,2.3133250371876497,1.0097715840203738,-0.5242625185611827,-0.2896493405871852,-0.06643715324136956,0.0037651739163343688,0.007320822535852943,5.0
1.6099219843968795,2.313101089615655,1.0097906277160693,-0.5236967796353493,-0.28981327918863053,-0.06670625000969972,0.003730474290083315,0.00734149230783142,5.0
1.6109221844368875,2.3128769452918103,1.0098096304119413,-0.5231289730568555,-0.28997710495849577,-0.06697640765826028,0.00369529890006342,0.007362198756204506,5.0
1.6119223844768955,2.3126526015327484,1.0098285911114033,-0.5225590906080781,-0.29014081063936553,-0.06724763070723525,0.0036596424822653113,0.007382941416143689,5.0
1.6129225845169035,2.3124280556310555,1.00984750880875,-0.5219871240313434,-0.29030438887637794,-0.06751992369232261,0.0036234997137998544,0.007403719808692936,5.0
1.6139227845569115,2.31220330485509,1.009866382489083,-0.5214130650285758,-0.29046783221610056,-0.06779329116457518,0.0035868652121887005,0.007424533440429192,5.0
1.6149229845969195,2.3119783464488046,1.0098852111282464,-0.5208369052609428,-0.290631133105392,-0.06806773769023272,0.003549733534645221,0.007445381803114756,5.0
1.6159231846369275,2.311753177631563,1.0099039936927487,-0.5202586363484953,-0.2907942838902516,-0.0683432678505462,0.00351209917734582,0.0074662643733413355,5.0
1.6169233846769355,2.3115277955979563,1.009922729139696,-0.5196782498698005,-0.2909572768146541,-0.06861988624159235,0.0034739565746913755,0.007487180612165456,5.0
1.6179235847169435,2.311302197517616,1.009941416416714,-0.5190957373615686,-0.2911201040193727,-0.06889759747407947,0.0034353000985586774,0.007508129964735189,5.0
1.6189237847569515,2.311076380535029,1.0099600544618783,-0.5185110903182762,-0.2912827575407875,-0.06917640617314404,0.0033961240575417044,0.007529111859907788,5.0
1.6199239847969595,2.310850341769345,1.0099786422036399,-0.5179243001917816,-0.29144522930968003,-0.06945631697813685,0.0033564226961825695,0.007550125709858177,5.0
1.6209241848369675,2.310624078314186,1.0099971785607476,-0.5173353583909344,-0.29160751115001476,-0.06973733454240019,0.0033161901941919604,0.007571170909677986,5.0
1.6219243848769755,2.3103975872374534,1.0100156624421743,-0.5167442562811793,-0.29176959477770636,-0.07001946353303398,0.003275420665658961,0.007592246836964914,5.0
1.6229245849169835,2.31017086558113,1.0100340927470413,-0.5161509851841528,-0.29193147179937057,-0.07030270863065154,0.0032341081582499356,0.007613352851402152,5.0
1.6239247849569916,2.309943910361083,1.0100524683645418,-0.5155555363772747,-0.2920931337110639,-0.07058707452912454,0.0031922466523964708,0.007634488294327682,5.0
1.6249249849969996,2.3097167185668623,1.010070788173863,-0.514957901093332,-0.29225457189700615,-0.07087256593531677,0.0031498300604720034,0.007655652488293104,5.0
1.6259251850370076,2.3094892871614983,1.010089051044108,-0.5143580705200544,-0.2924157776282889,-0.07115918756880625,0.0031068522259571248,0.0076768447366118596,5.0
1.6269253850770156,2.309261613081294,1.01010725583422,-0.5137560357996885,-0.2925767420615698,-0.07144694416159555,0.0030633069225933355,0.007698064322896513,5.0
1.6279255851170236,2.309033693235619,1.0101254013928997,-0.5131517880285577,-0.2927374562377493,-0.07173584045780991,0.003019187853524883,0.007719310510584797,5.0
1.6289257851570316,2.308805524506696,1.0101434865585306,-0.5125453182566196,-0.2928979110806345,-0.0720258812133827,0.002974488650428674,0.007740582542454177,5.0
1.6299259851970396,2.308577103749387,1.0101615101590944,-0.5119366174870156,-0.2930580973955858,-0.07231707119572818,0.0029292028726320488,0.007761879640124699,5.0
1.6309261852370476,2.308348427790978,1.0101794710120957,-0.5113256766756122,-0.2932180058681487,-0.0726094151834007,0.002883324006218083,0.007783201003549739,5.0
1.6319263852770556,2.308119493430956,1.0101973679244776,-0.5107124867305344,-0.29337762706266807,-0.07290291796574033,0.0028368454631183364,0.007804545810494415,5.0
1.6329265853170636,2.3078902974407907,1.010215199692542,-0.5100970385116924,-0.29353695142088787,-0.07319758434250456,0.00278976058019277,0.007825913216001412,5.0
1.6339267853570716,2.307660836563703,1.0102329651018684,-0.5094793228303008,-0.29369596926053354,-0.07349341912348516,0.0027420626182966877,0.007847302351843806,5.0
1.6349269853970796,2.3074311075144416,1.0102506629272288,-0.508859330448388,-0.29385467077387795,-0.0737904271281107,0.0026937447613344114,0.007868712325964679,5.0
1.6359271854370876,2.3072011069790497,1.0102682919325072,-0.5082370520783006,-0.2940130460262905,-0.07408861318503307,0.002644800115299568,0.007890142221903153,5.0
1.6369273854770956,2.3069708316146285,1.0102858508706123,-0.5076124783821969,-0.2941710849547691,-0.07438798213169885,0.002595221707301704,0.007911591098206596,5.0
1.6379275855171036,2.3067402780491038,1.0103033384833948,-0.506985599971532,-0.2943287773664549,-0.07468853881390393,0.0025450024845790403,0.007933057987828535,5.0
1.6389277855571116,2.3065094428809827,1.0103207535015608,-0.5063564074065396,-0.2944861129371304,-0.07499028808533187,0.002494135313497162,0.007954541897512133,5.0
1.6399279855971196,2.306278322679114,1.0103380946445826,-0.5057248911956966,-0.2946430812096978,-0.07529323480707462,0.00244261297853339,0.007976041807158765,5.0
1.6409281856371276,2.3060469139824407,1.0103553606206122,-0.5050910417951874,-0.2947996715926414,-0.07559738384713595,0.0023904281812467186,0.007997556669181404,5.0
1.6419283856771356,2.3058152132997547,1.0103725501263883,-0.5044548496083536,-0.2949558733584715,-0.07590274007991626,0.0023375735392329616,0.008019085407842443,5.0
1.6429285857171436,2.305583217109445,1.0103896618471495,-0.5038163049851418,-0.29511167564214946,-0.07620930838567934,0.002284041585064958,0.00804062691857567,5.0
1.6439287857571516,2.3053509218592487,1.0104066944565342,-0.5031753982215319,-0.2952670674394936,-0.07651709364999873,0.002229824765217563,0.008062180067291844,5.0
1.6449289857971596,2.305118323965992,1.0104236466164913,-0.5025321195589668,-0.2954220376055686,-0.07682610076318545,0.0021749154389773136,0.008083743689667786,5.0
1.6459291858371676,2.3048854198153377,1.0104405169771797,-0.5018864591837654,-0.29557657485305205,-0.07713633461969417,0.002119305877336323,0.008105316590418295,5.0
1.6469293858771756,2.304652205761523,1.0104573041768712,-0.501238407226532,-0.29573066775058576,-0.07744780011750958,0.0020629882618703682,0.008126897542550755,5.0
1.6479295859171836,2.3044186781271008,1.01047400684185,-0.50058795376155,-0.29588430472110366,-0.07776050215750994,0.002005954683600709,0.008148485286601772,5.0
1.6489297859571916,2.304184833202676,1.0104906235863094,-0.4999350888061716,-0.29603747404014324,-0.07807444564280933,0.0019481971418395209,0.008170078529855613,5.0
1.6499299859971996,2.303950667246637,1.0105071530122456,-0.4992798023201916,-0.2961901638341327,-0.0783896354780765,0.0018897075430186067,0.008191675945543899,5.0
1.6509301860372076,2.30371617648489,1.0105235937093526,-0.4986220842052159,-0.2963423620786618,-0.07870607656883044,0.0018304776995010912,0.008213276172026107,5.0
1.6519303860772157,2.3034813571105848,1.0105399442549163,-0.4979619243040178,-0.2964940565967293,-0.07902377382071209,0.001770499328375817,0.008234877811950456,5.0
1.6529305861172237,2.303246205283844,1.0105562032136965,-0.4972993123998809,-0.29664523505696894,-0.07934273213873055,0.0017097640502340837,0.008256479431394612,5.0
1.6539307861572317,2.303010717131481,1.0105723691378241,-0.49663423821593555,-0.29679588497185627,-0.0796629564264846,0.0016482633879284674,0.008278079558985765,5.0
1.6549309861972397,2.302774888746724,1.0105884405666823,-0.4959666914144801,-0.2969459936958911,-0.07998445158535747,0.0015859887653133084,0.008299676684999471,5.0
1.6559311862372477,2.3025387161889275,1.0106044160267895,-0.49529666159629215,-0.2970955484237593,-0.08030722251368501,0.0015229315059666062,0.008321269260436888,5.0
1.6569313862772557,2.3023021954832847,1.0106202940316886,-0.49462413829992863,-0.2972445361884715,-0.08063127410589623,0.0014590828318928578,0.008342855696079583,5.0
1.6579315863172637,2.302065322620536,1.0106360730818196,-0.49394911100101063,-0.29739294385947934,-0.08095661125162525,0.0013944338622065742,0.008364434361521598,5.0
1.6589317863572717,2.3018280935566695,1.0106517516644113,-0.49327156911150183,-0.2975407581407685,-0.08128323883479473,0.0013289756117960277,0.008386003584178098,5.0
1.6599319863972797,2.3015905042126237,1.0106673282533514,-0.4925915019789663,-0.2976879655689279,-0.0816111617326689,0.0012626989899668622,0.008407561648269906,5.0
1.6609321864372877,2.301352550473977,1.010682801309068,-0.49190889888582023,-0.2978345525111953,-0.08194038481487594,0.001195594799065184,0.008429106793783484,5.0
1.6619323864772957,2.301114228190638,1.0106981692784054,-0.4912237490485658,-0.29798050516347857,-0.08227091294239916,0.0011276537330797297,0.00845063721540563,5.0
1.6629325865173037,2.3008755331765283,1.0107134305944998,-0.490536041617016,-0.29812580954835355,-0.08260275096653583,0.0010588663762227675,0.00847215106143232,5.0
1.6639327865573117,2.300636461209264,1.010728583676652,-0.48984576567350024,-0.29827045151303416,-0.08293590372782228,0.0009892232014891813,0.008493646432650952,5.0
1.6649329865973197,2.3003970080298246,1.0107436269302024,-0.4891529102320614,-0.2984144167273213,-0.08327037605492572,0.000918714569193494,0.008515121381195517,5.0
1.6659331866373277,2.3001571693422265,1.0107585587463972,-0.488457464237635,-0.29855769068152255,-0.08360617276350042,0.0008473307254843719,0.008536573909373889,5.0
1.6669333866773357,2.299916940813183,1.0107733775022618,-0.48775941656521576,-0.2987002586843483,-0.08394329865500816,0.0007750618008361582,0.008558001968466641,5.0
1.6679335867173437,2.2996763180717656,1.010788081560465,-0.48705875601900944,-0.29884210586078025,-0.08428175851550175,0.0007018978085170715,0.008579403457496682,5.0
1.6689337867573517,2.2994352967090546,1.0108026692691874,-0.48635547133156937,-0.29898321714991505,-0.08462155711437068,0.0006278286430336569,0.008600776221969069,5.0
1.6699339867973597,2.2991938722777907,1.0108171389619796,-0.4856495511629192,-0.29912357730277833,-0.08496269920304758,0.0005528440785510611,0.008622118052580195,5.0
1.6709341868373677,2.298952040292018,1.0108314889576269,-0.484940984099658,-0.29926317088011384,-0.08530518951367475,0.0004769337672886302,0.008643426683895736,5.0
1.6719343868773757,2.2987097962267256,1.0108457175600045,-0.4842297586540519,-0.29940198225014236,-0.0856490327577296,0.0004000872378905436,0.008664699792996564,5.0
1.6729345869173837,2.29846713551748,1.0108598230579333,-0.483515863263109,-0.29953999558629485,-0.08599423362460777,0.00032229389377091034,0.00868593499809187,5.0
1.6739347869573917,2.2982240535600567,1.0108738037250329,-0.48279928628763863,-0.29967719486491545,-0.08634079678016303,0.00024354301143296922,0.008707129857098801,5.0
1.6749349869973997,2.2979805457100673,1.0108876578195676,-0.4820800160112935,-0.2998135638629348,-0.08668872686520206,0.00016382373876183283,0.008728281866187671,5.0
1.6759351870374077,2.297736607282578,1.0109013835842986,-0.48135804063959525,-0.29994908615551574,-0.08703802849393412,8.312509329030678e-05,0.00874938845829204,5.0
1.6769353870774157,2.2974922335517274,1.0109149792463215,-0.4806333482989435,-0.3000837451136667,-0.08738870625237327,1.4359604373444301e-06,0.008770447001582722,5.0
1.6779355871174237,2.297247419750335,1.0109284430169116,-0.47990592703560553,-0.30021752390182577,-0.08774076469669245,-8.125490828150728e-05,0.008791454797904922,5.0
1.6789357871574317,2.2970021610695075,1.0109417730913597,-0.4791757648146906,-0.3003504054754136,-0.08809420835152805,-0.0001649588970721391,0.008812409081177485,5.0
1.6799359871974398,2.296756452658237,1.010954967648806,-0.47844284951910315,-0.3004823725783531,-0.08844904170823328,-0.0002496875277090028,0.008833307015753371,5.0
1.6809361872374478,2.2965102896229923,1.010968024852076,-0.4777071689484781,-0.30061340774056,-0.08880526922307996,-0.000335452461411926,0.008854145694740374,5.0
1.6819363872774558,2.2962636670273047,1.0109809428475096,-0.4769687108180973,-0.30074349327539623,-0.08916289531540593,-0.00042226550075325945,0.008874922138281005,5.0
1.6829365873174638,2.2960165798913437,1.0109937197647918,-0.47622746275778355,-0.30087261127709375,-0.08952192436570816,-0.0005101385915960031,0.008895633291790583,5.0
1.6839367873574718,2.295769023191487,1.0110063537167768,-0.47548341231077734,-0.3010007436181418,-0.08988236071367918,-0.0005990838250635303,0.008916276024152346,5.0
1.6849369873974798,2.2955209918598793,1.0110188427993156,-0.4747365469325907,-0.30112787194664076,-0.09024420865618565,-0.0006891134395416637,0.008936847125868654,5.0
1.6859371874374878,2.2952724807839853,1.0110311850910803,-0.4739868539898395,-0.30125397768362144,-0.09060747244518777,-0.0007802398227137779,0.008957343307166923,5.0
1.6869373874774958,2.2950234848061295,1.0110433786533866,-0.47323432075905464,-0.3013790420203258,-0.09097215628559754,-0.000872475513629656,0.00897776119605931,5.0
1.6879375875175038,2.294773998723028,1.0110554215300147,-0.4724789344254689,-0.3015030459154542,-0.09133826433307485,-0.0009658332048088522,0.008998097336354866,5.0
1.6889377875575118,2.2945240172853083,1.0110673117470321,-0.4717206820817844,-0.30162597009237446,-0.09170580069175956,-0.0010603257443792037,0.009018348185623089,5.0
1.6899379875975198,2.294273535197022,1.0110790473126121,-0.47095955072691376,-0.3017477950362938,-0.09207476941193772,-0.0011559661382513047,0.009038510113107523,5.0
1.6909381876375278,2.2940225471151456,1.0110906262168473,-0.47019552726469765,-0.3018685009913911,-0.09244517448764025,-0.0012527675523296838,0.009058579397588272,5.0
1.6919383876775358,2.29377104764907,1.011102046431573,-0.46942859850259994,-0.30198806795791316,-0.09281701985417287,-0.001350743314761414,0.009078552225192165,5.0
1.6929385877175438,2.29351903136008,1.0111133059101742,-0.4686587511503793,-0.3021064756892283,-0.09319030938557504,-0.0014499069182227797,0.009098424687149387,5.0
1.6939387877575518,2.293266492760829,1.0111244025873976,-0.4678859718187321,-0.3022237036888446,-0.09356504689200552,-0.0015502720222448916,0.009118192777495147,5.0
1.6949389877975598,2.2930134263147965,1.0111353343791636,-0.4671102470179148,-0.30233973120738217,-0.09394123611705367,-0.0016518524555788451,0.0091378523907154,5.0
1.6959391878375678,2.292759826435748,1.011146099182362,-0.4663315631563391,-0.30245453723950927,-0.09431888073497384,-0.001754662218601206,0.009157399319335019,5.0
1.6969393878775758,2.292505687487176,1.0111566948746584,-0.4655499065391415,-0.3025681005208335,-0.09469798434784103,-0.0018587154857605383,0.009176829251447324,5.0
1.6979395879175838,2.2922510037817405,1.0111671193142826,-0.4647652633667276,-0.3026803995247528,-0.09507855048262523,-0.001964026608065648,0.009196137768183643,5.0
1.6989397879575918,2.291995769580704,1.01117737033982,-0.4639776197332897,-0.30279141245926144,-0.09546058258818325,-0.0020706101156163217,0.00921532034112142,5.0
1.6999399879975998,2.291739979093356,1.0111874457699894,-0.46318696162529904,-0.3029011172637142,-0.0958440840321648,-0.00217848072017731,0.009234372329629623,5.0
1.7009401880376078,2.2914836264764333,1.0111973434034205,-0.4623932749199681,-0.3030094916055441,-0.09622905809783056,-0.002287653317796333,0.009253288978149869,5.0
1.7019403880776158,2.291226705833539,1.0112070610184196,-0.4615965453836899,-0.3031165128769369,-0.09661550798078147,-0.0023981429914668854,0.009272065413412,5.0
1.7029405881176238,2.2909692112145508,1.0112165963727282,-0.4607967586704433,-0.3032221581914572,-0.0970034367855939,-0.0025099650138366895,0.009290696641582346,5.0
1.7039407881576318,2.2907111366150272,1.0112259472032734,-0.45999390032017395,-0.3033264043806283,-0.09739284752236126,-0.002623134849962717,0.009309177545343241,5.0
1.7049409881976398,2.2904524759756066,1.0112351112259135,-0.4591879557571452,-0.3034292279904653,-0.09778374310313792,-0.0027376681601136584,0.009327502880902134,5.0
1.7059411882376478,2.290193223181404,1.0112440861351732,-0.45837891028825517,-0.30353060527795606,-0.09817612633828257,-0.002853580802620869,0.009345667274928391,5.0
1.7069413882776558,2.2899333720613946,1.0112528696039689,-0.457566749101325,-0.3036305122074946,-0.09856999993269985,-0.0029708888367788997,0.009363665221416127,5.0
1.7079415883176639,2.2896729163877936,1.0112614592833347,-0.45675145726335614,-0.3037289244472619,-0.09896536648197625,-0.0030896085257966013,0.009381491078471213,5.0
1.7089417883576719,2.2894118498754263,1.011269852802134,-0.4559330197187485,-0.3038258173655536,-0.09936222846840816,-0.0032097563398001457,0.009399139065020209,5.0
1.7099419883976799,2.289150166181086,1.0112780477667698,-0.4551114212874892,-0.30392116602705505,-0.09976058825691947,-0.0033313489588891816,0.00941660325743947,5.0
1.7109421884376879,2.288887858902879,1.0112860417608904,-0.4542866466633035,-0.30401494518906025,-0.10016044809086577,-0.0034544032762473765,0.00943387758610208,5.0
1.7119423884776959,2.288624921579557,1.0112938323450915,-0.4534586804117673,-0.3041071292976357,-0.10056181008772211,-0.003578936401308844,0.009450955831840463,5.0
1.7129425885177039,2.2883613476898335,1.0113014170566126,-0.4526275069683834,-0.3041976924837249,-0.10096467623465159,-0.0037049656629818684,0.009467831622322299,5.0
1.7139427885577119,2.2880971306516793,1.0113087934090363,-0.4517931106366161,-0.30428660855919537,-0.10136904838395257,-0.0038325086129314167,0.00948449842833753,5.0
1.7149429885977199,2.287832263821603,1.0113159588919822,-0.4509554755858863,-0.30437385101282577,-0.10177492824837965,-0.0039615830289219485,0.009500949559993836,5.0
1.7159431886377279,2.2875667404939075,1.0113229109708022,-0.4501145858495254,-0.3044593930062299,-0.1021823173963378,-0.004092206918222218,0.009517178162818288,5.0
1.7169433886777359,2.2873005538999247,1.011329647086277,-0.44927042532268363,-0.30454320736971985,-0.10259121724694435,-0.004224398521073494,0.009533177213762577,5.0
1.7179435887177439,2.2870336972072307,1.0113361646543106,-0.44842297776019796,-0.3046252665981047,-0.10300162906495686,-0.004358176314222954,0.009548939517109232,5.0
1.718943788757752,2.286766163518833,1.0113424610656252,-0.4475722267744112,-0.3047055428464236,-0.10341355395556318,-0.0044935590145237575,0.009564457700276481,5.0
1.71994398879776,2.286497945872336,1.01134853368546,-0.4467181558329502,-0.3047840079256146,-0.10382699285903041,-0.0046305655826033645,0.009579724209518916,5.0
1.720944188837768,2.2862290372390834,1.0113543798532632,-0.4458607482564538,-0.30486063329811386,-0.1042419465452086,-0.004769215226601737,0.009594731305521624,5.0
1.721944388877776,2.285959430523279,1.011359996882387,-0.4449999872162568,-0.3049353900733882,-0.10465841560788691,-0.004909527405981017,0.009609471058885042,5.0
1.722944588917784,2.285689118561082,1.011365382059779,-0.4441358557320243,-0.3050082490033979,-0.10507640045899667,-0.005051521835407956,0.009623935345498071,5.0
1.723944788957792,2.2854180941196875,1.0113705326456668,-0.4432683366693405,-0.30507918047798804,-0.10549590132265899,-0.005195218488710875,0.00963811584179682,5.0
1.7249449889978,2.285146349896383,1.011375445873243,-0.44239741273724775,-0.30514815452021,-0.10591691822907227,-0.005340637602912412,0.009652004019906433,5.0
1.725945189037808,2.284873878517593,1.011380118948333,-0.4415230664857359,-0.30521514078156764,-0.10633945100823483,-0.005487799682339526,0.009665591142663327,5.0
1.726945389077816,2.284600672537905,1.0113845490490634,-0.44064528030318645,-0.30528010853719145,-0.10676349928349967,-0.005636725502812269,0.009678868258515359,5.0
1.727945589117824,2.284326724439087,1.011388733325513,-0.4397640364137615,-0.3053430266809364,-0.1071890624649556,-0.005787436115912631,0.009691826196297135,5.0
1.728945789157832,2.2840520266290913,1.0113926688993538,-0.43887931687474724,-0.3054038637204033,-0.10761613974263119,-0.005939952853334931,0.009704455559877872,5.0
1.72994598919784,2.2837765714410536,1.0113963528634693,-0.43799110357384285,-0.3054625877718809,-0.10804473007951605,-0.006094297331319221,0.009716746722678932,5.0
1.730946189237848,2.28350035113228,1.0113997822815686,-0.4370993782263979,-0.3055191665552095,-0.10847483220439477,-0.006250491455169206,0.009728689822058233,5.0
1.731946389277856,2.283223357883232,1.0114029541877714,-0.43620412237259965,-0.3055735673885626,-0.10890644460448928,-0.006408557423856373,0.009740274753558528,5.0
1.732946589317864,2.2829455837965065,1.011405865586182,-0.4353053173745996,-0.3056257571831422,-0.10933956551790307,-0.006568517734711835,0.009751491165016406,5.0
1.733946789357872,2.2826670208958064,1.0114085134504387,-0.4344029444135917,-0.30567570243779363,-0.10977419292586407,-0.006730395188207825,0.009762328450528927,5.0
1.73494698939788,2.2823876611249094,1.0114108947232459,-0.43349698448682417,-0.30572336923352633,-0.11021032454475854,-0.0068942128928307055,0.00977277574427414,5.0
1.735947189437888,2.2821074963466277,1.0114130063158895,-0.4325874184045581,-0.30576872322794924,-0.11064795781795303,-0.007059994270047654,0.009782821914182232,5.0
1.736947389477896,2.2818265183417554,1.0114148451077323,-0.4316742267869601,-0.3058117296496105,-0.11108708990739719,-0.00722776305936913,0.009792455555453225,5.0
1.737947589517904,2.2815447188080102,1.0114164079456913,-0.43075739006093094,-0.3058523532922417,-0.11152771768500226,-0.007397543323509702,0.009801664983917364,5.0
1.738947789557912,2.281262089358951,1.0114176916437045,-0.42983688845686735,-0.3058905585089056,-0.1119698377237906,-0.007569359453649708,0.00981043822923389,5.0
1.73994798959792,2.280978621522881,1.0114186929821818,-0.42891270200535203,-0.3059263092060406,-0.11241344628880924,-0.007743236174800616,0.009818763027923852,5.0
1.740948189637928,2.280694306741726,1.0114194087074475,-0.4279848105337729,-0.30595956883740116,-0.11285853932780272,-0.007919198551276973,0.009826626816232222,5.0
1.741948389677936,2.2804091363698817,1.011419835531176,-0.4270531936628629,-0.30599030039789227,-0.11330511246163856,-0.008097271992278079,0.009834016722814585,5.0
1.742948589717944,2.280123101673027,1.0114199701298194,-0.42611783080316235,-0.30601846641729263,-0.11375316097447996,-0.008277482257582645,0.00984091956124338,5.0
1.743948789757952,2.279836193826901,1.0114198091440367,-0.42517870115139955,-0.3060440289538643,-0.11420267980369964,-0.008459855463359865,0.0098473218223286,5.0
1.74494898979796,2.2795484039160328,1.0114193491781243,-0.42423578368678533,-0.30606694958784786,-0.114653663529529,-0.008644418088100254,0.009853209666247557,5.0
1.745949189837968,2.279259722932426,1.0114185867994425,-0.4232890571672194,-0.30608718941483587,-0.11510610636443512,-0.008831196978669988,0.009858568914478543,5.0
1.746949389877976,2.2789701417741934,1.0114175185378513,-0.42233850012540686,-0.3061047090390247,-0.11556000214222055,-0.009020219356492241,0.009863385041532667,5.0
1.747949589917984,2.2786796512441336,1.0114161408851519,-0.4213840908648817,-0.30611946856634403,-0.11601534430683907,-0.009211512823859251,0.009867643166478651,5.0
1.748949789957992,2.278388242048255,1.0114144502945273,-0.4204258074559356,-0.30613142759745565,-0.11647212590091968,-0.009405105370378636,0.009871328044254814,5.0
1.749949989998,2.27809590479424,1.0114124431799947,-0.41946362773144824,-0.3061405452206225,-0.11693033955399346,-0.009601025379557569,0.009874424056762882,5.0
1.750950190038008,2.277802629989855,1.0114101159158586,-0.4184975292826212,-0.30614678000444634,-0.11738997747041449,-0.009799301635528427,0.009876915203738018,5.0
1.751950390078016,2.2775084080413035,1.0114074648361666,-0.4175274894546097,-0.3061500899904692,-0.11785103141696937,-0.009999963329919249,0.009878785093389693,5.0
1.752950590118024,2.277213229251525,1.0114044862341607,-0.4165534853420541,-0.30615043268563646,-0.11831349271016516,-0.010203040068872318,0.009880016932807847,5.0
1.753950790158032,2.2769170838184447,1.01140117636173,-0.41557549378450764,-0.30614776505461977,-0.11877735220319052,-0.010408561880214297,0.009880593518128995,5.0
1.75495099019804,2.2766199618331764,1.0113975314288512,-0.4145934913617628,-0.3061420435119987,-0.11924260027253984,-0.01061655922078087,0.009880497224456962,5.0
1.755951190238048,2.276321853278188,1.0113935476030167,-0.41360745438906954,-0.3061332239142954,-0.11970922680429286,-0.010827062983899103,0.009879709995532858,5.0
1.756951390278056,2.2760227480254254,1.0113892210086435,-0.41261735891225026,-0.3061212615518608,-0.1201772211800405,-0.011040104507030413,0.00987821333314888,5.0
1.757951590318064,2.2757226358344127,1.0113845477264614,-0.4116231807027075,-0.306106111140612,-0.12064657226244876,-0.011255715579577302,0.00987598828630066,5.0
1.758951790358072,2.275421506350324,1.011379523792869,-0.4106248952523217,-0.3060877268136137,-0.12111726838044963,-0.01147392845085651,0.009873015440072642,5.0
1.75995199039808,2.2751193491020363,1.0113741451992582,-0.40962247776823846,-0.3060660621125022,-0.12158929731405078,-0.011694775838241866,0.009869274904250856,5.0
1.760952190438088,2.274816153500171,1.0113684078912997,-0.40861590316754637,-0.3060410699787499,-0.12206264627875407,-0.011918290935479796,0.009864746301657415,5.0
1.761952390478096,2.2745119088351244,1.0113623077681877,-0.40760514607183584,-0.30601270274476305,-0.12253730190957149,-0.012144507421180673,0.009859408756200807,5.0
1.762952590518104,2.274206604275088,1.0113558406818333,-0.40659018080164194,-0.3059809121248107,-0.12301325024462938,-0.01237345946748942,0.009853240880635545,5.0
1.763952790558112,2.273900228864064,1.0113490024360183,-0.4055709813707637,-0.3059456492057787,-0.12349047670834942,-0.012605181748938953,0.009846220764024805,5.0
1.76495299059812,2.273592771519873,1.0113417887854927,-0.40454752148045964,-0.30590686443774523,-0.12396896609419612,-0.012839709451490506,0.009838325958899042,5.0
1.765953190638128,2.2732842210321555,1.0113341954350266,-0.40351977451351007,-0.30586450762437023,-0.12444870254697929,-0.013077078281764931,0.009829533468103226,5.0
1.766953390678136,2.272974566060356,1.0113262180384124,-0.4024877135281416,-0.30581852791309166,-0.12492966954469965,-0.013317324476469597,0.009819819731324831,5.0
1.767953590718144,2.2726637951316904,1.0113178521974215,-0.4014513112518121,-0.30576887378512885,-0.1254118498799284,-0.01356048481202602,0.009809160611294467,5.0
1.768953790758152,2.272351896639087,1.011309093460718,-0.4004105400748434,-0.305715493045275,-0.12589522564070604,-0.013806596614403402,0.009797531379650185,5.0
1.76995399079816,2.2720388588390907,1.011299937322737,-0.39936537204389855,-0.30565833281148325,-0.12637977819095159,-0.014055697769164224,0.009784906702456344,5.0
1.770954190838168,2.2717246698497213,1.0112903792225267,-0.3983157788552957,-0.3055973395042304,-0.12686548815036866,-0.014307826731727835,0.009771260625367168,5.0
1.771954390878176,2.2714093176482715,1.0112804145425671,-0.39726173184814956,-0.3055324588356558,-0.12735233537383725,-0.014563022537858992,0.009756566558424827,5.0
1.772954590918184,2.271092790069037,1.011270038607566,-0.39620320199733294,-0.30546363579846353,-0.12784029893027818,-0.014821324814388076,0.009740797260481287,5.0
1.773954790958192,2.2707750748009596,1.0112592466832446,-0.3951401599062522,-0.30539081465458623,-0.1283293570809801,-0.015082773790170761,0.009723924823232949,5.0
1.7749549909982,2.270456159385177,1.0112480339751115,-0.39407257579942623,-0.30531393892359576,-0.1288194872573736,-0.015347410307294349,0.009705920654856643,5.0
1.775955191038208,2.2701360312124588,1.011236395627241,-0.3930004195148646,-0.3052329513708578,-0.1293106660382431,-0.015615275832538947,0.00968675546323527,5.0
1.776955391078216,2.2698146775205297,1.0112243267210477,-0.3919236604962322,-0.3051477939954213,-0.12980286912636113,-0.015886412469101347,0.009666399238761178,5.0
1.777955591118224,2.2694920853912532,1.0112118222740758,-0.39084226778479964,-0.30505840801763523,-0.1302960713245335,-0.01616086296858976,0.009644821236705244,5.0
1.778955791158232,2.269168241747683,1.0111988772387914,-0.3897562100111685,-0.3049647338664862,-0.13079024651104174,-0.016438670743297603,0.009621989959139458,5.0
1.7799559911982392,2.2688431333509675,1.0111854865013894,-0.3886654553867663,-0.3048667111666479,-0.1312853676144685,-0.016719879878764072,0.009597873136400967,5.0
1.7809561912382472,2.268516746797109,1.0111716448806078,-0.38756997169510726,-0.30476427872523926,-0.13178140658789306,-0.01700453514662985,0.009572437708085373,5.0
1.7819563912782552,2.26818906851357,1.0111573471265467,-0.3864697262828111,-0.30465737451827973,-0.13227833438244196,-0.017292682017795328,0.009545649803557304,5.0
1.7829565913182632,2.2678600847557324,1.0111425879194942,-0.38536468605037677,-0.30454593567683946,-0.13277612092017954,-0.01758436667588899,0.009517474721966289,5.0
1.7839567913582712,2.2675297816032156,1.0111273618687364,-0.38425481744270606,-0.3044298984728754,-0.13327473506632462,-0.017879636031053116,0.009487876911756269,5.0
1.7849569913982792,2.2671981449560574,1.0111116635113644,-0.38314008643937375,-0.304309198304747,-0.13377414460077502,-0.01817853773405386,0.009456819949657018,5.0
1.7859571914382872,2.2668651605307604,1.0110954873110458,-0.3820204585446392,-0.30418376968240624,-0.13427431618892668,-0.018481120190722268,0.009424266519146005,5.0
1.7869573914782952,2.2665308138562277,1.0110788276567668,-0.38089589877719465,-0.3040535462122518,-0.1347752153517677,-0.018787432576732606,0.009390178388369244,5.0
1.7879575915183032,2.2661950902695867,1.01106167886152,-0.3797663716596478,-0.30391846058164546,-0.13527680643523157,-0.019097524852724385,0.009354516387509736,5.0
1.7889577915583112,2.2658579749119165,1.0110440351609353,-0.3786318412077321,-0.30377844454307634,-0.13577905257879155,-0.019411447779773876,0.009317240385592049,5.0
1.7899579915983193,2.2655194527238955,1.011025890711827,-0.37749227091924026,-0.30363342889797024,-0.13628191568327672,-0.019729252935221195,0.009278309266711334,5.0
1.7909581916383273,2.265179508441376,1.0110072395906589,-0.3763476237626729,-0.30348334348013145,-0.1367853563778911,-0.020050992728858772,0.009237680905675042,5.0
1.7919583916783353,2.2648381265908903,1.0109880757919045,-0.3751978621655964,-0.30332811713880825,-0.1372893339864169,-0.020376720419487352,0.009195312143044943,5.0
1.7929585917183433,2.2644952914851086,1.0109683932262972,-0.3740429480027023,-0.30316767772137154,-0.13779380649258008,-0.020706490131845674,0.009151158759566748,5.0
1.7939587917583513,2.2641509872182377,1.0109481857189608,-0.37288284258355503,-0.30300195205559416,-0.1382987305045602,-0.021040356873920262,0.009105175449974074,5.0
1.7949589917983593,2.263805197661376,1.0109274470074074,-0.37171750664001973,-0.3028308659315168,-0.13880406121862032,-0.021378376554642402,0.0090573157961524,5.0
1.7959591918383673,2.263457906457808,1.0109061707394067,-0.37054690031335585,-0.30265434408288894,-0.13930975238183824,-0.021720606001979583,0.00900753223964818,5.0
1.7969593918783753,2.2631090970182446,1.0108843504707226,-0.3693709831409629,-0.30247231016816767,-0.13981575625391643,-0.02206710298142967,0.00895577605350702,5.0
1.7979595919183833,2.262758752515984,1.0108619796627145,-0.3681897140427616,-0.30228468675105685,-0.14032202356804813,-0.02241792621492621,0.00890199731342395,5.0
1.7989597919583913,2.2624068558819874,1.0108390516798091,-0.3670030513071941,-0.3020913952805728,-0.14082850349081838,-0.022773135400164558,0.008846144868187585,5.0
1.7999599919983993,2.2620533897998434,1.0108155597868493,-0.3658109525768232,-0.30189235607061415,-0.1413351435811158,-0.02313279123035865,0.008788166309398788,5.0
1.8009601920384073,2.2616983367005963,1.0107914971463299,-0.364613374833514,-0.30168748827902025,-0.14184188974803524,-0.023496955414439746,0.008728007940443438,5.0
1.8019603920784153,2.261341678757412,1.010766856815529,-0.36341027438317297,-0.3014767098860953,-0.1423486862077462,-0.023865690697708216,0.008665614744697427,5.0
1.8029605921184233,2.260983397880051,1.0107416317435445,-0.36220160684002634,-0.30125993767257847,-0.14285547543930416,-0.024239060882951066,0.008600930352941226,5.0
1.8039607921584313,2.260623475709111,1.010715814768256,-0.36098732711041487,-0.30103708719704103,-0.14336219813938436,-0.02461713085203759,0.008533897009960018,5.0
1.8049609921984393,2.2602618936100103,1.0106893986132177,-0.3597673893760813,-0.300808072772685,-0.14386879317591175,-0.02499996658800673,0.00846445554030464,5.0
1.8059611922384473,2.259898632666671,1.0106623758844948,-0.3585417470769311,-0.3005728074435259,-0.14437519754056657,-0.02538763519765912,0.008392545313187661,5.0
1.8069613922784553,2.2595336736748726,1.010634739067464,-0.35731035289324026,-0.3003312029599365,-0.1448813463001404,-0.025780204934668004,0.008318104206488128,5.0
1.8079615923184633,2.259166997135245,1.0106064805235782,-0.35607315872729406,-0.30008316975352883,-0.14538717254672062,-0.026177745223221954,0.008241068569838063,5.0
1.8089617923584713,2.258798583245864,1.0105775924870968,-0.35483011568442674,-0.29982861691135493,-0.14589260734667822,-0.026580326682213128,0.008161373186763172,5.0
1.8099619923984793,2.2584284118944287,1.010548067061812,-0.35358117405345263,-0.2995674521494045,-0.14639757968843733,-0.026988021149983717,0.008078951235850255,5.0
1.8109621924384873,2.25805646265,1.0105178962177317,-0.3523262832864557,-0.2992995817853781,-0.14690201642899897,-0.027400901709642555,0.00799373425091312,5.0
1.8119623924784953,2.2576827147542757,1.01048707178775,-0.35106539197793,-0.29902491071071424,-0.14740584223919787,-0.027819042714963646,0.00790565208012922,5.0
1.8129625925185033,2.2573071471123956,1.0104555854642792,-0.3497984478432418,-0.2987433423618519,-0.14790897954766505,-0.02824251981687634,0.007814632844118936,5.0
1.8139627925585113,2.2569297382832656,1.010423428795835,-0.34852539769640134,-0.2984547786907039,-0.14841134848347187,-0.028671409990556933,0.007720602892939522,5.0
1.8149629925985193,2.2565504664694016,1.010390593183554,-0.34724618742712243,-0.2981591201343216,-0.1489128668174287,-0.029105791563128765,0.007623486761965772,5.0
1.8159631926385273,2.2561693095062876,1.0103570698776336,-0.3459607619771521,-0.29785626558373174,-0.14941344990201327,-0.029545744241977975,0.007523207126629693,5.0
1.8169633926785353,2.255786244851265,1.0103228499736567,-0.3446690653158514,-0.29754611235191564,-0.14991301060989978,-0.029991349143689117,0.00741968475599108,5.0
1.8179635927185434,2.2554012495719507,1.0102879244087806,-0.34337104041500704,-0.2972285561409162,-0.15041145927106284,-0.030442688823604215,0.007312838465111026,5.0
1.8189637927585514,2.2550143003342042,1.0102522839577557,-0.34206662922285314,-0.29690349100804037,-0.15090870360842584,-0.030899847306006634,0.007202585066200034,5.0
1.8199639927985594,2.254625373389657,1.0102159192287463,-0.34075577263728335,-0.29657080933113716,-0.15140464867202827,-0.03136291011492985,0.0070888393185119586,5.0
1.8209641928385674,2.254234444562813,1.0101788206589113,-0.33943841047822726,-0.296230401772919,-0.15189919677167857,-0.0318319643055891,0.006971513876954172,5.0
1.8219643928785754,2.2538414892377387,1.0101409785097129,-0.3381144814591655,-0.2958821572442981,-0.152392247408066,-0.03230709849643242,0.006850519239383598,5.0
1.8229645929185834,2.2534464823443505,1.0101023828619216,-0.3367839231577555,-0.2955259628667054,-0.15288369720229864,-0.03278840290180594,0.006725763692556941,5.0
1.8239647929585914,2.2530493983443067,1.0100630236102794,-0.33544667198553957,-0.2951617039333594,-0.15337343982383916,-0.03327596936522606,0.006597153256701904,5.0
1.8249649929985994,2.252650211216513,1.010022890457794,-0.3341026631566954,-0.2947892638694423,-0.15386136591680435,-0.03376989139325027,0.006464591628674382,5.0
1.8259651930386074,2.2522488944422263,1.0099819729096287,-0.3327518306557979,-0.2944085241911486,-0.15434736302459975,-0.03427026418993576,0.0063279801236643075,5.0
1.8269653930786154,2.2518454209897527,1.0099402602665695,-0.33139410720454543,-0.2940193644635573,-0.1548313155128567,-0.034777184691873735,0.006187217615410434,5.0
1.8279655931186234,2.2514397632987193,1.0098977416180495,-0.330029424227409,-0.2936216622572825,-0.1553131044906396,-0.035290751603784906,0.006042200474881234,5.0
1.8289657931586314,2.251031893263882,1.0098544058347043,-0.32865771181615344,-0.29321529310385064,-0.15579260772989323,-0.03581106543466041,0.005892822507376093,5.0
1.8299659931986394,2.2506217822184365,1.0098102415604668,-0.3272788986931782,-0.2928001304497511,-0.1562696995830995,-0.03633822853442943,0.005738974887997149,5.0
1.8309661932386474,2.25020940091677,1.0097652372041812,-0.325892912173621,-0.2923760456090974,-0.15674425089911107,-0.03687234513113277,0.00558054609543837,5.0
1.8319663932786554,2.2497947195166,1.009719380930741,-0.3244996781261599,-0.2919429077148428,-0.15721612893713308,-0.03741352136857852,0.005417421844034175,5.0
1.8329665933186634,2.2493777075604138,1.0096726606517687,-0.32309912093245546,-0.2915005836684786,-0.15768519727882405,-0.037961865344453415,0.005249485014005621,5.0
1.8339667933586714,2.2489583339561245,1.009625064015833,-0.321691163445158,-0.2910489380881485,-0.1581513157384871,-0.03851748714885891,0.005076615579837326,5.0
1.8349669933986794,2.248536566956861,1.0095765783982278,-0.32027572694441314,-0.290587833255107,-0.15861434027132443,-0.039080498903237386,0.004898690536713654,5.0
1.8359671934386874,2.248112374139764,1.0095271908903305,-0.31885273109279116,-0.2901171290584443,-0.15907412287972933,-0.039651014799648505,0.004715583824937615,5.0
1.8369673934786954,2.2476857223837,1.0094768882885512,-0.31742209388856235,-0.28963668293799844,-0.159530511517592,-0.04022915114034967,0.004527166252250963,5.0
1.8379675935187034,2.24725657784577,1.0094256570829023,-0.315983731617243,-0.28914634982537674,-0.15998334999259667,-0.04081502637762802,0.004333305413968939,5.0
1.8389677935587114,2.2468249059364958,1.0093734834451926,-0.31453755880133394,-0.28864598208299647,-0.16043247786648898,-0.04140876115382277,0.004133865610837853,5.0
1.8399679935987194,2.2463906712935766,1.0093203532168609,-0.3130834881481682,-0.2881354294410639,-0.16087773035329622,-0.04201047834146786,0.003928707764518716,5.0
1.8409681936387274,2.2459538377541026,1.0092662518964568,-0.3116214304957932,-0.28761453893239924,-0.16131893821548338,-0.042620303083473914,0.0037176893305946724,5.0
1.8419683936787354,2.245514368325118,1.009211164626762,-0.3101512947568027,-0.28708315482501834,-0.1617559276580329,-0.04323836283325625,0.0035006642089950545,5.0
1.8429685937187434,2.245072225152441,1.0091550761815384,-0.3086729878600385,-0.28654111855237213,-0.16218852022043406,-0.04386478739470186,0.003277482651722938,5.0
1.8439687937587514,2.2446273694876457,1.0090979709518855,-0.30718641469008495,-0.2859882686411525,-0.16261653266657675,-0.04449970896185324,0.003047991167767614,5.0
1.8449689937987594,2.2441797616531334,1.0090398329321668,-0.3056914780244654,-0.28542444063655753,-0.16303977687254093,-0.04514326215816857,0.002812032425077059,5.0
1.8459691938387675,2.243729361005218,1.0089806457054669,-0.30418807846846646,-0.28484946702491176,-0.1634580597122801,-0.045795584075199416,0.002569445149458832,5.0
1.8469693938787755,2.24327612589516,1.0089203924285184,-0.3026761143874971,-0.2842631771535306,-0.1638711829411976,-0.04645681431050547,0.0023200640202701334,5.0
1.8479695939187835,2.2428200136281085,1.0088590558160402,-0.30115548183689694,-0.2836653971477075,-0.16427894307761845,-0.04712709500460227,0.002063719562749509,5.0
1.8489697939587915,2.2423609804198814,1.0087966181244048,-0.29962607448910084,-0.28305594982470017,-0.16468113128216352,-0.0478065708767123,0.0018002380368329683,5.0
1.8499699939987995,2.2418989813515533,1.0087330611345589,-0.29808778355806165,-0.2824346546045804,-0.16507753323503338,-0.04849538925906168,0.001529441322286463,5.0
1.8509701940388075,2.2414339703217956,1.0086683661341107,-0.2965404977208281,-0.2818013274177994,-0.16546792901121674,-0.04919370012943405,0.0012511467999741634,5.0
1.8519703940788155,2.2409658999969255,1.0086025138984844,-0.29498410303616684,-0.28115578060931556,-0.16585209295363829,-0.04990165614165866,0.000965167229067759,5.0
1.8529705941188235,2.240494721758607,1.0085354846710561,-0.2934184828601157,-0.2804978228391122,-0.1662297935442706,-0.05061941265367504,0.0006713106199861832,5.0
1.8539707941588315,2.240020385649148,1.0084672581421639,-0.291843517758335,-0.2798272589789222,-0.16660079327323254,-0.05134712775277311,0.00036938010283672616,5.0
1.8549709941988395,2.2395428403143245,1.0083978134269018,-0.29025908541513057,-0.27914389000496304,-0.16696484850591103,-0.05208496227756666,5.91737911085875e-05,5.0
1.8559711942388475,2.239062032943653,1.0083271290415918,-0.288665060539001,-0.2784475128864647,-0.16732170934814136,-0.05283307983620719,-0.0002595153596530406,5.0
1.8569713942788555,2.23857790920803,1.0082551828788318,-0.2870613147645563,-0.27773792046976065,-0.16767111950949296,-0.05359164682029268,-0.0005868996984891382,5.0
1.8579715943188635,2.2380904131946338,1.0081819521810258,-0.28544771655064816,-0.27701490135768864,-0.16801281616471622,-0.05436083241386743,-0.0009231970313099844,5.0
1.8589717943588715,2.2375994873389806,1.0081074135122867,-0.2838241310745347,-0.2762782397840332,-0.16834652981340928,-0.05514080859684282,-0.0012686307791744988,5.0
1.8599719943988795,2.2371050723540193,1.0080315427286102,-0.28219042012189965,-0.2755277154827136,-0.16867198413797932,-0.05593175014209881,-0.0016234301429548235,5.0
1.8609721944388875,2.2366071071561158,1.0079543149462216,-0.2805464419725292,-0.274763103551403,-0.1689888958599792,-0.05673383460544606,-0.0019878302748121803,5.0
1.8619723944788955,2.236105528787787,1.0078757045079911,-0.27889205128143735,-0.27398417430923383,-0.16929697459491186,-0.057547242307540575,-0.002362072456950847,5.0
1.8629725945189035,2.2356002723370074,1.0077956849478147,-0.27722709895522313,-0.2731906931482217,-0.16959592270560792,-0.05837215630674826,-0.0027464042881615823,5.0
1.8639727945589115,2.2350912708528976,1.0077142289528722,-0.27555143202341964,-0.272382420378,-0.16988543515429214,-0.05920876236184752,-0.0031410798787153654,5.0
1.8649729945989195,2.2345784552575774,1.0076313083236688,-0.27386489350459026,-0.2715591110634336,-0.17016519935346885,-0.06005724888334283,-0.003546360054221957,5.0
1.8659731946389275,2.2340617542539345,1.0075468939317778,-0.27216732226690027,-0.27072051485463255,-0.17043489501577005,-0.06091780687202983,-0.003962512569127223,5.0
1.8669733946789355,2.2335410942290235,1.0074609556752185,-0.27045855288288156,-0.2698663758088526,-0.17069419400292427,-0.06179062984331109,-0.004389812330587935,5.0
1.8679735947189435,2.2330163991527847,1.0073734624314115,-0.2687384154780881,-0.26899643220372066,-0.1709427601740203,-0.06267591373560097,-0.00482854163353383,5.0
1.8689737947589515,2.232487590471712,1.007284382007662,-0.26700673557331833,-0.2681104163411756,-0.17118024923325717,-0.06357385680098361,-0.005278990407803931,5.0
1.8699739947989595,2.2319545869970807,1.0071936810891453,-0.2652633339200635,-0.26720805434146405,-0.17140630857738798,-0.06448465947609373,-0.005741456478327958,5.0
1.8709741948389675,2.231417304787302,1.0071013251843663,-0.2635080263288233,-0.26628906592647383,-0.17162057714308818,-0.06540852423097476,-0.006216245839414514,5.0
1.8719743948789755,2.23087565702393,1.007007278568078,-0.2617406234899061,-0.2653531641916295,-0.17182268525449595,-0.06634565539343074,-0.006703672944305159,5.0
1.8729745949189835,2.230329553880843,1.0069115042216394,-0.2599609307863209,-0.2644000553655087,-0.17201225447119858,-0.06729625894612495,-0.007204061011257842,5.0
1.8739747949589916,2.2297789023860894,1.0068139637707922,-0.25816874809834234,-0.26342943855627127,-0.1721888974369578,-0.06826054229338452,-0.00771774234753472,5.0
1.8749749949989996,2.229223606275896,1.0067146174208044,-0.2563638695993225,-0.2624410054839238,-0.17235221772949766,-0.06923871399434639,-0.008245058692787221,5.0
1.8759751950390076,2.228663565840343,1.006613423888924,-0.2545460835422982,-0.2614344401973516,-0.17250180971169748,-0.07023098345871878,-0.008786361583456232,5.0
1.8769753950790156,2.2280986777602316,1.0065103403340345,-0.25271517203693056,-0.26040941877497603,-0.17263725838456326,-0.07123756060103263,-0.009342012739936472,5.0
1.8779755951190236,2.227528834934701,1.006405322283365,-0.2508709108162934,-0.2593656090077849,-0.17275813924237007,-0.0722586554488115,-0.009912384478391758,5.0
1.8789757951590316,2.226953926299187,1.0062983235560892,-0.24901306899300388,-0.2583026700633882,-0.17286401813039606,-0.0732944776995986,-0.010497860149251787,5.0
1.8799759951990396,2.2263738366333583,1.0061892961835481,-0.24714140880416666,-0.2572202521296173,-0.17295445110568253,-0.07434523622122831,-0.011098834604569997,5.0
1.8809761952390476,2.2257884463586937,1.006078190325841,-0.24525568534456757,-0.2561179960360571,-0.1730289843012763,-0.07541113848912637,-0.011715714696576781,5.0
1.8819763952790556,2.2251976313254147,1.0059649541844424,-0.24335564628751893,-0.25499553285173776,-0.17308715379441508,-0.07649238995374744,-0.012348919809919734,5.0
1.8829765953190636,2.22460126258848,1.0058495339104978,-0.24144103159271266,-0.25385248345704325,-0.17312848547912218,-0.0775891933305118,-0.012998882430242881,5.0
1.8839767953590716,2.2239992061723775,1.0057318735084027,-0.23951157320038383,-0.2526884580876861,-0.17315249494367072,-0.07870174780377562,-0.013666048751916153,5.0
1.8849769953990796,2.223391322824422,1.0056119147342781,-0.2375669947110266,-0.2515030558483807,-0.17315868735335851,-0.07983024813544924,-0.014350879327881183,5.0
1.8859771954390876,2.222777467756246,1.0054895969889284,-0.23560701104983164,-0.2502958641935909,-0.17314655733900478,-0.08097488366785548,-0.015053849764725869,5.0
1.8869773954790956,2.2221574903731045,1.0053648572049003,-0.23363132811493703,-0.24906645837244723,-0.17311558889153067,-0.08213583720928702,-0.01577545146622878,5.0
1.8879775955191036,2.221531233990579,1.0052376297272627,-0.23163964240849133,-0.24781440083461118,-0.17306525526291772,-0.08331328378945779,-0.016516192428719677,5.0
1.8889777955591116,2.220898535538144,1.0051078461877683,-0.2296316406494329,-0.24653924059352172,-0.17299501887374613,-0.08450738927063868,-0.01727659809166836,5.0
1.8899779955991196,2.220259225249022,1.0049754353720761,-0.22760699936678142,-0.24524051254305942,-0.172904331227386,-0.08571830879870013,-0.018057212246929463,5.0
1.8909781956391276,2.219613126335627,1.0048403230797578,-0.22556538447212132,-0.2439177367232387,-0.17279263283075763,-0.08694618507653289,-0.018858598010013133,5.0
1.8919783956791356,2.2189600546498367,1.0047024319768094,-0.22350645080983358,-0.24257041753005443,-0.17265935312136338,-0.08819114644036319,-0.01968133885659887,5.0
1.8929785957191436,2.2182998183272455,1.0045616814404539,-0.22142984168350097,-0.24119804286407623,-0.17250391040002666,-0.08945330471728448,-0.020526039727231268,5.0
1.8939787957591516,2.217632217414518,1.004417987395953,-0.21933518835676566,-0.2398000832117803,-0.1723257117684376,-0.09073275283987119,-0.021393328202694017,5.0
1.8949789957991596,2.216957043478919,1.0042712621451895,-0.21722210952676826,-0.23837599065294693,-0.1721241530701699,-0.09202956219097615,-0.02228385575190803,5.0
1.8959791958391676,2.2162740791990987,1.004121414186705,-0.21509021076812726,-0.23692519778669277,-0.1718986188333025,-0.09334377964870418,-0.023198299053281874,5.0
1.8969793958791756,2.21558309793625,1.0039683480268136,-0.21293908394523856,-0.23544711656785866,-0.1716484822120972,-0.09467542429804629,-0.024137361389190752,5.0
1.8979795959191836,2.2148838632848005,1.0038119639813547,-0.2107683065904696,-0.23394113704451108,-0.17137310492434302,-0.09602448377169877,-0.025101774111586986,5.0
1.8989797959591916,2.2141761286018773,1.0036521579675162,-0.2085774412455989,-0.2324066259862167,-0.17107183717992744,-0.0973909101781029,-0.02609229817454609,5.0
1.8999799959991996,2.213459636514855,1.0034888212850757,-0.20636603476358964,-0.23084292539149184,-0.17074401759487923,-0.09877461556965277,-0.02710972572670081,5.0
1.9009801960392076,2.212734118406363,1.0033218403863073,-0.20413361756749787,-0.22924935086138887,-0.17038897308350995,-0.10017546689823133,-0.028154881752852957,5.0
1.9019803960792157,2.211999293876144,1.0031510966337167,-0.20187970286296805,-0.2276251898245201,-0.1700060187192614,-0.10159328039863819,-0.02922862574938705,5.0
1.9029805961192237,2.2112548701791006,1.0029764660447509,-0.19960378580038543,-0.2259696995969105,-0.16959445755238778,-0.1030278153329397,-0.030331853412204433,5.0
1.9039807961592317,2.2105005416387797,1.0027978190226232,-0.197305342582298,-0.2242821052578514,-0.16915358036953063,-0.10447876702014137,-0.0314654983084608,5.0
1.9049809961992397,2.2097359890352792,1.0026150200724901,-0.1949838295112126,-0.22256159732038389,-0.16868266537648313,-0.10594575906567634,-0.03263053349406538,5.0
1.9059811962392477,2.2089608789663076,1.0024279275023242,-0.19263868197227993,-0.22080732917207294,-0.16818097778080698,-0.10742833469379567,-0.03382797302724881,5.0
1.9069813962792557,2.208174863179722,1.0022363931080207,-0.19026931334473512,-0.219018414258323,-0.16764776924530234,-0.10892594707278064,-0.035058873313984995,5.0
1.9079815963192637,2.207377577875482,1.0020402618424418,-0.18787511383521824,-0.21719392297650994,-0.16708227717637686,-0.11043794850764874,-0.03632433420299755,5.0
1.9089817963592717,2.2065686429745672,1.0018393714682787,-0.1854554492252856,-0.21533287924459604,-0.16648372380286183,-0.11196357835732221,-0.037625499725674694,5.0
1.9099819963992797,2.20574766135208,1.0016335521946866,-0.18300965952450454,-0.2134342567025173,-0.16585131499039626,-0.11350194951260298,-0.038963558348453754,5.0
1.9109821964392877,2.2049142180315346,1.0014226262976413,-0.18053705751949137,-0.21149697449833502,-0.1651842387237398,-0.11505203324719879,-0.040339742570887245,5.0
1.9119823964792957,2.2040678793372503,1.0012064077237484,-0.1780369272080767,-0.2095198926037378,-0.16448166317370222,-0.11661264222578781,-0.04175532766014942,5.0
1.9129825965193037,2.203208192001701,1.000984701676807,-0.17550852210641113,-0.20750180659472656,-0.16374273424613187,-0.11818241141987179,-0.043211629260331536,5.0
1.9139827965593117,2.202334682224581,1.0007573041857047,-0.17295106341521083,-0.2054414418229235,-0.16296657248673846,-0.1197597766429384,-0.044709999550217844,5.0
1.9149829965993197,2.201446854679909,1.0005240016510397,-0.17036373802939056,-0.20333744689054314,-0.16215226918636236,-0.12134295036998712,-0.046251821543521726,5.0
1.9159831966393277,2.2005441914662147,1.00028457036603,-0.16774569637294487,-0.20118838632722466,-0.16129888149535462,-0.12292989445125885,-0.0478385010273302,5.0
1.9169833966793357,2.199626150991968,1.0000387760043552,-0.16509605003796188,-0.19899273234908624,-0.16040542631133262,-0.12451828926415133,-0.04947145551347481,5.0
1.9179835967193437,2.198692166782528,0.9997863730626889,-0.1624138692028944,-0.19674885555884747,-0.15947087264968873,-0.12610549876848542,-0.05115209942842946,5.0
1.9189837967593517,2.19774164618366,0.999527104237388,-0.15969817980038714,-0.19445501441981639,-0.15849413213827032,-0.1276885308355972,-0.05288182458357269,5.0
1.9199839967993597,2.19677396891613,0.9992606997004033,-0.15694796039866032,-0.19210934330483714,-0.15747404719336355,-0.12926399210754452,-0.05466197474109688,5.0
1.9209841968393677,2.195788485399132,0.9989868762141974,-0.15416213875209406,-0.18970983888249007,-0.1564093763293789,-0.1308280365044442,-0.05649381281135373,5.0
1.9219843968793757,2.194784514695355,0.9987053359811511,-0.15133958796534447,-0.18725434455495174,-0.1552987759241746,-0.13237630632978012,-0.05837847887232436,5.0
1.9229845969193837,2.1937613418167405,0.9984157650453218,-0.1484791221997233,-0.18474053260227835,-0.15414077759897138,-0.1339038647179589,-0.060316936775305884,5.0
1.9239847969593917,2.192718213931495,0.9981178309289072,-0.14557949182865634,-0.1821658836127002,-0.15293376016749835,-0.13540511791573287,-0.06230990657283619,5.0
1.9249849969993997,2.1916543346679616,0.9978111789500003,-0.14263937791769482,-0.1795276626824422,-0.15167591485178153,-0.13687372557654726,-0.06435777935004677,5.0
1.9259851970394077,2.1905688551127764,0.9974954262593037,-0.1396573858590654,-0.1768228917438809,-0.15036520213654683,-0.13830249685726373,-0.0664605102268849,5.0
1.9269853970794157,2.1894608590659503,0.9971701519260465,-0.13663203792380857,-0.17404831721609654,-0.14899929821997998,-0.13968326961666003,-0.06861748428473488,5.0
1.9279855971194237,2.18832933832899,0.9968348801823401,-0.1335617643949417,-0.17120037195012094,-0.1475755284876858,-0.1410067693920226,-0.07082734890353788,5.0
1.9289857971594317,2.1871731507236607,0.9964890518317076,-0.13044489279541008,-0.1682751301367696,-0.14609078475067072,-0.14226244402771315,-0.0730878044047609,5.0
1.9299859971994398,2.1859909482436777,0.9961319752101361,-0.1272796344978737,-0.16526825341875426,-0.1445414220933776,-0.14343826878056495,-0.07539534288896539,5.0
1.9309861972394478,2.1847810536487557,0.9957627418770435,-0.1240640676577103,-0.16217492584053333,-0.14292312999815135,-0.1445205153318687,-0.07774492260978126,5.0
1.9319863972794558,2.1835412482230443,0.9953800815664728,-0.12079611488080097,-0.15898977438558315,-0.1412307708386573,-0.14549347624482303,-0.08012956196844372,5.0
1.9329865973194638,2.1822684067446456,0.994982112705987,-0.11747351322236994,-0.15570677054583074,-0.13945817670733865,-0.14633913379124283,-0.0825398330075137,5.0
1.9339867973594718,2.180957870144314,0.9945659136741576,-0.11409377285505268,-0.15231910641441393,-0.13759789262582606,-0.14703675838000474,-0.08496322879308622,5.0
1.9349869973994798,2.1796023686427195,0.9941267868639841,-0.11065411879988671,-0.14881903583549316,-0.13564085013170388,-0.14756241650664817,-0.08738337181917105,5.0
1.9359871974394878,2.1781901760168663,0.9936569972461846,-0.10715140710749405,-0.14519766663029982,-0.13357594951362575,-0.14788836036317263,-0.08977902084654113,5.0
1.9369873974794958,2.176701951563166,0.9931436137355393,-0.10358200223281731,-0.14144468299061805,-0.1313895207861813,-0.14798225969733847,-0.09212282038745158,5.0
1.9379875975195038,2.1751053478618325,0.992564822234507,-0.0999415951922581,-0.13754796647931677,-0.1290646216664593,-0.1478062192198843,-0.09437971892184048,5.0
1.9389877975595118,2.173345827034806,0.9918836426629395,-0.09622493112415034,-0.13349306773895933,-0.12658011358149168,-0.1473154989378834,-0.09650495691280143,5.0
1.9399879975995198,2.171331071188852,0.9910372532196102,-0.0924253982070699,-0.1292624561534139,-0.12390943161776007,-0.14645681628675003,-0.09844149139790931,5.0
1.9409881976395278,2.1689046408579453,0.9899189223686602,-0.0885344049613267,-0.12483443756349347,-0.12101892813771609,-0.14516605319236983,-0.10011667838841945,5.0
1.9419883976795358,2.1658017707745643,0.9883476052030252,-0.0845404367563159,-0.1201815765819438,-0.11786561946803692,-0.14336511503876478,-0.10143797887118994,5.0
1.9429885977195438,2.1615759860752686,0.9860172319804659,-0.08042763281306178,-0.11526838837493872,-0.11439410103716903,-0.140957597612341,-0.10228740236015545,5.0
1.9439887977595518,2.1554794151594194,0.9824133170071793,-0.07617366597178682,-0.11004798480020281,-0.11053233329409635,-0.13782284828493072,-0.10251440316470194,5.0
1.9449889977995598,2.146273402513337,0.9766790496385025,-0.07174666354363707,-0.10445731902695725,-0.10618599813522299,-0.13380808100174038,-0.10192714459407566,5.0
1.9459891978395678,2.131944680458283,0.9674090043799084,-0.06710096391956137,-0.09841082434660624,-0.10123136630802564,-0.1287187629478878,-0.1002828261499077,5.0
1.9469893978795758,2.1093226867390844,0.9523548657306414,-0.06217190267006077,-0.0917930023356428,-0.0955075864649523,-0.12230937199515339,-0.09728001698175254,5.0
1.9479895979195838,2.0736764082442085,0.9280677331542849,-0.0568711561740792,-0.08445285214503315,-0.08881212197656779,-0.11428157267317435,-0.09256140386864792,5.0
1.9489897979595918,2.01858634816522,0.889624184211883,-0.05108761495706934,-0.07620874185763463,-0.08090973591191546,-0.10430751823304103,-0.08574638463108511,5.0
1.9499899979995998,1.9367813344471978,0.8308474539481119,-0.04470572799808548,-0.06688318153293818,-0.07157774666173881,-0.09211305091840917,-0.07652887787878576,5.0
1.9509901980396078,1.8229393749907195,0.7457896462877818,-0.03766228740501631,-0.05639931831183786,-0.060723314444333196,-0.07766664631682454,-0.06488094505483695,5.0
1.9519903980796158,1.6786697710772862,0.632214976334275,-0.030059988014821033,-0.044961621327150314,-0.048594571246319405,-0.06147965033781876,-0.051349494171537356,5.0
1.9529905981196238,1.5169013398346247,0.4963699551332821,-0.022306880290110825,-0.03326039970519429,-0.03600851176641938,-0.04486385780679256,-0.0372661745977869,5.0
1.9539907981596318,1.3599499295857533,0.3551180351049951,-0.015138266452615038,-0.022472079618194248,-0.024330845378446465,-0.029769050933556543,-0.024505348637313927,5.0
1.9549909981996398,1.229333083943375,0.23023424880399315,-0.009341350169716293,-0.013803235563387209,-0.014937460405472745,-0.017946494309322946,-0.01463576477394224,5.0
1.9559911982396478,1.1352762411740165,0.13664877339273007,-0.005300628225719148,-0.007803987964993091,-0.008444872976655617,-0.009992471456622017,-0.008097315743278106,5.0
1.9569913982796558,1.07525550400716,0.07590205634115367,-0.002833792389412604,-0.004163249030889845,-0.004508990517292205,-0.005278473046134837,-0.004268837069683235,5.0
1.9579915983196639,1.0402385924554416,0.04040860714729697,-0.0014639674622268686,-0.002149026531552646,-0.0023308614611228275,-0.0027101822779718662,-0.0021953586271639927,5.0
1.9589917983596719,1.0209957078489995,0.02099825541313011,-0.0007436943295525563,-0.0010915090335208546,-0.001185477088876437,-0.001371208620139892,-0.0011149261529263062,5.0
1.9599919983996799,1.0108015401433266,0.010771372263639853,-0.0003744395920597966,-0.0005492815777581524,-0.0005967247199562348,-0.00068523781187563,-0.0005597005580017047,5.0
1.9609921984396879,1.0055135334512881,0.005487849799062676,-0.00018675624798519382,-0.000273164035120133,-0.0002955661964715221,-0.00033381481442701556,-0.0002742040367994332,5.0
1.9619923984796959,1.0028021219885765,0.002785636247737924,-9.13744686868524e-05,-0.00013233167300480333,-0.00014079379710559939,-0.00015153189656281376,-0.00012004740207327148,5.0
1.9629925985197039,1.0014205486856507,0.0014108769973784645,-4.188907085668074e-05,-5.973357719409216e-05,-6.188430108102288e-05,-5.8182720710210125e-05,-3.802839513298288e-05,5.0
1.9639927985597119,1.0007190166859317,0.0007135443080132331,-1.579237059811777e-05,-1.6517815608840158e-05,-1.796720224984976e-05,-1.743398181668685e-05,0.0,4.0
1.9649929985997199,1.0003635487312492,0.0003605748996273458,-4.124436688350851e-06,0.0,0.0,0.0,0.0,1.0
1.9659931986397279,1.0001837004674676,0.00018215914634013534,0.0,0.0,0.0,0.0,0.0,0.0
1.9669933986797359,1.0000927915657076,9.200725253087296e-05,0.0,0.0,0.0,0.0,0.0,0.0
1.9679935987197439,1.0000468606515525,4.646351804479336e-05,0.0,0.0,0.0,0.0,0.0,0.0
1.968993798759752,1.0000236608558515,2.3460126230717674e-05,0.0,0.0,0.0,0.0,0.0,0.0
1.96999399879976,1.000011944935799,1.1843558974322031e-05,0.0,0.0,0.0,0.0,0.0,0.0
1.970994198839768,1.0000060293739192,5.978197058068057e-06,0.0,0.0,0.0,0.0,0.0,0.0
1.971994398879776,1.0000030429637228,3.0171361902771205e-06,0.0,0.0,0.0,0.0,0.0,0.0
1.972994598919784,1.0000015355269212,1.5224953320539215e-06,0.0,0.0,0.0,0.0,0.0,0.0
1.973994798959792,1.0000007747360546,7.681620202049309e-07,0.0,0.0,0.0,0.0,0.0,0.0
1.9749949989998,1.0000003908277526,3.875119083307403e-07,0.0,0.0,0.0,0.0,0.0,0.0
1.975995199039808,1.000000197129737,1.9545753925098166e-07,0.0,0.0,0.0,0.0,0.0,0.0
1.976995399079816,1.0000000994154838,9.857231495830813e-08,0.0,0.0,0.0,0.0,0.0,0.0
1.977995599119824,1.0000000501292508,4.970416549024775e-08,0.0,0.0,0.0,0.0,0.0,0.0
1.978995799159832,1.0000000252734145,2.5059138721527504e-08,0.0,0.0,0.0,0.0,0.0,0.0
1.97999599919984,1.000000012740087,1.2632091613420841e-08,0.0,0.0,0.0,0.0,0.0,0.0
1.980996199239848,1.0000000064212102,6.366788344868047e-09,0.0,0.0,0.0,0.0,0.0,0.0
1.981996399279856,1.0000000032359189,3.2084982084818563e-09,0.0,0.0,0.0,0.0,0.0,0.0
1.982996599319864,1.0000000016304775,1.6166634830159248e-09,0.0,0.0,0.0,0.0,0.0,0.0
1.983996799359872,1.0000000008214263,8.144680205543487e-10,0.0,0.0,0.0,0.0,0.0,0.0
1.98499699939988,1.00000000041377,4.1026557073961066e-10,0.0,0.0,0.0,0.0,0.0,0.0
1.985997199439888,1.0000000002083944,2.0662971781065698e-10,0.0,0.0,0.0,0.0,0.0,0.0
1.986997399479896,1.000000000104942,1.0405361809102867e-10,0.0,0.0,0.0,0.0,0.0,0.0
1.987997599519904,1.0000000000528384,5.23911719634127e-11,0.0,0.0,0.0,0.0,0.0,0.0
1.988997799559912,1.0000000000266003,2.637514720091045e-11,0.0,0.0,0.0,0.0,0.0,0.0
1.98999799959992,1.000000000013389,1.327595656280646e-11,0.0,0.0,0.0,0.0,0.0,0.0
1.990998199639928,1.0000000000067384,6.681427408500545e-12,0.0,0.0,0.0,0.0,0.0,0.0
1.991998399679936,1.0000000000033906,3.3620354443490444e-12,0.0,0.0,0.0,0.0,0.0,0.0
1.992998599719944,1.0000000000017057,1.6914276932294908e-12,0.0,0.0,0.0,0.0,0.0,0.0
1.993998799759952,1.000000000000858,8.507678667763939e-13,0.0,0.0,0.0,0.0,0.0,0.0
1.99499899979996,1.0000000000004314,4.278388455358671e-13,0.0,0.0,0.0,0.0,0.0,0.0
1.995999199839968,1.0000000000002167,2.1507039106377957e-13,0.0,0.0,0.0,0.0,0.0,0.0
1.996999399879976,1.0000000000001088,1.0806767019844748e-13,0.0,0.0,0.0,0.0,0.0,0.0
1.997999599919984,1.0000000000000546,5.433857787665089e-14,0.0,0.0,0.0,0.0,0.0,0.0
1.998999799959992,1.0000000000000275,2.7645437595880573e-14,0.0,0.0,0.0,0.0,0.0,0.0
2.0,1.0000000000000155,1.567241084925689e-14,0.0,0.0,0.0,0.0,0.0,0.0
