-1.0,4.997497213590629,0.0011060022273000274,-2.920018194912395e-05,-4.5965786752892846e-05,-5.9375052834620285e-05,-7.200844086207388e-05,-7.892326575958969e-05,5.0
-0.997997997997998,4.997244334904215,0.0012189661207895254,-3.1279003481986756e-05,-4.9381133757944574e-05,-6.394478216962484e-05,-7.789119043594215e-05,-8.56202551645061e-05,5.0
-0.995995995995996,4.996922580069011,0.0013625840983537715,-3.4959105253671456e-05,-5.5424188029075576e-05,-7.200393157529921e-05,-8.82865406323873e-05,-9.739747302694959e-05,5.0
-0.993993993993994,4.996561604985077,0.0015235997362267634,-3.987826302126943e-05,-6.349884650390185e-05,-8.274112276833121e-05,-0.00010216635541139699,-0.00011305769863303329,5.0
-0.991991991991992,4.996164571487881,0.001700604755795493,-4.581130361266576e-05,-7.322939483717383e-05,-9.563922075026836e-05,-0.00011885558158723197,-0.00013179762761723773,5.0
-0.98998998998999,4.9957300522079535,0.0018942397576767007,-5.26282110810209e-05,-8.439072090473303e-05,-0.00011037664407157807,-0.00013790814164642105,-0.00015305638191279183,5.0
-0.987987987987988,4.995255781803346,0.002105516878874138,-6.0263300292946964e-05,-9.686325073314811e-05,-0.00012677361765898654,-0.00015906132322443447,-0.00017648677414569728,5.0
-0.985985985985986,4.994739305437496,0.002335530241396825,-6.869805044564007e-05,-0.00011061066254970224,-0.00014477037438202363,-0.0001822282471210676,-0.00020196892082076853,5.0
-0.983983983983984,4.994178098388173,0.0025854027292092595,-7.795039249126835e-05,-0.00012566321484971127,-0.000164405676032001,-0.00020747039098061672,-0.0002295763970326398,5.0
-0.9819819819819819,4.993569596085241,0.0028562729333788213,-8.806497744908347e-05,-0.00014209783934778777,-0.0001857840416251024,-0.00023493972924671164,-0.0002594896722088784,5.0
-0.97997997997998,4.9929112096986765,0.003149289153552366,-9.910310494174186e-05,-0.00016001696744257128,-0.0002090406177927842,-0.00026481895868721116,-0.0002919109148352968,5.0
-0.977977977977978,4.992200340099611,0.003465604835185427,-0.0001111340831766756,-0.00017953249030712732,-0.00023431727188182855,-0.00029728795420678566,-0.0003270239118617864,5.0
-0.975975975975976,4.991434391755674,0.003806374131468503,-0.00012423006829291773,-0.0002007583905434938,-0.00026175455088961393,-0.0003325196843170572,-0.0003649974961927016,5.0
-0.973973973973974,4.990610785837936,0.004172746900251575,-0.00013846457690340377,-0.0002238102896380928,-0.00029149392832428575,-0.00037068970651849687,-0.0004060034989754372,5.0
-0.9719719719719719,4.989726971891636,0.00456586285449728,-0.00015391306403858023,-0.0002488074745031644,-0.00032368188652408535,-0.0004119833781799821,-0.00045022627651466183,5.0
-0.96996996996997,4.988780438395154,0.004986845139840903,-0.00017065368233465386,-0.0002758740336749159,-0.00035847113382974483,-0.0004565957311921189,-0.0004978602279582267,5.0
-0.967967967967968,4.987768723264666,0.005436793963127742,-0.00018876730897647,-0.0003051383235424653,-0.00039601904200530495,-0.0005047273445849581,-0.0005491028915846247,5.0
-0.965965965965966,4.986689425199726,0.005916780804673708,-0.00020833697302044524,-0.0003367316547617579,-0.00043648540620930585,-0.000556580714869154,-0.0006041502920900604,5.0
-0.963963963963964,4.98554021596884,0.006427843369969762,-0.00022944719471600997,-0.0003707871906598546,-0.0004800309904984786,-0.0006123587805834746,-0.0006631958276120805,5.0
-0.9619619619619619,4.984318853008108,0.006970981102864732,-0.00025218355015851424,-0.00040743937545391134,-0.0005268169818340404,-0.00067226480307464,-0.0007264307571577882,5.0
-0.95995995995996,4.9830231914623955,0.007547150971530884,-0.0002766324549141442,-0.00044682367427941914,-0.0005770047923552627,-0.0007365023105879511,-0.0007940443715793765,5.0
-0.957957957957958,4.981651194986976,0.008157263319839635,-0.00030288101527077376,-0.0004890763153259384,-0.0006307557335414938,-0.0008052745022252866,-0.0008662232691825104,5.0
-0.955955955955956,4.980200945018528,0.008802177743523416,-0.00033101683357321745,-0.0005343338959997864,-0.0006882304441391777,-0.000878783219879419,-0.0009431501050145343,5.0
-0.953953953953954,4.978670648613188,0.009482699112290023,-0.0003611277492742097,-0.0005827328878492801,-0.0007495881907762613,-0.0009572278383625125,-0.0010250023348367635,5.0
-0.9519519519519519,4.977058645182886,0.010199573949734166,-0.00039330155421867137,-0.0006344091337844058,-0.0008149861910511643,-0.001040804312444055,-0.0011119512084839696,5.0
-0.94994994994995,4.97536341246232,0.010953487369575526,-0.0004276257225632225,-0.0006894974008868737,-0.0008845790320505397,-0.001129704432388862,-0.0012041610074452376,5.0
-0.9479479479479479,4.973583571852976,0.011745060669948742,-0.0004641871715806796,-0.0007481310007094341,-0.0009585181816346808,-0.0012241152342929286,-0.0013017884262823411,5.0
-0.9459459459459459,4.97171789305655,0.012574849569212046,-0.0005030720489584549,-0.0008104414585496632,-0.00103695155892877,-0.0013242184964631376,-0.001404982018789184,5.0
-0.943943943943944,4.969765297764623,0.013443342988118587,-0.0005443655355339854,-0.000876558208558835,-0.0011200231343699856,-0.0014301902758826588,-0.0015138816753685563,5.0
-0.9419419419419419,4.967724862171013,0.014350962269772602,-0.0005881516553567888,-0.0009466082994398065,-0.00120787254402701,-0.001542200459705444,-0.0016286181222143798,5.0
-0.93993993993994,4.965595818186352,0.015298060766879286,-0.0006345130898759072,-0.001020716103843125,-0.0013006347132149985,-0.001660412316721335,-0.00174931243732822,5.0
-0.9379379379379379,4.963377553384719,0.016284923781557766,-0.0006835309959041997,-0.0010990030292837485,-0.001398439488791004,-0.0017849820395852386,-0.0018760755793517192,5.0
-0.9359359359359359,4.96106960982811,0.01731176888457224,-0.0007352848278065578,-0.0011815872306781094,-0.0015014112813986746,-0.001916058276167102,-0.0020090079308055543,5.0
-0.933933933933934,4.958671681958172,0.018378746651350877,-0.000789852164569001,-0.0012685833264366277,-0.0016096687209325642,-0.0020537816573513315,-0.0021481988654529854,5.0
-0.9319319319319319,4.956183613717792,0.019485941832414005,-0.0008473085429551201,-0.0013601021220479967,-0.0017233243307558028,-0.00219828433559144,-0.002293726354972794,5.0
-0.92992992992993,4.953605394999126,0.020633374939857594,-0.0009077272988025959,-0.0014562503467284561,-0.0018424842277131542,-0.002349689551161951,-0.0024456566304567676,5.0
-0.9279279279279279,4.950937157450763,0.02182100419787467,-0.000971179419174432,-0.001557130409344332,-0.001967247855047648,-0.0025081112415290866,-0.0026040439105181256,5.0
-0.9259259259259259,4.948179169645957,0.02304872778782166,-0.001037733408207333,-0.0016628401793088588,-0.0020977077540783456,-0.0026736537053731915,-0.0027689302026091458,5.0
-0.9239239239239239,4.945331831624362,0.024316386320786847,-0.0011074551690733007,-0.0017734727968327785,-0.002233949378543828,-0.002846411328415567,-0.002940345179580525,5.0
-0.9219219219219219,4.942395668858286,0.02562376548698029,-0.0011804079036964541,-0.0018891165152544365,-0.002376050953478244,-0.0030264683744302824,-0.003118306130382615,5.0
-0.91991991991992,4.939371325737345,0.026970598850816877,-0.0012566520309985846,-0.002009854576571564,-0.002524083378732585,-0.003213898841943121,-0.0033028179819582664,5.0
-0.9179179179179179,4.936259558691944,0.028356570773951952,-0.00133624512366988,-0.00213576511994813,-0.002678110175905398,-0.0034087663849827364,-0.0034938733883197793,5.0
-0.9159159159159159,4.933061229077722,0.029781319451693256,-0.0014192418628682713,-0.0022669211219430935,-0.0028381874764938212,-0.0036111242946295285,-0.0036914528821442574,5.0
-0.9139139139139139,4.929777295924068,0.031244440042891085,-0.0015056940098617509,-0.002403390366499785,-0.0030043640484671047,-0.003821015536884312,-0.003895525083787544,5.0
-0.9119119119119119,4.926408808622132,0.032745487864810054,-0.001595650393418714,-0.0025452354423110787,-0.0031766813581446435,-0.004038472841535922,-0.004106046962381431,5.0
-0.9099099099099099,4.922956899603899,0.03428398161810765,-0.001689156911675907,-0.0026925137649874468,-0.0033551736641667987,-0.0042635188362652255,-0.004322964143655639,5.0
-0.9079079079079079,4.919422777051226,0.0358594066060413,-0.0017862565472196122,-0.0028452776214428523,-0.0035398681404062333,-0.00449616622017656,-0.0045462112592938595,5.0
-0.9059059059059059,4.915807717672359,0.03747121791636954,-0.0018869893941573653,-0.003003574234016253,-0.003730785024805425,-0.004736417971238972,-0.0047757123329254005,5.0
-0.9039039039039038,4.912113059588192,0.03911884354167917,-0.001991392696004733,-0.0031674458420122317,-0.003927937791282466,-0.004984267582651908,-0.005011381198184164,5.0
-0.9019019019019019,4.908340195374781,0.04080168742094272,-0.0020995008932534398,-0.0033369297985382414,-0.0041313333419903476,-0.0052396993238128355,-0.005253121944564291,5.0
-0.8998998998998999,4.90449056530763,0.0425191323898168,-0.0022113456795278706,-0.003512058680721104,-0.004340972217341422,-0.005502688522258669,-0.005500829387034004,5.0
-0.8978978978978979,4.90056565084634,0.04427054302907504,-0.002326956065287322,-0.003692860411595052,-0.004556848821332931,-0.005773201863602925,-0.005754389555540418,5.0
-0.8958958958958959,4.896566968387713,0.046055268400660564,-0.002446358448099455,-0.003879358392162174,-0.004778951659846654,-0.006051197707044181,-0.006013680200673787,5.0
-0.8938938938938938,4.892496063305153,0.04787264466077328,-0.0025695766885957135,-0.004071571642323079,-0.005007263589751232,-0.0063366264144457535,-0.0062785713118871725,5.0
-0.8918918918918919,4.888354504285063,0.04972199754045279,-0.0026966321913125275,-0.004269514949544535,-0.005241762076799473,-0.006629430691264123,-0.006548925644800975,5.0
-0.8898898898898899,4.884143877967714,0.05160264468661227,-0.002827543989709261,-0.004473199024255375,-0.0054824194604678285,-0.006929545937732847,-0.006824599254263581,5.0
-0.8878878878878879,4.879865783899562,0.053513897859870624,-0.002962328834722434,-0.0046826306610317,-0.0057292032240134115,-0.007236900608704662,-0.007105442029984505,5.0
-0.8858858858858859,4.875521829804012,0.05545506498881759,-0.003101001286259569,-0.004897812904648747,-0.00598207626811871,-0.007551416580451352,-0.007391298231703758,5.0
-0.8838838838838838,4.871113627176304,0.057425452082680455,-0.0032435738070569027,-0.005118745220053373,-0.006240997186560772,-0.007873009522565956,-0.007682007021017542,5.0
-0.8818818818818819,4.866642787204759,0.05942436500541647,-0.003390056858331157,-0.005345423665269296,-0.00650592054239539,-0.008201589272957659,-0.007977402987158665,5.0
-0.8798798798798799,4.86211091701578,0.061451111114300405,-0.0035404589966572648,-0.0055778410662102595,-0.006776797143205802,-0.008537060213822108,-0.008277316664242208,5.0
-0.8778778778778779,4.857519616234959,0.06350500076573949,-0.00369478697151071,-0.005815987192361965,-0.007053574314043316,-0.008879321646439833,-0.008581575037737002,5.0
-0.8758758758758759,4.8528704738528115,0.06558534869093184,-0.0038530458229302715,-0.006059848932311383,-0.007336196166788739,-0.009228268162712923,-0.00889000203820427,5.0
-0.8738738738738738,4.848165065381724,0.06769147524442286,-0.004015238978785361,-0.006309410468151934,-0.007624603864784569,-0.009583790011488062,-0.009202419020638081,5.0
-0.8718718718718719,4.843404950290357,0.0698227075295548,-0.004181368351169368,-0.006564653447868608,-0.00791873588171912,-0.009945773457912057,-0.009518645228027712,5.0
-0.8698698698698699,4.8385916697024625,0.07197838040592464,-0.004351434431482986,-0.006825557154899511,-0.008218528253874981,-0.010314101134300487,-0.009838498238020753,5.0
-0.8678678678678678,4.8337267443476835,0.07415783738489151,-0.004525436383816284,-0.00709209867417133,-0.008523914824978284,-0.010688652381249452,-0.010161794391789202,5.0
-0.8658658658658659,4.828811672752122,0.07636043141965403,-0.0047033721362837065,-0.007364253054009591,-0.00883482748300016,-0.011069303577967673,-0.010488349204387593,5.0
-0.8638638638638638,4.823847929655861,0.07858552559642738,-0.00488523847001214,-0.007641993463427317,-0.009151196388368645,-0.011455928461042151,-0.010817977756051195,5.0
-0.8618618618618619,4.818836964643819,0.08083249373295459,-0.005071031105528537,-0.007925291344395471,-0.009472950193151093,-0.011848398431067289,-0.01115049506402195,5.0
-0.8598598598598599,4.813780200975578,0.08310072089022172,-0.005260744786340463,-0.008214116558793248,-0.009800016250866232,-0.012246582846760825,-0.011485716434619384,5.0
-0.8578578578578578,4.80867903459966,0.08538960380301457,-0.005454373359549217,-0.008508437529823717,-0.01013232081668073,-0.012650349306355897,-0.01182345779539756,5.0
-0.8558558558558559,4.803534833338201,0.08769855123492559,-0.005651909853378987,-0.008808221377757004,-0.010469789237835791,-0.013059563916192583,-0.01216353600734701,5.0
-0.8538538538538538,4.7983489362289315,0.09002698426352615,-0.005853346551545155,-0.009113434049927087,-0.010812346134231765,-0.013474091546533947,-0.012505769157211447,5.0
-0.8518518518518519,4.793122653012474,0.09237433650154436,-0.006058675064418615,-0.00942404044495778,-0.011159915569170321,-0.013893796074701021,-0.012849976830089843,5.0
-0.8498498498498499,4.787857263753927,0.09474005425988262,-0.00626788639697018,-0.009740004531229009,-0.011512421210313668,-0.014318540615663521,-0.013195980362584214,5.0
-0.8478478478478478,4.7825540185883,0.09712359665810981,-0.00648097101350001,-0.010061289459618431,-0.011869786480968784,-0.014748187740245432,-0.013543603076833232,5.0
-0.8458458458458459,4.77721413757958,0.09952443568767504,-0.006697918899172955,-0.010387857670569,-0.012231934701844785,-0.015182599681116075,-0.013892670495843498,5.0
-0.8438438438438438,4.771838810683274,0.1019420562325825,-0.006918719618392453,-0.010719670995543978,-0.012598789223464418,-0.015621638526744905,-0.014243010540595218,5.0
-0.8418418418418419,4.766429197802255,0.10437595605174867,-0.007143362370055503,-0.011056690752940038,-0.012970273549440137,-0.016065166403509773,-0.014594453709459361,5.0
-0.8398398398398399,4.760986428925896,0.10682564572679866,-0.007371836039739162,-0.011398877838538957,-0.013346311450850553,-0.01651304564616564,-0.014946833240517625,5.0
-0.8378378378378378,4.755511604342903,0.10929064857870728,-0.007604129248876657,-0.011746192810589544,-0.013726827071976781,-0.016965138956905795,-0.015299985257424195,5.0
-0.8358358358358359,4.750005794918798,0.1117705005564401,-0.00784023040098798,-0.01209859596962449,-0.014111745027677945,-0.017421309553278336,-0.01565374889948707,5.0
-0.8338338338338338,4.744470042429764,0.1142647501005717,-0.008080127725036397,-0.012456047433130581,-0.014500990492702188,-0.017881421305254802,-0.016007966436675108,5.0
-0.8318318318318318,4.738905359945372,0.11677295798472467,-0.00832380931598821,-0.012818507205205689,-0.014894489283242893,-0.018345338861783116,-0.016362483370275002,5.0
-0.8298298298298299,4.733312732253412,0.11929469713754293,-0.008571263172658833,-0.013185935241349783,-0.01529216793105913,-0.018812927767189597,-0.016717148519929493,5.0
-0.8278278278278278,4.7276931163208245,0.12182955244778125,-0.008822477232933177,-0.013558291508551016,-0.01569395375048621,-0.019284054567824532,-0.01707181409778669,5.0
-0.8258258258258259,4.722047441785324,0.12437712055494948,-0.009077439406453232,-0.013935536040839738,-0.016099774898665407,-0.01975858690936881,-0.017426335770481145,5.0
-0.8238238238238238,4.716376611472898,0.1269370096277994,-0.009336137604869716,-0.014317628990493355,-0.016509560429323396,-0.020236393625236673,-0.017780572709652918,5.0
-0.8218218218218218,4.710681501936878,0.1295088391327856,-0.009598559769758291,-0.01470453067508296,-0.016923240340430815,-0.020717344816519545,-0.018134387631692183,5.0
-0.8198198198198199,4.704962964014701,0.1320922395944629,-0.009864693898303472,-0.015096201620557484,-0.017340745616066345,-0.021201311923919077,-0.018487646827375845,5.0
-0.8178178178178178,4.699221823398886,0.1346868523496092,-0.010134528066855285,-0.015492602600563858,-0.01776200826280878,-0.021688167792114688,-0.018840220182040783,5.0
-0.8158158158158157,4.693458881218986,0.13729232929666838,-0.010408050452464434,-0.015893694672201652,-0.018186961340972876,-0.022177786727001852,-0.01919198118691527,5.0
-0.8138138138138138,4.687674914631581,0.1399083326419203,-0.010685249352501746,-0.016299439208408126,-0.018615538990998652,-0.02267004454622528,-0.0195428069422087,5.0
-0.8118118118118118,4.681870677415496,0.1425345346435838,-0.010966113202466552,-0.016709797927165853,-0.019047676455295478,-0.023164818623415587,-0.019892578152538667,5.0
-0.8098098098098099,4.676046900569702,0.14517061735489248,-0.011250630592087064,-0.0171247329177194,-0.019483310095834483,-0.02366198792652181,-0.020241179115255036,5.0
-0.8078078078078078,4.670204292911464,0.14781627236702558,-0.011538790279813105,-0.01754420666398125,-0.019922377407773882,-0.02416143305061495,-0.020588497702202214,5.0
-0.8058058058058057,4.664343541672614,0.1504712005526582,-0.011830581205798914,-0.017968182065300445,-0.020364817029393134,-0.024663036245521845,-0.020934425335443627,5.0
-0.8038038038038038,4.658465313092003,0.15313511181080536,-0.012125992503470072,-0.018396622454759905,-0.020810568748602296,-0.025166681438632595,-0.021278856957454767,5.0
-0.8018018018018018,4.652570253002492,0.15580772481356217,-0.012425013509764984,-0.01882949161516132,-0.021259573506283328,-0.025672254253210198,-0.02162169099627384,5.0
-0.7997997997997999,4.646658987411094,0.15848876675529155,-0.012727633774137331,-0.019266753792849214,-0.021711773396709835,-0.026179642022517303,-0.021962829326080822,5.0
-0.7977977977977978,4.6407321230710945,0.16117797310476628,-0.01303384306640159,-0.01970837370951819,-0.022167111665281045,-0.02668873380006101,-0.022302177223655982,5.0
-0.7957957957957957,4.634790248045255,0.1638750873607294,-0.013343631383499869,-0.02015431657214083,-0.02262553270379502,-0.02719942036624451,-0.022639643321148723,5.0
-0.7937937937937938,4.628833932259346,0.16657986081130163,-0.013656988955263736,-0.020604548081146645,-0.023086982043474567,-0.027711594231700762,-0.02297513955556612,5.0
-0.7917917917917918,4.622863728045472,0.16929205229762015,-0.013973906249241245,-0.02105903443697586,-0.023551406345948492,-0.028225149637571487,-0.023308581115368068,5.0
-0.7897897897897898,4.616880170674759,0.1720114279820613,-0.014294373974655161,-0.021517742345125893,-0.02401875339237923,-0.02873998255298169,-0.02363988638453317,5.0
-0.7877877877877878,4.610883778879147,0.17473776112135248,-0.014618383085555152,-0.021980639019801955,-0.024488972070916996,-0.0292559906699469,-0.023968976884436322,5.0
-0.7857857857857857,4.604875055362071,0.1774708318448443,-0.014945924783223239,-0.022447692186277724,-0.024962012362649458,-0.02977307339593803,-0.024295777213855663,5.0
-0.7837837837837838,4.598854487297905,0.18021042693815492,-0.015276990517888552,-0.022918870082065855,-0.02543782532620534,-0.0302911318443144,-0.024620214987403712,5.0
-0.7817817817817818,4.592822546820078,0.18295633963235014,-0.01561157198980435,-0.023394141456992913,-0.025916363081159542,-0.03081006882282311,-0.024942220772654577,5.0
-0.7797797797797797,4.58677969149776,0.18570836939876306,-0.015949661149737584,-0.023873475572267443,-0.026397578790377556,-0.031329788820349785,-0.025261728026218348,5.0
-0.7777777777777778,4.580726364801009,0.18846632174948824,-0.016291250198918156,-0.024356842198625217,-0.02688142664142727,-0.03185019799209303,-0.025578673028992794,5.0
-0.7757757757757757,4.574662996554248,0.19123000804353196,-0.01663633158849274,-0.024844211613630148,-0.027367861827177296,-0.032371204143323576,-0.025892994820803913,5.0
-0.7737737737737738,4.568590003377928,0.19399924529854762,-0.016984898018525315,-0.02533555459820526,-0.027856840525692258,-0.032892716711877525,-0.026204635134629214,5.0
-0.7717717717717718,4.562507789118224,0.19677385600804445,-0.017336942436584516,-0.025830842432463752,-0.028348319879528662,-0.03341464674952468,-0.026513538330582218,5.0
-0.7697697697697697,4.5564167452646585,0.1995536679639346,-0.017692458035955545,-0.02633004689090648,-0.028842257974526934,-0.03393690690234274,-0.026819651329821885,5.0
-0.7677677677677678,4.5503172513555326,0.20233851408427647,-0.018051438253512832,-0.026833140237048515,-0.029338613818189786,-0.0344594113902212,-0.02712292354853793,5.0
-0.7657657657657657,4.544209675371189,0.20512823224607035,-0.018413876767287212,-0.02734009521753459,-0.02983734731773033,-0.034982075985611365,-0.02742330683215046,5.0
-0.7637637637637638,4.538094374115127,0.20792266512297733,-0.018779767493760105,-0.02785088505579958,-0.030338419257868284,-0.03550481799163162,-0.02772075538985141,5.0
-0.7617617617617618,4.531971693583116,0.21072166002785037,-0.019149104584915085,-0.028365483445327917,-0.03084179127844653,-0.0360275562196315,-0.028015225729604003,5.0
-0.7597597597597597,4.525841969320479,0.2135250687599759,-0.01952188242507553,-0.0288838645425622,-0.031347425851935666,-0.03655021096631081,-0.028306676593706278,5.0
-0.7577577577577578,4.519705526767829,0.21633274745694406,-0.019898095627555314,-0.02940600295950832,-0.03185528626088803,-0.03707270399048394,-0.02859506889501405,5.0
-0.7557557557557557,4.513562681595518,0.21914455645107378,-0.020277739031147567,-0.02993187375608185,-0.032365336575398626,-0.03759495848957313,-0.02888036565390974,5.0
-0.7537537537537538,4.5074137400271255,0.2219603601303122,-0.02066080769647485,-0.030461452432236517,-0.03287754163062403,-0.03811689907590763,-0.029162531936092938,5.0
-0.7517517517517518,4.501258999152303,0.22478002680353673,-0.021047296902222287,-0.030994714919913006,-0.03339186700440683,-0.03863845175289922,-0.029441534791260413,5.0
-0.7497497497497497,4.4950987472292825,0.22760342857016896,-0.021437202141273454,-0.031531637574843174,-0.033908278995047315,-0.03915954389115873,-0.02971734319273444,5.0
-0.7477477477477478,4.488933263977339,0.2304304411940062,-0.021830519116767002,-0.03207219716824135,-0.03442674459926073,-0.03968010420461099,-0.02998992797809088,5.0
-0.7457457457457457,4.482762820859496,0.23326094398116115,-0.022227243738091138,-0.032616370878412355,-0.03494723149035375,-0.040200062726661455,-0.03025926179083119,5.0
-0.7437437437437437,4.476587681355721,0.2360948196619962,-0.022627372116830427,-0.033164136282302234,-0.035469707996650654,-0.040719350786461044,-0.030525319023136262,5.0
-0.7417417417417418,4.470408101226869,0.238931954276926,-0.023030900562679358,-0.03371547134701599,-0.03599414308019613,-0.04123790098531176,-0.030788075759734856,5.0
-0.7397397397397397,4.464224328769604,0.24177223706596807,-0.023437825579334996,-0.03427035442132403,-0.03652050631575876,-0.04175564717325101,-0.03104750972291378,5.0
-0.7377377377377378,4.458036605062558,0.24461556036191454,-0.023848143860380342,-0.03482876422717706,-0.03704876787015664,-0.04227252442584881,-0.031303600218693155,5.0
-0.7357357357357357,4.451845164203959,0.24746181948701473,-0.024261852285169038,-0.03539067985124724,-0.037578898481924236,-0.04278846902124819,-0.031556328084186014,5.0
-0.7337337337337337,4.445650233541017,0.2503109126530606,-0.024678947914720726,-0.035956080736511534,-0.03811086944133702,-0.04330341841747644,-0.0318056756361572,5.0
-0.7317317317317318,4.439452033891332,0.25316274086477736,-0.025099427987636026,-0.03652494667389242,-0.03864465257080886,-0.04381731123005124,-0.0320516266207941,5.0
-0.7297297297297297,4.433250779756634,0.2560172078264401,-0.025523289916038975,-0.03709725779396825,-0.039180220205674604,-0.04433008720990397,-0.032294166164697435,5.0
-0.7277277277277278,4.4270466795291545,0.25887421985163783,-0.02595053128155377,-0.037672994558765494,-0.039717545175368726,-0.04484168722163828,-0.03253328072709724,5.0
-0.7257257257257257,4.420839935690954,0.2617336857761231,-0.026381149831322354,-0.038252137753642924,-0.04025660078500839,-0.045352053222140844,-0.03276895805329605,5.0
-0.7237237237237237,4.4146307450065105,0.26459551687368005,-0.026815143474067986,-0.03883466847927649,-0.04079736079738804,-0.04586112823955787,-0.03300118712933744,5.0
-0.7217217217217218,4.408419298708893,0.267459626774956,-0.027252510276209695,-0.03942056814375286,-0.04133979941538998,-0.046368856352648286,-0.03322995813789525,5.0
-0.7197197197197197,4.4022057826797765,0.27032593138918853,-0.027693248458031835,-0.04000981845477789,-0.04188389126481438,-0.04687518267052323,-0.03345526241537555,5.0
-0.7177177177177176,4.395990377623613,0.2731943488287595,-0.028137356389911154,-0.040602401412004795,-0.04242961137762898,-0.04738005331277686,-0.0336770924102198,5.0
-0.7157157157157157,4.389773259236142,0.27606479933650213,-0.028584832588604926,-0.04119829929948669,-0.04297693517563924,-0.04788341539001417,-0.033895441642395926,5.0
-0.7137137137137137,4.3835545983675,0.27893720521566995,-0.029035675713601487,-0.041797494678256226,-0.043525838454575576,-0.04838521698477695,-0.03411030466406055,5.0
-0.7117117117117118,4.377334561180059,0.281811490762476,-0.02948988456353494,-0.04239997037903419,-0.044076297368595564,-0.04888540713286917,-0.03432167702137437,5.0
-0.7097097097097097,4.371113309301182,0.2846875822010925,-0.029947458072664645,-0.04300570949506892,-0.04462828841519606,-0.04938393580507984,-0.034529555217450145,5.0
-0.7077077077077076,4.364890999970996,0.28756540762100574,-0.030408395307420417,-0.0436146953751068,-0.04518178842053,-0.049880753889302104,-0.03473393667641229,5.0
-0.7057057057057057,4.358667786185289,0.2904448969166098,-0.03087269546301373,-0.04422691161649427,-0.04573677452512266,-0.05037581317304489,-0.034934819708546096,5.0
-0.7037037037037037,4.352443816833652,0.29332598172892255,-0.03134035786011473,-0.04484234205841115,-0.046293224169980475,-0.05086906632633353,-0.035132203476513205,5.0
-0.7017017017017018,4.346219236832923,0.29620859538931815,-0.0318113819415953,-0.04546097077523494,-0.046851115083086106,-0.05136046688499511,-0.03532608796261117,5.0
-0.6996996996996997,4.33999418725606,0.2990926728651647,-0.032285767269337955,-0.04608278207003546,-0.04741042526627329,-0.0518499692343241,-0.035516473937053816,5.0
-0.6976976976976976,4.333768805456539,0.3019781507072768,-0.03276351352111045,-0.04670776046819939,-0.047971132982474934,-0.052337528593124065,-0.03570336292724982,5.0
-0.6956956956956957,4.327543225188367,0.30486496699908977,-0.03324462048750565,-0.04733589071118388,-0.04853321674333744,-0.05282310099812023,-0.03588675718805709,5.0
-0.6936936936936937,4.321317576721875,0.30775306130748076,-0.03372908806894702,-0.047967157750398545,-0.04909665529719525,-0.05330664328873883,-0.03606665967299071,5.0
-0.6916916916916918,4.315091986955388,0.31064237463516736,-0.034216916272758725,-0.04860154674121519,-0.04966142761739865,-0.05378811309224795,-0.03624307400636249,5.0
-0.6896896896896897,4.308866579522931,0.3135328493746228,-0.03470810521030072,-0.04923904303710415,-0.05022751289098881,-0.05426746880925541,-0.036416004456330496,5.0
-0.6876876876876876,4.302641474898105,0.31642442926345077,-0.03520265509416798,-0.04987963218389656,-0.050794890507712874,-0.05474466959955837,-0.03658545590883686,5.0
-0.6856856856856857,4.2964167904942965,0.31931705934117355,-0.03570056623545379,-0.050523299914171,-0.051363540049373,-0.05521967536833931,-0.03675143384241246,5.0
-0.6836836836836837,4.290192640761331,0.3222106859073847,-0.03620183904107635,-0.05117003214176379,-0.051933441279502515,-0.05569244675270345,-0.036913944303827245,5.0
-0.6816816816816818,4.2839691372787465,0.32510525648121885,-0.03670647401116795,-0.05181981495640089,-0.05250457413336222,-0.05616294510855126,-0.037072993884564864,5.0
-0.6796796796796797,4.277746388845789,0.32800071976209927,-0.03721447173652622,-0.05247263461845004,-0.05307691870824995,-0.05663113249778054,-0.03722858969810057,5.0
-0.6776776776776776,4.271524501568278,0.3308970255917193,-0.037725832896126535,-0.05312847755379168,-0.053650455254116824,-0.05709697167581201,-0.037380739357961774,5.0
-0.6756756756756757,4.265303578942457,0.3337941249172143,-0.03824055825469448,-0.053787330348805965,-0.054225164164482656,-0.05756042607943205,-0.037529450956550185,5.0
-0.6736736736736737,4.259083721935944,0.33669196975548976,-0.03875864866033779,-0.05444917974547509,-0.05480102596764433,-0.05802145981494688,-0.037674733044706046,5.0
-0.6716716716716717,4.252865029065917,0.33959051315866656,-0.03928010504223632,-0.05511401263659759,-0.055378021318169456,-0.05848003764664135,-0.03781659461199349,5.0
-0.6696696696696697,4.246647596474633,0.3424897091806106,-0.03980492840838944,-0.055781816061113716,-0.055956130988669146,-0.05893612498553626,-0.03795504506768824,5.0
-0.6676676676676676,4.240431518002414,0.3453895128445213,-0.0403331198434195,-0.05645257719953923,-0.05653533586184286,-0.059389687878438485,-0.038090094222447905,5.0
-0.6656656656656657,4.23421688525822,0.34828988011154755,-0.04086468050643082,-0.057126283369505745,-0.057115616922788805,-0.059840692997276825,-0.038221752270646156,5.0
-0.6636636636636637,4.228003787687912,0.35119076785041664,-0.041399611628922264,-0.05780292202140512,-0.05769695525157308,-0.06028910762871776,-0.03835002977335143,5.0
-0.6616616616616617,4.221792312640364,0.3540921338080518,-0.04193791451275352,-0.058482480734136505,-0.05827933201605118,-0.060734899664054695,-0.0384749376419322,5.0
-0.6596596596596597,4.215582545431487,0.3569939365811627,-0.042479590528162726,-0.059164947210952806,-0.058862728464934705,-0.06117803758936392,-0.03859648712226973,5.0
-0.6576576576576576,4.209374569406335,0.35989613558879363,-0.04302464111183543,-0.05985030927540525,-0.05944712592109741,-0.06161849047592051,-0.038714689779560336,5.0
-0.6556556556556556,4.2031684659993545,0.36279869104580703,-0.043573067765022545,-0.06053855486738236,-0.060032505775112474,-0.062056227970867184,-0.03882955748368784,5.0
-0.6536536536536537,4.1969643147928934,0.36570156393728487,-0.04412487205170671,-0.06122967203924147,-0.060618849479015136,-0.06249122028812848,-0.0389411023951484,5.0
-0.6516516516516517,4.190762193574047,0.3686047159938243,-0.04468005559681525,-0.06192364895202988,-0.061206138540282826,-0.06292343819956366,-0.03904933695150895,5.0
-0.6496496496496497,4.184562178389905,0.37150810966769543,-0.04523862008447806,-0.06262047387179204,-0.061794354516025836,-0.06335285302634902,-0.039154273854380375,5.0
-0.6476476476476476,4.178364343601256,0.37441170810983165,-0.04580056725632899,-0.06332013516595998,-0.06238347900738106,-0.06377943663058291,-0.03925592605688751,5.0
-0.6456456456456456,4.172168761934794,0.3773154751476115,-0.04636589890984887,-0.064022621299824,-0.06297349365410132,-0.06420316140710482,-0.039354306751617475,5.0
-0.6436436436436437,4.165975504533837,0.38021937526339133,-0.04693461689674795,-0.06472792083307898,-0.0635643801293331,-0.06462400027552032,-0.039449429359028454,5.0
-0.6416416416416417,4.159784641007606,0.38312337357374204,-0.04750672312138659,-0.06543602241644454,-0.06415612013457536,-0.06504192667242434,-0.03954130751630184,5.0
-0.6396396396396397,4.153596239479029,0.3860274358093456,-0.048082219539231696,-0.06614691478835441,-0.0647486953948122,-0.0654569145438148,-0.039629955066620565,5.0
-0.6376376376376376,4.147410366631122,0.3889315282954983,-0.048661108155347535,-0.0668605867717125,-0.06534208765381329,-0.06586893833768956,-0.039715386048857784,5.0
-0.6356356356356356,4.141227087751912,0.3918356179331769,-0.04924339102291884,-0.06757702727071187,-0.06593627866959442,-0.06627797299681905,-0.0397976146876605,5.0
-0.6336336336336337,4.135046466777937,0.3947396721806285,-0.04982907024180489,-0.06829622526771481,-0.06653125021003364,-0.06668399395168897,-0.039876655383913905,5.0
-0.6316316316316316,4.128868566336315,0.39764365903543525,-0.05041814795712311,-0.06901816982019025,-0.06712698404863648,-0.06708697711360691,-0.03995252270557274,5.0
-0.6296296296296297,4.122693447785415,0.40054754701702694,-0.051010626357860335,-0.0697428500577069,-0.06772346196044518,-0.06748689886796769,-0.040025231378846865,5.0
-0.6276276276276276,4.116521171254154,0.4034513051496094,-0.051606507675511434,-0.07047025517897997,-0.068320665718088,-0.06788373606767205,-0.04009479627972977,5.0
-0.6256256256256256,4.110351795679955,0.40635490294549037,-0.052205794182743646,-0.07120037444896936,-0.06891857708796353,-0.06827746602669578,-0.040161232425858596,5.0
-0.6236236236236237,4.1041853788454326,0.4092583103887831,-0.05280848819208642,-0.07193319719602866,-0.06951717782655732,-0.06866806651380443,-0.04022455496869571,5.0
-0.6216216216216216,4.098021977413831,0.41216149791947865,-0.05341459205464517,-0.07266871280910224,-0.07011644967688595,-0.0690555157464103,-0.0402847791860216,5.0
-0.6196196196196196,4.09186164696332,0.41506443641788693,-0.054024108158839776,-0.07340691073497116,-0.07071637436506666,-0.0694397923845697,-0.04034192047473062,5.0
-0.6176176176176176,4.085704442020198,0.41796709718943936,-0.05463703892916595,-0.07414778047554521,-0.07131693359700887,-0.0698208755251156,-0.04039599434391995,5.0
-0.6156156156156156,4.079550416091073,0.42086945194986075,-0.055253386824979885,-0.07489131158520132,-0.07191810905522453,-0.0701987446959249,-0.040447016408263675,5.0
-0.6136136136136137,4.073399621694113,0.4237714728107148,-0.05587315433930605,-0.07563749366816717,-0.07251988239575531,-0.07057337985031582,-0.040495002381663016,5.0
-0.6116116116116116,4.067252110389437,0.42667313226532216,-0.0564963439976667,-0.07638631637594864,-0.07312223524521276,-0.0709447613615734,-0.04053996807116449,5.0
-0.6096096096096096,4.061107932808709,0.4295744031750646,-0.057122958356933436,-0.07713776940480048,-0.07372514919792862,-0.07131287001759916,-0.040581929371137145,5.0
-0.6076076076076076,4.054967138684008,0.4324752587560733,-0.05775300000420086,-0.07789184249323979,-0.07432860581321349,-0.07167768701568271,-0.040620902257700785,5.0
-0.6056056056056056,4.048829776876034,0.43537567256629983,-0.05838647155567996,-0.07864852541959924,-0.07493258661271862,-0.07203919395739039,-0.04065690278339561,5.0
-0.6036036036036037,4.042695895401701,0.43827561849297053,-0.059023375655612734,-0.07940780799962081,-0.07553707307789922,-0.07239737284356823,-0.04068994707208523,5.0
-0.6016016016016016,4.036565541461145,0.4411750707404174,-0.05966371497520552,-0.08016968008408688,-0.0761420466475748,-0.07275220606945451,-0.04072005131408363,5.0
-0.5995995995995996,4.030438761464194,0.4440740038182752,-0.060307492211581694,-0.08093413155648846,-0.07674748871558358,-0.07310367641989857,-0.04074723176149749,5.0
-0.5975975975975976,4.024315601056325,0.44697239253002874,-0.06095471008675104,-0.08170115233072679,-0.07735338062852631,-0.07345176706467996,-0.04077150472377409,5.0
-0.5955955955955956,4.018196105144105,0.44987021196189947,-0.06160537134659684,-0.08247073234884911,-0.07795970368359705,-0.07379646155392562,-0.040792886563447275,5.0
-0.5935935935935936,4.012080317920138,0.45276743747204545,-0.06225947875987784,-0.08324286157881418,-0.07856643912649595,-0.07413774381361884,-0.04081139369207122,5.0
-0.5915915915915916,4.005968282887525,0.4556640446800561,-0.06291703511724514,-0.08401753001228715,-0.07917356814942093,-0.07447559814119663,-0.040827042566334605,5.0
-0.5895895895895895,3.999860042883816,0.4585600094567204,-0.06357804323027223,-0.08479472766246128,-0.0797810718891344,-0.0748100092012309,-0.040839849684346285,5.0
-0.5875875875875876,3.993755640104473,0.46145530791403877,-0.06424250593049757,-0.08557444456190458,-0.08038893142510127,-0.07514096202118901,-0.040849831582084654,5.0
-0.5855855855855856,3.9876551161258194,0.464349916395462,-0.0649104260684781,-0.08635667076042974,-0.08099712777769526,-0.07546844198727073,-0.04085700483000328,5.0
-0.5835835835835836,3.981558511927482,0.4672438114663287,-0.06558180651285343,-0.08714139632298544,-0.08160564190646999,-0.07579243484031663,-0.04086138602978552,5.0
-0.5815815815815816,3.9754658679143238,0.47013696990448284,-0.06625665014941885,-0.08792861132756781,-0.08221445470849213,-0.07611292667178592,-0.04086299181124151,5.0
-0.5795795795795795,3.969377223937859,0.4730293686910484,-0.06693495988020687,-0.08871830586314972,-0.08282354701673335,-0.0764299039197993,-0.04086183882934087,5.0
-0.5775775775775776,3.963292619317162,0.4759209850013473,-0.06761673862257671,-0.08951047002762783,-0.08343289959851936,-0.07674335336524517,-0.040857943761375956,5.0
-0.5755755755755756,3.9572120928592707,0.4788117961959421,-0.06830198930831007,-0.0903050939257851,-0.08404249315403282,-0.07705326212794578,-0.040851323304249385,5.0
-0.5735735735735736,3.9511356828791,0.48170177981178897,-0.0689907148827135,-0.09110216766726821,-0.08465230831486877,-0.07735961766288171,-0.040841994171881404,5.0
-0.5715715715715716,3.945063427218878,0.4845909135534958,-0.06968291830372678,-0.09190168136457934,-0.08526232564264039,-0.07766240775647222,-0.0408299730927322,5.0
-0.5695695695695695,3.9389953632671157,0.48747917528466767,-0.07037860254103599,-0.09270362513108053,-0.08587252562763324,-0.07796162052290974,-0.04081527680743453,5.0
-0.5675675675675675,3.9329315279771455,0.49036654301934224,-0.07107777057519188,-0.09350798907901123,-0.08648288868750695,-0.07825724440054707,-0.04079792206653296,5.0
-0.5655655655655656,3.9268719578852376,0.4932529949135014,-0.07178042539673272,-0.0943147633175174,-0.08709339516604253,-0.07854926814833564,-0.04077792562832556,5.0
-0.5635635635635636,3.9208166891283276,0.49613850925666153,-0.07248657000531143,-0.09512393795069216,-0.08770402533193387,-0.0788376808423134,-0.04075530425680455,5.0
-0.5615615615615616,3.9147657574613794,0.4990230644635359,-0.07319620740882687,-0.09593550307562762,-0.08831475937762323,-0.0791224718721412,-0.04073007471969247,5.0
-0.5595595595595595,3.9087191982744147,0.5019066390657698,-0.07390934062255888,-0.09674944878047717,-0.08892557741817814,-0.07940363093768643,-0.04070225378657033,5.0
-0.5575575575575575,3.902677046609237,0.5047892117037457,-0.07462597266830695,-0.0975657651425279,-0.08953645949020986,-0.0796811480456522,-0.0406718582270947,5.0
-0.5555555555555556,3.896639337175881,0.5076707611184635,-0.07534610657353302,-0.09838444222628366,-0.0901473855508321,-0.07995501350625243,-0.04063890480930077,5.0
-0.5535535535535536,3.89060610436882,0.5105512661434893,-0.07606974537050712,-0.09920547008155671,-0.09075833547665867,-0.08022521792992955,-0.04060341029798797,5.0
-0.5515515515515516,3.884577382282959,0.5134307056969789,-0.07679689209545687,-0.10002883874156979,-0.09136928906283938,-0.08049175222411552,-0.04056539145318521,5.0
-0.5495495495495495,3.8785532047294478,0.5163090587737763,-0.07752754978772006,-0.10085453822106635,-0.09198022602213302,-0.08075460759003357,-0.040524865028692784,5.0
-0.5475475475475475,3.872533605251342,0.519186304437585,-0.0782617214889004,-0.1016825585144301,-0.09259112598401673,-0.0810137755195401,-0.04048184777069781,5.0
-0.5455455455455456,3.866518617139141,0.5220624218132142,-0.07899941024202643,-0.10251288959381205,-0.09320196849383003,-0.0812692477920051,-0.04043635641645988,5.0
-0.5435435435435436,3.860508273446224,0.5249373900789055,-0.07974061909071334,-0.1033455214072664,-0.0938127330119534,-0.08152101647122954,-0.040388407693064,5.0
-0.5415415415415415,3.8545026070042208,0.5278111884587228,-0.08048535107832705,-0.10418044387689286,-0.09442339891301874,-0.08176907390239763,-0.04033801831623718,5.0
-0.5395395395395395,3.8485016504383234,0.5306837962150197,-0.0812336092471517,-0.10501764689698628,-0.09503394548515169,-0.0820134127090633,-0.04028520498922562,5.0
-0.5375375375375375,3.842505436182564,0.5335551926409705,-0.08198539663755844,-0.10585712033219215,-0.09564435192924406,-0.08225402579016772,-0.04022998440172888,5.0
-0.5355355355355356,3.8365139964950754,0.5364253570531593,-0.08274071628717637,-0.10669885401566746,-0.09625459735825408,-0.08249090631708636,-0.04017237322888716,5.0
-0.5335335335335336,3.830527363473337,0.5392942687842225,-0.0834995712300653,-0.10754283774724648,-0.0968646607965341,-0.08272404773070381,-0.04011238813031888,5.0
-0.5315315315315315,3.8245455690694192,0.5421619071755308,-0.08426196449588916,-0.10838906129160988,-0.09747452117918347,-0.08295344373851359,-0.04005004574920418,5.0
-0.5295295295295295,3.8185686451052256,0.5450282515699018,-0.08502789910909019,-0.10923751437645669,-0.09808415735142478,-0.0831790883117406,-0.03998536271141106,5.0
-0.5275275275275275,3.8125966232877393,0.5478932813043308,-0.08579737808806318,-0.1100881866906784,-0.09869354806800198,-0.0834009756824845,-0.039918355624660666,5.0
-0.5255255255255256,3.8066295352242627,0.5507569757027221,-0.08657040444432919,-0.11094106788253358,-0.09930267199259879,-0.08361910034088137,-0.039849041077728097,5.0
-0.5235235235235236,3.8006674124376594,0.5536193140686116,-0.08734698118170854,-0.11179614755782243,-0.0999115076972753,-0.08383345703228105,-0.03977743563967549,5.0
-0.5215215215215215,3.7947102863815845,0.5564802756778591,-0.08812711129549212,-0.11265341527806016,-0.10052003366192172,-0.08404404075443912,-0.03970355585911415,5.0
-0.5195195195195195,3.788758188455708,0.5593398397713001,-0.08891079777161073,-0.1135128605586486,-0.10112822827372693,-0.08425084675471983,-0.039627418263492684,5.0
-0.5175175175175175,3.7828111500209243,0.5621979855473401,-0.08969804358580194,-0.1143744728670445,-0.10173606982666124,-0.08445387052730992,-0.03954903935840859,5.0
-0.5155155155155156,3.776869202414556,0.5650546921544815,-0.09048885170277408,-0.11523824162092446,-0.10234353652097121,-0.08465310781043985,-0.03946843562694028,5.0
-0.5135135135135136,3.7709323769655456,0.5679099386837636,-0.0912832250753675,-0.11610415618634559,-0.10295060646268622,-0.08484855458361272,-0.039385623528997785,5.0
-0.5115115115115115,3.7650007050096552,0.5707637041611157,-0.09208116664371176,-0.1169722058759014,-0.10355725766313512,-0.08504020706483739,-0.03930061950068962,5.0
-0.5095095095095095,3.7590742179046712,0.5736159675396034,-0.0928826793343797,-0.1178423799468721,-0.10416346803847186,-0.08522806170786625,-0.03921343995370381,5.0
-0.5075075075075075,3.753152947045641,0.5764667076915724,-0.0936877660595376,-0.1187146675993695,-0.10476921540921005,-0.08541211519943565,-0.03912410127470179,5.0
-0.5055055055055055,3.7472369238801497,0.5793159034006737,-0.09449642971609183,-0.11958905797447626,-0.10537447749976506,-0.08559236445650821,-0.0390326198247231,5.0
-0.5035035035035035,3.74132617992367,0.5821635333537745,-0.0953086731848318,-0.12046554015237883,-0.10597923193800338,-0.085768806623516,-0.03893901193859945,5.0
-0.5015015015015015,3.7354207467749974,0.5850095761327511,-0.0961244993295694,-0.12134410315049453,-0.10658345625479845,-0.08594143906960351,-0.03884329392437689,5.0
-0.49949949949949946,3.7295206561318035,0.5878540102061572,-0.09694391099627492,-0.12222473592159223,-0.10718712788359273,-0.08611025938586933,-0.03874548206274433,5.0
-0.4974974974974975,3.723625939806339,0.5906968139207729,-0.09776691101221008,-0.12310742735190718,-0.10779022415996463,-0.08627526538260637,-0.038645592606467,5.0
-0.49549549549549554,3.717736629741305,0.5935379654930312,-0.09859350218505816,-0.12399216625924943,-0.1083927223212012,-0.08643645508653804,-0.038543641779823376,5.0
-0.4934934934934935,3.711852758025927,0.5963774430003184,-0.09942368730205094,-0.12487894139110577,-0.108994599505874,-0.08659382673805067,-0.038439645778043686,5.0
-0.4914914914914915,3.70597435691226,0.5992152243721491,-0.10025746912909324,-0.12576774142273525,-0.1095958327534185,-0.08674737878841955,-0.03833362076674823,5.0
-0.48948948948948945,3.700101458831744,0.6020512873812145,-0.10109485040988538,-0.1266585549552582,-0.11019639900371628,-0.08689710989702783,-0.03822558288138391,5.0
-0.4874874874874875,3.694234096412035,0.604885609634292,-0.10193583386504262,-0.12755137051373777,-0.11079627509667823,-0.0870430189285763,-0.03811554822665622,5.0
-0.48548548548548554,3.688372302494138,0.6077181685630181,-0.10278042219121285,-0.12844617654525448,-0.11139543777182816,-0.08718510495028192,-0.038003532875955134,5.0
-0.48348348348348347,3.6825161101498485,0.6105489414145099,-0.10362861806019166,-0.12934296141697213,-0.1119938636678849,-0.08732336722906377,-0.0378895528707721,5.0
-0.4814814814814815,3.676665552699526,0.6133779052418341,-0.10448042411803518,-0.13024171341419585,-0.11259152932234275,-0.0874578052287131,-0.037773624220106,5.0
-0.47947947947947944,3.670820663730213,0.6162050368942988,-0.10533584298417048,-0.13114242073842045,-0.11318841117104719,-0.08758841860704646,-0.03765576289985537,5.0
-0.4774774774774775,3.664981477114099,0.61903031300757,-0.1061948772505031,-0.13204507150536857,-0.1137844855477651,-0.08771520721303823,-0.037535984852194226,5.0
-0.47547547547547553,3.659148027027356,0.6218537099935869,-0.1070575294805227,-0.132949653743019,-0.11437972868374872,-0.08783817108393144,-0.037414305984929494,5.0
-0.47347347347347346,3.6533203479693372,0.6246752040302661,-0.10792380220840411,-0.13385615538962176,-0.11497411670728888,-0.08795731044232262,-0.03729074217083646,5.0
-0.4714714714714715,3.6474984747821537,0.6274947710509798,-0.1087936979381071,-0.13476456429170194,-0.11556762564325947,-0.08807262569321997,-0.0371653092469708,5.0
-0.46946946946946944,3.6416824426706382,0.630312386733789,-0.1096672191424718,-0.13567486820204985,-0.11616023141264842,-0.08818411742107121,-0.03703802301395415,5.0
-0.4674674674674675,3.635872287222703,0.6331280264904146,-0.11054436826231079,-0.13658705477769648,-0.11675190983207477,-0.08829178638675865,-0.03690889923523085,5.0
-0.4654654654654655,3.6300680444301,0.6359416654549337,-0.11142514770549806,-0.1375011115778749,-0.11734263661329035,-0.08839563352455954,-0.036777953636293825,5.0
-0.46346346346346345,3.624269750709604,0.6387532784721848,-0.11230955984605424,-0.13841702606196543,-0.11793238736266422,-0.08849565993906924,-0.03664520190387739,5.0
-0.4614614614614615,3.618477442924623,0.6415628400858624,-0.1131976070232283,-0.13933478558742465,-0.11852113758064764,-0.08859186690208413,-0.036510659685114764,5.0
-0.45945945945945943,3.6126911584072614,0.6443703245262971,-0.11408929154057623,-0.1402543774076977,-0.11910886266121923,-0.08868425584944292,-0.0363743425866586,5.0
-0.4574574574574575,3.606910934980857,0.6471757056978935,-0.11498461566503596,-0.14117578867011313,-0.11969553789130834,-0.08877282837782359,-0.03623626617376241,5.0
-0.4554554554554555,3.601136810983009,0.6499789571662348,-0.11588358162600024,-0.14209900641376028,-0.12028113845019484,-0.08885758624149401,-0.03609644596932113,5.0
-0.45345345345345345,3.5953688252891345,0.6527800521448157,-0.11678619161438612,-0.14302401756734806,-0.12086563940888448,-0.08893853134901325,-0.03595489745286914,5.0
-0.4514514514514515,3.5896070173365695,0.6555789634814204,-0.1176924477817033,-0.14395080894704604,-0.12144901572945863,-0.08901566575988266,-0.03581163605953369,5.0
-0.4494494494494494,3.5838514271492543,0.6583756636441138,-0.11860235223911983,-0.14487936725430622,-0.12203124226439553,-0.08908899168114263,-0.03566667717894204,5.0
-0.44744744744744747,3.5781020953630356,0.6611701247068497,-0.11951590705652754,-0.14580967907366585,-0.12261229375586379,-0.08915851146391397,-0.03552003615408057,5.0
-0.4454454454454454,3.572359063251613,0.6639623183346797,-0.12043311426160692,-0.1467417308705317,-0.12319214483498504,-0.0892242275998808,-0.035371728280103557,5.0
-0.44344344344344344,3.5666223727531667,0.6667522157685517,-0.1213539758388915,-0.14767550898894397,-0.12377077002106406,-0.08928614271771204,-0.035221768803089776,5.0
-0.4414414414414415,3.560892066497707,0.6695397878096891,-0.12227849372883391,-0.14861099964932098,-0.12434814372078574,-0.0893442595794186,-0.03507017291874468,5.0
-0.4394394394394394,3.5551681878351653,0.6723250048035379,-0.12320666982687269,-0.149548188946183,-0.12492424022737632,-0.08939858107664413,-0.03491695577104587,5.0
-0.43743743743743746,3.549450780864276,0.6751078366232671,-0.12413850598250124,-0.1504870628458555,-0.1254990337197266,-0.08944911022688387,-0.03476213245082912,5.0
-0.4354354354354354,3.543739890462266,0.677888252652809,-0.12507400399833962,-0.15142760718415146,-0.1260724982614754,-0.08949585016963105,-0.034605717994312855,5.0
-0.43343343343343343,3.538035562315395,0.6806662217694237,-0.12601316562920997,-0.1523698076640311,-0.1266446078000515,-0.08953880416244459,-0.03444772738155792,5.0
-0.4314314314314315,3.532337842950368,0.6834417123257654,-0.12695599258121484,-0.15331364985323967,-0.12721533616566996,-0.0895779755769354,-0.03428817553485986,5.0
-0.4294294294294294,3.526646779766651,0.6862146921314414,-0.12790248651082142,-0.15425911918192095,-0.12778465707028233,-0.08961336789466741,-0.03412707731707102,5.0
-0.42742742742742745,3.520962421069723,0.6889851284340309,-0.12885264902394974,-0.15520620094020737,-0.1283525441064761,-0.08964498470296868,-0.03396444752984918,5.0
-0.4254254254254254,3.515284816105277,0.6917529878995535,-0.1298064816750676,-0.15615488027578397,-0.12891897074632166,-0.08967282969064805,-0.03380030091182969,5.0
-0.42342342342342343,3.509614015094412,0.6945182365923583,-0.13076398596629082,-0.1571051421914266,-0.12948391034016418,-0.08969690664361357,-0.03363465213671807,5.0
-0.42142142142142147,3.5039500692698344,0.6972808399544096,-0.13172516334649226,-0.15805697154251327,-0.13004733611535502,-0.08971721944038746,-0.03346751581129978,5.0
-0.4194194194194194,3.4982930309130977,0.7000407627839479,-0.13269001521041685,-0.15901035303450636,-0.13060922117492288,-0.08973377204751316,-0.033298906473364275,5.0
-0.41741741741741745,3.492642953392905,0.7027979692135037,-0.133658542897806,-0.1599652712204058,-0.1311695384961789,-0.08974656851484995,-0.03312883858953996,5.0
-0.4154154154154154,3.486999891204506,0.7055524226872301,-0.13463074769253167,-0.16092171049817275,-0.131728260929253,-0.08975561297074981,-0.0329573265530371,5.0
-0.4134134134134134,3.481363900010223,0.7083040859375429,-0.1356066308217401,-0.16187965510812052,-0.13228536119555914,-0.0897609096171123,-0.03278438468129561,5.0
-0.41141141141141147,3.475735036681128,0.7110529209610296,-0.1365861934550069,-0.1628390891302742,-0.13284081188618466,-0.0897624627243119,-0.0326100272135348,5.0
-0.4094094094094094,3.4701133593399183,0.7137988889936135,-0.13756943670350477,-0.16379999648169657,-0.13339458546020133,-0.08976027662599323,-0.032434268308202056,5.0
-0.40740740740740744,3.4644989274050095,0.7165419504849452,-0.13855636161918441,-0.16476236091377966,-0.1339466542428944,-0.0897543557137294,-0.03225712204031758,5.0
-0.4054054054054054,3.4588918016359065,0.7192820650719959,-0.13954696919397014,-0.1657261660095016,-0.13449699042390562,-0.08974470443153736,-0.032078602398712394,5.0
-0.4034034034034034,3.453292044179872,0.7220191915518314,-0.14054126035897144,-0.1666913951806466,-0.1350455660552869,-0.0897313272702463,-0.0318987232831566,5.0
-0.40140140140140146,3.447699718619945,0.7247532878535463,-0.14153923598371237,-0.16765803166498913,-0.13559235304946174,-0.08971422876171341,-0.031717498501375355,5.0
-0.3993993993993994,3.442114890024358,0.7274843110093311,-0.14254089687537952,-0.16862605852343945,-0.13613732317708938,-0.08969341347288098,-0.03153494176594946,5.0
-0.39739739739739743,3.436537624997381,0.7302122171246532,-0.14354624377809114,-0.16959545863715073,-0.1366804480648282,-0.08966888599967053,-0.03135106669109805,5.0
-0.39539539539539537,3.430967991731657,0.7329369613475283,-0.14455527737218812,-0.17056621470458727,-0.13722169919299546,-0.08964065096070752,-0.031165886789340277,5.0
-0.3933933933933934,3.4254060600620613,0.7356584978368579,-0.1455679982735493,-0.17153830923855137,-0.13776104789311702,-0.08960871299087103,-0.030979415468033306,5.0
-0.39139139139139134,3.4198519015211355,0.7383767797298182,-0.14658440703293238,-0.1725117245631692,-0.13829846534536536,-0.08957307673466278,-0.030791666025783704,5.0
-0.3893893893893894,3.414305589396144,0.7410917591082631,-0.1476045041353425,-0.1734864428108339,-0.13883392257587873,-0.08953374683938897,-0.030602651648729332,5.0
-0.3873873873873874,3.408767198787794,0.7438033869641335,-0.14862828999943084,-0.17446244591910567,-0.13936739045395966,-0.0894907279481494,-0.030412385406688842,5.0
-0.38538538538538536,3.4032368066706598,0.7465116131638373,-0.14965576497692396,-0.175439715627566,-0.13989883968914502,-0.0894440246926264,-0.030220880249175863,5.0
-0.3833833833833834,3.397714491955364,0.7492163864115827,-0.15068692935208627,-0.17641823347462637,-0.14042824082814492,-0.08939364168566832,-0.03002814900127489,5.0
-0.38138138138138133,3.392200335552546,0.7519176542116334,-0.15172178334121875,-0.1773979807942887,-0.1409555642516437,-0.08933958351365963,-0.02983420435937612,5.0
-0.3793793793793794,3.3866944204386553,0.7546153628294701,-0.15276032709219367,-0.17837893871285693,-0.14148078017095922,-0.08928185472867214,-0.029639058886766493,5.0
-0.3773773773773774,3.3811968317236167,0.7573094572518211,-0.15380256068402795,-0.17936108814559693,-0.14200385862455203,-0.08922045984038926,-0.029442725009073897,5.0
-0.37537537537537535,3.3757076567203916,0.7599998811455457,-0.15484848412649868,-0.18034440979334407,-0.14252476947438233,-0.08915540330779738,-0.029245215009562425,5.0
-0.3733733733733734,3.3702269850164726,0.7626865768153419,-0.15589809735979976,-0.18132888413905646,-0.14304348240210563,-0.0890866895306369,-0.029046541024275906,5.0
-0.37137137137137133,3.364754908547337,0.7653694851602493,-0.15695140025424376,-0.1823144914443096,-0.14355996690510234,-0.08901432284060586,-0.0288467150370275,5.0
-0.36936936936936937,3.3592915216718957,0.7680485456289308,-0.1580083926100102,-0.1833012117457338,-0.14407419229233545,-0.08893830749231012,-0.02864574887423376,5.0
-0.3673673673673674,3.3538369212499526,0.7707236961737025,-0.15906907415694105,-0.1842890248513895,-0.144586127680029,-0.08885864765395264,-0.028443654199591016,5.0
-0.36536536536536535,3.3483912067217068,0.7733948732032938,-0.16013344455438616,-0.185277910337079,-0.14509574198716085,-0.08877534739775476,-0.02824044250859309,5.0
-0.3633633633633634,3.342954480189311,0.7760620115343161,-0.1612015033911013,-0.18626784754259207,-0.14560300393076517,-0.08868841069010482,-0.028036125122889336,5.0
-0.3613613613613613,3.337526846500517,0.778725044341421,-0.16227325018519728,-0.18725881556788243,-0.14610788202103492,-0.08859784138142567,-0.027830713184482152,5.0
-0.35935935935935936,3.3321084133344048,0.7813839031061344,-0.16334868438414546,-0.18825079326917296,-0.1466103445562201,-0.08850364319575689,-0.027624217649764502,5.0
-0.3573573573573574,3.3266992912892306,0.7840385175643484,-0.16442780536483886,-0.18924375925498743,-0.14711035961731445,-0.08840581972004517,-0.027416649283397352,5.0
-0.35535535535535534,3.321299593972386,0.7866888156524671,-0.16551061243371074,-0.1902376918821036,-0.1476078950625231,-0.08830437439313768,-0.02720801865202838,5.0
-0.3533533533533534,3.315909438092483,0.7893347234521917,-0.16659710482691184,-0.19123256925142626,-0.14810291852150548,-0.08819931049447376,-0.02699833611785333,5.0
-0.3513513513513513,3.3105289435535625,0.7919761651339489,-0.16768728171054909,-0.1922283692037783,-0.14859539738938676,-0.08809063113247033,-0.02678761183202266,5.0
-0.34934934934934936,3.305158233551422,0.7946130628989536,-0.16878114218098253,-0.19322506931560168,-0.14908529882052937,-0.08797833923259724,-0.02657585572789602,5.0
-0.3473473473473474,3.2997974346720538,0.7972453369199214,-0.16987868526518674,-0.194222646894571,-0.14957258972206083,-0.08786243752513913,-0.02636307751414877,5.0
-0.34534534534534533,3.2944466769921807,0.7998729052804301,-0.17097990992117237,-0.19522107897511012,-0.15005723674714858,-0.08774292853264117,-0.026149286667734847,5.0
-0.3433433433433434,3.2891060941818515,0.8024956839129469,-0.1720848150384703,-0.1962203423138105,-0.15053920628801595,-0.08761981455703638,-0.025934492426711524,5.0
-0.3413413413413413,3.2837758236090804,0.8051135865355451,-0.17319339943867806,-0.19722041338474755,-0.15101846446869474,-0.0874930976664542,-0.025718703782932752,5.0
-0.33933933933933935,3.278456006446473,0.8077265245873242,-0.17430566187606616,-0.19822126837468787,-0.1514949771375041,-0.08736277968170864,-0.02550192947461829,5.0
-0.3373373373373374,3.2731467877797917,0.8103344071625749,-0.17542160103824533,-0.19922288317818346,-0.15196870985925306,-0.08722886216246846,-0.025284177978807523,5.0
-0.3353353353353353,3.267848316718397,0.8129371409437156,-0.17654121554689065,-0.2002252333925479,-0.15243962790715845,-0.0870913463931088,-0.02506545750370782,5.0
-0.33333333333333337,3.262560746507479,0.8155346301330526,-0.17766450395852185,-0.20122829431270797,-0.15290769625447326,-0.08695023336825031,-0.024845775980948785,5.0
-0.3313313313313313,3.257284234641989,0.8181267763834048,-0.17879146476533536,-0.20223204092592384,-0.15337287956581877,-0.08680552377798709,-0.024625141057754825,5.0
-0.32932932932932935,3.252018942982168,0.820713478727665,-0.1799220963960846,-0.20323644790637252,-0.1538351421882168,-0.08665721799281127,-0.024403560089050893,5.0
-0.3273273273273274,3.2467650378705413,0.8232946335073505,-0.18105639721700365,-0.20424148960958555,-0.15429444814181428,-0.08650531604824123,-0.02418104012951697,5.0
-0.3253253253253253,3.24152269025024,0.8258701343002327,-0.18219436553276805,-0.20524714006673328,-0.15475076111029915,-0.08634981762916243,-0.02395758792560959,5.0
-0.32332332332332336,3.236292075784487,0.828439871847129,-0.18333599958748645,-0.20625337297874877,-0.15520404443099964,-0.08619072205389283,-0.023733209907570073,5.0
-0.3213213213213213,3.231073374977066,0.831003733977951,-0.18448129756571374,-0.20726016171028067,-0.15565426108466732,-0.08602802825798644,-0.023507912181441885,5.0
-0.31931931931931934,3.2258667732935775,0.8335616055371304,-0.18563025759347734,-0.2082674792834653,-0.15610137368493776,-0.08586173477779022,-0.023281700521121374,5.0
-0.31731731731731727,3.220672461283245,0.8361133683085359,-0.1867828777393068,-0.20927529837150916,-0.15654534446746904,-0.08569183973377464,-0.023054580360469163,5.0
-0.3153153153153153,3.2154906347010352,0.8386589009400286,-0.18793915601525035,-0.21028359129206867,-0.15698613527875613,-0.08551834081365778,-0.02282655678551163,5.0
-0.31331331331331336,3.210321494629811,0.8411980788678036,-0.18909909037787012,-0.2112923300004173,-0.1574237075646219,-0.08534123525534923,-0.022597634526765296,5.0
-0.3113113113113113,3.2051652476022143,0.8437307742406933,-0.19026267872919547,-0.21230148608238697,-0.15785802235838445,-0.0851605198297407,-0.022367817951719805,5.0
-0.30930930930930933,3.2000221057219593,0.8462568558446126,-0.19142991891761982,-0.21331103074706959,-0.15828904026870483,-0.08497619082337657,-0.022137111057518307,5.0
-0.30730730730730726,3.1948922867841665,0.8487761890273616,-0.1926008087387191,-0.21432093481926595,-0.15871672146711777,-0.08478824402103866,-0.021905517463877755,5.0
-0.3053053053053053,3.18977601439435,0.8512886356240023,-0.193775345935972,-0.2153311687316662,-0.15914102567525082,-0.08459667468828652,-0.021673040406295238,5.0
-0.30330330330330335,3.18467351808564,0.8537940538830663,-0.19495352820135592,-0.21634170251674745,-0.1595619121517414,-0.08440147755399773,-0.021439682729590195,5.0
-0.3013013013013013,3.1795850334337707,0.8562922983938529,-0.1961353531757934,-0.2173525057983699,-0.1599793396788567,-0.08420264679295701,-0.02120544688183658,5.0
-0.2992992992992993,3.1745108021693507,0.8587832200151159,-0.19732081844941676,-0.21836354778305472,-0.16039326654883093,-0.08400017600854938,-0.020970334908743064,5.0
-0.29729729729729726,3.1694510722868654,0.8612666658054557,-0.1985099215616225,-0.21937479725092784,-0.1608036505499328,-0.08379405821561861,-0.02073434844854436,5.0
-0.2952952952952953,3.1644060981498527,0.8637424789557552,-0.19970266000087547,-0.2203862225463045,-0.16121044895227737,-0.08358428582355504,-0.0204974887274705,5.0
-0.29329329329329334,3.159376140591621,0.8662104987240292,-0.20089903120422636,-0.22139779156789952,-0.16161361849340314,-0.08337085061968708,-0.020259756555866624,5.0
-0.2912912912912913,3.1543614670108546,0.8686705603730851,-0.20209903255649972,-0.2224094717586399,-0.1620131153636341,-0.08315374375305482,-0.02002115232504044,5.0
-0.2892892892892893,3.149362351461399,0.8711224951114193,-0.20330266138910652,-0.223421230095056,-0.1624088951912528,-0.08293295571865161,-0.019781676004919573,5.0
-0.28728728728728725,3.144379074735468,0.8735661300378005,-0.20450991497842858,-0.22443303307622958,-0.16280091302751068,-0.0827084763422272,-0.019541327142606656,5.0
-0.2852852852852853,3.139411924439464,0.8760012880900221,-0.2057207905437245,-0.2254448467122735,-0.16318912333150964,-0.08248029476575341,-0.019300104861925408,5.0
-0.28328328328328334,3.134461195061572,0.8784277879983471,-0.2069352852444963,-0.226456636512319,-0.16357347995498864,-0.08224839943366234,-0.019058007864056516,5.0
-0.28128128128128127,3.1295271880302047,0.8808454442441823,-0.20815339617725387,-0.2274683674719817,-0.16395393612705583,-0.08201277807997301,-0.01881503442936781,5.0
-0.2792792792792793,3.1246102117623473,0.8832540670245679,-0.20937512037160963,-0.22848000406028224,-0.16433044443891007,-0.0817734177164351,-0.018571182420549313,5.0
-0.27727727727727725,3.1197105817007964,0.8856534622230866,-0.2106004547856321,-0.22949151020599154,-0.16470295682860256,-0.08153030462182373,-0.018326449287169137,5.0
-0.2752752752752753,3.114828620339219,0.8880434313878457,-0.21182939630038017,-0.23050284928337414,-0.16507142456589047,-0.08128342433253141,-0.01808083207177248,5.0
-0.27327327327327333,3.1099646572339235,0.8904237717171971,-0.21306194171353493,-0.2315139840972987,-0.16543579823724447,-0.08103276163461123,-0.017834327417651428,5.0
-0.27127127127127126,3.1051190290011714,0.8927942760539191,-0.2142980877320442,-0.2325248768676889,-0.1657960277310751,-0.08077830055743714,-0.017586931578419392,5.0
-0.2692692692692693,3.1002920792988107,0.8951547328885872,-0.21553783096368553,-0.23353548921328332,-0.16615206222324874,-0.08052002436915555,-0.017338640429529133,5.0
-0.26726726726726724,3.095484158790961,0.8975049263729186,-0.21678116790745053,-0.2345457821346779,-0.16650385016297406,-0.08025791557411452,-0.017089449481878984,5.0
-0.2652652652652653,3.0906956250944395,0.8998446363438873,-0.2180280949426482,-0.23555571599661823,-0.16685133925914106,-0.07999195591246601,-0.016839353897656888,5.0
-0.2632632632632632,3.085926842705561,0.9021736383594472,-0.219278608316621,-0.2365652505095196,-0.16719447646720748,-0.07972212636214844,-0.01658834850857656,5.0
-0.26126126126126126,3.081178182905923,0.9044917037467168,-0.22053270413095932,-0.23757434471018166,-0.16753320797673055,-0.07944840714346607,-0.016336427836664214,5.0
-0.2592592592592593,3.076450023645727,0.9067985996635154,-0.22179037832610107,-0.23858295694167836,-0.16786747919965453,-0.07917077772649325,-0.016083586117758192,5.0
-0.25725725725725723,3.071742749403178,0.9090940891741575,-0.22305162666419331,-0.2395910448323958,-0.1681972347594662,-0.07888921684154113,-0.01582981732788652,5.0
-0.2552552552552553,3.067056751018471,0.911377931340421,-0.22431644471009246,-0.24059856527419918,-0.1685224184813465,-0.07860370249293362,-0.015575115212689892,5.0
-0.2532532532532532,3.0623924255008452,0.9136498813286436,-0.22558482781037703,-0.24160547439971067,-0.16884297338344728,-0.07831421197635029,-0.015319473320058757,5.0
-0.25125125125125125,3.0577501758071963,0.91590969053388,-0.226856771070241,-0.24261172755868493,-0.1691588416694397,-0.07802072190000107,-0.01506288503615328,5.0
-0.2492492492492493,3.0531304105907244,0.9181571067220865,-0.22813226932813674,-0.24361727929347102,-0.1694699647224796,-0.07772320820990561,-0.014805343624974222,5.0
-0.24724724724724723,3.0485335439181003,0.9203918741912785,-0.22941131712803536,-0.24462208331355767,-0.1697762831007548,-0.07742164621955827,-0.014546842271650085,5.0
-0.24524524524524527,3.0439599949536627,0.922613733952608,-0.23069390868917208,-0.24562609246920367,-0.1700777365347797,-0.07711601064426402,-0.01428737412960233,5.0
-0.2432432432432432,3.0394101876091923,0.9248224239322845,-0.23198003787314217,-0.24662925872415908,-0.17037426392661756,-0.07680627564043557,-0.014026932371744627,5.0
-0.24124124124124124,3.034884550157845,0.927017679195254,-0.23326969814822182,-0.2476315331274963,-0.17066580335121673,-0.07649241485014481,-0.013765510245864879,5.0
-0.2392392392392393,3.030383514810897,0.9291992321914923,-0.23456288255078442,-0.24863286578457108,-0.17095229206005488,-0.07617440145122185,-0.013503101134329024,5.0
-0.23723723723723722,3.0259075172560315,0.931366813025757,-0.23585958364369752,-0.24963320582715381,-0.1712336664873005,-0.07585220821319613,-0.013239698618234192,5.0
-0.23523523523523526,3.0214569961559845,0.9335201497515593,-0.23715979347157903,-0.2506325013827684,-0.17150986225869774,-0.07552580755936686,-0.012975296546124383,5.0
-0.2332332332332332,3.0170323926064966,0.935658968690073,-0.23846350351281725,-0.2516306995433024,-0.171780814203399,-0.07519517163528823,-0.012709889107365467,5.0
-0.23123123123123124,3.0126341495526305,0.9377829947746071,-0.23977070462825376,-0.2526277463329521,-0.17204645636896854,-0.07486027238394251,-0.012443470910256544,5.0
-0.22922922922922928,3.008262711162688,0.9398919519211879,-0.24108138700645332,-0.2536235866755916,-0.17230672203979192,-0.07452108162786444,-0.012176037064932449,5.0
-0.2272272272272272,3.0039185221591236,0.9419855634256857,-0.24239554010549436,-0.2546181643616602,-0.17256154375912608,-0.07417757115846357,-0.011907583271086994,5.0
-0.22522522522522526,2.999602027106057,0.9440635523878016,-0.2437131525912317,-0.2556114220146869,-0.17281085335503146,-0.07382971283277308,-0.011638105910517562,5.0
-0.2232232232232232,2.995313669653212,0.9461256421621036,-0.2450342122720076,-0.2566033010575847,-0.17305458197042917,-0.0734774786778293,-0.011367602144459888,5.0
-0.22122122122122123,2.991053891736346,0.9481715568361535,-0.24635870602980703,-0.25759374167886645,-0.17329266009752511,-0.07312084100286036,-0.011096070015646834,5.0
-0.21921921921921927,2.9868231327345196,0.9502010217355863,-0.24768661974787723,-0.2585826827989523,-0.17352501761684475,-0.07275977251942842,-0.01082350855498563,5.0
-0.2172172172172172,2.9826218285848327,0.9522137639558542,-0.24901793823486834,-0.2595700620367656,-0.17375158384111594,-0.07239424646963602,-0.010549917892706456,5.0
-0.21521521521521525,2.978450410855597,0.9542095129201237,-0.25035264514557437,-0.2605558156768267,-0.17397228756423275,-0.07202423676246311,-0.010275299373789291,5.0
-0.21321321321321318,2.9743093057792285,0.9561880009626297,-0.251690722898395,-0.2615398786370849,-0.17418705711552573,-0.07164971811825614,-0.009999655677426975,5.0
-0.21121121121121122,2.970198933246535,0.9581489639365491,-0.253032152589673,-0.26252218443774383,-0.17439582041955148,-0.07127066622133822,-0.009722990940230379,5.0
-0.20920920920920927,2.96611970576444,0.9600921418452345,-0.25437691390510475,-0.2635026651713682,-0.17459850506160454,-0.07088705788065336,-0.00944531088282627,5.0
-0.2072072072072072,2.962072027379595,0.9620172794953913,-0.255724985028461,-0.264481251474569,-0.1747950383591307,-0.0704988711982932,-0.00916662293944047,5.0
-0.20520520520520524,2.958056292570761,0.9639241271705211,-0.25707634254790473,-0.2654578725016042,-0.17498534743920963,-0.07010608574569,-0.008886936389998587,5.0
-0.20320320320320318,2.954072885113256,0.9658124413226977,-0.2584309613602349,-0.2664324559002378,-0.175169359322242,-0.06970868274718438,-0.008606262494214034,5.0
-0.20120120120120122,2.9501221769192307,0.9676819852804469,-0.25978881457344116,-0.2674049277902348,-0.17534700101195655,-0.06930664527060103,-0.00832461462706925,5.0
-0.19919919919919926,2.9462045268579717,0.9695325299702381,-0.2611498734079959,-0.2683752127448781,-0.17551819959181425,-0.06889995842438174,-0.008042008415030949,5.0
-0.1971971971971972,2.942320279560886,0.9713638546487962,-0.2625141070973737,-0.26934323377592284,-0.17568288232785864,-0.06848860956074074,-0.007758461872275241,5.0
-0.19519519519519524,2.93846976421628,0.9731757476431763,-0.26388148278832496,-0.27030891232240906,-0.17584097677801486,-0.06807258848421611,-0.007473995536133406,5.0
-0.19319319319319317,2.9346532933594736,0.974968007095255,-0.2652519654414989,-0.2712721682437749,-0.17599241090780401,-0.06765188766490018,-0.007188632600905916,5.0
-0.1911911911911912,2.9308711616642302,0.9767404417070191,-0.26662551773304816,-0.2722329198177208,-0.17613711321238743,-0.06722650245553552,-0.006902399049130781,5.0
-0.18918918918918914,2.9271236447418834,0.978492871482782,-0.2680020999579015,-0.27319108374327494,-0.17627501284480543,-0.06679643131156804,-0.006615323779334235,5.0
-0.1871871871871872,2.9234109979549188,0.9802251284642116,-0.2693816699354415,-0.2741465751495254,-0.17640603975022542,-0.06636167601315296,-0.006327438729237852,5.0
-0.18518518518518523,2.9197334552521195,0.9819370574538249,-0.27076418291836013,-0.27509930761046986,-0.1765301248059485,-0.06592224188801278,-0.0060387789933476705,5.0
-0.18318318318318316,2.9160912280326894,0.9836285167224161,-0.2721495915055074,-0.2760491931664317,-0.17664719996687187,-0.06547813803395454,-0.00574938293380852,5.0
-0.1811811811811812,2.912484504047008,0.9852993786957052,-0.27353784555958394,-0.2769961423524794,-0.176757198416035,-0.06502937753976297,-0.005459292283372592,5.0
-0.17917917917917914,2.908913446341899,0.9869495306153627,-0.27492889213055266,-0.27794006423426276,-0.17686005471981658,-0.06457597770310167,-0.005168552239305398,5.0
-0.17717717717717718,2.9053781922583957,0.9885788751694707,-0.2763226753856651,-0.27888086645165694,-0.17695570498727947,-0.06411796024397577,-0.00487721154703668,5.0
-0.17517517517517522,2.90187885249009,0.9901873310874159,-0.2777191365470135,-0.27981845527057103,-0.17704408703309799,-0.06365535151223921,-0.004585322572359375,5.0
-0.17317317317317316,2.898415510210119,0.991774833694213,-0.2791182138375194,-0.2807527356432401,-0.1771251405434304,-0.06318818268756791,-0.004292941360987277,5.0
-0.1711711711711712,2.8949882202747634,0.9933413354192805,-0.2805198424362647,-0.2816836112772726,-0.17719880724403778,-0.06271648997027178,-0.004000127684303158,5.0
-0.16916916916916913,2.891597008511454,0.9948868062547972,-0.28192395444405616,-0.2826109847136693,-0.1772650310698834,-0.06224031476127934,-0.003706945070163811,5.0
-0.16716716716716717,2.888241871098734,0.9964112341589145,-0.28333047886008006,-0.2835347574139767,-0.17732375833538747,-0.06175970382960759,-0.0034134608176784394,5.0
-0.16516516516516522,2.884922774045338,0.997914625399294,-0.2847393415704738,-0.2844548298566596,-0.1773749379044536,-0.06127470946562107,-0.003119745994941836,5.0
-0.16316316316316315,2.881639652775132,0.9993970048327117,-0.2861504653495774,-0.285371101642717,-0.17741852135933045,-0.06078538961839495,-0.0028258754187845264,5.0
-0.1611611611611612,2.8783924118240907,1.0008584161168017,-0.2875637698745754,-0.2862834716104757,-0.17745446316733002,-0.06029180801552464,-0.0025319276156989833,5.0
-0.15915915915915912,2.875180924654863,1.0022989218503657,-0.28897917175415494,-0.2871918379594192,-0.17748272084437747,-0.05979403426377093,-0.0022379847632129036,5.0
-0.15715715715715717,2.8720050335937475,1.0037186036391446,-0.29039658457172157,-0.28809609838281636,-0.17750325511434398,-0.059292143928998335,-0.0019441326111087343,5.0
-0.1551551551551552,2.868864549894092,1.0051175620844062,-0.2918159189436142,-0.2889961502088276,-0.17751603006308822,-0.058786218593949675,-0.0016504603820305334,5.0
-0.15315315315315314,2.865759253929234,1.006495916692271,-0.2932370825926484,-0.2898918905496658,-0.17752101328611922,-0.058276345892510316,-0.001357060651175499,5.0
-0.1511511511511512,2.862688895517149,1.0078538057022677,-0.2946599804372003,-0.2907832164583029,-0.1775181760287976,-0.057762619519242595,-0.001064029204935823,5.0
-0.14914914914914912,2.859653194377942,1.0091913858342336,-0.2960845146959074,-0.29167002509211115,-0.1775074933179975,-0.05724513921311991,-0.0007714648785357893,5.0
-0.14714714714714716,2.856651840724252,1.0105088319533466,-0.29751058500793437,-0.29255221388273905,-0.1774889440841773,-0.056724010714558036,-0.00047946937289708355,5.0
-0.1451451451451452,2.8536844959835186,1.0118063366537422,-0.29893808856860266,-0.29342968071143294,-0.17746251127284304,-0.05619934569502654,-0.00018814705116085965,5.0
-0.14314314314314314,2.8507507936499485,1.0130841097618846,-0.30036692028003603,-0.294302324088929,-0.17742818194443372,-0.055671261658725504,0.00010239528450599251,5.0
-0.14114114114114118,2.847850340262837,1.0143423777615561,-0.30179697291633184,-0.2951700433389615,-0.17738594736172297,-0.055139881816029586,0.0003920486349906096,5.0
-0.1391391391391391,2.844982716506793,1.0155813831430538,-0.30322813730260967,-0.2960327387843654,-0.17733580306390023,-0.05460533492862935,0.000680702064170207,5.0
-0.13713713713713716,2.8421474784282834,1.016801383679856,-0.3046603025071505,-0.2968903119346868,-0.17727774892658377,-0.05406775512653992,0.0009682429754772439,5.0
-0.1351351351351351,2.8393441587618247,1.0180026516367153,-0.3060933560456874,-0.2977426656741608,-0.17721178920711025,-0.0535272816973896,0.0012545574036762555,5.0
-0.13313313313313313,2.8365722683581294,1.0191854729137801,-0.3075271840967843,-0.29858970444888666,-0.17713793257455865,-0.052984058848653044,0.0015395303202544045,5.0
-0.13113113113113117,2.833831297705544,1.0203501461319342,-0.308961671727098,-0.29943133445198844,-0.17705619212407497,-0.05243823544373967,0.0018230459506593934,5.0
-0.1291291291291291,2.831120718535244,1.0214969816651187,-0.3103967031252156,-0.30026746380554853,-0.17696658537519505,-0.051889964713096315,0.0021049881014658365,5.0
-0.12712712712712715,2.828439985499858,1.0226263006258902,-0.3118321618426438,-0.30109800273809306,-0.17686913425398965,-0.05133940394172179,0.0023852404954163237,5.0
-0.12512512512512508,2.8257885379145247,1.0237384338108995,-0.3132679310404441,-0.3019228637564267,-0.17676386505899125,-0.05078671413472008,0.002663687112169304,5.0
-0.12312312312312312,2.8231658015488197,1.0248337206133382,-0.31470389373993074,-0.3027419618106412,-0.1766508084110018,-0.05023205966273582,0.002940212532494186,5.0
-0.12112112112112117,2.8205711904575694,1.0259125079096816,-0.31613993307579746,-0.3035552144511676,-0.17652999918701864,-0.049675607889314875,0.0032147022835870846,5.0
-0.1191191191191191,2.818004108838262,1.026975148928262,-0.3175759325499935,-0.3043625419767976,-0.17640147643865325,-0.04911752878241163,0.0034870431831393054,5.0
-0.11711711711711714,2.815463952902613,1.0280220021073045,-0.31901177628465904,-0.30516386757266833,-0.17626528329555516,-0.04855799451242261,0.003757123679776243,5.0
-0.11511511511511507,2.8129501127498164,1.0290534299501162,-0.3204473492724276,-0.3059591174372948,-0.17612146685447902,-0.04799717903925791,0.004024834187497664,5.0
-0.11311311311311312,2.810461974229143,1.030069797885031,-0.3218825376224289,-0.30674822089781933,-0.17597007805476178,-0.04743525769106648,0.004290067411790989,5.0
-0.11111111111111116,2.8079989207797906,1.0310714731375863,-0.32331722880035496,-0.3075311105127581,-0.1758111715410855,-0.046872406737308005,0.00455271866515708,5.0
-0.10910910910910909,2.805560335236297,1.0320588236221881,-0.3247513118610303,-0.3083077221616353,-0.17564480551451186,-0.046308802958911224,0.004812686169882471,5.0
-0.10710710710710714,2.8031456015883194,1.0330322168602066,-0.32618467767198916,-0.3090779951210164,-0.17547104157286272,-0.04574462321827402,0.005069871346011334,5.0
-0.10510510510510507,2.800754106684232,1.0339920189310652,-0.3276172191266603,-0.30984187212657294,-0.17528994454160088,-0.045180044031846806,0.00532417908261314,5.0
-0.10310310310310311,2.7983852418687216,1.0349385934624742,-0.3290488313458774,-0.3105992994209436,-0.17510158229643527,-0.0446152411479963,0.005575517990606075,5.0
-0.10110110110110115,2.7960384045453806,1.035872300665423,-0.3304794118665445,-0.3113502267872827,-0.17490602557891866,-0.04405038913277273,0.005823800635579009,5.0
-0.09909909909909909,2.7937129996562153,1.0367934964190237,-0.33190886081642873,-0.3120946075685147,-0.17470334780634927,-0.04348566096610229,0.006068943749253627,5.0
-0.09709709709709713,2.7914084410709483,1.0377025314096908,-0.33333708107418974,-0.312832398672442,-0.1744936248772991,-0.04292122765079809,0.006310868418439983,5.0
-0.09509509509509506,2.7891241528800164,1.0385997503285374,-0.3347639784139128,-0.3135635605629739,-0.17427693497410562,-0.04235725783663246,0.006549500250560718,5.0
-0.0930930930930931,2.786859570586219,1.039485491130199,-0.33618946163355734,-0.3142880572378582,-0.17405335836364322,-0.04179391746153837,0.00678476951504687,5.0
-0.09109109109109115,2.784614142191044,1.0403600843556668,-0.337613442666902,-0.3150058561934092,-0.17382297719767387,-0.0412313694118179,0.007016611260140079,5.0
-0.08908908908908908,2.782387329172764,1.041223852521031,-0.3390358366787195,-0.3157169283768255,-0.1735858753140311,-0.04066977320302706,0.00724496540486716,5.0
-0.08708708708708712,2.7801786073544745,1.042077109573381,-0.3404565621430646,-0.31642124812677536,-0.17334213803984214,-0.040109284682986884,0.007469776806181046,5.0
-0.08508508508508505,2.7779874676612644,1.0429201604144904,-0.341875540904723,-0.3171187931030179,-0.17309185199792904,-0.039550055758142945,0.007690995301483959,5.0
-0.0830830830830831,2.7758134167667188,1.0437533004922646,-0.3432926982240052,-0.3178095442058845,-0.17283510491745477,-0.03899223414425992,0.00790857572696128,5.0
-0.08108108108108114,2.773655977629902,1.044576815459366,-0.3447079628052061,-0.3184934854865092,-0.17257198544979804,-0.03843596314220222,0.008122477912355144,5.0
-0.07907907907907907,2.7715146899248526,1.0453909808978687,-0.3461212668091899,-0.3191706040487399,-0.17230258299054957,-0.037881381439315624,0.008332666652993929,5.0
-0.07707707707707712,2.7693891103654416,1.0461960621082826,-0.3475325458506658,-0.3198408899436883,-0.17202698750842665,-0.03732862293669264,0.00853911166006403,5.0
-0.07507507507507505,2.767278812929204,1.0469923139608255,-0.3489417389808341,-0.3205043360579072,-0.17174528938180386,-0.03677781660238006,0.008741787490263381,5.0
-0.07307307307307309,2.7651833889843966,1.0477799808063994,-0.35034878865617153,-0.3211609379961782,-0.17145757924345212,-0.036229086350370664,0.008940673456110194,5.0
-0.07107107107107113,2.763102447325128,1.048559296444378,-0.3517536406942108,-0.32181069395990475,-0.17116394783397873,-0.03568255094501776,0.009135753518294243,5.0
-0.06906906906906907,2.761035614119898,1.0493304841439723,-0.35315624421722647,-0.32245360462207723,-0.17086448586435252,-0.03513832393032011,0.009327016161551628,5.0
-0.06706706706706711,2.75898253277928,1.050093756715725,-0.354556551584808,-0.32308967299976726,-0.1705592838878023,-0.03459651358335121,0.009514454255616873,5.0
-0.06506506506506504,2.756942863748804,1.050849316629433,-0.3559545183163223,-0.32371890432506545,-0.17024843218127414,-0.0340572228909474,0.009698064902858527,5.0
-0.06306306306306309,2.7549162842333303,1.0515973561746936,-0.3573501030043132,-0.32434130591534105,-0.1699320206365403,-0.033520549548630096,0.009877849274236723,5.0
-0.06106106106106102,2.7529024878593464,1.0523380576601309,-0.358743267219889,-0.3249568870436598,-0.1696101386609657,-0.03298658598061521,0.010053812435234302,5.0
-0.05905905905905906,2.7509011842817004,1.0530715936473316,-0.3601339754111512,-0.3255656588101338,-0.16928287508785056,-0.032455419379659914,0.010225963163407464,5.0
-0.0570570570570571,2.748912098741275,1.0537981272154995,-0.36152219479571773,-0.32616763401492843,-0.16895031809619562,-0.03192713176541285,0.010394313759179397,5.0
-0.055055055055055035,2.746934971580045,1.0545178122528798,-0.3629078952483655,-0.32676282703358694,-0.16861255513966608,-0.03140180005986912,0.010558879851462486,5.0
-0.05305305305305308,2.7449695577198265,1.055230793771073,-0.36429104918479394,-0.32735125369527024,-0.16826967288446737,-0.03087949617848312,0.010719680199641542,5.0
-0.05105105105105101,2.7430156261108483,1.0559372082384668,-0.3656716314424747,-0.327932931164443,-0.16792175715579455,-0.030360287135464,0.01087673649338595,5.0
-0.049049049049049054,2.741072959156026,1.0566371839291528,-0.3670496191595066,-0.3285078778264764,-0.1675688928924699,-0.02984423516176444,0.011030073151682267,5.0
-0.0470470470470471,2.7391413521165795,1.0573308412838573,-0.3684249916523471,-0.32907611317756474,-0.16721116410934558,-0.029331397834276483,0.011179717122393856,5.0
-0.04504504504504503,2.7372206125042875,1.0580182932795963,-0.3697977302932384,-0.32963765771929604,-0.1668486538670186,-0.02882182821476462,0.011325697683561384,5.0
-0.04304304304304307,2.735310559465375,1.058699645804976,-0.37116781838808444,-0.3301925328581495,-0.1664814442483804,-0.028315574997096082,0.011468046247559842,5.0
-0.041041041041041004,2.7334110231606514,1.0593749980382603,-0.3725352410554755,-0.3307407608101337,-0.16610961634151075,-0.027812682661369652,0.011606796169125345,5.0
-0.03903903903903905,2.7315218441461515,1.0600444428255646,-0.37389998510749567,-0.33128236451072146,-0.16573325022841143,-0.02731319163359554,0.011741982558159838,5.0
-0.03703703703703709,2.7296428727581676,1.0607080670567677,-0.37526203893288,-0.3318173675301842,-0.1653524249790778,-0.026817138449639236,0.011873642098116227,5.0
-0.03503503503503502,2.7277739685061553,1.0613659520369467,-0.37662139238302816,-0.3323457939943763,-0.16496721865040295,-0.026324555922209406,0.012001812870660915,5.0
-0.033033033033033066,2.725914999476641,1.0620181738513985,-0.3779780366613173,-0.3328676685109747,-0.16457770828942084,-0.025835473309743208,0.012126534187206287,5.0
-0.031031031031030998,2.724065841750861,1.0626648037225261,-0.3793319642160888,-0.33338301610113685,-0.16418396994040296,-0.025349916486120228,0.01224784642780495,5.0
-0.02902902902902904,2.7222263788385153,1.0633059083570966,-0.38068316863763474,-0.3338918621364982,-0.1637860786553424,-0.024867908110216948,0.012365790887799488,5.0
-0.027027027027027084,2.7203965011296534,1.063941550282591,-0.38203164455943833,-0.334394232281403,-0.16338410850737406,-0.024389467794397036,0.012480409632528364,5.0
-0.025025025025025016,2.7185761053663846,1.0645717881715864,-0.3833773875638787,-0.33489015244022585,-0.16297813260670493,-0.023914612271115986,0.012591745360300855,5.0
-0.02302302302302306,2.716765094135776,1.0651966771532895,-0.3847203940925547,-0.3353796487096177,-0.1625682231186489,-0.023443355556903016,0.012699841273771132,5.0
-0.02102102102102099,2.7149633753850093,1.0658162691115394,-0.38606066136132966,-0.33586274733549243,-0.16215445128338773,-0.02297570911306531,0.012804740959765755,5.0
-0.019019019019019034,2.713170861959582,1.0664306129687684,-0.38739818728016295,-0.33633947467454456,-0.16173688743710693,-0.022511682002541018,0.012906488277548894,5.0
-0.017017017017017078,2.711387471165092,1.06703975495557,-0.38873297037774734,-0.3368098571600846,-0.16131560103417958,-0.02205128104240522,0.013005127255446685,5.0
-0.01501501501501501,2.7096131243529036,1.0676437388656526,-0.3900650097309345,-0.3372739212719549,-0.16089066067010166,-0.021594510951608685,0.013100701995695309,5.0
-0.013013013013013053,2.70784774652977,1.0682426062961237,-0.39139430489890276,-0.3377316935102965,-0.1604621341049081,-0.021141374493600644,0.013193256587327704,5.0
-0.011011011011010985,2.706091265991331,1.0688363968731296,-0.39272085586198335,-0.3381832003729191,-0.1600300882868263,-0.020691872613554502,0.013282835026870506,5.0
-0.009009009009009028,2.7043436139791925,1.0694251484630148,-0.39404466296504687,-0.3386284683360343,-0.15959458937595086,-0.02024600456997847,0.013369481146586011,5.0
-0.00700700700700696,2.702604724361188,1.0700088973692277,-0.39536572686531857,-0.3390675238381065,-0.15915570276774674,-0.01980376806055214,0.013453238549962694,5.0
-0.005005005005005003,2.700874533334265,1.070587678515302,-0.3966840484844813,-0.3395003932665818,-0.15871349311621524,-0.01936515934208384,0.013534150554133453,5.0
-0.0030030030030030463,2.6991529791493525,1.0711615256143008,-0.3979996289649047,-0.33992710294725975,-0.15826802435657752,-0.018930173344533383,0.013612260138880517,5.0
-0.0010010010010009784,2.6974400018574687,1.071730471325167,-0.39931246962982847,-0.3403476791360762,-0.15781935972735564,-0.018498803779089235,0.013687609901872112,5.0
0.0010010010010010895,2.695735543076253,1.072294547396464,-0.40062257194731865,-0.3407621480130753,-0.15736756179174588,-0.01807104324032935,0.01376024201976579,5.0
0.0030030030030030463,2.69403954577606,1.0728537847980513,-0.401929937497809,-0.341170535678357,-0.15691269245820538,-0.017646883302530683,0.013830198214808282,5.0
0.005005005005005003,2.692351954084697,1.0734082138412229,-0.40323456794503365,-0.3415728681497949,-0.1564548130001828,-0.017226314610223167,0.013897519726559898,5.0
0.00700700700700696,2.690672713109876,1.0739578642879062,-0.4045364650101565,-0.34196917136232885,-0.15599398407494514,-0.016809326963111382,0.013962247288373395,5.0
0.009009009009008917,2.6890017687784113,1.0745027654494947,-0.40583563044890436,-0.342359471168651,-0.15553026574146406,-0.01639590939551025,0.01402442110826262,5.0
0.011011011011011096,2.687339067691212,1.0750429462759004,-0.4071320660315041,-0.34274379334110844,-0.15506371747733946,-0.015986050250459825,0.014084080853803301,5.0
0.013013013013013053,2.6856845569931003,1.0755784354354267,-0.40842577352524084,-0.34312216357466324,-0.15459439819474655,-0.015579737248700898,0.01414126564071859,5.0
0.01501501501501501,2.6840381842565124,1.0761092613860377,-0.4097167546794415,-0.34349460749075866,-0.15412236625540676,-0.015176957552705228,0.014196014024813665,5.0
0.017017017017016967,2.6823998973781364,1.0766354524386008,-0.4110050112127096,-0.34386115064194966,-0.15364767948458868,-0.01477769782596422,0.014248363996937113,5.0
0.019019019019018923,2.680769644487593,1.0771570368126642,-0.4122905448022278,-0.3442218185171718,-0.15317039518415082,-0.01438194428774645,0.014298352980661077,5.0
0.021021021021021102,2.679147373867264,1.07767404268531,-0.4135733570749665,-0.34457663654752685,-0.1526905701446501,-0.01398968276353956,0.014346017832388279,5.0
0.02302302302302306,2.677533033882429,1.0781864982336171,-0.4148534496006304,-0.3449256301124812,-0.15220826065653897,-0.01360089873139396,0.014391394843609545,5.0
0.025025025025025016,2.675926572920878,1.078694431671225,-0.4161308238861913,-0.3452688245463739,-0.15172352252048116,-0.013215577364386442,0.014434519745052493,5.0
0.027027027027026973,2.6743279393412465,1.0791978712794912,-0.4174054813718618,-0.34560624514515154,-0.15123641105682087,-0.012833703569420655,0.01447542771247887,5.0
0.02902902902902893,2.6727370814293043,1.0796968454336953,-0.41867742342836906,-0.3459379171732426,-0.15074698111423734,-0.01245526202257836,0.014514153373904331,5.0
0.03103103103103111,2.6711539473615167,1.0801913826247274,-0.41994665135540116,-0.3462638658705101,-0.1502552870776269,-0.012080237201232054,0.01455073081803207,5.0
0.033033033033033066,2.669578485175211,1.0806815114766681,-0.42121316638110307,-0.34658411645920956,-0.14976138287524707,-0.01170861341312385,0.014585193603707,5.0
0.03503503503503502,2.668010642744731,1.0811672607606435,-0.4224769696625068,-0.3468986941509023,-0.14926532198516437,-0.011340374822610196,0.01461757477021382,5.0
0.03703703703703698,2.66645036776299,1.0816486594053216,-0.4237380622867936,-0.3472076241532731,-0.14876715744104477,-0.010975505474265202,0.01464790684825758,5.0
0.039039039039038936,2.6648976077278905,1.0821257365043815,-0.4249964452732861,-0.3475109316768102,-0.14826694183732525,-0.010613989314028271,0.014676221871479845,5.0
0.041041041041041115,2.6633523099331007,1.0825985213212708,-0.4262521195760812,-0.3478086419413106,-0.14776472733380744,-0.01025581020807409,0.014702551388378166,5.0
0.04304304304304307,2.6618144214627204,1.083067043291546,-0.4275050860872422,-0.34810078018218016,-0.14726056565970944,-0.009900951959575414,0.014726926474509629,5.0
0.04504504504504503,2.660283889189409,1.083531332023057,-0.4287553456404674,-0.34838737165650097,-0.14675450811721366,-0.009549398323520933,0.014749377744871816,5.0
0.047047047047046986,2.6587606597755733,1.083991417294227,-0.4300028990151706,-0.3486684416488453,-0.1462466055845469,-0.00920113301974237,0.014769935366366846,5.0
0.04904904904904894,2.657244679677248,1.0844473290506624,-0.4312477469409049,-0.34894401547681686,-0.1457369085186264,-0.008856139744297008,0.014788629070264651,5.0
0.05105105105105112,2.6557358951503423,1.0848990974002914,-0.432489890102074,-0.349214118496307,-0.14522546695730632,-0.008514402179343872,0.01480548816459241,5.0
0.05305305305305308,2.654234252258931,1.085346752607225,-0.43372932914287154,-0.34947877610644973,-0.14471233052125454,-0.00817590400164348,0.014820541546386169,5.0
0.055055055055055035,2.652739696885327,1.0857903250845287,-0.43496606467240845,-0.34973801375427704,-0.14419754841549248,-0.007840628889803927,0.014833817713749978,5.0
0.05705705705705699,2.651252174741674,1.0862298453860382,-0.4362000972699739,-0.34999185693905493,-0.14368116943062392,-0.007508560530388292,0.014845344777675198,5.0
0.05905905905905895,2.6497716313828223,1.0866653441973873,-0.43743142749039876,-0.35024033121630976,-0.1431632419437828,-0.007179682622991191,0.01485515047358058,5.0
0.06106106106106113,2.648298012220296,1.0870968523263667,-0.43866005586947404,-0.3504834622015324,-0.14264381391932354,-0.00685397888438538,0.014863262172539693,5.0
0.06306306306306309,2.6468312625371464,1.0875244006927287,-0.439885982929403,-0.350721275573567,-0.14212293290928105,-0.006531433051832834,0.014869706892169054,5.0
0.06506506506506504,2.6453713275035375,1.0879480203175584,-0.44110920918424595,-0.35095379707768204,-0.14160064605362105,-0.006212028885648352,0.014874511307154746,5.0
0.067067067067067,2.643918152192903,1.0883677423122868,-0.4423297351453328,-0.3511810525283239,-0.1410770000803048,-0.00589575017109791,0.014877701759400775,5.0
0.06906906906906896,2.6424716815985456,1.0887835978674492,-0.4435475613266204,-0.3514030678115603,-0.14055204130518872,-0.005582580719708488,0.014879304267786258,5.0
0.07107107107107113,2.6410318606505556,1.089195618241249,-0.4447626882499613,-0.3516198688872116,-0.14002581563177885,-0.005272504370060776,0.014879344537522397,5.0
0.07307307307307309,2.639598634232942,1.0896038347480141,-0.4459751164502738,-0.3518314817906796,-0.1394983685508603,-0.00496550498813161,0.014877847969103478,5.0
0.07507507507507505,2.6381719472008918,1.090008278746585,-0.44718484648057416,-0.35203793263447053,-0.13896974514001947,-0.004661566467248293,0.014874839666848645,5.0
0.077077077077077,2.636751744398058,1.0904089816287017,-0.4483918789168648,-0.3522392476094235,-0.13843999006307792,-0.004360672727713132,0.014870344447034178,5.0
0.07907907907907896,2.635337970673825,1.0908059748074286,-0.4495962143628446,-0.35243545298564233,-0.13790914756945558,-0.004062807716152636,0.014864386845617203,5.0
0.08108108108108114,2.6339305709004743,1.0911992897056675,-0.4507978534544274,-0.3526265751131396,-0.13737726149348112,-0.003767955404642795,0.01485699112555437,5.0
0.0830830830830831,2.6325294899902074,1.0915889577447857,-0.45199679686404026,-0.3528126404221916,-0.13684437525366727,-0.0034760997896585884,0.01484818128371959,5.0
0.08508508508508505,2.63113467291198,1.0919750103333887,-0.45319304530467763,-0.35299367542340876,-0.13631053185196762,-0.003187224890893483,0.014837981057426508,5.0
0.08708708708708701,2.629746064708108,1.0923574788562778,-0.45438659953369137,-0.3531697067075246,-0.13577577387303566,-0.002901314749992325,0.014826413930562369,5.0
0.08908908908908897,2.6283636105106183,1.0927363946635926,-0.4555774603562825,-0.3533407609449038,-0.13524014348350247,-0.002618353429239289,0.01481350313933996,5.0
0.09109109109109115,2.626987255557326,1.0931117890601865,-0.4567656286286657,-0.3535068648847669,-0.13470368243129394,-0.002338325010240934,0.014799271677675183,5.0
0.0930930930930931,2.6256169452076117,1.0934836932952188,-0.4579511052608797,-0.3536680453541385,-0.1341664320450078,-0.002061213592643008,0.014783742302198246,5.0
0.09509509509509506,2.6242526249579,1.093852138552007,-0.45913389121919623,-0.35382432925650725,-0.13362843323337256,-0.001787003292919245,0.014766937536905757,5.0
0.09709709709709702,2.6228942404568243,1.0942171559381233,-0.4603139875280983,-0.3539757435702036,-0.13308972648481102,-0.0015156782432694425,0.014748879677461824,5.0
0.0990990990990992,2.6215417375200882,1.094578776475766,-0.4614913952717746,-0.3541223153464858,-0.13255035186713499,-0.0012472225906639928,0.014729590795155534,5.0
0.10110110110110115,2.620195062145016,1.0949370310923894,-0.46266611559508525,-0.3542640717073313,-0.1320103490273972,-0.0009816204960722149,0.014709092740522227,5.0
0.10310310310310311,2.6188541605248172,1.0952919506116174,-0.46383814970394155,-0.3544010398429255,-0.13146975719193033,-0.0007188561339122592,0.014687407146635275,5.0
0.10510510510510507,2.617518979062569,1.095643565744428,-0.46500749886503906,-0.35453324700884076,-0.13092861516660603,-0.0004589136917607866,0.01466455543207506,5.0
0.10710710710710702,2.616189464384938,1.0959919070806092,-0.46617416440487364,-0.3546607205228936,-0.13038696133734898,-0.00020177737036194057,0.014640558803581144,5.0
0.1091091091091092,2.6148655633556763,1.0963370050804973,-0.467338147707969,-0.35478348776167185,-0.12984483367094354,5.256861602392674e-05,0.014615438258393084,5.0
0.11111111111111116,2.613547223088899,1.0966788900669884,-0.4684994502142324,-0.3549015761567166,-0.12930226971617792,0.0003041400388896227,0.01458921458628526,5.0
0.11311311311311312,2.6122343909622012,1.0970175922178043,-0.4696580734153393,-0.35501501319034495,-0.12875930660536875,0.0005529526543247739,0.014561908371299795,5.0
0.11511511511511507,2.6109270146296337,1.0973531415580413,-0.4708140188500595,-0.3551238263910992,-0.1282159810563196,0.0007990222013881651,0.01453353999318218,5.0
0.11711711711711703,2.609625042034587,1.0976855679529613,-0.4719672880984027,-0.35522804332880265,-0.1276723293747671,0.0010423643999608475,0.014504129628523064,5.0
0.11911911911911921,2.60832842142263,1.0980149011010418,-0.4731178827744707,-0.35532769160920513,-0.12712838745737656,0.0012829949480297515,0.014473697251609552,5.0
0.12112112112112117,2.6070371013543565,1.0983411705272705,-0.47426580451788225,-0.35542279886819955,-0.12658419079535088,0.0015209295183495324,0.014442262634989178,5.0
0.12312312312312312,2.605751030718289,1.0986644055766657,-0.4754110549836294,-0.35551339276558336,-0.1260397744787276,0.001756183754427505,0.014409845349749513,5.0
0.12512512512512508,2.6044701587439065,1.0989846354080368,-0.47655363583021476,-0.3555995009783508,-0.12549517320143913,0.001988773265774106,0.01437646476551626,5.0
0.12712712712712704,2.603194435014861,1.099301888987948,-0.47769354870589986,-0.35568115119348637,-0.12495042126722206,0.0022187136223588747,0.014342140050172994,5.0
0.12912912912912922,2.6019238094824484,1.0996161950848948,-0.4788307952328917,-0.35575837110024033,-0.12440555259646693,0.0024460203482092216,0.014306890169305695,5.0
0.13113113113113117,2.60065823247941,1.0999275822636767,-0.47996537698927577,-0.3558311883818619,-0.1238606007341056,0.002670708914087241,0.014270733885376103,5.0
0.13313313313313313,2.599397654734145,1.1002360788799515,-0.48109729548849983,-0.35589963070676983,-0.12331559885864364,0.0028927947291772877,0.014233689756628419,5.0
0.1351351351351351,2.598142027385413,1.1005417130749642,-0.48222655215618265,-0.3559637257191338,-0.12277057979244861,0.0031122931317151873,0.014195776135734698,5.0
0.13713713713713704,2.596891301997619,1.1008445127704383,-0.4833531483040361,-0.35602350102885133,-0.12222557601341703,0.0033292193784883913,0.014157011168185797,5.0
0.13913913913913922,2.5956454305767673,1.1011445056636122,-0.4844770851006536,-0.3560789842008972,-0.12168061966814786,0.003543588633134919,0.014117412790436018,5.0
0.14114114114114118,2.594404365587177,1.1014417192224248,-0.4855983635389203,-0.35613020274403123,-0.12113574258675854,0.003755415953168311,0.01407699872781145,5.0
0.14314314314314314,2.593168059969068,1.101736180680814,-0.4867169843997848,-0.35617718409885085,-0.12059097629948852,0.0039647162756554655,0.01403578649219416,5.0
0.1451451451451451,2.5919364671571063,1.1020279170341385,-0.487832948212124,-0.35621995562517683,-0.12004635205524074,0.004171504401474719,0.013993793379496756,5.0
0.14714714714714705,2.590709541100021,1.1023169550347032,-0.4889462552084229,-0.3562585445887694,-0.11950190084222181,0.004375794978082502,0.013951036466944814,5.0
0.14914914914914923,2.5894872362813883,1.1026033211873738,-0.490056905275987,-0.3562929781473753,-0.1189576534108454,0.0045776024807191,0.0139075326101877,5.0
0.1511511511511512,2.5882695077417046,1.102887041745275,-0.49116489790339457,-0.35632328333610874,-0.11841364029907188,0.004776941191986676,0.013863298440261755,5.0
0.15315315315315314,2.587056311101844,1.1031681427055622,-0.49227023212189563,-0.3563494870521857,-0.11786989186036367,0.004973825179736777,0.013818350360434129,5.0
0.1551551551551551,2.58584760258801,1.1034466498052555,-0.49337290644146253,-0.356371616039028,-0.11732643829443791,0.005168268273209512,0.013772704542959244,5.0
0.15715715715715706,2.5846433390582932,1.1037225885171302,-0.49447291878119626,-0.3563896968697726,-0.11678330968100727,0.005360284037372575,0.013726376925785117,5.0
0.15915915915915924,2.583443478030935,1.1039959840456544,-0.49557026639379276,-0.35640375593022544,-0.11624053601669794,0.0055498857454160735,0.013679383209251189,5.0
0.1611611611611612,2.5822479777143976,1.104266861322969,-0.4966649457837892,-0.35641381940131367,-0.11569814725533992,0.005737086349367524,0.013631738852825074,5.0
0.16316316316316315,2.581056797039341,1.1045352450049035,-0.49775695261930286,-0.3564199132410995,-0.11515617335182286,0.005921898448801689,0.013583459071930745,5.0
0.1651651651651651,2.5798698956926005,1.1048011594670333,-0.49884628163700584,-0.3564220631664357,-0.11461464430971247,0.0061043342576315536,0.013534558834926873,5.0
0.16716716716716706,2.578687234153243,1.1050646288007615,-0.4999329265400755,-0.35642029463435543,-0.11407359023281799,0.006284405568979817,0.013485052860300101,5.0
0.16916916916916924,2.577508773730788,1.1053256768094388,-0.5010168798888994,-0.3564146328233026,-0.1135330413808984,0.0064621237181447504,0.013434955614143746,5.0
0.1711711711711712,2.576334476605654,1.10558432700452,-0.5020981329843144,-0.3564051026143284,-0.1129930282296883,0.006637499543690381,0.013384281307999181,5.0
0.17317317317317316,2.5751643058718945,1.1058406026017595,-0.5031766757432091,-0.3563917285723922,-0.11245358153541662,0.0068105433467085304,0.01333304389714306,5.0
0.1751751751751751,2.5739982255822587,1.1060945265174522,-0.5042524965663326,-0.3563745349279294,-0.1119147324039811,0.0069812648483192265,0.013281257079409964,5.0
0.17717717717717707,2.572836200795621,1.1063461213647345,-0.5053255821981947,-0.3563535455588556,-0.1113765123649262,0.007149673145496269,0.013228934294645708,5.0
0.17917917917917925,2.571678197626785,1.1065954094499493,-0.5063959175789857,-0.3563287839732097,-0.11083895345036085,0.007315776665326567,0.013176088724892782,5.0
0.1811811811811812,2.5705241832986614,1.1068424127690952,-0.507463485688482,-0.35630027329264224,-0.1103020882789297,0.007479583117834348,0.013122733295414232,5.0
0.18318318318318316,2.5693741261968084,1.1070871530043722,-0.5085282673819491,-0.356268036236984,-0.10976595014493448,0.007641099447525627,0.013068880676667203,5.0
0.18518518518518512,2.5682279959262884,1.1073296515208448,-0.5095902412181195,-0.35623209511014464,-0.10923057311267483,0.007800331783832613,0.013014543287341971,5.0
0.18718718718718708,2.567085763370783,1.1075699293632464,-0.5106493832793597,-0.3561924717876094,-0.10869599211605557,0.007957285390663343,0.012959733298585121,5.0
0.18918918918918926,2.5659474007538896,1.1078080072529448,-0.5117056669842169,-0.3561491877058161,-0.10816224306347408,0.008111964615287565,0.012904462639528685,5.0
0.1911911911911912,2.564812881702483,1.1080439055851066,-0.512759062892589,-0.35610226385371874,-0.10762936294797107,0.008264372836815892,0.012848743004248077,5.0
0.19319319319319317,2.5636821813120276,1.1082776444260725,-0.5138095385038288,-0.3560517207668479,-0.10709738996259385,0.008414512414555172,0.012792585860272343,5.0
0.19519519519519513,2.5625552762136774,1.108509243510997,-0.514857058048167,-0.3559975785242025,-0.10656636362088102,0.008562384636548624,0.012736002458769382,5.0
0.19719719719719708,2.561432144642982,1.1087387222417688,-0.5159015822719039,-0.35593985674830875,-0.10603632488233983,0.008707989668633934,0.012679003846526366,5.0
0.19919919919919926,2.5603127665100014,1.1089660996852648,-0.5169430682168956,-0.35587857460880024,-0.1055073162827426,0.008851326504376752,0.01262160087984183,5.0
0.20120120120120122,2.559197123470593,1.1091913945719636,-0.517981468994929,-0.3558137508298712,-0.10497938206902428,0.00899239291625871,0.01256380424044034,5.0
0.20320320320320318,2.558085198998612,1.1094146252949664,-0.5190167335576626,-0.3557454037019664,-0.10445256833851702,0.009131185408520554,0.012505624453513818,5.0
0.20520520520520513,2.5569769784587466,1.109635809909466,-0.5200488064628761,-0.355673551098066,-0.1039269231822072,0.00926769917207911,0.012447071907984168,5.0
0.2072072072072071,2.5558724491796743,1.1098549661327084,-0.5210776276378478,-0.35559821049492457,-0.10340249683165105,0.009401928041952804,0.01238815687907135,5.0
0.20920920920920927,2.5547716005272125,1.110072111344485,-0.5221031321407505,-0.35551939899961205,-0.10287934180913437,0.009533864457644096,0.012328889553238102,5.0
0.21121121121121122,2.5536744239771023,1.1102872625882094,-0.5231252499210239,-0.3554371333817027,-0.10235751308060753,0.009663499426936754,0.012269280055567959,5.0
0.21321321321321318,2.5525809131870525,1.1105004365726157,-0.524143905579751,-0.3553514301114317,-0.10183706821087735,0.009790822493572831,0.012209338479616447,5.0
0.21521521521521514,2.551491064067641,1.110711649674122,-0.5251590181311219,-0.35526230540413023,-0.1013180675204829,0.009915821709276585,0.012149074919756987,5.0
0.21721721721721732,2.5504048748516666,1.110920917939907,-0.5261705007661306,-0.35516977527122123,-0.10080057424363228,0.010038483610591287,0.012088499506022587,5.0
0.21921921921921927,2.5493223461615115,1.1111282570917365,-0.5271782606197042,-0.3550738555780311,-0.10028465468652613,0.010158793200988983,0.012027622441422345,5.0
0.22122122122122123,2.5482434810740737,1.1113336825305793,-0.5281821985424971,-0.35497456210863815,-0.09977037838534447,0.010276733938702735,0.011966454041688064,5.0
0.2232232232232232,2.547168285182819,1.1115372093420466,-0.5291822088786414,-0.3548719106379455,-0.09925781826312827,0.010392287730715679,0.011905004777381134,5.0
0.22522522522522515,2.546096766656478,1.1117388523026994,-0.5301781792507593,-0.35476591701112176,-0.0987470507847414,0.010505434933321381,0.011843285318263244,5.0
0.22722722722722732,2.545028936293937,1.1119386258872332,-0.5311699903535702,-0.35465659723050463,-0.09823815610905873,0.010616154359644534,0.011781306579807261,5.0
0.22922922922922928,2.54396480757484,1.112136544276588,-0.5321575157574537,-0.35454396755001766,-0.09773121823748919,0.010724423294481391,0.011719079771695572,5.0
0.23123123123123124,2.542904396705448,1.112332621366983,-0.5331406217233083,-0.35442804457708893,-0.09722632515790942,0.010830217516784169,0.011656616448125049,5.0
0.2332332332332332,2.5418477226592846,1.1125268707799116,-0.5341191670300757,-0.3543088453820134,-0.09672356898305692,0.010933511330074353,0.011593928559708047,5.0
0.23523523523523515,2.540794807212125,1.1127193058730882,-0.5350930028162567,-0.35418638761462484,-0.09622304608240634,0.011034277601025265,0.011531028506729678,5.0
0.23723723723723733,2.5397456749708893,1.1129099397523663,-0.5360619724367433,-0.35406068962809467,-0.09572485720653978,0.011132487806405647,0.011467929193493133,5.0
0.2392392392392393,2.538700353396016,1.113098785284609,-0.5370259113362462,-0.35393177060959846,-0.0952291076030072,0.01122811208852403,0.01140464408345662,5.0
0.24124124124124124,2.5376588728169134,1.11328585511152,-0.537984646940566,-0.35379965071752745,-0.0947359071226712,0.011321119319256551,0.011341187254838537,5.0
0.2432432432432432,2.536621266440117,1.113471161664404,-0.538937998566889,-0.35366435122485523,-0.09424537031553346,0.011411477172682245,0.011277573456342055,5.0
0.24524524524524516,2.535587570349796,1.1136547171798448,-0.5398857773542444,-0.35352589466819345,-0.09375761651504785,0.011499152206287252,0.011213818162626848,5.0
0.24724724724724734,2.5345578235002884,1.1138365337162572,-0.5408277862151734,-0.35338430500201345,-0.09327276990994515,0.01158410995063538,0.011149937629134217,5.0
0.2492492492492493,2.533532067700376,1.114016623171285,-0.5417638198095939,-0.35323960775742863,-0.0927909596026175,0.01166631500733663,0.01108594894585301,5.0
0.25125125125125125,2.5325103475890476,1.1141949973000003,-0.5426936645417466,-0.35309183020487944,-0.09231231965314343,0.011745731155078333,0.011021870089597971,5.0
0.2532532532532532,2.5314927106025307,1.1143716677338387,-0.5436170985810234,-0.3529410015199883,-0.09183698910807515,0.011822321463417008,0.01095771997435966,5.0
0.25525525525525516,2.53047920693242,1.1145466460002267,-0.5445338919073675,-0.35278715295179885,-0.09136511201315715,0.011896048413962157,0.010893518499275648,5.0
0.25725725725725734,2.5294698894747647,1.1147199435428217,-0.5454438063818338,-0.3526303179925525,-0.09089683740920015,0.01196687402851789,0.010829286593767789,5.0
0.2592592592592593,2.5284648137700234,1.1148915717422971,-0.5463465958427827,-0.3524705325481068,-0.09043231931039777,0.012034760003684697,0.01076504625938888,5.0
0.26126126126126126,2.5274640379338407,1.1150615419375947,-0.5472420062280576,-0.35230783510804886,-0.0899717166644425,0.012099667851362787,0.010700820607925137,5.0
0.2632632632632632,2.526467622578645,1.1152298654475536,-0.5481297757233874,-0.3521422669145233,-0.08951519329387436,0.012161559044540197,0.010636633895308008,5.0
0.26526526526526517,2.525475630726103,1.1153965535928327,-0.5490096349371163,-0.351973872128751,-0.08906291781817822,0.012220395167695323,0.010572511550901073,5.0
0.26726726726726735,2.5244881277105247,1.1155616177180234,-0.5498813071012474,-0.35180269799419817,-0.08861506355623416,0.01227613807109376,0.01050848020174338,5.0
0.2692692692692693,2.523505181073355,1.1157250692138652,-0.5507445082986598,-0.3516287949953261,-0.08817180840882033,0.012328750028215032,0.010444567691352,5.0
0.27127127127127126,2.522526860448922,1.115886919539451,-0.5515989477162245,-0.3514522170108486,-0.08773333472096465,0.012378193895506009,0.010380803092711017,5.0
0.2732732732732732,2.521553237441664,1.1160471802443277,-0.5524443279234305,-0.35127302146041595,-0.08729982912404712,0.012424433273624908,0.01031721671510415,5.0
0.2752752752752752,2.520584385495107,1.1162058629903804,-0.5532803451759963,-0.3510912694436507,-0.08687148235765826,0.012467432669313843,0.010253840104481373,5.0
0.27727727727727736,2.5196203797528844,1.116362979573397,-0.5541066897438356,-0.35090702587047934,-0.08644848907133028,0.012507157657017777,0.010190706037087159,5.0
0.2792792792792793,2.5186612969121516,1.1165185419442034,-0.5549230462626087,-0.350720359581716,-0.08603104760636685,0.012543575039355919,0.010127848506119237,5.0
0.28128128128128127,2.5177072150697675,1.116672562229273,-0.5557290941080034,-0.3505313434589017,-0.08561935975811175,0.012576653005546024,0.010065302701230476,5.0
0.2832832832832832,2.516758213561663,1.116825052750688,-0.5565245077917551,-0.35034005452242717,-0.08521363051910608,0.012606361286884159,0.010003104980733942,5.0
0.2852852852852852,2.515814372795839,1.1169760260453752,-0.5573089573783325,-0.3501465740170273,-0.08481406780369902,0.012632671308391998,0.00994129283642025,5.0
0.28728728728728736,2.5148757740794747,1.1171254948834999,-0.5580821089211071,-0.3499509874837856,-0.08442088215478519,0.012655556335759927,0.009879904850947845,5.0
0.2892892892892893,2.5139424994406405,1.1172734722859265,-0.5588436249167366,-0.3497533848178534,-0.0840342864334516,0.012674991616738476,0.009818980647819872,5.0
0.2912912912912913,2.513014631445156,1.1174199715406647,-0.5595931647764137,-0.34955386031115976,-0.08365449549242239,0.012690954516160398,0.009758560834015077,5.0
0.29329329329329323,2.5120922530091314,1.117565006218209,-0.5603303853125507,-0.349352512679467,-0.08328172583429207,0.012703424643813271,0.009698686935394484,5.0
0.2952952952952952,2.5111754472077683,1.1177085901856947,-0.5610549412393961,-0.34914944507320544,-0.08291619525563333,0.01271238397442506,0.009639401325059891,5.0
0.29729729729729737,2.5102642970809983,1.1178507376198006,-0.5617664856860372,-0.34894476507161853,-0.08255812247816072,0.0127178169590742,0.009580747144893906,5.0
0.2992992992992993,2.509358885436561,1.1179914630183299,-0.5624646707201614,-0.3487385846598304,-0.08220772676821396,0.012719710627389235,0.009522768220563632,5.0
0.3013013013013013,2.508459294651129,1.118130781210419,-0.5631491478809336,-0.34853102018856,-0.08186522754590773,0.012718054679961774,0.009465508970320922,5.0
0.30330330330330324,2.5075656064700937,1.1182687073653137,-0.5638195687192812,-0.34832219231628825,-0.08153084398536367,0.012712841570458872,0.009409014307980775,5.0
0.3053053053053052,2.5066779018066336,1.1184052569996783,-0.5644755853438737,-0.3481122259338008,-0.08120479460750717,0.012704066576986455,0.009353329540505358,5.0
0.3073073073073074,2.5057962605406945,1.118540445983404,-0.5651168509710413,-0.3479012500711211,-0.08088729686696668,0.012691727862324196,0.009298500260663832,5.0
0.30930930930930933,2.5049207613184943,1.118674290543888,-0.5657430204768794,-0.34768939778695457,-0.08057856673466027,0.012675826522722245,0.009244572235277563,5.0
0.3113113113113113,2.504051481353187,1.1188068072687654,-0.5663537509497674,-0.34747680604086656,-0.08027881827769397,0.012656366625022189,0.009191591289595572,5.0
0.31331331331331325,2.5031884962272897,1.1189380131070874,-0.56694870224154,-0.34726361554851337,-0.07998826323822339,0.012633355231936837,0.009139603188376134,5.0
0.3153153153153152,2.502331879697495,1.1190679253689493,-0.5675275375155532,-0.3470499706203452,-0.0797071106129517,0.012606802415395767,0.009088653514277057,5.0
0.3173173173173174,2.501481703502467,1.1191965617235595,-0.5680899237899015,-0.3468360189842912,-0.07943556623494522,0.012576721257934855,0.009038787544178684,5.0
0.31931931931931934,2.5006380371742005,1.1193239401957882,-0.568635532474073,-0.3466219115930281,-0.07917383235944833,0.01254312784217878,0.008990050124081127,5.0
0.3213213213213213,2.4998009478535432,1.1194500791611934,-0.5691640398973463,-0.34640780241651764,-0.07892210725537002,0.012506041228533328,0.008942485543228134,5.0
0.32332332332332325,2.4989705001104183,1.1195749973395754,-0.569675127827284,-0.34619384822057664,-0.0786805848040945,0.012465483421270298,0.008896137408117568,5.0
0.3253253253253252,2.498146755769316,1.1196987137870804,-0.5701684839767001,-0.3459802083323149,-0.078449454107239,0.012421479323250927,0.00885104851705913,5.0
0.3273273273273274,2.497329773740571,1.1198212478868994,-0.570643802497549,-0.34576704439334915,-0.07822889910494486,0.012374056679592935,0.008807260735937182,5.0
0.32932932932932935,2.496519609857931,1.1199426193386184,-0.5711007844602167,-0.3455545201017497,-0.0780190982062391,0.012323246010641886,0.008764814875827184,5.0
0.3313313313313313,2.495716316722915,1.1200628481462631,-0.5715391383167644,-0.34534280094374,-0.07782022393294988,0.012269080534659254,0.008723750573101553,5.0
0.33333333333333326,2.4949199435564116,1.120181954605105,-0.571958580346741,-0.34513205391620655,-0.07763244257859293,0.012211596080686395,0.008684106172642155,5.0
0.3353353353353352,2.494130536057967,1.1202999592872798,-0.5723588350842387,-0.3449224472411132,-0.0774559138835765,0.012150830992085917,0.008645918614754469,5.0
0.3373373373373374,2.4933481362731653,1.1204168830263044,-0.5727396357249503,-0.34471415007294953,-0.07729079072799218,0.012086826021299506,0.008609223326351629,5.0
0.33933933933933935,2.4925727824694937,1.1205327469005375,-0.5731007245120635,-0.34450733220035434,-0.07713721884317343,0.012019624216393637,0.008574054116946452,5.0
0.3413413413413413,2.4918045090210454,1.1206475722156806,-0.5734418530998933,-0.34430216374307643,-0.07699533654311358,0.011949270799992327,0.008540443079955365,5.0
0.34334334334334327,2.491043346302385,1.1207613804863763,-0.5737627828942709,-0.34409881484543714,-0.07686527447673651,0.01187581304121833,0.008508420499781181,5.0
0.3453453453453452,2.490289320591874,1.1208741934169903,-0.5740632853687575,-0.34389745536745403,-0.07674715540191283,0.01179930012128202,0.008478014765102215,5.0
0.3473473473473474,2.4895424539847135,1.1209860328816512,-0.5743431423558772,-0.343698254574784,-0.07664109398200909,0.011719782993369773,0.00844925228875296,5.0
0.34934934934934936,2.4888027643159343,1.1210969209036252,-0.5746021463126331,-0.3435013808286167,-0.0765471966056482,0.011637314237491859,0.008422157434537626,5.0
0.3513513513513513,2.4880702650935302,1.1212068796341144,-0.5748401005596817,-0.3433070012766394,-0.07646556123024917,0.011551947910953419,0.008396752451272664,5.0
0.35335335335335327,2.4873449654418844,1.1213159313305419,-0.5750568194936387,-0.34311528154615234,-0.07639627724980035,0.011463739395111465,0.008373057414307643,5.0
0.35535535535535545,2.4866268700556153,1.1214240983344193,-0.575252128772071,-0.34292638544039045,-0.07633942538720669,0.011372745239076165,0.008351090174726877,5.0
0.3573573573573574,2.485915979163928,1.1215314030488606,-0.5754258654708668,-0.3427404746390626,-0.07629507761143804,0.011279023001006345,0.008330866316386798,5.0
0.35935935935935936,2.4852122885055064,1.1216378679158299,-0.5755778782137356,-0.3425577084040717,-0.07626329707958951,0.011182631087637321,0.00831239912089657,5.0
0.3613613613613613,2.484515789313964,1.121743515393191,-0.5757080272737269,-0.34237824329134253,-0.07624413810385393,0.011083628592664124,0.00829569954060289,5.0
0.3633633633633633,2.483826468313824,1.1218483679316391,-0.5758161846467412,-0.34220223286961843,-0.07623764614329381,0.010982075134585878,0.008280776179593776,5.0
0.36536536536536546,2.4831443077269446,1.1219524479515814,-0.5759022340971103,-0.342029827447044,-0.07624385782019093,0.010878030694596402,0.00826763528269119,5.0
0.3673673673673674,2.482469285289299,1.122055777820044,-0.5759660711754284,-0.34186117380628916,-0.07626280096064585,0.010771555455084163,0.008256280732358973,5.0
0.36936936936936937,2.4818013742779557,1.1221583798276589,-0.5760076032089145,-0.34169641494891045,-0.07629449465899626,0.010662709639280475,0.008246714053410924,5.0
0.37137137137137133,2.4811405435480767,1.1222602761658178,-0.5760267492646799,-0.34153568984958915,-0.07633894936552342,0.010551553352569161,0.00823893442536361,5.0
0.3733733733733733,2.4804867575797145,1.1223614889040403,-0.5760234400863783,-0.34137913322082053,-0.07639616699682232,0.010438146425943966,0.00823293870224127,5.0
0.37537537537537546,2.4798399765341483,1.122462039967613,-0.5759976180047955,-0.3412268752885674,-0.0764661410681191,0.010322548262072167,0.00822872143960405,5.0
0.3773773773773774,2.479200156319471,1.1225619511155798,-0.5759492368230402,-0.34107904157933483,-0.07654885684673608,0.010204817684394414,0.008226274928538389,5.0
0.3793793793793794,2.4785672486651045,1.1226612439191133,-0.5758782616770689,-0.3409357527190539,-0.07664429152582357,0.010085012789661736,0.008225589236317471,5.0
0.38138138138138133,2.4779412012048723,1.122759939740332,-0.5757846688723726,-0.34079712424410813,-0.07675241441740459,0.009963190804281565,0.008226652253411727,5.0
0.3833833833833833,2.4773219575682583,1.1228580597116156,-0.5756684456977182,-0.3406632664247761,-0.07687318716371015,0.009839407944814962,0.008229449746504356,5.0
0.38538538538538547,2.476709457479425,1.1229556247154544,-0.5755295902169211,-0.3405342841013048,-0.07700656396572111,0.009713719282938578,0.008233965417143963,5.0
0.3873873873873874,2.4761036368635443,1.1230526553648836,-0.5753681110396835,-0.34041027653277106,-0.0771524918277768,0.009586178615155686,0.008240180965646927,5.0
0.3893893893893894,2.4755044279599794,1.1231491719845415,-0.5751840270726049,-0.34029133725884136,-0.07731091081706147,0.009456838337512036,0.008248076159844549,5.0
0.39139139139139134,2.4749117594418277,1.1232451945923863,-0.5749773672515145,-0.3401775539744793,-0.07748175433673796,0.009325749325544431,0.008257628908255788,5.0
0.3933933933933933,2.474325556541304,1.123340742882107,-0.5747481702563474,-0.3400690084176088,-0.07766494941145995,0.009192960819662227,0.008268815337254385,5.0
0.3953953953953955,2.47374574118045,1.123435836206263,-0.5744964842098,-0.339965776269686,-0.07786041698396678,0.009058520316135034,0.008281609871789868,5.0
0.39739739739739743,2.473172232106622,1.1235304935601702,-0.5742223663610709,-0.33986792706909597,-0.07806807222144081,0.008922473463833598,0.008295985319214954,5.0
0.3993993993993994,2.472604945032201,1.1236247335665743,-0.5739258827560038,-0.33977552413724316,-0.0782878248302913,0.008784863966845288,0.008311912955767525,5.0
0.40140140140140135,2.4720437927779755,1.1237185744611162,-0.5736071078949768,-0.3396886245171629,-0.07851957937801872,0.008645733493060363,0.008329362615253109,5.0
0.4034034034034033,2.471488685419615,1.1238120340786195,-0.573266124379914,-0.33960727892445064,-0.07876323562081032,0.008505121588800861,0.008348302779473859,5.0
0.4054054054054055,2.4709395304366812,1.12390512984021,-0.5729030225517879,-0.3395315317102613,-0.0790186888355204,0.008363065599540183,0.008368700669952269,5.0
0.40740740740740744,2.4703962328635938,1.1239978787412845,-0.572517900120004,-0.33946142083610753,-0.07928583015469813,0.00821960059673814,0.008390522340502065,5.0
0.4094094094094094,2.469858695441999,1.124090297340332,-0.5721108617850426,-0.33939697786014567,-0.07956454690334003,0.008074759310793614,0.00841373277020485,5.0
0.41141141141141135,2.469326818773976,1.1241824017486186,-0.5716820188557385,-0.3393382279346163,-0.0798547229360662,0.00792857207009479,0.008438295956359362,5.0
0.4134134134134133,2.4688005014755277,1.124274207620737,-0.5712314888625541,-0.3392851898140759,-0.08015623897344515,0.007781066746125188,0.008464175006979744,5.0
0.4154154154154155,2.46827964032983,1.1243657301460261,-0.5707593951681931,-0.3392378758740331,-0.08046897293622554,0.007632268704562675,0.008491332232431054,5.0
0.41741741741741745,2.46776413043971,1.1244569840408425,-0.5702658665768511,-0.3391962921395758,-0.08079280027626808,0.007482200762287402,0.008519729235803119,5.0
0.4194194194194194,2.4672538653788503,1.1245479835417047,-0.5697510369434082,-0.3391604383235594,-0.08112759430301687,0.007330883150194842,0.008549327001638712,5.0
0.42142142142142136,2.4667487373412316,1.1246387423992739,-0.5692150447837883,-0.3391303078739021,-0.08147322650439438,0.007178333481689717,0.008580085982648335,5.0
0.4234234234234233,2.466248637288358,1.1247292738731813,-0.5686580328876955,-0.33910588802951347,-0.08182956686105688,0.007024566726717114,0.00861196618406102,5.0
0.4254254254254255,2.4657534550938154,1.124819590727675,-0.5680801479348783,-0.33908715988436733,-0.08219648415300378,0.006869595191168019,0.008644927245279772,5.0
0.42742742742742745,2.465263079684764,1.1249097052280825,-0.5674815401160259,-0.33907409845921516,-0.082573846257596,0.006713428501477876,0.008678928518530596,5.0
0.4294294294294294,2.464777399179958,1.124999629138054,-0.5668623627593415,-0.3390666727804135,-0.08296152043809993,0.006556073594218684,0.008713929144214722,5.0
0.43143143143143137,2.4642963010239645,1.1250893737175813,-0.5662227719637801,-0.3390648459653339,-0.08335937362194425,0.006397534710467404,0.00874988812269683,5.0
0.4334334334334333,2.4638196721172263,1.1251789497217612,-0.5655629262398735,-0.3390685753138033,-0.08376727266794615,0.006237813394716509,0.008786764382284916,5.0
0.4354354354354355,2.463347398941695,1.1252683674002801,-0.5648829861590057,-0.33907781240501556,-0.08418508462183757,0.006076908498076507,0.008824516843182134,5.0
0.43743743743743746,2.4628793676817597,1.125357636497588,-0.5641831140119211,-0.3390925031993411,-0.08461267695949787,0.0059148161855046575,0.008863104477215958,5.0
0.4394394394394394,2.462415464340247,1.1254467662537422,-0.5634634734771989,-0.33911258814445494,-0.08504991781737802,0.005751529946779733,0.008902486363176199,5.0
0.4414414414414414,2.461955574849293,1.1255357654058809,-0.562724229300329,-0.3391380022851902,-0.08549667620968038,0.005587040610929037,0.008942621737619501,5.0
0.44344344344344333,2.4614995851759187,1.1256246421902998,-0.5619655469839792,-0.3391686753765247,-0.08595282223193908,0.005421336363801896,0.008983470041025416,5.0
0.4454454454454455,2.4610473814221874,1.1257134043450945,-0.5611875924899502,-0.3392045319990951,-0.0864182272507277,0.005254402768472715,0.009024990959216151,5.0
0.44744744744744747,2.460598849919835,1.1258020591133364,-0.5603905319532488,-0.3392454916766348,-0.08689276407930174,0.005086222788147089,0.009067144459979769,5.0
0.4494494494494494,2.460153877319317,1.1258906132467505,-0.5595745314086438,-0.33929146899473167,-0.08737630713906641,0.004916776811236722,0.009109890824864223,5.0
0.4514514514514514,2.459712350673225,1.1259790730098442,-0.5587397565299751,-0.3393423737202934,-0.08786873260683753,0.004746042678262396,0.009153190676136616,5.0
0.45345345345345334,2.4592741575140815,1.126067444184472,-0.5578863723824433,-0.3393981109211246,-0.08836991854794625,0.004573995710240001,0.009197004998929548,5.0
0.4554554554554555,2.45883918592653,1.1261557320747768,-0.5570145431880056,-0.339458581085012,-0.08887974503531193,0.004400608738201983,0.009241295158622485,5.0
0.4574574574574575,2.4584073246139697,1.126243941512484,-0.5561244321039567,-0.3395236802377342,-0.08939809425468402,0.004225852133506548,0.00928602291353179,5.0
0.45945945945945943,2.4579784629597254,1.1263320768625107,-0.5552162010146962,-0.33959330005941557,-0.08992485059632523,0.004049693838588388,0.009331150423007875,5.0
0.4614614614614614,2.4575524910828506,1.126420142028841,-0.5542900103366128,-0.3396673279986619,-0.0904599007334747,0.0038720993978089975,0.009376640251060993,5.0
0.46346346346346334,2.4571292998886882,1.1265081404606507,-0.553346018835965,-0.3397456473839356,-0.09100313368799604,0.003693031988071171,0.009422455365659579,5.0
0.4654654654654655,2.456708781114348,1.1265960751586206,-0.5523843834595604,-0.3398281375316465,-0.09155444088367162,0.0035124524488707727,0.009468559133864723,5.0
0.4674674674674675,2.4562908273692616,1.1266839486814282,-0.5514052591779898,-0.3399146738504616,-0.09211371618766036,0.003330319311470275,0.009514915312983256,5.0
0.46946946946946944,2.455875332171006,1.1267717631523662,-0.5504087988411067,-0.34000512794136756,-0.09268085594068352,0.0031465888268922553,0.009561488037937632,5.0
0.4714714714714714,2.4554621899765965,1.1268595202660632,-0.5493951530453944,-0.3400993676930519,-0.0932557589765453,0.0029612149924467283,0.009608241805065008,5.0
0.47347347347347357,2.4550512962094646,1.126947221295275,-0.5483644700128119,-0.3401972573722082,-0.09383832663163036,0.0027741495765248435,0.009655141452569004,5.0
0.47547547547547553,2.4546425472823485,1.1270348670977133,-0.5473168954806575,-0.34029865770840684,-0.09442846274504961,0.002585342141411583,0.009702152137856463,5.0
0.4774774774774775,2.4542358406163287,1.1271224581228925,-0.5462525726019583,-0.3404034259732272,-0.09502607365012701,0.0023947400638928635,0.009749239311997273,5.0
0.47947947947947944,2.453831074656258,1.1272099944189584,-0.545171641855836,-0.3405114160533864,-0.09563106815793314,0.002202288553457017,0.009796368691548206,5.0
0.4814814814814814,2.453428148882826,1.1272974756394796,-0.5440742409672755,-0.3406224785176564,-0.09624335753357947,0.0020079306679162945,0.00984350622798141,5.0
0.4834834834834836,2.4530269638215048,1.127384901050193,-0.5429605048356905,-0.34073646067741914,-0.09686285546598582,0.0018116073263025408,0.009890618074955502,5.0
0.48548548548548554,2.4526274210486414,1.1274722695356552,-0.5418305654716442,-0.3408532066407588,-0.09748947803182349,0.0016132573189192344,0.009937670553660335,5.0
0.4874874874874875,2.4522294231949258,1.1275595796058149,-0.5406845519410651,-0.3409725573600602,-0.09812314365432157,0.0014128173144625491,0.00998463011645763,5.0
0.48948948948948945,2.451832873946492,1.1276468294024673,-0.5395225903162723,-0.3410943506731326,-0.09876377305759992,0.0012102218641541936,0.010031463309027246,5.0
0.4914914914914914,2.4514376780438822,1.1277340167055916,-0.5383448036331216,-0.34121842133795316,-0.09941128921716216,0.0010054034028598978,0.010078136731213798,5.0
0.4934934934934936,2.4510437412791117,1.1278211389395518,-0.5371513118535511,-0.34134460106117215,-0.10006561730714228,0.0007982922471977165,0.010124616996750642,5.0
0.49549549549549554,2.450650970491052,1.1279081931791581,-0.5359422318328234,-0.34147271852059774,-0.10072668464485737,0.0005888165906709555,0.010170870692017922,5.0
0.4974974974974975,2.450259273559349,1.1279951761555802,-0.5347176772907402,-0.34160259938192833,-0.1013944206331686,0.00037690249588960995,0.010216864333968819,5.0
0.49949949949949946,2.449868559397068,1.1280820842621007,-0.5334777587861181,-0.34173406631006353,-0.10206875670109515,0.00016247388397255653,0.010262564327334004,5.0
0.5015015015015014,2.44947873794226,1.1281689135597153,-0.5322225836938201,-0.3418669389753775,-0.10274962624307139,-5.45474787504066e-05,0.010307936921188064,5.0
0.5035035035035036,2.449089720148609,1.1282556597825635,-0.5309522561836523,-0.34200103405539195,-0.10343696455716932,-0.00027424199659357415,0.010352948164934322,5.0
0.5055055055055055,2.4487014179753364,1.128342318343194,-0.5296668772004464,-0.3421361652323294,-0.10413070878254664,-0.0004966922627616164,0.010397563863736263,5.0
0.5075075075075075,2.448313744376475,1.1284288843376657,-0.5283665444446878,-0.34227214318707105,-0.10483079783630996,-0.000721983079801884,0.010441749533395201,5.0
0.5095095095095095,2.447926613289658,1.1285153525504763,-0.5270513523530495,-0.3424087755900693,-0.10553717234991454,-0.0009502014820612855,0.010485470354644416,5.0
0.5115115115115114,2.447539939624516,1.1286017174593168,-0.5257213920782596,-0.34254586708980805,-0.10624977460515296,-0.0011814367599330838,0.010528691126801989,5.0
0.5135135135135136,2.4471536392507716,1.1286879732396626,-0.5243767514677337,-0.3426832192993996,-0.10696854846971547,-0.00141578048566924,0.010571376220696108,5.0
0.5155155155155156,2.446767628986101,1.1287741137691776,-0.5230175150404702,-0.34282063078193975,-0.10769343933223738,-0.0016533265405286113,0.010613489530749889,5.0
0.5175175175175175,2.4463818265838055,1.1288601326319554,-0.5216437639617392,-0.3429578970352265,-0.10842439403668662,-0.0018941711430294113,0.01065499442608773,5.0
0.5195195195195195,2.4459961507203434,1.1289460231225708,-0.5202555760151463,-0.3430948104764482,-0.10916136081587897,-0.0021384128780767295,0.010695853700500782,5.0
0.5215215215215214,2.445610520982711,1.129031778249962,-0.5188530255717149,-0.3432311604274284,-0.10990428922385534,-0.002386152726742621,0.010736029521088675,5.0
0.5235235235235236,2.445224857855689,1.1291173907411165,-0.5174361835556671,-0.3433667331009805,-0.11065313006680193,-0.002637494096486848,0.010775483375374706,5.0
0.5255255255255256,2.4448390827089295,1.129202853044578,-0.5160051174066692,-0.3435013115888996,-0.11140783533214567,-0.0028925428516210568,0.010814176016676181,5.0
0.5275275275275275,2.4444531177838384,1.1292881573337514,-0.5145598910383382,-0.3436346758520597,-0.11216835811541924,-0.0031514073438379453,0.010852067407497352,5.0
0.5295295295295295,2.444066886180219,1.1293732955100169,-0.5131005647928883,-0.3437666027130373,-0.1129346525444549,-0.0034141984426493796,0.010889116660702748,5.0
0.5315315315315314,2.4436803118425954,1.1294582592056341,-0.5116271953918543,-0.3438968658516197,-0.11370667370043916,-0.0036810295656033733,0.01092528197822078,5.0
0.5335335335335336,2.4432933195461515,1.1295430397864303,-0.5101398358828768,-0.34402523580347494,-0.1144843775353408,-0.003952016708178541,0.010960520587023823,5.0
0.5355355355355356,2.4429058348821866,1.1296276283542768,-0.5086385355826174,-0.3441514799621948,-0.11526772078521165,-0.004227278473287002,0.010994788672129625,5.0
0.5375375375375375,2.4425177842429986,1.1297120157493306,-0.5071233400159159,-0.34427536258483465,-0.11605666087885588,-0.004506936100350222,0.01102804130637141,5.0
0.5395395395395395,2.442129094806083,1.1297961925520417,-0.505594290851357,-0.34439664480097754,-0.11685115584136177,-0.0047911134939489855,0.011060232376688309,5.0
0.5415415415415414,2.4417396945175365,1.1298801490849144,-0.5040514258334853,-0.3445150846252728,-0.11765116419200303,-0.005079937252085584,0.0110913145066962,5.0
0.5435435435435436,2.441349512074554,1.129963875414008,-0.5024947787119356,-0.34463043697329665,-0.11845664483602796,-0.005373536694134893,0.011121238975308704,5.0
0.5455455455455456,2.4409584769068933,1.1300473613501805,-0.5009243791678125,-0.34474245368049244,-0.11926755694987796,-0.005672043888599507,0.011149955631190422,5.0
0.5475475475475475,2.4405665191571915,1.1301305964500434,-0.4993402527376716,-0.34485088352385296,-0.12008385985940147,-0.005975593680822563,0.01117741280283882,5.0
0.5495495495495495,2.4401735696600197,1.1302135700166387,-0.4977424207355173,-0.3449554722459208,-0.1209055129106624,-0.00628432372084946,0.011203557204106537,5.0
0.5515515515515514,2.439779559919556,1.1302962710998103,-0.4961309001732317,-0.345055962580593,-0.12173247533297375,-0.006598374491665789,0.011228333834992579,5.0
0.5535535535535536,2.439384422085771,1.1303786884962652,-0.494505703679893,-0.34515209428013605,-0.12256470609382818,-0.006917889338073532,0.011251685877548143,5.0
0.5555555555555556,2.4389880889290225,1.1304608107493113,-0.4928668394204509,-0.3452436041427415,-0.12340216374543386,-0.007243014496499587,0.011273554586759956,5.0
0.5575575575575575,2.4385904938129683,1.1305426261482547,-0.49121431101422747,-0.34533022603988833,-0.12424480626260771,-0.007573899126060091,0.011293879176291457,5.0
0.5595595595595595,2.438191570665709,1.1306241227274523,-0.48954811745371957,-0.3454116909427127,-0.1250925908718161,-0.007910695341230425,0.01131259669897818,5.0
0.5615615615615615,2.437791253949094,1.130705288264997,-0.48786825302417514,-0.3454877269465436,-0.1259454738711983,-0.00825355824649373,0.011329641921989195,5.0
0.5635635635635636,2.437389478626123,1.1307861102810215,-0.4861747072243834,-0.3455580592927178,-0.126803410441441,-0.00860264597335967,0.011344947196580052,5.0
0.5655655655655656,2.436986180126404,1.1308665760356138,-0.4844674646891216,-0.3456224103867645,-0.12766635444741464,-0.008958119720160912,0.011358442322374387,5.0
0.5675675675675675,2.4365812943096175,1.1309466725263253,-0.48274650511365186,-0.34568049981202825,-0.12853425823051287,-0.009320143795045826,0.01137005440612107,5.0
0.5695695695695695,2.436174757426982,1.1310263864852537,-0.48101180318063114,-0.3457320443377947,-0.12940707239166543,-0.009688885662593046,0.011379707714880288,5.0
0.5715715715715715,2.435766506080699,1.1311057043756865,-0.4792633284897592,-0.34577675792098883,-0.13028474556502204,-0.010064515994477276,0.011387323523596539,5.0
0.5735735735735736,2.4353564771813874,1.1311846123882963,-0.4775010454904381,-0.34581435170053215,-0.13116722418232482,-0.01044720872461457,0.01139281995701715,5.0
0.5755755755755756,2.4349446079035215,1.1312630964368668,-0.4757249134176602,-0.34584453398347137,-0.1320544522279988,-0.010837141109210956,0.011396111825913335,5.0
0.5775775775775776,2.434530835638897,1.1313411421535287,-0.4739348862312887,-0.3458670102220266,-0.1329463709850027,-0.011234493792130455,0.011397110457554984,5.0
0.5795795795795795,2.434115097948164,1.1314187348835067,-0.4721309125588338,-0.3458814829807556,-0.133842918771482,-0.011639450875987166,0.01139572352038217,5.0
0.5815815815815815,2.433697332510476,1.1314958596793465,-0.4703129356417569,-0.3458876518930833,-0.13474403066826487,-0.012052199999351929,0.011391854842804553,5.0
0.5835835835835836,2.4332774770713015,1.131572501294614,-0.46848089328527776,-0.34588521360650476,-0.1356496382372317,-0.012472932420447462,0.011385404226044239,5.0
0.5855855855855856,2.43285546938846,1.1316486441770535,-0.4666347178115843,-0.3458738617158417,-0.13655966923057228,-0.012901843107687171,0.011376267250920375,5.0
0.5875875875875876,2.43243124717645,1.1317242724611865,-0.464774336016285,-0.3458532866839998,-0.1374740472909259,-0.013339130837391994,0.011364335078452237,5.0
0.5895895895895895,2.4320047480491276,1.1317993699603326,-0.46289966912786906,-0.34582317574975063,-0.13839269164237045,-0.013784998298998364,0.011349494244134083,5.0
0.5915915915915915,2.4315759094608036,1.131873920158053,-0.46101063276988136,-0.34578321282213886,-0.13931551677219634,-0.01423965220804773,0.011331626445709014,5.0
0.5935935935935936,2.431144668645832,1.1319479061989757,-0.45910713692544974,-0.34573307836119266,-0.14024243210336307,-0.014703303427225367,0.011310608324241007,5.0
0.5955955955955956,2.430710962556736,1.1320213108790078,-0.4571890859037447,-0.3456724492446939,-0.14117334165749681,-0.015176167095693619,0.011286311238253513,5.0
0.5975975975975976,2.4302747278009478,1.1320941166349066,-0.4552563783078935,-0.34560099862083193,-0.14210814370824076,-0.015658462766942847,0.011258601030672262,5.0
0.5995995995995995,2.4298359005761934,1.1321663055331883,-0.4533089070038178,-0.3455183957466474,-0.14304673042472477,-0.016150414555362376,0.011227337788276124,5.0
0.6016016016016015,2.42939441660458,1.132237859258358,-0.4513465590894124,-0.3454243058122246,-0.14398898750486805,-0.016652251291714108,0.01119237559332614,5.0
0.6036036036036037,2.428950211065407,1.1323087591004326,-0.4493692158634417,-0.3453183897506664,-0.14493479379817847,-0.017164206687673805,0.011153562267008282,5.0
0.6056056056056056,2.4285032185267292,1.132378985941732,-0.4473767527934874,-0.345200304033925,-0.14588402091765731,-0.017686519509589164,0.011110739104290062,5.0
0.6076076076076076,2.428053372875673,1.1324485202429022,-0.4453690394822468,-0.3450697004546207,-0.1468365328403639,-0.018219433761589965,0.011063740599755791,5.0
0.6096096096096095,2.4276006072475,1.1325173420281436,-0.44334593963145286,-0.3449262258940091,-0.14779218549614212,-0.018763198878175034,0.011012394163949923,5.0
0.6116116116116117,2.4271448539533984,1.132585430869596,-0.44130731100266063,-0.3447695220762951,-0.14875082634395254,-0.019318069926391446,0.01095651982972269,5.0
0.6136136136136137,2.4266860444069573,1.1326527658708394,-0.43925300537412365,-0.3445992253095043,-0.1497122939352057,-0.01988430781771616,0.01089592994803703,5.0
0.6156156156156156,2.426224109049262,1.1327193256494597,-0.43718286849296634,-0.3444149662131378,-0.15067641746343466,-0.02046217952974633,0.010830428872661434,5.0
0.6176176176176176,2.425758977272539,1.1327850883186161,-0.43509674002185,-0.34421636943283634,-0.15164301629959825,-0.021051958337804117,0.01075981263313909,5.0
0.6196196196196195,2.4252905773422384,1.1328500314675574,-0.43299445347931714,-0.34400305334227305,-0.1526118995122558,-0.02165392405656349,0.010683868595389698,5.0
0.6216216216216217,2.4248188363174332,1.1329141321410037,-0.4308758361729938,-0.34377462973246886,-0.1535828653718077,-0.02226836329181055,0.01060237510926736,5.0
0.6236236236236237,2.4243436799693834,1.1329773668173202,-0.4287407091248247,-0.3435307034887077,-0.15455570083795245,-0.0228955697024546,0.010515101142363842,5.0
0.6256256256256256,2.4238650326980817,1.1330397113854005,-0.42658888698751585,-0.343270872255181,-0.15553018102946883,-0.023535844272915545,0.01042180589931454,5.0
0.6276276276276276,2.4233828174465804,1.1331011411201586,-0.4244201779513542,-0.34299472608745635,-0.1565060686753926,-0.024189495596021716,0.010322238425830136,5.0
0.6296296296296295,2.4228969556128432,1.133161630656534,-0.42223438364057825,-0.34270184709280277,-0.15748311354662153,-0.024856840166562595,0.010216137196644253,5.0
0.6316316316316317,2.422407366958863,1.133221153961892,-0.4200312989984625,-0.34239180905834926,-0.1584610518669487,-0.025538202685651046,0.010103229686532893,5.0
0.6336336336336337,2.421913969516723,1.1332796843067061,-0.41781071216029153,-0.3420641770669853,-0.15943960570249274,-0.02623391637605975,0.009983231923526561,5.0
0.6356356356356356,2.4214166794912515,1.133337194233389,-0.41557240431337744,-0.34171850710083523,-0.16041848232846664,-0.026944323308705727,0.009855848023400024,5.0
0.6376376376376376,2.4209154111588878,1.1333936555231352,-0.4133161495432822,-0.34135434563205885,-0.1613973735721998,-0.027669774740463792,0.00972076970448686,5.0
0.6396396396396395,2.420410076762313,1.1334490391606136,-0.41104171466539036,-0.34097122920064515,-0.16237595513130834,-0.028410631463494315,0.009577675781826436,5.0
0.6416416416416417,2.4199005864003764,1.133503315296357,-0.40874885904096947,-0.34056868397877865,-0.16335388586588484,-0.029167264166271613,0.009426231639609223,5.0
0.6436436436436437,2.419386847912792,1.1335564532066484,-0.40643733437683044,-0.34014622532125294,-0.1643308070635622,-0.029940053806494595,0.009266088680841323,5.0
0.6456456456456456,2.418868766759024,1.1336084212507203,-0.40410688450769366,-0.33970335730131995,-0.16530634167629563,-0.030729391996051188,0.009096883753101285,5.0
0.6476476476476476,2.418346245890756,1.1336591868250294,-0.4017572451603233,-0.339239572231249,-0.16628009352768627,-0.03153568139818906,0.008918238549210008,5.0
0.6496496496496496,2.417819185617242,1.1337087163143753,-0.39938814369847286,-0.3387543501667683,-0.16725164648966678,-0.03235933613701884,0.008729758981577442,5.0
0.6516516516516517,2.417287483462833,1.1337569750395775,-0.39699929884763974,-0.3382471583944475,-0.16822056362736076,-0.03320078221943583,0.008531034528927598,5.0
0.6536536536536537,2.416751034015866,1.133803927201422,-0.39459042039858017,-0.337717450900964,-0.1691863863109198,-0.03406045796949515,0.008321637554033716,5.0
0.6556556556556556,2.41620972876807,1.1338495358205378,-0.39216120888848494,-0.3371646678230768,-0.17014863329314728,-0.03493881447520743,0.008101122591019012,5.0
0.6576576576576576,2.415663455943556,1.1338937626728425,-0.3897113552586513,-0.33658823487700373,-0.1711067997517165,-0.035836316047635534,0.007869025600691951,5.0
0.6596596596596596,2.415112100316387,1.133936568220147,-0.3872405404874136,-0.3359875627657654,-0.1720603562947976,-0.03675344069206633,0.007624863192288658,5.0
0.6616616616616617,2.4145555430156413,1.1339779115354813,-0.3847484351970136,-0.33536204656292057,-0.17300874792892285,-0.03769068059089774,0.007368131809886094,5.0
0.6636636636636637,2.413993661316787,1.1340177502226543,-0.38223469923300263,-0.33471106507097165,-0.1739513929879329,-0.03864854259772011,0.007098306881626259,5.0
0.6656656656656657,2.413426328418078,1.134056040329508,-0.3796989812146541,-0.33403398015255464,-0.17488768202187113,-0.03962754874187335,0.006814841929752033,5.0
0.6676676676676676,2.4128534132005743,1.1340927362543032,-0.37714091805476396,-0.3333301360323728,-0.17581697664472667,-0.040628236742526,0.0065171676392962565,5.0
0.6696696696696696,2.412274779970269,1.1341277906445828,-0.3745601344470736,-0.3325988585676362,-0.17673860833996144,-0.04165116053103688,0.006204690883084443,5.0
0.6716716716716717,2.4116902881806475,1.1341611542878378,-0.3719562423194163,-0.3318394544845836,-0.17765187722280762,-0.042696890780021986,0.005876793700504574,5.0
0.6736736736736737,2.4110997921338724,1.134192775993224,-0.369328840250534,-0.3310512105784467,-0.17855605075838404,-0.04376601543714601,0.005532832227260872,5.0
0.6756756756756757,2.4105031406586055,1.1342226024635098,-0.366677512848336,-0.3302333928739779,-0.17945036243475018,-0.04485914026117812,0.005172135573057407,5.0
0.6776776776776776,2.409900176762306,1.1342505781563803,-0.36400183008718806,-0.3293852457434087,-0.18033401039010746,-0.04597688935728536,0.004794004643846737,5.0
0.6796796796796796,2.4092907372556382,1.1342766451341209,-0.36130134660161767,-0.328505990978416,-0.18120615599346165,-0.04711990570786551,0.004397710904921707,5.0
0.6816816816816818,2.4086746523464018,1.1343007429006462,-0.3585756009335977,-0.3275948268123573,-0.18206592237818708,-0.04828885169442944,0.003982495080718578,5.0
0.6836836836836837,2.4080517452001717,1.1343228082247327,-0.3558241147303372,-0.3266509268886805,-0.18291239292808165,-0.049484409605109664,0.0035475657867281444,5.0
0.6856856856856857,2.4074218314645717,1.1343427749482065,-0.35304639188923853,-0.32567343917100877,-0.1837446097156724,-0.05070728212126998,0.003092098088368271,5.0
0.6876876876876876,2.406784718753835,1.1343605737777434,-0.3502419176464025,-0.3246614847899621,-0.18456157189273842,-0.05195819277539754,0.0026152319810465287,5.0
0.6896896896896896,2.406140206090007,1.1343761320587984,-0.34741015760475286,-0.3236141568212585,-0.18536223403324645,-0.05323788637093345,0.0021160707849215356,5.0
0.6916916916916918,2.4054880832968277,1.1343893735300468,-0.344550556697517,-0.32253051898907065,-0.18614550442917144,-0.05454712935290762,0.0015936794470427257,5.0
0.6936936936936937,2.4048281303419827,1.1344002180565882,-0.3416625380824292,-0.32140960428795623,-0.18691024333997927,-0.05588671011613837,0.0010470827425930593,5.0
0.6956956956956957,2.40416011662304,1.1344085813399782,-0.3387455019616263,-0.320250413515934,-0.18765526119690862,-0.05725743923528444,0.00047526336586121233,5.0
0.6976976976976976,2.4034838001919856,1.134414374603007,-0.3357988243217666,-0.3190519137104256,-0.18837931676358763,-0.0586601495981348,-0.0001228400996935826,5.0
0.6996996996996996,2.402798926912827,1.1344175042469273,-0.3328218555884145,-0.3178130364778064,-0.18908111525498053,-0.06009569642011072,-0.0007483353443702767,5.0
0.7017017017017018,2.4021052295462564,1.134417871478668,-0.3298139191882131,-0.31653267620618547,-0.18975930641716796,-0.061564957113954814,-0.0014023786418944455,5.0
0.7037037037037037,2.4014024267548435,1.1344153719053323,-0.32677431001177504,-0.315209688149747,-0.1904124825710379,-0.06306883098388065,-0.002086177321467853,5.0
0.7057057057057057,2.400690222021678,1.1344098950930601,-0.3237022927695855,-0.3138428863715009,-0.19103917662359446,-0.06460823870794165,-0.002800992419997131,5.0
0.7077077077077076,2.3999683024747696,1.1344013240871018,-0.3205971002324944,-0.31243104152957424,-0.19163786005128783,-0.06618412156589508,-0.003548141534740116,5.0
0.7097097097097096,2.399236337608882,1.1343895348896462,-0.3174579313475912,-0.3109728784902012,-0.1922069408605122,-0.06779744036222476,-0.004329001899355435,5.0
0.7117117117117118,2.3984939778957948,1.1343743958917023,-0.314283949219385,-0.3094670737482725,-0.19274476153122966,-0.0694491739850374,-0.005145013709408731,5.0
0.7137137137137137,2.397740853273271,1.1343557672549793,-0.3110742789452263,-0.3079122526336554,-0.19324959695050467,-0.07114031753102126,-0.005997683726782444,5.0
0.7157157157157157,2.396976571502245,1.1343335002393986,-0.3078280052928327,-0.3063069862784017,-0.19371965234359112,-0.07287187991427471,-0.006888589196144424,5.0
0.7177177177177176,2.396200716380951,1.13430743647147,-0.3045441702065355,-0.30464978831636147,-0.19415306121103645,-0.0746448808622281,-0.007819382110618051,5.0
0.7197197197197196,2.395412845803831,1.1342774071484185,-0.3012217701274846,-0.3029391112825198,-0.1945478832810242,-0.07646034718469918,-0.00879179386798969,5.0
0.7217217217217218,2.3946124896521632,1.1342432321725011,-0.2978597531114657,-0.3011733426744498,-0.194902102486775,-0.07831930818184861,-0.009807640363062597,5.0
0.7237237237237237,2.3937991475023503,1.1342047192095552,-0.2944570157261769,-0.2993508006324935,-0.1952136249791723,-0.08022279003286042,-0.010868827565915775,5.0
0.7257257257257257,2.392972286136732,1.1341616626653717,-0.2910123997077423,-0.2974697291884941,-0.19548027718471198,-0.08217180897885845,-0.01197735763953721,5.0
0.7277277277277276,2.3921313368406563,1.134113842573018,-0.28752468835386075,-0.2955282930248803,-0.19569980391818778,-0.08416736308002937,-0.013135335653106935,5.0
0.7297297297297298,2.391275692468311,1.1340610233837463,-0.283992602628236,-0.2935245716764311,-0.19586986655793182,-0.08621042228712619,-0.014344976948420718,5.0
0.7317317317317318,2.390404704258531,1.1340029526535624,-0.2804147969477395,-0.2914565530958056,-0.1959880412885138,-0.08830191652019723,-0.015608615215589476,5.0
0.7337337337337337,2.389517678380416,1.1339393596168879,-0.27678985462005323,-0.2893221264905452,-0.19605181741103836,-0.09044272139097458,-0.016928711328829758,5.0
0.7357357357357357,2.3886138721871357,1.1338699536379795,-0.2731162828951858,-0.2871190743232673,-0.19605859571378403,-0.0926336411379312,-0.018307862981920373,5.0
0.7377377377377377,2.3876924901546217,1.1337944225298027,-0.26939250758914685,-0.2848450633475851,-0.1960056868849011,-0.09487538826218847,-0.01974881514301329,5.0
0.7397397397397398,2.386752679479882,1.1337124307287734,-0.26561686723201233,-0.2824976345291445,-0.19589030993279202,-0.09716855925523274,-0.02125447131617229,5.0
0.7417417417417418,2.385793525311016,1.1336236173120717,-0.26178760668541545,-0.2800741916731203,-0.19570959055676376,-0.09951360569201269,-0.02282790554705382,5.0
0.7437437437437437,2.3848140455771474,1.1335275938416567,-0.2579028701658777,-0.27757198854530957,-0.19546055937792983,-0.10191079982067026,-0.02447237503536747,5.0
0.7457457457457457,2.383813185380381,1.133423942015132,-0.2539606936000269,-0.27498811423203184,-0.19514014989463893,-0.10436019360681587,-0.026191333107317902,5.0
0.7477477477477477,2.3827898109015995,1.1333122110969904,-0.2499589962251909,-0.2723194764322909,-0.194745195963086,-0.10686156997807106,-0.027988442143670533,5.0
0.7497497497497498,2.3817427027541087,1.1331919150922107,-0.24589557133354872,-0.26956278231137226,-0.19427242851564955,-0.10941438475344638,-0.02986758583500265,5.0
0.7517517517517518,2.380670548687465,1.1330625296035384,-0.24176807603917783,-0.26671451646458644,-0.19371847110789994,-0.11201769741879077,-0.031832879819997426,5.0
0.7537537537537538,2.3795719354868137,1.1329234882762047,-0.23757401992384256,-0.263770915438311,-0.1930798337178108,-0.11467008850671569,-0.03388867932110817,5.0
0.7557557557557557,2.3784453398093355,1.1327741786650591,-0.23331075238753313,-0.2607279381260775,-0.19235290399050275,-0.1173695608341045,-0.03603958177797927,5.0
0.7577577577577577,2.3772891175097155,1.13261393723295,-0.2289754484909937,-0.25758123119080034,-0.19153393480541797,-0.12011342121198237,-0.03829042162927927,5.0
0.7597597597597598,2.3761014906587326,1.132442042957737,-0.22456509302558922,-0.25432608844699284,-0.19061902660764726,-0.12289813842997692,-0.04064625322184526,5.0
0.7617617617617618,2.3748805308209486,1.1322577086011687,-0.22007646247406817,-0.2509574028497952,-0.1896041023459333,-0.12571917227506224,-0.04311231621498358,5.0
0.7637637637637638,2.373624135987756,1.1320600679164576,-0.21550610442281654,-0.24746960935267573,-0.188484872033263,-0.12857076699531514,-0.045693975637923746,5.0
0.7657657657657657,2.3723299964213536,1.1318481556526507,-0.21085031383316602,-0.24385661637076642,-0.1872567828027282,-0.1314457008583565,-0.048396625732878756,5.0
0.7677677677677677,2.370995540755418,1.131620874625934,-0.206105105344299,-0.24011172285819593,-0.18591494874527031,-0.1343349811332105,-0.051225542579980396,5.0
0.7697697697697699,2.3696178465733655,1.131376939416927,-0.20126618040908048,-0.23622751697703476,-0.1844540526073776,-0.1372274707342952,-0.05418566485251012,5.0
0.7717717717717718,2.3681934867319807,1.1311147776949877,-0.19632888746474636,-0.23219575084854827,-0.18286820833873393,-0.14010942860729492,-0.05728127434629183,5.0
0.7737737737737738,2.3667182592071194,1.1308323546591348,-0.1912881723567268,-0.22800718369029,-0.18115076914242179,-0.142963940273022,-0.0605155374255326,5.0
0.7757757757757757,2.365186705744923,1.130526858036578,-0.18613851460217654,-0.22365138236485393,-0.17929405955905633,-0.14577020713529715,-0.06388985422443731,5.0
0.7777777777777777,2.363591247941192,1.1301941304871332,-0.18087384235593407,-0.21911646336916243,-0.1772890014352064,-0.14850265224464457,-0.06740294297998262,5.0
0.7797797797797799,2.3619206314692844,1.1298276452527554,-0.175487414382426,-0.21438875256005077,-0.1751245912554364,-0.15112978474538674,-0.07104956041320012,5.0
0.7817817817817818,2.3601571219176996,1.1294166576784848,-0.16997164970782042,-0.20945232679543782,-0.17278716860640708,-0.15361274301815547,-0.07481872317167262,5.0
0.7837837837837838,2.3582714541049596,1.1289428735853477,-0.16431787289608005,-0.20428838250925696,-0.17025939008257812,-0.15590340420112678,-0.07869124676425447,5.0
0.7857857857857857,2.356213752132701,1.1283744567127765,-0.15851592176113444,-0.1988743457651425,-0.16751878623615377,-0.1579419002312987,-0.08263635304546882,5.0
0.7877877877877877,2.3538972536204716,1.1276552804960298,-0.15255352953705148,-0.19318258981427613,-0.16453572620069748,-0.15965331024254362,-0.0866070103026991,5.0
0.7897897897897899,2.3511692587040027,1.1266857238978651,-0.14641533695564846,-0.18717854932552902,-0.16127053843675748,-0.16094319559762224,-0.09053355688273297,5.0
0.7917917917917918,2.3477595971048286,1.1252885424928898,-0.14008129949591716,-0.18081790057909095,-0.15766942795345712,-0.16169149470210026,-0.09431501987185108,5.0
0.7937937937937938,2.343190085760781,1.1231486976894287,-0.13352411622302043,-0.1740422964162424,-0.1536586826028295,-0.16174409328617456,-0.09780739103932906,5.0
0.7957957957957957,2.336617912382563,1.1197086031969998,-0.12670510712914276,-0.16677289387944322,-0.14913647874704686,-0.1609011585518937,-0.10080803239359618,5.0
0.7977977977977977,2.3265719119304813,1.1139895695789952,-0.1195677228035963,-0.15890063107843308,-0.14396143939148898,-0.15890122009117294,-0.10303557729018405,5.0
0.7997997997997999,2.310529680188586,1.1042985937330982,-0.11202771561174527,-0.15027212049921163,-0.1379372096944679,-0.155400515383339,-0.10410581652683429,5.0
0.8018018018018018,2.284301546258149,1.0877793781829426,-0.10395942919797235,-0.14067090703954446,-0.13079348730072718,-0.14994980996520066,-0.10350780674602914,5.0
0.8038038038038038,2.2413107738478972,1.0598176965990156,-0.09518013158129127,-0.12979790143865033,-0.12216838041952943,-0.14197952209892278,-0.10059465918147233,5.0
0.8058058058058057,2.172247471675655,1.0135103939434846,-0.08544230713221308,-0.11726709785846165,-0.11160967912241665,-0.13082574808771935,-0.09462658817128307,5.0
0.8078078078078077,2.0663690686384375,0.939897353723922,-0.07446300913434756,-0.10266075139944725,-0.09864103483981419,-0.11587096589915424,-0.08494196770244347,5.0
0.8098098098098099,1.9164085747144466,0.8303808877791092,-0.0620499012915022,-0.08572935483199158,-0.08297983266361526,-0.09691217287755112,-0.07135270249207298,5.0
0.8118118118118118,1.7273039998777249,0.6827393480256566,-0.04838875814658721,-0.0668176873226506,-0.06498539855669222,-0.0747941983462639,-0.05474288269880628,5.0
0.8138138138138138,1.5224214345574434,0.509077211062879,-0.034418419901793056,-0.0473812363985957,-0.04618547515394205,-0.0519554197121661,-0.037444741857229784,5.0
0.8158158158158157,1.336344071929801,0.3374966624782267,-0.021855118515939728,-0.029947104752785354,-0.029204551010162637,-0.03195304229879292,-0.022557148489434624,5.0
0.8178178178178177,1.1952844607307345,0.19861365923403593,-0.01234845636760994,-0.01684355103285433,-0.016428561588246245,-0.017500868026359966,-0.012127194585710443,5.0
0.8198198198198199,1.104311308827338,0.1059944268801397,-0.006347248851570148,-0.008632260742923482,-0.008429526566918323,-0.008803618497686039,-0.006036627120139141,5.0
0.8218218218218218,1.052573611888777,0.053025448648651115,-0.0030765548656690803,-0.004180291469285291,-0.004091685949118456,-0.00422652422644327,-0.0028912956563683003,5.0
0.8238238238238238,1.0255666618109915,0.025592966720110983,-0.0014501129253294354,-0.0019713327867977096,-0.0019349270975281743,-0.0019900024582732117,-0.0013640376145567933,5.0
0.8258258258258258,1.01218584826564,0.01213446086936116,-0.0006765552361621515,-0.0009206857057206803,-0.0009060083363463235,-0.0009308020859933728,-0.0006399434065027982,5.0
0.8278278278278277,1.0057466217674953,0.0057047165309616924,-0.0003148202646754275,-0.0004288310577291149,-0.0004229177744930086,-0.00043429135389039437,-0.00029939883381507805,5.0
0.8298298298298299,1.002695083899566,0.0026709146687730555,-0.00014648060355175352,-0.0001996227917847374,-0.0001972575987723826,-0.00020219814073287737,-0.00013973538371824876,5.0
0.8318318318318318,1.001260246299492,0.0012477937796040526,-6.832331191720207e-05,-9.304656359030292e-05,-9.208583275786176e-05,-9.390792536310227e-05,-6.50192243945664e-05,3.0
0.8338338338338338,1.0005882822991878,0.0005821539926486805,-3.2561361969288604e-05,-4.414508340228723e-05,-4.359303317726955e-05,-4.384756309047138e-05,-3.0171598520278436e-05,0.0
0.8358358358358358,1.000274289864858,0.00027129382227424726,-1.798904277883028e-05,-2.4040950321145585e-05,-2.3328141673125113e-05,-2.2632622095527042e-05,-1.4806385266131559e-05,0.0
0.8378378378378377,1.0001277396334898,0.00012602406642725795,0.0,0.0,0.0,0.0,0.0,0.0
0.8398398398398399,1.0000593957713133,5.853036434470075e-05,0.0,0.0,0.0,0.0,0.0,0.0
0.8418418418418419,1.0000275880215859,2.717280972962197e-05,0.0,0.0,0.0,0.0,0.0,0.0
0.8438438438438438,1.000012804975127,1.2609930998734129e-05,0.0,0.0,0.0,0.0,0.0,0.0
0.8458458458458458,1.0000059406372592,5.849800851495745e-06,0.0,0.0,0.0,0.0,0.0,0.0
0.8478478478478477,1.000002755079711,2.7129134481394237e-06,0.0,0.0,0.0,0.0,0.0,0.0
0.8498498498498499,1.000001277310818,1.2577615731395717e-06,0.0,0.0,0.0,0.0,0.0,0.0
0.8518518518518519,1.0000005919964579,5.829382360824018e-07,0.0,0.0,0.0,0.0,0.0,0.0
0.8538538538538538,1.000000274282668,2.700871620582211e-07,0.0,0.0,0.0,0.0,0.0,0.0
0.8558558558558558,1.0000001270378027,1.2509524458833835e-07,0.0,0.0,0.0,0.0,0.0,0.0
0.8578578578578577,1.0000000588197133,5.792059455481201e-08,0.0,0.0,0.0,0.0,0.0,0.0
0.8598598598598599,1.0000000272250338,2.6809012989458228e-08,0.0,0.0,0.0,0.0,0.0,0.0
0.8618618618618619,1.000000012597074,1.240464608115193e-08,0.0,0.0,0.0,0.0,0.0,0.0
0.8638638638638638,1.0000000058267524,5.737775787917984e-09,0.0,0.0,0.0,0.0,0.0,0.0
0.8658658658658658,1.0000000026942555,2.653127412726144e-09,0.0,0.0,0.0,0.0,0.0,0.0
0.867867867867868,1.0000000012453916,1.2263870830656333e-09,0.0,0.0,0.0,0.0,0.0,0.0
0.8698698698698699,1.0000000005754763,5.666978330982428e-10,0.0,0.0,0.0,0.0,0.0,0.0
0.8718718718718719,1.0000000002658296,2.6177588379351424e-10,0.0,0.0,0.0,0.0,0.0,0.0
0.8738738738738738,1.000000000122753,1.2088193330731026e-10,0.0,0.0,0.0,0.0,0.0,0.0
0.8758758758758758,1.000000000056665,5.580156072755181e-11,0.0,0.0,0.0,0.0,0.0,0.0
0.877877877877878,1.0000000000261486,2.5750391797571173e-11,0.0,0.0,0.0,0.0,0.0,0.0
0.8798798798798799,1.0000000000120624,1.1878822259411188e-11,0.0,0.0,0.0,0.0,0.0,0.0
0.8818818818818819,1.0000000000055624,5.477875374586689e-12,0.0,0.0,0.0,0.0,0.0,0.0
0.8838838838838838,1.0000000000025642,2.5252077843366548e-12,0.0,0.0,0.0,0.0,0.0,0.0
0.8858858858858858,1.0000000000011815,1.1636124195938344e-12,0.0,0.0,0.0,0.0,0.0,0.0
0.887887887887888,1.0000000000005442,5.359491930081664e-13,0.0,0.0,0.0,0.0,0.0,0.0
0.8898898898898899,1.0000000000002505,2.467687041571812e-13,0.0,0.0,0.0,0.0,0.0,0.0
0.8918918918918919,1.0000000000001152,1.1356291570044496e-13,0.0,0.0,0.0,0.0,0.0,0.0
0.8938938938938938,1.0000000000000528,5.220477451999469e-14,0.0,0.0,0.0,0.0,0.0,0.0
0.8958958958958958,1.0000000000000242,2.3973235686183514e-14,0.0,0.0,0.0,0.0,0.0,0.0
0.897897897897898,1.0000000000000109,1.0978147490016893e-14,0.0,0.0,0.0,0.0,0.0,0.0
0.8998998998998999,1.0000000000000049,4.968481528377298e-15,0.0,0.0,0.0,0.0,0.0,0.0
0.9019019019019019,1.000000000000002,2.1831221688953205e-15,0.0,0.0,0.0,0.0,0.0,0.0
0.9039039039039038,1.0000000000000007,8.946922133271952e-16,0.0,0.0,0.0,0.0,0.0,0.0
0.9059059059059058,1.0000000000000002,3.495249171083514e-16,0.0,0.0,0.0,0.0,0.0,0.0
0.907907907907908,1.0,1.2303324154731355e-16,0.0,0.0,0.0,0.0,0.0,0.0
0.9099099099099099,1.0,2.6838075963003168e-17,0.0,0.0,0.0,0.0,0.0,0.0
0.9119119119119119,1.0,6.4329369924658864e-18,0.0,0.0,0.0,0.0,0.0,0.0
0.9139139139139139,1.0,1.4477935542401619e-18,0.0,0.0,0.0,0.0,0.0,0.0
0.9159159159159158,1.0,3.265370508681733e-19,0.0,0.0,0.0,0.0,0.0,0.0
0.917917917917918,1.0,7.205843639470766e-20,0.0,0.0,0.0,0.0,0.0,0.0
0.91991991991992,1.0,1.5876843569363465e-20,0.0,0.0,0.0,0.0,0.0,0.0
0.9219219219219219,1.0,3.5062556629295234e-21,0.0,0.0,0.0,0.0,0.0,0.0
0.9239239239239239,1.0,7.819030004072305e-22,0.0,0.0,0.0,0.0,0.0,0.0
0.9259259259259258,1.0,1.7556792199151756e-22,0.0,0.0,0.0,0.0,0.0,0.0
0.927927927927928,1.0,3.9474414471625025e-23,0.0,0.0,0.0,0.0,0.0,0.0
0.92992992992993,1.0,8.842648176705061e-24,0.0,0.0,0.0,0.0,0.0,0.0
0.9319319319319319,1.0,1.9718579439465427e-24,0.0,0.0,0.0,0.0,0.0,0.0
0.9339339339339339,1.0,4.3848778483455445e-25,0.0,0.0,0.0,0.0,0.0,0.0
0.9359359359359358,1.0,9.744376514868986e-26,0.0,0.0,0.0,0.0,0.0,0.0
0.937937937937938,1.0,2.1664485058671774e-26,0.0,0.0,0.0,0.0,0.0,0.0
0.93993993993994,1.0,4.8189689808890835e-27,0.0,0.0,0.0,0.0,0.0,0.0
0.9419419419419419,1.0,1.071773931696815e-27,0.0,0.0,0.0,0.0,0.0,0.0
0.9439439439439439,1.0,2.3818472053992524e-28,0.0,0.0,0.0,0.0,0.0,0.0
0.9459459459459458,1.0,5.288010834876822e-29,0.0,0.0,0.0,0.0,0.0,0.0
0.947947947947948,1.0,1.1732161955279171e-29,0.0,0.0,0.0,0.0,0.0,0.0
0.94994994994995,1.0,2.6028834132119618e-30,0.0,0.0,0.0,0.0,0.0,0.0
0.9519519519519519,1.0,5.7784422311692485e-31,0.0,0.0,0.0,0.0,0.0,0.0
0.9539539539539539,1.0,1.2842072373455194e-31,0.0,0.0,0.0,0.0,0.0,0.0
0.9559559559559558,1.0,2.857492957278122e-32,0.0,0.0,0.0,0.0,0.0,0.0
0.957957957957958,1.0,6.365228524480146e-33,0.0,0.0,0.0,0.0,0.0,0.0
0.95995995995996,1.0,1.4191213580914124e-33,0.0,0.0,0.0,0.0,0.0,0.0
0.9619619619619619,1.0,3.1658178585528988e-34,0.0,0.0,0.0,0.0,0.0,0.0
0.9639639639639639,1.0,7.064896663148175e-35,0.0,0.0,0.0,0.0,0.0,0.0
0.9659659659659658,1.0,1.576838409883228e-35,0.0,0.0,0.0,0.0,0.0,0.0
0.967967967967968,1.0,3.519275584609618e-36,0.0,0.0,0.0,0.0,0.0,0.0
0.96996996996997,1.0,7.853108166870848e-37,0.0,0.0,0.0,0.0,0.0,0.0
0.9719719719719719,1.0,1.7518771932161844e-37,0.0,0.0,0.0,0.0,0.0,0.0
0.9739739739739739,1.0,3.9066496767904436e-38,0.0,0.0,0.0,0.0,0.0,0.0
0.9759759759759759,1.0,8.708034883070485e-39,0.0,0.0,0.0,0.0,0.0,0.0
0.977977977977978,1.0,1.9401474995167235e-39,0.0,0.0,0.0,0.0,0.0,0.0
0.97997997997998,1.0,4.32053099131605e-40,0.0,0.0,0.0,0.0,0.0,0.0
0.9819819819819819,1.0,9.616560358862843e-41,0.0,0.0,0.0,0.0,0.0,0.0
0.9839839839839839,1.0,2.1393377480513802e-41,0.0,0.0,0.0,0.0,0.0,0.0
0.9859859859859861,1.0,4.7568400339347435e-42,0.0,0.0,0.0,0.0,0.0,0.0
0.987987987987988,1.0,1.057176415099538e-42,0.0,0.0,0.0,0.0,0.0,0.0
0.98998998998999,1.0,2.3484649457636983e-43,0.0,0.0,0.0,0.0,0.0,0.0
0.991991991991992,1.0,5.214990247449784e-44,0.0,0.0,0.0,0.0,0.0,0.0
0.9939939939939939,1.0,1.1576960315360477e-44,0.0,0.0,0.0,0.0,0.0,0.0
0.9959959959959961,1.0,2.5706213308855448e-45,0.0,0.0,0.0,0.0,0.0,0.0
0.997997997997998,1.0,5.763192241780995e-46,0.0,0.0,0.0,0.0,0.0,0.0
1.0,1.0,1.5454352629880288e-46,0.0,0.0,0.0,0.0,0.0,0.0
